update_id,episode_start,episode_end,episode_count,parallel_envs,transition_count,environment_step_count,forced_action_count,forced_action_ratio,worker_step_command_count,worker_local_physical_forced_action_count,worker_local_physical_forced_share,estimated_worker_step_round_trips_avoided,sampling_wall_time_seconds,policy_inference_time_seconds,generation_time_seconds,environment_step_time_seconds,ppo_update_time_seconds,transitions_per_second,reward_phase,candidate_status,policy_loss,value_loss,entropy,loss,approx_kl,clip_fraction,ratio_mean,gradient_norm,gradient_clipped_fraction,gradient_norm_max,return_mean,return_std,advantage_mean,advantage_std,value_prediction_mean,value_prediction_std,pre_update_explained_variance,learning_rate,policy_head_weight_production_processing_time_norm,policy_head_weight_production_reconfiguration_time_norm,policy_head_weight_production_total_reconfiguration_cost_norm,policy_head_weight_production_horizon_slack_norm,policy_head_weight_production_future_configuration_reuse_value_norm,policy_head_weight_production_configuration_opportunity_cost_norm,policy_head_weight_worker_stage_duration_norm,policy_head_weight_worker_fatigue_headroom_ratio,policy_head_weight_worker_total_incremental_cost_norm,policy_head_weight_worker_incremental_load_variance_norm,policy_head_weight_worker_qualification_opportunity_cost_norm,policy_head_weight_worker_recovery_eta_norm,policy_head_weight_worker_remaining_service_capacity_norm,policy_head_gate_production_common,policy_head_gate_production_residual,policy_head_gate_worker_common,policy_head_gate_worker_residual
1,0,9,10,10,2141,2141,0,0.0,2141,0,0.0,0,14.259034100017743,7.666868399974192,6.0732553000270855,1.8621047990163788,20.34902210001019,61.86420836886737,feasibility,feasibility_best,0.00132873109267915,0.020334468764143392,0.5001358775531545,0.006494606598554289,0.00217527016374173,0.02679703351767624,1.0016149335047777,0.6997084952890873,0.47058823529411764,4.180540084838867,0.07866887748241425,0.20536476373672485,0.18412873148918152,0.22537077963352203,-0.10545985400676727,0.03992865979671478,-0.20432400703430176,0.0001,-0.30022263526916504,-0.3001655638217926,-0.3001726567745209,0.3004591166973114,0.19974373281002045,-0.20041829347610474,-0.2996436059474945,0.30003291368484497,-0.24961553514003754,-0.20001497864723206,-0.20020990073680878,-0.14998166263103485,0.15005360543727875,0.017986470833420753,0.017996888607740402,0.01798621006309986,0.01798621006309986
2,10,19,10,10,1911,1911,0,0.0,1911,0,0.0,0,9.597442400001455,6.684598599938909,2.3511397999245673,1.7376472999167163,19.605739099992206,65.43807564256021,feasibility,feasibility_best,0.0008154016065721711,0.007808026302761088,0.4733850916226705,-1.4435523189604282e-05,0.001576331375084313,0.02122159091134866,1.0003408501545588,0.6638708177953958,0.48333333333333334,2.9197850227355957,0.30676543712615967,0.26780080795288086,0.20092938840389252,0.11307860910892487,0.10583601146936417,0.17649348080158234,0.8217058181762695,0.0001,-0.300151526927948,-0.30024129152297974,-0.3001979887485504,0.30031320452690125,0.19958260655403137,-0.20060785114765167,-0.29969078302383423,0.29991477727890015,-0.24934086203575134,-0.20012764632701874,-0.20033428072929382,-0.14999203383922577,0.1499888151884079,0.01800674945116043,0.018007483333349228,0.01798621006309986,0.01798621006309986
3,20,29,10,10,2226,2226,0,0.0,2226,0,0.0,0,11.940142900013598,8.102743500290671,2.9082704999600537,1.7799970001215115,22.880328100000042,63.92791183092061,feasibility,feasibility_best,0.0004448391231042998,0.005791103214557682,0.4638350865670613,-0.0012979603904698575,0.001390521733888558,0.020848214253783227,0.9992146764482771,0.47446776117597306,0.3142857142857143,2.0431978702545166,0.4424148201942444,0.31349658966064453,0.16990092396736145,0.09167417138814926,0.27251389622688293,0.26443636417388916,0.9144877195358276,0.0001,-0.3002408444881439,-0.3008931875228882,-0.3009399175643921,0.300642728805542,0.1994798630475998,-0.20099346339702606,-0.2995104193687439,0.29977673292160034,-0.2489953190088272,-0.20022663474082947,-0.2006406933069229,-0.15013805031776428,0.14988377690315247,0.017977891489863396,0.018006961792707443,0.01798621006309986,0.01798621006309986
4,30,39,10,10,2428,2428,0,0.0,2428,0,0.0,0,12.958694400003878,8.99197220010683,3.246493999962695,2.0479896010365337,25.22866839999915,63.58124316455305,feasibility,not_applicable,0.0012073886801341647,0.004347100726782197,0.4910334948646395,-0.0015293960030631798,0.0011169523527075256,0.014199561414946067,0.9999809672957972,0.49210141863869994,0.34210526315789475,2.0695106983184814,0.5846419930458069,0.33565378189086914,0.1537904292345047,0.07690858840942383,0.4308515787124634,0.3148597478866577,0.9474990963935852,0.0001,-0.3000260591506958,-0.30175459384918213,-0.3019025921821594,0.30126523971557617,0.19939646124839783,-0.2016574591398239,-0.29939621686935425,0.29975152015686035,-0.24899721145629883,-0.20040003955364227,-0.2009192556142807,-0.15034320950508118,0.14993052184581757,0.01800333522260189,0.017972782254219055,0.01798621006309986,0.01798621006309986
5,40,49,10,10,2659,2659,0,0.0,2659,0,0.0,0,15.458370000007562,9.987317399587482,4.862285099981818,2.3617811994918156,27.29783560000942,62.18980292299239,feasibility,phase_transition,-0.0015639749222568103,0.0037521891298681674,0.4424904529892263,-0.004112784706410908,0.0009090444795479666,0.01246279761904762,1.0005221771342414,0.41035968171698706,0.19047619047619047,5.1161298751831055,0.7162460088729858,0.33886754512786865,0.13067369163036346,0.08365831524133682,0.5855723023414612,0.32792478799819946,0.939052164554596,0.0001,-0.3004586696624756,-0.3023013770580292,-0.3023613393306732,0.301814466714859,0.19915376603603363,-0.2021397352218628,-0.2991582751274109,0.29958653450012207,-0.2489960491657257,-0.2002345472574234,-0.20054906606674194,-0.15013957023620605,0.14983969926834106,0.01803595945239067,0.01796218752861023,0.01798621006309986,0.01798621006309986
6,50,59,10,10,2247,2247,0,0.0,2247,0,0.0,0,11.51070109999273,7.950801600032719,3.1766478000499774,1.7802098999673035,22.692287999991095,65.69601251608336,quality,promoted,-0.0010983568693821628,0.002773583877165543,0.4635303483034174,-0.004346868411327402,0.0008466219841365172,0.009114583333333334,0.9985399378670586,0.3135127378110256,0.1527777777777778,1.3609566688537598,0.9078688025474548,0.27944841980934143,0.11976685374975204,0.07504723221063614,0.7881019115447998,0.29327380657196045,0.9278782606124878,0.0001,-0.3003079295158386,-0.3026607036590576,-0.3027040362358093,0.30187398195266724,0.19871112704277039,-0.20256341993808746,-0.2987768352031708,0.2991236448287964,-0.24919170141220093,-0.19974523782730103,-0.20054523646831512,-0.150146484375,0.14959335327148438,0.01806098222732544,0.01793498918414116,0.01798621006309986,0.01798621006309986
7,60,69,10,10,2520,2520,0,0.0,2520,0,0.0,0,15.787307799997507,9.683643999829656,3.7345857999753207,2.2432059012935497,28.259412400017027,57.211978293883696,quality,not_promoted,-0.001855437725316733,0.002014985617279308,0.4375382963567972,-0.005223328713327646,0.0009365395351778715,0.012825520848855377,1.0006279408931733,0.321206777356565,0.15,1.120682716369629,0.9874941110610962,0.276161253452301,0.10104254633188248,0.07212632149457932,0.8864515423774719,0.2949333190917969,0.9317877888679504,0.0001,-0.30000030994415283,-0.30349457263946533,-0.3035903871059418,0.3021826446056366,0.19860810041427612,-0.20330706238746643,-0.2989080250263214,0.2990204095840454,-0.24980075657367706,-0.19969482719898224,-0.20030570030212402,-0.15019011497497559,0.14953011274337769,0.018083659932017326,0.017923135310411453,0.01798621006309986,0.01798621006309986
8,70,79,10,10,2016,2016,0,0.0,2016,0,0.0,0,18.274833600007696,7.111753400036832,10.490926599974046,1.7672494007274508,18.952408400014974,54.15389085226277,quality,not_promoted,0.0010109687282238156,0.002178661361540435,0.47784085245803,-0.0026781089181895368,0.0017841559820226394,0.02197265625,0.9978582561016083,0.3519550551427528,0.203125,1.2200230360031128,1.1712501049041748,0.22770023345947266,0.09617932885885239,0.07481981813907623,1.075070858001709,0.23238922655582428,0.8920291662216187,0.0001,-0.2999756634235382,-0.30379945039749146,-0.30385860800743103,0.3021790087223053,0.19854845106601715,-0.20363304018974304,-0.2991296052932739,0.2994501292705536,-0.25003498792648315,-0.19932810962200165,-0.20053166151046753,-0.1504015177488327,0.14975622296333313,0.018080422654747963,0.01793554425239563,0.01798621006309986,0.01798621006309986
9,80,89,10,10,2146,2146,0,0.0,2146,0,0.0,0,11.87198370002443,7.943559499777621,2.927018499991391,1.93192829968757,22.586025199998403,62.278700032449585,quality,not_promoted,-0.0005806378253242549,0.0017596577912199257,0.5011690657804994,-0.004712498650940902,0.00041440368915894344,0.00390625,0.9991937928340014,0.37893498798503594,0.20588235294117646,1.0587888956069946,1.168014645576477,0.2589341402053833,0.08467727899551392,0.07268806546926498,1.083337426185608,0.2678970992565155,0.9211961030960083,0.0001,-0.300338476896286,-0.30459627509117126,-0.30456894636154175,0.30301493406295776,0.19835610687732697,-0.20422914624214172,-0.2990370988845825,0.2991856038570404,-0.2501104474067688,-0.19920016825199127,-0.2006508857011795,-0.15040943026542664,0.14962461590766907,0.018073761835694313,0.01793253794312477,0.01798621006309986,0.01798621006309986
10,90,99,10,10,2080,2080,0,0.0,2080,0,0.0,0,10.774256800010335,7.555116599978646,2.6150380999897607,1.7217384993855376,20.429012500011595,66.6596817147791,quality,not_promoted,-0.0042111279273575,0.0012665569414490494,0.4876906740846056,-0.008454756645457537,0.0031375687315382743,0.03669507575757576,1.001054342949029,0.32517849642670515,0.19696969696969696,0.8714427947998047,1.2588573694229126,0.2136722058057785,0.06880640983581543,0.0672127977013588,1.1900510787963867,0.22221146523952484,0.9010518193244934,0.0001,-0.30051347613334656,-0.3048308193683624,-0.30479806661605835,0.30345892906188965,0.19827738404273987,-0.20458348095417023,-0.29886379837989807,0.29885703325271606,-0.24996092915534973,-0.19915014505386353,-0.20055918395519257,-0.15006576478481293,0.14944429695606232,0.018079059198498726,0.01793980412185192,0.01798621006309986,0.01798621006309986
11,100,109,10,10,2148,2148,0,0.0,2148,0,0.0,0,12.328385699976934,7.799489599914523,3.9016139999730512,1.9637823011144064,23.059016600018367,60.69956708860445,quality,not_promoted,-0.0010527393178028218,0.0013635546206120018,0.5291747310582329,-0.005662709385540117,0.002266406679101398,0.034313725499326694,1.0003155224463518,0.3340185394181925,0.14705882352941177,0.8885062336921692,1.3219995498657227,0.23262082040309906,0.060523416846990585,0.06184041500091553,1.2614762783050537,0.23285932838916779,0.9293279647827148,0.0001,-0.3003857731819153,-0.30505338311195374,-0.30504414439201355,0.30355575680732727,0.19837187230587006,-0.20480932295322418,-0.29915863275527954,0.2995279133319855,-0.25005674362182617,-0.19926469027996063,-0.20074066519737244,-0.14996770024299622,0.14979049563407898,0.01808616705238819,0.017947854474186897,0.01798621006309986,0.01798621006309986
12,110,119,10,10,2840,2840,0,0.0,2840,0,0.0,0,17.350580800004536,11.127457699680235,3.9797284999804106,2.359434100711951,30.98233299999265,58.759130718913234,quality,catastrophic_rolled_back,-0.001539522543963459,0.0010598388190070787,0.4614921924140718,-0.005624525181742178,0.0022010979294362996,0.033217592620187336,1.0020017060968611,0.31117707275682027,0.13333333333333333,0.8066573739051819,1.385061264038086,0.2408490926027298,0.045863762497901917,0.058023322373628616,1.3391975164413452,0.24845203757286072,0.9419616460800171,0.0001,-0.3006068170070648,-0.30538666248321533,-0.3053756356239319,0.30406588315963745,0.19862544536590576,-0.2049677073955536,-0.29885852336883545,0.299851655960083,-0.24943046271800995,-0.19941963255405426,-0.201116681098938,-0.1500277817249298,0.14996463060379028,0.018084872514009476,0.017980407923460007,0.01798621006309986,0.01798621006309986
13,120,129,10,10,2310,2310,0,0.0,2310,0,0.0,0,12.281926900002873,8.478413699602243,3.22514150000643,2.0675143004918937,24.15213240002049,63.40221332401791,quality,not_promoted,-0.0030992455730164373,0.0014548984409712658,0.5168947492902344,-0.007540743502259657,0.0015213463789346075,0.022592905405405407,0.9996001760701876,0.4731334491154632,0.2702702702702703,2.7831811904907227,1.2643736600875854,0.23336495459079742,0.07424906641244888,0.0672781690955162,1.1901246309280396,0.24084900319576263,0.9168854355812073,0.0001,-0.3001352548599243,-0.3051688075065613,-0.3052003085613251,0.30341389775276184,0.1982557326555252,-0.20459799468517303,-0.2991515100002289,0.2996996343135834,-0.2500450313091278,-0.1993984580039978,-0.2008976936340332,-0.15044453740119934,0.14990092813968658,0.018079275265336037,0.017946744337677956,0.01798621006309986,0.01798621006309986
14,130,139,10,10,2203,2203,0,0.0,2203,0,0.0,0,12.543635599984555,7.872745799657423,4.032227499992587,1.9861095005471725,22.714448100014124,62.482125198428825,quality,not_promoted,0.0007812664844095707,0.0010934240966370063,0.5142060663018908,-0.0038140824497012154,0.0019405204270567212,0.02686838624732835,0.9997708618640899,0.3167485118976661,0.11428571428571428,1.3371891975402832,1.321843147277832,0.24401910603046417,0.05716988444328308,0.06277438253164291,1.264673113822937,0.24641917645931244,0.933821439743042,0.0001,-0.3000052869319916,-0.305802583694458,-0.3058943450450897,0.3038031756877899,0.19812007248401642,-0.20524783432483673,-0.2992616891860962,0.2998683452606201,-0.25042930245399475,-0.1993119865655899,-0.2008853554725647,-0.1503344476222992,0.1500394344329834,0.018071409314870834,0.01796015352010727,0.01798621006309986,0.01798621006309986
15,140,149,10,10,2090,2090,0,0.0,2090,0,0.0,0,10.94866729999194,7.529550999897765,2.6763436000037473,1.843475599453086,21.854622200015,63.713122429369704,quality,not_promoted,0.0009340607899833809,0.0009989609190432186,0.5239334512840618,-0.0038057923366343884,0.0014855073342473727,0.018589917034136528,0.9997511289336465,0.333931910043413,0.12121212121212122,0.8695964813232422,1.3688774108886719,0.23893573880195618,0.0474926233291626,0.05807545408606529,1.3213849067687988,0.23895986378192902,0.9409223794937134,0.0001,-0.2999800443649292,-0.3057421147823334,-0.3058202266693115,0.3036172389984131,0.19808430969715118,-0.20530851185321808,-0.29944977164268494,0.3000836968421936,-0.2503179609775543,-0.19913271069526672,-0.2010357826948166,-0.15025641024112701,0.15014225244522095,0.01806650683283806,0.0179602038115263,0.01798621006309986,0.01798621006309986
16,150,159,10,10,2334,2334,0,0.0,2334,0,0.0,0,21.635612500016578,8.583867099601775,12.762040000001434,1.9973911000124644,27.227351400011685,47.766238756520664,quality,not_promoted,-0.0001453941536916269,0.0007167395689631687,0.5430970340967178,-0.005217993934009527,0.0016597869107499719,0.021621621692100086,0.9988642504086366,0.28419306119148796,0.08108108108108109,0.7534225583076477,1.3747076988220215,0.22415868937969208,0.04682717099785805,0.05169517174363136,1.3278803825378418,0.2265063226222992,0.946815013885498,0.0001,-0.2998664975166321,-0.3055334687232971,-0.3056093156337738,0.3034117519855499,0.19843386113643646,-0.205315500497818,-0.2997697591781616,0.300376832485199,-0.25034499168395996,-0.19909192621707916,-0.20108480751514435,-0.15041762590408325,0.1502848118543625,0.01804550178349018,0.017948433756828308,0.01798621006309986,0.01798621006309986
17,160,169,10,10,2218,2218,0,0.0,2218,0,0.0,0,12.358522399998037,7.972483600024134,3.4635074000107124,2.1726853000873234,22.500903200008906,63.626980703880506,quality,not_promoted,-0.0002909000696880477,0.0005285000443109311,0.5349720976182393,-0.005376370856538415,0.001733993090290044,0.025669642857142856,0.9995191821030208,0.3033468701477562,0.15714285714285714,0.8012985587120056,1.426802158355713,0.22267720103263855,0.028096701949834824,0.041997507214546204,1.3987054824829102,0.2077587991952896,0.9644290208816528,0.0001,-0.2998204827308655,-0.30594101548194885,-0.3059846758842468,0.30370619893074036,0.19804391264915466,-0.20574218034744263,-0.29964134097099304,0.3002852201461792,-0.2499084621667862,-0.1991349160671234,-0.20101211965084076,-0.15047316253185272,0.15026487410068512,0.018028175458312035,0.01798183098435402,0.01798621006309986,0.01798621006309986
18,170,179,10,10,1873,1873,0,0.0,1873,0,0.0,0,9.894713099987712,6.715146500093397,2.5155425999546424,1.7309646001376677,18.101244099991163,66.90251691059926,quality,not_promoted,-0.004444048072521885,0.00046909829955742074,0.5537734245260556,-0.009747232721808056,0.001557891320893153,0.020052083333333335,1.0006445566813151,0.29839018943409124,0.11666666666666667,0.8847569823265076,1.4903957843780518,0.2672387361526489,0.014334237203001976,0.04169762507081032,1.4760617017745972,0.2580307722091675,0.9756541848182678,0.0001,-0.29998520016670227,-0.3063671290874481,-0.30632004141807556,0.30394554138183594,0.19796529412269592,-0.20578983426094055,-0.2998615503311157,0.3006085157394409,-0.24997073411941528,-0.19931600987911224,-0.2011103481054306,-0.15033993124961853,0.150448277592659,0.018025655299425125,0.01797332800924778,0.01798621006309986,0.01798621006309986
19,180,189,10,10,1987,1987,0,0.0,1987,0,0.0,0,10.302361300011398,6.8976098001003265,2.4636959999916144,1.8812069988343865,18.779770799999824,68.323738891181,quality,not_promoted,-0.007091280829627067,0.00032909461651797756,0.532945261336863,-0.012256186615559272,0.0020496771176112816,0.025390625,0.999230376444757,0.2908030893886462,0.078125,1.8099700212478638,1.4657355546951294,0.2679944336414337,0.007175532169640064,0.03305668383836746,1.4585599899291992,0.2629568874835968,0.9847851991653442,0.0001,-0.3004503846168518,-0.3069852590560913,-0.3068501949310303,0.3046318292617798,0.19800393283367157,-0.20610959827899933,-0.2998630404472351,0.3006642460823059,-0.24991901218891144,-0.19942592084407806,-0.2011304795742035,-0.15037141740322113,0.15048669278621674,0.018010368570685387,0.01796484738588333,0.01798621006309986,0.01798621006309986
20,190,199,10,10,1935,1935,0,0.0,1935,0,0.0,0,9.904670400021132,6.76376050003455,2.2547542999964207,1.8964325995766558,18.550514499976998,68.00166671909861,quality,not_promoted,0.005831572046924022,0.00026501737128485056,0.5406135676368591,0.0005579449446691621,0.00036411962942257823,0.0010080645161290322,0.9995903459287458,0.2887804117053747,0.11290322580645161,1.0584741830825806,1.476940631866455,0.2853517532348633,0.0006598130566999316,0.024154970422387123,1.4762808084487915,0.28674039244651794,0.9928343892097473,0.0001,-0.3004622459411621,-0.30738186836242676,-0.30725499987602234,0.3048701584339142,0.19801956415176392,-0.2062235176563263,-0.2999861240386963,0.30085811018943787,-0.24985761940479279,-0.1995825469493866,-0.20122186839580536,-0.15061548352241516,0.15060670673847198,0.018010633066296577,0.017970971763134003,0.01798621006309986,0.01798621006309986
21,200,209,10,10,2015,2015,0,0.0,2015,0,0.0,0,10.54907639999874,7.1230287997750565,2.6457588000630494,1.8873614010517485,19.54586929999641,66.95476443409315,quality,catastrophic_rolled_back,-0.0026682183233788237,0.0002510390668248874,0.5512383454479277,-0.008055080543272197,0.0016232929899757664,0.020751953125,0.9985166480764747,0.20164431957527995,0.015625,0.6312795877456665,1.4850739240646362,0.28337231278419495,0.0019059694604948163,0.023492878302931786,1.483168125152588,0.28332793712615967,0.9931268095970154,0.0001,-0.3003990948200226,-0.3081391453742981,-0.3079625368118286,0.30526506900787354,0.19802740216255188,-0.20666815340518951,-0.29966625571250916,0.3003413677215576,-0.2495979368686676,-0.19986800849437714,-0.20119841396808624,-0.1505487710237503,0.15035662055015564,0.018006522208452225,0.017981747165322304,0.01798621006309986,0.01798621006309986
22,210,219,10,10,1916,1916,0,0.0,1916,0,0.0,0,10.791232100018533,6.757882300240453,3.294905500020832,1.8081081002601422,18.107896700006677,66.29957647714033,quality,not_promoted,-0.0002429288656761249,0.0003573662444978254,0.5449030667543411,-0.005513276625424624,0.0011472270144925764,0.011232638917863368,0.9993589848279953,0.24857116571317117,0.03333333333333333,1.1491729021072388,1.5002930164337158,0.287440687417984,0.004010119941085577,0.02893821708858013,1.4962828159332275,0.28683188557624817,0.9898644685745239,0.0001,-0.3004615306854248,-0.30776357650756836,-0.3074532747268677,0.30521759390830994,0.19815519452095032,-0.20648591220378876,-0.29995161294937134,0.300396203994751,-0.24981558322906494,-0.19960394501686096,-0.20121879875659943,-0.1504814177751541,0.15033702552318573,0.018027424812316895,0.01797076128423214,0.01798621006309986,0.01798621006309986
23,220,229,10,10,6943,6943,0,0.0,6943,0,0.0,0,66.17843979998725,33.31393970010686,3.392138499999419,10.4824801007926,70.92720659999759,50.6397816742343,quality,not_promoted,-0.00026265905695805036,0.013841376034529567,0.15746131841811017,0.005083415069865114,0.00028965590702290507,0.0020068807339449542,1.0002413927961926,0.2930132358104264,0.1651376146788991,1.1811109781265259,1.6053178310394287,0.21449509263038635,-0.006389752961695194,0.1175476685166359,1.6117074489593506,0.1801901012659073,0.6996737718582153,0.0001,-0.30055147409439087,-0.3077755272388458,-0.30744469165802,0.3052235245704651,0.19817958772182465,-0.2064865082502365,-0.29996228218078613,0.3002799451351166,-0.24973031878471375,-0.19968712329864502,-0.20132045447826385,-0.1505308598279953,0.15027377009391785,0.018024900928139687,0.01796843111515045,0.01798621006309986,0.01798621006309986
24,230,239,10,10,1923,1923,0,0.0,1923,0,0.0,0,10.657686799997464,6.788259400025709,2.8813155999523588,1.7129657996702008,20.244787300005555,62.22802723746356,quality,not_promoted,-0.014017344662739385,0.00026585252154261743,0.5307324086466143,-0.01919174112469679,0.0016844430587474152,0.025705645161290324,1.0009052474652567,0.18539649608635134,0.016129032258064516,0.596487283706665,1.5572930574417114,0.2828124463558197,-0.0025382169988006353,0.026408439502120018,1.5598313808441162,0.2795834243297577,0.9912805557250977,0.0001,-0.3007376790046692,-0.3078354001045227,-0.30750563740730286,0.3053707778453827,0.19816134870052338,-0.20656028389930725,-0.3004850149154663,0.30084338784217834,-0.24964840710163116,-0.20002754032611847,-0.20140713453292847,-0.15068478882312775,0.15054109692573547,0.018018748611211777,0.01795743778347969,0.01798621006309986,0.01798621006309986
25,240,249,10,10,1767,1767,0,0.0,1767,0,0.0,0,9.080988000001526,6.067628500139108,2.2348263999738265,1.5909564002940897,16.008901900000637,70.42677377391949,quality,not_promoted,0.003563606196881405,0.000177874350941108,0.5227791991616998,-0.0015752475259692542,0.0018887466119070137,0.024911286641976664,0.9998145784650531,0.21511811157688498,0.10714285714285714,0.8355622291564941,1.501965045928955,0.2957698106765747,-0.01018491480499506,0.015027343295514584,1.5121498107910156,0.29482242465019226,0.9974185824394226,0.0001,-0.30082207918167114,-0.30798688530921936,-0.30767127871513367,0.30561843514442444,0.19832836091518402,-0.20664840936660767,-0.3005407452583313,0.3009869456291199,-0.2495247721672058,-0.20008575916290283,-0.201538547873497,-0.15072517096996307,0.15064974129199982,0.0180173609405756,0.01796123757958412,0.01798621006309986,0.01798621006309986
26,250,259,10,10,2460,2460,0,0.0,2460,0,0.0,0,15.46226519998163,9.329337099887198,4.788456000038423,2.1816216996812727,23.63132799998857,62.92591186020412,quality,not_promoted,0.003950319342458477,0.00015537188576276187,0.4144477309324803,-0.00011647253249509212,0.001215542337400294,0.013621794871794872,0.9999109842838385,0.24873190057965425,0.10256410256410256,1.7833565473556519,1.5114333629608154,0.29256874322891235,-0.0025699513498693705,0.016748670488595963,1.5140033960342407,0.29011303186416626,0.9967227578163147,0.0001,-0.30133897066116333,-0.3085173964500427,-0.3082161247730255,0.306665301322937,0.19838853180408478,-0.2072000950574875,-0.30061399936676025,0.30125120282173157,-0.2493533492088318,-0.2005843222141266,-0.20171332359313965,-0.15090903639793396,0.1507812738418579,0.018023941665887833,0.017983868718147278,0.01798621006309986,0.01798621006309986
27,260,269,10,10,2189,2189,0,0.0,2189,0,0.0,0,14.8192022999865,8.229106200044043,4.486482700012857,1.902489300526213,21.328638599981787,60.55686717382671,quality,not_promoted,0.006747709214687347,0.00016306405492027157,0.42341655279908863,0.002595076856336423,0.0003195877140959575,0.0033482142857142855,1.0000757558005198,0.2265812671078103,0.05714285714285714,0.7101843357086182,1.5212819576263428,0.27638378739356995,-0.004001248627901077,0.015326645225286484,1.5252830982208252,0.27799612283706665,0.9969248175621033,0.0001,-0.30129802227020264,-0.30829423666000366,-0.3079944849014282,0.3064984083175659,0.19839654862880707,-0.20689164102077484,-0.3005921542644501,0.301995187997818,-0.2495023012161255,-0.20122432708740234,-0.20205122232437134,-0.15116825699806213,0.15118306875228882,0.018031565472483635,0.018012503162026405,0.01798621006309986,0.01798621006309986
28,270,279,10,10,2019,2019,0,0.0,2019,0,0.0,0,20.645335999986855,7.316801900131395,12.312659600022016,1.742456499749096,19.99998439999763,49.67361507133723,quality,not_promoted,-0.0007487461989512667,0.00014810768630013627,0.522075355052948,-0.0058954461419489235,0.0003574193169697537,0.004150390625,1.0001924680545926,0.22484125511255115,0.109375,0.8068044781684875,1.529007077217102,0.28071558475494385,-0.0023459438234567642,0.015800707042217255,1.5313529968261719,0.28323593735694885,0.9968317747116089,0.0001,-0.301904559135437,-0.3086375892162323,-0.30829480290412903,0.30684348940849304,0.19841010868549347,-0.20705650746822357,-0.3006543517112732,0.30256587266921997,-0.24925419688224792,-0.2015073448419571,-0.20227186381816864,-0.15128956735134125,0.15150491893291473,0.01800074428319931,0.018039871007204056,0.01798621006309986,0.01798621006309986
29,280,289,10,10,6660,6660,0,0.0,6660,0,0.0,0,66.85041340001044,32.617028299486265,4.825402200018289,9.66696550018969,66.59555960001308,49.90783798323256,quality,not_promoted,-0.000590623997240549,0.012692656667855946,0.15085668216149012,0.004247137821567733,0.00023730590362988768,0.0017113095238095238,1.0002705642155238,0.3126588614214034,0.17142857142857143,1.2169419527053833,1.6347758769989014,0.2343285232782364,-0.010282529518008232,0.11041272431612015,1.6450583934783936,0.19942574203014374,0.7779821157455444,0.0001,-0.30200880765914917,-0.30863678455352783,-0.30829569697380066,0.30683913826942444,0.19843801856040955,-0.20704787969589233,-0.30064481496810913,0.30260536074638367,-0.24924275279045105,-0.20158876478672028,-0.20232008397579193,-0.15133140981197357,0.15152542293071747,0.017992278560996056,0.018045498058199883,0.01798621006309986,0.01798621006309986
30,290,299,10,10,2343,2343,0,0.0,2343,0,0.0,0,12.614398999983678,8.548297299887054,3.197968300024513,2.1422776012623217,26.07558330000029,60.55831149865816,quality,not_promoted,-0.002403469504536809,0.00023875628579156223,0.4970734469793938,-0.0072548258797945206,0.0017539130742472873,0.024628594945612793,1.0007865171174746,0.23039029417811213,0.06756756756756757,0.9564875960350037,1.5475573539733887,0.2750961184501648,-0.0030470399651676416,0.011651982553303242,1.5506045818328857,0.27615973353385925,0.9982059597969055,0.0001,-0.30174028873443604,-0.30910471081733704,-0.30880841612815857,0.3068861961364746,0.19816084206104279,-0.20748290419578552,-0.3004264831542969,0.30260634422302246,-0.24871313571929932,-0.20199580490589142,-0.202504962682724,-0.15149463713169098,0.15153425931930542,0.01799357682466507,0.018056027591228485,0.01798621006309986,0.01798621006309986
31,300,309,10,10,6586,6586,0,0.0,6586,0,0.0,0,66.74102600000333,32.95194629879552,3.07943760001217,9.670734500192339,66.12868100000196,49.56735548457059,quality,not_promoted,-7.607957384395368e-05,0.012776341273246483,0.15292780044334894,0.004782812569846481,4.4489318440810166e-05,0.0,1.0000291599810702,0.28860206066549404,0.14563106796116504,1.1154696941375732,1.6569912433624268,0.2358197420835495,-0.010361749678850174,0.11239519715309143,1.6673529148101807,0.20029215514659882,0.7728382349014282,0.0001,-0.30180034041404724,-0.3092660903930664,-0.30899643898010254,0.30698561668395996,0.19798703491687775,-0.20767316222190857,-0.30039554834365845,0.30267250537872314,-0.24873223900794983,-0.20206686854362488,-0.20256562530994415,-0.15150432288646698,0.15157103538513184,0.01798781007528305,0.01806395873427391,0.01798621006309986,0.01798621006309986
32,310,319,10,10,2577,2577,0,0.0,2577,0,0.0,0,23.740476200007834,9.822161899966886,13.446526700048707,2.1149656003399286,28.00403399998322,49.80238464022499,quality,not_promoted,-0.004646637317974393,0.00013403827013950455,0.4693817547181757,-0.009273435750113027,0.0009955588015500547,0.013439293405631693,1.000599897489315,0.20694083316115344,0.036585365853658534,0.7948359847068787,1.620032548904419,0.26553329825401306,-0.0019152630120515823,0.013402466662228107,1.6219478845596313,0.2684723436832428,0.9974523782730103,0.0001,-0.30193108320236206,-0.3093288242816925,-0.3090963065624237,0.3072863519191742,0.1981557011604309,-0.20799951255321503,-0.29995864629745483,0.30242493748664856,-0.2489735335111618,-0.20215347409248352,-0.20274080336093903,-0.151465505361557,0.1514033079147339,0.017978092655539513,0.018069162964820862,0.01798621006309986,0.01798621006309986
33,320,329,10,10,2289,2289,0,0.0,2289,0,0.0,0,24.00218130002031,8.395333199907327,15.229603400046472,1.9416287008789368,22.922788399999263,48.779999531870665,quality,not_promoted,0.0006114215227878756,0.00010993232242779211,0.4884149523244964,-0.00421776180802327,0.0009129153106010159,0.011067708333333334,1.000262901186943,0.2164841321710911,0.05555555555555555,0.9052799940109253,1.5753204822540283,0.27576744556427,-0.0019313544034957886,0.011292790994048119,1.5772520303726196,0.27570900321006775,0.9983230829238892,0.0001,-0.3019801080226898,-0.3096039295196533,-0.3094232678413391,0.3073557913303375,0.19804008305072784,-0.2084868997335434,-0.30071935057640076,0.30295345187187195,-0.24889624118804932,-0.2024664580821991,-0.20295126736164093,-0.15166908502578735,0.15168137848377228,0.01796538569033146,0.01813128963112831,0.01798621006309986,0.01798621006309986
34,330,339,10,10,1974,1974,0,0.0,1974,0,0.0,0,10.319902499992168,7.094963200186612,2.5930253000115044,1.7480102001863997,20.199700800003484,64.67973979203987,quality,not_promoted,-0.0006099647632048976,9.016027475046294e-05,0.4978619727396196,-0.005543505172094991,0.001653978867726701,0.022616114106870467,0.9990893708121392,0.24219411695676465,0.08064516129032258,0.6746051907539368,1.4994378089904785,0.2725650370121002,-0.0022741584107279778,0.009776708669960499,1.5017122030258179,0.27011343836784363,0.9987133741378784,0.0001,-0.30208152532577515,-0.3099839985370636,-0.30970391631126404,0.307424932718277,0.19757415354251862,-0.20901933312416077,-0.3014920651912689,0.3038857579231262,-0.2488357424736023,-0.2030290812253952,-0.2030254304409027,-0.15196357667446136,0.1521875411272049,0.01797810196876526,0.01815589889883995,0.01798621006309986,0.01798621006309986
35,340,349,10,10,2266,2266,0,0.0,2266,0,0.0,0,12.420026900013909,8.340398999833269,3.1852986000303645,1.8826081998413429,24.340467799978796,61.6422607609916,quality,not_promoted,-0.0016576853425552447,0.0001211190240913614,0.4334394385417302,-0.005931520931577931,0.0007465542791275462,0.007578792774842845,1.0006568597422705,0.2030439492728975,0.027777777777777776,0.8458058834075928,1.4945164918899536,0.2851053476333618,-0.0031478574965149164,0.011014722287654877,1.4976643323898315,0.28605809807777405,0.9985074400901794,0.0001,-0.30139464139938354,-0.3105030655860901,-0.31017205119132996,0.30741313099861145,0.19784067571163177,-0.20929090678691864,-0.301466166973114,0.3042576313018799,-0.24891899526119232,-0.2035374641418457,-0.202790766954422,-0.15204909443855286,0.15238061547279358,0.018011460080742836,0.01816399209201336,0.01798621006309986,0.01798621006309986
36,350,359,10,10,2370,2370,0,0.0,2370,0,0.0,0,12.509199699998135,8.696706700167852,2.9555575999838766,1.8762225001701154,26.306511200004024,61.057750716086154,quality,not_promoted,-0.0036158373603891385,0.009361321084007182,0.43020035875471013,-0.0032371802157477327,0.002240975074911196,0.035567434210526314,0.9992915282123968,0.21924365625569694,0.07894736842105263,0.8177525997161865,1.4957202672958374,0.3181392252445221,-0.015846339985728264,0.10589631646871567,1.5115665197372437,0.27629953622817993,0.8892031908035278,0.0001,-0.3013644814491272,-0.3109385073184967,-0.310599684715271,0.30771663784980774,0.19780613481998444,-0.20971712470054626,-0.3017657399177551,0.30401408672332764,-0.24905377626419067,-0.20342756807804108,-0.20290562510490417,-0.1518435776233673,0.15215452015399933,0.018025308847427368,0.01817891001701355,0.01798621006309986,0.01798621006309986
37,360,369,10,10,2509,2509,0,0.0,2509,0,0.0,0,14.335811099997954,9.320602200226858,3.3801983000012115,2.030643400386907,25.544048400013708,62.913962873897944,quality,not_promoted,0.003514117473969236,0.00028023752875014905,0.4065953578799963,-0.00041171752964146434,0.0002531156275608737,0.00234375,0.9996986165642738,0.18455576281994582,0.0125,0.5113564133644104,1.538021206855774,0.28500130772590637,-0.0032219523563981056,0.019523048773407936,1.541243076324463,0.28134045004844666,0.9953075051307678,0.0001,-0.3018903434276581,-0.311247855424881,-0.31097689270973206,0.30842676758766174,0.19782981276512146,-0.21008886396884918,-0.30211225152015686,0.3044317662715912,-0.2493625283241272,-0.2041001170873642,-0.20326504111289978,-0.15203048288822174,0.15233266353607178,0.018030032515525818,0.01820085011422634,0.01798621006309986,0.01798621006309986
38,370,379,10,10,2483,2483,0,0.0,2483,0,0.0,0,14.582506600010674,9.306494799995562,4.267119500000263,2.106897600227967,26.46966400000383,60.48401250673753,quality,not_promoted,0.0011794096551453455,0.00016066376860507237,0.38632054187548465,-0.0026034638002061117,0.0004496531069796616,0.005008012820512821,0.9996705567225431,0.20232343420577356,0.0641025641025641,0.716324508190155,1.5430961847305298,0.26883357763290405,-0.0026624398306012154,0.01459713838994503,1.545758605003357,0.26594090461730957,0.9970517158508301,0.0001,-0.30219849944114685,-0.31208109855651855,-0.3117586374282837,0.30949240922927856,0.1981794238090515,-0.21044832468032837,-0.30271121859550476,0.3048327565193176,-0.24949294328689575,-0.2045714110136032,-0.20344167947769165,-0.1522563397884369,0.15253736078739166,0.018041690811514854,0.018240293487906456,0.01798621006309986,0.01798621006309986
39,380,389,10,10,2063,2063,0,0.0,2063,0,0.0,0,11.366865300020436,7.614821299910545,3.236689599987585,1.7452650999766774,21.721104100026423,62.34894547493985,quality,not_promoted,-0.0006823660100274013,0.00017676660949787632,0.4419283966223399,-0.005013266521872896,0.0006688118949320844,0.006392045454545455,0.998988541689786,0.19062163282863118,0.030303030303030304,0.9109519720077515,1.521002173423767,0.2851579189300537,-0.00361791905015707,0.014812806621193886,1.5246201753616333,0.28070202469825745,0.9973016381263733,5e-05,-0.3023102283477783,-0.3122246563434601,-0.31190189719200134,0.3095867335796356,0.19825465977191925,-0.21040277183055878,-0.3027607500553131,0.30517351627349854,-0.24938173592090607,-0.20477476716041565,-0.20341481268405914,-0.15235920250415802,0.15271808207035065,0.01804761402308941,0.018243111670017242,0.01798621006309986,0.01798621006309986
40,390,399,10,10,1995,1995,0,0.0,1995,0,0.0,0,9.812622999976156,6.889641699905042,2.637193699920317,1.6295742998772766,19.270578200026648,68.59630018994633,quality,not_promoted,-0.007532625968451612,0.00014875265912905888,0.4137205663137138,-0.011595454001508188,0.0008554881645750356,0.01484818896278739,1.000047892332077,0.12231705582235008,0.015625,0.5201884508132935,1.501646876335144,0.2930937111377716,-0.004615840967744589,0.01331380382180214,1.5062627792358398,0.29637426137924194,0.9979365468025208,5e-05,-0.302359402179718,-0.3121331036090851,-0.31177160143852234,0.3096350133419037,0.19837766885757446,-0.2103944569826126,-0.30248114466667175,0.3050824999809265,-0.2490110993385315,-0.20492246747016907,-0.20366445183753967,-0.15229494869709015,0.15267114341259003,0.01805616356432438,0.018241463229060173,0.01798621006309986,0.01798621006309986
41,400,409,10,10,2107,2107,0,0.0,2107,0,0.0,0,11.223857500008307,7.556374799984042,2.8557390999631025,1.6001494004449341,20.848951399995713,65.69427724803161,quality,not_promoted,-7.747466478383902e-05,0.00013194192433729768,0.401434849383253,-0.004025851697378764,0.00041843963448296893,0.008285984848484848,0.9999274277325833,0.16523612177733218,0.030303030303030304,0.575634777545929,1.5206446647644043,0.29603517055511475,-0.003961346577852964,0.01217809971421957,1.5246061086654663,0.2961675226688385,0.9983077049255371,5e-05,-0.3025732934474945,-0.3122783303260803,-0.3119257688522339,0.30969783663749695,0.19829970598220825,-0.21048589050769806,-0.30256879329681396,0.30518031120300293,-0.24916544556617737,-0.2052929699420929,-0.2036823183298111,-0.15248093008995056,0.15272365510463715,0.018055850639939308,0.01824207417666912,0.01798621006309986,0.01798621006309986
42,410,419,10,10,1818,1818,0,0.0,1818,0,0.0,0,9.308747699978994,6.403936200076714,2.665881700027967,1.4886008001631126,17.430499400012195,67.98994725624115,quality,not_promoted,0.002054209660353332,0.00019369239829568964,0.44661810531698426,-0.002315124183700516,0.0011886477988245416,0.02126160482394284,0.9986075532847437,0.15659858029464196,0.0,0.4608302414417267,1.5118522644042969,0.3052429258823395,-0.0045893387869000435,0.014003562740981579,1.5164414644241333,0.3046669363975525,0.9978953003883362,5e-05,-0.3024373948574066,-0.31247326731681824,-0.31212612986564636,0.30975645780563354,0.1981489062309265,-0.21065150201320648,-0.3025509715080261,0.30551978945732117,-0.2491496354341507,-0.20550736784934998,-0.20376962423324585,-0.1525985598564148,0.1529059112071991,0.018063314259052277,0.018257977440953255,0.01798621006309986,0.01798621006309986
43,420,429,10,10,1946,1946,0,0.0,1946,0,0.0,0,10.061520799994469,6.810668799938867,2.6779209000233095,1.5472291992919054,18.954173300007824,67.06715315143353,quality,not_promoted,-0.0016278459900809872,0.00013014078297513357,0.4084876357547699,-0.0056476521666251845,0.00016941119472888995,0.0018804280628119745,1.000303497237544,0.18183751043773466,0.06451612903225806,0.6760716438293457,1.4693444967269897,0.28682681918144226,-0.0015724679687991738,0.012503270991146564,1.470916986465454,0.28946396708488464,0.9980997443199158,5e-05,-0.30239421129226685,-0.3128962516784668,-0.31255292892456055,0.31001272797584534,0.19801340997219086,-0.2110172063112259,-0.30271220207214355,0.3055974841117859,-0.24900870025157928,-0.2058989405632019,-0.20384709537029266,-0.1527165025472641,0.1529456228017807,0.01807490736246109,0.018273668363690376,0.01798621006309986,0.01798621006309986
44,430,439,10,10,1967,1967,0,0.0,1967,0,0.0,0,9.881059100007406,6.924211600213312,2.8384017999342177,1.621994699089555,18.452746599999955,69.42237201829506,quality,not_promoted,0.00011395170323310359,0.00012074092809334323,0.3978209154259774,-0.003803886946350817,0.0002961293155808122,0.0037105353248696174,1.0000243061973202,0.1284263246061821,0.016129032258064516,0.5908381938934326,1.4926514625549316,0.2908153831958771,-0.002527195028960705,0.012180923484265804,1.495178461074829,0.29488423466682434,0.9982455968856812,5e-05,-0.30261704325675964,-0.3132938742637634,-0.31294167041778564,0.31035149097442627,0.19805112481117249,-0.21129867434501648,-0.3029921352863312,0.3059096038341522,-0.24918298423290253,-0.206208735704422,-0.20389573276042938,-0.15285594761371613,0.15310946106910706,0.018075987696647644,0.018279438838362694,0.01798621006309986,0.01798621006309986
45,440,449,10,10,2342,2342,0,0.0,2342,0,0.0,0,13.85683540001628,8.833118999726139,2.9461454000265803,1.7768845995888114,24.312091800005874,61.35881125835365,quality,not_promoted,-0.00017635032182206978,8.889544423672723e-05,0.3376535348392822,-0.003508438780979329,0.00016624017813670876,0.0008445945945945946,1.0002086057856276,0.13873081193683115,0.0,0.4576246440410614,1.501939296722412,0.2665616273880005,-0.000358759454684332,0.009937894530594349,1.5022979974746704,0.26817020773887634,0.9986100792884827,5e-05,-0.30234575271606445,-0.3135128617286682,-0.31318148970603943,0.3103604018688202,0.19811969995498657,-0.21148520708084106,-0.30316656827926636,0.30611807107925415,-0.24938935041427612,-0.20640912652015686,-0.20401737093925476,-0.15296617150306702,0.15322022140026093,0.018074700608849525,0.018291302025318146,0.01798621006309986,0.01798621006309986
46,450,459,10,10,2303,2303,0,0.0,2303,0,0.0,0,12.654474500013748,8.325592799694277,3.259814599965466,1.8162862994649913,23.175648300006287,64.27552628981535,quality,not_promoted,-0.00013771992073290877,9.609018429222892e-05,0.38257687725126743,-0.003915443182146798,0.00021561844310882507,0.001953125,1.0005622547533777,0.12345792218628857,0.0,0.4681442975997925,1.546430230140686,0.2854304909706116,-0.0011530824704095721,0.011094965972006321,1.5475833415985107,0.2867102026939392,0.9984890222549438,5e-05,-0.30233481526374817,-0.31351804733276367,-0.3131971061229706,0.3102996349334717,0.19794954359531403,-0.21159645915031433,-0.3034164607524872,0.30648061633110046,-0.2494625300168991,-0.20670637488365173,-0.203994482755661,-0.15304861962795258,0.15341809391975403,0.01806379109621048,0.01829063519835472,0.01798621006309986,0.01798621006309986
47,460,469,10,10,2857,2857,0,0.0,2857,0,0.0,0,18.212252800003625,11.080611900077201,6.428420600044774,2.101563300762791,32.33151970000472,56.52526233572154,quality,not_promoted,-0.0005947559140622616,9.100387501853725e-05,0.3487806358271175,-0.004037060373876657,0.0005290825444616429,0.012326388888888888,0.9996140440305074,0.15013073115713066,0.011111111111111112,0.6518490314483643,1.596555471420288,0.25470006465911865,-0.0020709871314466,0.009938998147845268,1.5986264944076538,0.25458386540412903,0.9984772801399231,5e-05,-0.30210474133491516,-0.31364917755126953,-0.3133271038532257,0.31015604734420776,0.19786600768566132,-0.21174372732639313,-0.3035532832145691,0.3065645098686218,-0.24921734631061554,-0.20706909894943237,-0.2041037231683731,-0.1532769799232483,0.1534632444381714,0.018070491030812263,0.018298612907528877,0.01798621006309986,0.01798621006309986
48,470,479,10,10,2168,2168,0,0.0,2168,0,0.0,0,12.321285400015768,7.948734900215641,3.5563321000372525,1.7617400001909118,22.617139500012854,62.0520245604496,quality,not_promoted,-0.0008665151921484401,8.10063922258183e-05,0.4103672727942467,-0.00492968428058221,4.396363684624221e-05,0.0,0.9998984906603309,0.13869024268077576,0.0,0.43843895196914673,1.5501796007156372,0.2707429528236389,-0.0011026114225387573,0.00968716386705637,1.5512821674346924,0.27041324973106384,0.9987198114395142,5e-05,-0.302439421415329,-0.3140314221382141,-0.31371209025382996,0.31068184971809387,0.19787359237670898,-0.21207626163959503,-0.3035588562488556,0.3064253628253937,-0.2491752803325653,-0.20725013315677643,-0.2040477991104126,-0.15326102077960968,0.15338926017284393,0.018083086237311363,0.01832142099738121,0.01798621006309986,0.01798621006309986
49,480,489,10,10,2620,2620,0,0.0,2620,0,0.0,0,16.53300510000554,10.289463299850468,3.0815888000361156,1.973302200436592,27.502427100000205,59.497542526666926,quality,not_promoted,-0.0007257409757230339,6.832949146905221e-05,0.33999319738004263,-0.004091507508192302,0.00011281621972579515,0.0,0.9996913933172459,0.1737563311372225,0.024390243902439025,0.8654860854148865,1.5789051055908203,0.27064236998558044,-0.0009099561721086502,0.00824520643800497,1.5798150300979614,0.2709676921367645,0.9990718364715576,5e-05,-0.302598237991333,-0.3143661320209503,-0.31405386328697205,0.3108866214752197,0.19786611199378967,-0.21235968172550201,-0.3034786283969879,0.306416392326355,-0.24903853237628937,-0.2074853926897049,-0.20420542359352112,-0.15319094061851501,0.15338477492332458,0.01809123158454895,0.018333181738853455,0.01798621006309986,0.01798621006309986
50,490,499,10,10,2083,2083,0,0.0,2083,0,0.0,0,11.375115000002552,7.587790200253949,2.8920111000479665,1.6592522990249563,21.82815380001557,62.73478712429853,quality,not_promoted,-0.002832855718831221,8.282170275571954e-05,0.38777940246191894,-0.006669239211601742,2.3500648956431895e-05,0.0,0.9999744413477002,0.16197705277326432,0.030303030303030304,0.8741583824157715,1.5338160991668701,0.2924991548061371,-0.0005215215496718884,0.009423297829926014,1.5343376398086548,0.2933187484741211,0.9989621043205261,5e-05,-0.3026229739189148,-0.3145698606967926,-0.31421130895614624,0.3109290599822998,0.1978856325149536,-0.2125478833913803,-0.3035435080528259,0.30654242634773254,-0.24898234009742737,-0.20757874846458435,-0.20423513650894165,-0.15314388275146484,0.1534520387649536,0.018101589754223824,0.018344080075621605,0.01798621006309986,0.01798621006309986
51,500,509,10,10,1928,1928,0,0.0,1928,0,0.0,0,10.339257199986605,6.82909650017973,2.532428400038043,1.5677665996481664,19.03450890001841,65.63679963393155,quality,not_promoted,-0.004653066126329284,8.283744125125645e-05,0.40798926641864164,-0.008691538808747165,0.00014945045263776855,0.0,0.9997595933175856,0.14786832097677455,0.016129032258064516,0.609845757484436,1.5354585647583008,0.2745918929576874,-0.0005218644510023296,0.00990228820592165,1.5359803438186646,0.2715384364128113,0.9986995458602905,5e-05,-0.30288466811180115,-0.31478509306907654,-0.3144160509109497,0.3112015724182129,0.1980070024728775,-0.21273744106292725,-0.303516149520874,0.30669963359832764,-0.24892140924930573,-0.20775863528251648,-0.20440442860126495,-0.15322978794574738,0.15353631973266602,0.018099362030625343,0.018362149596214294,0.01798621006309986,0.01798621006309986
52,510,519,10,10,2176,2176,0,0.0,2176,0,0.0,0,11.38974730001064,7.805464599980041,2.742864300002111,1.7085360996425152,22.64751049998449,63.92994443871772,quality,not_promoted,-0.00011250562965869904,7.107188594090985e-05,0.401940588346299,-0.004096375394831686,0.00015134973834980936,0.001608455882352941,1.0000361931674622,0.16666574332424822,0.014705882352941176,0.5984366536140442,1.5272729396820068,0.27180054783821106,-0.0017890428425744176,0.008957898244261742,1.5290619134902954,0.27059245109558105,0.9989138245582581,5e-05,-0.303101122379303,-0.31513217091560364,-0.31475743651390076,0.31136396527290344,0.19780731201171875,-0.2128835767507553,-0.3039594888687134,0.30695927143096924,-0.24916785955429077,-0.2080339938402176,-0.20436853170394897,-0.15333591401576996,0.15368343889713287,0.018100466579198837,0.01837785169482231,0.01798621006309986,0.01798621006309986
53,520,529,10,10,1933,1933,0,0.0,1933,0,0.0,0,10.255055600020569,6.872711899894057,2.8857256999472156,1.5924068999884184,19.80015779999667,64.31496507021612,quality,not_promoted,-0.003291837788457351,8.256716659337642e-05,0.4154239929010791,-0.007404794022741337,0.000564172890526313,0.011844758064516129,1.0000749797590318,0.15800646205823268,0.016129032258064516,0.6869098544120789,1.468277096748352,0.29041334986686707,-0.0022920602932572365,0.009441830217838287,1.470569372177124,0.29026415944099426,0.9989429712295532,5e-05,-0.3031958043575287,-0.3153884708881378,-0.3150140643119812,0.3117445111274719,0.19787012040615082,-0.21316584944725037,-0.3039981424808502,0.3069855868816376,-0.24913963675498962,-0.20809908211231232,-0.2042805254459381,-0.15331679582595825,0.15370918810367584,0.01810557395219803,0.018396243453025818,0.01798621006309986,0.01798621006309986
54,530,539,10,10,2035,2035,0,0.0,2035,0,0.0,0,10.89722359998268,7.3555393997521605,2.632628899969859,1.7117152001301292,20.855384599999525,64.08922338547107,quality,not_promoted,-0.0007451806595781818,5.9132261696959176e-05,0.41617295052856207,-0.0048773437993077096,0.00023974964926765097,0.0,0.9996372144669294,0.15378585481084883,0.015625,0.6460341811180115,1.51423180103302,0.29275214672088623,-0.0017546036979183555,0.008286723867058754,1.5159863233566284,0.29472479224205017,0.9991987347602844,2.5e-05,-0.30327099561691284,-0.315589964389801,-0.3152012228965759,0.31192928552627563,0.19796568155288696,-0.2132415622472763,-0.30404531955718994,0.3070603907108307,-0.24912600219249725,-0.20818190276622772,-0.2042834609746933,-0.1533295214176178,0.15375085175037384,0.01811256818473339,0.018409887328743935,0.01798621006309986,0.01798621006309986
55,540,549,10,10,2382,2382,0,0.0,2382,0,0.0,0,14.851855699991575,8.70894259979832,6.10583939999924,1.9979699997056741,24.617869100009557,60.35005341612951,quality,not_promoted,0.003037872154412693,7.526702426586876e-05,0.36539422250107717,-0.0005784369576232214,0.00016183512027629675,0.00020559210526315788,0.999910864390825,0.16531004244461656,0.013157894736842105,2.2362585067749023,1.5154969692230225,0.26785221695899963,-0.001122649759054184,0.009731530211865902,1.5166194438934326,0.27127593755722046,0.9986799955368042,2.5e-05,-0.3032706379890442,-0.3157586455345154,-0.31539595127105713,0.31204336881637573,0.19795985519886017,-0.21333245933055878,-0.3040735125541687,0.3071208596229553,-0.24910318851470947,-0.20831917226314545,-0.20435501635074615,-0.15331733226776123,0.15378296375274658,0.01812092773616314,0.01842145062983036,0.01798621006309986,0.01798621006309986
56,550,559,10,10,1997,1997,0,0.0,1997,0,0.0,0,10.643775299977278,7.305002499953844,2.4461671999888495,1.585821399843553,20.803968000021996,63.50217187126575,quality,not_promoted,-0.004512679122854024,7.727381057520688e-05,0.39689880423247814,-0.008443030365015147,1.8176093817601213e-05,0.0,0.9999203840270638,0.11549416327034123,0.0,0.451345294713974,1.4788434505462646,0.2731339931488037,-0.0019012746633961797,0.009136783890426159,1.4807448387145996,0.27441930770874023,0.9988809823989868,2.5e-05,-0.3032875061035156,-0.3158077895641327,-0.31544002890586853,0.3120836317539215,0.1979847103357315,-0.21329422295093536,-0.3042244017124176,0.30722618103027344,-0.24921686947345734,-0.20837773382663727,-0.2043408900499344,-0.15335112810134888,0.15384067595005035,0.018121203407645226,0.01842237263917923,0.01798621006309986,0.01798621006309986
57,560,569,10,10,2259,2259,0,0.0,2259,0,0.0,0,12.958761300018523,8.103066399868112,4.10794039996108,1.8060340995143633,24.651890600012848,60.06277173829353,quality,not_promoted,-0.0034192901673830217,7.01603574574013e-05,0.4033905507789718,-0.007418114536752303,1.1970840396773812e-05,0.0,0.9999637338850234,0.1402028533630073,0.013888888888888888,0.9793297052383423,1.5179282426834106,0.2679843306541443,-0.0011458586668595672,0.009000809863209724,1.5190742015838623,0.27012917399406433,0.998871922492981,2.5e-05,-0.303338885307312,-0.3159300982952118,-0.3155685365200043,0.3122243583202362,0.1980380415916443,-0.21333971619606018,-0.3043590784072876,0.3072952330112457,-0.24933388829231262,-0.20841270685195923,-0.20429708063602448,-0.15336811542510986,0.1538790762424469,0.018122650682926178,0.018424468114972115,0.01798621006309986,0.01798621006309986
58,570,579,10,10,2527,2527,0,0.0,2527,0,0.0,0,15.413200400013011,9.353242300217971,6.543190700002015,2.012280100607313,28.53159400000004,57.503966840706155,quality,not_promoted,0.002241713064722717,6.836455017946718e-05,0.37911443673074247,-0.0015152484236750751,0.00010531018153869809,0.0,0.999735151976347,0.140494925994426,0.0,0.3921296298503876,1.5418130159378052,0.24969159066677094,-0.0009950725361704826,0.008694042451679707,1.5428080558776855,0.25156068801879883,0.9987876415252686,2.5e-05,-0.30343863368034363,-0.3161572515964508,-0.3157776892185211,0.3124144375324249,0.1980331838130951,-0.21350599825382233,-0.304452508687973,0.3073510527610779,-0.2493133395910263,-0.2084021270275116,-0.20425815880298615,-0.15336176753044128,0.1539078801870346,0.018122782930731773,0.018433785066008568,0.01798621006309986,0.01798621006309986
59,580,589,10,10,2307,2307,0,0.0,2307,0,0.0,0,14.543749899981776,8.536317399906693,5.699987299973145,1.8287416999228299,25.132654299988644,58.145390100691635,quality,not_promoted,-0.008101774883028623,5.802248083578102e-05,0.40283908594299006,-0.01210115444720597,4.983158899524615e-06,0.0,0.9999827259295696,0.15103516231819586,0.04054054054054054,0.5956194996833801,1.5207786560058594,0.2778114378452301,-0.0010125234257429838,0.007899479009211063,1.5217912197113037,0.2786538898944855,0.9991914629936218,2.5e-05,-0.3033502697944641,-0.3163177967071533,-0.31592801213264465,0.3124965727329254,0.19802606105804443,-0.21365123987197876,-0.30459320545196533,0.307516872882843,-0.24925082921981812,-0.20850153267383575,-0.20435453951358795,-0.15342649817466736,0.15399788320064545,0.018121225759387016,0.018446311354637146,0.01798621006309986,0.01798621006309986
60,590,599,10,10,2115,2115,0,0.0,2115,0,0.0,0,11.496608800021932,7.783663899870589,3.452563300030306,1.6440360007400159,21.82186989998445,63.478288400952565,quality,not_promoted,-0.00419548581189969,6.355023213152034e-05,0.40970834344625473,-0.008260793573058704,0.0005658116697304649,0.01011029411764706,0.9996879153391894,0.1359102063921883,0.0,0.4808831214904785,1.4827213287353516,0.26747262477874756,-0.0006646888796240091,0.008317581377923489,1.4833859205245972,0.2688320279121399,0.9990329742431641,2.5e-05,-0.30330273509025574,-0.31638187170028687,-0.3159846365451813,0.31250593066215515,0.19799621403217316,-0.21370165050029755,-0.30466753244400024,0.3076220452785492,-0.24926859140396118,-0.20857396721839905,-0.204363614320755,-0.15346385538578033,0.15405523777008057,0.01812252216041088,0.018454739823937416,0.01798621006309986,0.01798621006309986
61,600,609,10,10,2810,2810,0,0.0,2810,0,0.0,0,16.02319730000454,10.506931900279596,4.930262300011236,2.4572036010213196,29.845219599985285,61.26219716993597,quality,not_promoted,-0.00037290458038279957,7.71261195702457e-05,0.30669215304607694,-0.0034012619845188137,0.0002101112697077538,0.0007102272727272727,1.0000769963318652,0.10635333992964165,0.011363636363636364,0.5000560283660889,1.5799126625061035,0.26534807682037354,-0.00037065811920911074,0.009532865136861801,1.580283284187317,0.2663254141807556,0.9987093210220337,2.5e-05,-0.30335888266563416,-0.3165983259677887,-0.3161635398864746,0.312681645154953,0.19800163805484772,-0.21382729709148407,-0.30475229024887085,0.30775460600852966,-0.24933254718780518,-0.2088073045015335,-0.20434020459651947,-0.1535329669713974,0.15412616729736328,0.018125131726264954,0.01846177689731121,0.01798621006309986,0.01798621006309986
62,610,619,10,10,2258,2258,0,0.0,2258,0,0.0,0,12.730252299981657,8.24404770025285,3.4251640000147745,1.7649368997954298,22.400643700006185,64.2739086415781,quality,not_promoted,-0.003102534592876004,6.501617564127728e-05,0.3537808317277167,-0.006607834608682121,3.9704774954272025e-06,0.0,0.999925913910071,0.1078307848268499,0.013888888888888888,0.53980952501297,1.538609504699707,0.2698341906070709,-0.0010821460746228695,0.00846034288406372,1.5396918058395386,0.2704356908798218,0.9990169405937195,2.5e-05,-0.3033725321292877,-0.31684303283691406,-0.3164093494415283,0.3128611445426941,0.19799700379371643,-0.21398773789405823,-0.3048368990421295,0.30782806873321533,-0.24930620193481445,-0.20890724658966064,-0.2043335884809494,-0.15357200801372528,0.15416355431079865,0.018122438341379166,0.018474863842129707,0.01798621006309986,0.01798621006309986
63,620,629,10,10,2390,2390,0,0.0,2390,0,0.0,0,12.22564760001842,8.561846899770899,3.646465999947395,1.8995094003912527,24.957376000005752,64.27664478577924,quality,not_promoted,-0.0022960031576650707,5.6120400394751125e-05,0.34025548672989797,-0.005670498623083786,1.0442040787174203e-05,0.0,0.9999661116223586,0.12339228612223738,0.02631578947368421,0.5586828589439392,1.5167858600616455,0.2800036668777466,-0.000580929743591696,0.008042898029088974,1.517366647720337,0.28169307112693787,0.9991748929023743,2.5e-05,-0.3033769428730011,-0.3169323801994324,-0.31651169061660767,0.31290575861930847,0.19793753325939178,-0.2140621840953827,-0.30492162704467773,0.30775967240333557,-0.2493371218442917,-0.20901165902614594,-0.20436935126781464,-0.15361876785755157,0.15412968397140503,0.01812291331589222,0.018479246646165848,0.01798621006309986,0.01798621006309986
64,630,639,10,10,2155,2155,0,0.0,2155,0,0.0,0,11.150709699984873,7.5457963001099415,2.826829999918118,1.7635426995984744,20.27951920000487,68.5645658788283,quality,not_promoted,0.000756175969453419,6.412840593839064e-05,0.3549310117959976,-0.0027610694386941545,5.9748239650884096e-05,0.0,0.999677655451438,0.1018739181351574,0.0,0.4500739872455597,1.5379353761672974,0.2994483411312103,-0.0009115845314227045,0.008445766754448414,1.5388468503952026,0.3005391061306,0.9992045164108276,2.5e-05,-0.3034948706626892,-0.31717899441719055,-0.31673216819763184,0.3131469786167145,0.1979362964630127,-0.21420997381210327,-0.3049578368663788,0.307794451713562,-0.2492271214723587,-0.2090265303850174,-0.2043517678976059,-0.15365202724933624,0.1541478931903839,0.018120991066098213,0.018492814153432846,0.01798621006309986,0.01798621006309986
65,640,649,10,10,2448,2448,0,0.0,2448,0,0.0,0,14.539967699995032,9.417754999769386,3.425008300022455,1.9117235994781367,27.229370500019286,58.60758406747179,quality,not_promoted,0.005823540823677411,7.308414651327976e-05,0.3559382450886262,0.0023007011697747004,1.9830424720660235e-06,0.0,1.0000062944033208,0.12057827028613059,0.01282051282051282,0.566131591796875,1.5270494222640991,0.26407918334007263,-2.0497247533057816e-05,0.008849069476127625,1.5270700454711914,0.2646377384662628,0.9988771080970764,2.5e-05,-0.3035125732421875,-0.3173430263996124,-0.3168969750404358,0.31332701444625854,0.19788949191570282,-0.2142917811870575,-0.3051075339317322,0.3079822361469269,-0.24928541481494904,-0.20911557972431183,-0.2043411284685135,-0.15370826423168182,0.15424835681915283,0.01812264509499073,0.018500618636608124,0.01798621006309986,0.01798621006309986
66,650,659,10,10,1905,1905,0,0.0,1905,0,0.0,0,10.052687799994601,6.665493100095773,2.7300701000203844,1.5070364995626733,18.280781700013904,67.23497099426628,quality,not_promoted,0.0001651635393500328,0.014230347854027058,0.37379468182722725,0.003542391334970792,2.835733885338717e-06,0.0,0.9999901413917541,0.2618543331511319,0.06666666666666667,0.8170695304870605,1.4388847351074219,0.3304302394390106,-0.017887117341160774,0.12360914796590805,1.4567718505859375,0.2812461256980896,0.8600600957870483,2.5e-05,-0.30353209376335144,-0.31746920943260193,-0.3170163035392761,0.3134186863899231,0.19789612293243408,-0.21429657936096191,-0.30508658289909363,0.3079576790332794,-0.24930265545845032,-0.20909252762794495,-0.2043062448501587,-0.1536557674407959,0.15423527359962463,0.018123405054211617,0.018503420054912567,0.01798621006309986,0.01798621006309986
67,660,669,10,10,6955,6955,0,0.0,6955,0,0.0,0,68.8022045000107,34.817136598721845,5.105185599968536,9.02251319991774,71.96916179999243,49.40635430914224,quality,not_promoted,-0.00024285205904770336,0.0099151523450978,0.11221848603406358,0.0035925392945801173,5.239105316331499e-06,0.0,1.0000636090926074,0.17810272900045876,0.01834862385321101,1.3136576414108276,1.5952962636947632,0.2411193549633026,-0.00818566046655178,0.10209488868713379,1.6034820079803467,0.20988857746124268,0.8207150101661682,2.5e-05,-0.30353593826293945,-0.3174934983253479,-0.31703802943229675,0.3134385645389557,0.19789592921733856,-0.21430304646492004,-0.3050934672355652,0.3079509437084198,-0.2492888867855072,-0.20911942422389984,-0.20432470738887787,-0.15365946292877197,0.154231458902359,0.018125072121620178,0.01850512996315956,0.01798621006309986,0.01798621006309986
68,670,679,10,10,2115,2115,0,0.0,2115,0,0.0,0,11.035461899999063,7.584550099825719,2.838136599981226,1.623340600344818,21.373101300006965,65.26052966148177,quality,not_promoted,0.011599645771853188,0.00017935999489161666,0.38781051381545906,0.007811220410718199,8.302745246670811e-06,0.0,1.0001180610236,0.11340766498709426,0.014705882352941176,0.7610515356063843,1.5104173421859741,0.2814232110977173,0.0018621941562741995,0.015086144208908081,1.5085551738739014,0.28091710805892944,0.9971263408660889,2.5e-05,-0.3035975992679596,-0.31752991676330566,-0.3170773684978485,0.3134995996952057,0.19791385531425476,-0.2143068164587021,-0.30527108907699585,0.3079942762851715,-0.24934996664524078,-0.20923028886318207,-0.204353466629982,-0.15365798771381378,0.15425528585910797,0.018124131485819817,0.018509404733777046,0.01798621006309986,0.01798621006309986
69,680,689,10,10,1881,1881,0,0.0,1881,0,0.0,0,10.181877299997723,6.827390400168952,2.4819157999299932,1.5429891000676434,19.043690199992852,64.36145337470715,quality,not_promoted,-0.0059184137887010975,9.590069227366863e-05,0.40458074063062666,-0.009916270586351554,1.2598695541517675e-05,0.0,0.9999948412179946,0.10836319979280233,0.0,0.3723883628845215,1.5061981678009033,0.2858321964740753,0.0015035514952614903,0.011380976997315884,1.5046944618225098,0.28657588362693787,0.9984146356582642,2.5e-05,-0.303673654794693,-0.3176490068435669,-0.3172069787979126,0.3136247992515564,0.19785140454769135,-0.21436555683612823,-0.3052910268306732,0.3079637885093689,-0.24940432608127594,-0.20940500497817993,-0.20445361733436584,-0.15365660190582275,0.15423889458179474,0.0181259885430336,0.01851596310734749,0.01798621006309986,0.01798621006309986
70,690,699,10,10,2135,2135,0,0.0,2135,0,0.0,0,12.246455399988918,7.961654200073099,3.3291695000079926,1.6109711999888532,20.796894700004486,64.61209270667825,quality,not_promoted,0.0011906845166402705,7.942881791891791e-05,0.353910664206042,-0.002308707917109132,4.559093901982979e-06,0.0,1.0000197536805098,0.11933715844198185,0.014705882352941176,0.5547003149986267,1.5110265016555786,0.2877543866634369,-0.00011428692232584581,0.009486737661063671,1.5111408233642578,0.2882101833820343,0.9989131093025208,2.5e-05,-0.3037092983722687,-0.3177856206893921,-0.31734177470207214,0.3137356638908386,0.197812020778656,-0.21442990005016327,-0.30528613924980164,0.30803462862968445,-0.24937549233436584,-0.20955708622932434,-0.20456306636333466,-0.15367503464221954,0.1542719006538391,0.018126290291547775,0.01852092146873474,0.01798621006309986,0.01798621006309986
71,700,709,10,10,1951,1951,0,0.0,1951,0,0.0,0,10.53503160001128,6.918656900059432,2.2835185999574605,1.520627599034924,18.87626900000032,66.33504674047738,quality,not_promoted,0.0006865787680350965,8.90941703419817e-05,0.36504060895212237,-0.0029192790464167635,8.346699866436783e-06,0.0,1.000030525269047,0.13757237677852954,0.0,0.467620313167572,1.4672455787658691,0.2761179506778717,0.0007771622040309012,0.00982959009706974,1.466468334197998,0.2763342261314392,0.9987326860427856,2.5e-05,-0.30378204584121704,-0.31797564029693604,-0.31752637028694153,0.3139069974422455,0.19787393510341644,-0.214473158121109,-0.305326908826828,0.3081578314304352,-0.24937540292739868,-0.20964962244033813,-0.20464664697647095,-0.15370027720928192,0.15433457493782043,0.018125994130969048,0.01852307841181755,0.01798621006309986,0.01798621006309986
72,710,719,10,10,2270,2270,0,0.0,2270,0,0.0,0,12.409728600003291,8.56598189973738,3.0252775000117254,1.8615910995285958,25.04627099999925,60.60444319312322,quality,not_promoted,-8.628535498347548e-06,7.682400781858532e-05,0.35479244796766174,-0.0035181400404932597,0.0003035627978533739,0.001736111111111111,0.9996251480446922,0.14807734115877086,0.013888888888888888,1.2029484510421753,1.4876292943954468,0.26242905855178833,0.0014834280591458082,0.009423458017408848,1.4861457347869873,0.2650265693664551,0.998710572719574,2.5e-05,-0.30377471446990967,-0.31805044412612915,-0.31761065125465393,0.3139919936656952,0.1978357583284378,-0.21455411612987518,-0.3054523766040802,0.3082961142063141,-0.24942553043365479,-0.20980827510356903,-0.20464175939559937,-0.15379448235034943,0.15440824627876282,0.01813182607293129,0.01852336898446083,0.01798621006309986,0.01798621006309986
73,720,729,10,10,2514,2514,0,0.0,2514,0,0.0,0,21.10273850001977,9.09003249995294,13.5795215999824,1.988540200254647,27.097244599979604,52.157694636204816,quality,not_promoted,0.0018505287473089993,7.203989698609803e-05,0.33532464113086463,-0.0014666968869278207,6.201449140590398e-05,0.0,0.9997209131717681,0.10802886325400322,0.0125,0.5033139586448669,1.593687653541565,0.26232582330703735,-0.0008746361709199846,0.008922331035137177,1.594562292098999,0.2622453570365906,0.9988431334495544,2.5e-05,-0.3038373291492462,-0.3181857466697693,-0.3177669942378998,0.31417176127433777,0.19778849184513092,-0.21465162932872772,-0.305641233921051,0.3084637522697449,-0.24946482479572296,-0.20992279052734375,-0.2047349512577057,-0.1538429856300354,0.1544998288154602,0.018119659274816513,0.018530461937189102,0.01798621006309986,0.01798621006309986
74,730,739,10,10,2491,2491,0,0.0,2491,0,0.0,0,13.574194600019837,9.18120669980999,4.062958699971205,1.9603902999660932,26.927089100005105,61.50422338338046,quality,not_promoted,0.00011067058986578233,7.321361851772496e-05,0.34823866398670733,-0.0033351091939645507,6.753714115184733e-05,0.00020032051282051281,1.0001899271439283,0.1321053694551572,0.01282051282051282,0.5215843319892883,1.5622687339782715,0.26943349838256836,-0.0010958644561469555,0.009109479375183582,1.5633645057678223,0.26878753304481506,0.9988569021224976,2.5e-05,-0.3039933741092682,-0.31842905282974243,-0.3180236220359802,0.3144432604312897,0.1978272944688797,-0.21479536592960358,-0.3058009743690491,0.3086048662662506,-0.2494964450597763,-0.2100544273853302,-0.2048485428094864,-0.1538897007703781,0.15457572042942047,0.018115872517228127,0.018545648083090782,0.01798621006309986,0.01798621006309986
75,740,749,10,10,2681,2681,0,0.0,2681,0,0.0,0,17.437518699996872,10.469880499731516,4.776640299969586,2.000172600528458,29.730729300004896,56.83908378364826,quality,not_promoted,-0.0008323352806092728,5.604949759193308e-05,0.29612726008608226,-0.0037655834152939775,0.00014650004192974717,0.0011160714285714285,1.0006774699404126,0.09790314383627403,0.011904761904761904,0.5717732310295105,1.5346801280975342,0.26879894733428955,-0.0006724910344928503,0.007970656268298626,1.5353525876998901,0.26993903517723083,0.9991207122802734,2.5e-05,-0.30412721633911133,-0.31856971979141235,-0.3181750178337097,0.3145926892757416,0.19783154129981995,-0.21485766768455505,-0.3059397041797638,0.30863237380981445,-0.2495116889476776,-0.21016396582126617,-0.20494869351387024,-0.15394562482833862,0.15459024906158447,0.018124975264072418,0.018552519381046295,0.01798621006309986,0.01798621006309986
76,750,759,10,10,2141,2141,0,0.0,2141,0,0.0,0,11.578674499993213,7.7123133002605755,2.793653999979142,1.7105475997086614,21.34853829999338,65.02220558433879,quality,not_promoted,0.0031130013795679107,6.041033087539665e-05,0.34012722202083645,-0.0002580654793692862,2.9651887630547315e-05,0.0,0.9999143411131466,0.13815819080371192,0.04411764705882353,0.7206631302833557,1.510289192199707,0.26839736104011536,-1.913656342367176e-05,0.008110941387712955,1.5103082656860352,0.26986899971961975,0.9990867376327515,2.5e-05,-0.30417299270629883,-0.31868037581443787,-0.31827059388160706,0.3147067725658417,0.1979008913040161,-0.21492904424667358,-0.305920273065567,0.30861690640449524,-0.249497652053833,-0.21033094823360443,-0.2049611657857895,-0.15392017364501953,0.15458078682422638,0.018129346892237663,0.018557148054242134,0.01798621006309986,0.01798621006309986
77,760,769,10,10,1884,1884,0,0.0,1884,0,0.0,0,12.323593200009782,6.729864799533971,4.782833200035384,1.6013773999002296,18.855630199977895,60.42485330153363,quality,not_promoted,-0.002712944398323695,5.501941441252711e-05,0.35684583683808646,-0.006253893304771433,9.929005146395535e-06,0.0,1.0000408778587977,0.08441264675930142,0.0,0.2812204360961914,1.4909776449203491,0.2775147259235382,0.0017472347244620323,0.008565014228224754,1.4892305135726929,0.2813394069671631,0.9990474581718445,2.5e-05,-0.30427753925323486,-0.31889039278030396,-0.3184729516506195,0.3149224817752838,0.19787491858005524,-0.21506145596504211,-0.30595600605010986,0.3086663484573364,-0.24947750568389893,-0.210463285446167,-0.20496615767478943,-0.15393684804439545,0.15460743010044098,0.018133535981178284,0.018571805208921432,0.01798621006309986,0.01798621006309986
78,770,779,10,10,2129,2129,0,0.0,2129,0,0.0,0,12.255231800023466,7.652668499707943,4.816716800065478,1.6646150994347408,21.884143300005235,62.36200849494196,quality,not_promoted,-0.004850399255862131,6.123162224599476e-05,0.3233468050465864,-0.008053250966922325,0.00012622117018883515,0.0029871323529411763,1.0000371731379454,0.09323928779100671,0.0,0.34484001994132996,1.5017279386520386,0.2659623324871063,0.00042712356662377715,0.008011046797037125,1.5013008117675781,0.2664807140827179,0.999092698097229,2.5e-05,-0.3043407201766968,-0.3190995454788208,-0.31865593791007996,0.31517359614372253,0.19789959490299225,-0.21518956124782562,-0.3059772849082947,0.3087058365345001,-0.24954666197299957,-0.21063905954360962,-0.20497339963912964,-0.15392394363880157,0.1546276956796646,0.01813206635415554,0.018582962453365326,0.01798621006309986,0.01798621006309986
79,780,789,10,10,2157,2157,0,0.0,2157,0,0.0,0,11.254910299991025,7.692351200297708,2.672601600002963,1.7112866990210023,22.12468649999937,64.62031320883483,quality,not_promoted,0.0004538248142446665,7.111419884441763e-05,0.35894889121546464,-0.0031001072938499205,1.2401722788895849e-05,0.0,1.0000777814318151,0.08814293652882471,0.014705882352941176,0.5431758761405945,1.5027800798416138,0.2668950855731964,1.956314008566551e-05,0.008947094902396202,1.5027605295181274,0.2664211094379425,0.9988762140274048,2.5e-05,-0.30447304248809814,-0.31929606199264526,-0.3188408613204956,0.31543830037117004,0.1979430466890335,-0.21531686186790466,-0.3060295283794403,0.30881235003471375,-0.24940648674964905,-0.21077951788902283,-0.20507505536079407,-0.154007226228714,0.15468907356262207,0.01813376136124134,0.018593911081552505,0.01798621006309986,0.01798621006309986
80,790,799,10,10,2934,2934,0,0.0,2934,0,0.0,0,17.21657300001243,10.966454900306417,5.221890100016026,2.346449100325117,33.02667500000098,58.39590625190507,quality,not_promoted,-0.0006637843325734138,6.203561762326306e-05,0.2926906462272872,-0.0035596736403101163,0.00011038910009159261,0.0,1.000074214261511,0.08605655031683652,0.0,0.403514564037323,1.5644235610961914,0.26880455017089844,-0.0006948061054572463,0.008465109393000603,1.5651183128356934,0.26718252897262573,0.999008297920227,2.5e-05,-0.30449387431144714,-0.3194412589073181,-0.31898367404937744,0.31556978821754456,0.19804003834724426,-0.21534740924835205,-0.3061892092227936,0.30896082520484924,-0.2496347576379776,-0.21091510355472565,-0.20516151189804077,-0.15410511195659637,0.1547691971063614,0.018139326944947243,0.018595464527606964,0.01798621006309986,0.01798621006309986
81,800,809,10,10,2569,2569,0,0.0,2569,0,0.0,0,16.698180999985198,9.89558920043055,5.246218600019347,1.9136675001645926,27.847383700020146,57.67128595857023,quality,not_promoted,-0.006459978783912048,5.1339172564550564e-05,0.2839591999242945,-0.009273901070672564,3.414245752426767e-05,0.0,0.9999770761989966,0.09507714479979945,0.012195121951219513,0.552823007106781,1.516793131828308,0.26361238956451416,0.00013716379180550575,0.007359882816672325,1.5166561603546143,0.26390719413757324,0.9992204904556274,2.5e-05,-0.30436626076698303,-0.3196784555912018,-0.31923288106918335,0.31565821170806885,0.19800762832164764,-0.2155027836561203,-0.30625301599502563,0.3089834153652191,-0.2495618611574173,-0.21107274293899536,-0.20527036488056183,-0.15415526926517487,0.15478134155273438,0.018142659217119217,0.018605923280119896,0.01798621006309986,0.01798621006309986
82,810,819,10,10,2629,2629,0,0.0,2629,0,0.0,0,15.385722099978011,9.841199699876597,3.746626100037247,2.187123800016707,27.827087400015444,60.838441897659955,quality,not_promoted,0.0005904881150594779,6.626839988365689e-05,0.2819318480434872,-0.00219569510469834,7.351649331948942e-05,0.0,1.0001166540951956,0.09380729156657167,0.023809523809523808,1.1537070274353027,1.5457944869995117,0.25677305459976196,-0.000626303837634623,0.008834946900606155,1.546420931816101,0.256157785654068,0.9988161325454712,2.5e-05,-0.3044683039188385,-0.3198246657848358,-0.31935587525367737,0.31583383679389954,0.1980036199092865,-0.21559680998325348,-0.3063932955265045,0.3091532289981842,-0.24961817264556885,-0.2111731618642807,-0.20521330833435059,-0.15418942272663116,0.15487165749073029,0.018149707466363907,0.018614482134580612,0.01798621006309986,0.01798621006309986
83,820,829,10,10,2409,2409,0,0.0,2409,0,0.0,0,13.558706700016046,8.87267219973728,3.997393900033785,1.8498111000808422,27.066244600020582,59.298532623664414,quality,not_promoted,0.0015615860588456456,6.641802668271244e-05,0.31984904016319077,-0.0016036958059933233,5.208506724379821e-05,0.00020559210526315788,1.0001170423470045,0.10618123049406629,0.013157894736842105,1.14227294921875,1.519944190979004,0.2694811224937439,-0.0012237303890287876,0.008137130178511143,1.5211681127548218,0.26845306158065796,0.9990882277488708,2.5e-05,-0.3045198917388916,-0.31994542479515076,-0.3194613754749298,0.3159831166267395,0.1979256570339203,-0.21568140387535095,-0.3064177930355072,0.30925697088241577,-0.2496313899755478,-0.2113010436296463,-0.20523115992546082,-0.15418891608715057,0.15492722392082214,0.018151793628931046,0.01862144097685814,0.01798621006309986,0.01798621006309986
84,830,839,10,10,2289,2289,0,0.0,2289,0,0.0,0,12.018743500026176,8.428779599751579,2.870624200004386,1.6809127005981281,24.647653199994238,62.427732365605635,quality,not_promoted,0.0008309530870368084,5.4148932425353756e-05,0.33432650710973477,-0.002485237530587862,0.00010552613742081323,0.0011515022617661292,1.000193901360035,0.09934406565864468,0.0,0.35581913590431213,1.5273665189743042,0.27494800090789795,-0.0014111461350694299,0.00812587235122919,1.5287777185440063,0.27216461300849915,0.9991265535354614,2.5e-05,-0.30445653200149536,-0.32023027539253235,-0.31974542140960693,0.31614524126052856,0.1978590190410614,-0.21589145064353943,-0.3064350187778473,0.3094538152217865,-0.2495555728673935,-0.21149760484695435,-0.20529671013355255,-0.15425589680671692,0.15503300726413727,0.018153846263885498,0.018640665337443352,0.01798621006309986,0.01798621006309986
85,840,849,10,10,2295,2295,0,0.0,2295,0,0.0,0,22.115842600003816,8.208045099891024,13.97865839995211,1.7521611998672597,23.593617999984417,50.208424467835236,quality,not_promoted,-0.00027672945806342695,6.36715914576295e-05,0.35114216100838447,-0.003756315065806525,6.844403076103036e-05,0.001736111111111111,0.9997214724620184,0.08272466692142189,0.0,0.26940762996673584,1.559852123260498,0.2807444930076599,-0.0006784299621358514,0.008390235714614391,1.5605305433273315,0.28147590160369873,0.9991068243980408,2.5e-05,-0.30449816584587097,-0.32031896710395813,-0.31982263922691345,0.31627023220062256,0.19775556027889252,-0.2159654200077057,-0.30646219849586487,0.30956801772117615,-0.2494422048330307,-0.2117157131433487,-0.2052796334028244,-0.15430901944637299,0.1550944298505783,0.018154866993427277,0.01864755153656006,0.01798621006309986,0.01798621006309986
86,850,859,10,10,7593,7593,0,0.0,7593,0,0.0,0,73.44971300000907,36.37842839991208,8.620161100028781,10.581942296994384,79.82650749999448,49.53801689023135,quality,not_promoted,-0.00023540093939156592,0.009776024662902014,0.10793442245447586,0.0035732666259443687,3.121891002629707e-07,0.0,0.9999955734785866,0.1634135786874392,0.04201680672268908,0.8545067310333252,1.6237353086471558,0.23104801774024963,-0.008835424669086933,0.10145946592092514,1.6325709819793701,0.19768722355365753,0.8071673512458801,2.5e-05,-0.304500550031662,-0.32033368945121765,-0.31983599066734314,0.3162747323513031,0.19774793088436127,-0.215976282954216,-0.30648350715637207,0.3095901608467102,-0.2494381219148636,-0.2117505818605423,-0.205283060669899,-0.1543130725622177,0.15510663390159607,0.018155401572585106,0.018647678196430206,0.01798621006309986,0.01798621006309986
87,860,869,10,10,2656,2656,0,0.0,2656,0,0.0,0,14.642803700000513,10.08430140002747,3.510997999983374,2.0249400001193862,29.51627229998121,60.14618602982316,quality,not_promoted,-0.0023592444513702675,5.8736540246346046e-05,0.3722559302335694,-0.006052434704976068,0.0001216597156599164,0.0013020833333333333,1.000468293116206,0.09031164772542459,0.0,0.3055986762046814,1.5579047203063965,0.25598305463790894,0.001507402746938169,0.009111528284847736,1.5563971996307373,0.25695887207984924,0.9987330436706543,2.5e-05,-0.30464208126068115,-0.3204038143157959,-0.31990519165992737,0.31643351912498474,0.1977660059928894,-0.21605387330055237,-0.306612104177475,0.30984437465667725,-0.2492375522851944,-0.2119263857603073,-0.20521894097328186,-0.15445534884929657,0.1552468091249466,0.018149644136428833,0.01865789107978344,0.01798621006309986,0.01798621006309986
88,870,879,10,10,2232,2232,0,0.0,2232,0,0.0,0,12.194687300012447,8.282932899572188,2.9135170999506954,1.754646900226362,23.633182699995814,62.29787034505499,quality,not_promoted,-0.00015023382646696908,6.288279915419739e-05,0.3367379056555884,-0.003486171690747142,0.00013485886560309673,0.0013392857142857143,1.0001296256269727,0.08838026720498289,0.0,0.4847400486469269,1.5034263134002686,0.2655315697193146,0.001444919966161251,0.008781662210822105,1.5019813776016235,0.2658061981201172,0.9989062547683716,2.5e-05,-0.3047132194042206,-0.32065147161483765,-0.3201371431350708,0.3166806995868683,0.19775183498859406,-0.21619470417499542,-0.306657075881958,0.3099999725818634,-0.24910518527030945,-0.21202778816223145,-0.2052413523197174,-0.15454885363578796,0.1553313285112381,0.01815098151564598,0.018668239936232567,0.01798621006309986,0.01798621006309986
89,880,889,10,10,2279,2279,0,0.0,2279,0,0.0,0,14.684797500027344,8.702308500010986,4.276750299992273,1.6659493996703532,23.672510299977148,59.41501452298832,quality,not_promoted,0.0003313805080122418,5.9006006874066465e-05,0.3019553097999758,-0.002658669595904131,2.221833560156483e-05,0.0,1.0000974759459496,0.07473250853622125,0.0,0.4040186405181885,1.492841124534607,0.24635449051856995,0.002358376979827881,0.008063520304858685,1.4904826879501343,0.24721568822860718,0.9989286661148071,2.5e-05,-0.3045957088470459,-0.32086360454559326,-0.32034504413604736,0.3167932629585266,0.19773805141448975,-0.21634863317012787,-0.3066166043281555,0.30999618768692017,-0.24904125928878784,-0.21212151646614075,-0.20529869198799133,-0.15459966659545898,0.1553296446800232,0.018145034089684486,0.01868577115237713,0.01798621006309986,0.01798621006309986
90,890,899,10,10,2241,2241,0,0.0,2241,0,0.0,0,12.592674999992596,8.04653770031291,3.555977299984079,1.762413299526088,21.39735970000038,65.93108891414174,quality,not_promoted,-0.028568868525326252,5.9076408961189486e-05,0.30725229779879254,-0.03161185329372529,4.669687122158292e-05,0.0006510416666666666,0.9997458333770434,0.07987676134022574,0.0,0.42991024255752563,1.5291446447372437,0.273172527551651,0.00021462432050611824,0.00807166751474142,1.5289300680160522,0.2726879417896271,0.9991269111633301,2.5e-05,-0.30463501811027527,-0.3211042881011963,-0.32060325145721436,0.31693968176841736,0.19767087697982788,-0.21649163961410522,-0.3067164719104767,0.31007319688796997,-0.24908536672592163,-0.21222107112407684,-0.2053602635860443,-0.1546681821346283,0.15537096560001373,0.01814883202314377,0.018697107210755348,0.01798621006309986,0.01798621006309986
91,900,909,10,10,7084,7084,0,0.0,7084,0,0.0,0,72.69136179998168,35.33495999983279,5.173926600051345,10.552331201994093,74.68238000001293,48.068264491878836,quality,not_promoted,8.641849985128051e-05,0.0104782758664753,0.10261457552713854,0.00429941029896171,5.065891388780399e-07,0.0,0.9999794017624211,0.1983020955839337,0.04954954954954955,1.4335614442825317,1.6332178115844727,0.22835110127925873,-0.009387634694576263,0.10518977046012878,1.6426054239273071,0.1877840757369995,0.7878022193908691,2.5e-05,-0.3045891225337982,-0.32111668586730957,-0.3206191062927246,0.3169136047363281,0.19768261909484863,-0.2165016084909439,-0.30671972036361694,0.3100542426109314,-0.2490851730108261,-0.21223609149456024,-0.205373153090477,-0.1546671837568283,0.15536075830459595,0.018149040639400482,0.01869852840900421,0.01798621006309986,0.01798621006309986
92,910,919,10,10,2084,2084,0,0.0,2084,0,0.0,0,11.11363189999247,7.462656099989545,2.857823099999223,1.6874753992597107,21.126950400008354,64.63903103883911,quality,not_promoted,-0.00028836356024398947,0.0001004340983027677,0.34902525941530865,-0.003728399656459012,0.0001555971647659052,0.002840909090909091,0.999914060939442,0.09429012896549521,0.0,0.3834713399410248,1.5147156715393066,0.28273680806159973,-0.0012017837725579739,0.009398250840604305,1.515917420387268,0.27946680784225464,0.9988951086997986,2.5e-05,-0.3047073185443878,-0.3211241066455841,-0.32062628865242004,0.3169686794281006,0.19768452644348145,-0.21659015119075775,-0.30676397681236267,0.31014788150787354,-0.2491280734539032,-0.21236570179462433,-0.20538273453712463,-0.15475769340991974,0.15541140735149384,0.018142253160476685,0.018701117485761642,0.01798621006309986,0.01798621006309986
93,920,929,10,10,2649,2649,0,0.0,2649,0,0.0,0,15.710881400009384,9.991924699861556,4.188439899968216,2.1096211009426042,28.240107200021157,60.271681806906145,quality,not_promoted,-0.0011409701823833444,6.777226094744124e-05,0.27016290552204564,-0.003808712057347986,2.6484070999746985e-05,0.0,0.9998059868812561,0.05976230402787527,0.0,0.2071947455406189,1.541810393333435,0.2617517411708832,-0.0003850212087854743,0.008735528215765953,1.5421953201293945,0.2609093487262726,0.998886227607727,2.5e-05,-0.3046518564224243,-0.321340948343277,-0.32083651423454285,0.31708332896232605,0.19764336943626404,-0.21666112542152405,-0.30697402358055115,0.31032025814056396,-0.2491789013147354,-0.2125646322965622,-0.2054288387298584,-0.15482813119888306,0.1555100977420807,0.01814679242670536,0.018709126859903336,0.01798621006309986,0.01798621006309986
94,930,939,10,10,2219,2219,0,0.0,2219,0,0.0,0,12.570529499993427,8.089485000586137,3.5263327999564353,1.679169200186152,23.121880499995314,62.170080417677035,quality,not_promoted,0.00025585667629327095,6.679303483646696e-05,0.33379309560571396,-0.003048677685936647,1.6375673210079966e-05,0.0,0.9999202276979174,0.08086120880075863,0.0,0.30631524324417114,1.5544418096542358,0.26735275983810425,-0.0015085357008501887,0.009358617477118969,1.5559505224227905,0.2631848454475403,0.9987746477127075,2.5e-05,-0.30468833446502686,-0.32139748334884644,-0.3208989202976227,0.3170696496963501,0.19772829115390778,-0.21671824157238007,-0.3069881796836853,0.31038394570350647,-0.24923837184906006,-0.21263346076011658,-0.20537088811397552,-0.15490709245204926,0.15554571151733398,0.018147936090826988,0.018711082637310028,0.01798621006309986,0.01798621006309986
95,940,949,10,10,2495,2495,0,0.0,2495,0,0.0,0,14.415131199988537,9.169153800146887,5.70452580001438,1.9011535005120095,26.143816499999957,61.515402678968115,quality,not_promoted,-0.00013200324983933033,5.6223556058308204e-05,0.2853128124888127,-0.0029570190952374386,0.0001222598521490699,0.0010047822665327634,0.9994639341647809,0.11576980184047268,0.0,0.3643473982810974,1.52571702003479,0.2664247155189514,-0.0003497640136629343,0.007829047739505768,1.5260666608810425,0.26505276560783386,0.9991365075111389,2.5e-05,-0.30472660064697266,-0.321409672498703,-0.32089492678642273,0.3170773684978485,0.19782567024230957,-0.21678760647773743,-0.3070915937423706,0.3103841543197632,-0.24936732649803162,-0.21282623708248138,-0.2054300606250763,-0.154948428273201,0.15554507076740265,0.018154321238398552,0.018714044243097305,0.01798621006309986,0.01798621006309986
96,950,959,10,10,2428,2428,0,0.0,2428,0,0.0,0,13.882547699991846,9.009029600332724,4.697609399998328,1.7816053007554729,26.511421100003645,60.10798324922881,quality,not_promoted,-9.048056151521833e-06,5.9921274394008306e-05,0.30750729457328196,-0.003054160682950169,9.157904699015107e-05,0.0010279605263157894,0.9999917580893165,0.08989544347614835,0.013157894736842105,0.8405524492263794,1.5797251462936401,0.26830652356147766,-0.0009002664010040462,0.008419234305620193,1.5806254148483276,0.26654306054115295,0.9990153312683105,2.5e-05,-0.30482080578804016,-0.32155025005340576,-0.32102927565574646,0.3172750473022461,0.19782625138759613,-0.21688012778759003,-0.30707401037216187,0.3105723261833191,-0.2493528425693512,-0.21300765872001648,-0.20564347505569458,-0.15499597787857056,0.15564456582069397,0.018154125660657883,0.018727116286754608,0.01798621006309986,0.01798621006309986
97,960,969,10,10,2368,2368,0,0.0,2368,0,0.0,0,13.012860500020906,8.83019469998544,3.6178564000001643,1.8285456999146845,26.01998119999189,60.66686146500125,quality,not_promoted,2.0389061270130646e-05,5.429064618215922e-05,0.30745931332175797,-0.0030270589490395947,7.604481652379036e-06,0.0,0.9999872985723857,0.06778137748305862,0.0,0.32131728529930115,1.5241667032241821,0.26903048157691956,-0.0005083026480861008,0.007863463833928108,1.524674892425537,0.26761364936828613,0.9991456866264343,2.5e-05,-0.30489709973335266,-0.32170090079307556,-0.3211851418018341,0.3174176812171936,0.1977965533733368,-0.21696551144123077,-0.3070948123931885,0.3107203245162964,-0.2492726892232895,-0.21316838264465332,-0.20561835169792175,-0.15508775413036346,0.15571875870227814,0.01815374381840229,0.01874007284641266,0.01798621006309986,0.01798621006309986
98,970,979,10,10,2416,2416,0,0.0,2416,0,0.0,0,13.541919600014808,8.734573199617444,4.111612299981061,1.8262515996175352,24.86803189999773,62.90036580752286,quality,not_promoted,0.0003093677499380551,5.533742198263338e-05,0.32167714991067586,-0.002879734380832432,0.00010601686479479835,0.0008223684210526315,1.0003932549765235,0.0833265895121976,0.0,0.33676740527153015,1.5929381847381592,0.2702072560787201,-0.0015630415873602033,0.008322515524923801,1.59450101852417,0.2685263454914093,0.9990513324737549,2.5e-05,-0.30488231778144836,-0.3218437731266022,-0.3213220536708832,0.31749990582466125,0.19774381816387177,-0.2170572280883789,-0.30700984597206116,0.31086960434913635,-0.2491345852613449,-0.2132975310087204,-0.20557339489459991,-0.15515746176242828,0.15579473972320557,0.018152715638279915,0.018752114847302437,0.01798621006309986,0.01798621006309986
99,980,989,10,10,7034,7034,0,0.0,7034,0,0.0,0,72.0716684999934,35.243403599539306,7.013067899999442,10.29194440098945,75.53790950000985,47.65273429614334,quality,not_promoted,-5.207391963763671e-05,0.009383136163689248,0.11140805447304791,0.0035254140658335844,3.1879915547185854e-06,0.0,0.999996984817765,0.18176374033262785,0.045454545454545456,0.8568539023399353,1.6224967241287231,0.23581278324127197,-0.01021873764693737,0.10026054829359055,1.6327154636383057,0.1952989399433136,0.8192303776741028,2.5e-05,-0.3049146234989166,-0.3218451738357544,-0.3213263154029846,0.3175238072872162,0.19773359596729279,-0.21705646812915802,-0.3070162832736969,0.3108798563480377,-0.24914251267910004,-0.21331925690174103,-0.20558148622512817,-0.15517179667949677,0.15580040216445923,0.01815388910472393,0.01875511184334755,0.01798621006309986,0.01798621006309986
100,990,999,10,10,2757,2757,0,0.0,2757,0,0.0,0,16.95569999999134,10.364543699863134,4.521081500017317,2.260303899704013,26.7257650999818,63.116014851839196,quality,not_promoted,-0.0020203918472609735,6.199150948305032e-05,0.2659381653436206,-0.004648777513383803,8.754688553189929e-05,0.002130681818181818,0.9997205253351819,0.10276112498038194,0.011363636363636364,2.7969985008239746,1.5423637628555298,0.2571412920951843,-0.0006042351014912128,0.008641237393021584,1.5429680347442627,0.2590433359146118,0.9988707304000854,2.5e-05,-0.30496978759765625,-0.3220706284046173,-0.3215593099594116,0.31772851943969727,0.1977161020040512,-0.2171785831451416,-0.3072182536125183,0.31113898754119873,-0.24918995797634125,-0.21350158751010895,-0.2056845873594284,-0.15528593957424164,0.1559383124113083,0.018166881054639816,0.01876964420080185,0.01798621006309986,0.01798621006309986
101,1000,1009,10,10,2591,2591,0,0.0,2591,0,0.0,0,16.35864640001091,9.984918599628145,4.873192799946992,2.059988500288455,26.986391500016907,59.77616182908764,quality,not_promoted,0.0009185467823976423,6.482363588896456e-05,0.3020819759950405,-0.0020698610346809756,7.036434385554458e-05,0.0,1.0002036850626876,0.13849196721595236,0.024390243902439025,4.81099271774292,1.5082637071609497,0.2818678915500641,-0.0007224733708426356,0.008829349651932716,1.508986234664917,0.2837918698787689,0.9990187883377075,2.5e-05,-0.3050159811973572,-0.3221425712108612,-0.32162463665008545,0.317859411239624,0.19780972599983215,-0.21737195551395416,-0.307223379611969,0.31106600165367126,-0.24929946660995483,-0.21354933083057404,-0.20575129985809326,-0.15528817474842072,0.1558982878923416,0.018168292939662933,0.01877235434949398,0.01798621006309986,0.01798621006309986
102,1010,1019,10,10,2205,2205,0,0.0,2205,0,0.0,0,12.478303999989294,8.21928140023374,3.532444900047267,1.7428514994389843,22.28862289999961,63.42234406690411,quality,not_promoted,0.00264014211882438,5.935784034331196e-05,0.3182859437806266,-0.000513038135665868,2.636316993890172e-05,0.0,0.9999346605369023,0.08321211304781692,0.0,0.3156687021255493,1.5052162408828735,0.2714281976222992,0.0002511734201107174,0.008564000949263573,1.5049649477005005,0.2739596664905548,0.9990044832229614,2.5e-05,-0.3050939738750458,-0.32226264476776123,-0.32173898816108704,0.31792518496513367,0.19784706830978394,-0.21751387417316437,-0.30739885568618774,0.311143696308136,-0.24941472709178925,-0.21363164484500885,-0.20584046840667725,-0.15526166558265686,0.1559419333934784,0.018156422302126884,0.018780866637825966,0.01798621006309986,0.01798621006309986
103,1020,1029,10,10,3023,3023,0,0.0,3023,0,0.0,0,17.582658999977866,11.370415299956221,6.438249600032577,2.2895605993107893,33.726419999991776,58.91744811871966,quality,not_promoted,-0.002425522131185668,6.457305187268503e-05,0.2723104821828504,-0.0051163408170396,1.2223714697482771e-05,0.0,0.9999640099704266,0.08182987780310214,0.0,0.46253088116645813,1.5777769088745117,0.23360887169837952,-0.00017106170707847923,0.008709953166544437,1.577947974205017,0.23554880917072296,0.9986099004745483,2.5e-05,-0.3052694797515869,-0.3223172724246979,-0.32178810238838196,0.3180570900440216,0.19784455001354218,-0.2175540030002594,-0.3073895275592804,0.3111548125743866,-0.24940001964569092,-0.2137092500925064,-0.2059018909931183,-0.15526412427425385,0.15594767034053802,0.018165018409490585,0.018782839179039,0.01798621006309986,0.01798621006309986
104,1030,1039,10,10,2717,2717,0,0.0,2717,0,0.0,0,15.443903700012015,10.226068199903239,4.292102999956114,1.9417391982278787,30.322846900002332,59.36624218192034,quality,not_promoted,0.00048147989870157354,5.481516441356033e-05,0.27727992399487383,-0.002263911420392782,5.318557302765585e-06,0.0,1.000010808539945,0.09134947272494089,0.0,0.3881508409976959,1.5785807371139526,0.25897660851478577,-0.00027478212723508477,0.007997825741767883,1.5788557529449463,0.25913986563682556,0.999046266078949,2.5e-05,-0.3051892817020416,-0.3224652111530304,-0.3219297230243683,0.3181464672088623,0.1979399472475052,-0.21767348051071167,-0.3073292374610901,0.3111725151538849,-0.2493901401758194,-0.2138214111328125,-0.2059822678565979,-0.15526796877384186,0.15595631301403046,0.018164699897170067,0.018788522109389305,0.01798621006309986,0.01798621006309986
105,1040,1049,10,10,6633,6633,0,0.0,6633,0,0.0,0,70.65968679997604,34.27163990022382,4.614153800008353,8.911228600365575,71.3804981999856,46.698052385680796,quality,not_promoted,-5.791831063106656e-05,0.007300990324998006,0.10510191466444387,0.002541557976096206,1.1363828401355336e-06,0.0,0.9999994512360829,0.1720068649469445,0.02403846153846154,0.9370530843734741,1.5848551988601685,0.278231680393219,-0.00884196162223816,0.08801683783531189,1.593697190284729,0.24677561223506927,0.8999266624450684,2.5e-05,-0.3051620423793793,-0.32248154282569885,-0.3219433128833771,0.31814107298851013,0.19795148074626923,-0.2176862508058548,-0.30732065439224243,0.3111814856529236,-0.24936313927173615,-0.21386916935443878,-0.20601004362106323,-0.1552727371454239,0.15596053004264832,0.018165195360779762,0.018789537250995636,0.01798621006309986,0.01798621006309986
106,1050,1059,10,10,2435,2435,0,0.0,2435,0,0.0,0,12.881356300000334,8.977027700195322,3.6350499999825843,1.8511135998996906,25.8343853999977,62.89431360681187,quality,not_promoted,-0.007478331884321494,6.730936344212797e-05,0.3547722884477713,-0.01099240031833641,3.561780750220104e-05,0.0,1.0001344780127208,0.08317868564373408,0.0,0.49330708384513855,1.525823950767517,0.26546138525009155,-1.9856695871567354e-05,0.009438399225473404,1.5258437395095825,0.26812753081321716,0.9987358450889587,2.5e-05,-0.3051392138004303,-0.32271257042884827,-0.3221513330936432,0.3182257115840912,0.19778098165988922,-0.2177148014307022,-0.30728310346603394,0.31129002571105957,-0.24933168292045593,-0.21399188041687012,-0.2059534341096878,-0.15532457828521729,0.1560211330652237,0.018167242407798767,0.018800055608153343,0.01798621006309986,0.01798621006309986
107,1060,1069,10,10,6411,6411,0,0.0,6411,0,0.0,0,56.88449890000629,31.012845799996285,4.105132600001525,4.686286600510357,61.067736299999524,54.352509633490044,quality,not_promoted,-0.0006427651935137144,0.00442030739186791,0.10614099905890699,0.0005059785458563578,1.118123637383232e-06,0.0,1.0000486834214466,0.13056787568153722,0.0,0.44573846459388733,1.4164268970489502,0.34692955017089844,-0.006320929154753685,0.06800008565187454,1.4227477312088013,0.3296529948711395,0.961581826210022,2.5e-05,-0.30514058470726013,-0.3227856159210205,-0.3222261965274811,0.3182915449142456,0.19778209924697876,-0.21774797141551971,-0.3073054850101471,0.3113076686859131,-0.24932099878787994,-0.21402612328529358,-0.2059534639120102,-0.15532924234867096,0.15603198111057281,0.018167484551668167,0.018802043050527573,0.01798621006309986,0.01798621006309986
108,1070,1079,10,10,2622,2622,0,0.0,2622,0,0.0,0,15.167624299996532,9.913974700466497,3.0619010999798775,1.9442256987385917,27.13447379998979,61.98274122958567,quality,not_promoted,3.55916052329831e-05,6.952474319493887e-05,0.29566922129654305,-0.0028863385839319627,4.09082158491523e-06,0.0,0.9999418084214373,0.07482066904989684,0.012195121951219513,0.5212357044219971,1.5574232339859009,0.269771933555603,0.00038547327858395875,0.008825079537928104,1.5570378303527832,0.2708496153354645,0.9989298582077026,2.5e-05,-0.3051648736000061,-0.32296234369277954,-0.32241562008857727,0.31839072704315186,0.19788113236427307,-0.21783892810344696,-0.30716273188591003,0.3112916946411133,-0.24934619665145874,-0.21410445868968964,-0.2059059590101242,-0.1553092896938324,0.15602388978004456,0.01817389763891697,0.018812382593750954,0.01798621006309986,0.01798621006309986
109,1080,1089,10,10,2472,2472,0,0.0,2472,0,0.0,0,14.977824200002942,9.211925600189716,4.902645799971651,1.9220300004817545,27.12348189999466,58.715518091733045,quality,not_promoted,-0.002825077635068924,6.57374673606589e-05,0.31607571416176283,-0.00595296520101002,1.5598909484628493e-05,0.0,0.9999717588608081,0.07042176326593527,0.0,0.2905011475086212,1.5686837434768677,0.252780556678772,-0.00023880245862528682,0.008783657103776932,1.568922519683838,0.25299015641212463,0.9987925887107849,2.5e-05,-0.30524203181266785,-0.3231767416000366,-0.32262465357780457,0.3185671269893646,0.19778680801391602,-0.21801024675369263,-0.30724620819091797,0.3115067183971405,-0.24940773844718933,-0.21421928703784943,-0.20595228672027588,-0.15541493892669678,0.15614190697669983,0.018182924017310143,0.018830416724085808,0.01798621006309986,0.01798621006309986
110,1090,1099,10,10,2822,2822,0,0.0,2822,0,0.0,0,16.448026600002777,10.71577640005853,4.116906599956565,2.293561001395574,29.432265700015705,61.50789061121267,quality,not_promoted,0.002651931055717998,5.9984482262128344e-05,0.27084402441978456,-2.651646759154068e-05,0.00017489110620469244,0.0019097222222222222,1.0000030570560032,0.08031493809281123,0.011111111111111112,0.9235193133354187,1.6021113395690918,0.2504640817642212,-9.612139547243714e-05,0.0082526421174407,1.6022075414657593,0.25014689564704895,0.998914361000061,2.5e-05,-0.3052929937839508,-0.3231934905052185,-0.3226815164089203,0.318614661693573,0.19788208603858948,-0.2181384414434433,-0.30710718035697937,0.3116893172264099,-0.24926899373531342,-0.21436655521392822,-0.20603227615356445,-0.1554984450340271,0.1562383621931076,0.018186409026384354,0.018833253532648087,0.01798621006309986,0.01798621006309986
111,1100,1109,10,10,7257,7257,0,0.0,7257,0,0.0,0,69.5285784000007,34.88139800031786,4.483596400008537,10.48790280072717,73.82651800001622,50.62254626616221,quality,not_promoted,-0.00036779166150249933,0.0070772735444941705,0.09567776940795675,0.0022140674899626327,1.6040727292252555e-07,0.0,0.999996509991194,0.1819942088903892,0.039473684210526314,0.7870056629180908,1.5983293056488037,0.2664600610733032,-0.009014016017317772,0.08817581087350845,1.6073434352874756,0.22977317869663239,0.8904948234558105,2.5e-05,-0.305303692817688,-0.32318922877311707,-0.32267844676971436,0.3186143636703491,0.1978859156370163,-0.21814438700675964,-0.3071206510066986,0.31171587109565735,-0.24925027787685394,-0.21438753604888916,-0.20602980256080627,-0.15551887452602386,0.15625280141830444,0.018187884241342545,0.018831372261047363,0.01798621006309986,0.01798621006309986
112,1110,1119,10,10,2539,2539,0,0.0,2539,0,0.0,0,13.815679499995895,9.327727899682941,4.215862600016408,1.9404898992215749,25.557025699992664,64.48629798494866,quality,not_promoted,-0.001221625111065805,6.367710529957549e-05,0.29517603628337385,-0.00414154632599093,4.494012241025302e-05,0.0002906976733356714,1.0000361770391464,0.05930502829141915,0.0,0.1799846887588501,1.5408532619476318,0.25235074758529663,0.0003619615454226732,0.008734450675547123,1.5404913425445557,0.25020119547843933,0.9988020062446594,2.5e-05,-0.3051587641239166,-0.32342222332954407,-0.32290270924568176,0.3186739385128021,0.19788484275341034,-0.21818435192108154,-0.3071979284286499,0.3118520677089691,-0.24919965863227844,-0.21461229026317596,-0.20603397488594055,-0.15558308362960815,0.15632633864879608,0.018191881477832794,0.0188427846878767,0.01798621006309986,0.01798621006309986
113,1120,1129,10,10,2516,2516,0,0.0,2516,0,0.0,0,14.00587630001246,9.204889099986758,4.4097499000199605,1.8378397995547857,26.29579649999505,62.42917043382703,quality,not_promoted,0.0021299745189026,6.600753322345554e-05,0.2944807579740882,-0.0007818293524906039,3.6440757685163307e-06,0.0,1.0000572718679905,0.07993793552741409,0.0125,0.6592154502868652,1.6005951166152954,0.2569338083267212,0.000308514223434031,0.008639832027256489,1.600286602973938,0.2551916837692261,0.9988692402839661,2.5e-05,-0.3050810396671295,-0.32337939739227295,-0.3228825330734253,0.31871941685676575,0.19795891642570496,-0.21820229291915894,-0.30745747685432434,0.3120823800563812,-0.24923183023929596,-0.21479026973247528,-0.2060316950082779,-0.15569986402988434,0.1564471423625946,0.018192484974861145,0.01884353533387184,0.01798621006309986,0.01798621006309986
114,1130,1139,10,10,2595,2595,0,0.0,2595,0,0.0,0,14.47376650001388,9.692007999983616,3.4899603999510873,2.0328372006770223,27.744644399994286,61.46607474511785,quality,not_promoted,-0.00012251521210844923,6.151808635722107e-05,0.29734512709262895,-0.0030652068061299805,7.200865729828365e-05,0.0013338414634146342,1.0000168993705656,0.11056120384757112,0.024390243902439025,2.942910671234131,1.5310602188110352,0.26246917247772217,0.0009296549251303077,0.008341834880411625,1.530130386352539,0.2614981234073639,0.9989898800849915,2.5e-05,-0.3051704466342926,-0.3235326111316681,-0.3230490982532501,0.31895774602890015,0.19791848957538605,-0.21838617324829102,-0.30758988857269287,0.31215426325798035,-0.24921292066574097,-0.2149001657962799,-0.20597147941589355,-0.15575450658798218,0.15648481249809265,0.0181976817548275,0.018846407532691956,0.01798621006309986,0.01798621006309986
115,1140,1149,10,10,2796,2796,0,0.0,2796,0,0.0,0,16.94465599997784,10.869777400017483,3.9052633000246715,2.0123788999626413,29.957061499997508,59.614021597428064,quality,not_promoted,0.0009732396468858827,7.047057353950301e-05,0.2797190242192962,-0.0017887155012100595,2.9379218655766305e-05,0.0,1.0001835125413807,0.07177197431552816,0.0,0.45561739802360535,1.5360205173492432,0.27259406447410583,-0.0004693829105235636,0.008920933119952679,1.5364900827407837,0.2714081406593323,0.9989290237426758,2.5e-05,-0.3052935302257538,-0.32365578413009644,-0.32318171858787537,0.31908750534057617,0.1978815793991089,-0.21844303607940674,-0.3076016902923584,0.3122574985027313,-0.24920712411403656,-0.21511949598789215,-0.20599602162837982,-0.1558699607849121,0.15653370320796967,0.01820633001625538,0.018847648054361343,0.01798621006309986,0.01798621006309986
116,1150,1159,10,10,2975,2975,0,0.0,2975,0,0.0,0,18.42434339999454,11.691826700087404,3.479738099966198,2.2999550002568867,33.52144019998377,57.2712507892795,quality,not_promoted,0.0004093616982882327,6.687766363803406e-05,0.2701480382300438,-0.0022586793688304245,3.4361075009617205e-06,0.0,1.000044787183721,0.08315454340203011,0.0,0.4012422263622284,1.5887572765350342,0.28039559721946716,0.00012119580060243607,0.008604331873357296,1.588636040687561,0.2813563346862793,0.9990583658218384,2.5e-05,-0.30537036061286926,-0.32378172874450684,-0.3233163058757782,0.31928548216819763,0.19786788523197174,-0.21851441264152527,-0.3076786398887634,0.3124123811721802,-0.24913153052330017,-0.21529027819633484,-0.20597314834594727,-0.155953049659729,0.15661825239658356,0.01821022294461727,0.018849041312932968,0.01798621006309986,0.01798621006309986
117,1160,1169,10,10,2381,2381,0,0.0,2381,0,0.0,0,14.62668020001729,8.765692000102717,5.593324799992843,1.8024935993307736,25.215282099990873,59.76111272008086,quality,not_promoted,0.007355670567209783,5.872189376532333e-05,0.3061036563625461,0.004323995218759305,4.444775340766383e-06,0.0,1.0000917903686826,0.06655850234490476,0.0,0.4936710298061371,1.562493920326233,0.2721153497695923,0.00014865047705825418,0.008133480325341225,1.562345266342163,0.2727396786212921,0.9991065859794617,2.5e-05,-0.3052076995372772,-0.3239608705043793,-0.3234882056713104,0.3192746937274933,0.19774886965751648,-0.21859140694141388,-0.307782918214798,0.31249237060546875,-0.24917297065258026,-0.21549871563911438,-0.20606358349323273,-0.1559760868549347,0.15666332840919495,0.018208513036370277,0.018846938386559486,0.01798621006309986,0.01798621006309986
118,1170,1179,10,10,7396,7396,0,0.0,7396,0,0.0,0,73.31995199999074,36.087907899171114,8.347741799982032,10.879104499676032,79.9191862999869,48.2644321943507,quality,not_promoted,-0.00013539068810320619,0.005202228504991769,0.09866414309061806,0.0014790821153618362,4.954369590635417e-08,0.0,1.0000016766375508,0.16691453841611228,0.034482758620689655,0.8251137137413025,1.5922062397003174,0.30200305581092834,-0.008289621211588383,0.07632171362638474,1.6004959344863892,0.271347314119339,0.9361334443092346,2.5e-05,-0.3051590621471405,-0.3239779472351074,-0.3235020935535431,0.31924980878829956,0.19772009551525116,-0.21860100328922272,-0.3078097403049469,0.31251028180122375,-0.24918308854103088,-0.21555973589420319,-0.20607148110866547,-0.15599705278873444,0.15667323768138885,0.018209148198366165,0.018848415464162827,0.01798621006309986,0.01798621006309986
119,1180,1189,10,10,2940,2940,0,0.0,2940,0,0.0,0,16.450078299996676,10.95919139997568,6.0872449000307824,2.1684350010182243,34.50060389999999,57.702858392741845,quality,not_promoted,-5.534349981209506e-05,6.632373673631304e-05,0.3082946681458017,-0.003105128249760879,6.54659872796144e-05,0.0010190217391304348,1.0003104754116223,0.09340307584194385,0.0,0.42875710129737854,1.6351631879806519,0.2596145570278168,-0.002837576437741518,0.008812487125396729,1.638000726699829,0.2572883665561676,0.9988477826118469,2.5e-05,-0.30502942204475403,-0.3242059648036957,-0.3237153887748718,0.31931185722351074,0.1977633833885193,-0.21875958144664764,-0.3080105483531952,0.3127067983150482,-0.24937595427036285,-0.2156822234392166,-0.20603172481060028,-0.15607357025146484,0.15677686035633087,0.018228113651275635,0.01886015012860298,0.01798621006309986,0.01798621006309986
120,1190,1199,10,10,2325,2325,0,0.0,2325,0,0.0,0,13.595142500009388,8.558316800132161,3.867702300020028,1.7908784997707698,23.380484799999977,62.87925776446289,quality,not_promoted,0.0011501673206284239,6.050114653417778e-05,0.3092924700798215,-0.0019125069265027305,4.590610629214872e-06,0.0,0.9999442946266484,0.07369922662808283,0.0,0.3649727702140808,1.5911856889724731,0.2665559649467468,-0.002890723990276456,0.008854878135025501,1.59407639503479,0.2642044723033905,0.9988964796066284,2.5e-05,-0.30494046211242676,-0.32427579164505005,-0.32376766204833984,0.31933489441871643,0.19770397245883942,-0.2188349962234497,-0.30807504057884216,0.31275612115859985,-0.24939167499542236,-0.21581631898880005,-0.2060641646385193,-0.15615148842334747,0.15680360794067383,0.018230712041258812,0.01886565238237381,0.01798621006309986,0.01798621006309986
121,1200,1209,10,10,2868,2868,0,0.0,2868,0,0.0,0,17.942769199988106,10.945038700272562,7.696064400020987,2.123073701368412,31.943225499999244,57.491085769624384,quality,not_promoted,0.0003684492445447379,6.555036905208706e-05,0.2847883615228865,-0.0024466594370702904,2.850585664191385e-05,0.00034722222222222224,0.9998202674918705,0.06438721571531561,0.0,0.34987908601760864,1.5985028743743896,0.2731599509716034,-0.002268425654619932,0.0091627836227417,1.6007713079452515,0.2729954719543457,0.998874843120575,2.5e-05,-0.3049916625022888,-0.3243952691555023,-0.3239039182662964,0.3195083737373352,0.197728231549263,-0.21890567243099213,-0.30808699131011963,0.31277310848236084,-0.24953623116016388,-0.21588574349880219,-0.20611900091171265,-0.15620057284832,0.15680696070194244,0.018235230818390846,0.018879951909184456,0.01798621006309986,0.01798621006309986
122,1210,1219,10,10,2471,2471,0,0.0,2471,0,0.0,0,15.736846499989042,9.05258360010339,8.538710599939805,1.927854899666272,24.813793100009207,60.93615352000778,quality,not_promoted,0.00016662366807651825,6.44067693848718e-05,0.301376352707545,-0.0028149361053529456,7.793600649946688e-06,0.0,1.0000062141662989,0.09911381059254591,0.01282051282051282,0.9523122906684875,1.5988993644714355,0.2754901051521301,-0.0031452670227736235,0.008364682085812092,1.602044701576233,0.27655044198036194,0.999078094959259,2.5e-05,-0.3050062358379364,-0.32428961992263794,-0.32381799817085266,0.31950291991233826,0.1977004110813141,-0.2189227193593979,-0.3082313537597656,0.3129534125328064,-0.2495010793209076,-0.21604685485363007,-0.20614080131053925,-0.156294584274292,0.15690214931964874,0.01824137009680271,0.01887807995080948,0.01798621006309986,0.01798621006309986
123,1220,1229,10,10,2331,2331,0,0.0,2331,0,0.0,0,20.44342619998497,8.424746400181903,13.172940999938874,1.7931060003174935,24.856964200007496,51.456510184962724,quality,not_promoted,-0.0027772661399196935,5.437073254929478e-05,0.32421622747505036,-0.00599224230815732,4.4140954920629374e-05,0.000633445945945946,1.0000621942249504,0.07574976069500318,0.0,0.38022956252098083,1.5499823093414307,0.28115686774253845,-0.0030349462758749723,0.0077024176716804504,1.5530171394348145,0.2823789119720459,0.9992495179176331,2.5e-05,-0.30488672852516174,-0.32450395822525024,-0.3240363895893097,0.31963858008384705,0.1977573186159134,-0.21911564469337463,-0.30842825770378113,0.3129955232143402,-0.2495490163564682,-0.2162918895483017,-0.20621509850025177,-0.1563013643026352,0.1569250524044037,0.018230140209197998,0.01889646239578724,0.01798621006309986,0.01798621006309986
124,1230,1239,10,10,2333,2333,0,0.0,2333,0,0.0,0,23.31406109998352,8.563821300136624,13.895209899987094,1.7238888015854172,25.470774300018093,47.82223780957808,quality,not_promoted,-0.002108576430662258,5.2046683899911965e-05,0.3027283025754465,-0.005109836400889263,2.5717400529626157e-05,0.0,1.0000013564084027,0.05713188273177759,0.0,0.24760453402996063,1.5158910751342773,0.27887412905693054,-0.0021564275957643986,0.0077837565913796425,1.518047571182251,0.2811421751976013,0.9992209672927856,2.5e-05,-0.3048713803291321,-0.3247198164463043,-0.32425960898399353,0.3198010325431824,0.197672039270401,-0.2192961573600769,-0.3084207773208618,0.3130881190299988,-0.2495598942041397,-0.21642979979515076,-0.2062707096338272,-0.15631654858589172,0.1569751501083374,0.01822849176824093,0.01890910416841507,0.01798621006309986,0.01798621006309986
125,1240,1249,10,10,2566,2566,0,0.0,2566,0,0.0,0,24.101580599992303,9.640132100030314,15.408624200004851,1.9218783999967854,29.903218299994478,47.51429599343676,quality,not_promoted,0.004883946146725155,5.262754221781151e-05,0.31578707095326447,0.00175238883395384,1.3967247254407558e-05,0.0,1.0000353717222445,0.08284869428905772,0.012195121951219513,1.092944860458374,1.6134085655212402,0.2732827961444855,-0.0039761848747730255,0.007894204929471016,1.617384672164917,0.27352383732795715,0.9991655945777893,2.5e-05,-0.3045177757740021,-0.324673593044281,-0.3242166042327881,0.3195199966430664,0.1979295313358307,-0.21925120055675507,-0.3083886206150055,0.3129902780056,-0.2494957596063614,-0.2164883017539978,-0.20627932250499725,-0.15627215802669525,0.15692517161369324,0.018234603106975555,0.018926065415143967,0.01798621006309986,0.01798621006309986
126,1250,1259,10,10,2269,2269,0,0.0,2269,0,0.0,0,11.838270599982934,8.203011700185016,3.0622529000102077,1.6037304005294573,22.866228400002,65.38057212700247,quality,not_promoted,-0.0014520960523643428,5.9455293164016133e-05,0.3034286316898134,-0.0044566543785751695,1.1168213855938802e-06,0.0,1.0000420411427815,0.06525370045306368,0.0,0.3216041028499603,1.5286256074905396,0.27523672580718994,-0.0022889685351401567,0.00791055429726839,1.5309146642684937,0.2763461172580719,0.9991739392280579,2.5e-05,-0.3045116662979126,-0.32479920983314514,-0.3243557810783386,0.3195410966873169,0.19800876080989838,-0.21931415796279907,-0.3084944486618042,0.3131800591945648,-0.24950361251831055,-0.21671783924102783,-0.2063700258731842,-0.15633700788021088,0.15702304244041443,0.01822795160114765,0.018944060429930687,0.01798621006309986,0.01798621006309986
127,1260,1269,10,10,2280,2280,0,0.0,2280,0,0.0,0,12.30350140001974,8.297884399915347,3.4843208999955095,1.6652388990623876,24.006800300005125,62.79209737324872,quality,not_promoted,0.0019334052534153063,5.1807100943632475e-05,0.30763631665872204,-0.0011170533689437434,5.778946796731866e-05,0.0013020833333333333,0.9999922811985016,0.06938894831627193,0.0,0.28986164927482605,1.577165961265564,0.27748578786849976,-0.002419270807877183,0.007752015721052885,1.5795849561691284,0.2781023383140564,0.999219536781311,2.5e-05,-0.3045068085193634,-0.3248054087162018,-0.32435035705566406,0.319511353969574,0.19797319173812866,-0.21934711933135986,-0.3085826337337494,0.31330952048301697,-0.24952803552150726,-0.21686603128910065,-0.20638059079647064,-0.15644536912441254,0.15709102153778076,0.018231794238090515,0.018947606906294823,0.01798621006309986,0.01798621006309986
128,1270,1279,10,10,2698,2698,0,0.0,2698,0,0.0,0,16.178132100001676,10.088109500240535,5.284553899982711,2.0555136000039056,31.0636089000036,57.110511655353655,quality,not_promoted,0.0048179782298935015,5.270220037007591e-05,0.2748882626724798,0.0020954470464223346,3.262761002895067e-05,0.0001816860465116279,1.00002099123112,0.08539322815662206,0.011627906976744186,0.6134622097015381,1.5533655881881714,0.2711663544178009,-0.0009325413848273456,0.00785469263792038,1.5542981624603271,0.27267706394195557,0.9991609454154968,2.5e-05,-0.3046330511569977,-0.3248847723007202,-0.32441189885139465,0.31965357065200806,0.19798029959201813,-0.2194809466600418,-0.30866044759750366,0.31352129578590393,-0.24952208995819092,-0.21699213981628418,-0.20637035369873047,-0.15656594932079315,0.15720126032829285,0.01822923868894577,0.01895516738295555,0.01798621006309986,0.01798621006309986
129,1280,1289,10,10,2373,2373,0,0.0,2373,0,0.0,0,12.980454300006386,8.699778500071261,4.431736799975624,1.8590432001219597,25.897907000005944,61.0365231622879,quality,not_promoted,0.00026920097144810776,5.0695102201739484e-05,0.31417563126275416,-0.0028472083014141965,0.0001783317420631647,0.0038651316181609503,0.9992742232586208,0.09424168534429841,0.02631578947368421,0.7614776492118835,1.5562443733215332,0.26597175002098083,-0.0009599687764421105,0.007614378351718187,1.5572043657302856,0.2661078870296478,0.9991804361343384,2.5e-05,-0.3046237528324127,-0.324906587600708,-0.32446324825286865,0.31973737478256226,0.19795775413513184,-0.2195136547088623,-0.30875349044799805,0.3137129545211792,-0.2494383156299591,-0.2171524614095688,-0.2063988298177719,-0.15669327974319458,0.15730498731136322,0.018219957128167152,0.01896766573190689,0.01798621006309986,0.01798621006309986
130,1290,1299,10,10,2732,2732,0,0.0,2732,0,0.0,0,14.886545799992746,10.17995540026459,3.9202182000444736,2.0814993003441487,31.56771479998133,58.81053674550412,quality,not_promoted,-0.0009919884560499774,5.603161801889994e-05,0.300395060417264,-0.003967923317970925,2.0388101050198308e-05,0.0,0.9998952801837477,0.11039989110255657,0.023255813953488372,1.0611859560012817,1.57566237449646,0.26360124349594116,-0.0013066246174275875,0.007904913276433945,1.576969027519226,0.26511919498443604,0.9991006851196289,2.5e-05,-0.30462104082107544,-0.3251503109931946,-0.3247268795967102,0.31992965936660767,0.19797271490097046,-0.21966558694839478,-0.3088114857673645,0.3138148784637451,-0.24944476783275604,-0.21724708378314972,-0.20650430023670197,-0.15674197673797607,0.15735994279384613,0.01822534389793873,0.018987733870744705,0.01798621006309986,0.01798621006309986
131,1300,1309,10,10,2540,2540,0,0.0,2540,0,0.0,0,14.754205499979435,9.520700000342913,5.297964399913326,1.9301231997960713,28.743226999999024,58.3942512009475,quality,not_promoted,-3.263949183747172e-05,5.9917120915997656e-05,0.296165544167161,-0.002964336285367608,3.998778636082889e-05,0.00078125,1.0000733435153961,0.07621515634236857,0.0125,0.5540503859519958,1.5371652841567993,0.27473536133766174,-0.0006504314951598644,0.008158691227436066,1.537815809249878,0.27673324942588806,0.9991180896759033,2.5e-05,-0.3047371506690979,-0.3252873420715332,-0.32488834857940674,0.320049524307251,0.19789984822273254,-0.21979816257953644,-0.30894723534584045,0.3139629364013672,-0.2494562268257141,-0.21741588413715363,-0.20658563077449799,-0.15686486661434174,0.15743739902973175,0.018223419785499573,0.01899108663201332,0.01798621006309986,0.01798621006309986
132,1310,1319,10,10,2454,2454,0,0.0,2454,0,0.0,0,12.907060499972431,9.019746700039832,3.5550812000292353,1.8171059013111517,27.83590559998993,60.23125547558667,quality,not_promoted,0.001627598578731219,4.3499042756313706e-05,0.2873602263056315,-0.0012242534102346653,3.7577344877913442e-06,0.0,0.9998870132825314,0.09256406841226496,0.01282051282051282,0.5447708964347839,1.5403971672058105,0.2600315809249878,-0.00030868302565068007,0.006868727970868349,1.540705680847168,0.25998398661613464,0.9993022680282593,2.5e-05,-0.3047948181629181,-0.32525449991226196,-0.3248525857925415,0.3200794756412506,0.1979207992553711,-0.2198764979839325,-0.3090662658214569,0.3141469359397888,-0.24939283728599548,-0.21764764189720154,-0.20659929513931274,-0.15698346495628357,0.15753643214702606,0.01823304034769535,0.018997494131326675,0.01798621006309986,0.01798621006309986
133,1320,1329,10,10,2369,2369,0,0.0,2369,0,0.0,0,13.187664299999597,8.692165099608246,3.8629697999858763,1.8237133998190984,25.714889299997594,60.89574541451621,quality,not_promoted,-0.021772058276263506,5.039561251339221e-05,0.3042391936637853,-0.02478925179150936,1.3605364457410024e-05,0.0,1.0000709608981484,0.06228706206342107,0.0,0.29000574350357056,1.5343291759490967,0.2742258310317993,-0.0005429188604466617,0.007534258998930454,1.5348721742630005,0.27498310804367065,0.9992451667785645,2.5e-05,-0.3049039840698242,-0.32544609904289246,-0.32504430413246155,0.3202311396598816,0.19791582226753235,-0.2199786901473999,-0.30926215648651123,0.31426575779914856,-0.24950730800628662,-0.21785058081150055,-0.20660300552845,-0.1570025533437729,0.15760646760463715,0.018231794238090515,0.01901894062757492,0.01798621006309986,0.01798621006309986
134,1330,1339,10,10,3188,3188,0,0.0,3188,0,0.0,0,18.567092999990564,12.136133799591335,6.75910280001699,2.4395484998240136,35.928993300010916,58.49961376033555,quality,not_promoted,0.00014408850809559227,5.498005039044074e-05,0.2546463038027287,-0.002374884330201894,1.4511308175997329e-05,0.0,1.0000376319885254,0.06971500663086772,0.0,0.2609521746635437,1.6021583080291748,0.24655534327030182,-0.0005981636350043118,0.007245790679007769,1.602756381034851,0.24596445262432098,0.9991363286972046,2.5e-05,-0.304970383644104,-0.32556894421577454,-0.3251629173755646,0.3202764093875885,0.197823166847229,-0.22006994485855103,-0.3094528615474701,0.31449663639068604,-0.24955128133296967,-0.2181106060743332,-0.20669850707054138,-0.15712115168571472,0.15773198008537292,0.01823517493903637,0.019030053168535233,0.01798621006309986,0.01798621006309986
135,1340,1349,10,10,2524,2524,0,0.0,2524,0,0.0,0,14.141352200007532,9.358426800259622,4.963899499998661,1.9304817991505843,28.357721999986097,59.38952900767844,quality,not_promoted,0.0024417015025392174,5.168369273178541e-05,0.3200086338445544,-0.0007325429032789543,5.183248608773283e-05,0.0013671875,0.9997402615845203,0.06477720199618489,0.0,0.3703853189945221,1.5753401517868042,0.24601981043815613,-7.034272130113095e-05,0.007703549228608608,1.5754104852676392,0.24570176005363464,0.9990195035934448,2.5e-05,-0.30494192242622375,-0.3257289230823517,-0.3253205418586731,0.32026800513267517,0.1976485699415207,-0.2201293408870697,-0.30947545170783997,0.3146402835845947,-0.2495262622833252,-0.21829867362976074,-0.20675399899482727,-0.15721024572849274,0.15780949592590332,0.018239114433526993,0.019031647592782974,0.01798621006309986,0.01798621006309986
136,1350,1359,10,10,2419,2419,0,0.0,2419,0,0.0,0,13.466794800013304,8.932110399997327,3.512403900065692,1.9247340000292752,24.349444999999832,63.967227117042974,quality,not_promoted,-5.868827237894661e-06,5.3846682308894266e-05,0.3048558874349845,-0.0030275045275247017,1.5653974205402e-05,0.0,0.9999550157471707,0.0679039285322161,0.0,0.3143227696418762,1.5598424673080444,0.2642866373062134,-0.00026659341529011726,0.00789137464016676,1.5601089000701904,0.26479068398475647,0.9991084337234497,2.5e-05,-0.30492010712623596,-0.3258954882621765,-0.32549160718917847,0.320332795381546,0.19763708114624023,-0.22018644213676453,-0.309621125459671,0.31484460830688477,-0.24951866269111633,-0.21846041083335876,-0.206717386841774,-0.15729032456874847,0.1579115390777588,0.018239879980683327,0.019042925909161568,0.01798621006309986,0.01798621006309986
137,1360,1369,10,10,2356,2356,0,0.0,2356,0,0.0,0,12.777900099987164,8.598448799893958,3.8253626999794506,1.826589300238993,26.08190530000138,60.628198616781916,quality,not_promoted,0.000307780470245996,5.061901007335306e-05,0.3163502480129938,-0.0028304127328148162,1.3119289520404522e-05,0.0,0.9999208007309888,0.07120672062140058,0.0,0.3270680010318756,1.5423036813735962,0.2671523094177246,0.0002998353447765112,0.007711388170719147,1.5420039892196655,0.2662297487258911,0.9991667866706848,2.5e-05,-0.3049827814102173,-0.32612285017967224,-0.3257187604904175,0.32047343254089355,0.19761842489242554,-0.2203080654144287,-0.3095964789390564,0.31480270624160767,-0.24948902428150177,-0.21858331561088562,-0.20676352083683014,-0.15729907155036926,0.15788891911506653,0.018243864178657532,0.019052406772971153,0.01798621006309986,0.01798621006309986
138,1370,1379,10,10,2839,2839,0,0.0,2839,0,0.0,0,17.64718579998589,10.572926800407004,10.614257499983069,2.1578069010865875,32.72041650000028,56.3655975341272,quality,not_promoted,-0.003482817817065451,4.691281903635374e-05,0.2950863619645437,-0.0064102244252959885,0.00015598494943939537,0.003993055555555555,1.0007360716660818,0.07143324429376258,0.011111111111111112,1.4083914756774902,1.5795542001724243,0.24806010723114014,0.0002710011031012982,0.007386114448308945,1.579283356666565,0.24812963604927063,0.9991134405136108,2.5e-05,-0.30502060055732727,-0.32615968585014343,-0.3257506489753723,0.3205762207508087,0.19769322872161865,-0.22031475603580475,-0.30968576669692993,0.31500741839408875,-0.24950823187828064,-0.21884573996067047,-0.2067663073539734,-0.15747712552547455,0.15800097584724426,0.018240520730614662,0.01905352808535099,0.01798621006309986,0.01798621006309986
139,1380,1389,10,10,2593,2593,0,0.0,2593,0,0.0,0,14.107314799999585,9.559050900337752,3.608181399933528,1.9384166993258987,28.861273400019854,60.34640905420362,quality,not_promoted,-0.0021639896852032442,4.7440810748212685e-05,0.30316489353412535,-0.005171918571449634,9.040764082734208e-07,0.0,1.0000034883254911,0.06496105837158678,0.0,0.34757116436958313,1.5781385898590088,0.2653597891330719,-0.0011543913278728724,0.007188621908426285,1.5792927742004395,0.2649727761745453,0.9992661476135254,2.5e-05,-0.3051181137561798,-0.3263004720211029,-0.325890451669693,0.3206869661808014,0.1977248340845108,-0.22040705382823944,-0.30977970361709595,0.31523168087005615,-0.24940763413906097,-0.21906617283821106,-0.20681095123291016,-0.1575157791376114,0.15812280774116516,0.018241148442029953,0.019060645252466202,0.01798621006309986,0.01798621006309986
140,1390,1399,10,10,2943,2943,0,0.0,2943,0,0.0,0,17.072712199995294,11.392355599731673,3.8744680000527296,2.414014899666654,32.48226730001625,59.38858273565252,quality,not_promoted,6.830447819083929e-05,4.989119572754767e-05,0.26293237734100094,-0.0025360736206335864,9.749410286699261e-06,0.0,0.9999831027310827,0.07053774370528433,0.0,0.30277642607688904,1.5560463666915894,0.24075698852539062,-3.9228722016559914e-05,0.007567116059362888,1.5560857057571411,0.24061261117458344,0.9990121126174927,2.5e-05,-0.30518728494644165,-0.3265071213245392,-0.32609832286834717,0.320850133895874,0.19765087962150574,-0.22053225338459015,-0.3098316490650177,0.31525182723999023,-0.24925796687602997,-0.21919327974319458,-0.20678532123565674,-0.15756985545158386,0.15813280642032623,0.018233152106404305,0.019075646996498108,0.01798621006309986,0.01798621006309986
141,1400,1409,10,10,2345,2345,0,0.0,2345,0,0.0,0,13.471329899999546,8.57822619981016,3.799572200019611,1.7677452996140346,25.6711780000187,59.909293650520205,quality,not_promoted,-0.0003921724478336605,5.2082331348100454e-05,0.29649454858657476,-0.003331075907005249,1.4996441955098498e-05,0.0,1.0000864960051872,0.06765817500952934,0.0,0.3359711468219757,1.5477049350738525,0.26193562150001526,0.0004861408087890595,0.007609351072460413,1.547218918800354,0.2614046335220337,0.9991560578346252,2.5e-05,-0.3051912784576416,-0.3265964090824127,-0.3261789083480835,0.320881187915802,0.19764865934848785,-0.22060750424861908,-0.3099058270454407,0.3152954578399658,-0.24930061399936676,-0.2193089723587036,-0.2068624645471573,-0.15762192010879517,0.15815679728984833,0.018234599381685257,0.019082773476839066,0.01798621006309986,0.01798621006309986
142,1410,1419,10,10,7642,7642,0,0.0,7642,0,0.0,0,74.46472919997177,37.1944689998345,5.922375900001498,8.769428901869105,84.63813339997432,48.031819636176614,quality,not_promoted,-0.00035962439336193104,0.005421146739035976,0.09901412093701462,0.0013608073567108173,2.45764148974111e-06,0.0,1.0000097605089346,0.20640367681626232,0.04583333333333333,0.8281847238540649,1.572564721107483,0.2877744138240814,-0.007881047204136848,0.07695456594228745,1.5804457664489746,0.25945284962654114,0.928490400314331,2.5e-05,-0.3051784634590149,-0.32660746574401855,-0.3261937201023102,0.32088807225227356,0.19764111936092377,-0.22062179446220398,-0.309887558221817,0.3153091371059418,-0.24927206337451935,-0.2193441241979599,-0.20687949657440186,-0.15763257443904877,0.15816399455070496,0.018236123025417328,0.01908375695347786,0.01798621006309986,0.01798621006309986
143,1420,1429,10,10,2493,2493,0,0.0,2493,0,0.0,0,14.025822600000538,9.39748010013136,4.1221657000423875,1.9071122989989817,26.610649200010812,61.348829993634034,quality,not_promoted,3.969672924050918e-05,7.031145189382817e-05,0.27860277585494214,-0.0027111740215705372,3.134246978693985e-06,0.0,1.0000381836524377,0.0838844206972191,0.0,0.4518864154815674,1.5312620401382446,0.2548634111881256,0.0007870833505876362,0.008720786310732365,1.5304750204086304,0.2533947825431824,0.998829185962677,2.5e-05,-0.3051677346229553,-0.3266836702823639,-0.32624104619026184,0.3209138512611389,0.1976623833179474,-0.22064422070980072,-0.3099689483642578,0.3152851462364197,-0.24925556778907776,-0.21942313015460968,-0.20693208277225494,-0.15764233469963074,0.15815234184265137,0.01824064925312996,0.019087910652160645,0.01798621006309986,0.01798621006309986
144,1430,1439,10,10,2521,2521,0,0.0,2521,0,0.0,0,13.721689500001958,9.066686000005575,4.5118592000508215,1.9165166014281567,25.803485300013563,63.78213411466077,quality,not_promoted,-0.0056734099984169,5.8316384138379365e-05,0.2717329265549779,-0.008361581669305451,0.00013162447651779985,0.001171875,0.9996053069829941,0.08398405127227307,0.0,0.4960462749004364,1.565183162689209,0.25210779905319214,1.9091157810180448e-05,0.008004479110240936,1.5651640892028809,0.25176283717155457,0.9989919066429138,2.5e-05,-0.30519533157348633,-0.3267526924610138,-0.3263109028339386,0.32093527913093567,0.19767192006111145,-0.22067585587501526,-0.31011828780174255,0.3154379725456238,-0.24921166896820068,-0.21966023743152618,-0.20705583691596985,-0.15776409208774567,0.15823158621788025,0.018240442499518394,0.019087443128228188,0.01798621006309986,0.01798621006309986
145,1440,1449,10,10,3024,3024,0,0.0,3024,0,0.0,0,19.403760899993358,11.688515199464746,7.449113299953751,2.2960957997711375,33.04100359999575,57.6606650602965,quality,not_promoted,0.0010019581532105803,4.487299376402613e-05,0.24505650391802192,-0.0014261696269386448,2.8933476035793624e-06,0.0,0.9999944567680359,0.06069606772507541,0.0,0.42652472853660583,1.5380644798278809,0.2546001374721527,0.0002417524956399575,0.007289833389222622,1.5378227233886719,0.25293269753456116,0.9991801977157593,2.5e-05,-0.3051970601081848,-0.32704517245292664,-0.32662129402160645,0.32114309072494507,0.19767479598522186,-0.22085386514663696,-0.3102964162826538,0.315511554479599,-0.24922846257686615,-0.2197916954755783,-0.20698462426662445,-0.15780271589756012,0.15826959908008575,0.01824885606765747,0.01910298317670822,0.01798621006309986,0.01798621006309986
146,1450,1459,10,10,7206,7206,0,0.0,7206,0,0.0,0,70.02387749997433,35.22838779882295,3.766998999984935,10.719126398442313,74.00274260001606,50.032417583619186,quality,not_promoted,-0.00014071493302430726,0.006045706189327744,0.09149215173025706,0.0019672164828434123,2.352150932363911e-06,0.0,1.0000223148185594,0.19463775929195426,0.048672566371681415,0.9034141898155212,1.5994234085083008,0.289099782705307,-0.008966680616140366,0.08315446227788925,1.608390212059021,0.2540713846683502,0.9172676205635071,2.5e-05,-0.3051697909832001,-0.32707837224006653,-0.3266473710536957,0.32114550471305847,0.19767199456691742,-0.22085395455360413,-0.3103387653827667,0.3155224025249481,-0.2492230385541916,-0.21981701254844666,-0.2069776952266693,-0.1578051596879959,0.1582755446434021,0.01824679784476757,0.019104190170764923,0.01798621006309986,0.01798621006309986
147,1460,1469,10,10,2834,2834,0,0.0,2834,0,0.0,0,19.13534829998389,10.598294899886241,8.830852999933995,2.1884762985282578,29.33441579999635,58.4694407456618,quality,not_promoted,-0.005105884538756477,5.983646454599996e-05,0.2909000742766592,-0.007984966844216818,1.3479623328609906e-05,0.0,1.0000286115540398,0.07795697008776996,0.011111111111111112,1.3502265214920044,1.5890713930130005,0.25887733697891235,-0.0008391219889745116,0.008100181818008423,1.589910626411438,0.25784748792648315,0.9990209341049194,2.5e-05,-0.3052109479904175,-0.3271605968475342,-0.32673895359039307,0.32123395800590515,0.1976226568222046,-0.22102080285549164,-0.3104962110519409,0.3156432807445526,-0.2492014467716217,-0.21999379992485046,-0.20687025785446167,-0.15785624086856842,0.1583385169506073,0.018244918435811996,0.019114231690764427,0.01798621006309986,0.01798621006309986
148,1470,1479,10,10,2484,2484,0,0.0,2484,0,0.0,0,13.75756560001173,9.30287710018456,3.8852390999963973,1.9208153011568356,27.584477500000503,60.08411325949358,quality,not_promoted,-0.000524744069060454,5.9786249972276914e-05,0.33619122971326876,-0.003856762783983961,3.164116448281162e-06,0.0,0.9999989034273685,0.09055143582801788,0.02564102564102564,0.6526304483413696,1.5857031345367432,0.2625431418418884,-0.0008342180517502129,0.008167329244315624,1.58653724193573,0.2623777985572815,0.9990322589874268,2.5e-05,-0.3051581084728241,-0.32734525203704834,-0.3269346356391907,0.32126590609550476,0.19751304388046265,-0.22116953134536743,-0.31055039167404175,0.3157164454460144,-0.24921831488609314,-0.22018694877624512,-0.2068364918231964,-0.1579357534646988,0.1583774983882904,0.018242351710796356,0.019128721207380295,0.01798621006309986,0.01798621006309986
149,1480,1489,10,10,2755,2755,0,0.0,2755,0,0.0,0,15.875019600003725,10.325101799768163,5.27087959999335,2.0640872001531534,31.48823220000486,58.167458848328074,quality,not_promoted,-0.0005598836578428745,5.0588583173355964e-05,0.29913569563491776,-0.003525946731149981,4.6747504243039763e-05,0.0,0.9998844191431999,0.07227029111659662,0.0,0.2622315585613251,1.5732046365737915,0.2625063359737396,-0.0005267547094263136,0.007705428171902895,1.5737313032150269,0.26235097646713257,0.999138355255127,2.5e-05,-0.30517205595970154,-0.32740214467048645,-0.3269686698913574,0.32130250334739685,0.19751015305519104,-0.22120453417301178,-0.31072768568992615,0.315782368183136,-0.24932783842086792,-0.22032517194747925,-0.20687614381313324,-0.15799155831336975,0.158412903547287,0.018237361684441566,0.019132724031805992,0.01798621006309986,0.01798621006309986
150,1490,1499,10,10,2433,2433,0,0.0,2433,0,0.0,0,14.401520500017796,8.977129999839235,5.49331379996147,1.7805925005523022,25.149027299979934,61.516214953668474,quality,not_promoted,-0.00845660789248844,5.347945893145852e-05,0.2600757353580915,-0.011030625623579208,1.3737694527476262e-06,0.0,0.999999402425228,0.05279217695053189,0.0,0.44057583808898926,1.5398333072662354,0.2647343873977661,-0.00022609099687542766,0.008124042302370071,1.5400593280792236,0.2641734778881073,0.9990582466125488,2.5e-05,-0.3052005171775818,-0.3275148272514343,-0.32708942890167236,0.32138049602508545,0.19747768342494965,-0.22127066552639008,-0.31082186102867126,0.31595373153686523,-0.24922864139080048,-0.22055864334106445,-0.206847682595253,-0.15808208286762238,0.1585078239440918,0.018236955627799034,0.01913812942802906,0.01798621006309986,0.01798621006309986
151,1500,1509,10,10,2591,2591,0,0.0,2591,0,0.0,0,15.741538600006606,9.651351900130976,5.130751799995778,1.978129700262798,27.22640769998543,60.300764246684054,quality,not_promoted,-0.0017440019675144336,5.494496965583516e-05,0.2887708135857815,-0.004604237068944224,2.371886594720061e-06,0.0,1.000021648843114,0.06411932805189635,0.012195121951219513,0.7680694460868835,1.5775911808013916,0.2730007469654083,-0.0007792412652634084,0.007679878268390894,1.578370213508606,0.27341678738594055,0.9992086291313171,2.5e-05,-0.30536967515945435,-0.3278336524963379,-0.32740652561187744,0.3216760754585266,0.19745293259620667,-0.22149106860160828,-0.3108830153942108,0.316058486700058,-0.24931566417217255,-0.22067035734653473,-0.20697447657585144,-0.1581348180770874,0.15856517851352692,0.018240494653582573,0.019146397709846497,0.01798621006309986,0.01798621006309986
152,1510,1519,10,10,2599,2599,0,0.0,2599,0,0.0,0,13.735223600000609,9.448479700251482,3.806920300005004,1.9257674984983169,29.19372489998932,60.541897503047615,quality,not_promoted,-0.0016231158884560189,4.953684299657541e-05,0.2740762817060075,-0.004339109793895992,6.462217874440473e-06,0.0,1.0000117835475177,0.058268054956343115,0.0,0.33224380016326904,1.5297831296920776,0.2664480209350586,-0.00046087082591839135,0.007405921816825867,1.530243992805481,0.2660709023475647,0.9992274641990662,2.5e-05,-0.3054617643356323,-0.3279801607131958,-0.32752785086631775,0.32184767723083496,0.19737447798252106,-0.2215510755777359,-0.3109907805919647,0.31623315811157227,-0.24937936663627625,-0.22082403302192688,-0.2070380002260208,-0.15813826024532318,0.15865866839885712,0.018238509073853493,0.019150737673044205,0.01798621006309986,0.01798621006309986
153,1520,1529,10,10,2339,2339,0,0.0,2339,0,0.0,0,12.42201889998978,8.61644430004526,3.471206099988194,1.7231443002528977,25.170191200013505,62.22033750550345,quality,not_promoted,0.0011327542691818766,5.015162812039332e-05,0.2908633180164002,-0.0017508027502461463,4.542518047958157e-06,0.0,0.9999312436258471,0.06331253337447305,0.013513513513513514,1.1553447246551514,1.5293474197387695,0.26740193367004395,-0.0010362756438553333,0.00768500380218029,1.5303834676742554,0.2693959176540375,0.9991740584373474,2.5e-05,-0.30547988414764404,-0.32819125056266785,-0.3276963531970978,0.3220057785511017,0.19741937518119812,-0.22171883285045624,-0.31105756759643555,0.3162154257297516,-0.24927110970020294,-0.2210308164358139,-0.20712590217590332,-0.15815438330173492,0.15864834189414978,0.01823766902089119,0.01915586180984974,0.01798621006309986,0.01798621006309986
154,1530,1539,10,10,3008,3008,0,0.0,3008,0,0.0,0,19.408408799994504,11.238686300057452,8.991762100020424,2.5092555002192967,33.05929999999353,57.33050039342839,quality,not_promoted,-0.00012529768208239942,4.660890149256026e-05,0.23728606707238137,-0.00247485386802161,2.8550849628060106e-05,0.0,1.0000864831691092,0.06892534928951174,0.0,0.46406614780426025,1.621590495109558,0.2480543851852417,-0.0011638073483482003,0.007442401722073555,1.6227543354034424,0.24976342916488647,0.9990997910499573,2.5e-05,-0.30535927414894104,-0.3282429277896881,-0.32775139808654785,0.3219164311885834,0.19744019210338593,-0.22176845371723175,-0.31116408109664917,0.316396564245224,-0.24931178987026215,-0.22123204171657562,-0.20717684924602509,-0.15828299522399902,0.15874625742435455,0.018232569098472595,0.019164539873600006,0.01798621006309986,0.01798621006309986
155,1540,1549,10,10,2462,2462,0,0.0,2462,0,0.0,0,13.059070799994515,9.0927524001454,3.259210999996867,1.8934681001119316,28.729552800010424,58.91555614671427,quality,not_promoted,-0.003445517331457291,4.827976501987089e-05,0.32097726544508565,-0.0066311501909811525,9.380060842181009e-05,0.0028044871794871795,1.000135743465179,0.0682213682299241,0.0,0.34021157026290894,1.5378458499908447,0.26583340764045715,-0.0008713837014511228,0.0073880660347640514,1.538717269897461,0.26682570576667786,0.9992275834083557,2.5e-05,-0.3053433895111084,-0.3286142349243164,-0.32811710238456726,0.3221701979637146,0.19744554162025452,-0.22200587391853333,-0.31127241253852844,0.31662410497665405,-0.24942252039909363,-0.2214052826166153,-0.20710784196853638,-0.15840201079845428,0.15887224674224854,0.018236195668578148,0.01918044313788414,0.01798621006309986,0.01798621006309986
156,1550,1559,10,10,2425,2425,0,0.0,2425,0,0.0,0,13.841600200015819,8.749084800045239,4.008503499964718,1.8144879007304553,25.74172659998294,61.26316800638586,quality,not_promoted,-0.0003610101258872371,4.930594815576976e-05,0.3131905935312572,-0.0034682628588358824,9.901912284174399e-06,0.0,0.9999740108063346,0.06676944381998558,0.0,0.4158326983451843,1.5284608602523804,0.27509358525276184,-0.001352308550849557,0.0075038131326437,1.5298131704330444,0.27592378854751587,0.9992559552192688,2.5e-05,-0.30543428659439087,-0.32874223589897156,-0.3281710147857666,0.32233306765556335,0.19744405150413513,-0.22215352952480316,-0.3114355206489563,0.31661513447761536,-0.24944934248924255,-0.22160542011260986,-0.20712308585643768,-0.15839459002017975,0.15886837244033813,0.01823381893336773,0.019198590889573097,0.01798621006309986,0.01798621006309986
157,1560,1569,10,10,3044,3044,0,0.0,3044,0,0.0,0,17.56625730000087,11.520677300024545,5.803862999979174,2.435588000691496,34.59441479999805,58.35814374025413,quality,not_promoted,-0.000435706654873987,5.205254266608487e-05,0.26499278703704476,-0.0030596082700261227,2.4360238429999015e-05,0.0003255208333333333,0.9999202222873768,0.07420769925617303,0.0,0.4049670696258545,1.6172510385513306,0.23732052743434906,-0.0010830741375684738,0.00782308354973793,1.6183339357376099,0.23728902637958527,0.9989133477210999,2.5e-05,-0.3055627644062042,-0.328820139169693,-0.3282777667045593,0.32249802350997925,0.197392076253891,-0.22221675515174866,-0.3114108443260193,0.3166465759277344,-0.24938534200191498,-0.22179044783115387,-0.20725323259830475,-0.15843942761421204,0.1588853895664215,0.018229668959975243,0.01920444518327713,0.01798621006309986,0.01798621006309986
158,1570,1579,10,10,2407,2407,0,0.0,2407,0,0.0,0,16.268857399991248,9.067117399856215,8.593795099994168,1.848568599903956,28.347255500004394,53.949119355044374,quality,not_promoted,-0.0012413010393318377,4.613671837049831e-05,0.29833097559841054,-0.004201542904698535,8.240895264658608e-05,0.001850328947368421,1.0002605436663878,0.06111447854996904,0.0,0.2520236074924469,1.5216963291168213,0.27111393213272095,-0.00010042062785942107,0.007097883615642786,1.5217968225479126,0.27197301387786865,0.9993146061897278,2.5e-05,-0.3058130443096161,-0.32881197333335876,-0.32826176285743713,0.32267263531684875,0.19737891852855682,-0.22224436700344086,-0.3116108477115631,0.3167976140975952,-0.24938735365867615,-0.22191227972507477,-0.20740437507629395,-0.15857785940170288,0.1589677631855011,0.018229106441140175,0.019201112911105156,0.01798621006309986,0.01798621006309986
159,1580,1589,10,10,2938,2938,0,0.0,2938,0,0.0,0,17.645035800000187,10.968881100299768,7.54372209997382,2.30032089955057,31.81887590000406,59.396839008989005,quality,not_promoted,0.00013845099095741043,4.557980082608992e-05,0.24097346749318682,-0.002248493873554727,3.493039530093997e-05,0.00018740629615343136,0.999889110741408,0.10063503931640931,0.03260869565217391,0.6560510993003845,1.5945923328399658,0.2505689263343811,0.0004063881642650813,0.007035891991108656,1.5941859483718872,0.250244140625,0.9992115497589111,2.5e-05,-0.3058871924877167,-0.3289669156074524,-0.3284004032611847,0.3228282928466797,0.19729073345661163,-0.2223156988620758,-0.3115402162075043,0.3169173300266266,-0.24936451017856598,-0.2221025824546814,-0.2073928266763687,-0.15861773490905762,0.15902763605117798,0.018226230517029762,0.019214659929275513,0.01798621006309986,0.01798621006309986
160,1590,1599,10,10,2597,2597,0,0.0,2597,0,0.0,0,14.988561600010144,9.694901100039715,4.90519039996434,1.9701880017819349,29.16801530000521,58.8134357851253,quality,not_promoted,0.0023569282507751046,4.399665890448931e-05,0.32378952877550593,-0.0008589682203331371,3.19185781061761e-05,0.0005716463414634146,0.999703775818755,0.07030680063521354,0.0,0.3056008517742157,1.593918800354004,0.2515936493873596,0.00045506676542572677,0.0071306792087852955,1.5934637784957886,0.25111135840415955,0.9991967082023621,2.5e-05,-0.3058161437511444,-0.32905030250549316,-0.32845255732536316,0.3228568732738495,0.1973797231912613,-0.22236405313014984,-0.3118652105331421,0.31728097796440125,-0.2495320737361908,-0.22230608761310577,-0.2074519842863083,-0.15871761739253998,0.15922120213508606,0.018224617466330528,0.01921522058546543,0.01798621006309986,0.01798621006309986
161,1600,1609,10,10,2460,2460,0,0.0,2460,0,0.0,0,14.384336200018879,9.210353399888845,5.829352100001415,1.8931150999560487,26.15557090000948,60.68094813168132,quality,not_promoted,-0.0023503767039913396,4.870168546543797e-05,0.2920702078785652,-0.0052467278318288615,2.086101086645041e-05,0.0,1.0002213204518342,0.06895893465918608,0.01282051282051282,1.260376214981079,1.5556567907333374,0.25735071301460266,0.0004713592061307281,0.007531041279435158,1.5551854372024536,0.2565549612045288,0.999143660068512,2.5e-05,-0.3059319257736206,-0.32930344343185425,-0.3287261128425598,0.3231276273727417,0.19736427068710327,-0.22250361740589142,-0.31192854046821594,0.31754887104034424,-0.24956068396568298,-0.2224860042333603,-0.2075406312942505,-0.15886346995830536,0.15936650335788727,0.01822848431766033,0.019223863258957863,0.01798621006309986,0.01798621006309986
162,1610,1619,10,10,3087,3087,0,0.0,3087,0,0.0,0,18.499747399997432,12.066812600067351,4.819846600032179,2.4390499006258324,35.19286130002001,57.49394702066314,quality,not_promoted,-0.0026150330597040604,4.276501491700883e-05,0.2842558327378059,-0.005436208600425447,8.984186605832237e-05,0.002232142857142857,1.0001170118244327,0.06375013767000363,0.0,0.31330081820487976,1.5538753271102905,0.2508787512779236,0.0004097461642231792,0.006656862795352936,1.5534656047821045,0.25049731135368347,0.9992959499359131,2.5e-05,-0.30594000220298767,-0.3294548988342285,-0.32889074087142944,0.3232448399066925,0.1972932368516922,-0.2226046472787857,-0.31203997135162354,0.3177857995033264,-0.24942202866077423,-0.2226715385913849,-0.20771589875221252,-0.1590660959482193,0.15949779748916626,0.018222656100988388,0.01923484355211258,0.01798621006309986,0.01798621006309986
163,1620,1629,10,10,3067,3067,0,0.0,3067,0,0.0,0,20.398658899997827,11.975000900391024,7.051307700021425,2.4319034994696267,34.42141969999648,55.94665455296007,quality,not_promoted,0.00025501882191747427,4.2585992218846513e-05,0.2567695900797844,-0.0022913844756355197,1.059317359978588e-05,0.0,1.0000500474125147,0.08756638663665701,0.0,0.4858943521976471,1.58927583694458,0.23914334177970886,-0.00011630375956883654,0.007172655779868364,1.5893923044204712,0.24008502066135406,0.999100387096405,2.5e-05,-0.30586862564086914,-0.32953310012817383,-0.3290058672428131,0.3232668340206146,0.19726890325546265,-0.2226615697145462,-0.3121703267097473,0.3180443048477173,-0.24951595067977905,-0.22281073033809662,-0.20783497393131256,-0.1592327058315277,0.1596411019563675,0.018224170431494713,0.01924399845302105,0.01798621006309986,0.01798621006309986
164,1630,1639,10,10,2453,2453,0,0.0,2453,0,0.0,0,13.932419899996603,9.182611500058556,2.9969229999987874,1.8324573998979758,24.54138910002075,63.7576591389455,quality,not_promoted,0.004561399420102437,3.9496125212351144e-05,0.2773679491036978,0.0018074683343561797,1.4889881576151945e-05,0.0,1.000026631813783,0.08647654341677061,0.01282051282051282,0.517909586429596,1.5813274383544922,0.26490044593811035,0.0005417726933956146,0.006558678112924099,1.580785870552063,0.26526206731796265,0.9993869662284851,2.5e-05,-0.30588191747665405,-0.32956451177597046,-0.3290533721446991,0.32334670424461365,0.19719761610031128,-0.22271859645843506,-0.31218183040618896,0.31810757517814636,-0.24950294196605682,-0.2229248434305191,-0.20791873335838318,-0.1592499166727066,0.15967659652233124,0.01822570711374283,0.019249528646469116,0.01798621006309986,0.01798621006309986
165,1640,1649,10,10,2597,2597,0,0.0,2597,0,0.0,0,14.396321599982912,9.941560999897774,3.5217707000265364,1.882245101063745,28.536986899998737,60.489165422718585,quality,not_promoted,0.0009052069267121757,3.708275456053188e-05,0.2866628060980541,-0.0019428795743052188,5.804356742401512e-05,0.00019054878048780488,1.000057197925521,0.0670850060244159,0.0,0.3842252194881439,1.535053014755249,0.26301154494285583,0.00037595690810121596,0.006346797104924917,1.5346771478652954,0.2633201479911804,0.9994176626205444,2.5e-05,-0.3058795928955078,-0.3296833038330078,-0.32915881276130676,0.323392778635025,0.19718417525291443,-0.22271525859832764,-0.3122687339782715,0.3183308243751526,-0.24945688247680664,-0.22313718497753143,-0.20790787041187286,-0.15934748947620392,0.1597958505153656,0.01822447031736374,0.019257521256804466,0.01798621006309986,0.01798621006309986
166,1650,1659,10,10,2798,2798,0,0.0,2798,0,0.0,0,15.99484339999617,10.533935899758944,4.71430789999431,2.1313048001320567,31.29547690000618,59.166442143972134,quality,not_promoted,0.00023916088552637532,3.929690704105517e-05,0.2941286133771593,-0.0026824762198058042,4.0715693009764983e-05,0.0008877840909090909,0.9999467893080278,0.0841898110229522,0.011363636363636364,0.5415816307067871,1.566037654876709,0.25521478056907654,0.00037196979974396527,0.006665946450084448,1.5656658411026,0.2541384994983673,0.9993178248405457,2.5e-05,-0.3058575391769409,-0.3297794759273529,-0.329260915517807,0.32344138622283936,0.19712962210178375,-0.22278575599193573,-0.3124166429042816,0.31864267587661743,-0.2494468092918396,-0.22330497205257416,-0.20791500806808472,-0.1594805121421814,0.159965381026268,0.018218323588371277,0.01925775595009327,0.01798621006309986,0.01798621006309986
167,1660,1669,10,10,7385,7385,0,0.0,7385,0,0.0,0,72.6759810000076,35.42789160006214,5.856222500035074,11.113107400131412,79.12860590001219,48.64806888123772,quality,not_promoted,-0.0003597310117991834,0.0058825627289040535,0.09703131284010758,0.0016112370476235058,3.8600314794025844e-06,0.0,1.0000486674493756,0.27180355314390153,0.13793103448275862,1.189705729484558,1.6318649053573608,0.2827059030532837,-0.00949855986982584,0.08442949503660202,1.6413633823394775,0.24493707716464996,0.9108095169067383,2.5e-05,-0.30583861470222473,-0.3297935426235199,-0.3292754590511322,0.3234275281429291,0.19711172580718994,-0.22279757261276245,-0.31245163083076477,0.31869760155677795,-0.24944128096103668,-0.22333665192127228,-0.20791634917259216,-0.15950220823287964,0.15999552607536316,0.018213849514722824,0.019257012754678726,0.01798621006309986,0.01798621006309986
168,1670,1679,10,10,2360,2360,0,0.0,2360,0,0.0,0,13.859773900010623,8.822247500065714,5.2708352000045124,1.8374828004452866,23.483108199987328,63.198121496897784,quality,not_promoted,0.0002634467846537764,9.223219451480356e-05,0.29358892001815745,-0.002626325302706981,4.884472144948558e-06,0.0,0.9999955409281963,0.09427270200103521,0.0,0.4339350759983063,1.5177963972091675,0.2550066113471985,0.0017214238177984953,0.008091509342193604,1.5160750150680542,0.2543700039386749,0.9989931583404541,2.5e-05,-0.30591312050819397,-0.3298704922199249,-0.3293604552745819,0.3235251307487488,0.19709144532680511,-0.22284892201423645,-0.31247374415397644,0.3188099265098572,-0.249388188123703,-0.2235141396522522,-0.20797984302043915,-0.15955784916877747,0.16004949808120728,0.0182198379188776,0.019269641488790512,0.01798621006309986,0.01798621006309986
169,1680,1689,10,10,2243,2243,0,0.0,2243,0,0.0,0,11.757918899995275,8.082928199757589,3.095415600022534,1.6774896997958422,22.305251200014027,65.84824587419676,quality,not_promoted,-0.02845756316350566,6.0056485835957574e-05,0.3163297764129109,-0.03159083374258545,1.730059577514314e-05,0.0,1.0001021201411884,0.07195671311476165,0.0,0.2484973669052124,1.4939019680023193,0.26719892024993896,0.0008930087205953896,0.007488572504371405,1.4930092096328735,0.2660647928714752,0.9992145299911499,2.5e-05,-0.30602017045021057,-0.3300582766532898,-0.3295689821243286,0.3236600458621979,0.19707700610160828,-0.22303444147109985,-0.31250274181365967,0.31883129477500916,-0.24943767488002777,-0.22354243695735931,-0.20801912248134613,-0.15950648486614227,0.1600605696439743,0.01822090707719326,0.01928330771625042,0.01798621006309986,0.01798621006309986
170,1690,1699,10,10,2581,2581,0,0.0,2581,0,0.0,0,14.286984400008805,9.556514399620937,3.9909379000309855,1.9018995000224095,27.34541639999952,61.994983484101255,quality,not_promoted,-0.0005428672302514315,5.070233173017452e-05,0.2820165435351977,-0.0033376809981901473,5.551508647618991e-05,0.0007621951219512195,1.0001797850539045,0.06745076356682836,0.0,0.24032209813594818,1.5528414249420166,0.25690215826034546,-0.00016821548342704773,0.007737053092569113,1.5530096292495728,0.2550903558731079,0.9990929961204529,2.5e-05,-0.30599692463874817,-0.330182820558548,-0.3296760022640228,0.3237003684043884,0.19702306389808655,-0.22315849363803864,-0.3124615550041199,0.31883421540260315,-0.24945516884326935,-0.22361770272254944,-0.20810817182064056,-0.15952816605567932,0.16005775332450867,0.018229922279715538,0.019296370446681976,0.01798621006309986,0.01798621006309986
171,1700,1709,10,10,2726,2726,0,0.0,2726,0,0.0,0,15.56144150000182,10.0340759998071,4.90983270003926,1.9862815988308284,28.53282950000721,61.82209022118637,quality,not_promoted,0.0014127464315225912,4.861338427787793e-05,0.25766502814584,-0.0011395963374525309,1.1593622715912092e-06,0.0,0.9999610677708027,0.06286729153159053,0.0,0.23967914283275604,1.5415433645248413,0.2509962022304535,-0.0003977326850872487,0.0074426643550395966,1.5419409275054932,0.2503786087036133,0.9991207122802734,2.5e-05,-0.3058682680130005,-0.3304692804813385,-0.32994210720062256,0.32390475273132324,0.19696944952011108,-0.2233828902244568,-0.3124977946281433,0.31889352202415466,-0.24943338334560394,-0.2237727791070938,-0.20814886689186096,-0.1595943570137024,0.16008897125720978,0.018230650573968887,0.01930786855518818,0.01798621006309986,0.01798621006309986
172,1710,1719,10,10,2650,2650,0,0.0,2650,0,0.0,0,14.179022700001951,9.89336909976555,3.668085599987535,2.0609793020121288,29.60364300000947,60.526236985138816,quality,not_promoted,-0.0005134454196585077,4.195207527248256e-05,0.3163816629066354,-0.0036562859036383174,3.310541306621504e-05,0.0,0.9999558109612692,0.059090804907360246,0.0,0.20202341675758362,1.5386713743209839,0.27642112970352173,0.0005033508641645312,0.007344448007643223,1.5381680727005005,0.27759242057800293,0.9992940425872803,2.5e-05,-0.3058945834636688,-0.33059677481651306,-0.3300742208957672,0.3239630162715912,0.19698409736156464,-0.22344200313091278,-0.3124895393848419,0.3189636468887329,-0.24939312040805817,-0.22398898005485535,-0.20828917622566223,-0.15970486402511597,0.16012755036354065,0.018238261342048645,0.019315257668495178,0.01798621006309986,0.01798621006309986
173,1720,1729,10,10,2697,2697,0,0.0,2697,0,0.0,0,15.838249699998414,9.956390500330599,5.7187023000151385,2.030169299017871,30.820264799986035,57.80295469974508,quality,not_promoted,0.0002830419256243595,4.472532657737882e-05,0.274366014767005,-0.0024382555667787444,1.4272834518279988e-05,0.0,0.9999450750129167,0.0656804776165721,0.0,0.3883782923221588,1.5451923608779907,0.25371670722961426,0.00021902260778006166,0.006998342461884022,1.5449732542037964,0.25357580184936523,0.9992391467094421,2.5e-05,-0.3058810532093048,-0.33062803745269775,-0.33011242747306824,0.32399019598960876,0.19701939821243286,-0.2235601544380188,-0.3126716911792755,0.31917649507522583,-0.24938364326953888,-0.22427517175674438,-0.20821276307106018,-0.15991516411304474,0.16024217009544373,0.018237441778182983,0.019320929422974586,0.01798621006309986,0.01798621006309986
174,1730,1739,10,10,2211,2211,0,0.0,2211,0,0.0,0,12.532539499981795,7.996277900005225,4.100285000022268,1.7408326993172523,21.9743063999922,64.07424214919817,quality,not_promoted,0.0011826456590954746,5.127291343732005e-05,0.2894778915813991,-0.0016864968630086099,9.130007855852844e-05,0.0013010204104440552,0.9997383092130934,0.0720732900180987,0.0,0.42898112535476685,1.5113681554794312,0.26404789090156555,0.000275125028565526,0.007354409899562597,1.511093020439148,0.2638706564903259,0.9992242455482483,2.5e-05,-0.30584821105003357,-0.33074602484703064,-0.3302481472492218,0.32398828864097595,0.19703975319862366,-0.2236647605895996,-0.31276875734329224,0.3192131519317627,-0.24946080148220062,-0.22438663244247437,-0.20824213325977325,-0.15995721518993378,0.1602620780467987,0.018245292827486992,0.019331132993102074,0.01798621006309986,0.01798621006309986
175,1740,1749,10,10,2754,2754,0,0.0,2754,0,0.0,0,16.039219100028276,10.348874800169142,5.522382399969501,2.23534160136478,29.753840099991066,60.140118352233536,quality,not_promoted,0.0028682001125575466,4.3459893990157895e-05,0.26005441830916837,0.00028938591342673385,5.080145042897626e-06,0.0,0.9999429807066917,0.06773915037047118,0.0,0.40683111548423767,1.5785070657730103,0.254001647233963,1.4949356227589305e-05,0.006788469851016998,1.5784921646118164,0.25412124395370483,0.9992856979370117,2.5e-05,-0.3057449460029602,-0.33080098032951355,-0.3303224742412567,0.32393544912338257,0.1969761848449707,-0.22372250258922577,-0.3127666413784027,0.3192477822303772,-0.24940630793571472,-0.22454525530338287,-0.20834024250507355,-0.1599355787038803,0.16028062999248505,0.018239401280879974,0.01933942921459675,0.01798621006309986,0.01798621006309986
176,1750,1759,10,10,2902,2902,0,0.0,2902,0,0.0,0,16.23007369998959,11.009534899756545,4.126033800013829,2.134858901350526,33.27669820000301,58.61824329532651,quality,not_promoted,-0.0009166198863607386,3.840982688653521e-05,0.2858466381288093,-0.003755881724393238,3.559567790498032e-05,0.0010190217391304348,1.0000507196654445,0.06793823793692433,0.0,0.26587846875190735,1.5703790187835693,0.2598608136177063,-0.0005669627571478486,0.006454059854149818,1.5709459781646729,0.2595818042755127,0.9993831515312195,2.5e-05,-0.30593931674957275,-0.3308850824832916,-0.33040404319763184,0.3240979313850403,0.19703349471092224,-0.2238500714302063,-0.31282657384872437,0.3193938136100769,-0.24940624833106995,-0.2246711701154709,-0.20842678844928741,-0.15998363494873047,0.16035985946655273,0.018242906779050827,0.0193419698625803,0.01798621006309986,0.01798621006309986
177,1760,1769,10,10,7260,7260,0,0.0,7260,0,0.0,0,70.13392659998499,35.59447100025136,7.1873477999761235,10.531056098872796,71.62015329999849,51.21545711504312,quality,not_promoted,-0.0002760029011896174,0.004885074052070418,0.09424575437840663,0.0012240765949204694,1.3568536914582833e-06,0.0,0.9999944698392299,0.26560025877041515,0.13157894736842105,1.3610482215881348,1.6351971626281738,0.3110879957675934,-0.009898888878524303,0.07587273418903351,1.645095944404602,0.27337658405303955,0.9405153393745422,2.5e-05,-0.3059283196926117,-0.33094295859336853,-0.3304600417613983,0.32412245869636536,0.19707299768924713,-0.22386443614959717,-0.31285253167152405,0.3194026052951813,-0.24941101670265198,-0.224689781665802,-0.20845216512680054,-0.15999922156333923,0.1603650003671646,0.018244363367557526,0.01934514008462429,0.01798621006309986,0.01798621006309986
178,1770,1779,10,10,2468,2468,0,0.0,2468,0,0.0,0,14.896678399993107,9.276521400024649,5.140529799944488,1.8544447008753195,26.450724399997853,59.68935973895172,quality,not_promoted,-5.7504942210821006e-05,3.982641880075113e-05,0.2959461913276941,-0.002997053942332665,2.5895426010545354e-05,0.0,1.0003172503067896,0.07855864759916678,0.01282051282051282,1.3537529706954956,1.5559431314468384,0.27417412400245667,-0.0016018006717786193,0.006850482430309057,1.5575449466705322,0.2723545432090759,0.9993757009506226,2.5e-05,-0.30587947368621826,-0.33104759454727173,-0.3305636942386627,0.3241652846336365,0.19716458022594452,-0.22390858829021454,-0.31285360455513,0.31949636340141296,-0.2493952214717865,-0.224873885512352,-0.20852166414260864,-0.16011491417884827,0.16041597723960876,0.018248001113533974,0.01934526301920414,0.01798621006309986,0.01798621006309986
179,1780,1789,10,10,2821,2821,0,0.0,2821,0,0.0,0,21.540454399975715,10.538961000274867,11.028361699922243,2.1289804004481994,31.993130899994867,52.69589145193214,quality,not_promoted,0.0008436678908765316,4.5531106520178984e-05,0.2732759220732583,-0.0018663256041084727,7.53902649081163e-06,0.0,0.9999848299556309,0.06518710357033544,0.011111111111111112,0.5140937566757202,1.5949434041976929,0.2536074221134186,-0.0014849654398858547,0.007731269579380751,1.596428394317627,0.25079086422920227,0.9990706443786621,2.5e-05,-0.3059086203575134,-0.3310708999633789,-0.3305712342262268,0.3241674602031708,0.19714832305908203,-0.22388052940368652,-0.31304922699928284,0.31971094012260437,-0.24942409992218018,-0.22516489028930664,-0.20852306485176086,-0.16018953919410706,0.16053147614002228,0.018246352672576904,0.01935105212032795,0.01798621006309986,0.01798621006309986
180,1790,1799,10,10,6898,6898,0,0.0,6898,0,0.0,0,67.74195140000666,33.94483309952193,3.7659668999840505,8.654074100079015,73.95970949999173,48.679739928158305,quality,not_promoted,-0.00016957873271571266,0.0025399324237056404,0.09899454600074226,0.00011044198267713741,1.275092600497399e-07,0.0,0.9999918363712452,0.17912017189707882,0.018518518518518517,0.9314543604850769,1.533542275428772,0.395563006401062,-0.009107323363423347,0.05595411732792854,1.5426496267318726,0.3686635494232178,0.9799906611442566,2.5e-05,-0.3059289753437042,-0.3310719132423401,-0.3305743634700775,0.32419100403785706,0.19714339077472687,-0.2238905280828476,-0.31305140256881714,0.31970903277397156,-0.24940326809883118,-0.22520732879638672,-0.20852652192115784,-0.16020013391971588,0.1605304479598999,0.018246391788125038,0.019354237243533134,0.01798621006309986,0.01798621006309986
181,1800,1809,10,10,2802,2802,0,0.0,2802,0,0.0,0,17.397615299996687,11.207734200113919,3.961834799963981,2.056354299886152,29.87785389999044,59.26963914724643,quality,not_promoted,-0.0004702931936745617,9.329419845016673e-05,0.2664877992462028,-0.0030885240518149326,2.085375620743755e-05,0.0,0.9999450113285672,0.06493130218322304,0.0,0.2556350529193878,1.4934078454971313,0.30792608857154846,-0.0023002123925834894,0.009844408370554447,1.4957079887390137,0.30790889263153076,0.9989778995513916,2.5e-05,-0.30599623918533325,-0.3312760889530182,-0.3307797610759735,0.32436007261276245,0.1971815675497055,-0.22395692765712738,-0.3130022883415222,0.3196592628955841,-0.24932144582271576,-0.22517135739326477,-0.2086530178785324,-0.16015978157520294,0.1605032980442047,0.01824991963803768,0.01935790851712227,0.01798621006309986,0.01798621006309986
182,1810,1819,10,10,2896,2896,0,0.0,2896,0,0.0,0,17.710301500017522,11.224375099816825,5.686825200013118,2.1797256995923817,29.79824770000414,60.95744973830267,quality,not_promoted,0.0019210128559042578,4.5267019073514305e-05,0.2541659595849721,-0.0005980130859508948,1.589119758294976e-05,0.0,1.000018474848374,0.055556303274858256,0.0,0.40239325165748596,1.5787646770477295,0.24521185457706451,-0.0015390814514830709,0.007294273469597101,1.58030366897583,0.24650581181049347,0.9991151094436646,2.5e-05,-0.30607298016548157,-0.33141377568244934,-0.330853670835495,0.3243906795978546,0.19722971320152283,-0.22402460873126984,-0.31309932470321655,0.31977105140686035,-0.24933761358261108,-0.22522716224193573,-0.2086750715970993,-0.16020531952381134,0.1605646163225174,0.018253812566399574,0.01936235837638378,0.01798621006309986,0.01798621006309986
183,1820,1829,10,10,2795,2795,0,0.0,2795,0,0.0,0,15.387236199981999,10.441103700140957,4.2805001999659,2.085459799855016,32.55748369998764,58.29630469906593,quality,not_promoted,0.00028687260452319276,4.586076881258288e-05,0.25724700618196616,-0.0022626661507687954,5.840220698322634e-06,0.0,0.9999519898132845,0.0599172610620206,0.022727272727272728,0.7149904370307922,1.55389404296875,0.2592664361000061,-0.001670759986154735,0.007080801762640476,1.5555646419525146,0.2601533532142639,0.9992541074752808,2.5e-05,-0.3061565160751343,-0.3315078914165497,-0.3309914171695709,0.32459449768066406,0.197196364402771,-0.224048912525177,-0.31328850984573364,0.3199242353439331,-0.2492978423833847,-0.22531099617481232,-0.2086716890335083,-0.16026324033737183,0.1606472283601761,0.018252184614539146,0.01936967484652996,0.01798621006309986,0.01798621006309986
184,1830,1839,10,10,2913,2913,0,0.0,2913,0,0.0,0,16.350854700023774,10.877523199713323,5.309478300012415,2.3479490991157945,33.90261710001505,57.96614434105127,quality,not_promoted,0.0006484835403566451,5.6374348490783674e-05,0.27151427790522575,-0.0020384725838717395,3.4623275276764476e-06,0.0,1.000005397459735,0.057846342314682574,0.0,0.4004872143268585,1.6032072305679321,0.2583858370780945,-0.0014085290022194386,0.008055223152041435,1.6046156883239746,0.2598627507686615,0.9990280866622925,2.5e-05,-0.30595189332962036,-0.33163246512413025,-0.3311467170715332,0.3245791792869568,0.19725775718688965,-0.22410236299037933,-0.31337830424308777,0.3199057877063751,-0.24935004115104675,-0.2253279983997345,-0.20875349640846252,-0.16024629771709442,0.1606370210647583,0.018252700567245483,0.019374297931790352,0.01798621006309986,0.01798621006309986
185,1840,1849,10,10,3865,3865,0,0.0,3865,0,0.0,0,29.3064841000014,15.576762299460825,14.692516399925807,2.991961900232127,45.32813419998274,51.78562023945959,quality,not_promoted,-0.0009009649053399191,4.8382775514524e-05,0.21214348890009474,-0.0029982076614301226,7.754281613486336e-05,0.0021772540983606556,0.9998171016818187,0.074418258402863,0.01639344262295082,2.5253734588623047,1.5894519090652466,0.2375616729259491,-0.0011658371658995748,0.0075087519362568855,1.5906177759170532,0.23881034553050995,0.9990009665489197,2.5e-05,-0.3058624267578125,-0.3316378593444824,-0.33118337392807007,0.3245217800140381,0.19722776114940643,-0.22402630746364594,-0.3135669529438019,0.32002294063568115,-0.2493731826543808,-0.22540248930454254,-0.20891235768795013,-0.16034062206745148,0.16070131957530975,0.01825716532766819,0.01938554085791111,0.01798621006309986,0.01798621006309986
186,1850,1859,10,10,2640,2640,0,0.0,2640,0,0.0,0,14.548266999976477,9.883570299949497,3.930588900053408,2.0425717999751214,27.611041700001806,62.619622603094534,quality,not_promoted,-0.0007883238195929499,4.9259478232887065e-05,0.2676539279165722,-0.0034402335129146066,5.860475496211577e-07,0.0,0.9999404244479679,0.048366811159732084,0.0,0.14131246507167816,1.5788410902023315,0.26091355085372925,-0.000806486583314836,0.007406930904835463,1.579647421836853,0.26218289136886597,0.9991940855979919,2.5e-05,-0.3057449162006378,-0.3318413496017456,-0.3313974440097809,0.3245562016963959,0.19727633893489838,-0.2241898775100708,-0.31363752484321594,0.3200758397579193,-0.24932505190372467,-0.2255149781703949,-0.2090451866388321,-0.16045589745044708,0.16073311865329742,0.018257765099406242,0.01940349116921425,0.01798621006309986,0.01798621006309986
187,1860,1869,10,10,2596,2596,0,0.0,2596,0,0.0,0,20.497684000001755,9.554112200421514,11.374240899982397,1.8782476003980264,27.872915100015234,53.66896520409416,quality,not_promoted,0.0008373745694393065,4.5317052709145994e-05,0.2754415231870442,-0.0018943809171593406,2.5569447759413912e-05,0.0007621951219512195,1.0001026413789609,0.049892463857626045,0.0,0.13617761433124542,1.5550765991210938,0.2612963616847992,-0.00047707976773381233,0.007235559169203043,1.555553674697876,0.2624993920326233,0.9992331862449646,2.5e-05,-0.30576255917549133,-0.33213531970977783,-0.3317040205001831,0.3247578740119934,0.1973021775484085,-0.2243528664112091,-0.3137030303478241,0.32015031576156616,-0.24937589466571808,-0.22570905089378357,-0.209095299243927,-0.16054187715053558,0.16077712178230286,0.018257049843668938,0.019423911347985268,0.01798621006309986,0.01798621006309986
188,1870,1879,10,10,2441,2441,0,0.0,2441,0,0.0,0,15.594129700009944,8.848498899926199,6.485076900047716,1.8660367002303246,26.595877600018866,57.857302148377045,quality,not_promoted,-0.004623369433176823,4.304975388946239e-05,0.3129113347102434,-0.0077309577475087,1.1412579396670062e-05,0.0,1.0000021770978584,0.05915876286916244,0.0,0.4301847815513611,1.5322387218475342,0.272609144449234,-0.0011151684448122978,0.0073470245115458965,1.5333539247512817,0.27467793226242065,0.9992736577987671,2.5e-05,-0.305769145488739,-0.33226147294044495,-0.33179622888565063,0.3248857855796814,0.19728653132915497,-0.2243960201740265,-0.3137354850769043,0.32027289271354675,-0.24929431080818176,-0.2259865403175354,-0.2090894728899002,-0.16058726608753204,0.16084417700767517,0.018248016014695168,0.01943187415599823,0.01798621006309986,0.01798621006309986
189,1880,1889,10,10,2564,2564,0,0.0,2564,0,0.0,0,17.201690999994753,9.63924100008444,6.748220800014678,1.9509151000820566,28.050553599983687,56.66017283043727,quality,not_promoted,0.0005777286445131389,3.350897099508296e-05,0.27611616580951504,-0.002166678660503793,3.234220692808399e-05,0.0009527439024390244,0.9997010310975517,0.054418009024385997,0.0,0.330608606338501,1.544905185699463,0.2399243265390396,0.0006204635137692094,0.006084139924496412,1.5442848205566406,0.23999261856079102,0.9993569254875183,2.5e-05,-0.3058037757873535,-0.33239397406578064,-0.3319249451160431,0.3249441087245941,0.19725282490253448,-0.22441868484020233,-0.3138216733932495,0.32038766145706177,-0.24930860102176666,-0.2261357307434082,-0.2091078907251358,-0.1606868952512741,0.16090767085552216,0.018244115635752678,0.019448980689048767,0.01798621006309986,0.01798621006309986
190,1890,1899,10,10,2744,2744,0,0.0,2744,0,0.0,0,16.612340399995446,10.109585799451452,6.366632899997057,2.082785000326112,29.46274459999404,59.55496338206704,quality,not_promoted,-0.0005380762740969658,4.271960532669043e-05,0.265096859529961,-0.003167684601489888,2.8211563966748188e-05,0.0003633720930232558,1.0000365147756975,0.0921350703899597,0.011627906976744186,0.5922086238861084,1.551320195198059,0.261217325925827,0.0003009495558217168,0.006759198382496834,1.5510191917419434,0.261309415102005,0.999330461025238,2.5e-05,-0.3057633936405182,-0.33253398537635803,-0.3320491313934326,0.32502099871635437,0.1972191035747528,-0.22451885044574738,-0.3138520419597626,0.32053008675575256,-0.2491830289363861,-0.22630012035369873,-0.20923742651939392,-0.16081610321998596,0.16098405420780182,0.018245026469230652,0.019459614530205727,0.01798621006309986,0.01798621006309986
191,1900,1909,10,10,3080,3080,0,0.0,3080,0,0.0,0,17.75546960000065,11.597408399829874,7.511970300023677,2.446472299139714,35.549398500006646,57.78083896993225,quality,not_promoted,0.0009925089567443545,4.960024914314034e-05,0.2243312200417324,-0.0012260023670803224,3.4433965065174415e-05,0.0,0.9999633315874605,0.0780350699431586,0.01020408163265306,0.6680319309234619,1.537011742591858,0.24647818505764008,0.0003242451057303697,0.007241386454552412,1.5366872549057007,0.24683471024036407,0.9991368651390076,2.5e-05,-0.3058082163333893,-0.33267343044281006,-0.3322250247001648,0.32514166831970215,0.19714312255382538,-0.22463852167129517,-0.31405261158943176,0.3205340802669525,-0.24920736253261566,-0.2264251857995987,-0.20927131175994873,-0.1609218418598175,0.16098615527153015,0.0182461179792881,0.019467130303382874,0.01798621006309986,0.01798621006309986
192,1910,1919,10,10,2301,2301,0,0.0,2301,0,0.0,0,13.231936800002586,8.557875499915099,4.411948499997379,1.7800659007043578,23.703582199988887,62.29775734302072,quality,not_promoted,-8.243071432742807e-06,4.430984366384413e-05,0.28013902964691323,-0.002787477993277005,7.166852147596121e-05,0.0008680555555555555,1.0002793951167002,0.05225483206514683,0.0,0.17920899391174316,1.5090512037277222,0.26722845435142517,0.0008506057201884687,0.0070418259128928185,1.5082006454467773,0.2683267593383789,0.9993056058883667,2.5e-05,-0.3058062493801117,-0.33286234736442566,-0.33240586519241333,0.3252750039100647,0.19716483354568481,-0.2247425615787506,-0.31414052844047546,0.32045605778694153,-0.24921166896820068,-0.22657158970832825,-0.2093147337436676,-0.16091249883174896,0.16094455122947693,0.018249189481139183,0.01947207748889923,0.01798621006309986,0.01798621006309986
193,1920,1929,10,10,2842,2842,0,0.0,2842,0,0.0,0,17.220272399979876,10.505983300070511,7.588959000015166,2.1813119992730208,31.675606100005098,58.12350830348356,quality,not_promoted,0.0033938869213064513,4.336548111799251e-05,0.2687834395302667,0.0007277361130238407,4.121139473940932e-05,0.00034722222222222224,1.0001217848724788,0.08445458681219153,0.0,0.33931174874305725,1.5721110105514526,0.2385980635881424,-0.00014631346857640892,0.007041601464152336,1.5722570419311523,0.23828251659870148,0.9991289973258972,2.5e-05,-0.3057538568973541,-0.3330523371696472,-0.3325912356376648,0.32539889216423035,0.19722212851047516,-0.22483424842357635,-0.31425419449806213,0.3204769492149353,-0.24921190738677979,-0.2267560511827469,-0.2094206064939499,-0.16097377240657806,0.16094715893268585,0.01824265904724598,0.019473761320114136,0.01798621006309986,0.01798621006309986
194,1930,1939,10,10,7941,7941,0,0.0,7941,0,0.0,0,75.58327270002337,38.2369843996712,4.758986699976958,10.41747489917907,86.29594200002612,49.05509342082058,quality,not_promoted,-0.00074508854188025,0.0015862349190283566,0.09023370977491141,-0.0008543082461692393,1.7726251389831305e-06,0.0,0.999990311384201,0.16848229525610806,0.028,0.866828203201294,1.5487451553344727,0.3822777569293976,-0.0076317270286381245,0.04622422903776169,1.5563768148422241,0.3574388325214386,0.9853788614273071,2.5e-05,-0.30573898553848267,-0.33308684825897217,-0.33262088894844055,0.32540470361709595,0.19716371595859528,-0.22485129535198212,-0.31429049372673035,0.3204967975616455,-0.2492184042930603,-0.22682814300060272,-0.2094740867614746,-0.16099034249782562,0.1609550267457962,0.01824134960770607,0.019478129222989082,0.01798621006309986,0.01798621006309986
195,1940,1949,10,10,2742,2742,0,0.0,2742,0,0.0,0,16.02477779999026,10.352492999576498,4.169551199971465,2.234173899749294,27.21308269997826,63.41664384624203,quality,not_promoted,-0.0005270239252727045,4.994661171516528e-05,0.2545807547867298,-0.003047857734071481,3.663785279312897e-05,0.0005450581395348837,1.000078386345575,0.09628527834578308,0.0,0.4126403033733368,1.5693128108978271,0.2597592771053314,0.0005795625038444996,0.007171078585088253,1.5687333345413208,0.26076841354370117,0.9992378950119019,2.5e-05,-0.3057941198348999,-0.3332730233669281,-0.33280259370803833,0.3255000114440918,0.19702346622943878,-0.22487804293632507,-0.3144465684890747,0.3207743763923645,-0.2492840737104416,-0.2270621359348297,-0.20959720015525818,-0.16111981868743896,0.1611083745956421,0.01824108324944973,0.01948838122189045,0.01798621006309986,0.01798621006309986
196,1950,1959,10,10,2787,2787,0,0.0,2787,0,0.0,0,16.22600940000848,10.740304500039201,4.184411299997009,2.2143285009951796,34.25511689999257,55.208752345130264,quality,not_promoted,-0.00031689605781469834,4.3864580406575854e-05,0.30034057271074166,-0.0032983694267882543,0.0002565183219241424,0.005859375,1.0007971674203873,0.09377919835969806,0.0,0.4757731556892395,1.5816141366958618,0.2480127513408661,0.0007041497156023979,0.006956780795007944,1.5809099674224854,0.24858155846595764,0.9992132186889648,2.5e-05,-0.3057434856891632,-0.3336137533187866,-0.3331172466278076,0.3255932331085205,0.19705891609191895,-0.22504949569702148,-0.31460246443748474,0.3208191394805908,-0.24932265281677246,-0.22721421718597412,-0.20965836942195892,-0.1611536741256714,0.16113072633743286,0.018242958933115005,0.01949801854789257,0.01798621006309986,0.01798621006309986
197,1960,1969,10,10,3118,3118,0,0.0,3118,0,0.0,0,23.63450070002,12.18244210028206,13.40182069997536,2.462911299546249,36.19378020000295,52.11582136565793,quality,not_promoted,-4.8268396331339464e-05,5.4272733051424885e-05,0.24054054444541736,-0.0024265382552937586,6.336691888937282e-05,0.0012755102040816326,0.9999972040555916,0.07314743073086957,0.0,0.3868476152420044,1.5428287982940674,0.2502395510673523,0.0007833710988052189,0.007592428475618362,1.5420454740524292,0.24914804100990295,0.9990794658660889,2.5e-05,-0.3056515157222748,-0.3338770270347595,-0.33338022232055664,0.3256963789463043,0.19702553749084473,-0.22520844638347626,-0.3147490918636322,0.3209465742111206,-0.24932467937469482,-0.22741484642028809,-0.20961786806583405,-0.1612192690372467,0.16119372844696045,0.01823599450290203,0.01951361820101738,0.01798621006309986,0.01798621006309986
198,1970,1979,10,10,2579,2579,0,0.0,2579,0,0.0,0,13.958437099994626,9.530735400214326,3.6952413999824785,1.9619870005408302,29.223106499994174,59.724590299283996,quality,not_promoted,-0.0031823290443820196,5.162968440478236e-05,0.30841149607809576,-0.0062406298125208155,8.423539230900532e-05,0.002096036585365854,1.000301604590765,0.0920588736672227,0.0,0.4326328635215759,1.550817847251892,0.25218942761421204,0.0009786721784621477,0.00768739078193903,1.5498391389846802,0.25171759724617004,0.9990708231925964,2.5e-05,-0.30564552545547485,-0.3340853154659271,-0.3335842490196228,0.3258555829524994,0.19694578647613525,-0.22540108859539032,-0.31474676728248596,0.3210628628730774,-0.24926669895648956,-0.22760865092277527,-0.20978939533233643,-0.16130681335926056,0.16125613451004028,0.01823079213500023,0.01952523924410343,0.01798621006309986,0.01798621006309986
199,1980,1989,10,10,2335,2335,0,0.0,2335,0,0.0,0,12.31905160000315,8.505215700221015,3.260903699992923,1.8677944999944884,24.36410590002197,63.65319015950034,quality,not_promoted,0.0006228914685748719,4.519368994314809e-05,0.3158164390841046,-0.0025126758830722523,2.143958663647961e-06,0.0,1.0000255848910358,0.07826450129819883,0.0,0.2733505964279175,1.5130677223205566,0.27088025212287903,0.0006887066410854459,0.007308254484087229,1.5123789310455322,0.2698109745979309,0.9992721080780029,2.5e-05,-0.30564597249031067,-0.3342409133911133,-0.33371081948280334,0.32596129179000854,0.19696524739265442,-0.22556659579277039,-0.3147873878479004,0.3212285339832306,-0.24910439550876617,-0.22795775532722473,-0.20996755361557007,-0.1614094227552414,0.16135630011558533,0.01822662353515625,0.01953326165676117,0.01798621006309986,0.01798621006309986
200,1990,1999,10,10,2723,2723,0,0.0,2723,0,0.0,0,15.553404600010253,10.235294200101634,5.089625799970236,2.1938062009285204,31.860409000015352,57.43052062782247,quality,not_promoted,0.00024767195112829985,4.335030474934218e-05,0.30104391519413437,-0.002741092086368955,9.069216680757108e-06,0.0,0.9999979699766913,0.09392138258662334,0.0,0.46129825711250305,1.5754112005233765,0.25246942043304443,0.0008550763013772666,0.006989160552620888,1.5745559930801392,0.25187307596206665,0.9992336630821228,2.5e-05,-0.30567947030067444,-0.33445554971694946,-0.33390259742736816,0.3261609375476837,0.19699160754680634,-0.22566871345043182,-0.31488358974456787,0.3214384615421295,-0.24909467995166779,-0.22817470133304596,-0.21005979180335999,-0.16156235337257385,0.16147030889987946,0.018224921077489853,0.01954328641295433,0.01798621006309986,0.01798621006309986
