update_id,episode_start,episode_end,episode_count,parallel_envs,transition_count,environment_step_count,forced_action_count,forced_action_ratio,worker_step_command_count,worker_local_physical_forced_action_count,worker_local_physical_forced_share,estimated_worker_step_round_trips_avoided,sampling_wall_time_seconds,policy_inference_time_seconds,generation_time_seconds,environment_step_time_seconds,ppo_update_time_seconds,transitions_per_second,reward_phase,candidate_status,policy_loss,value_loss,entropy,loss,approx_kl,clip_fraction,ratio_mean,gradient_norm,gradient_clipped_fraction,gradient_norm_max,return_mean,return_std,advantage_mean,advantage_std,value_prediction_mean,value_prediction_std,pre_update_explained_variance,learning_rate,policy_head_weight_production_flow_processing_time_norm,policy_head_weight_production_flow_reconfiguration_time_norm,policy_head_weight_production_flow_predicted_finish_time_norm,policy_head_weight_production_flow_horizon_slack_norm,policy_head_weight_sum_production_flow,policy_head_weight_entropy_production_flow,policy_head_effective_feature_count_production_flow,policy_head_weight_production_cost_fixed_reconfiguration_cost_norm,policy_head_weight_production_cost_estimated_labor_cost_norm,policy_head_weight_production_cost_estimated_downtime_cost_norm,policy_head_weight_sum_production_cost,policy_head_weight_entropy_production_cost,policy_head_effective_feature_count_production_cost,policy_head_weight_production_variance_estimated_worker_load_variance_delta_norm,policy_head_weight_sum_production_variance,policy_head_weight_entropy_production_variance,policy_head_effective_feature_count_production_variance,policy_head_weight_worker_flow_stage_duration_norm,policy_head_weight_sum_worker_flow,policy_head_weight_entropy_worker_flow,policy_head_effective_feature_count_worker_flow,policy_head_weight_worker_cost_fixed_cost_norm,policy_head_weight_worker_cost_incremental_labor_cost_norm,policy_head_weight_worker_cost_incremental_downtime_cost_norm,policy_head_weight_sum_worker_cost,policy_head_weight_entropy_worker_cost,policy_head_effective_feature_count_worker_cost,policy_head_weight_worker_variance_incremental_load_variance_norm,policy_head_weight_sum_worker_variance,policy_head_weight_entropy_worker_variance,policy_head_effective_feature_count_worker_variance,policy_head_weight_production_wait_flow_estimated_flow_objective_delta_if_wait,policy_head_weight_sum_production_wait_flow,policy_head_weight_entropy_production_wait_flow,policy_head_effective_feature_count_production_wait_flow,policy_head_weight_production_wait_cost_estimated_cost_objective_delta_if_wait,policy_head_weight_sum_production_wait_cost,policy_head_weight_entropy_production_wait_cost,policy_head_effective_feature_count_production_wait_cost,policy_head_weight_production_wait_variance_estimated_load_variance_delta_if_wait,policy_head_weight_sum_production_wait_variance,policy_head_weight_entropy_production_wait_variance,policy_head_effective_feature_count_production_wait_variance,policy_head_weight_worker_wait_flow_estimated_flow_objective_delta_if_wait,policy_head_weight_sum_worker_wait_flow,policy_head_weight_entropy_worker_wait_flow,policy_head_effective_feature_count_worker_wait_flow,policy_head_weight_worker_wait_cost_estimated_cost_objective_delta_if_wait,policy_head_weight_sum_worker_wait_cost,policy_head_weight_entropy_worker_wait_cost,policy_head_effective_feature_count_worker_wait_cost,policy_head_weight_worker_wait_variance_estimated_load_variance_delta_if_wait,policy_head_weight_sum_worker_wait_variance,policy_head_weight_entropy_worker_wait_variance,policy_head_effective_feature_count_worker_wait_variance,policy_head_gate_production_residual,policy_head_gate_worker_residual
1,0,19,20,20,5410,5410,0,0.0,5410,0,0.0,0,84.53954829997383,64.26531299762428,0.16479030018672347,33.009647405706346,167.87983360001817,21.432585561688086,feasibility,not_applicable,0.0001453526722102919,0.02350159106666551,0.6869974301141851,0.005026173824444413,3.867556551861472e-05,0.0,0.9997899935526007,0.23347045314662596,0.03529411764705882,1.0178202390670776,0.04693404212594032,0.20437468588352203,0.12136909365653992,0.18473756313323975,-0.0744350478053093,0.049699313938617706,0.18293577432632446,0.0001,0.2500225007534027,0.2504113018512726,0.249736949801445,0.2498292475938797,1.0,1.3862938251888939,3.9999978562765874,0.3333333432674408,0.3333333432674408,0.3333333432674408,1.0000000298023224,1.0986122916069845,3.0000000088166243,1.0,1.0,-0.0,1.0,1.0,1.0,-0.0,1.0,0.3333333432674408,0.3333333432674408,0.3333333432674408,1.0000000298023224,1.0986122916069845,3.0000000088166243,1.0,1.0,-0.0,1.0,1.0,1.0,-0.0,1.0,1.0,1.0,-0.0,1.0,1.0,1.0,-0.0,1.0,1.0,1.0,-0.0,1.0,1.0,1.0,-0.0,1.0,1.0,1.0,-0.0,1.0,0.5015069842338562,0.5009516477584839
2,20,39,20,20,5976,5976,0,0.0,5976,0,0.0,0,104.52602300001308,76.15570749691688,0.16910609998740256,40.00158531218767,182.7520314999856,20.802145887548217,feasibility,not_applicable,-0.0017631493677246445,0.018289538881830634,0.6688385212675054,0.0006932348751046873,0.0015631990019291482,0.018921764191002288,0.9999908880984529,0.3150936149734449,0.13829787234042554,0.9358524680137634,0.13934607803821564,0.2375161498785019,0.1032370924949646,0.15781958401203156,0.036108989268541336,0.14266343414783478,0.5584951639175415,0.0001,0.2497190237045288,0.25060543417930603,0.24949206411838531,0.25018349289894104,1.0000000149011612,1.3862928927412153,3.999994126489611,0.3333333432674408,0.3333333432674408,0.3333333432674408,1.0000000298023224,1.0986122916069845,3.0000000088166243,1.0,1.0,-0.0,1.0,1.0,1.0,-0.0,1.0,0.3333333432674408,0.3333333432674408,0.3333333432674408,1.0000000298023224,1.0986122916069845,3.0000000088166243,1.0,1.0,-0.0,1.0,1.0,1.0,-0.0,1.0,1.0,1.0,-0.0,1.0,1.0,1.0,-0.0,1.0,1.0,1.0,-0.0,1.0,1.0,1.0,-0.0,1.0,1.0,1.0,-0.0,1.0,0.5015726685523987,0.5013054013252258
3,40,59,20,20,5942,5942,0,0.0,5942,0,0.0,0,101.70197529997677,76.1444295020774,0.16625119955278933,35.83921209932305,179.71408280008473,21.114644416940973,feasibility,not_applicable,-0.003069280206115656,0.005046419711703415,0.6262412140125869,-0.006808482110500336,0.002711550788252905,0.03354303564836261,1.000287918313857,0.2789109362870134,0.08602150537634409,1.1598734855651855,0.2904776334762573,0.277883917093277,0.12445411831140518,0.10513847321271896,0.16602353751659393,0.19922444224357605,0.8568482995033264,0.0001,0.24937865138053894,0.2505914270877838,0.24958519637584686,0.25044479966163635,1.000000074505806,1.3862921783177744,3.9999912688010646,0.3333333432674408,0.3333333432674408,0.3333333432674408,1.0000000298023224,1.0986122916069845,3.0000000088166243,1.0,1.0,-0.0,1.0,1.0,1.0,-0.0,1.0,0.3333333432674408,0.3333333432674408,0.3333333432674408,1.0000000298023224,1.0986122916069845,3.0000000088166243,1.0,1.0,-0.0,1.0,1.0,1.0,-0.0,1.0,1.0,1.0,-0.0,1.0,1.0,1.0,-0.0,1.0,1.0,1.0,-0.0,1.0,1.0,1.0,-0.0,1.0,1.0,1.0,-0.0,1.0,0.5032639503479004,0.5017412304878235
4,60,79,20,20,5399,5399,0,0.0,5399,0,0.0,0,92.91791530000046,68.66571489954367,0.23198740044608712,33.511816799640656,166.0009886000771,20.85208889221774,feasibility,not_applicable,-0.004949876359280418,0.005495805037892697,0.598244966303601,-0.008184423266143045,0.0031079339692095184,0.04527253837269895,1.0010240042910856,0.2879341136006748,0.08235294117647059,1.2474051713943481,0.45115533471107483,0.31489941477775574,0.13338549435138702,0.09434634447097778,0.3177697956562042,0.2682724595069885,0.9102351069450378,0.0001,0.24915984272956848,0.2506358325481415,0.24945662915706635,0.2507476508617401,0.9999999552965164,1.386290414874317,3.9999842150488507,0.3333333432674408,0.3333333432674408,0.3333333432674408,1.0000000298023224,1.0986122916069845,3.0000000088166243,1.0,1.0,-0.0,1.0,1.0,1.0,-0.0,1.0,0.3333333432674408,0.3333333432674408,0.3333333432674408,1.0000000298023224,1.0986122916069845,3.0000000088166243,1.0,1.0,-0.0,1.0,1.0,1.0,-0.0,1.0,1.0,1.0,-0.0,1.0,1.0,1.0,-0.0,1.0,1.0,1.0,-0.0,1.0,1.0,1.0,-0.0,1.0,1.0,1.0,-0.0,1.0,0.5041486620903015,0.5016658902168274
5,80,99,20,20,4962,4962,0,0.0,4962,0,0.0,0,83.94456800003536,61.9213218993973,0.16787659982219338,29.962025795597583,153.56511789979413,20.89177955501461,feasibility,feasibility_best,-0.004565630914070285,0.0024917664357837145,0.6091200042611513,-0.009410947913495012,0.0031067368392354976,0.03921568627731922,0.9999002073055658,0.2719576499209954,0.07051282051282051,1.3302451372146606,0.634895384311676,0.3209652006626129,0.14005495607852936,0.06966254860162735,0.49484044313430786,0.3039354681968689,0.9528933167457581,0.0001,0.2489728182554245,0.2505910396575928,0.24934424459934235,0.251091867685318,0.9999999701976776,1.386288296731196,3.999975742518775,0.3333333432674408,0.3333333432674408,0.3333333432674408,1.0000000298023224,1.0986122916069845,3.0000000088166243,1.0,1.0,-0.0,1.0,1.0,1.0,-0.0,1.0,0.3333333432674408,0.3333333432674408,0.3333333432674408,1.0000000298023224,1.0986122916069845,3.0000000088166243,1.0,1.0,-0.0,1.0,1.0,1.0,-0.0,1.0,1.0,1.0,-0.0,1.0,1.0,1.0,-0.0,1.0,1.0,1.0,-0.0,1.0,1.0,1.0,-0.0,1.0,1.0,1.0,-0.0,1.0,0.5054537057876587,0.5018576979637146
6,100,119,20,20,5474,5474,0,0.0,5474,0,0.0,0,93.46185340010561,69.8555106006097,0.16283800010569394,32.62252950575203,168.6274901998695,20.886007514883637,feasibility,not_applicable,-0.0031618025901099275,0.00498894747105687,0.560581914907278,-0.006273147606745709,0.002290179781063438,0.027381155964766823,1.0004395409378894,0.25284523750806964,0.0755813953488372,1.0897878408432007,0.6769894361495972,0.37370234727859497,0.12351430952548981,0.10022131353616714,0.5534751415252686,0.3512987494468689,0.9280768632888794,0.0001,0.24878452718257904,0.2505411207675934,0.249136820435524,0.2515375018119812,0.9999999701976776,1.3862845948203417,3.999960934992565,0.3333333432674408,0.3333333432674408,0.3333333432674408,1.0000000298023224,1.0986122916069845,3.0000000088166243,1.0,1.0,-0.0,1.0,1.0,1.0,-0.0,1.0,0.3333333432674408,0.3333333432674408,0.3333333432674408,1.0000000298023224,1.0986122916069845,3.0000000088166243,1.0,1.0,-0.0,1.0,1.0,1.0,-0.0,1.0,1.0,1.0,-0.0,1.0,1.0,1.0,-0.0,1.0,1.0,1.0,-0.0,1.0,1.0,1.0,-0.0,1.0,1.0,1.0,-0.0,1.0,0.5070984363555908,0.5020855069160461
7,120,139,20,20,4967,4967,0,0.0,4967,0,0.0,0,82.92269529984333,61.66703819995746,0.16307359957136214,28.60058609303087,151.76195449987426,21.164571284227115,feasibility,not_applicable,-0.0013369322718622594,0.0038546785415233807,0.5554573847315251,-0.0049641667432390535,0.002079544575864043,0.027135724870440286,1.0001207043727238,0.28029350575823814,0.09615384615384616,1.0016875267028809,0.8055114150047302,0.351759135723114,0.12407826632261276,0.10048061609268188,0.6814331412315369,0.3431757092475891,0.9184030890464783,0.0001,0.2486618161201477,0.25054341554641724,0.2490883618593216,0.25170645117759705,1.0000000447034836,1.3862827253980479,3.999953457383408,0.3333333432674408,0.3333333432674408,0.3333333432674408,1.0000000298023224,1.0986122916069845,3.0000000088166243,1.0,1.0,-0.0,1.0,1.0,1.0,-0.0,1.0,0.3333333432674408,0.3333333432674408,0.3333333432674408,1.0000000298023224,1.0986122916069845,3.0000000088166243,1.0,1.0,-0.0,1.0,1.0,1.0,-0.0,1.0,1.0,1.0,-0.0,1.0,1.0,1.0,-0.0,1.0,1.0,1.0,-0.0,1.0,1.0,1.0,-0.0,1.0,1.0,1.0,-0.0,1.0,0.5080555081367493,0.5018754005432129
8,140,159,20,20,4300,4300,0,0.0,4300,0,0.0,0,72.72733959998004,54.25459549785592,0.17520810035057366,22.39986969414167,131.1382246001158,21.092331198119915,feasibility,not_applicable,0.0010136814157971565,0.0023848494383855723,0.5626032093868536,-0.003419926042517866,0.0025698258986641817,0.027956495116300443,1.0003314780838348,0.3479749711559099,0.15441176470588236,1.0919935703277588,1.0203053951263428,0.36676526069641113,0.12873278558254242,0.09344645589590073,0.8915726542472839,0.3750320374965668,0.935084342956543,0.0001,0.24834765493869781,0.25027182698249817,0.24926626682281494,0.2521142065525055,0.9999999552965164,1.3862787311386529,3.999937480563639,0.3333333432674408,0.3333333432674408,0.3333333432674408,1.0000000298023224,1.0986122916069845,3.0000000088166243,1.0,1.0,-0.0,1.0,1.0,1.0,-0.0,1.0,0.3333333432674408,0.3333333432674408,0.3333333432674408,1.0000000298023224,1.0986122916069845,3.0000000088166243,1.0,1.0,-0.0,1.0,1.0,1.0,-0.0,1.0,1.0,1.0,-0.0,1.0,1.0,1.0,-0.0,1.0,1.0,1.0,-0.0,1.0,1.0,1.0,-0.0,1.0,1.0,1.0,-0.0,1.0,0.5091689825057983,0.5021651983261108
9,160,179,20,20,4395,4395,0,0.0,4395,0,0.0,0,75.40474699996412,56.85527739766985,0.18431679997593164,22.675434690667316,138.10083250002936,20.584942137309035,feasibility,not_applicable,-0.0004357207377535709,0.0016760910503512275,0.4915766541076743,-0.004513441412912115,0.0013020508614726418,0.012510005897585896,1.0010486301304637,0.2796567633100178,0.08695652173913043,1.0463619232177734,1.0972037315368652,0.27146780490875244,0.1105622798204422,0.07600193470716476,0.9866414070129395,0.2853158712387085,0.9216187000274658,0.0001,0.24826890230178833,0.2502036690711975,0.24938520789146423,0.25214219093322754,0.9999999701976776,1.386278350967417,3.9999359599027526,0.3333333432674408,0.3333333432674408,0.3333333432674408,1.0000000298023224,1.0986122916069845,3.0000000088166243,1.0,1.0,-0.0,1.0,1.0,1.0,-0.0,1.0,0.3333333432674408,0.3333333432674408,0.3333333432674408,1.0000000298023224,1.0986122916069845,3.0000000088166243,1.0,1.0,-0.0,1.0,1.0,1.0,-0.0,1.0,1.0,1.0,-0.0,1.0,1.0,1.0,-0.0,1.0,1.0,1.0,-0.0,1.0,1.0,1.0,-0.0,1.0,1.0,1.0,-0.0,1.0,0.5100269913673401,0.5024585127830505
10,180,199,20,20,3985,3985,0,0.0,3985,0,0.0,0,66.39940200001001,49.40762039832771,0.17274889978580177,21.058878794545308,120.60463650012389,21.30970021803645,feasibility,not_applicable,-0.002286770632342687,0.0014034050966276685,0.49776702078561935,-0.006562738252493243,0.002671610534427658,0.025334092004904673,1.0001768422505213,0.29831536066910574,0.0873015873015873,0.9401726722717285,1.278133511543274,0.26414012908935547,0.0919666588306427,0.08541515469551086,1.1861670017242432,0.272765189409256,0.895431399345398,0.0001,0.24826054275035858,0.25024136900901794,0.24952258169651031,0.25197550654411316,1.0,1.3862799382114892,3.999942308782433,0.3333333432674408,0.3333333432674408,0.3333333432674408,1.0000000298023224,1.0986122916069845,3.0000000088166243,1.0,1.0,-0.0,1.0,1.0,1.0,-0.0,1.0,0.3333333432674408,0.3333333432674408,0.3333333432674408,1.0000000298023224,1.0986122916069845,3.0000000088166243,1.0,1.0,-0.0,1.0,1.0,1.0,-0.0,1.0,1.0,1.0,-0.0,1.0,1.0,1.0,-0.0,1.0,1.0,1.0,-0.0,1.0,1.0,1.0,-0.0,1.0,1.0,1.0,-0.0,1.0,0.5107118487358093,0.5033414363861084
11,200,219,20,20,3944,3944,0,0.0,3944,0,0.0,0,64.83744190004654,48.08971159835346,0.202802998945117,20.315015298081562,118.26140820002183,21.540277275605497,feasibility,not_applicable,0.00011316371420698781,0.0012201275415962651,0.5071668319644467,-0.004348440182154938,0.002193563726670559,0.01610383065417409,0.9997735225385235,0.2998970576952542,0.0967741935483871,1.0153263807296753,1.3379076719284058,0.2794814109802246,0.07495931535959244,0.07834318280220032,1.2629483938217163,0.2804291844367981,0.9214227795600891,0.0001,0.2482111006975174,0.2503623962402344,0.2495759129524231,0.25185057520866394,0.9999999850988388,1.3862804848634833,3.99994449535947,0.3333333432674408,0.3333333432674408,0.3333333432674408,1.0000000298023224,1.0986122916069845,3.0000000088166243,1.0,1.0,-0.0,1.0,1.0,1.0,-0.0,1.0,0.3333333432674408,0.3333333432674408,0.3333333432674408,1.0000000298023224,1.0986122916069845,3.0000000088166243,1.0,1.0,-0.0,1.0,1.0,1.0,-0.0,1.0,1.0,1.0,-0.0,1.0,1.0,1.0,-0.0,1.0,1.0,1.0,-0.0,1.0,1.0,1.0,-0.0,1.0,1.0,1.0,-0.0,1.0,0.5117043256759644,0.5029325485229492
12,220,239,20,20,4239,4239,0,0.0,4239,0,0.0,0,74.13273380021565,54.74436470074579,0.14627889962866902,22.724612108897418,132.26148759992793,20.53836571219552,feasibility,not_applicable,-0.0008264085931230837,0.0012284119538754335,0.5252386545067402,-0.005464589037348641,0.002034547929426155,0.018540111940298507,0.9993523043483051,0.28998968744678283,0.06716417910447761,0.6756534576416016,1.3697179555892944,0.3031724989414215,0.06448215246200562,0.0793168768286705,1.305235743522644,0.311556339263916,0.9315534234046936,0.0001,0.2479962855577469,0.2502724528312683,0.2495104968547821,0.2522207200527191,0.9999999552965164,1.386275830502722,3.999925878218089,0.3333333432674408,0.3333333432674408,0.3333333432674408,1.0000000298023224,1.0986122916069845,3.0000000088166243,1.0,1.0,-0.0,1.0,1.0,1.0,-0.0,1.0,0.3333333432674408,0.3333333432674408,0.3333333432674408,1.0000000298023224,1.0986122916069845,3.0000000088166243,1.0,1.0,-0.0,1.0,1.0,1.0,-0.0,1.0,1.0,1.0,-0.0,1.0,1.0,1.0,-0.0,1.0,1.0,1.0,-0.0,1.0,1.0,1.0,-0.0,1.0,1.0,1.0,-0.0,1.0,0.5123957395553589,0.5030279159545898
13,240,259,20,20,3755,3755,0,0.0,3755,0,0.0,0,63.748942400095984,48.01495869993232,0.17441879981197417,18.532223706366494,112.58481710008346,21.29484456432847,feasibility,not_applicable,-0.00021947246297436245,0.0005715808289034797,0.5025688149666382,-0.004959370015520539,0.0010323136910733025,0.009857237907284397,0.9998997752949342,0.2585598175429692,0.059322033898305086,1.073445200920105,1.4428932666778564,0.25501716136932373,0.043621815741062164,0.055354464799165726,1.3992714881896973,0.23981772363185883,0.9528841972351074,0.0001,0.2479802370071411,0.2503550052642822,0.24953576922416687,0.2521289885044098,1.0,1.3862764573876516,3.9999283857121273,0.3333333432674408,0.3333333432674408,0.3333333432674408,1.0000000298023224,1.0986122916069845,3.0000000088166243,1.0,1.0,-0.0,1.0,1.0,1.0,-0.0,1.0,0.3333333432674408,0.3333333432674408,0.3333333432674408,1.0000000298023224,1.0986122916069845,3.0000000088166243,1.0,1.0,-0.0,1.0,1.0,1.0,-0.0,1.0,1.0,1.0,-0.0,1.0,1.0,1.0,-0.0,1.0,1.0,1.0,-0.0,1.0,1.0,1.0,-0.0,1.0,1.0,1.0,-0.0,1.0,0.5131443738937378,0.5029694437980652
14,260,279,20,20,4323,4323,0,0.0,4323,0,0.0,0,76.91830669995397,57.25321519980207,0.18831640016287565,23.575646596495062,135.0714310000185,20.39249657508568,feasibility,not_applicable,-0.0006506807677557363,0.003791071369906764,0.5150889758678043,-0.0039060341968091532,0.003194140226696618,0.02064075630486888,0.9991539975299555,0.21063219388837323,0.03676470588235294,0.7275217771530151,1.4483691453933716,0.3083428144454956,0.0332162044942379,0.0961809828877449,1.4151530265808105,0.2897639572620392,0.9027004837989807,0.0001,0.24797368049621582,0.2503725290298462,0.24961908161640167,0.25203463435173035,0.999999925494194,1.3862772732531747,3.9999316491171233,0.3333333432674408,0.3333333432674408,0.3333333432674408,1.0000000298023224,1.0986122916069845,3.0000000088166243,1.0,1.0,-0.0,1.0,1.0,1.0,-0.0,1.0,0.3333333432674408,0.3333333432674408,0.3333333432674408,1.0000000298023224,1.0986122916069845,3.0000000088166243,1.0,1.0,-0.0,1.0,1.0,1.0,-0.0,1.0,1.0,1.0,-0.0,1.0,1.0,1.0,-0.0,1.0,1.0,1.0,-0.0,1.0,1.0,1.0,-0.0,1.0,1.0,1.0,-0.0,1.0,0.5136202573776245,0.5029394626617432
15,280,299,20,20,4544,4544,0,0.0,4544,0,0.0,0,76.07237930013798,56.29641829850152,0.16731749987229705,24.46267269155942,143.07308370014653,20.73508590042816,feasibility,not_applicable,-0.0009943755855127958,0.005482735373014191,0.5517524948842089,-0.003770532817776564,0.0011401578134686593,0.011883802816901408,1.0002252543476267,0.23016386305992032,0.04225352112676056,1.5431110858917236,1.4728127717971802,0.3041689395904541,0.02812524512410164,0.09490174055099487,1.4446874856948853,0.2832694947719574,0.9026538729667664,0.0001,0.2479618787765503,0.2503349781036377,0.24982669949531555,0.2518764138221741,0.9999999701976776,1.3862787103560141,3.999937397434384,0.3333333432674408,0.3333333432674408,0.3333333432674408,1.0000000298023224,1.0986122916069845,3.0000000088166243,1.0,1.0,-0.0,1.0,1.0,1.0,-0.0,1.0,0.3333333432674408,0.3333333432674408,0.3333333432674408,1.0000000298023224,1.0986122916069845,3.0000000088166243,1.0,1.0,-0.0,1.0,1.0,1.0,-0.0,1.0,1.0,1.0,-0.0,1.0,1.0,1.0,-0.0,1.0,1.0,1.0,-0.0,1.0,1.0,1.0,-0.0,1.0,1.0,1.0,-0.0,1.0,0.5138736963272095,0.5031534433364868
16,300,319,20,20,4683,4683,0,0.0,4683,0,0.0,0,80.26894020009786,59.152352599427104,0.1747763000894338,25.770404897863045,148.20084710000083,20.497239724081354,feasibility,not_applicable,-0.002664782257901656,0.0007827367160250622,0.5465239544172544,-0.007738653277802105,0.0023794103503491527,0.017083845227151305,1.0007302628175632,0.19621631196020423,0.02027027027027027,0.9488142728805542,1.5126456022262573,0.2858235538005829,0.03486919403076172,0.06049980968236923,1.4777765274047852,0.2864169180393219,0.9551964998245239,0.0001,0.2477586418390274,0.25007060170173645,0.24960321187973022,0.2525675296783447,0.9999999850988388,1.386270813300086,3.9999058098297726,0.3333333432674408,0.3333333432674408,0.3333333432674408,1.0000000298023224,1.0986122916069845,3.0000000088166243,1.0,1.0,-0.0,1.0,1.0,1.0,-0.0,1.0,0.3333333432674408,0.3333333432674408,0.3333333432674408,1.0000000298023224,1.0986122916069845,3.0000000088166243,1.0,1.0,-0.0,1.0,1.0,1.0,-0.0,1.0,1.0,1.0,-0.0,1.0,1.0,1.0,-0.0,1.0,1.0,1.0,-0.0,1.0,1.0,1.0,-0.0,1.0,1.0,1.0,-0.0,1.0,0.5139216184616089,0.5033835768699646
17,320,339,20,20,4369,4369,0,0.0,4369,0,0.0,0,73.66933159995824,54.6946470993571,0.1732991999015212,23.832199099939317,132.0904110998381,21.233502446464346,feasibility,not_applicable,0.00020132626852263576,0.00040143183223731086,0.5432620707197465,-0.005030578155866891,0.0019257347334844424,0.018229166666666668,1.0017175328904304,0.2304094139000644,0.028985507246376812,0.670778751373291,1.5238183736801147,0.29530519247055054,0.02187913842499256,0.04047750309109688,1.5019391775131226,0.2922366261482239,0.98121178150177,0.0001,0.24802406132221222,0.25035175681114197,0.24965177476406097,0.2519724667072296,1.0000000596046448,1.3862783039733586,3.999935771929533,0.3333333432674408,0.3333333432674408,0.3333333432674408,1.0000000298023224,1.0986122916069845,3.0000000088166243,1.0,1.0,-0.0,1.0,1.0,1.0,-0.0,1.0,0.3333333432674408,0.3333333432674408,0.3333333432674408,1.0000000298023224,1.0986122916069845,3.0000000088166243,1.0,1.0,-0.0,1.0,1.0,1.0,-0.0,1.0,1.0,1.0,-0.0,1.0,1.0,1.0,-0.0,1.0,1.0,1.0,-0.0,1.0,1.0,1.0,-0.0,1.0,1.0,1.0,-0.0,1.0,0.5141733288764954,0.5037286877632141
18,340,359,20,20,4603,4603,0,0.0,4603,0,0.0,0,79.91984870005399,60.31811449979432,0.16404260019771755,24.320416511967778,142.03657729993574,20.738304733741806,feasibility,not_applicable,-0.0008331682119104597,0.0003574999564079917,0.5117287095636129,-0.0057717059567544814,0.0008817929232868159,0.00631179378574921,0.9991918959551387,0.19211013002010682,0.020833333333333332,0.6138556599617004,1.5004220008850098,0.30254441499710083,0.011270304210484028,0.03294077143073082,1.4891515970230103,0.2993100881576538,0.9881453514099121,0.0001,0.2480802834033966,0.2504359483718872,0.24985407292842865,0.2516297399997711,1.0000000447034836,1.3862812657479835,3.9999476188553476,0.3333333432674408,0.3333333432674408,0.3333333432674408,1.0000000298023224,1.0986122916069845,3.0000000088166243,1.0,1.0,-0.0,1.0,1.0,1.0,-0.0,1.0,0.3333333432674408,0.3333333432674408,0.3333333432674408,1.0000000298023224,1.0986122916069845,3.0000000088166243,1.0,1.0,-0.0,1.0,1.0,1.0,-0.0,1.0,1.0,1.0,-0.0,1.0,1.0,1.0,-0.0,1.0,1.0,1.0,-0.0,1.0,1.0,1.0,-0.0,1.0,1.0,1.0,-0.0,1.0,0.5143799781799316,0.503682553768158
19,360,379,20,20,4913,4913,0,0.0,4913,0,0.0,0,84.0077539999038,63.313198500312865,0.18113160016946495,27.252693397691473,154.11067110020667,20.632590686480736,feasibility,not_applicable,-0.001745065940277917,0.00022774466560804285,0.5445695056930765,-0.007076887811485726,0.0016593339551745176,0.0177473992883385,1.0013854913897329,0.21657718543882493,0.01948051948051948,0.8864653706550598,1.533899188041687,0.283769428730011,0.013561557047069073,0.028058821335434914,1.520337700843811,0.2787552773952484,0.9902229309082031,0.0001,0.24831797182559967,0.2507792115211487,0.24997931718826294,0.2509235143661499,1.0000000149011612,1.386285778107355,3.999965668097193,0.3333333432674408,0.3333333432674408,0.3333333432674408,1.0000000298023224,1.0986122916069845,3.0000000088166243,1.0,1.0,-0.0,1.0,1.0,1.0,-0.0,1.0,0.3333333432674408,0.3333333432674408,0.3333333432674408,1.0000000298023224,1.0986122916069845,3.0000000088166243,1.0,1.0,-0.0,1.0,1.0,1.0,-0.0,1.0,1.0,1.0,-0.0,1.0,1.0,1.0,-0.0,1.0,1.0,1.0,-0.0,1.0,1.0,1.0,-0.0,1.0,1.0,1.0,-0.0,1.0,0.514732301235199,0.5045030117034912
20,380,399,20,20,4353,4353,0,0.0,4353,0,0.0,0,75.68621199997142,56.29445230262354,0.2101894998922944,23.62191109638661,133.83383320015855,20.776055082663277,feasibility,not_applicable,-0.0010671562150768611,0.0001916362893941856,0.5586775662242502,-0.006558113815802811,0.0019362273835239635,0.015398550724637682,0.9996181959691255,0.17402131431668566,0.007246376811594203,0.5914814472198486,1.5450167655944824,0.2981995940208435,0.007468495983630419,0.021054476499557495,1.537548303604126,0.2945207953453064,0.9950149059295654,0.0001,0.2481154501438141,0.2506141662597656,0.2498859465122223,0.2513844072818756,0.9999999701976776,1.3862826227206901,3.999953046678777,0.3333333432674408,0.3333333432674408,0.3333333432674408,1.0000000298023224,1.0986122916069845,3.0000000088166243,1.0,1.0,-0.0,1.0,1.0,1.0,-0.0,1.0,0.3333333432674408,0.3333333432674408,0.3333333432674408,1.0000000298023224,1.0986122916069845,3.0000000088166243,1.0,1.0,-0.0,1.0,1.0,1.0,-0.0,1.0,1.0,1.0,-0.0,1.0,1.0,1.0,-0.0,1.0,1.0,1.0,-0.0,1.0,1.0,1.0,-0.0,1.0,1.0,1.0,-0.0,1.0,0.5149911642074585,0.5042873024940491
21,400,419,20,20,4034,4034,0,0.0,4034,0,0.0,0,67.88462620018981,50.674478301545605,0.1817873006220907,20.785148509778082,122.58313849987462,21.179436879266508,feasibility,not_applicable,0.008349288145836908,0.00016478435168210126,0.5922677351627499,0.002509004196326714,0.001614019658518373,0.0142822265625,1.002832475118339,0.23595655692042783,0.0234375,7.807143688201904,1.5193185806274414,0.29893913865089417,0.006670094095170498,0.016967060044407845,1.5126484632492065,0.2960221469402313,0.9967786073684692,0.0001,0.24801954627037048,0.2505590319633484,0.24971354007720947,0.25170788168907166,1.0,1.3862798866996389,3.9999421027380087,0.3333333432674408,0.3333333432674408,0.3333333432674408,1.0000000298023224,1.0986122916069845,3.0000000088166243,1.0,1.0,-0.0,1.0,1.0,1.0,-0.0,1.0,0.3333333432674408,0.3333333432674408,0.3333333432674408,1.0000000298023224,1.0986122916069845,3.0000000088166243,1.0,1.0,-0.0,1.0,1.0,1.0,-0.0,1.0,1.0,1.0,-0.0,1.0,1.0,1.0,-0.0,1.0,1.0,1.0,-0.0,1.0,1.0,1.0,-0.0,1.0,1.0,1.0,-0.0,1.0,0.5152230858802795,0.5043293833732605
22,420,439,20,20,4154,4154,0,0.0,4154,0,0.0,0,69.95596439996734,52.1192790993955,0.17526009981520474,22.532480294816196,130.4152400000021,20.73152183937581,feasibility,not_applicable,-0.00010987919253798631,0.00011154306325457023,0.5660373336993731,-0.005714480646957572,0.0019336152579993583,0.01821120690840941,1.000948403431819,0.19586617035361437,0.0,0.47992709279060364,1.5005067586898804,0.2923927307128906,0.005050004459917545,0.0113481180742383,1.4954566955566406,0.2921160161495209,0.9984936714172363,0.0001,0.2478105127811432,0.25034427642822266,0.2497294843196869,0.25211572647094727,1.0,1.3862754344961683,3.9999242942215405,0.3333333432674408,0.3333333432674408,0.3333333432674408,1.0000000298023224,1.0986122916069845,3.0000000088166243,1.0,1.0,-0.0,1.0,1.0,1.0,-0.0,1.0,0.3333333432674408,0.3333333432674408,0.3333333432674408,1.0000000298023224,1.0986122916069845,3.0000000088166243,1.0,1.0,-0.0,1.0,1.0,1.0,-0.0,1.0,1.0,1.0,-0.0,1.0,1.0,1.0,-0.0,1.0,1.0,1.0,-0.0,1.0,1.0,1.0,-0.0,1.0,1.0,1.0,-0.0,1.0,0.5155355334281921,0.50457763671875
23,440,459,20,20,4203,4203,0,0.0,4203,0,0.0,0,70.58577349991538,53.300959502579644,0.17691739951260388,21.342946100514382,126.89284810004756,21.28331647217042,feasibility,not_applicable,0.0001563242156848763,0.005214702439182226,0.5798209332155458,-0.0030345341973853383,0.0009385444052785522,0.009466944149497784,0.9999962083318017,0.1933005637291706,0.045454545454545456,1.3397043943405151,1.5450369119644165,0.333466112613678,-0.002375285141170025,0.07956752181053162,1.5474122762680054,0.30976229906082153,0.9430664777755737,0.0001,0.24775336682796478,0.25034788250923157,0.24956242740154266,0.25233638286590576,1.0000000596046448,1.3862727504344097,3.999913558192113,0.3333333432674408,0.3333333432674408,0.3333333432674408,1.0000000298023224,1.0986122916069845,3.0000000088166243,1.0,1.0,-0.0,1.0,1.0,1.0,-0.0,1.0,0.3333333432674408,0.3333333432674408,0.3333333432674408,1.0000000298023224,1.0986122916069845,3.0000000088166243,1.0,1.0,-0.0,1.0,1.0,1.0,-0.0,1.0,1.0,1.0,-0.0,1.0,1.0,1.0,-0.0,1.0,1.0,1.0,-0.0,1.0,1.0,1.0,-0.0,1.0,1.0,1.0,-0.0,1.0,0.5155045986175537,0.5044832825660706
24,460,479,20,20,4981,4981,0,0.0,4981,0,0.0,0,86.41210149996914,64.75316379778087,0.15762260043993592,27.791749006835744,154.23680339986458,20.698203476443254,feasibility,not_applicable,-0.000759831414772914,0.0003357248520515919,0.5444908558558195,-0.0060368778978068475,0.00117350067012012,0.013183357528386971,1.0002180995085301,0.16481446044949385,0.0,0.33534538745880127,1.6049697399139404,0.3198935389518738,0.0012897462584078312,0.024169009178876877,1.60368013381958,0.3188011050224304,0.9942917227745056,0.0001,0.2477177381515503,0.25041136145591736,0.24930785596370697,0.25256308913230896,1.0000000447034836,1.3862695376620149,3.999900707400895,0.3333333432674408,0.3333333432674408,0.3333333432674408,1.0000000298023224,1.0986122916069845,3.0000000088166243,1.0,1.0,-0.0,1.0,1.0,1.0,-0.0,1.0,0.3333333432674408,0.3333333432674408,0.3333333432674408,1.0000000298023224,1.0986122916069845,3.0000000088166243,1.0,1.0,-0.0,1.0,1.0,1.0,-0.0,1.0,1.0,1.0,-0.0,1.0,1.0,1.0,-0.0,1.0,1.0,1.0,-0.0,1.0,1.0,1.0,-0.0,1.0,1.0,1.0,-0.0,1.0,0.5157880187034607,0.5043998956680298
25,480,499,20,20,4520,4520,0,0.0,4520,0,0.0,0,75.712492500199,56.92517989920452,0.22197569976560771,23.257736303145066,139.72951520001516,20.980123831233247,feasibility,not_applicable,-0.0010084234125597377,0.00021996238681079466,0.5288634650724034,-0.006187076841048161,0.003423810590543902,0.031051936624965196,0.9994793492303767,0.20019977539777756,0.007042253521126761,0.5101121068000793,1.5841434001922607,0.32222074270248413,0.00019736855756491423,0.017868055030703545,1.5839459896087646,0.3228524625301361,0.9969249963760376,0.0001,0.24763473868370056,0.250453382730484,0.24907121062278748,0.25284072756767273,1.0000000596046448,1.3862649427842295,3.9998823283882157,0.3333333432674408,0.3333333432674408,0.3333333432674408,1.0000000298023224,1.0986122916069845,3.0000000088166243,1.0,1.0,-0.0,1.0,1.0,1.0,-0.0,1.0,0.3333333432674408,0.3333333432674408,0.3333333432674408,1.0000000298023224,1.0986122916069845,3.0000000088166243,1.0,1.0,-0.0,1.0,1.0,1.0,-0.0,1.0,1.0,1.0,-0.0,1.0,1.0,1.0,-0.0,1.0,1.0,1.0,-0.0,1.0,1.0,1.0,-0.0,1.0,1.0,1.0,-0.0,1.0,0.5159320831298828,0.505034327507019
26,500,519,20,20,4076,4076,0,0.0,4076,0,0.0,0,66.42434799997136,49.05224960134365,0.1632924999576062,21.256406898843125,126.01115320017561,21.18112289353856,feasibility,not_applicable,-0.0005050638283137232,0.00014261177039998074,0.5518552584107965,-0.005952310040811426,0.002109120861859992,0.021706321043893695,0.9985437053255737,0.2488272424088791,0.0546875,0.9159713983535767,1.5911586284637451,0.30982714891433716,2.1659909180016257e-05,0.013085911981761456,1.5911368131637573,0.30950304865837097,0.9982160925865173,0.0001,0.24748876690864563,0.2503630518913269,0.24878515303134918,0.2533630132675171,0.9999999850988388,1.3862559613851642,3.999846404010136,0.3333333432674408,0.3333333432674408,0.3333333432674408,1.0000000298023224,1.0986122916069845,3.0000000088166243,1.0,1.0,-0.0,1.0,1.0,1.0,-0.0,1.0,0.3333333432674408,0.3333333432674408,0.3333333432674408,1.0000000298023224,1.0986122916069845,3.0000000088166243,1.0,1.0,-0.0,1.0,1.0,1.0,-0.0,1.0,1.0,1.0,-0.0,1.0,1.0,1.0,-0.0,1.0,1.0,1.0,-0.0,1.0,1.0,1.0,-0.0,1.0,1.0,1.0,-0.0,1.0,0.5160562992095947,0.5051676034927368
27,520,539,20,20,3942,3942,0,0.0,3942,0,0.0,0,66.46444840007462,49.8736519983504,0.18141890037804842,20.53102740459144,120.3134300999809,21.105283086288125,feasibility,not_applicable,-0.0016806697803399256,0.00012578812243924813,0.5101819543107864,-0.006719595114249856,0.0019347438618781106,0.020506154475433212,0.9989359633576486,0.22264333255589008,0.024193548387096774,0.5369933247566223,1.563466191291809,0.3256342113018036,-0.002177248476073146,0.011948974803090096,1.5656434297561646,0.3260147273540497,0.9986535310745239,0.0001,0.24750550091266632,0.2503698468208313,0.2487548142671585,0.25336983799934387,1.0,1.386255884641151,3.9998460970458822,0.3333333432674408,0.3333333432674408,0.3333333432674408,1.0000000298023224,1.0986122916069845,3.0000000088166243,1.0,1.0,-0.0,1.0,1.0,1.0,-0.0,1.0,0.3333333432674408,0.3333333432674408,0.3333333432674408,1.0000000298023224,1.0986122916069845,3.0000000088166243,1.0,1.0,-0.0,1.0,1.0,1.0,-0.0,1.0,1.0,1.0,-0.0,1.0,1.0,1.0,-0.0,1.0,1.0,1.0,-0.0,1.0,1.0,1.0,-0.0,1.0,1.0,1.0,-0.0,1.0,0.5160582065582275,0.5054040551185608
28,540,559,20,20,4782,4782,0,0.0,4782,0,0.0,0,79.46027409983799,60.07495999732055,0.19528820016421378,25.453756200149655,150.6995687999297,20.776865067997605,feasibility,not_applicable,-0.0004949582119782766,0.003973625397920841,0.4783837507168452,-0.0032919823937118055,0.0009834694028055917,0.01108242753893137,1.000276213089625,0.18689100253085295,0.03333333333333333,1.2210246324539185,1.565427303314209,0.34210196137428284,-0.007459304761141539,0.07234654575586319,1.5728867053985596,0.3240644931793213,0.955277681350708,0.0001,0.24753247201442719,0.25039929151535034,0.24890826642513275,0.2531599998474121,1.0000000298023224,1.3862595614604105,3.999860803784084,0.3333333432674408,0.3333333432674408,0.3333333432674408,1.0000000298023224,1.0986122916069845,3.0000000088166243,1.0,1.0,-0.0,1.0,1.0,1.0,-0.0,1.0,0.3333333432674408,0.3333333432674408,0.3333333432674408,1.0000000298023224,1.0986122916069845,3.0000000088166243,1.0,1.0,-0.0,1.0,1.0,1.0,-0.0,1.0,1.0,1.0,-0.0,1.0,1.0,1.0,-0.0,1.0,1.0,1.0,-0.0,1.0,1.0,1.0,-0.0,1.0,1.0,1.0,-0.0,1.0,0.5161240696907043,0.5052833557128906
29,560,579,20,20,4553,4553,0,0.0,4553,0,0.0,0,75.17167500010692,55.566884801955894,0.18266239971853793,25.29742090590298,136.76736639998853,21.482592211054275,feasibility,not_applicable,-0.004487975073667864,0.00023497894684017714,0.5133317624115281,-0.009503803519894265,0.003318459028378129,0.029839409722222224,0.9990307353436947,0.2632365014093618,0.04861111111111111,2.1394715309143066,1.6019315719604492,0.3244521915912628,-0.00019637824152596295,0.01973550207912922,1.6021279096603394,0.3228112459182739,0.9963000416755676,0.0001,0.24751855432987213,0.2503303587436676,0.24886512756347656,0.2532859146595001,0.9999999552965164,1.386257689324431,3.9998533155077696,0.3333333432674408,0.3333333432674408,0.3333333432674408,1.0000000298023224,1.0986122916069845,3.0000000088166243,1.0,1.0,-0.0,1.0,1.0,1.0,-0.0,1.0,0.3333333432674408,0.3333333432674408,0.3333333432674408,1.0000000298023224,1.0986122916069845,3.0000000088166243,1.0,1.0,-0.0,1.0,1.0,1.0,-0.0,1.0,1.0,1.0,-0.0,1.0,1.0,1.0,-0.0,1.0,1.0,1.0,-0.0,1.0,1.0,1.0,-0.0,1.0,1.0,1.0,-0.0,1.0,0.5156288146972656,0.5055258274078369
30,580,599,20,20,4302,4302,0,0.0,4302,0,0.0,0,74.63364289980382,55.77428439701907,0.21342140017077327,24.09952980140224,131.3227456000168,20.88791724954794,feasibility,not_applicable,0.0009944892269285286,0.0001371750673463205,0.5455429113524801,-0.004392352523556089,0.0030421319345751885,0.02970719540162998,1.0005363072542584,0.23575834354714437,0.029411764705882353,0.8385626673698425,1.6003451347351074,0.31473371386528015,-0.0009066574857570231,0.0143327247351408,1.6012517213821411,0.313700795173645,0.9979261755943298,0.0001,0.2475166767835617,0.2503398358821869,0.24879798293113708,0.25334545969963074,0.9999999552965164,1.3862565587988933,3.9998487935740057,0.3333333432674408,0.3333333432674408,0.3333333432674408,1.0000000298023224,1.0986122916069845,3.0000000088166243,1.0,1.0,-0.0,1.0,1.0,1.0,-0.0,1.0,0.3333333432674408,0.3333333432674408,0.3333333432674408,1.0000000298023224,1.0986122916069845,3.0000000088166243,1.0,1.0,-0.0,1.0,1.0,1.0,-0.0,1.0,1.0,1.0,-0.0,1.0,1.0,1.0,-0.0,1.0,1.0,1.0,-0.0,1.0,1.0,1.0,-0.0,1.0,1.0,1.0,-0.0,1.0,0.51530522108078,0.5055336952209473
31,600,619,20,20,4990,4990,0,0.0,4990,0,0.0,0,88.47484189993702,67.43974109948613,0.19224249967373908,26.76004929980263,154.15185420005582,20.566574413326265,feasibility,not_applicable,-0.001710194037654079,0.0033632408882952472,0.5052720314035049,-0.00508129368058573,0.002200955195943467,0.023343801689453613,0.9999192085785743,0.1790994263660067,0.038461538461538464,0.722210705280304,1.6115527153015137,0.3400309979915619,-0.00680473493412137,0.067139632999897,1.618357539176941,0.3193865120410919,0.9610128998756409,0.0001,0.24752900004386902,0.25032177567481995,0.2487115114927292,0.25343766808509827,0.9999999552965164,1.3862550310918644,3.9998426829815568,0.3333333432674408,0.3333333432674408,0.3333333432674408,1.0000000298023224,1.0986122916069845,3.0000000088166243,1.0,1.0,-0.0,1.0,1.0,1.0,-0.0,1.0,0.3333333432674408,0.3333333432674408,0.3333333432674408,1.0000000298023224,1.0986122916069845,3.0000000088166243,1.0,1.0,-0.0,1.0,1.0,1.0,-0.0,1.0,1.0,1.0,-0.0,1.0,1.0,1.0,-0.0,1.0,1.0,1.0,-0.0,1.0,1.0,1.0,-0.0,1.0,1.0,1.0,-0.0,1.0,0.5152429342269897,0.5055609345436096
32,620,639,20,20,4340,4340,0,0.0,4340,0,0.0,0,70.63144970010035,53.19261669763364,0.18407499976456165,21.99426689837128,133.90073279989883,21.21915459441214,feasibility,not_applicable,-0.0007082581629647928,0.000200247924808269,0.5307901002028409,-0.005916034439852571,0.0019187636447467787,0.018497242647058824,0.9996462153161273,0.20167303033282652,0.014705882352941176,0.6386204957962036,1.6023225784301758,0.3357759416103363,-0.0029382938519120216,0.01950361207127571,1.6052608489990234,0.33739960193634033,0.9966261386871338,0.0001,0.2476365715265274,0.2503223717212677,0.24897383153438568,0.2530671954154968,0.9999999701976776,1.3862620870619862,3.9998709058515893,0.3333333432674408,0.3333333432674408,0.3333333432674408,1.0000000298023224,1.0986122916069845,3.0000000088166243,1.0,1.0,-0.0,1.0,1.0,1.0,-0.0,1.0,0.3333333432674408,0.3333333432674408,0.3333333432674408,1.0000000298023224,1.0986122916069845,3.0000000088166243,1.0,1.0,-0.0,1.0,1.0,1.0,-0.0,1.0,1.0,1.0,-0.0,1.0,1.0,1.0,-0.0,1.0,1.0,1.0,-0.0,1.0,1.0,1.0,-0.0,1.0,1.0,1.0,-0.0,1.0,0.5150730609893799,0.5059100985527039
33,640,659,20,20,4452,4452,0,0.0,4452,0,0.0,0,76.51113849994726,56.290776701876894,0.17396570066921413,25.121948000742123,133.18585290014744,21.230633640831478,feasibility,not_applicable,-0.002228985956337835,0.00018039500859491194,0.5410211328949247,-0.0075489996799400876,0.001400217875821649,0.018117559541549002,0.9995937113251004,0.20343601464160851,0.007142857142857143,0.7145159244537354,1.5945614576339722,0.3304917812347412,-0.0031540081836283207,0.017679259181022644,1.5977152585983276,0.33313581347465515,0.9971384406089783,0.0001,0.24757346510887146,0.25030946731567383,0.24906225502490997,0.25305479764938354,0.9999999850988388,1.3862620005182817,3.999870559687959,0.3333333432674408,0.3333333432674408,0.3333333432674408,1.0000000298023224,1.0986122916069845,3.0000000088166243,1.0,1.0,-0.0,1.0,1.0,1.0,-0.0,1.0,0.3333333432674408,0.3333333432674408,0.3333333432674408,1.0000000298023224,1.0986122916069845,3.0000000088166243,1.0,1.0,-0.0,1.0,1.0,1.0,-0.0,1.0,1.0,1.0,-0.0,1.0,1.0,1.0,-0.0,1.0,1.0,1.0,-0.0,1.0,1.0,1.0,-0.0,1.0,1.0,1.0,-0.0,1.0,0.5153084993362427,0.5062048435211182
34,660,679,20,20,4955,4955,0,0.0,4955,0,0.0,0,84.29650420020334,62.4898699009791,0.17303490010090172,28.324880799278617,153.08112740004435,20.873912872904533,feasibility,not_applicable,-0.00162848506648189,0.002546884790577818,0.5352946819785314,-0.005707989091602847,0.002291098500091511,0.02297379511098067,1.0005433356914766,0.16143787652254105,0.01282051282051282,0.742152750492096,1.6303038597106934,0.34590327739715576,-0.009897592477500439,0.06772997230291367,1.640201449394226,0.32487255334854126,0.9616599678993225,0.0001,0.247718945145607,0.25040555000305176,0.2491483837366104,0.25272706151008606,0.9999999403953552,1.3862672990229505,3.9998917530769407,0.3333333432674408,0.3333333432674408,0.3333333432674408,1.0000000298023224,1.0986122916069845,3.0000000088166243,1.0,1.0,-0.0,1.0,1.0,1.0,-0.0,1.0,0.3333333432674408,0.3333333432674408,0.3333333432674408,1.0000000298023224,1.0986122916069845,3.0000000088166243,1.0,1.0,-0.0,1.0,1.0,1.0,-0.0,1.0,1.0,1.0,-0.0,1.0,1.0,1.0,-0.0,1.0,1.0,1.0,-0.0,1.0,1.0,1.0,-0.0,1.0,1.0,1.0,-0.0,1.0,0.5152827501296997,0.5063796043395996
35,680,699,20,20,4493,4493,0,0.0,4493,0,0.0,0,75.74967769999057,56.23109290446155,0.1985809993930161,23.881722591118887,136.33777860016562,21.184656925873515,feasibility,not_applicable,-0.0058856148512142015,0.0002812136742544629,0.5319475214666044,-0.01106448307580931,0.0013716468549805733,0.013966007604145668,0.9991674821981242,0.17076468829747657,0.007042253521126761,0.7265421748161316,1.5771865844726562,0.32346445322036743,-0.0032641307916492224,0.024922845885157585,1.5804506540298462,0.3259676694869995,0.9940633177757263,0.0001,0.24739298224449158,0.25025686621665955,0.24856530129909515,0.25378483533859253,0.9999999850988388,1.3862479517877961,3.9998143669792077,0.3333333432674408,0.3333333432674408,0.3333333432674408,1.0000000298023224,1.0986122916069845,3.0000000088166243,1.0,1.0,-0.0,1.0,1.0,1.0,-0.0,1.0,0.3333333432674408,0.3333333432674408,0.3333333432674408,1.0000000298023224,1.0986122916069845,3.0000000088166243,1.0,1.0,-0.0,1.0,1.0,1.0,-0.0,1.0,1.0,1.0,-0.0,1.0,1.0,1.0,-0.0,1.0,1.0,1.0,-0.0,1.0,1.0,1.0,-0.0,1.0,1.0,1.0,-0.0,1.0,0.5153960585594177,0.5062531232833862
36,700,719,20,20,4454,4454,0,0.0,4454,0,0.0,0,75.74526840006001,56.61680929688737,0.16200509993359447,23.953220506431535,133.49265100015327,21.28677255426513,feasibility,not_applicable,0.00017122621648013592,0.0020723941315996595,0.5119732077632632,-0.003912308968470565,0.001416055839841387,0.016600093990564346,0.9999378068106515,0.17218043129625066,0.03571428571428571,0.8459730744361877,1.5517115592956543,0.35202252864837646,-0.010272420011460781,0.06998372822999954,1.5619839429855347,0.33082735538482666,0.9604766964912415,0.0001,0.24742139875888824,0.25034022331237793,0.2485860139131546,0.25365230441093445,0.9999999403953552,1.3862502064172975,3.9998233850888454,0.3333333432674408,0.3333333432674408,0.3333333432674408,1.0000000298023224,1.0986122916069845,3.0000000088166243,1.0,1.0,-0.0,1.0,1.0,1.0,-0.0,1.0,0.3333333432674408,0.3333333432674408,0.3333333432674408,1.0000000298023224,1.0986122916069845,3.0000000088166243,1.0,1.0,-0.0,1.0,1.0,1.0,-0.0,1.0,1.0,1.0,-0.0,1.0,1.0,1.0,-0.0,1.0,1.0,1.0,-0.0,1.0,1.0,1.0,-0.0,1.0,1.0,1.0,-0.0,1.0,0.515536367893219,0.5060402750968933
37,720,739,20,20,5043,5043,0,0.0,5043,0,0.0,0,86.95816270005889,64.42564700194634,0.18485499895177782,29.79563308437355,151.93618600000627,21.109750094304445,feasibility,not_applicable,-0.0003933566047727496,0.0010293691950117804,0.5299789243483846,-0.005178461218240989,0.0010811987007331527,0.01216376582278481,0.999971141920814,0.16612821902278102,0.03164556962025317,1.523176670074463,1.6219923496246338,0.3616237938404083,-0.007655258756130934,0.05046491324901581,1.6296476125717163,0.34416329860687256,0.980525553226471,0.0001,0.24746163189411163,0.25036102533340454,0.24853725731372833,0.2536400258541107,0.9999999403953552,1.3862504875838657,3.9998245097056184,0.3333333432674408,0.3333333432674408,0.3333333432674408,1.0000000298023224,1.0986122916069845,3.0000000088166243,1.0,1.0,-0.0,1.0,1.0,1.0,-0.0,1.0,0.3333333432674408,0.3333333432674408,0.3333333432674408,1.0000000298023224,1.0986122916069845,3.0000000088166243,1.0,1.0,-0.0,1.0,1.0,1.0,-0.0,1.0,1.0,1.0,-0.0,1.0,1.0,1.0,-0.0,1.0,1.0,1.0,-0.0,1.0,1.0,1.0,-0.0,1.0,1.0,1.0,-0.0,1.0,0.5155433416366577,0.5059518814086914
38,740,759,20,20,4629,4629,0,0.0,4629,0,0.0,0,77.17408120003529,57.18567799869925,0.17907279962673783,25.615983596770093,143.46069979993626,20.98037299024308,feasibility,not_applicable,-0.000737609022794521,0.0010491520450358783,0.5172844322985166,-0.005385876756021115,0.0022859667564984667,0.023238747572041536,0.9987094855471833,0.14588224170857098,0.0136986301369863,1.0308128595352173,1.5598392486572266,0.3498114049434662,-0.001327240839600563,0.059328485280275345,1.5611664056777954,0.36224573850631714,0.9712353944778442,0.0001,0.2475685328245163,0.25043952465057373,0.24876463413238525,0.2532273530960083,1.0000000447034836,1.3862583298185986,3.9998558773913104,0.3333333432674408,0.3333333432674408,0.3333333432674408,1.0000000298023224,1.0986122916069845,3.0000000088166243,1.0,1.0,-0.0,1.0,1.0,1.0,-0.0,1.0,0.3333333432674408,0.3333333432674408,0.3333333432674408,1.0000000298023224,1.0986122916069845,3.0000000088166243,1.0,1.0,-0.0,1.0,1.0,1.0,-0.0,1.0,1.0,1.0,-0.0,1.0,1.0,1.0,-0.0,1.0,1.0,1.0,-0.0,1.0,1.0,1.0,-0.0,1.0,1.0,1.0,-0.0,1.0,0.5160227417945862,0.5058979392051697
39,760,779,20,20,4052,4052,0,0.0,4052,0,0.0,0,65.69038329995237,48.71152739902027,0.16455330001190305,21.27788299624808,120.78254120005295,21.729696205841854,feasibility,not_applicable,0.00292093006282812,0.00019012225288861373,0.5291657007765025,-0.002275666203786386,0.0027392524325478007,0.026269531255820766,1.0000968230888247,0.24325160583248362,0.0625,0.7730992436408997,1.5580123662948608,0.3288477063179016,-0.001695506740361452,0.01494427490979433,1.5597078800201416,0.33219149708747864,0.9979348182678223,0.0001,0.2474929541349411,0.25048112869262695,0.24857598543167114,0.2534499764442444,1.0000000447034836,1.3862535436449162,3.9998367334321894,0.3333333432674408,0.3333333432674408,0.3333333432674408,1.0000000298023224,1.0986122916069845,3.0000000088166243,1.0,1.0,-0.0,1.0,1.0,1.0,-0.0,1.0,0.3333333432674408,0.3333333432674408,0.3333333432674408,1.0000000298023224,1.0986122916069845,3.0000000088166243,1.0,1.0,-0.0,1.0,1.0,1.0,-0.0,1.0,1.0,1.0,-0.0,1.0,1.0,1.0,-0.0,1.0,1.0,1.0,-0.0,1.0,1.0,1.0,-0.0,1.0,1.0,1.0,-0.0,1.0,0.5162554979324341,0.5057268738746643
40,780,799,20,20,4673,4673,0,0.0,4673,0,0.0,0,81.24025659984909,61.473873395938426,0.16908769961446524,25.047531405929476,143.9384904000908,20.75240253469057,feasibility,not_applicable,0.001731109106913209,0.000353458606507256,0.5213316662891491,-0.0033054781410641765,0.001926608819426415,0.021326013513513514,0.9997212834454872,0.17636264024956808,0.033783783783783786,1.3618193864822388,1.6033705472946167,0.3376010060310364,-0.0013620142126455903,0.029139889404177666,1.6047325134277344,0.34550872445106506,0.9925497770309448,0.0001,0.2474410980939865,0.2504739761352539,0.24861925840377808,0.2534656524658203,0.9999999850988388,1.386253034280351,3.9998346960576097,0.3333333432674408,0.3333333432674408,0.3333333432674408,1.0000000298023224,1.0986122916069845,3.0000000088166243,1.0,1.0,-0.0,1.0,1.0,1.0,-0.0,1.0,0.3333333432674408,0.3333333432674408,0.3333333432674408,1.0000000298023224,1.0986122916069845,3.0000000088166243,1.0,1.0,-0.0,1.0,1.0,1.0,-0.0,1.0,1.0,1.0,-0.0,1.0,1.0,1.0,-0.0,1.0,1.0,1.0,-0.0,1.0,1.0,1.0,-0.0,1.0,1.0,1.0,-0.0,1.0,0.5168256163597107,0.5059905052185059
41,800,819,20,20,4698,4698,0,0.0,4698,0,0.0,0,81.19942680001259,60.86326709901914,0.17269719950854778,26.07652890845202,144.13553970004432,20.848961317323177,feasibility,not_applicable,0.0025270578099062316,0.00304574577416674,0.507044479855009,-0.0010205146265090316,0.003025345548332946,0.02701890594451814,0.9997821132073531,0.19105692514898004,0.060810810810810814,3.076734781265259,1.557783603668213,0.37486860156059265,-0.014766003005206585,0.09191607683897018,1.57254958152771,0.3400205075740814,0.9398791790008545,0.0001,0.24744127690792084,0.2504886984825134,0.24878458678722382,0.25328540802001953,0.9999999701976776,1.3862562801159104,3.999847678884368,0.3333333432674408,0.3333333432674408,0.3333333432674408,1.0000000298023224,1.0986122916069845,3.0000000088166243,1.0,1.0,-0.0,1.0,1.0,1.0,-0.0,1.0,0.3333333432674408,0.3333333432674408,0.3333333432674408,1.0000000298023224,1.0986122916069845,3.0000000088166243,1.0,1.0,-0.0,1.0,1.0,1.0,-0.0,1.0,1.0,1.0,-0.0,1.0,1.0,1.0,-0.0,1.0,1.0,1.0,-0.0,1.0,1.0,1.0,-0.0,1.0,1.0,1.0,-0.0,1.0,0.5166866779327393,0.5056986808776855
42,820,839,20,20,4660,4660,0,0.0,4660,0,0.0,0,79.78582890005782,59.51001489954069,0.1837552001234144,25.776376806898043,142.6054217000492,20.9540617601876,feasibility,not_applicable,0.0008198569260843813,0.0008289418020803953,0.5099497415023307,-0.003865169327744372,0.0011801371631556994,0.013237618573316156,1.0005943236285693,0.2513355909247104,0.0821917808219178,2.3433022499084473,1.5515055656433105,0.36954692006111145,-0.0057309465482831,0.04625317454338074,1.5572364330291748,0.35699662566185,0.9843345284461975,0.0001,0.2473756968975067,0.25047510862350464,0.24895597994327545,0.2531932294368744,1.0000000149011612,1.3862576031737641,3.999852970917754,0.3333333432674408,0.3333333432674408,0.3333333432674408,1.0000000298023224,1.0986122916069845,3.0000000088166243,1.0,1.0,-0.0,1.0,1.0,1.0,-0.0,1.0,0.3333333432674408,0.3333333432674408,0.3333333432674408,1.0000000298023224,1.0986122916069845,3.0000000088166243,1.0,1.0,-0.0,1.0,1.0,1.0,-0.0,1.0,1.0,1.0,-0.0,1.0,1.0,1.0,-0.0,1.0,1.0,1.0,-0.0,1.0,1.0,1.0,-0.0,1.0,1.0,1.0,-0.0,1.0,0.5172132253646851,0.505301296710968
43,840,859,20,20,5095,5095,0,0.0,5095,0,0.0,0,88.3431750999298,65.61935529857874,0.16925480030477047,28.79711789637804,155.00737560004927,20.93687474856591,feasibility,not_applicable,-0.0011566756438696757,0.0007983419206539111,0.5138706002384424,-0.005896210447826888,0.0019162224629326375,0.021644631412345915,0.9999337624758482,0.17377791658509523,0.0375,1.0336862802505493,1.5623515844345093,0.3756307065486908,-0.005928215105086565,0.04881787672638893,1.56827974319458,0.366161972284317,0.9831097722053528,0.0001,0.2473660260438919,0.25057703256607056,0.24904482066631317,0.25301212072372437,1.0,1.386259870706121,3.999862040724071,0.3333333432674408,0.3333333432674408,0.3333333432674408,1.0000000298023224,1.0986122916069845,3.0000000088166243,1.0,1.0,-0.0,1.0,1.0,1.0,-0.0,1.0,0.3333333432674408,0.3333333432674408,0.3333333432674408,1.0000000298023224,1.0986122916069845,3.0000000088166243,1.0,1.0,-0.0,1.0,1.0,1.0,-0.0,1.0,1.0,1.0,-0.0,1.0,1.0,1.0,-0.0,1.0,1.0,1.0,-0.0,1.0,1.0,1.0,-0.0,1.0,1.0,1.0,-0.0,1.0,0.517504096031189,0.5056182146072388
44,860,879,20,20,4603,4603,0,0.0,4603,0,0.0,0,79.3190450000111,58.552134201163426,0.20113679999485612,26.22526810131967,143.2262681000866,20.683428178645293,feasibility,not_applicable,-0.0003086790545947022,0.00029748910078018927,0.5408000784615675,-0.005567934462710077,0.0019109979847497824,0.01908067029176487,0.999367143958807,0.24391755989442268,0.04861111111111111,1.070193886756897,1.6004568338394165,0.3062165379524231,0.0015211738646030426,0.020557379350066185,1.5989357233047485,0.3136649429798126,0.9954931139945984,0.0001,0.24738526344299316,0.2507629096508026,0.24902835488319397,0.25282350182533264,1.0000000298023224,1.38626171286006,3.9998694090924722,0.3333333432674408,0.3333333432674408,0.3333333432674408,1.0000000298023224,1.0986122916069845,3.0000000088166243,1.0,1.0,-0.0,1.0,1.0,1.0,-0.0,1.0,0.3333333432674408,0.3333333432674408,0.3333333432674408,1.0000000298023224,1.0986122916069845,3.0000000088166243,1.0,1.0,-0.0,1.0,1.0,1.0,-0.0,1.0,1.0,1.0,-0.0,1.0,1.0,1.0,-0.0,1.0,1.0,1.0,-0.0,1.0,1.0,1.0,-0.0,1.0,1.0,1.0,-0.0,1.0,0.5187934041023254,0.5059012770652771
45,880,899,20,20,4172,4172,0,0.0,4172,0,0.0,0,70.12794520007446,52.43273009895347,0.1607511001639068,21.728797405026853,126.4747407999821,21.220462878105337,feasibility,not_applicable,-0.0053180256985466585,0.0001725621465690589,0.5065584810394229,-0.010297328814031613,0.0022335044160365324,0.022017045454545456,1.0000873546708713,0.19908012825092583,0.022727272727272728,0.8747849464416504,1.5478086471557617,0.3018055856227875,0.003096623346209526,0.01669270731508732,1.544711947441101,0.3072645664215088,0.9969408512115479,0.0001,0.2474031299352646,0.2509341835975647,0.24888144433498383,0.2527812719345093,1.0000000298023224,1.3862611750255338,3.999867257825182,0.3333333432674408,0.3333333432674408,0.3333333432674408,1.0000000298023224,1.0986122916069845,3.0000000088166243,1.0,1.0,-0.0,1.0,1.0,1.0,-0.0,1.0,0.3333333432674408,0.3333333432674408,0.3333333432674408,1.0000000298023224,1.0986122916069845,3.0000000088166243,1.0,1.0,-0.0,1.0,1.0,1.0,-0.0,1.0,1.0,1.0,-0.0,1.0,1.0,1.0,-0.0,1.0,1.0,1.0,-0.0,1.0,1.0,1.0,-0.0,1.0,1.0,1.0,-0.0,1.0,0.5195725560188293,0.5059550404548645
46,900,919,20,20,4597,4597,0,0.0,4597,0,0.0,0,78.98470510006882,58.376852297456935,0.18946970091201365,25.12053929688409,139.7806672998704,21.01338045216738,feasibility,not_applicable,-0.0003837542220329245,0.00031677064604688593,0.5409585951517025,-0.005634954593713499,0.001647070074492755,0.018468700866732333,0.9999849874940183,0.19805458032836518,0.041666666666666664,0.8272512555122375,1.5681363344192505,0.3062935471534729,0.0034037299919873476,0.02348116785287857,1.564732551574707,0.31244614720344543,0.9941228628158569,0.0001,0.2474644035100937,0.2512088119983673,0.24902531504631042,0.2523014545440674,0.9999999850988388,1.386266071893304,3.999886844694199,0.3333333432674408,0.3333333432674408,0.3333333432674408,1.0000000298023224,1.0986122916069845,3.0000000088166243,1.0,1.0,-0.0,1.0,1.0,1.0,-0.0,1.0,0.3333333432674408,0.3333333432674408,0.3333333432674408,1.0000000298023224,1.0986122916069845,3.0000000088166243,1.0,1.0,-0.0,1.0,1.0,1.0,-0.0,1.0,1.0,1.0,-0.0,1.0,1.0,1.0,-0.0,1.0,1.0,1.0,-0.0,1.0,1.0,1.0,-0.0,1.0,1.0,1.0,-0.0,1.0,0.5207555890083313,0.506157398223877
47,920,939,20,20,4486,4486,0,0.0,4486,0,0.0,0,79.08601470012218,59.598617701325566,0.17283619986847043,24.762509203748778,136.4803493001964,20.810296730678125,feasibility,not_applicable,0.0004693347186794583,0.0002325750567994784,0.5257199408722596,-0.004671577278944388,0.001494029915064998,0.016798708955167045,0.9999683381805957,0.20560010926614344,0.014084507042253521,0.7002437710762024,1.5700173377990723,0.30688849091529846,0.002754329703748226,0.017752230167388916,1.567263126373291,0.310862272977829,0.9966538548469543,0.0001,0.24763154983520508,0.25132572650909424,0.24930444359779358,0.2517382800579071,1.0,1.3862725997317793,3.999912955394664,0.3333333432674408,0.3333333432674408,0.3333333432674408,1.0000000298023224,1.0986122916069845,3.0000000088166243,1.0,1.0,-0.0,1.0,1.0,1.0,-0.0,1.0,0.3333333432674408,0.3333333432674408,0.3333333432674408,1.0000000298023224,1.0986122916069845,3.0000000088166243,1.0,1.0,-0.0,1.0,1.0,1.0,-0.0,1.0,1.0,1.0,-0.0,1.0,1.0,1.0,-0.0,1.0,1.0,1.0,-0.0,1.0,1.0,1.0,-0.0,1.0,1.0,1.0,-0.0,1.0,0.5213717818260193,0.5067393779754639
48,940,959,20,20,4624,4624,0,0.0,4624,0,0.0,0,76.48936849995516,57.220244098687544,0.1701008991803974,24.79796880390495,137.14602570002899,21.64435353662171,feasibility,not_applicable,-0.0018205567365129516,0.0020184513411288505,0.5506749573635729,-0.006318079967893762,0.0008240612462953958,0.006421232876712328,0.9992243884360954,0.18523450480289247,0.0273972602739726,0.9510467648506165,1.5499600172042847,0.32941365242004395,-0.004297069739550352,0.06394306570291519,1.5542569160461426,0.31101194024086,0.9623206257820129,0.0001,0.2476583570241928,0.251422643661499,0.24931620061397552,0.25160273909568787,0.9999999403953552,1.3862732343182826,3.9999154936862453,0.3333333432674408,0.3333333432674408,0.3333333432674408,1.0000000298023224,1.0986122916069845,3.0000000088166243,1.0,1.0,-0.0,1.0,1.0,1.0,-0.0,1.0,0.3333333432674408,0.3333333432674408,0.3333333432674408,1.0000000298023224,1.0986122916069845,3.0000000088166243,1.0,1.0,-0.0,1.0,1.0,1.0,-0.0,1.0,1.0,1.0,-0.0,1.0,1.0,1.0,-0.0,1.0,1.0,1.0,-0.0,1.0,1.0,1.0,-0.0,1.0,1.0,1.0,-0.0,1.0,0.5215920209884644,0.5067040920257568
49,960,979,20,20,4681,4681,0,0.0,4681,0,0.0,0,78.02435280010104,58.058682799106464,0.18286340008489788,25.78260901104659,135.52364379982464,21.920130717824907,feasibility,not_applicable,0.002910533592709013,0.00023133197454798564,0.5598579159862286,-0.0025723797593240603,0.002358130256873886,0.02153716216216216,0.9998701077860754,0.23548806614771084,0.02027027027027027,0.8014363050460815,1.5691285133361816,0.2977912425994873,0.0035828787367790937,0.01818472519516945,1.5655455589294434,0.3060952126979828,0.996271014213562,0.0001,0.247599795460701,0.25158393383026123,0.24927450716495514,0.25154173374176025,0.9999999701976776,1.3862719856199748,3.999910499001655,0.3333333432674408,0.3333333432674408,0.3333333432674408,1.0000000298023224,1.0986122916069845,3.0000000088166243,1.0,1.0,-0.0,1.0,1.0,1.0,-0.0,1.0,0.3333333432674408,0.3333333432674408,0.3333333432674408,1.0000000298023224,1.0986122916069845,3.0000000088166243,1.0,1.0,-0.0,1.0,1.0,1.0,-0.0,1.0,1.0,1.0,-0.0,1.0,1.0,1.0,-0.0,1.0,1.0,1.0,-0.0,1.0,1.0,1.0,-0.0,1.0,1.0,1.0,-0.0,1.0,0.5219545364379883,0.5068720579147339
50,980,999,20,20,5102,5102,0,0.0,5102,0,0.0,0,82.9284111999441,61.135706797242165,0.17369130020961165,29.45258389529772,151.06074079987593,21.80442963442991,feasibility,not_applicable,-0.00035582822747528555,0.00018078535854328947,0.5603230264037847,-0.0058686656571808275,0.0015860245119256433,0.012381114135496318,0.9991758581250906,0.195537512563169,0.00625,0.7498229742050171,1.5721933841705322,0.28755778074264526,0.0047211237251758575,0.01757306046783924,1.567472219467163,0.29507336020469666,0.9962654113769531,0.0001,0.2475397288799286,0.2516769468784332,0.24928662180900574,0.25149673223495483,1.0000000298023224,1.3862711248015538,3.999907055806497,0.3333333432674408,0.3333333432674408,0.3333333432674408,1.0000000298023224,1.0986122916069845,3.0000000088166243,1.0,1.0,-0.0,1.0,1.0,1.0,-0.0,1.0,0.3333333432674408,0.3333333432674408,0.3333333432674408,1.0000000298023224,1.0986122916069845,3.0000000088166243,1.0,1.0,-0.0,1.0,1.0,1.0,-0.0,1.0,1.0,1.0,-0.0,1.0,1.0,1.0,-0.0,1.0,1.0,1.0,-0.0,1.0,1.0,1.0,-0.0,1.0,1.0,1.0,-0.0,1.0,0.5231014490127563,0.5065978765487671
51,1000,1019,20,20,4370,4370,0,0.0,4370,0,0.0,0,71.79538669995964,52.68012260226533,0.1806053000036627,24.522456898586825,126.81907470012084,22.002426052941125,feasibility,not_applicable,-0.001999346336916737,0.00010683053245673469,0.5728243926297063,-0.0076741746667286625,0.002493756929533961,0.025198772144706352,1.0001935924308887,0.24510915971536568,0.007246376811594203,0.7706657648086548,1.5648940801620483,0.28419938683509827,0.004879875108599663,0.01278148777782917,1.5600141286849976,0.28827837109565735,0.9979773759841919,0.0001,0.24774348735809326,0.2519839406013489,0.24952645599842072,0.25074613094329834,1.0000000149011612,1.386274740011634,3.9999215163369444,0.3333333432674408,0.3333333432674408,0.3333333432674408,1.0000000298023224,1.0986122916069845,3.0000000088166243,1.0,1.0,-0.0,1.0,1.0,1.0,-0.0,1.0,0.3333333432674408,0.3333333432674408,0.3333333432674408,1.0000000298023224,1.0986122916069845,3.0000000088166243,1.0,1.0,-0.0,1.0,1.0,1.0,-0.0,1.0,1.0,1.0,-0.0,1.0,1.0,1.0,-0.0,1.0,1.0,1.0,-0.0,1.0,1.0,1.0,-0.0,1.0,1.0,1.0,-0.0,1.0,0.5241451263427734,0.5067519545555115
52,1020,1039,20,20,4843,4843,0,0.0,4843,0,0.0,0,82.5537199000828,59.447261702036485,0.17665979964658618,31.856347500812262,142.02843880001456,21.56449126694542,feasibility,not_applicable,-0.0012702549268540583,0.00013223794597874266,0.6045757149787325,-0.007249892505473997,0.0020061759978967815,0.023076518512281933,0.9993933792177,0.20165002287218445,0.006578947368421052,0.6161057353019714,1.5932130813598633,0.2749089300632477,0.005617188755422831,0.014209172688424587,1.587595820426941,0.27759382128715515,0.9973284602165222,0.0001,0.2479662001132965,0.25223350524902344,0.2497420459985733,0.25005823373794556,0.9999999850988388,1.3862759727349871,3.9999264471366476,0.3333333432674408,0.3333333432674408,0.3333333432674408,1.0000000298023224,1.0986122916069845,3.0000000088166243,1.0,1.0,-0.0,1.0,1.0,1.0,-0.0,1.0,0.3333333432674408,0.3333333432674408,0.3333333432674408,1.0000000298023224,1.0986122916069845,3.0000000088166243,1.0,1.0,-0.0,1.0,1.0,1.0,-0.0,1.0,1.0,1.0,-0.0,1.0,1.0,1.0,-0.0,1.0,1.0,1.0,-0.0,1.0,1.0,1.0,-0.0,1.0,1.0,1.0,-0.0,1.0,0.5250097513198853,0.5070978999137878
53,1040,1059,20,20,4448,4448,0,0.0,4448,0,0.0,0,73.26559259998612,52.327757499646395,0.1712603997439146,24.886990991653875,130.79227140010335,21.797738704145456,feasibility,not_applicable,-0.0009354641661047935,9.769759497950353e-05,0.6136935204267502,-0.007023550792863326,0.0019733619393913875,0.015066964285714286,1.0019334771803448,0.20922164211847952,0.0,0.46860572695732117,1.6043758392333984,0.2889159023761749,0.005386608187109232,0.010818936862051487,1.5989891290664673,0.286761999130249,0.9985977411270142,0.0001,0.24784481525421143,0.2522805631160736,0.24966856837272644,0.2502060532569885,1.0,1.3862743695335193,3.9999200344538366,0.3333333432674408,0.3333333432674408,0.3333333432674408,1.0000000298023224,1.0986122916069845,3.0000000088166243,1.0,1.0,-0.0,1.0,1.0,1.0,-0.0,1.0,0.3333333432674408,0.3333333432674408,0.3333333432674408,1.0000000298023224,1.0986122916069845,3.0000000088166243,1.0,1.0,-0.0,1.0,1.0,1.0,-0.0,1.0,1.0,1.0,-0.0,1.0,1.0,1.0,-0.0,1.0,1.0,1.0,-0.0,1.0,1.0,1.0,-0.0,1.0,1.0,1.0,-0.0,1.0,0.5259568691253662,0.5071211457252502
54,1060,1079,20,20,4192,4192,0,0.0,4192,0,0.0,0,71.01069639995694,51.41295830020681,0.1657622994389385,24.06647189427167,120.45001560007222,21.894831353177885,feasibility,not_applicable,-0.000489603318838459,9.341342485475417e-05,0.5892732145659851,-0.006335629065605727,0.0015906619073851316,0.018110795454545456,0.9984971551281033,0.1857972601146409,0.0,0.4745711386203766,1.5940747261047363,0.29237809777259827,0.004763713106513023,0.010808329097926617,1.5893110036849976,0.2886321246623993,0.9986334443092346,0.0001,0.24771004915237427,0.25224894285202026,0.24956698715686798,0.2504740059375763,0.9999999850988388,1.3862729258566493,3.999914259865969,0.3333333432674408,0.3333333432674408,0.3333333432674408,1.0000000298023224,1.0986122916069845,3.0000000088166243,1.0,1.0,-0.0,1.0,1.0,1.0,-0.0,1.0,0.3333333432674408,0.3333333432674408,0.3333333432674408,1.0000000298023224,1.0986122916069845,3.0000000088166243,1.0,1.0,-0.0,1.0,1.0,1.0,-0.0,1.0,1.0,1.0,-0.0,1.0,1.0,1.0,-0.0,1.0,1.0,1.0,-0.0,1.0,1.0,1.0,-0.0,1.0,1.0,1.0,-0.0,1.0,0.5267456769943237,0.5071274042129517
55,1080,1099,20,20,4901,4901,0,0.0,4901,0,0.0,0,80.6861250998918,59.9755420985166,0.18064050027169287,26.9621139022056,144.43707010010257,21.770302236720042,feasibility,not_applicable,-0.0006040729001745001,0.00010381503673304362,0.5522616031495008,-0.00607478129375097,0.0018355205032200396,0.018512526333525584,0.9998309863852216,0.18511402727915094,0.012987012987012988,0.5078434348106384,1.6375470161437988,0.2808840572834015,0.004854729864746332,0.011060970835387707,1.6326923370361328,0.27869713306427,0.9984492659568787,0.0001,0.2478015422821045,0.2524922788143158,0.24967388808727264,0.2500322759151459,0.9999999850988388,1.3862720637667314,3.9999108115816995,0.3333333432674408,0.3333333432674408,0.3333333432674408,1.0000000298023224,1.0986122916069845,3.0000000088166243,1.0,1.0,-0.0,1.0,1.0,1.0,-0.0,1.0,0.3333333432674408,0.3333333432674408,0.3333333432674408,1.0000000298023224,1.0986122916069845,3.0000000088166243,1.0,1.0,-0.0,1.0,1.0,1.0,-0.0,1.0,1.0,1.0,-0.0,1.0,1.0,1.0,-0.0,1.0,1.0,1.0,-0.0,1.0,1.0,1.0,-0.0,1.0,1.0,1.0,-0.0,1.0,0.5275169014930725,0.5070985555648804
56,1100,1119,20,20,4846,4846,0,0.0,4846,0,0.0,0,81.95465740002692,60.545005003223196,0.1651846005115658,27.789991600671783,145.10671520000324,21.34224744838593,feasibility,not_applicable,-0.0004343673415285976,9.109546597660243e-05,0.5874578211652605,-0.006263397162240979,0.0010886262201606051,0.011347790334471747,0.9997867647754518,0.19154914061685926,0.0,0.41909098625183105,1.6280461549758911,0.2869926691055298,0.004300325643271208,0.012622489593923092,1.6237457990646362,0.2822423279285431,0.9980655908584595,0.0001,0.24787211418151855,0.2527061104774475,0.2497529238462448,0.24966883659362793,0.9999999850988388,1.3862703386890671,3.999903911430851,0.3333333432674408,0.3333333432674408,0.3333333432674408,1.0000000298023224,1.0986122916069845,3.0000000088166243,1.0,1.0,-0.0,1.0,1.0,1.0,-0.0,1.0,0.3333333432674408,0.3333333432674408,0.3333333432674408,1.0000000298023224,1.0986122916069845,3.0000000088166243,1.0,1.0,-0.0,1.0,1.0,1.0,-0.0,1.0,1.0,1.0,-0.0,1.0,1.0,1.0,-0.0,1.0,1.0,1.0,-0.0,1.0,1.0,1.0,-0.0,1.0,1.0,1.0,-0.0,1.0,0.5281201601028442,0.5075365900993347
57,1120,1139,20,20,4632,4632,0,0.0,4632,0,0.0,0,75.90360919991508,54.87387060141191,0.16695570014417171,28.688093405915424,136.4342600000091,21.814290674824452,feasibility,not_applicable,-0.0020605649684287916,7.386495043684677e-05,0.6253204543704856,-0.00827683721611608,0.002233942729829211,0.027932363039214318,1.000188994489304,0.2481694456240902,0.02054794520547945,0.6509473919868469,1.6248749494552612,0.3011535704135895,0.004210599232465029,0.010144563391804695,1.6206644773483276,0.2967863082885742,0.9988652467727661,0.0001,0.2479589879512787,0.2529589831829071,0.24967743456363678,0.24940460920333862,1.0000000149011612,1.3862676524376139,3.9998931666975874,0.3333333432674408,0.3333333432674408,0.3333333432674408,1.0000000298023224,1.0986122916069845,3.0000000088166243,1.0,1.0,-0.0,1.0,1.0,1.0,-0.0,1.0,0.3333333432674408,0.3333333432674408,0.3333333432674408,1.0000000298023224,1.0986122916069845,3.0000000088166243,1.0,1.0,-0.0,1.0,1.0,1.0,-0.0,1.0,1.0,1.0,-0.0,1.0,1.0,1.0,-0.0,1.0,1.0,1.0,-0.0,1.0,1.0,1.0,-0.0,1.0,1.0,1.0,-0.0,1.0,0.528891921043396,0.5077922940254211
58,1140,1159,20,20,4571,4571,0,0.0,4571,0,0.0,0,78.39113680017181,57.68157020397484,0.16608639992773533,26.35978649673052,134.98395549994893,21.42236917498647,feasibility,not_applicable,0.0001709081762884226,6.796711841161596e-05,0.6160054486244917,-0.005955162862341644,0.0026652585470906664,0.022935153036895726,0.9988500281340547,0.2785800863057375,0.0625,0.7954819798469543,1.6276136636734009,0.29252466559410095,0.00408570934087038,0.009815939702093601,1.6235278844833374,0.288734495639801,0.9988740086555481,0.0001,0.2481202930212021,0.25314584374427795,0.24973265826702118,0.24900124967098236,1.0000000447034836,1.3862654431889538,3.9998843299487303,0.3333333432674408,0.3333333432674408,0.3333333432674408,1.0000000298023224,1.0986122916069845,3.0000000088166243,1.0,1.0,-0.0,1.0,1.0,1.0,-0.0,1.0,0.3333333432674408,0.3333333432674408,0.3333333432674408,1.0000000298023224,1.0986122916069845,3.0000000088166243,1.0,1.0,-0.0,1.0,1.0,1.0,-0.0,1.0,1.0,1.0,-0.0,1.0,1.0,1.0,-0.0,1.0,1.0,1.0,-0.0,1.0,1.0,1.0,-0.0,1.0,1.0,1.0,-0.0,1.0,0.5292877554893494,0.507935643196106
59,1160,1179,20,20,4629,4629,0,0.0,4629,0,0.0,0,76.56661390000954,55.337242300389335,0.17262529954314232,26.135355799924582,138.55716109997593,21.517844784939797,feasibility,not_applicable,-0.0014457429746446543,8.47109591906128e-05,0.6393249134903085,-0.007796637251437323,0.0030061257157908525,0.028584678746657828,1.0011497482861558,0.2787964452211171,0.0547945205479452,0.8759046196937561,1.627867341041565,0.29908081889152527,0.0029338656459003687,0.010055864229798317,1.6249333620071411,0.2966347932815552,0.9988695383071899,0.0001,0.24814321100711823,0.25336575508117676,0.2497837096452713,0.24870732426643372,1.0,1.3862614516503184,3.999868364287754,0.3333333432674408,0.3333333432674408,0.3333333432674408,1.0000000298023224,1.0986122916069845,3.0000000088166243,1.0,1.0,-0.0,1.0,1.0,1.0,-0.0,1.0,0.3333333432674408,0.3333333432674408,0.3333333432674408,1.0000000298023224,1.0986122916069845,3.0000000088166243,1.0,1.0,-0.0,1.0,1.0,1.0,-0.0,1.0,1.0,1.0,-0.0,1.0,1.0,1.0,-0.0,1.0,1.0,1.0,-0.0,1.0,1.0,1.0,-0.0,1.0,1.0,1.0,-0.0,1.0,0.5303803086280823,0.5083552002906799
60,1180,1199,20,20,4999,4999,0,0.0,4999,0,0.0,0,79.63698280020617,58.06361640011892,0.15674979938194156,29.636516510741785,145.299967299914,22.224005428076307,feasibility,not_applicable,-0.005931333161277484,6.026546563727514e-05,0.6534802187469941,-0.012436002059662832,0.0019939549294369636,0.0245253164556962,0.999088617819774,0.30609912401701833,0.06329113924050633,1.2512284517288208,1.6413911581039429,0.30456748604774475,0.0014697336591780186,0.009435310959815979,1.6399214267730713,0.30241551995277405,0.9990403056144714,0.0001,0.24816632270812988,0.25362882018089294,0.24976317584514618,0.2484416961669922,1.0000000149011612,1.3862564365179673,3.999848304468821,0.3333333432674408,0.3333333432674408,0.3333333432674408,1.0000000298023224,1.0986122916069845,3.0000000088166243,1.0,1.0,-0.0,1.0,1.0,1.0,-0.0,1.0,0.3333333432674408,0.3333333432674408,0.3333333432674408,1.0000000298023224,1.0986122916069845,3.0000000088166243,1.0,1.0,-0.0,1.0,1.0,1.0,-0.0,1.0,1.0,1.0,-0.0,1.0,1.0,1.0,-0.0,1.0,1.0,1.0,-0.0,1.0,1.0,1.0,-0.0,1.0,1.0,1.0,-0.0,1.0,0.532045304775238,0.5082688331604004
61,1200,1219,20,20,4573,4573,0,0.0,4573,0,0.0,0,75.75593270012178,55.519782601622865,0.16876199981197715,25.53438099846244,133.9413513999898,21.80762626289811,feasibility,not_applicable,-0.0020880842219210332,7.379594136283331e-05,0.6617417242377996,-0.008668603561495224,0.0029550541803473607,0.03235751915619605,0.9984495921267403,0.30288107729413444,0.09027777777777778,0.773176372051239,1.6128180027008057,0.30440741777420044,0.0006935002165846527,0.008771347813308239,1.6121244430541992,0.30381661653518677,0.9991697072982788,0.0001,0.24831447005271912,0.25384342670440674,0.24988359212875366,0.2479584813117981,0.9999999701976776,1.3862508756751757,3.999826062003053,0.3333333432674408,0.3333333432674408,0.3333333432674408,1.0000000298023224,1.0986122916069845,3.0000000088166243,1.0,1.0,-0.0,1.0,1.0,1.0,-0.0,1.0,0.3333333432674408,0.3333333432674408,0.3333333432674408,1.0000000298023224,1.0986122916069845,3.0000000088166243,1.0,1.0,-0.0,1.0,1.0,1.0,-0.0,1.0,1.0,1.0,-0.0,1.0,1.0,1.0,-0.0,1.0,1.0,1.0,-0.0,1.0,1.0,1.0,-0.0,1.0,1.0,1.0,-0.0,1.0,0.5327638983726501,0.50839763879776
62,1220,1239,20,20,4050,4050,0,0.0,4050,0,0.0,0,65.86120270006359,49.13872940116562,0.15212200046516955,20.90135600697249,119.16163119999692,21.889190186048033,feasibility,not_applicable,-0.0012781502809957601,6.074035651693066e-05,0.6709299115464091,-0.007957079487823648,0.0032705528001315542,0.03595648871851154,0.9990889835171402,0.3193789664655924,0.078125,0.6789686679840088,1.6071062088012695,0.3223651349544525,-0.0014252045657485723,0.007527511101216078,1.6085315942764282,0.32024672627449036,0.9994547367095947,0.0001,0.24836304783821106,0.25390365719795227,0.2497267723083496,0.24800652265548706,1.0,1.3862505520080948,3.999824767391237,0.3333333432674408,0.3333333432674408,0.3333333432674408,1.0000000298023224,1.0986122916069845,3.0000000088166243,1.0,1.0,-0.0,1.0,1.0,1.0,-0.0,1.0,0.3333333432674408,0.3333333432674408,0.3333333432674408,1.0000000298023224,1.0986122916069845,3.0000000088166243,1.0,1.0,-0.0,1.0,1.0,1.0,-0.0,1.0,1.0,1.0,-0.0,1.0,1.0,1.0,-0.0,1.0,1.0,1.0,-0.0,1.0,1.0,1.0,-0.0,1.0,1.0,1.0,-0.0,1.0,0.5330056548118591,0.508833110332489
63,1240,1259,20,20,4552,4552,0,0.0,4552,0,0.0,0,74.57770899985917,54.69984129932709,0.15437009930610657,24.648206807207316,134.01086809998378,21.822863280864805,feasibility,not_applicable,0.0035002456344146696,6.522178766014501e-05,0.6711650136858225,-0.003178793969305439,0.003826626096270047,0.04806857638888889,0.9989334998859299,0.29438198373342556,0.04861111111111111,0.7697034478187561,1.597456932067871,0.3130589425563812,-0.0016208009328693151,0.007324607577174902,1.599077820777893,0.313559889793396,0.9994525909423828,0.0001,0.24851569533348083,0.25415611267089844,0.24974311888217926,0.24758504331111908,0.9999999701976776,1.3862437440661566,3.9997975369091496,0.3333333432674408,0.3333333432674408,0.3333333432674408,1.0000000298023224,1.0986122916069845,3.0000000088166243,1.0,1.0,-0.0,1.0,1.0,1.0,-0.0,1.0,0.3333333432674408,0.3333333432674408,0.3333333432674408,1.0000000298023224,1.0986122916069845,3.0000000088166243,1.0,1.0,-0.0,1.0,1.0,1.0,-0.0,1.0,1.0,1.0,-0.0,1.0,1.0,1.0,-0.0,1.0,1.0,1.0,-0.0,1.0,1.0,1.0,-0.0,1.0,1.0,1.0,-0.0,1.0,0.5337826013565063,0.5088458061218262
64,1260,1279,20,20,4413,4413,0,0.0,4413,0,0.0,0,71.16524350014515,53.56623529805802,0.1634297005366534,22.96396189997904,131.29991000005975,21.7963433396233,feasibility,not_applicable,-0.0016837483271956444,7.760465769683503e-05,0.6654916271783303,-0.008299862346746891,0.003985702068598914,0.045690781585332275,0.9994689930176389,0.30458120137885,0.050724637681159424,0.7327531576156616,1.6158860921859741,0.3090909421443939,-0.0017140196869149804,0.007633949164301157,1.6176002025604248,0.3086438477039337,0.9993900060653687,0.0001,0.2486683577299118,0.25436931848526,0.2497725635766983,0.24718979001045227,1.0000000298023224,1.3862369008403543,3.9997701654850957,0.3333333432674408,0.3333333432674408,0.3333333432674408,1.0000000298023224,1.0986122916069845,3.0000000088166243,1.0,1.0,-0.0,1.0,1.0,1.0,-0.0,1.0,0.3333333432674408,0.3333333432674408,0.3333333432674408,1.0000000298023224,1.0986122916069845,3.0000000088166243,1.0,1.0,-0.0,1.0,1.0,1.0,-0.0,1.0,1.0,1.0,-0.0,1.0,1.0,1.0,-0.0,1.0,1.0,1.0,-0.0,1.0,1.0,1.0,-0.0,1.0,1.0,1.0,-0.0,1.0,0.5342585444450378,0.5081731677055359
65,1280,1299,20,20,4391,4391,0,0.0,4391,0,0.0,0,69.6523141998332,52.05093660065904,0.15878890012390912,23.390657311771065,131.9156076000072,21.78422023103617,feasibility,not_applicable,-0.0003462472215186859,4.4501841541099616e-05,0.738243677045988,-0.007706432795637976,0.002812601254740055,0.02969679023152676,1.0011435151100159,0.27101361702965654,0.014492753623188406,0.6697600483894348,1.6389429569244385,0.3008878827095032,-0.001538184005767107,0.006444695871323347,1.6404811143875122,0.3015545904636383,0.9995412230491638,0.0001,0.24859324097633362,0.25420981645584106,0.24962680041790009,0.24757012724876404,0.9999999850988388,1.3862430164634219,3.9997946266465823,0.3333333432674408,0.3333333432674408,0.3333333432674408,1.0000000298023224,1.0986122916069845,3.0000000088166243,1.0,1.0,-0.0,1.0,1.0,1.0,-0.0,1.0,0.3333333432674408,0.3333333432674408,0.3333333432674408,1.0000000298023224,1.0986122916069845,3.0000000088166243,1.0,1.0,-0.0,1.0,1.0,1.0,-0.0,1.0,1.0,1.0,-0.0,1.0,1.0,1.0,-0.0,1.0,1.0,1.0,-0.0,1.0,1.0,1.0,-0.0,1.0,1.0,1.0,-0.0,1.0,0.5331673622131348,0.5081530809402466
66,1300,1319,20,20,4415,4415,0,0.0,4415,0,0.0,0,70.35375729994848,52.64878840255551,0.15683479979634285,22.7810794103425,134.05213419999927,21.599181743746993,feasibility,not_applicable,-0.0011277509097387824,4.529087269422261e-05,0.7091691195964813,-0.008196796746114675,0.0019858951066229224,0.020614072963919327,0.9999666464501533,0.29194150481751,0.057971014492753624,0.7388185262680054,1.6205750703811646,0.2969905734062195,-0.0006951228133402765,0.0064836605452001095,1.6212701797485352,0.2962041199207306,0.999523401260376,0.0001,0.24873341619968414,0.2544766366481781,0.24960847198963165,0.24718143045902252,0.9999999552965164,1.386235031047141,3.9997626867489773,0.3333333432674408,0.3333333432674408,0.3333333432674408,1.0000000298023224,1.0986122916069845,3.0000000088166243,1.0,1.0,-0.0,1.0,1.0,1.0,-0.0,1.0,0.3333333432674408,0.3333333432674408,0.3333333432674408,1.0000000298023224,1.0986122916069845,3.0000000088166243,1.0,1.0,-0.0,1.0,1.0,1.0,-0.0,1.0,1.0,1.0,-0.0,1.0,1.0,1.0,-0.0,1.0,1.0,1.0,-0.0,1.0,1.0,1.0,-0.0,1.0,1.0,1.0,-0.0,1.0,0.5337655544281006,0.5083160400390625
67,1320,1339,20,20,4398,4398,0,0.0,4398,0,0.0,0,72.10809220001101,53.3835046000313,0.1601332004647702,23.47618529899046,128.07179299998097,21.97023939546238,feasibility,not_applicable,-0.00010466188246357268,4.090651414710168e-05,0.7269119894590931,-0.007353328434966396,0.0019863421106677288,0.020764413991592068,1.000894987496777,0.29674254266032274,0.07971014492753623,0.8835340142250061,1.6249257326126099,0.3003970682621002,-0.0005464087589643896,0.006240847520530224,1.625472068786621,0.3007737696170807,0.9995684027671814,0.0001,0.24884431064128876,0.25476908683776855,0.24957232177257538,0.24681420624256134,0.999999925494194,1.3862257037554881,3.9997253799698416,0.3333333432674408,0.3333333432674408,0.3333333432674408,1.0000000298023224,1.0986122916069845,3.0000000088166243,1.0,1.0,-0.0,1.0,1.0,1.0,-0.0,1.0,0.3333333432674408,0.3333333432674408,0.3333333432674408,1.0000000298023224,1.0986122916069845,3.0000000088166243,1.0,1.0,-0.0,1.0,1.0,1.0,-0.0,1.0,1.0,1.0,-0.0,1.0,1.0,1.0,-0.0,1.0,1.0,1.0,-0.0,1.0,1.0,1.0,-0.0,1.0,1.0,1.0,-0.0,1.0,0.5349482297897339,0.5083080530166626
68,1340,1359,20,20,4169,4169,0,0.0,4169,0,0.0,0,68.12861909996718,50.66108319652267,0.1714062006212771,21.758806006750092,123.01795980008319,21.81048713500622,feasibility,not_applicable,-0.0007181883592045668,3.93322289489857e-05,0.7497282610698179,-0.00819580462606003,0.002376163542948868,0.023924137211658737,1.0010659188935251,0.27699921771206637,0.05303030303030303,0.7169882655143738,1.6137295961380005,0.3086106777191162,-0.0005568586639128625,0.006014111451804638,1.6142864227294922,0.3096379339694977,0.999620258808136,0.0001,0.24864687025547028,0.25464531779289246,0.24937961995601654,0.24732819199562073,1.0,1.3862327008431563,3.999753366496886,0.3333333432674408,0.3333333432674408,0.3333333432674408,1.0000000298023224,1.0986122916069845,3.0000000088166243,1.0,1.0,-0.0,1.0,1.0,1.0,-0.0,1.0,0.3333333432674408,0.3333333432674408,0.3333333432674408,1.0000000298023224,1.0986122916069845,3.0000000088166243,1.0,1.0,-0.0,1.0,1.0,1.0,-0.0,1.0,1.0,1.0,-0.0,1.0,1.0,1.0,-0.0,1.0,1.0,1.0,-0.0,1.0,1.0,1.0,-0.0,1.0,1.0,1.0,-0.0,1.0,0.5350661277770996,0.5080247521400452
69,1360,1379,20,20,4553,4553,0,0.0,4553,0,0.0,0,73.9441929999739,55.02993979933672,0.1923749998677522,24.300808504223824,134.23790299985558,21.870276491037583,feasibility,not_applicable,-0.005551708965665764,4.0202039643746604e-05,0.7221210230555799,-0.012752818228262994,0.002611424200747731,0.023124035499576066,1.0006613942484062,0.2955426334713896,0.06944444444444445,0.9384568333625793,1.618133306503296,0.31176692247390747,-0.0008590844227001071,0.0061934636905789375,1.6189924478530884,0.31275102496147156,0.9996053576469421,0.0001,0.24886184930801392,0.25488951802253723,0.24931347370147705,0.24693509936332703,0.9999999403953552,1.386224429334619,3.9997202826395952,0.3333333432674408,0.3333333432674408,0.3333333432674408,1.0000000298023224,1.0986122916069845,3.0000000088166243,1.0,1.0,-0.0,1.0,1.0,1.0,-0.0,1.0,0.3333333432674408,0.3333333432674408,0.3333333432674408,1.0000000298023224,1.0986122916069845,3.0000000088166243,1.0,1.0,-0.0,1.0,1.0,1.0,-0.0,1.0,1.0,1.0,-0.0,1.0,1.0,1.0,-0.0,1.0,1.0,1.0,-0.0,1.0,1.0,1.0,-0.0,1.0,1.0,1.0,-0.0,1.0,0.5356340408325195,0.5077727437019348
70,1380,1399,20,20,4700,4700,0,0.0,4700,0,0.0,0,77.96050449996255,58.934543998679146,0.17276369989849627,25.977171696256846,138.51110019977205,21.71185457103863,feasibility,not_applicable,-0.0010091972071677446,4.671263645463655e-05,0.7019513136631733,-0.008005353987116265,0.002229280038689565,0.030646718157505668,0.9998899851296399,0.30547910606538925,0.060810810810810814,0.7459888458251953,1.618303894996643,0.3041386306285858,-0.0013348738430067897,0.006220741663128138,1.6196388006210327,0.30328184366226196,0.9995816349983215,0.0001,0.24886451661586761,0.25491613149642944,0.2493203580379486,0.24689894914627075,0.9999999552965164,1.3862235006380352,3.999716568114757,0.3333333432674408,0.3333333432674408,0.3333333432674408,1.0000000298023224,1.0986122916069845,3.0000000088166243,1.0,1.0,-0.0,1.0,1.0,1.0,-0.0,1.0,0.3333333432674408,0.3333333432674408,0.3333333432674408,1.0000000298023224,1.0986122916069845,3.0000000088166243,1.0,1.0,-0.0,1.0,1.0,1.0,-0.0,1.0,1.0,1.0,-0.0,1.0,1.0,1.0,-0.0,1.0,1.0,1.0,-0.0,1.0,1.0,1.0,-0.0,1.0,1.0,1.0,-0.0,1.0,0.5357721447944641,0.5081115365028381
71,1400,1419,20,20,4478,4478,0,0.0,4478,0,0.0,0,72.73930160002783,54.186680402373895,0.179642099654302,24.847946212626994,131.63251879997551,21.911044248837776,feasibility,not_applicable,-0.000775833847001195,5.351866643000643e-05,0.7010148188897541,-0.0077592219957815746,0.0024548392397783962,0.02624207947935377,0.9998739625726427,0.3381173736814942,0.10714285714285714,1.2483102083206177,1.6161047220230103,0.30666035413742065,-0.001063038012944162,0.006090284325182438,1.6171678304672241,0.3060969114303589,0.9996055960655212,0.0001,0.24877937138080597,0.25478917360305786,0.2494114488363266,0.24702002108097076,1.0000000149011612,1.3862272750559184,3.9997316647449894,0.3333333432674408,0.3333333432674408,0.3333333432674408,1.0000000298023224,1.0986122916069845,3.0000000088166243,1.0,1.0,-0.0,1.0,1.0,1.0,-0.0,1.0,0.3333333432674408,0.3333333432674408,0.3333333432674408,1.0000000298023224,1.0986122916069845,3.0000000088166243,1.0,1.0,-0.0,1.0,1.0,1.0,-0.0,1.0,1.0,1.0,-0.0,1.0,1.0,1.0,-0.0,1.0,1.0,1.0,-0.0,1.0,1.0,1.0,-0.0,1.0,1.0,1.0,-0.0,1.0,0.535768449306488,0.5086289644241333
72,1420,1439,20,20,4473,4473,0,0.0,4473,0,0.0,0,70.36392629984766,51.94509779801592,0.1602572000119835,24.331078103510663,133.45600889995694,21.9458415371152,feasibility,not_applicable,-0.00048020273180944577,4.899277219010401e-05,0.6874601466315133,-0.007330307736992836,0.002604250841873831,0.02951911027942385,0.9994775022779192,0.3096382276820285,0.09285714285714286,0.986018180847168,1.6208964586257935,0.30481046438217163,-0.001242246595211327,0.006779944524168968,1.6221386194229126,0.30274054408073425,0.9995052218437195,0.0001,0.24883505702018738,0.254753440618515,0.24942928552627563,0.2469821721315384,0.9999999552965164,1.3862277785334953,3.9997336785207036,0.3333333432674408,0.3333333432674408,0.3333333432674408,1.0000000298023224,1.0986122916069845,3.0000000088166243,1.0,1.0,-0.0,1.0,1.0,1.0,-0.0,1.0,0.3333333432674408,0.3333333432674408,0.3333333432674408,1.0000000298023224,1.0986122916069845,3.0000000088166243,1.0,1.0,-0.0,1.0,1.0,1.0,-0.0,1.0,1.0,1.0,-0.0,1.0,1.0,1.0,-0.0,1.0,1.0,1.0,-0.0,1.0,1.0,1.0,-0.0,1.0,1.0,1.0,-0.0,1.0,0.5354890823364258,0.5088539123535156
73,1440,1459,20,20,4692,4692,0,0.0,4692,0,0.0,0,75.89350729994476,56.65129189915024,0.17476659920066595,25.208766805473715,136.47971560014412,22.093180750039068,feasibility,not_applicable,0.0008143433180914537,4.389637979329564e-05,0.6763480571476189,-0.005927189086513543,0.00256400289504814,0.02654138514520349,0.9982176294197908,0.3246538628496834,0.07432432432432433,0.6993175745010376,1.6149139404296875,0.3141153156757355,-0.0013647114392369986,0.005819414276629686,1.6162787675857544,0.31328120827674866,0.9996567964553833,0.0001,0.24888060986995697,0.25480303168296814,0.24943222105503082,0.24688412249088287,0.9999999850988388,1.38622585618891,3.9997259896617146,0.3333333432674408,0.3333333432674408,0.3333333432674408,1.0000000298023224,1.0986122916069845,3.0000000088166243,1.0,1.0,-0.0,1.0,1.0,1.0,-0.0,1.0,0.3333333432674408,0.3333333432674408,0.3333333432674408,1.0000000298023224,1.0986122916069845,3.0000000088166243,1.0,1.0,-0.0,1.0,1.0,1.0,-0.0,1.0,1.0,1.0,-0.0,1.0,1.0,1.0,-0.0,1.0,1.0,1.0,-0.0,1.0,1.0,1.0,-0.0,1.0,1.0,1.0,-0.0,1.0,0.5357421040534973,0.5087605118751526
74,1460,1479,20,20,5110,5110,0,0.0,5110,0,0.0,0,83.0919542000629,61.48172079981305,0.17316760029643774,28.50584229757078,153.83740930003114,21.567609537759857,feasibility,not_applicable,-0.0015566270041745156,4.229438883385228e-05,0.7229541908949614,-0.008765021298313514,0.0033000102775986306,0.03462456597480923,0.9957777217030526,0.32054827553220094,0.0875,0.7696699500083923,1.621806025505066,0.3121365010738373,-0.0010085825342684984,0.006160944700241089,1.6228145360946655,0.31268876791000366,0.999610424041748,0.0001,0.24878863990306854,0.25476279854774475,0.2493729591369629,0.24707555770874023,0.9999999552965164,1.386228362374839,3.9997360137312707,0.3333333432674408,0.3333333432674408,0.3333333432674408,1.0000000298023224,1.0986122916069845,3.0000000088166243,1.0,1.0,-0.0,1.0,1.0,1.0,-0.0,1.0,0.3333333432674408,0.3333333432674408,0.3333333432674408,1.0000000298023224,1.0986122916069845,3.0000000088166243,1.0,1.0,-0.0,1.0,1.0,1.0,-0.0,1.0,1.0,1.0,-0.0,1.0,1.0,1.0,-0.0,1.0,1.0,1.0,-0.0,1.0,1.0,1.0,-0.0,1.0,1.0,1.0,-0.0,1.0,0.5358837842941284,0.5081988573074341
75,1480,1499,20,20,5003,5003,0,0.0,5003,0,0.0,0,81.20095420000143,60.56677890382707,0.1552955994848162,26.66863348754123,146.92430850001983,21.930933649285542,feasibility,not_applicable,-0.0005393850298810609,4.24806256876165e-05,0.6855146079501019,-0.00737329031328989,0.003399842938915178,0.03623957139781759,0.9983371956438958,0.3246128397368932,0.11392405063291139,1.0470818281173706,1.6153327226638794,0.31246045231819153,-0.0016943260561674833,0.006337090395390987,1.6170272827148438,0.31212449073791504,0.999588668346405,0.0001,0.24878697097301483,0.2548009157180786,0.24930068850517273,0.24711139500141144,0.9999999701976776,1.3862278649418802,3.9997340241312456,0.3333333432674408,0.3333333432674408,0.3333333432674408,1.0000000298023224,1.0986122916069845,3.0000000088166243,1.0,1.0,-0.0,1.0,1.0,1.0,-0.0,1.0,0.3333333432674408,0.3333333432674408,0.3333333432674408,1.0000000298023224,1.0986122916069845,3.0000000088166243,1.0,1.0,-0.0,1.0,1.0,1.0,-0.0,1.0,1.0,1.0,-0.0,1.0,1.0,1.0,-0.0,1.0,1.0,1.0,-0.0,1.0,1.0,1.0,-0.0,1.0,1.0,1.0,-0.0,1.0,0.5361886620521545,0.508235514163971
76,1500,1519,20,20,4865,4865,0,0.0,4865,0,0.0,0,79.17718669981696,59.05786549928598,0.17464989935979247,26.804359801579267,143.24608119996265,21.87271163641068,feasibility,not_applicable,0.0076781101887682815,5.5371822737741876e-05,0.6672747444796872,0.0010330486927762046,0.003276827480559322,0.033482142857142856,0.9990328554209177,0.3410104402861038,0.11038961038961038,1.7788599729537964,1.6057963371276855,0.3129253685474396,-0.0016661180416122079,0.006455819122493267,1.6074625253677368,0.3137602210044861,0.9995743632316589,0.0001,0.24870532751083374,0.2547959089279175,0.24919933080673218,0.2472994029521942,0.9999999701976776,1.3862293585655183,3.9997399982329918,0.3333333432674408,0.3333333432674408,0.3333333432674408,1.0000000298023224,1.0986122916069845,3.0000000088166243,1.0,1.0,-0.0,1.0,1.0,1.0,-0.0,1.0,0.3333333432674408,0.3333333432674408,0.3333333432674408,1.0000000298023224,1.0986122916069845,3.0000000088166243,1.0,1.0,-0.0,1.0,1.0,1.0,-0.0,1.0,1.0,1.0,-0.0,1.0,1.0,1.0,-0.0,1.0,1.0,1.0,-0.0,1.0,1.0,1.0,-0.0,1.0,1.0,1.0,-0.0,1.0,0.5363673567771912,0.5083762407302856
77,1520,1539,20,20,5132,5132,0,0.0,5132,0,0.0,0,81.63152000005357,60.28934589866549,0.16639020037837327,29.974002794362605,151.2759884998668,22.03449787022111,feasibility,not_applicable,-0.0007068210821828724,4.6941200741491264e-05,0.6165803304792922,-0.006849153421497271,0.003822264492218555,0.04359567901234568,0.9992766251534592,0.36188868672391517,0.16049382716049382,1.5904216766357422,1.6116230487823486,0.3184015452861786,-0.0009596797171980143,0.006889537908136845,1.6125824451446533,0.3214465379714966,0.9995318055152893,0.0001,0.24884995818138123,0.25495103001594543,0.2492525726556778,0.24694645404815674,1.0000000149011612,1.3862231696019365,3.9997152440644075,0.3333333432674408,0.3333333432674408,0.3333333432674408,1.0000000298023224,1.0986122916069845,3.0000000088166243,1.0,1.0,-0.0,1.0,1.0,1.0,-0.0,1.0,0.3333333432674408,0.3333333432674408,0.3333333432674408,1.0000000298023224,1.0986122916069845,3.0000000088166243,1.0,1.0,-0.0,1.0,1.0,1.0,-0.0,1.0,1.0,1.0,-0.0,1.0,1.0,1.0,-0.0,1.0,1.0,1.0,-0.0,1.0,1.0,1.0,-0.0,1.0,1.0,1.0,-0.0,1.0,0.5364049077033997,0.5084962844848633
78,1540,1559,20,20,4721,4721,0,0.0,4721,0,0.0,0,76.67428999999538,55.8892882973887,0.17701989994384348,26.562593111768365,135.4941021001432,22.25119374883982,feasibility,not_applicable,0.001322674539846343,0.005478677670416309,0.6243434977289792,-0.0021814210371844268,0.0013867769621602084,0.015868467316534872,1.001393558205785,0.34297222503133723,0.12162162162162163,5.105638027191162,1.578764796257019,0.3452468812465668,-0.008049694821238518,0.07719194144010544,1.5868144035339355,0.326153427362442,0.9500098824501038,0.0001,0.2488378882408142,0.25492963194847107,0.24922548234462738,0.24700704216957092,1.0000000447034836,1.3862241984734767,3.999719359259708,0.3333333432674408,0.3333333432674408,0.3333333432674408,1.0000000298023224,1.0986122916069845,3.0000000088166243,1.0,1.0,-0.0,1.0,1.0,1.0,-0.0,1.0,0.3333333432674408,0.3333333432674408,0.3333333432674408,1.0000000298023224,1.0986122916069845,3.0000000088166243,1.0,1.0,-0.0,1.0,1.0,1.0,-0.0,1.0,1.0,1.0,-0.0,1.0,1.0,1.0,-0.0,1.0,1.0,1.0,-0.0,1.0,1.0,1.0,-0.0,1.0,1.0,1.0,-0.0,1.0,0.5364171266555786,0.5089914202690125
79,1560,1579,20,20,5468,5468,0,0.0,5468,0,0.0,0,88.86312230001204,66.17898659966886,0.16486960020847619,31.60255880956538,161.90494949999265,21.80500875071887,feasibility,not_applicable,-0.0023540934266219307,0.00011234856664973343,0.6342498072704603,-0.0086404166974907,0.0028977644342799173,0.03237904902807502,0.9988367973371993,0.3223387856729502,0.10465116279069768,1.2217466831207275,1.6161863803863525,0.3119226396083832,-0.0016878757160156965,0.013094114139676094,1.617874264717102,0.3161306381225586,0.9982377886772156,0.0001,0.24877846240997314,0.2549435496330261,0.24902603030204773,0.247251957654953,1.0,1.3862257547733225,3.999725584027174,0.3333333432674408,0.3333333432674408,0.3333333432674408,1.0000000298023224,1.0986122916069845,3.0000000088166243,1.0,1.0,-0.0,1.0,1.0,1.0,-0.0,1.0,0.3333333432674408,0.3333333432674408,0.3333333432674408,1.0000000298023224,1.0986122916069845,3.0000000088166243,1.0,1.0,-0.0,1.0,1.0,1.0,-0.0,1.0,1.0,1.0,-0.0,1.0,1.0,1.0,-0.0,1.0,1.0,1.0,-0.0,1.0,1.0,1.0,-0.0,1.0,1.0,1.0,-0.0,1.0,0.536279559135437,0.5095018744468689
80,1580,1599,20,20,4892,4892,0,0.0,4892,0,0.0,0,78.6547979998868,57.63243859889917,0.1610540992114693,28.488785395165905,144.6746892000083,21.904854846244856,feasibility,not_applicable,-0.0003373308421729447,0.00010136005663038563,0.6690057312900369,-0.0069767081348056145,0.002766887150484125,0.02932224025974026,1.001584710238816,0.2724888882079682,0.03896103896103896,0.8154525756835938,1.6394000053405762,0.3107324540615082,-0.002139250049367547,0.012804611586034298,1.641539216041565,0.3164771497249603,0.9983019232749939,0.0001,0.24873961508274078,0.25488361716270447,0.24898052215576172,0.24739620089530945,0.9999999552965164,1.3862280811580057,3.999734888938333,0.3333333432674408,0.3333333432674408,0.3333333432674408,1.0000000298023224,1.0986122916069845,3.0000000088166243,1.0,1.0,-0.0,1.0,1.0,1.0,-0.0,1.0,0.3333333432674408,0.3333333432674408,0.3333333432674408,1.0000000298023224,1.0986122916069845,3.0000000088166243,1.0,1.0,-0.0,1.0,1.0,1.0,-0.0,1.0,1.0,1.0,-0.0,1.0,1.0,1.0,-0.0,1.0,1.0,1.0,-0.0,1.0,1.0,1.0,-0.0,1.0,1.0,1.0,-0.0,1.0,0.5360833406448364,0.5103272199630737
81,1600,1619,20,20,5249,5249,0,0.0,5249,0,0.0,0,83.84469920000993,61.85804689861834,0.18952810019254684,29.36412819218822,156.6585140998941,21.82507222244292,feasibility,not_applicable,-0.007072886771870306,6.155728307892633e-05,0.6398903912449457,-0.013441011152533164,0.002765368640770664,0.0337914156626506,0.9985849300780928,0.315760339913239,0.04819277108433735,3.575026750564575,1.6465569734573364,0.31596583127975464,-0.002129946369677782,0.008915411308407784,1.6486867666244507,0.31801214814186096,0.9992038607597351,5e-05,0.24868109822273254,0.25487223267555237,0.24893032014369965,0.2475164234638214,1.000000074505806,1.3862290638564878,3.9997388194736683,0.3333333432674408,0.3333333432674408,0.3333333432674408,1.0000000298023224,1.0986122916069845,3.0000000088166243,1.0,1.0,-0.0,1.0,1.0,1.0,-0.0,1.0,0.3333333432674408,0.3333333432674408,0.3333333432674408,1.0000000298023224,1.0986122916069845,3.0000000088166243,1.0,1.0,-0.0,1.0,1.0,1.0,-0.0,1.0,1.0,1.0,-0.0,1.0,1.0,1.0,-0.0,1.0,1.0,1.0,-0.0,1.0,1.0,1.0,-0.0,1.0,1.0,1.0,-0.0,1.0,0.5361644625663757,0.5103363394737244
82,1620,1639,20,20,4956,4956,0,0.0,4956,0,0.0,0,79.6868031998165,58.88432880025357,0.16353519912809134,27.660381202818826,144.699801400071,22.086879958085007,feasibility,not_applicable,-0.0007677768560078663,4.6880242093604276e-05,0.6487061694646493,-0.007231397942329447,0.0011068746732864664,0.0120478479955823,1.0011060982942581,0.3258516046290214,0.10897435897435898,0.758349597454071,1.608519196510315,0.30286160111427307,-0.0015314628835767508,0.0072464956901967525,1.6100506782531738,0.30449575185775757,0.9994274973869324,5e-05,0.24867881834506989,0.2548997700214386,0.2488894909620285,0.2475319653749466,1.0000000447034836,1.386228483537852,3.9997364983513664,0.3333333432674408,0.3333333432674408,0.3333333432674408,1.0000000298023224,1.0986122916069845,3.0000000088166243,1.0,1.0,-0.0,1.0,1.0,1.0,-0.0,1.0,0.3333333432674408,0.3333333432674408,0.3333333432674408,1.0000000298023224,1.0986122916069845,3.0000000088166243,1.0,1.0,-0.0,1.0,1.0,1.0,-0.0,1.0,1.0,1.0,-0.0,1.0,1.0,1.0,-0.0,1.0,1.0,1.0,-0.0,1.0,1.0,1.0,-0.0,1.0,1.0,1.0,-0.0,1.0,0.5360070466995239,0.5104472041130066
83,1640,1659,20,20,5129,5129,0,0.0,5129,0,0.0,0,82.1152494000271,60.406927498523146,0.16503189993090928,30.4550629099831,149.79878300009295,22.115953687317045,feasibility,not_applicable,-0.0035148575430574975,4.804526736139159e-05,0.6368907610943288,-0.00985974275196592,0.0015158269601625413,0.015817901234567902,0.9988103343380822,0.3056617925564448,0.037037037037037035,1.5920624732971191,1.638647437095642,0.3065130412578583,-0.0007771249511279166,0.007687844336032867,1.6394246816635132,0.3084905743598938,0.9993709325790405,5e-05,0.2486714869737625,0.254940003156662,0.24882695078849792,0.2475615292787552,0.9999999701976776,1.3862276369829463,3.9997331123562456,0.3333333432674408,0.3333333432674408,0.3333333432674408,1.0000000298023224,1.0986122916069845,3.0000000088166243,1.0,1.0,-0.0,1.0,1.0,1.0,-0.0,1.0,0.3333333432674408,0.3333333432674408,0.3333333432674408,1.0000000298023224,1.0986122916069845,3.0000000088166243,1.0,1.0,-0.0,1.0,1.0,1.0,-0.0,1.0,1.0,1.0,-0.0,1.0,1.0,1.0,-0.0,1.0,1.0,1.0,-0.0,1.0,1.0,1.0,-0.0,1.0,1.0,1.0,-0.0,1.0,0.5361175537109375,0.5106420516967773
84,1660,1679,20,20,4851,4851,0,0.0,4851,0,0.0,0,80.53994399984367,58.60181079711765,0.1729077990166843,27.933296801522374,143.86334749986418,21.61732997577852,feasibility,not_applicable,-0.0008450203673227838,5.1424266326935854e-05,0.5878260776792702,-0.0066975691129061345,0.0020760414948821754,0.026164618835441376,0.9994337409734726,0.30492310108322845,0.05263157894736842,0.9338681101799011,1.6218806505203247,0.30070963501930237,-4.946491117152618e-06,0.007770465221256018,1.6218856573104858,0.30280253291130066,0.9993322491645813,5e-05,0.248637855052948,0.2549613118171692,0.24889862537384033,0.24750222265720367,1.0000000149011612,1.3862267933020103,3.999729737859093,0.3333333432674408,0.3333333432674408,0.3333333432674408,1.0000000298023224,1.0986122916069845,3.0000000088166243,1.0,1.0,-0.0,1.0,1.0,1.0,-0.0,1.0,0.3333333432674408,0.3333333432674408,0.3333333432674408,1.0000000298023224,1.0986122916069845,3.0000000088166243,1.0,1.0,-0.0,1.0,1.0,1.0,-0.0,1.0,1.0,1.0,-0.0,1.0,1.0,1.0,-0.0,1.0,1.0,1.0,-0.0,1.0,1.0,1.0,-0.0,1.0,1.0,1.0,-0.0,1.0,0.5363724827766418,0.5108502507209778
85,1680,1699,20,20,4865,4865,0,0.0,4865,0,0.0,0,79.55970640014857,58.85568199818954,0.16059130034409463,26.57600849447772,142.41071210009977,21.917334899265224,feasibility,not_applicable,-0.005234382816820176,0.0028154351078571037,0.6052817328796758,-0.009879481984762016,0.0007905602113452632,0.008218344155844156,1.0000957827289383,0.15819707863613383,0.012987012987012988,1.8035751581192017,1.5895179510116577,0.3250972330570221,-0.0067897518165409565,0.07326483726501465,1.5963077545166016,0.30648985505104065,0.949211597442627,5e-05,0.2486126869916916,0.25494638085365295,0.24895697832107544,0.2474839836359024,1.0000000298023224,1.3862270202343723,3.999730645527313,0.3333333432674408,0.3333333432674408,0.3333333432674408,1.0000000298023224,1.0986122916069845,3.0000000088166243,1.0,1.0,-0.0,1.0,1.0,1.0,-0.0,1.0,0.3333333432674408,0.3333333432674408,0.3333333432674408,1.0000000298023224,1.0986122916069845,3.0000000088166243,1.0,1.0,-0.0,1.0,1.0,1.0,-0.0,1.0,1.0,1.0,-0.0,1.0,1.0,1.0,-0.0,1.0,1.0,1.0,-0.0,1.0,1.0,1.0,-0.0,1.0,1.0,1.0,-0.0,1.0,0.536391019821167,0.5108086466789246
86,1700,1719,20,20,4529,4529,0,0.0,4529,0,0.0,0,74.3392835999839,54.945685401326045,0.16998919984325767,25.20988051290624,132.0578309998382,21.943136214772956,feasibility,not_applicable,-0.0013347398292955378,0.00010103278248312614,0.6142198942916494,-0.007426422410710177,0.001894212992776605,0.02085504093220536,0.9994758841857104,0.3145810604934961,0.07746478873239436,0.6700609922409058,1.5913543701171875,0.30332866311073303,0.0005624908371828496,0.010049647651612759,1.5907920598983765,0.30498164892196655,0.9989023208618164,5e-05,0.24854832887649536,0.25490981340408325,0.24892213940620422,0.24761973321437836,1.0000000149011612,1.3862285496295903,3.999736762700913,0.3333333432674408,0.3333333432674408,0.3333333432674408,1.0000000298023224,1.0986122916069845,3.0000000088166243,1.0,1.0,-0.0,1.0,1.0,1.0,-0.0,1.0,0.3333333432674408,0.3333333432674408,0.3333333432674408,1.0000000298023224,1.0986122916069845,3.0000000088166243,1.0,1.0,-0.0,1.0,1.0,1.0,-0.0,1.0,1.0,1.0,-0.0,1.0,1.0,1.0,-0.0,1.0,1.0,1.0,-0.0,1.0,1.0,1.0,-0.0,1.0,1.0,1.0,-0.0,1.0,0.5366030931472778,0.5104520916938782
87,1720,1739,20,20,4754,4754,0,0.0,4754,0,0.0,0,79.88070300011896,59.702714001061395,0.15043440065346658,27.80834549642168,140.76689199986868,21.545668784653042,feasibility,not_applicable,-0.000461302079881231,7.047338274181432e-05,0.6036014235019684,-0.006462079263292253,0.0012416848641199371,0.0121875,0.999567699432373,0.23757083872954052,0.013333333333333334,0.5260699391365051,1.581680178642273,0.3080520033836365,0.0010581122478470206,0.010993344709277153,1.5806220769882202,0.31172847747802734,0.998726487159729,5e-05,0.24858413636684418,0.2549980580806732,0.24884946644306183,0.24756832420825958,0.9999999850988388,1.3862261907703053,3.9997273278958407,0.3333333432674408,0.3333333432674408,0.3333333432674408,1.0000000298023224,1.0986122916069845,3.0000000088166243,1.0,1.0,-0.0,1.0,1.0,1.0,-0.0,1.0,0.3333333432674408,0.3333333432674408,0.3333333432674408,1.0000000298023224,1.0986122916069845,3.0000000088166243,1.0,1.0,-0.0,1.0,1.0,1.0,-0.0,1.0,1.0,1.0,-0.0,1.0,1.0,1.0,-0.0,1.0,1.0,1.0,-0.0,1.0,1.0,1.0,-0.0,1.0,1.0,1.0,-0.0,1.0,0.5368655920028687,0.5107918977737427
88,1740,1759,20,20,4992,4992,0,0.0,4992,0,0.0,0,81.3728620999027,58.81388289947063,0.16809559985995293,30.54140450921841,151.26241379999556,21.458482513838664,feasibility,not_applicable,-0.0006715641476404973,4.4325764461880164e-05,0.666781193170792,-0.007317212931155108,0.0010213559069551337,0.009114583333333334,0.9997989065372027,0.31734023969142866,0.057692307692307696,0.739418625831604,1.642064094543457,0.2930491864681244,0.0007392417173832655,0.0075883399695158005,1.641324758529663,0.29555314779281616,0.9993295073509216,5e-05,0.24855299293994904,0.255036324262619,0.2487962245941162,0.24761439859867096,0.9999999403953552,1.3862254290901694,3.9997242813841463,0.3333333432674408,0.3333333432674408,0.3333333432674408,1.0000000298023224,1.0986122916069845,3.0000000088166243,1.0,1.0,-0.0,1.0,1.0,1.0,-0.0,1.0,0.3333333432674408,0.3333333432674408,0.3333333432674408,1.0000000298023224,1.0986122916069845,3.0000000088166243,1.0,1.0,-0.0,1.0,1.0,1.0,-0.0,1.0,1.0,1.0,-0.0,1.0,1.0,1.0,-0.0,1.0,1.0,1.0,-0.0,1.0,1.0,1.0,-0.0,1.0,1.0,1.0,-0.0,1.0,0.5374141335487366,0.5109038352966309
89,1760,1779,20,20,4799,4799,0,0.0,4799,0,0.0,0,79.573807900073,58.80030310130678,0.14752259966917336,27.498541802633554,139.34699360001832,21.921169514802813,feasibility,not_applicable,-0.0004819498521586259,0.00018009194517314123,0.6391813315947851,-0.006783717318127553,0.0008505188122702142,0.007395833333333333,0.9997649423281352,0.1740038472165664,0.02,0.7761882543563843,1.620859146118164,0.2987099885940552,0.0007661357522010803,0.0181080624461174,1.6200928688049316,0.30163973569869995,0.9963251352310181,5e-05,0.24859096109867096,0.25507283210754395,0.2487843781709671,0.2475518137216568,0.9999999850988388,1.3862242676447085,3.9997196359252327,0.3333333432674408,0.3333333432674408,0.3333333432674408,1.0000000298023224,1.0986122916069845,3.0000000088166243,1.0,1.0,-0.0,1.0,1.0,1.0,-0.0,1.0,0.3333333432674408,0.3333333432674408,0.3333333432674408,1.0000000298023224,1.0986122916069845,3.0000000088166243,1.0,1.0,-0.0,1.0,1.0,1.0,-0.0,1.0,1.0,1.0,-0.0,1.0,1.0,1.0,-0.0,1.0,1.0,1.0,-0.0,1.0,1.0,1.0,-0.0,1.0,1.0,1.0,-0.0,1.0,0.5375584363937378,0.5108440518379211
90,1780,1799,20,20,4335,4335,0,0.0,4335,0,0.0,0,73.10174959991127,54.417911601951346,0.23019640007987618,24.319714094279334,129.93327199993655,21.350996324878608,feasibility,not_applicable,0.00037076898083529054,0.0050774138044021935,0.6570248119533062,-0.003660772108774194,0.0004406792500316549,0.0032584676108158685,1.0001357592204039,0.1629571921109934,0.03676470588235294,1.0443744659423828,1.6205925941467285,0.31736984848976135,-0.006284116767346859,0.07870184630155563,1.6268768310546875,0.2931424379348755,0.9385051727294922,5e-05,0.24854347109794617,0.25512632727622986,0.24862553179264069,0.2477046549320221,0.9999999850988388,1.3862235464034258,3.9997167511633522,0.3333333432674408,0.3333333432674408,0.3333333432674408,1.0000000298023224,1.0986122916069845,3.0000000088166243,1.0,1.0,-0.0,1.0,1.0,1.0,-0.0,1.0,0.3333333432674408,0.3333333432674408,0.3333333432674408,1.0000000298023224,1.0986122916069845,3.0000000088166243,1.0,1.0,-0.0,1.0,1.0,1.0,-0.0,1.0,1.0,1.0,-0.0,1.0,1.0,1.0,-0.0,1.0,1.0,1.0,-0.0,1.0,1.0,1.0,-0.0,1.0,1.0,1.0,-0.0,1.0,0.5379185676574707,0.5105734467506409
91,1800,1819,20,20,4670,4670,0,0.0,4670,0,0.0,0,77.08129810006358,56.73843100015074,0.034819300286471844,27.029038697248325,138.69753260002472,21.6425308490565,feasibility,not_applicable,-0.0001935427625701852,0.00025562916906057755,0.6368112615118288,-0.006433840117047299,0.0008246788674525355,0.0078125,1.0001767498173126,0.22540335398014277,0.04794520547945205,0.7240888476371765,1.618169903755188,0.3106531798839569,0.0005397654604166746,0.02100764960050583,1.6176300048828125,0.3150036633014679,0.9954269528388977,5e-05,0.24855531752109528,0.2552049160003662,0.24867084622383118,0.24756890535354614,0.9999999850988388,1.3862209644135635,3.999706423948581,0.3333333432674408,0.3333333432674408,0.3333333432674408,1.0000000298023224,1.0986122916069845,3.0000000088166243,1.0,1.0,-0.0,1.0,1.0,1.0,-0.0,1.0,0.3333333432674408,0.3333333432674408,0.3333333432674408,1.0000000298023224,1.0986122916069845,3.0000000088166243,1.0,1.0,-0.0,1.0,1.0,1.0,-0.0,1.0,1.0,1.0,-0.0,1.0,1.0,1.0,-0.0,1.0,1.0,1.0,-0.0,1.0,1.0,1.0,-0.0,1.0,1.0,1.0,-0.0,1.0,0.5381901264190674,0.510684609413147
92,1820,1839,20,20,4971,4971,0,0.0,4971,0,0.0,0,80.35684340004809,59.56244080117904,0.03298049932345748,28.757360100047663,147.9268243999686,21.77553938880439,feasibility,not_applicable,-0.00030259678785044415,0.00013984466444619614,0.674321993230245,-0.006975894211791456,0.0018380438264919063,0.016475197524787523,0.99989347694776,0.2168969515328988,0.01282051282051282,0.7637596726417542,1.6235755681991577,0.30536872148513794,0.00044181087287142873,0.015324709936976433,1.6231337785720825,0.30853763222694397,0.9974815249443054,5e-05,0.24851061403751373,0.2551347613334656,0.24867026507854462,0.24768440425395966,1.0000000447034836,1.386223258911158,3.999715601275878,0.3333333432674408,0.3333333432674408,0.3333333432674408,1.0000000298023224,1.0986122916069845,3.0000000088166243,1.0,1.0,-0.0,1.0,1.0,1.0,-0.0,1.0,0.3333333432674408,0.3333333432674408,0.3333333432674408,1.0000000298023224,1.0986122916069845,3.0000000088166243,1.0,1.0,-0.0,1.0,1.0,1.0,-0.0,1.0,1.0,1.0,-0.0,1.0,1.0,1.0,-0.0,1.0,1.0,1.0,-0.0,1.0,1.0,1.0,-0.0,1.0,1.0,1.0,-0.0,1.0,0.5382997989654541,0.5109809041023254
93,1840,1859,20,20,4780,4780,0,0.0,4780,0,0.0,0,77.98345719999634,57.56683350051753,0.03430920070968568,27.23565770080313,139.48345430009067,21.980355388447624,feasibility,not_applicable,-0.0015816809857885042,7.685133986039242e-05,0.6720404797792434,-0.008263659888568024,0.0017272242709683876,0.01973484848936399,0.9997896126906077,0.2975024385750294,0.05333333333333334,0.8126665949821472,1.6326593160629272,0.2991800010204315,0.00047039284254424274,0.010106151923537254,1.6321889162063599,0.30111441016197205,0.9988589286804199,5e-05,0.24839796125888824,0.2550995349884033,0.24865058064460754,0.24785195291042328,1.0000000298023224,1.3862246649457906,3.9997212250184875,0.3333333432674408,0.3333333432674408,0.3333333432674408,1.0000000298023224,1.0986122916069845,3.0000000088166243,1.0,1.0,-0.0,1.0,1.0,1.0,-0.0,1.0,0.3333333432674408,0.3333333432674408,0.3333333432674408,1.0000000298023224,1.0986122916069845,3.0000000088166243,1.0,1.0,-0.0,1.0,1.0,1.0,-0.0,1.0,1.0,1.0,-0.0,1.0,1.0,1.0,-0.0,1.0,1.0,1.0,-0.0,1.0,1.0,1.0,-0.0,1.0,1.0,1.0,-0.0,1.0,0.5384714007377625,0.5111748576164246
94,1860,1879,20,20,4449,4449,0,0.0,4449,0,0.0,0,73.09862399986014,53.84277810133062,0.03178160032257438,25.43013330269605,130.80029569985345,21.819634976743085,feasibility,not_applicable,0.00020999904455883163,6.920397689620066e-05,0.6123138485210282,-0.0058785375274185625,0.0015838170207903854,0.0140625,0.9995608725718089,0.3059158924434866,0.06428571428571428,0.8881293535232544,1.625281810760498,0.3094656765460968,0.0006215331959538162,0.009114215150475502,1.6246602535247803,0.31066593527793884,0.9991326332092285,5e-05,0.24834512174129486,0.2550961375236511,0.2486477792263031,0.24791094660758972,0.9999999850988388,1.3862248578222143,3.9997219964704875,0.3333333432674408,0.3333333432674408,0.3333333432674408,1.0000000298023224,1.0986122916069845,3.0000000088166243,1.0,1.0,-0.0,1.0,1.0,1.0,-0.0,1.0,0.3333333432674408,0.3333333432674408,0.3333333432674408,1.0000000298023224,1.0986122916069845,3.0000000088166243,1.0,1.0,-0.0,1.0,1.0,1.0,-0.0,1.0,1.0,1.0,-0.0,1.0,1.0,1.0,-0.0,1.0,1.0,1.0,-0.0,1.0,1.0,1.0,-0.0,1.0,1.0,1.0,-0.0,1.0,0.5388791561126709,0.5113831758499146
95,1880,1899,20,20,4734,4734,0,0.0,4734,0,0.0,0,76.7557842999231,56.55170230055228,0.04005459928885102,27.05683869472705,137.22856880002655,22.12311288848677,feasibility,not_applicable,-0.0011946531264363108,5.577019997085822e-05,0.6249487758488268,-0.007416255300159793,0.0032378217619151582,0.03157012859309042,0.997693648612177,0.33776409717629086,0.0945945945945946,0.7930507063865662,1.6215511560440063,0.3024892508983612,4.3110791011713445e-05,0.008281581103801727,1.621508002281189,0.3037801682949066,0.9992504119873047,5e-05,0.24831444025039673,0.25512179732322693,0.24867670238018036,0.24788711965084076,1.0000000596046448,1.38622411594194,3.9997190291567364,0.3333333432674408,0.3333333432674408,0.3333333432674408,1.0000000298023224,1.0986122916069845,3.0000000088166243,1.0,1.0,-0.0,1.0,1.0,1.0,-0.0,1.0,0.3333333432674408,0.3333333432674408,0.3333333432674408,1.0000000298023224,1.0986122916069845,3.0000000088166243,1.0,1.0,-0.0,1.0,1.0,1.0,-0.0,1.0,1.0,1.0,-0.0,1.0,1.0,1.0,-0.0,1.0,1.0,1.0,-0.0,1.0,1.0,1.0,-0.0,1.0,1.0,1.0,-0.0,1.0,0.5391095876693726,0.5113195180892944
96,1900,1919,20,20,4850,4850,0,0.0,4850,0,0.0,0,78.86297119990923,58.65146770281717,0.04314950038678944,27.849487707018852,142.35136500000954,21.924438005757878,feasibility,not_applicable,-0.0014000011755055503,4.442158009815581e-05,0.6279453799912804,-0.00765724360213713,0.0014596028126298303,0.01665296052631579,0.9992148836976603,0.3450963090320951,0.10526315789473684,0.8642076253890991,1.6018399000167847,0.3073951005935669,0.00035296878195367754,0.007108965888619423,1.6014869213104248,0.3092927038669586,0.9994651675224304,5e-05,0.24826501309871674,0.2551235258579254,0.24865838885307312,0.24795308709144592,1.0000000149011612,1.3862241775636341,3.9997192756262065,0.3333333432674408,0.3333333432674408,0.3333333432674408,1.0000000298023224,1.0986122916069845,3.0000000088166243,1.0,1.0,-0.0,1.0,1.0,1.0,-0.0,1.0,0.3333333432674408,0.3333333432674408,0.3333333432674408,1.0000000298023224,1.0986122916069845,3.0000000088166243,1.0,1.0,-0.0,1.0,1.0,1.0,-0.0,1.0,1.0,1.0,-0.0,1.0,1.0,1.0,-0.0,1.0,1.0,1.0,-0.0,1.0,1.0,1.0,-0.0,1.0,1.0,1.0,-0.0,1.0,0.5394946932792664,0.5113918781280518
97,1920,1939,20,20,4680,4680,0,0.0,4680,0,0.0,0,76.70986860012636,55.961596701992676,0.032029700698331,27.462894903495908,137.14433879987337,21.884067921312294,feasibility,not_applicable,0.004856101564458899,5.2780985362693864e-05,0.6406120879424585,-0.001523628327492121,0.0016063100098305054,0.016891891891891893,0.9999761166604789,0.2943418817846356,0.060810810810810814,0.9454622864723206,1.6466128826141357,0.2916366159915924,-9.79527467279695e-05,0.008038656786084175,1.6467108726501465,0.29161199927330017,0.9992402195930481,5e-05,0.24819721281528473,0.25501036643981934,0.24856562912464142,0.24822674691677094,0.9999999552965164,1.3862275261262043,3.999732668958888,0.3333333432674408,0.3333333432674408,0.3333333432674408,1.0000000298023224,1.0986122916069845,3.0000000088166243,1.0,1.0,-0.0,1.0,1.0,1.0,-0.0,1.0,0.3333333432674408,0.3333333432674408,0.3333333432674408,1.0000000298023224,1.0986122916069845,3.0000000088166243,1.0,1.0,-0.0,1.0,1.0,1.0,-0.0,1.0,1.0,1.0,-0.0,1.0,1.0,1.0,-0.0,1.0,1.0,1.0,-0.0,1.0,1.0,1.0,-0.0,1.0,1.0,1.0,-0.0,1.0,0.5393069982528687,0.5115286111831665
98,1940,1959,20,20,4696,4696,0,0.0,4696,0,0.0,0,76.05444910004735,55.20222750026733,0.03861980023793876,27.98719620401971,138.9287350999657,21.843568916678624,feasibility,not_applicable,0.001555352144547411,4.3754282504213167e-05,0.5812312795503719,-0.004235083229424483,0.0011013580721762107,0.011929898648648648,1.0003901232738752,0.33134770544396863,0.10135135135135136,0.6597675085067749,1.639257550239563,0.30040231347084045,6.527182995341718e-05,0.00693671265617013,1.6391923427581787,0.299812376499176,0.9994667768478394,5e-05,0.2482057809829712,0.25507691502571106,0.24847041070461273,0.2482469379901886,1.0000000447034836,1.3862258700783587,3.999726045215704,0.3333333432674408,0.3333333432674408,0.3333333432674408,1.0000000298023224,1.0986122916069845,3.0000000088166243,1.0,1.0,-0.0,1.0,1.0,1.0,-0.0,1.0,0.3333333432674408,0.3333333432674408,0.3333333432674408,1.0000000298023224,1.0986122916069845,3.0000000088166243,1.0,1.0,-0.0,1.0,1.0,1.0,-0.0,1.0,1.0,1.0,-0.0,1.0,1.0,1.0,-0.0,1.0,1.0,1.0,-0.0,1.0,1.0,1.0,-0.0,1.0,1.0,1.0,-0.0,1.0,0.5395345091819763,0.5117533206939697
99,1960,1979,20,20,4961,4961,0,0.0,4961,0,0.0,0,79.29348480002955,58.56779499654658,0.0328686002176255,28.41017889464274,143.3229886998888,22.28496356089218,feasibility,not_applicable,0.00022390341529479393,4.7787793566665365e-05,0.6097520318550941,-0.005849722034047143,0.0012771277979481965,0.01411045552828373,1.0003899278549047,0.3509206736030487,0.14743589743589744,0.946262001991272,1.6156333684921265,0.29308000206947327,0.0003353880892973393,0.0075534856878221035,1.6152979135513306,0.2930718958377838,0.999335765838623,5e-05,0.2481285035610199,0.25507593154907227,0.24845950305461884,0.2483360916376114,1.0000000298023224,1.3862258596321224,3.9997260034336204,0.3333333432674408,0.3333333432674408,0.3333333432674408,1.0000000298023224,1.0986122916069845,3.0000000088166243,1.0,1.0,-0.0,1.0,1.0,1.0,-0.0,1.0,0.3333333432674408,0.3333333432674408,0.3333333432674408,1.0000000298023224,1.0986122916069845,3.0000000088166243,1.0,1.0,-0.0,1.0,1.0,1.0,-0.0,1.0,1.0,1.0,-0.0,1.0,1.0,1.0,-0.0,1.0,1.0,1.0,-0.0,1.0,1.0,1.0,-0.0,1.0,1.0,1.0,-0.0,1.0,0.5397892594337463,0.5118330717086792
100,1980,1999,20,20,4897,4897,0,0.0,4897,0,0.0,0,81.0856401999481,59.55268619698472,0.03299569967202842,28.917179294396192,144.2159582998138,21.735309614348676,feasibility,not_applicable,-4.929933068040129e-05,3.4539356691949525e-05,0.5761254842018152,-0.005793284195438995,0.0007939938865541541,0.006392045454545455,1.000339498380562,0.3365920314734632,0.11688311688311688,0.7949346899986267,1.6083221435546875,0.30331099033355713,0.0009192289435304701,0.0060361954383552074,1.6074028015136719,0.3036624491214752,0.9996039271354675,5e-05,0.24803242087364197,0.25499793887138367,0.24839189648628235,0.24857771396636963,0.9999999701976776,1.3862277207176983,3.9997334472729196,0.3333333432674408,0.3333333432674408,0.3333333432674408,1.0000000298023224,1.0986122916069845,3.0000000088166243,1.0,1.0,-0.0,1.0,1.0,1.0,-0.0,1.0,0.3333333432674408,0.3333333432674408,0.3333333432674408,1.0000000298023224,1.0986122916069845,3.0000000088166243,1.0,1.0,-0.0,1.0,1.0,1.0,-0.0,1.0,1.0,1.0,-0.0,1.0,1.0,1.0,-0.0,1.0,1.0,1.0,-0.0,1.0,1.0,1.0,-0.0,1.0,1.0,1.0,-0.0,1.0,0.5394877195358276,0.5123434662818909
