update_id,episode_start,episode_end,episode_count,parallel_envs,transition_count,environment_step_count,forced_action_count,forced_action_ratio,worker_step_command_count,worker_local_physical_forced_action_count,worker_local_physical_forced_share,estimated_worker_step_round_trips_avoided,sampling_wall_time_seconds,policy_inference_time_seconds,generation_time_seconds,environment_step_time_seconds,ppo_update_time_seconds,transitions_per_second,reward_phase,candidate_status,policy_loss,value_loss,entropy,loss,approx_kl,clip_fraction,ratio_mean,gradient_norm,gradient_clipped_fraction,gradient_norm_max,return_mean,return_std,advantage_mean,advantage_std,value_prediction_mean,value_prediction_std,pre_update_explained_variance,learning_rate,policy_head_weight_production_processing_time_norm,policy_head_weight_production_reconfiguration_time_norm,policy_head_weight_production_fixed_reconfiguration_cost_norm,policy_head_weight_production_estimated_labor_cost_norm,policy_head_weight_production_estimated_downtime_cost_norm,policy_head_weight_production_horizon_slack_norm,policy_head_weight_worker_stage_duration_norm,policy_head_weight_worker_projected_fatigue_ratio,policy_head_weight_worker_incremental_labor_cost_norm,policy_head_weight_worker_incremental_downtime_cost_norm,policy_head_weight_worker_incremental_load_variance_norm,policy_head_gate_production_common,policy_head_gate_production_residual,policy_head_gate_worker_common,policy_head_gate_worker_residual
1,0,9,10,10,2077,2077,0,0.0,2077,0,0.0,0,12.649390499980655,7.351201500219759,4.280781999987084,1.7099746005260386,27.712519699998666,51.45940788503771,feasibility,feasibility_best,-4.921602367451697e-05,0.017578463309980703,0.5117693435062062,0.0036223222797905855,0.003454579747719408,0.04294834116643125,1.0002974533673488,0.5406511871877945,0.4090909090909091,2.4727494716644287,0.1120266318321228,0.2353038787841797,0.1907845437526703,0.2135828286409378,-0.07875789701938629,0.04323640838265419,0.1761000156402588,0.0001,-0.30021026730537415,-0.30051615834236145,-0.20029079914093018,-0.20035749673843384,-0.2003760039806366,0.300483375787735,-0.29996082186698914,-0.30023816227912903,-0.19972802698612213,-0.19985456764698029,-0.20025990903377533,0.017960481345653534,0.11943339556455612,0.01798621006309986,0.11920963227748871
2,10,19,10,10,1915,1915,0,0.0,1915,0,0.0,0,8.580549900012556,6.492726100317668,1.4546345999697223,1.6165604008128867,24.938355199992657,57.1319377612875,feasibility,not_applicable,0.0014926243262986343,0.007784796471241862,0.5556794678171476,-0.00017177038826048373,0.0010070031496373607,0.008117055085798104,1.0002998034159343,0.6164042202134927,0.4,2.1496570110321045,0.37142086029052734,0.2756041884422302,0.19869354367256165,0.0969751849770546,0.1727273315191269,0.20409239828586578,0.8761917352676392,0.0001,-0.30042746663093567,-0.3007330000400543,-0.2005479484796524,-0.200508713722229,-0.20058034360408783,0.30066704750061035,-0.3001019060611725,-0.3004969358444214,-0.1994594782590866,-0.19994384050369263,-0.20058803260326385,0.01797417923808098,0.11968083679676056,0.01798621006309986,0.11932852119207382
3,20,29,10,10,2180,2180,0,0.0,2180,0,0.0,0,10.13600519997999,7.663611899421085,1.4698797998717055,1.8346359030110762,30.204589699977078,54.03985750349755,feasibility,phase_transition,0.009272360695259912,0.005337514420638659,0.5818830302783421,0.006122288267527308,0.0013309911957808903,0.0140625,0.9996816694736481,0.5303705311247281,0.38571428571428573,2.381284236907959,0.5186280608177185,0.31366845965385437,0.16879723966121674,0.08482332527637482,0.34983083605766296,0.2760064899921417,0.926871120929718,0.0001,-0.30054131150245667,-0.3011455237865448,-0.20086784660816193,-0.20079518854618073,-0.2009764313697815,0.30092501640319824,-0.30003413558006287,-0.3008049726486206,-0.19886857271194458,-0.1999271810054779,-0.2006993293762207,0.01796596683561802,0.11964579671621323,0.01798621006309986,0.11950309574604034
4,30,39,10,10,2375,2375,0,0.0,2375,0,0.0,0,11.180831999983639,8.665349499729928,1.6010333000449464,2.0058685006806627,33.70045189996017,52.91738100217257,quality,not_promoted,-0.00253060587534779,0.003501017274653637,0.5461499208682462,-0.006241597173931568,0.002368646711386789,0.03844572368421053,0.9992389326032839,0.42674815527310495,0.2894736842105263,1.5996497869491577,0.6398890614509583,0.3532884418964386,0.14069345593452454,0.0710202232003212,0.4991956353187561,0.3382633328437805,0.9595884680747986,0.0001,-0.3008926212787628,-0.30177202820777893,-0.20142941176891327,-0.2012302130460739,-0.20141135156154633,0.3016139566898346,-0.3005653917789459,-0.30145570635795593,-0.19917714595794678,-0.20034897327423096,-0.20089687407016754,0.01793796382844448,0.11989195644855499,0.01798621006309986,0.11964151263237
5,40,49,10,10,2364,2364,0,0.0,2364,0,0.0,0,11.382232000003569,8.58375030051684,2.0564654000336304,1.8820788995362818,33.794621300010476,52.32768170684577,quality,not_promoted,0.0014986810651985375,0.0030794947202053124,0.50712108853701,-0.0020327823916198432,0.002311413031625184,0.03284065319678268,1.002010954392923,0.4164708999765886,0.2702702702702703,1.465920329093933,0.7905092835426331,0.366763710975647,0.1289249062538147,0.0757841169834137,0.6615843772888184,0.3620167672634125,0.9573043584823608,0.0001,-0.30111387372016907,-0.30235177278518677,-0.20195887982845306,-0.2016410082578659,-0.2017752081155777,0.30194520950317383,-0.3009622395038605,-0.3018549680709839,-0.19900643825531006,-0.20056739449501038,-0.20083089172840118,0.017909014597535133,0.12026664614677429,0.01798621006309986,0.11966944485902786
6,50,59,10,10,2131,2131,0,0.0,2131,0,0.0,0,9.90279580000788,7.459064699767623,1.648945000139065,1.6542285994510166,28.279814400011674,55.81074706094631,quality,not_promoted,0.0019428290919784237,0.002913821318275843,0.5123221387757975,-0.0017234815544832278,0.0009911882405183004,0.009650735294117647,1.0004698379951364,0.4202560058192295,0.2647058823529412,1.5837105512619019,0.9379224181175232,0.29194486141204834,0.1258276104927063,0.07310611009597778,0.8120948076248169,0.3103581368923187,0.9372944831848145,0.0001,-0.30058208107948303,-0.3026440441608429,-0.20223243534564972,-0.20185987651348114,-0.2019832879304886,0.3018051087856293,-0.30087512731552124,-0.3018065392971039,-0.19888731837272644,-0.200490340590477,-0.20086117088794708,0.017924839630723,0.12034076452255249,0.01798621006309986,0.11954251676797867
7,60,69,10,10,2491,2491,0,0.0,2491,0,0.0,0,12.41210829996271,9.170984799799044,1.8466431999695487,1.9518280000775121,35.09638659999473,52.43272819409464,quality,not_promoted,-0.0015146094016157663,0.0020658544910988077,0.48898398341276705,-0.005371521319597004,0.001952860265588149,0.02454096045440588,0.9984283852271545,0.3983261273839535,0.2692307692307692,1.0968146324157715,1.0134986639022827,0.27239036560058594,0.10037383437156677,0.06884507834911346,0.9131249189376831,0.2962858974933624,0.9361203908920288,0.0001,-0.3006287217140198,-0.3032255172729492,-0.2026754468679428,-0.20227177441120148,-0.20240427553653717,0.30225759744644165,-0.30117377638816833,-0.30210500955581665,-0.19902408123016357,-0.20075561106204987,-0.2007046341896057,0.017931707203388214,0.12085208296775818,0.01798621006309986,0.11954627186059952
8,70,79,10,10,2010,2010,0,0.0,2010,0,0.0,0,17.10930750000989,6.89487050002208,9.357540500059258,1.6569164996617474,26.583038999990094,46.00348026627503,quality,not_promoted,-0.003192135067365598,0.0023803554959158646,0.5341832032427192,-0.00734378925699275,0.001964228418728453,0.025146484375,0.9970674877986312,0.4747682202141732,0.359375,1.231909155845642,1.1868430376052856,0.22039271891117096,0.09355770796537399,0.07053597271442413,1.093285322189331,0.23066937923431396,0.8975700736045837,0.0001,-0.30065327882766724,-0.3035351634025574,-0.20279139280319214,-0.2024729996919632,-0.20264188945293427,0.302517294883728,-0.30094054341316223,-0.3019196093082428,-0.1987840086221695,-0.20060189068317413,-0.2006741315126419,0.017991794273257256,0.12103410065174103,0.01798621006309986,0.11962384730577469
9,80,89,10,10,2087,2087,0,0.0,2087,0,0.0,0,10.462757500004955,7.5301203994313255,1.7092855999944732,2.0727277998812497,29.3806528999703,52.38005429377843,quality,catastrophic_rolled_back,0.0006113514078385903,0.001642232416391683,0.6074643428578521,-0.004642175496414755,0.0017288681494502464,0.023674242424242424,1.000207326628945,0.4271961974375176,0.3181818181818182,1.2350751161575317,1.1672322750091553,0.2694680392742157,0.08324921876192093,0.06728964298963547,1.0839829444885254,0.27647608518600464,0.9376434683799744,0.0001,-0.3006914258003235,-0.3038513958454132,-0.20301148295402527,-0.2026442289352417,-0.2028173953294754,0.30252254009246826,-0.30058780312538147,-0.30140310525894165,-0.19882424175739288,-0.20035703480243683,-0.20092985033988953,0.018020525574684143,0.12135826796293259,0.01798621006309986,0.11974884569644928
10,90,99,10,10,1996,1996,0,0.0,1996,0,0.0,0,9.228536800015718,7.018839100492187,1.4172515998943709,1.7203443009057082,27.39753739995649,54.496695144070735,quality,not_promoted,-0.0031259101524483413,0.0017890284825625713,0.6127860136330128,-0.008359254970855545,0.00280065570223087,0.039306640625,1.0002655563876033,0.47878509061411023,0.390625,1.2171839475631714,1.1547809839248657,0.21182522177696228,0.09602298587560654,0.07001148164272308,1.058758020401001,0.2328202873468399,0.8907595872879028,0.0001,-0.30066198110580444,-0.30311319231987,-0.20254094898700714,-0.20219257473945618,-0.20235179364681244,0.30229371786117554,-0.30109575390815735,-0.3019448518753052,-0.19926486909389496,-0.20067931711673737,-0.20068666338920593,0.017929229885339737,0.12062544375658035,0.01798621006309986,0.11965902894735336
11,100,109,10,10,2173,2173,0,0.0,2173,0,0.0,0,10.792678500001784,7.660576099355239,1.9645552999572828,2.1371162006398663,29.847923399996944,53.46869628916761,quality,not_promoted,-0.0003089566085049335,0.001519470491021981,0.6302467488190707,-0.00585168826749877,0.003256122741731815,0.04832148026017582,1.000093410120291,0.48527354078696056,0.4411764705882353,1.3771854639053345,1.2038620710372925,0.24030011892318726,0.08084449917078018,0.06383804976940155,1.12301766872406,0.24628540873527527,0.9294249415397644,0.0001,-0.3005135953426361,-0.3036462366580963,-0.20280322432518005,-0.20256422460079193,-0.20274053514003754,0.3024583160877228,-0.3017077147960663,-0.30243831872940063,-0.19963830709457397,-0.20111219584941864,-0.20077283680438995,0.017933562397956848,0.12087554484605789,0.01798621006309986,0.11972597241401672
12,110,119,10,10,2394,2394,0,0.0,2394,0,0.0,0,11.810842300008517,8.878613700100686,1.7474026000709273,2.2019630001159385,34.34535269998014,51.86736038359722,quality,not_promoted,-0.00017583420451142286,0.00165706470847669,0.6356048513399927,-0.0057033506638713575,0.00360649748855442,0.05403909420496539,0.9998865504013864,0.4410262061773162,0.32894736842105265,1.0257961750030518,1.2882559299468994,0.2699142396450043,0.07030633091926575,0.06791871786117554,1.2179495096206665,0.2791379392147064,0.9366819858551025,0.0001,-0.30024221539497375,-0.30405887961387634,-0.20309409499168396,-0.2028411477804184,-0.20298996567726135,0.3025815784931183,-0.3022922873497009,-0.3022945523262024,-0.19990995526313782,-0.20147345960140228,-0.20074087381362915,0.017962533980607986,0.12106500566005707,0.01798621006309986,0.1196630671620369
13,120,129,10,10,2193,2193,0,0.0,2193,0,0.0,0,10.566447100020014,7.9819881998118944,1.6112434000242501,2.113218300684821,29.63300790003268,54.55297839229724,quality,catastrophic_rolled_back,-0.0043391535723848,0.0011446421096999464,0.6177035148654665,-0.009943867631123534,0.002071445159214948,0.022544642857142857,1.0001752580915177,0.3690209205661501,0.18571428571428572,0.9989600777626038,1.363021731376648,0.2244507372379303,0.05846555531024933,0.06412994116544724,1.304556131362915,0.21943214535713196,0.918364405632019,0.0001,-0.2999245822429657,-0.30457574129104614,-0.20354324579238892,-0.20324112474918365,-0.20338007807731628,0.3027048707008362,-0.3019576966762543,-0.3022654354572296,-0.19956329464912415,-0.20118260383605957,-0.20060184597969055,0.017954863607883453,0.12158776074647903,0.01798621006309986,0.1197395771741867
14,130,139,10,10,2149,2149,0,0.0,2149,0,0.0,0,10.559070500021335,7.62067089980701,2.0461711001116782,1.8456495998543687,28.332704600004945,55.25589908079428,quality,not_promoted,0.0017627808265388012,0.001726486623417312,0.5611240298432463,-0.0029852152322692904,0.0022784281510907665,0.027846780550830504,1.0006401284652597,0.43294988090501113,0.3235294117647059,1.0933517217636108,1.1348292827606201,0.2432694137096405,0.09376481920480728,0.06711150705814362,1.0410643815994263,0.2590993344783783,0.9238939881324768,0.0001,-0.3007206618785858,-0.3038005530834198,-0.2031199336051941,-0.2026509940624237,-0.2027711272239685,0.3025914132595062,-0.3009832799434662,-0.3022845983505249,-0.19908317923545837,-0.2006385177373886,-0.20069831609725952,0.01793586276471615,0.12146452069282532,0.01798621006309986,0.11952387541532516
15,140,149,10,10,2085,2085,0,0.0,2085,0,0.0,0,9.8734051999636,7.487528099620249,1.4722642000415362,2.00442580122035,28.910903300042264,53.75885456355847,quality,not_promoted,-0.0019079906456736903,0.0019231700562434553,0.6322368171178934,-0.0072687734024260535,0.0010634431228302701,0.00869548526790106,1.0014318670287277,0.44437158367399016,0.3333333333333333,1.093813180923462,1.2343264818191528,0.22335532307624817,0.07976927608251572,0.06910183280706406,1.154557228088379,0.23728229105472565,0.9042835831642151,0.0001,-0.30082374811172485,-0.3042505085468292,-0.20351703464984894,-0.20296727120876312,-0.20309874415397644,0.30297183990478516,-0.3011646866798401,-0.3019815981388092,-0.19911618530750275,-0.20074395835399628,-0.2007017731666565,0.017969103530049324,0.12207774072885513,0.01798621006309986,0.11956721544265747
16,150,159,10,10,2217,2217,0,0.0,2217,0,0.0,0,20.1648762000259,8.19927029981045,11.000142200151458,2.2425674998085015,32.838416300015524,41.82759023881898,quality,not_promoted,-9.284321484821183e-05,0.008440330847432571,0.731146354334695,-0.003184141172096133,0.0029930465795977006,0.04141986061419759,0.9997410493237632,0.4839048487799508,0.4142857142857143,1.383049726486206,1.2583798170089722,0.2731562852859497,0.057821985334157944,0.13105449080467224,1.2005579471588135,0.24800439178943634,0.7698126435279846,0.0001,-0.30059462785720825,-0.3041129410266876,-0.20339509844779968,-0.20287390053272247,-0.20302623510360718,0.3027038872241974,-0.30132752656936646,-0.30216264724731445,-0.1991415023803711,-0.20085400342941284,-0.20087109506130219,0.017983978614211082,0.12187042087316513,0.01798621006309986,0.1196136400103569
17,160,169,10,10,2255,2255,0,0.0,2255,0,0.0,0,11.755712000012863,8.322722100536339,1.958247099944856,2.1861403007642366,31.807671499962453,51.76365605305377,quality,catastrophic_rolled_back,-0.005681812452773253,0.0018634720569631706,0.6127200822035471,-0.010877277579210285,0.002294077363330871,0.03598090292265018,1.0002232566475868,0.3771805872933732,0.2638888888888889,0.7661078572273254,1.3849314451217651,0.21843409538269043,0.050671208649873734,0.07080131769180298,1.3342604637145996,0.21917776763439178,0.8949389457702637,0.0001,-0.30036234855651855,-0.3039853870868683,-0.20328886806964874,-0.20278486609458923,-0.20298390090465546,0.30248501896858215,-0.3011629283428192,-0.30251267552375793,-0.19930772483348846,-0.2007359117269516,-0.2011132538318634,0.017987770959734917,0.12183241546154022,0.01798621006309986,0.11973510682582855
18,170,179,10,10,1925,1925,0,0.0,1925,0,0.0,0,9.162641200004146,6.799381299992092,1.470088200061582,1.7333046021522023,25.529854600026738,55.487504015156105,quality,not_promoted,0.002648674146903138,0.0019865385634588047,0.5957522880165808,-0.002315579921067242,0.0007595890156446858,0.0045362903225806455,0.9999503358717887,0.43678893245035605,0.27419354838709675,1.3258757591247559,1.1976962089538574,0.22419467568397522,0.09248145669698715,0.07716476172208786,1.1052147150039673,0.23819862306118011,0.8815357089042664,0.0001,-0.3005386292934418,-0.3036610782146454,-0.20299367606639862,-0.2025763839483261,-0.20272736251354218,0.30267617106437683,-0.30138567090034485,-0.30262959003448486,-0.19898389279842377,-0.20092183351516724,-0.2012341320514679,0.017966067418456078,0.12126244604587555,0.01798621006309986,0.11942025274038315
19,180,189,10,10,1876,1876,0,0.0,1876,0,0.0,0,8.86449479998555,6.572558599698823,1.4265464000054635,1.7557719003525563,25.035667299991474,55.338968423436285,quality,not_promoted,-0.00016718227416276932,0.002362738357624039,0.5887285287181536,-0.004873097773330907,0.002608669231024881,0.0349479166790843,1.0005173236131668,0.49563273737827934,0.45,1.013081669807434,1.255659818649292,0.21168166399002075,0.07539250701665878,0.07301700860261917,1.1802674531936646,0.21397753059864044,0.8810179233551025,0.0001,-0.300756573677063,-0.30391156673431396,-0.20331823825836182,-0.20275455713272095,-0.20287148654460907,0.30276739597320557,-0.3018409311771393,-0.30309173464775085,-0.19914184510707855,-0.201304629445076,-0.20165114104747772,0.017983868718147278,0.12152756005525589,0.01798621006309986,0.11953724920749664
20,190,199,10,10,1829,1829,0,0.0,1829,0,0.0,0,8.495878699992318,6.264047699456569,1.4045347999199294,1.6538401006255299,24.746352099988144,55.02037486608976,quality,not_promoted,-0.0015702832425976622,0.0011376180131076675,0.5485385959518367,-0.006486859975446914,0.0013980187790805538,0.018857758620689655,0.9993048341109835,0.30269531404663774,0.08620689655172414,1.198021411895752,1.3238229751586914,0.201622873544693,0.059062570333480835,0.06237992271780968,1.2647603750228882,0.1982724964618683,0.9042783975601196,0.0001,-0.3010042607784271,-0.30456194281578064,-0.20359990000724792,-0.20320208370685577,-0.20334596931934357,0.3032692074775696,-0.3016379177570343,-0.3033694922924042,-0.1991041898727417,-0.20117546617984772,-0.20181992650032043,0.018002070486545563,0.12198298424482346,0.01798621006309986,0.11950455605983734
21,200,209,10,10,1988,1988,0,0.0,1988,0,0.0,0,9.560410299978685,7.137852700019721,1.4847452999674715,1.690098800812848,26.65746279997984,54.89002610709011,quality,not_promoted,0.005409352961578406,0.0007131315746846667,0.5488981064409018,0.00027693935044226237,0.0013532731900340877,0.0185546875,1.0025220038369298,0.36649101658258587,0.203125,3.546635627746582,1.364888072013855,0.22628153860569,0.04353761672973633,0.049344372004270554,1.321350336074829,0.21444281935691833,0.9524471163749695,0.0001,-0.3012554943561554,-0.30488207936286926,-0.20387528836727142,-0.20342621207237244,-0.20353341102600098,0.30355706810951233,-0.3019513189792633,-0.3030203878879547,-0.19943515956401825,-0.20137053728103638,-0.20202729105949402,0.018002746626734734,0.12220843881368637,0.01798621006309986,0.11937979608774185
22,210,219,10,10,1835,1835,0,0.0,1835,0,0.0,0,9.01079780003056,6.369467900483869,1.9156255000270903,1.7012592985411175,23.956753299979027,55.66079186268301,quality,not_promoted,-0.00020073155133888638,0.000806701097864224,0.6039880493591572,-0.005837262070191832,0.002240342679152522,0.03205818965517242,0.9983454675510012,0.36264112180676955,0.1896551724137931,0.9414396286010742,1.411287546157837,0.24868226051330566,0.03619570657610893,0.051955949515104294,1.375091791152954,0.23725679516792297,0.9563503265380859,0.0001,-0.3014361560344696,-0.30535516142845154,-0.20425570011138916,-0.20375634729862213,-0.20386728644371033,0.3040200471878052,-0.3018583059310913,-0.3032057285308838,-0.19959081709384918,-0.20143935084342957,-0.20218996703624725,0.018032632768154144,0.12262994050979614,0.01798621006309986,0.1193280890583992
23,220,229,10,10,2224,2224,0,0.0,2224,0,0.0,0,10.81550279998919,8.215163299755659,1.703170599997975,2.033145699533634,32.574070399976335,51.25655395941454,quality,not_promoted,0.00013719525720391954,0.000757417042249082,0.6040379473141262,-0.00552447586919048,0.0019664162387406188,0.025297619056488786,0.9981811957699912,0.3539076858333179,0.18571428571428572,0.8220732808113098,1.4322688579559326,0.23338523507118225,0.038818422704935074,0.04815799742937088,1.3934506177902222,0.22626040875911713,0.9574215412139893,0.0001,-0.301503986120224,-0.30573976039886475,-0.20453152060508728,-0.2040262222290039,-0.20406514406204224,0.3042675852775574,-0.3021581470966339,-0.30362841486930847,-0.19944769144058228,-0.20180371403694153,-0.20244742929935455,0.017997967079281807,0.12283028662204742,0.01798621006309986,0.11955659091472626
24,230,239,10,10,1934,1934,0,0.0,1934,0,0.0,0,9.38582550000865,6.79298429901246,1.543972599960398,1.715223798470106,26.461003500036895,53.95177353058322,quality,not_promoted,0.005409688733878636,0.0005736128553126623,0.6095923492985387,-0.00039942853242879914,0.0022927967985461074,0.02847782258064516,1.0001701712608337,0.2607298623169622,0.08064516129032258,1.0241007804870605,1.4909228086471558,0.2775489389896393,0.016786668449640274,0.04270352050662041,1.4741361141204834,0.2777540683746338,0.9763273000717163,0.0001,-0.30160462856292725,-0.30609312653541565,-0.20481207966804504,-0.20428431034088135,-0.20430810749530792,0.3045855462551117,-0.30245888233184814,-0.3036724925041199,-0.19957362115383148,-0.20201736688613892,-0.20269417762756348,0.017990438267588615,0.12322452664375305,0.01798621006309986,0.11963976174592972
25,240,249,10,10,1655,1655,0,0.0,1655,0,0.0,0,7.702101999951992,5.621747299737763,1.390620200021658,1.6092890009167604,21.386452200007625,56.89523063343924,quality,not_promoted,-0.00042024322857077303,0.0002629494841900081,0.5731610134243965,-0.006020378545284844,0.0002543365271076954,0.0015024038461538462,1.0006033399930367,0.32540277004815066,0.19230769230769232,0.7928423881530762,1.4525176286697388,0.2657184898853302,0.006124380510300398,0.022504327818751335,1.4463930130004883,0.25991642475128174,0.9928271770477295,0.0001,-0.30178797245025635,-0.30637621879577637,-0.20501179993152618,-0.2044975459575653,-0.20450043678283691,0.30496495962142944,-0.3022097051143646,-0.3035458028316498,-0.1992761641740799,-0.2018861472606659,-0.20284412801265717,0.017998237162828445,0.123588427901268,0.01798621006309986,0.1197139173746109
26,250,259,10,10,2083,2083,0,0.0,2083,0,0.0,0,10.291511100018397,7.517574900644831,2.125395599985495,1.7617244988796301,29.221339100040495,52.71702723173575,quality,not_promoted,0.002292037250078989,0.0002811898449374095,0.5396174359502215,-0.0029635422115185947,0.0010099585175119114,0.01037608225350127,1.0004003643989563,0.24847603950536612,0.07575757575757576,0.6908765435218811,1.4595879316329956,0.24738992750644684,0.015717435628175735,0.026286590844392776,1.4438705444335938,0.24099524319171906,0.9887097477912903,0.0001,-0.30176374316215515,-0.30667242407798767,-0.20509326457977295,-0.2047276794910431,-0.20472519099712372,0.30495354533195496,-0.3017546236515045,-0.3031119406223297,-0.1992984563112259,-0.20174087584018707,-0.20256145298480988,0.017919039353728294,0.12364427000284195,0.01798621006309986,0.11991756409406662
27,260,269,10,10,1973,1973,0,0.0,1973,0,0.0,0,10.170985999982804,6.886666899372358,2.409611699928064,1.646978500066325,26.425673399993684,53.9120245494666,quality,not_promoted,-0.0013661686811716326,0.00023571773682863663,0.4953633580477007,-0.006201942826831533,0.001435834831828552,0.01592932136789445,0.9991581132335048,0.205797890020955,0.016129032258064516,0.8449757695198059,1.5088183879852295,0.2533724904060364,0.0072445375844836235,0.02429165318608284,1.5015736818313599,0.25087785720825195,0.9908083081245422,0.0001,-0.30173224210739136,-0.3069610595703125,-0.20515845715999603,-0.20491555333137512,-0.20493879914283752,0.3050937056541443,-0.3016243278980255,-0.30328160524368286,-0.19916723668575287,-0.20170888304710388,-0.20283494889736176,0.017942029982805252,0.12375741451978683,0.01798621006309986,0.11987023055553436
28,270,279,10,10,2081,2081,0,0.0,2081,0,0.0,0,18.50099800003227,7.329383899690583,9.981314499978907,1.6578068992239423,28.993678500002716,43.81543687319287,quality,not_promoted,0.0016465147562099226,0.00026077113337426755,0.5049553583517219,-0.003272653398612006,0.0014274161127986824,0.02012310606060606,0.9989674569982471,0.27696369543220056,0.12121212121212122,1.000223994255066,1.49274480342865,0.25110965967178345,0.007324984762817621,0.024366816505789757,1.485419750213623,0.24962419271469116,0.9905838966369629,0.0001,-0.30210432410240173,-0.30704957246780396,-0.20510247349739075,-0.20497557520866394,-0.20504768192768097,0.30526450276374817,-0.3019118309020996,-0.30321821570396423,-0.1991673707962036,-0.20191900432109833,-0.20304690301418304,0.01793915592133999,0.12387765198945999,0.01798621006309986,0.1200515404343605
29,280,289,10,10,2905,2905,0,0.0,2905,0,0.0,0,15.584704300039448,10.991979699814692,2.30933860008372,2.4179375999374315,41.19506999995792,51.1625844909379,quality,not_promoted,0.00022146508664540622,0.00018161883378090116,0.3762438447903032,-0.0034501638121740975,0.0009227280385422763,0.010455163033760113,1.0002249887456065,0.21329518010758836,0.021739130434782608,0.5652855038642883,1.5359121561050415,0.2716000974178314,0.00519690103828907,0.021032191812992096,1.5307151079177856,0.26719772815704346,0.9940033555030823,0.0001,-0.3022843301296234,-0.3073306083679199,-0.2051396667957306,-0.2051280438899994,-0.20526321232318878,0.30569538474082947,-0.3019047975540161,-0.3034358024597168,-0.19895365834236145,-0.20199573040008545,-0.20367737114429474,0.017862536013126373,0.12411262094974518,0.01798621006309986,0.12056314200162888
30,290,299,10,10,2268,2268,0,0.0,2268,0,0.0,0,10.65270940004848,8.253315299807582,1.5344065999379382,1.8397431999328546,32.98648720001802,51.97162589369356,quality,not_promoted,-0.005103096262448364,0.00017760321457495188,0.5248993664152093,-0.01026328829013639,0.0016678828738400221,0.0222594246475233,0.9991927171746889,0.2247054438210196,0.05555555555555555,0.7203571200370789,1.5065268278121948,0.2605469524860382,0.006212037056684494,0.01846751570701599,1.5003145933151245,0.2597428560256958,0.9949760437011719,0.0001,-0.3019387125968933,-0.30734220147132874,-0.2051643431186676,-0.20510588586330414,-0.20534490048885345,0.30552664399147034,-0.30238857865333557,-0.30379316210746765,-0.19888125360012054,-0.20222944021224976,-0.2042130082845688,0.01787497103214264,0.1242082491517067,0.01798621006309986,0.12082640081644058
31,300,309,10,10,2133,2133,0,0.0,2133,0,0.0,0,10.312924699974246,7.7299793005222455,1.616937900078483,1.8323103988077492,30.839545200055,51.83163987925022,quality,not_promoted,0.003828857724061784,0.00021082292593799888,0.5525191575288773,-0.001590921649681952,0.0007677423129601212,0.001838235294117647,1.000161069280961,0.2783933077555369,0.14705882352941177,0.8454629778862,1.5220035314559937,0.26907432079315186,0.005250358022749424,0.01886814646422863,1.516753077507019,0.26826316118240356,0.9950828552246094,0.0001,-0.30213993787765503,-0.30755558609962463,-0.20543409883975983,-0.20525017380714417,-0.2055593580007553,0.30577340722084045,-0.3025011718273163,-0.30409082770347595,-0.19854170083999634,-0.20232197642326355,-0.2044866979122162,0.01790856197476387,0.1243969053030014,0.01798621006309986,0.12148433178663254
32,310,319,10,10,2350,2350,0,0.0,2350,0,0.0,0,20.54492080002092,8.782482699665707,11.182637000107206,1.8693388996762224,34.64335759996902,42.58150585832423,quality,promoted,0.000980168253787466,0.0001483193839187545,0.5393233387856871,-0.004338904409795194,0.0007291724839494753,0.00620593420053656,1.0001382400860657,0.22244928958448204,0.02702702702702703,0.6262362599372864,1.5513864755630493,0.2551563084125519,0.005445575341582298,0.01632784679532051,1.5459409952163696,0.2533279359340668,0.9959051012992859,0.0001,-0.30205807089805603,-0.30762821435928345,-0.20564532279968262,-0.20531895756721497,-0.2055845856666565,0.3059161603450775,-0.30273064970970154,-0.3047194480895996,-0.19838301837444305,-0.20253562927246094,-0.2050648182630539,0.017926130443811417,0.1245424747467041,0.01798621006309986,0.12197010219097137
33,320,329,10,10,2158,2158,0,0.0,2158,0,0.0,0,21.090575999987777,7.6619464994291775,12.543096800101921,1.855569699255284,29.861835499992594,42.35324563589755,quality,not_promoted,-0.00021706335246562958,0.00021197152294489033,0.5970053506248137,-0.006081130020046497,0.0007284740953336415,0.004365808823529412,1.0006812355097603,0.2887123458306579,0.11764705882352941,0.7549583315849304,1.5313353538513184,0.2671859562397003,0.0037504304200410843,0.016093896701931953,1.5275847911834717,0.2661752998828888,0.9963717460632324,0.0001,-0.30221354961395264,-0.3080006241798401,-0.20582976937294006,-0.2055681198835373,-0.2058296948671341,0.30634805560112,-0.3029237985610962,-0.30490735173225403,-0.1986187994480133,-0.2027321308851242,-0.20523503422737122,0.01798347197473049,0.12479381263256073,0.01798621006309986,0.12201961129903793
34,330,339,10,10,1950,1950,0,0.0,1950,0,0.0,0,9.112400700047147,6.865876000316348,1.4201662000268698,1.6726275994442403,26.579858999990392,54.63369415072224,quality,not_promoted,-0.005640579883249537,0.0001306092125296052,0.5983645728518886,-0.0115589207158454,0.001711762547265314,0.017926747339867776,1.0004755460446881,0.2752744437706086,0.14516129032258066,0.7651125192642212,1.464269995689392,0.2629428803920746,0.0016857909504324198,0.01209318358451128,1.462584137916565,0.2625175416469574,0.9978847503662109,0.0001,-0.3023862838745117,-0.3084067404270172,-0.20587998628616333,-0.20584654808044434,-0.206008180975914,0.3067515194416046,-0.30279892683029175,-0.3051348626613617,-0.19867408275604248,-0.20271623134613037,-0.20560379326343536,0.018016520887613297,0.12500758469104767,0.01798621006309986,0.12219297140836716
35,340,349,10,10,2237,2237,0,0.0,2237,0,0.0,0,10.639146100031212,8.052315300155897,1.5588997999439016,1.9461394009413198,31.719130699988455,52.81140237505982,quality,not_promoted,-0.0023954423676644052,0.00011091456705928847,0.5578866941588265,-0.007918852075402225,0.00409875022846141,0.05788934422390801,1.001125454902649,0.25111710290823663,0.05714285714285714,0.7473260164260864,1.4757376909255981,0.26399490237236023,0.0006584999500773847,0.010779798962175846,1.4750791788101196,0.26434019207954407,0.9983326196670532,0.0001,-0.3024250864982605,-0.308814138174057,-0.20602326095104218,-0.2061246931552887,-0.20630504190921783,0.3071036636829376,-0.30350369215011597,-0.3057052791118622,-0.1984615921974182,-0.20326431095600128,-0.20617425441741943,0.01800195686519146,0.12516631186008453,0.01798621006309986,0.12274380028247833
36,350,359,10,10,2412,2412,0,0.0,2412,0,0.0,0,11.941334199975245,8.918798099970445,1.3999284000019543,2.0224438002333045,34.27766319998773,52.18633323279168,quality,not_promoted,-0.0018290572334080935,0.00010894020215346245,0.5007359389411775,-0.006781946254992171,0.0019431870505765179,0.023942135176376292,1.0011423771318637,0.28679105698278073,0.11842105263157894,1.3305422067642212,1.4796324968338013,0.26023921370506287,0.0006111312541179359,0.010124093852937222,1.4790211915969849,0.25884518027305603,0.9984865784645081,0.0001,-0.3019196093082428,-0.3090113401412964,-0.20626872777938843,-0.20626692473888397,-0.2064342498779297,0.3067857325077057,-0.3044552803039551,-0.30603015422821045,-0.19801974296569824,-0.20395705103874207,-0.20671440660953522,0.017982538789510727,0.1251717358827591,0.01798621006309986,0.12352099269628525
37,360,369,10,10,2207,2207,0,0.0,2207,0,0.0,0,10.628803100029472,7.965645800228231,1.7645289999782108,1.8209529008017853,31.55180489999475,52.3226218076025,quality,not_promoted,-3.813010241304125e-05,0.00010339760130071747,0.5113882124423981,-0.005100312652731581,0.0019783940436484825,0.023675115193639483,1.000225978238242,0.2546648367175034,0.1,0.9521062970161438,1.5032782554626465,0.2617845833301544,0.0006718049990013242,0.010588292963802814,1.5026065111160278,0.25982484221458435,0.9983640909194946,0.0001,-0.3020480275154114,-0.3094978928565979,-0.20653410255908966,-0.2066093385219574,-0.20680122077465057,0.30726373195648193,-0.30427634716033936,-0.3056620955467224,-0.19817744195461273,-0.2037859410047531,-0.20682157576084137,0.018007947131991386,0.1254282146692276,0.01798621006309986,0.12337329238653183
38,370,379,10,10,2243,2243,0,0.0,2243,0,0.0,0,10.765838099992834,8.03939780080691,2.1226726000895724,1.7999455970712006,31.824568499985617,52.66444204364874,quality,not_promoted,-0.0016646792775847847,9.809348874670023e-05,0.46136051913102466,-0.006229237763262872,0.0008236109559334182,0.009548611111111112,0.9992821233140098,0.297716795725541,0.06944444444444445,4.695630073547363,1.5185060501098633,0.2512553930282593,0.0012418437981978059,0.01036234013736248,1.5172641277313232,0.24935106933116913,0.9982990622520447,5e-05,-0.30227044224739075,-0.30962657928466797,-0.20666438341140747,-0.20670010149478912,-0.20695623755455017,0.3074031174182892,-0.30436843633651733,-0.30575495958328247,-0.19814787805080414,-0.20381546020507812,-0.2070082426071167,0.01800595037639141,0.12557965517044067,0.01798621006309986,0.12349871546030045
39,380,389,10,10,2066,2066,0,0.0,2066,0,0.0,0,9.555083000042941,7.165457999450155,1.6945737000205554,1.5740146978059784,28.208709600032307,54.708488151051945,quality,not_promoted,0.0007771625550407352,9.476264505902884e-05,0.44893667643720453,-0.0036648229455970454,0.0010716263592864077,0.013862584181355707,1.0000618398189545,0.1872018656947396,0.030303030303030304,0.522408664226532,1.4956786632537842,0.2667635679244995,0.0004294870013836771,0.010104736313223839,1.4952490329742432,0.26439014077186584,0.9985651969909668,5e-05,-0.3024410903453827,-0.3097810745239258,-0.2068018764257431,-0.20680905878543854,-0.20706942677497864,0.30756959319114685,-0.30443519353866577,-0.30586838722229004,-0.19813241064548492,-0.20385456085205078,-0.20722819864749908,0.018010331317782402,0.1256062239408493,0.01798621006309986,0.12362994253635406
40,390,399,10,10,1866,1866,0,0.0,1866,0,0.0,0,8.569792099995539,6.394828499003779,1.473521800013259,1.440947798313573,24.848015499999747,55.838492528763716,quality,not_promoted,0.007029904487232367,7.225983548172128e-05,0.44884939044713973,0.002577541035134345,0.00048160298077467206,0.0067708333333333336,1.000588271021843,0.24781239250053963,0.06666666666666667,2.652305841445923,1.4937405586242676,0.2680293917655945,0.00013317538832779974,0.008913620375096798,1.4936072826385498,0.26855918765068054,0.9988940358161926,5e-05,-0.302314817905426,-0.3098459839820862,-0.20683901011943817,-0.20685656368732452,-0.20712023973464966,0.30746179819107056,-0.30459925532341003,-0.3060370087623596,-0.1981676071882248,-0.20396341383457184,-0.2074388563632965,0.01802079565823078,0.12563098967075348,0.01798621006309986,0.12377964705228806
41,400,409,10,10,2011,2011,0,0.0,2011,0,0.0,0,9.461599199974444,7.25008940056432,1.3533239000826143,1.488618501869496,27.036768599995412,55.09835428864468,quality,not_promoted,0.0014574130982509814,6.806524112334955e-05,0.4559125090017915,-0.0030676788519485854,0.00020031638255346707,0.0,1.0003383439034224,0.22324075642973185,0.046875,0.7365918755531311,1.4871770143508911,0.27372968196868896,-3.31386509060394e-05,0.009221226908266544,1.4872101545333862,0.2730869948863983,0.9988651871681213,5e-05,-0.3024044930934906,-0.3101269006729126,-0.20691561698913574,-0.207060307264328,-0.2073056995868683,0.3076804280281067,-0.30462899804115295,-0.3061843812465668,-0.19803571701049805,-0.20398393273353577,-0.20769160985946655,0.018019692972302437,0.1257537454366684,0.01798621006309986,0.1238991990685463
42,410,419,10,10,1756,1756,0,0.0,1756,0,0.0,0,8.06894009996904,5.925888399535324,1.5910618000198156,1.3673772017355077,21.574954500014428,59.23648102570771,quality,not_promoted,-0.003965889353172055,8.492153327616896e-05,0.4564294437212603,-0.008487721838589226,5.6635220192090075e-05,0.0,1.0000130640608924,0.20249802013859153,0.07142857142857142,0.6150328516960144,1.475688099861145,0.28682392835617065,-0.0016258037649095058,0.00933253113180399,1.4773141145706177,0.2865223288536072,0.9989413022994995,5e-05,-0.3025919198989868,-0.31035229563713074,-0.2071121335029602,-0.20721784234046936,-0.2074613720178604,0.30793020129203796,-0.30471473932266235,-0.30640849471092224,-0.19804747402668,-0.20400147140026093,-0.2080494910478592,0.018020322546362877,0.12590041756629944,0.01798621006309986,0.12418630719184875
43,420,429,10,10,1919,1919,0,0.0,1919,0,0.0,0,8.861595000023954,6.7388368001556955,1.5293112001381814,1.4340853987960145,25.041835899988655,56.601941132727255,quality,not_promoted,-0.0002833460147182147,7.266437138847929e-05,0.45031467974185946,-0.004750160810848077,0.0005729325785068795,0.005216600559651852,0.9989652375380198,0.2091128258034587,0.05,0.7219253182411194,1.4621375799179077,0.2708306908607483,0.0005648795631714165,0.009305976331233978,1.4615726470947266,0.2733665406703949,0.9988193511962891,5e-05,-0.3025890588760376,-0.3106992542743683,-0.20725153386592865,-0.20746277272701263,-0.2077101767063141,0.3081135153770447,-0.304835706949234,-0.306708425283432,-0.19798308610916138,-0.20409132540225983,-0.20835943520069122,0.018025655299425125,0.12609387934207916,0.01798621006309986,0.12433075904846191
44,430,439,10,10,1819,1819,0,0.0,1819,0,0.0,0,8.003431999997701,6.048587600002065,1.5986973000108264,1.4809910981566645,24.02216509997379,56.79831649420267,quality,not_promoted,-0.0009514880687769117,7.67740466158259e-05,0.4453014351170638,-0.005366115401306286,0.0006278162864277717,0.0020853288728615335,1.0005531979018245,0.16412867104698872,0.0,0.42146843671798706,1.4747605323791504,0.281493216753006,-1.0841720722964965e-05,0.009026884101331234,1.4747711420059204,0.2829252779483795,0.9989716410636902,5e-05,-0.3026171326637268,-0.310629665851593,-0.20731258392333984,-0.20738670229911804,-0.20766989886760712,0.30815234780311584,-0.30513495206832886,-0.3069971203804016,-0.19799461960792542,-0.2043071836233139,-0.20863273739814758,0.018029378727078438,0.12602166831493378,0.01798621006309986,0.12449830025434494
45,440,449,10,10,1987,1987,0,0.0,1987,0,0.0,0,9.414525799977127,6.835696200199891,1.5749253000249155,1.5375875015743077,26.918698899971787,54.68823690738339,quality,not_promoted,0.003573511872673407,7.47012275041925e-05,0.4354534433223307,-0.0007436718005919829,5.235454590568622e-05,0.0,1.0003982838243246,0.19350815837970003,0.015625,0.5080060958862305,1.4923827648162842,0.2676398754119873,0.0006744629936292768,0.008719736710190773,1.4917082786560059,0.26845628023147583,0.9989385604858398,5e-05,-0.30277302861213684,-0.31043389439582825,-0.20721232891082764,-0.20724889636039734,-0.20751619338989258,0.30810633301734924,-0.3052622377872467,-0.30715203285217285,-0.19799193739891052,-0.20442643761634827,-0.20890484750270844,0.018034664914011955,0.12586885690689087,0.01798621006309986,0.12453710287809372
46,450,459,10,10,2231,2231,0,0.0,2231,0,0.0,0,10.66936469997745,8.089863599801902,1.7029920998611487,1.6819060001289472,30.733458400005475,53.88521441188681,quality,not_promoted,-0.001059051722820316,9.896057895925229e-05,0.4680033475160599,-0.005689604227830256,0.0008150423560956759,0.00625,0.9984070411750249,0.15746726947171347,0.02857142857142857,0.5760880708694458,1.5265512466430664,0.2692332863807678,0.0012058776337653399,0.010232762433588505,1.5253454446792603,0.27283012866973877,0.9985554814338684,5e-05,-0.3028208911418915,-0.3106517195701599,-0.2074148952960968,-0.20739927887916565,-0.207656130194664,0.3081926703453064,-0.30565276741981506,-0.30756130814552307,-0.19822344183921814,-0.20476031303405762,-0.20931896567344666,0.01802789606153965,0.12599064409732819,0.01798621006309986,0.12481315433979034
47,460,469,10,10,2602,2602,0,0.0,2602,0,0.0,0,12.894940000027418,9.627968299842905,2.6771758001414128,1.9102559989551082,36.69907119998243,52.46601226721269,quality,not_promoted,-0.0004688630834585283,8.303016493744331e-05,0.4231780454879854,-0.004659128111287407,0.0007290198501744648,0.009345964006170994,1.0008757426971342,0.2242483425794578,0.08536585365853659,0.7809596657752991,1.5753687620162964,0.2569214105606079,-0.00027864979347214103,0.009491613134741783,1.575646996498108,0.25718578696250916,0.9986351728439331,5e-05,-0.3026750683784485,-0.31077057123184204,-0.2074379026889801,-0.20747993886470795,-0.20774994790554047,0.30805766582489014,-0.3061521053314209,-0.308021605014801,-0.19840256869792938,-0.20503759384155273,-0.20975404977798462,0.018036065623164177,0.1260635405778885,0.01798621006309986,0.12497931718826294
48,470,479,10,10,2628,2628,0,0.0,2628,0,0.0,0,14.691788900003303,10.148009000113234,1.7811434000032023,2.0386767993913963,36.614388999994844,51.221901680578995,quality,not_promoted,0.021478195918635243,7.243102676771482e-05,0.34216018588770003,0.018092809807664405,0.00026318383780086325,0.0009300595238095238,1.0011271075123833,0.15557011948632343,0.05952380952380952,0.7797614932060242,1.5273196697235107,0.24260777235031128,0.00055648572742939,0.00868972111493349,1.5267632007598877,0.24280475080013275,0.9987170696258545,5e-05,-0.30263614654541016,-0.31096649169921875,-0.2075476348400116,-0.20761288702487946,-0.20787954330444336,0.3080803155899048,-0.30627158284187317,-0.3082564175128937,-0.19844157993793488,-0.20511609315872192,-0.2099757343530655,0.018041130155324936,0.12616589665412903,0.01798621006309986,0.1251523643732071
49,480,489,10,10,2322,2322,0,0.0,2322,0,0.0,0,11.346752600045875,8.512187299667858,1.6263403000193648,1.7241091009927914,32.245194599963725,53.2667189503177,quality,not_promoted,0.0030620010519349897,8.348689034637819e-05,0.411988270443839,-0.0010161376935807435,0.0004088261081493771,0.002533783783783784,0.999950731122816,0.20143063527506752,0.05405405405405406,0.6584969758987427,1.5484853982925415,0.2712414860725403,0.0005948441103100777,0.009120704606175423,1.547890543937683,0.2708832323551178,0.9988692998886108,5e-05,-0.3026714324951172,-0.3112325966358185,-0.20770929753780365,-0.2077990472316742,-0.20808611810207367,0.30834531784057617,-0.30654439330101013,-0.30844470858573914,-0.19834744930267334,-0.2053181380033493,-0.21023863554000854,0.01805601455271244,0.12635721266269684,0.01798621006309986,0.12533608078956604
50,490,499,10,10,1951,1951,0,0.0,1951,0,0.0,0,8.976599300047383,6.798380700347479,1.5930953999632038,1.4965072008199058,26.012554200016893,55.7601372092759,quality,not_promoted,-0.00060977675621548,9.13401273728889e-05,0.4786606325257209,-0.005350713625610355,0.0006897162745571545,0.011356984896044578,1.0010776529389043,0.23873959998449973,0.06451612903225806,0.6349692940711975,1.492189884185791,0.2773214876651764,0.0009257632191292942,0.009351955726742744,1.49126398563385,0.27719569206237793,0.9988628029823303,5e-05,-0.30271413922309875,-0.3112778067588806,-0.20775564014911652,-0.20784461498260498,-0.2081369012594223,0.30841177701950073,-0.3067115545272827,-0.3086513578891754,-0.19826653599739075,-0.20545212924480438,-0.21055079996585846,0.01809420995414257,0.12645624577999115,0.01798621006309986,0.12547025084495544
51,500,509,10,10,6350,6350,0,0.0,6350,0,0.0,0,51.75969650002662,30.4704846990644,1.3135602999827825,11.27280870260438,86.97531350003555,45.77071065189064,quality,not_promoted,0.00022651686798781157,0.018008116636774502,0.12001447913236916,0.008030430467333644,0.00027952597838293514,0.000234375,0.9999933889508248,0.3755663667526096,0.265,1.3399707078933716,1.6371620893478394,0.20088377594947815,-0.011257512494921684,0.13221751153469086,1.6484198570251465,0.15735197067260742,0.5668002367019653,5e-05,-0.30274102091789246,-0.3113206923007965,-0.2077825963497162,-0.20787712931632996,-0.2081669718027115,0.3084518313407898,-0.3067466616630554,-0.3086859881877899,-0.19822673499584198,-0.20547765493392944,-0.21060645580291748,0.018101170659065247,0.12648023664951324,0.01798621006309986,0.12545888125896454
52,510,519,10,10,2075,2075,0,0.0,2075,0,0.0,0,9.59594939998351,7.351048299926333,1.4694415000849403,1.5329789988463745,28.87848659994779,53.93191468755266,quality,not_promoted,0.002692020244219086,0.0002969824459851776,0.4654266838774537,-0.0018137550108473408,0.0001001115809947695,0.0,1.0002020100752513,0.19793416604851233,0.015151515151515152,0.5112185478210449,1.471215844154358,0.2502737045288086,0.006100782658904791,0.015581896528601646,1.4651150703430176,0.25882411003112793,0.9961237907409668,5e-05,-0.302779883146286,-0.31146445870399475,-0.2078322321176529,-0.2079687863588333,-0.20829720795154572,0.30857959389686584,-0.3066694438457489,-0.3088076710700989,-0.19810131192207336,-0.20543105900287628,-0.2107315957546234,0.018101317808032036,0.12654730677604675,0.01798621006309986,0.12543220818042755
53,520,529,10,10,1968,1968,0,0.0,1968,0,0.0,0,9.242659899988212,6.8242040001787245,1.5444041000446305,1.4492855001008138,25.93755459995009,55.94053441611197,quality,not_promoted,-0.0022720964024624517,9.645630164032486e-05,0.43086907267570496,-0.0065325595844056335,0.0006413253811901555,0.0052083333533617755,1.0006745842195326,0.16898903376873461,0.03225806451612903,0.6089659333229065,1.417568564414978,0.25756970047950745,0.005287372972816229,0.010728270746767521,1.4122811555862427,0.2614123225212097,0.9982651472091675,2.5e-05,-0.3029871881008148,-0.31163763999938965,-0.20789866149425507,-0.208087757229805,-0.20838797092437744,0.30876702070236206,-0.3065820336341858,-0.3087027668952942,-0.1980631947517395,-0.2053697109222412,-0.21079568564891815,0.018104666844010353,0.1266023963689804,0.01798621006309986,0.1254502832889557
54,530,539,10,10,6389,6389,0,0.0,6389,0,0.0,0,49.89598450000631,30.537776398123242,1.4369209000724368,8.379164199985098,87.3716164000216,46.54412226999664,quality,not_promoted,-0.00011818472761660814,0.010273536145650724,0.12490722842514515,0.003769511196296662,1.7808797838370084e-05,0.0,1.0001302042603493,0.16103811748791486,0.015,0.6137998104095459,1.4688156843185425,0.2120802402496338,-0.007786149624735117,0.10296984016895294,1.4766020774841309,0.177853524684906,0.7642673850059509,2.5e-05,-0.3029945194721222,-0.31164658069610596,-0.20790733397006989,-0.20809374749660492,-0.20838892459869385,0.30877602100372314,-0.3065634071826935,-0.3086947202682495,-0.19805556535720825,-0.20535661280155182,-0.21083690226078033,0.01810634508728981,0.12660866975784302,0.01798621006309986,0.12545394897460938
55,540,549,10,10,2371,2371,0,0.0,2371,0,0.0,0,11.891988999966998,8.483453699562233,2.960359600081574,1.6921304984134622,33.10482399998,52.69262069744346,quality,not_promoted,-0.00522957873334618,0.00012890619694572755,0.3956453380616088,-0.009121579105818742,0.0002766656996180628,0.0006167763157894736,0.99957180807465,0.19710749265198646,0.05263157894736842,0.7395857572555542,1.4777594804763794,0.24215571582317352,0.0044356235302984715,0.011607893742620945,1.4733240604400635,0.24327009916305542,0.9977021813392639,2.5e-05,-0.3029988706111908,-0.3117627501487732,-0.20798112452030182,-0.20817692577838898,-0.20849578082561493,0.308890163898468,-0.30659720301628113,-0.3087312877178192,-0.19799202680587769,-0.20534010231494904,-0.2110244184732437,0.01811092719435692,0.12670458853244781,0.01798621006309986,0.12556025385856628
56,550,559,10,10,1937,1937,0,0.0,1937,0,0.0,0,9.21417469996959,6.886544700188097,1.3380372000392526,1.478020899288822,25.81681899999967,55.29389250530166,quality,not_promoted,-0.0003116246042472701,7.754275060095449e-05,0.41745898319828895,-0.004447442712262273,0.0006730636586355338,0.010584677419354838,1.0003173716606633,0.1538134185116618,0.03225806451612903,0.6031286716461182,1.4681488275527954,0.24987207353115082,0.005153427366167307,0.008689751848578453,1.4629952907562256,0.2495766282081604,0.9987905621528625,2.5e-05,-0.30305564403533936,-0.3118641674518585,-0.20800155401229858,-0.2082500159740448,-0.2085774540901184,0.30899396538734436,-0.30670925974845886,-0.3088071048259735,-0.19786286354064941,-0.20541779696941376,-0.2111734002828598,0.01811039447784424,0.126768097281456,0.01798621006309986,0.12560811638832092
57,560,569,10,10,2245,2245,0,0.0,2245,0,0.0,0,10.752688499982469,7.851546499878168,1.9956379000213929,1.6016650003148243,31.24809449998429,53.45138446589857,quality,not_promoted,-0.006520003778859973,0.00011003332075334684,0.38985524740484023,-0.010363538484347777,1.3886600370543394e-05,0.0,0.999975243376361,0.13648782980938753,0.0,0.482389360666275,1.4852651357650757,0.25568923354148865,0.004717390052974224,0.010875835083425045,1.4805477857589722,0.2544838786125183,0.9981907606124878,2.5e-05,-0.3030470609664917,-0.31212782859802246,-0.20821526646614075,-0.2084331065416336,-0.208759605884552,0.30918508768081665,-0.30686017870903015,-0.3090829849243164,-0.19784073531627655,-0.205525204539299,-0.21133668720722198,0.018108375370502472,0.12688302993774414,0.01798621006309986,0.12569549679756165
58,570,579,10,10,3026,3026,0,0.0,3026,0,0.0,0,16.84133149997797,11.862712699745316,2.9687225001398474,2.231349699664861,43.297964000026695,50.31651892230373,quality,not_promoted,-0.0012293410254642367,9.294377783438297e-05,0.2988125489403804,-0.004170994281594176,0.00030379531866249937,0.0017903645833333333,0.999706810961167,0.14529198681702837,0.0,0.44916123151779175,1.4628480672836304,0.2441752552986145,0.0028092439752072096,0.010013592429459095,1.460038661956787,0.24290060997009277,0.9983181953430176,2.5e-05,-0.3032059967517853,-0.3121349811553955,-0.20827172696590424,-0.2084367722272873,-0.20876823365688324,0.30930593609809875,-0.30698341131210327,-0.30926457047462463,-0.1977548897266388,-0.20563457906246185,-0.2114751785993576,0.018109947443008423,0.1268807351589203,0.01798621006309986,0.12578406929969788
59,580,589,10,10,2202,2202,0,0.0,2202,0,0.0,0,11.241651499993168,7.885997199860867,2.8316584999556653,1.5236671019811183,30.98294519999763,52.14969880341047,quality,not_promoted,-0.0017795261527810777,8.923621472994065e-05,0.3912258844290461,-0.00564716565755329,2.00879693823351e-05,0.0,1.0000343595232282,0.12814691665449313,0.014285714285714285,0.5639569163322449,1.5171376466751099,0.2607600688934326,0.003613918088376522,0.010354758240282536,1.5135236978530884,0.25735223293304443,0.9984230995178223,2.5e-05,-0.3032839298248291,-0.31206387281417847,-0.2082214057445526,-0.20838487148284912,-0.20872826874256134,0.30924901366233826,-0.3069992959499359,-0.30932992696762085,-0.19763462245464325,-0.2056434452533722,-0.21155332028865814,0.0181039497256279,0.12688235938549042,0.01798621006309986,0.1257656216621399
60,590,599,10,10,2105,2105,0,0.0,2105,0,0.0,0,10.048477499978617,7.695499601308256,1.8157689999789,1.4389535018708557,29.39640149998013,53.36560925949859,quality,not_promoted,-0.0004979807770613468,8.810956993935785e-05,0.4070934255917867,-0.004524861010863926,0.00014486425993020407,0.0010051169630252953,1.000177657062357,0.166438928438407,0.045454545454545456,0.7652092576026917,1.486301064491272,0.2582950294017792,0.001967258285731077,0.010143622756004333,1.4843339920043945,0.25538966059684753,0.9984577298164368,2.5e-05,-0.303205281496048,-0.31231918931007385,-0.20835696160793304,-0.20855864882469177,-0.20890188217163086,0.30935460329055786,-0.30719614028930664,-0.30954670906066895,-0.19755542278289795,-0.2057764232158661,-0.2117130011320114,0.018100013956427574,0.12695403397083282,0.01798621006309986,0.12581473588943481
61,600,609,10,10,2875,2875,0,0.0,2875,0,0.0,0,14.850465300027281,10.678013700351585,2.4139311999897473,2.037315600377042,41.00696999998763,51.47031875985957,quality,not_promoted,-0.0006231138430949714,9.663327740175495e-05,0.30688002357880273,-0.0036435970726112527,0.0003061292615408699,0.0022569444444444442,0.9998350156678094,0.13408437400228448,0.0,0.44995588064193726,1.5499259233474731,0.24284681677818298,0.0007796773570589721,0.01075924001634121,1.5491464138031006,0.2399497628211975,0.9980370998382568,2.5e-05,-0.3031352162361145,-0.3123375177383423,-0.20837560296058655,-0.2085718959569931,-0.20891974866390228,0.3093673884868622,-0.30721259117126465,-0.3097083270549774,-0.1975441873073578,-0.20577935874462128,-0.2118147909641266,0.018112143501639366,0.12698087096214294,0.01798621006309986,0.12588824331760406
62,610,619,10,10,2130,2130,0,0.0,2130,0,0.0,0,10.17275069997413,7.413218000379857,1.8108100999961607,1.5387579980888404,28.534609900030773,55.028293507559134,quality,not_promoted,0.0039868522572385915,7.649651048696422e-05,0.3683002442121506,0.00034209802363287,0.00032809275538003184,0.004825367647058824,1.0008485711672728,0.12776102153036525,0.0,0.44041934609413147,1.5506794452667236,0.2615891993045807,0.0010059111518785357,0.009905426762998104,1.5496734380722046,0.2581827938556671,0.9985661506652832,2.5e-05,-0.3030836880207062,-0.3124009668827057,-0.20841829478740692,-0.20861493051052094,-0.20897266268730164,0.3093710243701935,-0.3073466122150421,-0.3098776638507843,-0.19753818213939667,-0.20588073134422302,-0.211968332529068,0.01812099665403366,0.12698715925216675,0.01798621006309986,0.1259264349937439
63,620,629,10,10,2262,2262,0,0.0,2262,0,0.0,0,10.394764199969359,8.060376099601854,1.7573424000293016,1.6146691990434192,31.00367710000137,54.63973833240914,quality,not_promoted,-0.0011627428854505222,7.111026570782997e-05,0.3613606131532126,-0.00474079349078238,0.0004071987900210337,0.005405618705683284,1.0006400702728167,0.12280691259851058,0.013888888888888888,0.573295533657074,1.517159104347229,0.27298176288604736,0.0013104293029755354,0.008930972777307034,1.5158486366271973,0.272094190120697,0.9989296197891235,2.5e-05,-0.3032221496105194,-0.3125900328159332,-0.20851649343967438,-0.2087458223104477,-0.20909333229064941,0.3096132278442383,-0.30741873383522034,-0.3100656569004059,-0.1976144015789032,-0.20594538748264313,-0.2121337503194809,0.0181292612105608,0.1270955353975296,0.01798621006309986,0.1258765161037445
64,630,639,10,10,2005,2005,0,0.0,2005,0,0.0,0,9.269248199998401,6.984461799438577,1.5933566000312567,1.5261507997638546,26.375937099976,56.24883089053376,quality,not_promoted,-0.002045656699920073,7.162122216186617e-05,0.3714174353517592,-0.005724020054913126,9.209297019197038e-06,0.0,0.9999360712245107,0.1511350251676049,0.015625,1.0005987882614136,1.5367447137832642,0.2994653880596161,-0.0002507622120901942,0.009052141569554806,1.5369956493377686,0.29810768365859985,0.9990862607955933,2.5e-05,-0.3032890558242798,-0.31269609928131104,-0.20857186615467072,-0.20882201194763184,-0.2091597616672516,0.30971628427505493,-0.307591050863266,-0.3102220296859741,-0.19751429557800293,-0.20606212317943573,-0.21223761141300201,0.018127966672182083,0.12711799144744873,0.01798621006309986,0.12593181431293488
65,640,649,10,10,2571,2571,0,0.0,2571,0,0.0,0,12.976085399976,9.409260299697053,2.0513782998896204,1.8643869997467846,36.55219139996916,51.909740578796935,quality,not_promoted,-0.001965996673012652,7.049692874538667e-05,0.3270950148381838,-0.005201698516540956,0.00024054188267333613,0.0026676829268292685,0.9999054481343526,0.1168094012295691,0.012195121951219513,1.3578201532363892,1.553440809249878,0.25491321086883545,-0.0006308798911049962,0.008600832894444466,1.5540715456008911,0.2542596459388733,0.9988616108894348,2.5e-05,-0.30331951379776,-0.31282392144203186,-0.20862169563770294,-0.2089071124792099,-0.20925617218017578,0.3098265826702118,-0.30764779448509216,-0.3103315830230713,-0.1973760724067688,-0.20609746873378754,-0.21241746842861176,0.018134983256459236,0.12720347940921783,0.01798621006309986,0.12597543001174927
66,650,659,10,10,1837,1837,0,0.0,1837,0,0.0,0,8.390206000010949,6.350134999491274,1.5042529999627732,1.2937974001397379,23.53725380002288,57.53667881833974,quality,not_promoted,-0.001415693000408596,6.98333042864447e-05,0.3489541395984847,-0.004870316378997061,0.00015271829159183684,0.0016163793103448276,0.9998971038851244,0.1099805655600182,0.0,0.3824038505554199,1.4609503746032715,0.2741210460662842,-0.0004941515508107841,0.008732966147363186,1.4614444971084595,0.27508851885795593,0.9989850521087646,2.5e-05,-0.3032979667186737,-0.31283295154571533,-0.20858730375766754,-0.20891249179840088,-0.20926418900489807,0.3098125457763672,-0.30762040615081787,-0.3103368580341339,-0.19727106392383575,-0.20607826113700867,-0.21248339116573334,0.018139898777008057,0.12719464302062988,0.01798621006309986,0.12600278854370117
67,660,669,10,10,2527,2527,0,0.0,2527,0,0.0,0,12.289308300008997,9.446030299644917,2.214790099998936,1.6462274992954917,37.411429699976,50.84431543050252,quality,not_promoted,-0.00273747940082103,6.939926643099171e-05,0.3206023219972849,-0.005908802937483415,7.540254430296044e-05,0.0,1.0000188425183296,0.12396042861510068,0.0,0.4209447205066681,1.5402430295944214,0.26783376932144165,0.0016044002259150147,0.008829252794384956,1.5386385917663574,0.2682974338531494,0.9989132881164551,2.5e-05,-0.3033519983291626,-0.3129092752933502,-0.2086523324251175,-0.20896689593791962,-0.20934218168258667,0.3099079132080078,-0.307759165763855,-0.31044790148735046,-0.19715331494808197,-0.20616008341312408,-0.2126363068819046,0.01813904568552971,0.127232164144516,0.01798621006309986,0.12606345117092133
68,670,679,10,10,2065,2065,0,0.0,2065,0,0.0,0,9.526329400017858,7.247940100089181,1.3777939000283368,1.4359192004194483,28.56016770005226,54.21869053944051,quality,not_promoted,-0.004546954367084034,6.083093246684946e-05,0.3487521143573703,-0.008004059828112297,9.786660049223539e-05,0.0,1.0002011765133252,0.10582493025470864,0.0,0.3054596483707428,1.5267696380615234,0.27247780561447144,0.00019817744032479823,0.00816291756927967,1.52657151222229,0.2707555294036865,0.9991025328636169,2.5e-05,-0.30350401997566223,-0.3129958510398865,-0.20871534943580627,-0.20902885496616364,-0.20943745970726013,0.31008532643318176,-0.30785462260246277,-0.3104756474494934,-0.1971554309129715,-0.20622441172599792,-0.2126787155866623,0.018141139298677444,0.1272723525762558,0.01798621006309986,0.1261104941368103
69,680,689,10,10,1881,1881,0,0.0,1881,0,0.0,0,8.812599199998658,6.640273399476428,1.4097571999882348,1.3331680988776498,25.112433700007387,55.445782633262084,quality,not_promoted,0.002097634272649884,6.87046676830505e-05,0.3639373240371545,-0.001507386122830212,0.00018648001132532955,0.0048333333184321725,1.0001389215389886,0.08123298417776822,0.0,0.387190580368042,1.5062228441238403,0.2760428786277771,-0.0016125141410157084,0.008605229668319225,1.5078353881835938,0.2738957703113556,0.999028205871582,2.5e-05,-0.303528368473053,-0.31310033798217773,-0.2087373286485672,-0.20910236239433289,-0.2094983011484146,0.3101896047592163,-0.3079627752304077,-0.3105422258377075,-0.19715654850006104,-0.20630522072315216,-0.21277683973312378,0.01814381219446659,0.1273210197687149,0.01798621006309986,0.12613990902900696
70,690,699,10,10,2082,2082,0,0.0,2082,0,0.0,0,9.7828289999743,7.388373999448959,1.7544903999078088,1.3721673994441517,27.369332299975213,56.039808375908116,quality,not_promoted,-0.00025080464723886865,5.915532346989494e-05,0.3053876696662469,-0.0032751039940525184,7.762413064015026e-05,0.0,1.0000595224626136,0.09209505048100695,0.0,0.4562419056892395,1.5034180879592896,0.2772557735443115,-0.0006061954773031175,0.008061252534389496,1.5040243864059448,0.27875328063964844,0.9991546273231506,2.5e-05,-0.30352678894996643,-0.3132884204387665,-0.2088484913110733,-0.20923757553100586,-0.20962092280387878,0.31039145588874817,-0.30801618099212646,-0.31060075759887695,-0.19718779623508453,-0.2063559740781784,-0.2128046303987503,0.018147073686122894,0.1273706555366516,0.01798621006309986,0.12615716457366943
71,700,709,10,10,1763,1763,0,0.0,1763,0,0.0,0,8.747426500020083,6.377179298666306,1.2868328000186011,1.2971902991994284,23.118021800008137,55.326383090566424,quality,not_promoted,0.0003576607144038592,6.493231720534303e-05,0.311773936397263,-0.002727612981938624,4.0023905589643096e-05,0.0,0.9996398729937417,0.13143370616515831,0.0,0.4141310453414917,1.4818178415298462,0.27467647194862366,0.00026071243337355554,0.008153743110597134,1.481557011604309,0.27501022815704346,0.9991188049316406,2.5e-05,-0.30356431007385254,-0.3133441209793091,-0.2089419811964035,-0.20927740633487701,-0.2096520960330963,0.3104863166809082,-0.3080809414386749,-0.31059879064559937,-0.19719983637332916,-0.2064017355442047,-0.21290786564350128,0.01815187744796276,0.1274171620607376,0.01798621006309986,0.12619462609291077
72,710,719,10,10,2224,2224,0,0.0,2224,0,0.0,0,10.38863170001423,8.020560799865052,1.5792403001105413,1.5604041012120433,31.375006499991287,53.25206557314986,quality,not_promoted,-0.00044786248888288225,6.336981205095072e-05,0.31507737849439893,-0.0035669509787112476,3.4868199415021604e-05,0.0,0.9999721016202654,0.08631680708910738,0.0,0.3892227113246918,1.491347312927246,0.26571762561798096,7.714475941611454e-05,0.008391926996409893,1.4912701845169067,0.26672622561454773,0.9990025758743286,2.5e-05,-0.30360347032546997,-0.31335851550102234,-0.20904646813869476,-0.2092878669500351,-0.20966649055480957,0.31053879857063293,-0.3082461357116699,-0.3106681704521179,-0.19716745615005493,-0.2065175622701645,-0.21306775510311127,0.018155772238969803,0.12746155261993408,0.01798621006309986,0.12621541321277618
73,720,729,10,10,2473,2473,0,0.0,2473,0,0.0,0,18.74196519999532,8.883002199989278,9.834616399894003,1.7471623974852264,35.449163699988276,45.63477547338469,quality,not_promoted,0.0005048791615244669,7.723973944032482e-05,0.31455653027082103,-0.00260206666858628,4.211221059263036e-05,0.0,0.9998927941689124,0.14370998694824103,0.01282051282051282,0.500475287437439,1.5697343349456787,0.25963377952575684,-0.0001116909843403846,0.00920091848820448,1.5698460340499878,0.26020875573158264,0.9987441301345825,2.5e-05,-0.3036474585533142,-0.31334447860717773,-0.20908895134925842,-0.20927679538726807,-0.2096676379442215,0.31055426597595215,-0.3082890212535858,-0.31080442667007446,-0.19714826345443726,-0.2065732777118683,-0.21324697136878967,0.018158933147788048,0.12746299803256989,0.01798621006309986,0.12626120448112488
74,730,739,10,10,2397,2397,0,0.0,2397,0,0.0,0,11.638018999947235,8.733976600458845,1.9446952000143938,1.6999058001092635,34.50729209999554,51.944605916915634,quality,not_promoted,-0.00205088268328262,5.650844600256134e-05,0.31860167552766044,-0.005208645138497415,7.192649405103686e-06,0.0,0.9998680094355031,0.07532203138658874,0.0,0.45285120606422424,1.5611300468444824,0.26893937587738037,0.0008682796615175903,0.007910511456429958,1.560261845588684,0.2702818810939789,0.9991348385810852,2.5e-05,-0.3036976754665375,-0.3133639097213745,-0.2091132402420044,-0.2092909961938858,-0.20968948304653168,0.31059524416923523,-0.3083871901035309,-0.31096020340919495,-0.19712983071804047,-0.206650510430336,-0.2134162187576294,0.01815834268927574,0.1274765580892563,0.01798621006309986,0.12630809843540192
75,740,749,10,10,2282,2282,0,0.0,2282,0,0.0,0,11.158896300010383,8.122086400573608,2.292807199934032,1.567613500112202,32.15699000004679,52.682749792816495,quality,not_promoted,-0.001659188885241747,6.392644167539806e-05,0.3101614150736067,-0.004728840007576057,6.596946453403992e-05,0.0,0.9996661386556096,0.09150151672980024,0.0,0.42678913474082947,1.5116610527038574,0.26541727781295776,-0.00026672627427615225,0.008478794246912003,1.5119279623031616,0.26723986864089966,0.9989795088768005,2.5e-05,-0.30367717146873474,-0.3134739100933075,-0.20923489332199097,-0.20936906337738037,-0.2097843587398529,0.3106563687324524,-0.30851179361343384,-0.3110671937465668,-0.19701433181762695,-0.20673531293869019,-0.21357682347297668,0.018154287710785866,0.12752413749694824,0.01798621006309986,0.12635169923305511
76,750,759,10,10,2071,2071,0,0.0,2071,0,0.0,0,9.62154650001321,7.242310200119391,1.4943578001111746,1.477136798959691,28.631601099972613,54.139335713141875,quality,not_promoted,-0.0022052396935495462,6.895644610543086e-05,0.3082434069929701,-0.005253195014754028,3.4415620561820546e-05,0.0,0.9999091164632277,0.08196331125994523,0.0,0.281804621219635,1.4826403856277466,0.2679769694805145,0.00014320891932584345,0.008615768514573574,1.4824970960617065,0.26768746972084045,0.9989662766456604,2.5e-05,-0.30366450548171997,-0.3136133849620819,-0.20940668880939484,-0.20946954190731049,-0.20989029109477997,0.3107372224330902,-0.3086576461791992,-0.3112443685531616,-0.19697922468185425,-0.20683954656124115,-0.2137511670589447,0.01815483346581459,0.12757325172424316,0.01798621006309986,0.1263950616121292
77,760,769,10,10,1849,1849,0,0.0,1849,0,0.0,0,9.261636900017038,6.236017299292143,2.3941143000265583,1.3049691990599968,24.17400609998731,55.300267442135315,quality,not_promoted,0.00019981493723803553,7.680838311428269e-05,0.32796769332269143,-0.0030414576738558964,1.3901587067266519e-05,0.0,0.9999828924392832,0.07707884092012356,0.0,0.24003100395202637,1.4834016561508179,0.2742381989955902,0.0011658354196697474,0.009237567894160748,1.4822355508804321,0.27660608291625977,0.9988653659820557,2.5e-05,-0.3037056028842926,-0.31361889839172363,-0.20941011607646942,-0.20947273075580597,-0.20987805724143982,0.3107791244983673,-0.30863359570503235,-0.3113284111022949,-0.19699464738368988,-0.20682474970817566,-0.21387003362178802,0.018157994374632835,0.12755261361598969,0.01798621006309986,0.12643581628799438
78,770,779,10,10,2015,2015,0,0.0,2015,0,0.0,0,9.83809850004036,7.018903700110968,2.525829399994109,1.518396498868242,27.26214110001456,54.3123177025794,quality,not_promoted,-0.002148433413822204,6.928962267238603e-05,0.29872022732160985,-0.0051009903036174364,1.2393450489867064e-05,0.0,1.000164375640452,0.1331389248080086,0.015625,0.6389260292053223,1.494345784187317,0.2655826508998871,0.001353743951767683,0.008721848018467426,1.4929919242858887,0.26703712344169617,0.9989215135574341,2.5e-05,-0.3037620782852173,-0.3136695325374603,-0.2095056027173996,-0.20950953662395477,-0.20991995930671692,0.31079816818237305,-0.30877768993377686,-0.31144875288009644,-0.19691188633441925,-0.20691893994808197,-0.21399326622486115,0.018169742077589035,0.12755726277828217,0.01798621006309986,0.1265270709991455
79,780,789,10,10,2121,2121,0,0.0,2121,0,0.0,0,9.973639000032563,7.60656380065484,1.4699096999829635,1.441089398926124,29.506683100014925,53.72296595314375,quality,not_promoted,-0.006609539473977159,5.75986327663379e-05,0.3416948857552865,-0.009997689767795451,1.5513967075808003e-05,0.0,1.0000577709254097,0.11094656520906616,0.0,0.40005335211753845,1.5031121969223022,0.256888210773468,0.0002941731654573232,0.007942001335322857,1.502817988395691,0.257235050201416,0.9990441799163818,2.5e-05,-0.30391883850097656,-0.31372275948524475,-0.2095513790845871,-0.20954497158527374,-0.20996496081352234,0.3108745515346527,-0.308864563703537,-0.31171947717666626,-0.19675800204277039,-0.20695950090885162,-0.21417436003684998,0.01816919445991516,0.12759272754192352,0.01798621006309986,0.12656009197235107
80,790,799,10,10,2484,2484,0,0.0,2484,0,0.0,0,12.347618100000545,9.100652999884915,2.578714699950069,1.7556757029378787,36.57063869998092,50.778587842094595,quality,not_promoted,-0.00048384931272803206,7.253974698146638e-05,0.3245665811193295,-0.0036932454647448584,9.112597717685043e-06,0.0,0.9999926709211789,0.1090887571947697,0.0,0.413710355758667,1.559667706489563,0.2592991590499878,8.275241998489946e-05,0.009037149138748646,1.5595848560333252,0.2587263584136963,0.9987853169441223,2.5e-05,-0.30403512716293335,-0.31394287943840027,-0.20964860916137695,-0.20970124006271362,-0.2101120948791504,0.3110183775424957,-0.3089769184589386,-0.3119238018989563,-0.196784108877182,-0.20703858137130737,-0.21439030766487122,0.018165813758969307,0.12769006192684174,0.01798621006309986,0.1266203373670578
81,800,809,10,10,2278,2278,0,0.0,2278,0,0.0,0,11.812992100021802,8.4074451008928,2.462225799972657,1.5019400996388867,31.891043200041167,52.123333334318396,quality,not_promoted,-0.0008804769022390246,6.161755052542301e-05,0.306804904093345,-0.0039177168897974,3.742490542574867e-05,0.0,0.9998327386048105,0.11938309276269542,0.013888888888888888,0.5296274423599243,1.504904866218567,0.27044281363487244,-4.174545392743312e-05,0.008025468327105045,1.5049463510513306,0.2709524631500244,0.9991194009780884,2.5e-05,-0.3040553331375122,-0.3140038549900055,-0.20968829095363617,-0.20974192023277283,-0.21014370024204254,0.3110431134700775,-0.3090784251689911,-0.3120515048503876,-0.19673244655132294,-0.20710241794586182,-0.2145637422800064,0.018168114125728607,0.12772731482982635,0.01798621006309986,0.12664192914962769
82,810,819,10,10,2377,2377,0,0.0,2377,0,0.0,0,11.558356800000183,8.672445699572563,1.9387647000257857,1.6896409982582554,33.78811780002434,52.418628371139455,quality,not_promoted,0.005500067723914981,6.872921820008502e-05,0.3098079599440098,0.002436352670070176,1.612524311393091e-05,0.0,1.000126306947909,0.09460125245938175,0.0,0.45791417360305786,1.5187695026397705,0.25980672240257263,0.0006531989783979952,0.0086455587297678,1.5181162357330322,0.2600284516811371,0.9988926649093628,2.5e-05,-0.30407387018203735,-0.31412455439567566,-0.2097521275281906,-0.20982731878757477,-0.21022014319896698,0.31113967299461365,-0.30914250016212463,-0.31223064661026,-0.19664646685123444,-0.20723454654216766,-0.2147442102432251,0.018168266862630844,0.12774454057216644,0.01798621006309986,0.12669062614440918
83,820,829,10,10,2415,2415,0,0.0,2415,0,0.0,0,11.461500499979593,8.662472098949365,1.8165929001406766,1.5216385017265566,35.33747600001516,51.603692657686025,quality,not_promoted,-0.001274087588841978,7.226044305609416e-05,0.31900506133311674,-0.0044280077379785085,0.00014134212668929984,0.003363836777249449,0.9995359668606206,0.09761454118415713,0.0,0.46601420640945435,1.5031635761260986,0.2605821192264557,0.0010185218416154385,0.008401830680668354,1.5021450519561768,0.2615046799182892,0.9989604353904724,2.5e-05,-0.3042193055152893,-0.3141390085220337,-0.20974543690681458,-0.20983852446079254,-0.21019591391086578,0.3112395405769348,-0.3090992867946625,-0.3123018145561218,-0.19663900136947632,-0.20722581446170807,-0.214790940284729,0.01816505193710327,0.12774665653705597,0.01798621006309986,0.12675105035305023
84,830,839,10,10,2137,2137,0,0.0,2137,0,0.0,0,10.00739220000105,7.781893000879791,1.428141200041864,1.4553126015234739,30.77138399996329,52.40471144893918,quality,not_promoted,0.0008428690352422349,5.9042884458904155e-05,0.34687776907401924,-0.0025963867631028682,0.00024161157530416485,0.005183823516263682,0.9999836131053812,0.12734419458052693,0.0,0.4866495728492737,1.5088541507720947,0.26715466380119324,0.0015549055533483624,0.008084563538432121,1.5072993040084839,0.26552966237068176,0.9990842342376709,2.5e-05,-0.30428749322891235,-0.3140938878059387,-0.2096807360649109,-0.20980903506278992,-0.2101629674434662,0.31125813722610474,-0.3091435134410858,-0.31230369210243225,-0.196628138422966,-0.2072571963071823,-0.21492518484592438,0.01817432790994644,0.12773539125919342,0.01798621006309986,0.12676289677619934
85,840,849,10,10,2162,2162,0,0.0,2162,0,0.0,0,19.450757399958093,7.532939000520855,11.479336399876047,1.4917037995764986,30.48824690002948,43.29281350931016,quality,not_promoted,0.0010898810646989767,5.565027009545113e-05,0.35517677927718444,-0.0024340611964683324,5.060303301300284e-05,0.0,1.0002528954954708,0.09716148819664822,0.0,0.28800901770591736,1.5587940216064453,0.2722189426422119,0.0012756387004628778,0.0073287650011479855,1.5575183629989624,0.2712450921535492,0.9992752075195312,2.5e-05,-0.304340660572052,-0.3141910135746002,-0.2097211480140686,-0.20987820625305176,-0.2102208435535431,0.31137093901634216,-0.3091943860054016,-0.31252342462539673,-0.1965596079826355,-0.20727434754371643,-0.2150862216949463,0.018188312649726868,0.1277492791414261,0.01798621006309986,0.1268167793750763
86,850,859,10,10,2975,2975,0,0.0,2975,0,0.0,0,15.321821800025646,10.950829399342183,3.9232421998749487,2.0154658013489097,43.464305399975274,50.607177946567525,quality,not_promoted,-0.0013514388095032662,5.956981492109914e-05,0.2847575515191606,-0.004169229153008696,4.306067464138787e-05,0.0,1.0000874222593104,0.10268613046154063,0.010638297872340425,0.5521494746208191,1.5781736373901367,0.2606167495250702,0.00013000715989619493,0.007793264929205179,1.5780435800552368,0.26091718673706055,0.9991058111190796,2.5e-05,-0.3043016791343689,-0.31429094076156616,-0.20978198945522308,-0.2099446952342987,-0.21027547121047974,0.31143367290496826,-0.30915194749832153,-0.3126198947429657,-0.19646169245243073,-0.2071993052959442,-0.21528810262680054,0.018200339749455452,0.12776930630207062,0.01798621006309986,0.12691505253314972
87,860,869,10,10,2550,2550,0,0.0,2550,0,0.0,0,12.132446000003256,9.57002420106437,1.731363800005056,1.7205877985688858,37.54176299995743,51.33448627238369,quality,not_promoted,-0.0003123885369859636,4.820847852897714e-05,0.3478623600676656,-0.0037669079116312786,0.00016084779342691037,0.0025390625,1.0007445380091666,0.0902579885092564,0.0,0.4169358015060425,1.5626569986343384,0.26037782430648804,0.00020454649347811937,0.007065643556416035,1.5624525547027588,0.2600489556789398,0.9992636442184448,2.5e-05,-0.30431434512138367,-0.31457310914993286,-0.20996969938278198,-0.21014074981212616,-0.2104720175266266,0.31164535880088806,-0.30921685695648193,-0.3127581775188446,-0.19641205668449402,-0.2072819173336029,-0.2154453694820404,0.018202420324087143,0.12786564230918884,0.01798621006309986,0.12697488069534302
88,870,879,10,10,2247,2247,0,0.0,2247,0,0.0,0,10.555247699958272,8.009712300030515,1.5039727000985295,1.4839963008998893,32.66683850000845,51.98731013593994,quality,not_promoted,-0.002080282235207657,5.485342121068647e-05,0.33150111532045734,-0.0053678656404372305,0.00011470040726161794,0.0006510416666666666,0.9997123289439414,0.09012380842533377,0.0,0.36749911308288574,1.521371841430664,0.26011553406715393,0.00025511180865578353,0.007489924319088459,1.5211167335510254,0.2602735757827759,0.9991708993911743,2.5e-05,-0.30437546968460083,-0.31474098563194275,-0.21007417142391205,-0.2102537900209427,-0.210579514503479,0.3118000030517578,-0.30938199162483215,-0.3129209876060486,-0.19640053808689117,-0.20739690959453583,-0.2155824601650238,0.01820547506213188,0.12793846428394318,0.01798621006309986,0.12699797749519348
89,880,889,10,10,2281,2281,0,0.0,2281,0,0.0,0,12.081563799991272,8.45400130096823,2.18851349997567,1.5887689986266196,31.873203099996317,51.894257685180534,quality,not_promoted,0.0003333771601319313,5.7064279973120494e-05,0.28547102957963943,-0.0024928015320458347,6.830281109494586e-06,0.0,1.0000446264942486,0.09987409720714721,0.0,0.33605214953422546,1.4901185035705566,0.2517205476760864,0.00024339654191862792,0.007771706208586693,1.489875078201294,0.2516328990459442,0.999046802520752,2.5e-05,-0.30432838201522827,-0.3148452043533325,-0.21014128625392914,-0.2103264182806015,-0.2106497883796692,0.31187504529953003,-0.3096775710582733,-0.3131836950778961,-0.19630654156208038,-0.20763710141181946,-0.21579691767692566,0.018212120980024338,0.12799645960330963,0.01798621006309986,0.12708604335784912
90,890,899,10,10,2090,2090,0,0.0,2090,0,0.0,0,9.758007600030396,7.272231499606278,1.7065037000575103,1.4724503985489719,28.236470100004226,55.0079939642938,quality,not_promoted,0.0006532168693163178,4.8537184490917504e-05,0.316785051289833,-0.002490365203949764,6.470308179621387e-05,0.0,0.9999289304921122,0.07380831083565047,0.0,0.42399129271507263,1.5270261764526367,0.2772813141345978,-0.00013475932064466178,0.00709034176543355,1.5271607637405396,0.2782991826534271,0.999346137046814,2.5e-05,-0.30441996455192566,-0.31498590111732483,-0.21025635302066803,-0.21042253077030182,-0.21074768900871277,0.31201305985450745,-0.30978262424468994,-0.3133208751678467,-0.1962609589099884,-0.20771880447864532,-0.2160256803035736,0.018216706812381744,0.1280621439218521,0.01798621006309986,0.12713050842285156
91,900,909,10,10,6884,6884,0,0.0,6884,0,0.0,0,53.795375899993815,32.465232298127376,2.4462226999457926,9.745616798114497,97.67254719999619,45.4485666609134,quality,not_promoted,-3.99417951013203e-05,0.012149209370801583,0.09700274584745919,0.00506463542977279,5.2948910145289574e-08,0.0,0.9999993490400138,0.21471255745186849,0.046296296296296294,0.7553181648254395,1.5856648683547974,0.2058441936969757,-0.009741938672959805,0.11162953823804855,1.5954066514968872,0.16459274291992188,0.7059094905853271,2.5e-05,-0.3044185936450958,-0.31500232219696045,-0.21026504039764404,-0.21043401956558228,-0.21075895428657532,0.3120165169239044,-0.30982187390327454,-0.31333237886428833,-0.1962617039680481,-0.2077462375164032,-0.21607138216495514,0.018216624855995178,0.12807117402553558,0.01798621006309986,0.1271435022354126
92,910,919,10,10,2175,2175,0,0.0,2175,0,0.0,0,10.843511400045827,8.157671799883246,1.5165941999293864,1.5686094007687643,30.624373800004832,52.45022719406349,quality,not_promoted,-3.268665579311988e-05,8.33876458594151e-05,0.30943068949615254,-0.0030852997648146223,1.1037150399903004e-05,0.0,0.9999549888512668,0.07970833331894349,0.0,0.3963080048561096,1.5115423202514648,0.2707492709159851,0.0014494514325633645,0.008921061642467976,1.510092854499817,0.27312156558036804,0.9989143013954163,2.5e-05,-0.3042282164096832,-0.3151025176048279,-0.21033307909965515,-0.2105059027671814,-0.21083369851112366,0.3119664490222931,-0.30994564294815063,-0.3133758306503296,-0.19631223380565643,-0.20783233642578125,-0.21611283719539642,0.01821809634566307,0.12809783220291138,0.01798621006309986,0.12713801860809326
93,920,929,10,10,2412,2412,0,0.0,2412,0,0.0,0,11.425966700015124,8.592023999488447,2.0858612999436446,1.6658962999936193,34.19211699999869,52.8737685664615,quality,not_promoted,-0.0004170641156011506,6.833436801619093e-05,0.28367000641791446,-0.003219596006123251,9.067186697931998e-06,0.0,1.0000491283441846,0.07733893936107818,0.0,0.4223800301551819,1.524120807647705,0.27069687843322754,0.001068317098543048,0.008619887754321098,1.5230525732040405,0.2716691792011261,0.998986005783081,2.5e-05,-0.304269939661026,-0.31534427404403687,-0.2104673832654953,-0.2106773406267166,-0.21101844310760498,0.31215548515319824,-0.31015366315841675,-0.31363415718078613,-0.19626155495643616,-0.2079710215330124,-0.21630339324474335,0.018215380609035492,0.12819799780845642,0.01798621006309986,0.12721019983291626
94,930,939,10,10,2164,2164,0,0.0,2164,0,0.0,0,11.072127200022805,8.04884889954701,1.8379471999942325,1.5048334990860894,30.288751300016884,52.31997187869023,quality,not_promoted,-0.0006389590801999849,7.397552759785493e-05,0.2990953448940726,-0.003592924345010782,8.050498512843392e-06,0.0,0.9999302380225238,0.07160159808528774,0.014705882352941176,0.5104796290397644,1.5217502117156982,0.2558949291706085,0.0013826622162014246,0.00892174057662487,1.5203675031661987,0.2551902234554291,0.9987844228744507,2.5e-05,-0.30449533462524414,-0.31526532769203186,-0.21041633188724518,-0.21061819791793823,-0.21097669005393982,0.31218987703323364,-0.3102520704269409,-0.3138316571712494,-0.19621536135673523,-0.20804503560066223,-0.21650804579257965,0.018212033435702324,0.12820734083652496,0.01798621006309986,0.1272742748260498
95,940,949,10,10,2663,2663,0,0.0,2663,0,0.0,0,12.678596900019329,9.575236400240101,2.40519540006062,1.6848060007905588,37.36850810004398,53.20987098048191,quality,not_promoted,-0.0010758245674272378,5.8386767835015364e-05,0.2371910698711872,-0.0034185415355577355,1.1345482048021777e-05,0.0,1.0000142724741072,0.0876748820412017,0.0,0.3394928574562073,1.4940303564071655,0.25460749864578247,0.001141754793934524,0.00775451585650444,1.4928886890411377,0.2552777826786041,0.9990723729133606,2.5e-05,-0.3045036792755127,-0.31532540917396545,-0.21042831242084503,-0.2106494903564453,-0.21099552512168884,0.31222137808799744,-0.3105064034461975,-0.3140765130519867,-0.19612912833690643,-0.20822280645370483,-0.21669986844062805,0.01820717565715313,0.12820661067962646,0.01798621006309986,0.1273297369480133
96,950,959,10,10,2438,2438,0,0.0,2438,0,0.0,0,11.638427500030957,8.759400300506968,1.9654433999676257,1.609918198257219,33.9675583000062,53.45789499408241,quality,not_promoted,-0.0003230137607226005,5.7134873713948764e-05,0.29566611172870183,-0.003251107845407648,0.00012659732427139787,0.0014022435897435897,0.9995752007533343,0.10733809637335631,0.01282051282051282,0.54722660779953,1.5540217161178589,0.2546581029891968,0.001071343314833939,0.007638357114046812,1.5529506206512451,0.2547920048236847,0.9991003274917603,2.5e-05,-0.30464479327201843,-0.31531625986099243,-0.21048156917095184,-0.21064423024654388,-0.2109745889902115,0.3122657537460327,-0.3105262815952301,-0.31428036093711853,-0.19594503939151764,-0.20824286341667175,-0.21687813103199005,0.018198108300566673,0.12820576131343842,0.01798621006309986,0.12736386060714722
97,960,969,10,10,2634,2634,0,0.0,2634,0,0.0,0,13.194651099969633,9.785562000761274,1.7896742000011727,1.9859572987770662,38.307589199976064,51.14340628018811,quality,not_promoted,0.0033190862963064795,5.344286418698002e-05,0.24319400868955113,0.0009138674358837306,4.050275989909649e-05,0.00018601190476190475,0.9999103226831981,0.0731916173050801,0.0,0.39108365774154663,1.501070261001587,0.23648446798324585,0.001363391987979412,0.007592299487441778,1.4997068643569946,0.2368747889995575,0.9989692568778992,2.5e-05,-0.3045905530452728,-0.315377801656723,-0.2105158269405365,-0.2107071727514267,-0.21102727949619293,0.31225690245628357,-0.31063827872276306,-0.3143922686576843,-0.19592562317848206,-0.20835354924201965,-0.2169680893421173,0.0181919913738966,0.12825040519237518,0.01798621006309986,0.12740680575370789
98,970,979,10,10,2264,2264,0,0.0,2264,0,0.0,0,11.02228869998362,8.293261299899314,2.035719400155358,1.5354947007726878,31.799733200052287,52.86999304435229,quality,not_promoted,-0.001288431450828082,5.239032351609138e-05,0.3050006557669904,-0.0043122429956888985,7.353270134223699e-05,0.001736111111111111,0.9998000835378965,0.0684555858735823,0.0,0.3564684987068176,1.5595091581344604,0.258559912443161,0.0011787565890699625,0.007718177046626806,1.5583306550979614,0.25635838508605957,0.9991089105606079,2.5e-05,-0.3046364486217499,-0.3155392110347748,-0.21063311398029327,-0.21082085371017456,-0.21114026010036469,0.31240716576576233,-0.3106860816478729,-0.3145577311515808,-0.19594359397888184,-0.20842066407203674,-0.21713073551654816,0.018193034455180168,0.12830844521522522,0.01798621006309986,0.1274593025445938
99,980,989,10,10,11414,11414,0,0.0,11414,0,0.0,0,68.75912870001048,44.41124279750511,3.138254999939818,18.487330094969366,164.29093889996875,48.97660025394911,quality,not_promoted,-0.00027351086314080815,0.012808082550538896,0.0535825898691325,0.0055947045915286635,5.995120059574428e-08,0.0,1.0000018131133563,0.228270456847844,0.1005586592178771,1.251798152923584,1.5550528764724731,0.20802828669548035,-0.011271520517766476,0.11487223207950592,1.5663244724273682,0.15617181360721588,0.6950803995132446,2.5e-05,-0.3046322464942932,-0.3155822157859802,-0.2106667459011078,-0.21085123717784882,-0.2111702710390091,0.3124222457408905,-0.31073832511901855,-0.31462496519088745,-0.19593800604343414,-0.20845918357372284,-0.2171696424484253,0.018192648887634277,0.12832555174827576,0.01798621006309986,0.1274765133857727
100,990,999,10,10,2257,2257,0,0.0,2257,0,0.0,0,11.172874699987005,7.957659199950285,2.4011976999463513,1.5744228984694928,30.91915880003944,53.62059782639349,quality,not_promoted,0.002877175161201093,0.00012322957612317018,0.27118318900465965,0.0002269588391451786,9.113685509481378e-06,0.0,0.9999602428740926,0.06557487709344262,0.0,0.25828468799591064,1.5166819095611572,0.2603064477443695,0.0012605743249878287,0.011294051073491573,1.5154212713241577,0.26315391063690186,0.9981175065040588,2.5e-05,-0.3046132028102875,-0.31569328904151917,-0.21075081825256348,-0.210927352309227,-0.21121419966220856,0.3125304877758026,-0.3107938766479492,-0.31476542353630066,-0.19582736492156982,-0.20849761366844177,-0.21727880835533142,0.0181979201734066,0.1283845454454422,0.01798621006309986,0.12754185497760773
101,1000,1009,10,10,2227,2227,0,0.0,2227,0,0.0,0,10.715963899972849,7.921931700198911,2.2795749999349937,1.6689778008149005,30.76160450000316,53.69167205089313,quality,not_promoted,-0.00018899649647729737,8.329943635284767e-05,0.2912135552082743,-0.003059482175324644,6.034237084609881e-06,0.0,1.0000266356127603,0.03739861199366195,0.0,0.1462468057870865,1.5263830423355103,0.26249000430107117,0.0018095038831233978,0.010311239399015903,1.524573564529419,0.26516249775886536,0.9984568953514099,2.5e-05,-0.30464085936546326,-0.3158726096153259,-0.21084685623645782,-0.21106208860874176,-0.21135179698467255,0.3127145767211914,-0.3108353614807129,-0.314868688583374,-0.1958962082862854,-0.2085246592760086,-0.21745075285434723,0.018201686441898346,0.12844213843345642,0.01798621006309986,0.12755107879638672
102,1010,1019,10,10,2183,2183,0,0.0,2183,0,0.0,0,10.426000100036617,7.88834780047182,1.823114899918437,1.5048192999092862,29.964368899993133,54.04753791673436,quality,not_promoted,-0.0019892564575587,7.353423399243703e-05,0.28290299347468784,-0.0047815191027309216,2.3811640997501676e-06,0.0,0.999989196232387,0.06299667571272169,0.0,0.32340720295906067,1.5030025243759155,0.257937490940094,0.003258646000176668,0.008861887268722057,1.499743938446045,0.25924062728881836,0.9988195896148682,2.5e-05,-0.30469539761543274,-0.31595316529273987,-0.21091662347316742,-0.2111203670501709,-0.21141207218170166,0.31284260749816895,-0.3109666407108307,-0.3148846924304962,-0.19590610265731812,-0.20861372351646423,-0.21760888397693634,0.018200328573584557,0.12848655879497528,0.01798621006309986,0.12753382325172424
103,1020,1029,10,10,3407,3407,0,0.0,3407,0,0.0,0,17.37334649998229,12.97933800012106,2.8488722998299636,2.254379100515507,48.90700870001456,51.40286272938021,quality,not_promoted,-0.003608030775837876,5.593926174764487e-05,0.21734410669240686,-0.005753502784365857,1.1784247306626074e-05,0.0,0.9999147096165905,0.04755880128316305,0.0,0.23107662796974182,1.5486211776733398,0.2175661027431488,0.001684335758909583,0.007870560511946678,1.5469368696212769,0.2159956693649292,0.9986913204193115,2.5e-05,-0.3046145439147949,-0.3161174952983856,-0.210997074842453,-0.2112414687871933,-0.211504265666008,0.3128952383995056,-0.31102466583251953,-0.31533482670783997,-0.19576168060302734,-0.20866945385932922,-0.2178460657596588,0.018206369131803513,0.12854644656181335,0.01798621006309986,0.12763939797878265
104,1030,1039,10,10,2433,2433,0,0.0,2433,0,0.0,0,11.421192999987397,8.858200999849942,1.869988500024192,1.5945430999272503,35.14032890001545,52.25344663830354,quality,not_promoted,0.013260805812210608,6.0970678416010625e-05,0.2745495121448468,0.010545795568479942,1.3486016914845468e-05,0.0,0.9997834593821795,0.055312399847958334,0.0,0.42606282234191895,1.5565632581710815,0.2564973533153534,0.0023455782793462276,0.008475502952933311,1.55421781539917,0.25402918457984924,0.9989081621170044,2.5e-05,-0.30455777049064636,-0.31627193093299866,-0.21108853816986084,-0.2113524228334427,-0.2115970402956009,0.31297624111175537,-0.31109750270843506,-0.31545254588127136,-0.19554495811462402,-0.20872025191783905,-0.21808186173439026,0.018211957067251205,0.12856800854206085,0.01798621006309986,0.12764449417591095
105,1040,1049,10,10,2288,2288,0,0.0,2288,0,0.0,0,10.694799899996724,7.98007809871342,2.17040510015795,1.4526494988240302,31.227765600022394,54.57681257600889,quality,not_promoted,0.0004890485239836077,6.193601651223919e-05,0.29035353495015037,-0.002383518595403681,1.7344775389776462e-06,0.0,1.0000171843502257,0.06462009455491272,0.013888888888888888,0.5946528315544128,1.541061282157898,0.24764883518218994,0.0019423402845859528,0.008024604991078377,1.539119005203247,0.24693626165390015,0.9989500641822815,2.5e-05,-0.3046521544456482,-0.31634727120399475,-0.21115253865718842,-0.2114274650812149,-0.21162967383861542,0.3131401240825653,-0.31122633814811707,-0.31572577357292175,-0.19544437527656555,-0.20879778265953064,-0.21833941340446472,0.018218254670500755,0.1285984218120575,0.01798621006309986,0.12770304083824158
106,1050,1059,10,10,2336,2336,0,0.0,2336,0,0.0,0,10.733929899986833,8.357829200453125,1.6888949999702163,1.5330542988376692,33.47552380000707,52.8393772031687,quality,not_promoted,0.00033354384170190707,6.281838147048336e-05,0.29464577702251643,-0.0025815056806832953,8.371408880889618e-06,0.0,1.0000212587214805,0.05500289432805132,0.0,0.45195022225379944,1.5301316976547241,0.25558674335479736,0.0020810298155993223,0.00830380991101265,1.5280507802963257,0.25461113452911377,0.9989444613456726,2.5e-05,-0.30466118454933167,-0.31645265221595764,-0.21127262711524963,-0.21150191128253937,-0.2117089033126831,0.3132806718349457,-0.311326265335083,-0.31583377718925476,-0.1953791230916977,-0.2088557928800583,-0.21850785613059998,0.018218878656625748,0.1287025809288025,0.01798621006309986,0.12778593599796295
107,1060,1069,10,10,2407,2407,0,0.0,2407,0,0.0,0,11.692539100011345,8.738478199928068,1.7895239000208676,1.5282563981600106,33.540571100020315,53.21323228395458,quality,not_promoted,0.0002847534702404549,5.013933246357881e-05,0.2536896671119489,-0.0022270736563338063,4.177019845330003e-07,0.0,1.000045530105892,0.035864908811881355,0.0,0.0718027874827385,1.504995346069336,0.2588067352771759,0.0017332598799839616,0.007570247631520033,1.5032622814178467,0.2600642144680023,0.9991443753242493,2.5e-05,-0.30462005734443665,-0.316625714302063,-0.21139740943908691,-0.21162283420562744,-0.21183724701404572,0.3134222626686096,-0.31144359707832336,-0.3159056603908539,-0.19531449675559998,-0.2089083343744278,-0.21868173778057098,0.018219193443655968,0.12877315282821655,0.01798621006309986,0.1278657764196396
108,1070,1079,10,10,2241,2241,0,0.0,2241,0,0.0,0,10.355586999969091,7.897488099581096,1.5488531001610681,1.5085017997771502,31.314222000015434,53.77994413175333,quality,not_promoted,-0.02236953155241079,7.063748691709609e-05,0.29177639943857986,-0.025251976993685175,7.527552952524275e-06,0.0,0.9999910212225385,0.05793848884705868,0.0,0.3073303699493408,1.5361584424972534,0.2632582485675812,0.0019202366238459945,0.008457074873149395,1.5342382192611694,0.2624773383140564,0.9989680051803589,2.5e-05,-0.3046016991138458,-0.3166854977607727,-0.21144545078277588,-0.2116663157939911,-0.2118743509054184,0.3134634494781494,-0.3117133677005768,-0.3159521222114563,-0.19525590538978577,-0.20909105241298676,-0.21885353326797485,0.018221290782094002,0.12880533933639526,0.01798621006309986,0.12788142263889313
109,1080,1089,10,10,2472,2472,0,0.0,2472,0,0.0,0,11.96638639998855,8.950624400516972,2.272394399915356,1.5772213013260625,34.97121749998769,52.66566238165497,quality,not_promoted,-0.0007309196039270132,5.989988046796778e-05,0.27547882172541743,-0.003455758238067994,2.653311467745367e-06,0.0,0.9999179419798728,0.056301841989923745,0.0,0.40720683336257935,1.564975380897522,0.2467060089111328,0.0014437277568504214,0.008353101089596748,1.5635318756103516,0.2461763471364975,0.9988536238670349,2.5e-05,-0.30473244190216064,-0.31679195165634155,-0.2115740180015564,-0.21174046397209167,-0.21191765367984772,0.3136070668697357,-0.31187546253204346,-0.316086083650589,-0.19520290195941925,-0.2092025876045227,-0.2190658003091812,0.01822182908654213,0.12886258959770203,0.01798621006309986,0.12792591750621796
110,1090,1099,10,10,2654,2654,0,0.0,2654,0,0.0,0,12.65288030001102,9.668776299920864,1.8755365000106394,1.8109923981828615,37.191491800011136,53.24573042417401,quality,not_promoted,0.0002811177456307979,4.879302845698216e-05,0.254926695532742,-0.002243752793652848,1.0652932346033595e-05,0.0,1.0000317110901786,0.05236804064008452,0.0,0.2543645203113556,1.585453987121582,0.25773635506629944,0.0007286795880645514,0.007327402476221323,1.584725260734558,0.25663021206855774,0.9991917610168457,2.5e-05,-0.30476927757263184,-0.3170563280582428,-0.2117127925157547,-0.2119288295507431,-0.21210245788097382,0.3139105439186096,-0.3120659291744232,-0.3162475526332855,-0.19517271220684052,-0.20933733880519867,-0.21919044852256775,0.018219688907265663,0.1289290189743042,0.01798621006309986,0.1279992014169693
111,1100,1109,10,10,2805,2805,0,0.0,2805,0,0.0,0,13.591556500003207,10.361550599511247,1.8905498998356052,1.815980898856651,40.22720920003485,52.11936698128356,quality,not_promoted,0.0007304878143424338,4.672934220583226e-05,0.24699986014853825,-0.0017161459307482635,2.6627571663969976e-06,0.0,0.9999626671726053,0.05383504172575406,0.0,0.3336595892906189,1.6125082969665527,0.25605639815330505,0.0013331366935744882,0.0071980590000748634,1.611175298690796,0.2556701600551605,0.9992097616195679,2.5e-05,-0.30471470952033997,-0.3173123002052307,-0.21189047396183014,-0.2121059000492096,-0.21231332421302795,0.31407198309898376,-0.31216445565223694,-0.3163439929485321,-0.19515612721443176,-0.20941002666950226,-0.2193487584590912,0.018213752657175064,0.12901604175567627,0.01798621006309986,0.1280684620141983
112,1110,1119,10,10,2397,2397,0,0.0,2397,0,0.0,0,11.86695709999185,8.976326400239486,2.0277248000493273,1.5863728999975137,33.60004889999982,52.71954788490888,quality,not_promoted,0.0007925545551667088,4.940856895604826e-05,0.27948473962514025,-0.001977588665843206,1.4009843828950197e-05,0.0,0.9999167754461891,0.056868414688659344,0.0,0.3802514374256134,1.5310370922088623,0.2564370930194855,0.0011121684219688177,0.00715536717325449,1.5299248695373535,0.25602975487709045,0.9992214441299438,2.5e-05,-0.3047128915786743,-0.31745561957359314,-0.21198606491088867,-0.21220509707927704,-0.2123997062444687,0.31419265270233154,-0.31226468086242676,-0.31642645597457886,-0.19515396654605865,-0.20947228372097015,-0.21947172284126282,0.018216723576188087,0.12912985682487488,0.01798621006309986,0.1281176507472992
113,1120,1129,10,10,2564,2564,0,0.0,2564,0,0.0,0,11.872153700038325,9.020771199488081,2.0278152000391856,1.6509985008160584,34.992703899974,54.71050444415146,quality,not_promoted,-0.001662540840121304,4.881909460048674e-05,0.27142468794453434,-0.004352378931532546,1.6036505169212454e-06,0.0,0.9999742951334977,0.040192260713566366,0.0,0.10942409187555313,1.5903555154800415,0.2571360468864441,0.0006120464531704783,0.007135263178497553,1.5897434949874878,0.25703468918800354,0.9992299675941467,2.5e-05,-0.3046792447566986,-0.3174404501914978,-0.21197649836540222,-0.2121923416852951,-0.21241164207458496,0.3141970932483673,-0.312523752450943,-0.3166295886039734,-0.1951136589050293,-0.20964032411575317,-0.21967270970344543,0.018217312172055244,0.12912335991859436,0.01798621006309986,0.12814849615097046
114,1130,1139,10,10,2531,2531,0,0.0,2531,0,0.0,0,12.202154900005553,9.307214500033297,1.82082659995649,1.7027777992771007,35.92797319998499,52.58660427293767,quality,not_promoted,-0.00019892053678631781,5.612166387436446e-05,0.2692487364634871,-0.002863346121739596,3.2062881416550226e-05,0.0005859375,0.9999205358326435,0.05470049190334976,0.0,0.382879376411438,1.51083242893219,0.26355087757110596,0.0016179382801055908,0.007656324189156294,1.5092144012451172,0.2632322907447815,0.9991560578346252,2.5e-05,-0.3046882748603821,-0.317699670791626,-0.2121109515428543,-0.21237845718860626,-0.21263886988162994,0.3144424855709076,-0.31268465518951416,-0.31679585576057434,-0.19502685964107513,-0.20973926782608032,-0.21988290548324585,0.018220437690615654,0.12922266125679016,0.01798621006309986,0.1281673163175583
115,1140,1149,10,10,2464,2464,0,0.0,2464,0,0.0,0,12.0488006999949,9.065637199790217,1.8384971999330446,1.6042369000497274,34.69764139998006,52.70989382957382,quality,not_promoted,0.0013379747979342937,5.250856361854881e-05,0.28483578925713515,-0.0014841284376019852,9.68869500912917e-07,0.0,0.9999925058621627,0.05278326019358177,0.0,0.299567848443985,1.5659111738204956,0.25111785531044006,0.0011557013494893909,0.00755072059109807,1.5647555589675903,0.25213533639907837,0.9990959167480469,2.5e-05,-0.30469444394111633,-0.31788069009780884,-0.21222904324531555,-0.21250616014003754,-0.21276478469371796,0.3145405352115631,-0.31267017126083374,-0.31686487793922424,-0.19494345784187317,-0.20971786975860596,-0.21997424960136414,0.018222209066152573,0.12927639484405518,0.01798621006309986,0.1282079517841339
116,1150,1159,10,10,2529,2529,0,0.0,2529,0,0.0,0,11.84096420003334,9.245896299777087,1.5897590999957174,1.669985398184508,36.61688339995453,52.18968908558441,quality,not_promoted,-0.00010741114456322976,4.872670613167429e-05,0.29734344221651554,-0.003056481995736249,8.231981409068112e-06,0.0,0.9999245688319206,0.04615218327380717,0.0,0.19056029617786407,1.5382274389266968,0.2753189504146576,0.0012711281888186932,0.007253608666360378,1.5369563102722168,0.2760872542858124,0.9993059039115906,2.5e-05,-0.3048182427883148,-0.31801506876945496,-0.2122790813446045,-0.2126004695892334,-0.21285749971866608,0.3146883547306061,-0.31273406744003296,-0.3170314431190491,-0.19484758377075195,-0.20978944003582,-0.2202388048171997,0.01822124794125557,0.12933416664600372,0.01798621006309986,0.1282728910446167
117,1160,1169,10,10,2327,2327,0,0.0,2327,0,0.0,0,11.459686600021087,8.368401899235323,2.5682795999455266,1.5090067998389713,32.435000900004525,53.0132490406417,quality,not_promoted,-0.004220963592603299,4.303132501828824e-05,0.2949836926685797,-0.007149284202102068,1.5194726338173446e-06,0.0,0.999916313467799,0.04141796676039293,0.0,0.09345058351755142,1.5489425659179688,0.26036974787712097,0.001129379728808999,0.007250147871673107,1.5478132963180542,0.26221540570259094,0.9992246031761169,2.5e-05,-0.3049113154411316,-0.3180670738220215,-0.21232566237449646,-0.212635338306427,-0.21287362277507782,0.3148013651371002,-0.31286105513572693,-0.3171718418598175,-0.1947728991508484,-0.2098747342824936,-0.22044365108013153,0.01822260580956936,0.12936849892139435,0.01798621006309986,0.1283564418554306
118,1170,1179,10,10,2996,2996,0,0.0,2996,0,0.0,0,15.114930499985348,11.291060600138735,3.4784782000351697,2.007668699428905,43.66985000000568,50.96557262811345,quality,not_promoted,0.0012410003493757958,4.959354420010486e-05,0.2394529308410401,-0.0011287322973812673,4.269511028937849e-06,0.0,0.999982050124635,0.04789408468740418,0.0,0.3048006594181061,1.5624297857284546,0.23814527690410614,0.0011121775023639202,0.007370738312602043,1.5613175630569458,0.23784175515174866,0.9990420341491699,2.5e-05,-0.3048595190048218,-0.3180798292160034,-0.21234609186649323,-0.21265272796154022,-0.21287688612937927,0.3147842288017273,-0.3130860924720764,-0.31736207008361816,-0.19476570188999176,-0.2100355327129364,-0.2206360101699829,0.018218766897916794,0.129379004240036,0.01798621006309986,0.1284843236207962
119,1180,1189,10,10,3009,3009,0,0.0,3009,0,0.0,0,14.70249799999874,11.279808400257025,2.298344300012104,2.045995202381164,44.397214199998416,50.91395352006714,quality,not_promoted,0.023112096920764696,5.8435465954668565e-05,0.2818767388040821,0.020322547245693084,7.66516041039722e-06,0.00016276041666666666,0.9999568462371826,0.05567218895885162,0.0,0.2865498960018158,1.6136764287948608,0.23866192996501923,0.0009923334000632167,0.007366262376308441,1.6126841306686401,0.2378547340631485,0.9990473389625549,2.5e-05,-0.304892361164093,-0.3181613087654114,-0.21232928335666656,-0.21270152926445007,-0.21294334530830383,0.3149036765098572,-0.3132520020008087,-0.31767538189888,-0.1947832852602005,-0.21013770997524261,-0.2209000140428543,0.018224947154521942,0.12940557301044464,0.01798621006309986,0.12857584655284882
120,1190,1199,10,10,2659,2659,0,0.0,2659,0,0.0,0,14.601435600023251,10.511735800013412,1.8500004998641089,1.9808941994560882,37.408155200013425,51.125185933939804,quality,not_promoted,-0.00021990219552424692,4.539752988074768e-05,0.2528368422672862,-0.0027255720093048046,2.100075148532488e-06,0.0,0.9999985226563045,0.05377301665776897,0.0,0.382671594619751,1.5061376094818115,0.25870242714881897,0.001551091787405312,0.007005548104643822,1.5045864582061768,0.258439838886261,0.9992666840553284,2.5e-05,-0.3049939274787903,-0.318228542804718,-0.2123357355594635,-0.2127476930618286,-0.21296340227127075,0.3150292634963989,-0.313198447227478,-0.3177044093608856,-0.19468152523040771,-0.21009881794452667,-0.22097322344779968,0.018222937360405922,0.12946155667304993,0.01798621006309986,0.1285921186208725
121,1200,1209,10,10,2570,2570,0,0.0,2570,0,0.0,0,13.055276300001424,9.531441600178368,3.4292453000089154,1.6831010025925934,37.55735100002494,50.77784215321028,quality,not_promoted,0.0027680591929976532,5.430819623498104e-05,0.29523489042753126,-0.0001571352803716209,3.4296126303562515e-06,0.0,0.9999876981828271,0.044515301734663365,0.0,0.12408644706010818,1.5559322834014893,0.2613995671272278,0.0014143298612907529,0.0077206771820783615,1.5545178651809692,0.26104870438575745,0.9991276264190674,2.5e-05,-0.3049696087837219,-0.3182659447193146,-0.2123662531375885,-0.21277329325675964,-0.21299628913402557,0.31507667899131775,-0.3134109377861023,-0.31784966588020325,-0.19466868042945862,-0.21025031805038452,-0.2211063951253891,0.018223492428660393,0.12948083877563477,0.01798621006309986,0.12866073846817017
122,1210,1219,10,10,2423,2423,0,0.0,2423,0,0.0,0,12.304070400015917,8.730096499668434,3.858106499828864,1.6254996006609872,33.51852049998706,52.87784807471117,quality,not_promoted,-0.00032223366495025784,4.022033303236209e-05,0.27219646561302635,-0.003024087336502577,9.831999261528404e-07,0.0,1.0000173261291103,0.03797295540081043,0.0,0.11973899602890015,1.5726141929626465,0.2583734393119812,0.000160879862960428,0.006654621101915836,1.572453260421753,0.2593352794647217,0.9993366599082947,2.5e-05,-0.30501291155815125,-0.3182835280895233,-0.21237953007221222,-0.21278506517410278,-0.21300606429576874,0.3151327073574066,-0.31355252861976624,-0.3181517720222473,-0.19457602500915527,-0.21035180985927582,-0.22133111953735352,0.0182223841547966,0.12950526177883148,0.01798621006309986,0.12871786952018738
123,1220,1229,10,10,2396,2396,0,0.0,2396,0,0.0,0,19.76676640001824,8.697818900400307,10.662193600146566,1.6224853009334765,33.6923197999713,44.819322033238734,quality,not_promoted,-0.00018948850859152642,5.01032680308287e-05,0.2663503626459523,-0.0028279413542661226,3.2248809250147227e-06,0.0,0.9999970213363045,0.04979960338555669,0.0,0.2663663625717163,1.5209779739379883,0.26432281732559204,0.0010776703711599112,0.007321836426854134,1.5199003219604492,0.26449254155158997,0.9992327094078064,2.5e-05,-0.30504652857780457,-0.31852293014526367,-0.2124810665845871,-0.21295541524887085,-0.21316829323768616,0.3153250515460968,-0.3138119578361511,-0.3183731138706207,-0.1945539265871048,-0.21053676307201385,-0.22145356237888336,0.018229316920042038,0.12957705557346344,0.01798621006309986,0.1287754476070404
124,1230,1239,10,10,2315,2315,0,0.0,2315,0,0.0,0,19.624232799978927,8.360609499854036,10.538821000081953,1.496601400023792,33.74875739996787,43.37399855858755,quality,not_promoted,-0.004533457771145008,5.027425897817404e-05,0.28443081274225906,-0.007352629336654334,2.8528021715985503e-06,0.0,0.9999652988201863,0.050038210355450176,0.0,0.21061792969703674,1.494687795639038,0.2623845636844635,0.0010544518008828163,0.007167863193899393,1.4936331510543823,0.26239705085754395,0.9992536902427673,2.5e-05,-0.3051665127277374,-0.3187556564807892,-0.21261611580848694,-0.21312172710895538,-0.21331040561199188,0.31554892659187317,-0.31399041414260864,-0.3184814751148224,-0.1944645792245865,-0.21065302193164825,-0.22166334092617035,0.01823086105287075,0.12965498864650726,0.01798621006309986,0.12881246209144592
125,1240,1249,10,10,2438,2438,0,0.0,2438,0,0.0,0,20.774693500017747,8.823382100614253,11.66715390002355,1.6200906995218247,35.049703199998476,43.67266184892405,quality,not_promoted,0.008182635148748374,4.6566870925091324e-05,0.30189476849941105,0.005186971417293908,2.2343743207551224e-06,0.0,1.0000134439040453,0.046425443047132246,0.0,0.17745237052440643,1.5853650569915771,0.2600151002407074,0.0007411927217617631,0.006914061959832907,1.5846238136291504,0.2601718604564667,0.9992929100990295,2.5e-05,-0.3051648736000061,-0.3188014030456543,-0.2126166820526123,-0.2131563425064087,-0.21334074437618256,0.315562903881073,-0.3140065371990204,-0.31850698590278625,-0.1945587396621704,-0.2106037139892578,-0.22173310816287994,0.018226824700832367,0.12966084480285645,0.01798621006309986,0.12882596254348755
126,1250,1259,10,10,2227,2227,0,0.0,2227,0,0.0,0,10.338424400018994,7.9792274999199435,1.3496607999550179,1.3952654020977207,31.693254699988756,52.983845701267484,quality,not_promoted,4.951496209417071e-05,4.312647542974446e-05,0.28134941714150563,-0.002742416504770517,3.660029349004747e-06,0.0,0.9999977571623666,0.04835754573079092,0.0,0.2002001851797104,1.5085945129394531,0.26581186056137085,0.0009163422510027885,0.006824822630733252,1.5076781511306763,0.2655094265937805,0.9993407726287842,2.5e-05,-0.30516165494918823,-0.3189311921596527,-0.21266162395477295,-0.2132488489151001,-0.2134249061346054,0.31573548913002014,-0.3140987157821655,-0.31869447231292725,-0.1945096105337143,-0.21065953373908997,-0.22186917066574097,0.01823178119957447,0.12969110906124115,0.01798621006309986,0.12884479761123657
127,1260,1269,10,10,2297,2297,0,0.0,2297,0,0.0,0,10.602596099954098,8.089026999543421,1.6621827999479137,1.5479501000372693,31.23361619998468,54.904588004573284,quality,not_promoted,-0.00012056770113607247,4.159510922363552e-05,0.2660739654675126,-0.002760510303131822,1.6778227806608154e-06,0.0,0.999965620537599,0.044064504120291934,0.0,0.087812140583992,1.5771448612213135,0.26903021335601807,6.188865518197417e-05,0.006611003540456295,1.577082872390747,0.2684595584869385,0.9993961453437805,2.5e-05,-0.3052009344100952,-0.31903424859046936,-0.2127242386341095,-0.2133161723613739,-0.21346870064735413,0.3158360421657562,-0.3141207695007324,-0.3187669813632965,-0.19447559118270874,-0.21072064340114594,-0.22202074527740479,0.018231356516480446,0.12974205613136292,0.01798621006309986,0.12884505093097687
128,1270,1279,10,10,3019,3019,0,0.0,3019,0,0.0,0,16.071554799971636,11.486400700814556,2.3893711001146585,2.282205397496,43.60321929998463,50.59089113505689,quality,not_promoted,0.003819199550586442,4.1092001045702396e-05,0.22236558290508887,0.0016160896411747672,3.1198428699363845e-06,0.0,1.0000135817875464,0.046636633963013686,0.0,0.24639642238616943,1.550222635269165,0.23394738137722015,0.0005484540015459061,0.00663004070520401,1.5496742725372314,0.2333676666021347,0.9991968274116516,2.5e-05,-0.3052142858505249,-0.3189423084259033,-0.2127193659543991,-0.21325041353702545,-0.21340373158454895,0.315820574760437,-0.3142892122268677,-0.3190825879573822,-0.19436238706111908,-0.2108142077922821,-0.22227084636688232,0.018229903653264046,0.12973950803279877,0.01798621006309986,0.1289120614528656
129,1280,1289,10,10,2363,2363,0,0.0,2363,0,0.0,0,11.27751739998348,8.628724699723534,2.149718099972233,1.6525610990356654,33.72714550001547,52.50567047353787,quality,not_promoted,-0.00033853104891809255,5.0198733899034436e-05,0.28304698982754267,-0.0031439019618807614,1.3677224520995116e-05,0.0004222972972972973,1.000061623148016,0.05994662899221923,0.0,0.3116298019886017,1.55414617061615,0.2569963037967682,0.0007837204029783607,0.006952754687517881,1.5533626079559326,0.25660941004753113,0.999268114566803,2.5e-05,-0.30523180961608887,-0.3189076781272888,-0.2126929610967636,-0.2132389098405838,-0.2133655995130539,0.31585919857025146,-0.31439489126205444,-0.31927409768104553,-0.1942538022994995,-0.21088504791259766,-0.22242963314056396,0.0182302538305521,0.12974125146865845,0.01798621006309986,0.12894901633262634
130,1290,1299,10,10,2988,2988,0,0.0,2988,0,0.0,0,14.970488099963404,11.340255099174101,1.7891865999554284,2.1631384000065736,43.94059690000722,50.72050531748804,quality,not_promoted,-0.00022273619679060388,4.293264325322989e-05,0.23719335204743325,-0.0025732031889616493,6.588584063802094e-06,0.00016622340425531914,1.000051960032037,0.043837979039613235,0.0,0.1756231188774109,1.5884618759155273,0.24990485608577728,0.0003627923724707216,0.006942254491150379,1.5880990028381348,0.24982281029224396,0.999228298664093,2.5e-05,-0.3053406774997711,-0.31874093413352966,-0.21258723735809326,-0.21312215924263,-0.21322917938232422,0.31586456298828125,-0.31462299823760986,-0.3194279372692108,-0.19419579207897186,-0.2110685408115387,-0.22259853780269623,0.01823432557284832,0.12969498336315155,0.01798621006309986,0.128989115357399
131,1300,1309,10,10,2559,2559,0,0.0,2559,0,0.0,0,12.409569000010379,9.41857519961195,2.3505117999739014,1.821039199421648,36.65858740004478,52.151949201766286,quality,not_promoted,-8.991160430014134e-05,5.0753814002746366e-05,0.26645589880645276,-0.0027290933139738627,2.369306955074535e-06,0.0,0.9999406732618809,0.05015374198555946,0.0,0.1624232828617096,1.539597749710083,0.26156026124954224,0.0005494261858984828,0.00736317690461874,1.539048433303833,0.2633947730064392,0.9992074966430664,2.5e-05,-0.3053160309791565,-0.31875303387641907,-0.21265959739685059,-0.21313005685806274,-0.2132466733455658,0.3158539831638336,-0.3148585557937622,-0.3196538984775543,-0.1942000836133957,-0.21125222742557526,-0.22279618680477142,0.018237976357340813,0.12972389161586761,0.01798621006309986,0.1290493756532669
132,1310,1319,10,10,2492,2492,0,0.0,2492,0,0.0,0,11.778020800033119,9.172356500755996,1.494878500001505,1.6111759002669714,36.471849100023974,51.64780765547829,quality,not_promoted,-0.000183199317409442,4.324996669497639e-05,0.24608068550244355,-0.002622380927324486,2.7102659032607335e-06,0.0,0.9998947565372174,0.049719649546134934,0.0,0.34814929962158203,1.5268597602844238,0.25536981225013733,0.0010355515405535698,0.0065465690568089485,1.5258243083953857,0.25407475233078003,0.9993427991867065,2.5e-05,-0.3053699731826782,-0.31887754797935486,-0.2127210795879364,-0.21321457624435425,-0.21333150565624237,0.3158830404281616,-0.3150569200515747,-0.3199109435081482,-0.19410409033298492,-0.21140821278095245,-0.22300969064235687,0.018244965001940727,0.1297786682844162,0.01798621006309986,0.12914101779460907
133,1320,1329,10,10,2297,2297,0,0.0,2297,0,0.0,0,10.838490899943281,8.0381521997042,2.0452583999722265,1.5376380992820486,32.10606469999766,53.48757177506242,quality,not_promoted,-0.00018475710466090176,4.176569205406445e-05,0.2744457523028056,-0.002908331096275813,9.971248162956828e-06,0.0,1.00003428508838,0.052009831635384925,0.0,0.2808268070220947,1.5284761190414429,0.26627135276794434,4.1560047975508496e-05,0.006716780364513397,1.5284345149993896,0.26584306359291077,0.9993636608123779,2.5e-05,-0.30547618865966797,-0.3189195692539215,-0.2126966118812561,-0.2132442742586136,-0.21335317194461823,0.3159494400024414,-0.31499341130256653,-0.3200069069862366,-0.19406293332576752,-0.211384579539299,-0.22315800189971924,0.018241772428154945,0.12978625297546387,0.01798621006309986,0.12923294305801392
134,1330,1339,10,10,2850,2850,0,0.0,2850,0,0.0,0,13.763103100005537,10.562923000543378,2.701092399947811,1.9575377993751317,43.68825119995745,49.60718567433033,quality,not_promoted,0.00033291516722076467,4.5840923545862705e-05,0.25496765540705785,-0.002193840560762005,3.133549299055479e-05,0.0006944444444444445,1.0000756667719948,0.04662002147071891,0.0,0.28981176018714905,1.5794445276260376,0.24838002026081085,0.0009097122820094228,0.007125467527657747,1.5785348415374756,0.24845393002033234,0.9991770386695862,2.5e-05,-0.30540671944618225,-0.318879634141922,-0.2126465141773224,-0.2132185697555542,-0.21333295106887817,0.3158685863018036,-0.3151057958602905,-0.32014787197113037,-0.19407252967357635,-0.21142295002937317,-0.22329889237880707,0.01824391447007656,0.12975247204303741,0.01798621006309986,0.12925046682357788
135,1340,1349,10,10,2652,2652,0,0.0,2652,0,0.0,0,13.265434600005392,9.89813910011435,2.2349292000872083,1.8522713012062013,38.425379600026645,51.30505373231974,quality,not_promoted,-0.0005654637435717243,4.623048850286674e-05,0.2789932127509798,-0.0033322805178440397,5.797107047014617e-06,0.0,0.9999734979300272,0.04470100401279827,0.0,0.2083255648612976,1.59019136428833,0.23574481904506683,0.0003827819600701332,0.007223550230264664,1.5898088216781616,0.23646530508995056,0.999061107635498,2.5e-05,-0.3053617775440216,-0.31888771057128906,-0.21265918016433716,-0.2132255584001541,-0.21334807574748993,0.31582921743392944,-0.31531256437301636,-0.32036492228507996,-0.19407719373703003,-0.21158035099506378,-0.2235175520181656,0.018243087455630302,0.12977132201194763,0.01798621006309986,0.12930245697498322
136,1350,1359,10,10,2381,2381,0,0.0,2381,0,0.0,0,11.307186299993191,8.55351289990358,1.8274466000148095,1.642735100351274,33.274305299972184,53.407813748471554,quality,not_promoted,0.003326298681234843,4.5441442436736235e-05,0.2678017059439107,0.0006710025941413876,1.011359534094194e-05,0.0,1.0000596517010738,0.05173505455451576,0.0,0.16991804540157318,1.557739019393921,0.2631502151489258,0.00045631107059307396,0.007053305860608816,1.557282567024231,0.2631106376647949,0.9992815852165222,2.5e-05,-0.30534690618515015,-0.3190552592277527,-0.21273981034755707,-0.21332241594791412,-0.21344436705112457,0.3159543573856354,-0.3154647648334503,-0.32055309414863586,-0.19402754306793213,-0.21167749166488647,-0.2236761599779129,0.018243933096528053,0.1298530399799347,0.01798621006309986,0.12938934564590454
137,1360,1369,10,10,2384,2384,0,0.0,2384,0,0.0,0,11.158957000006922,8.509248199989088,1.7328938000719063,1.6079525985987857,34.090094799990766,52.68618689596766,quality,not_promoted,2.614052132948449e-05,4.1816382595004e-05,0.27930562590297897,-0.0027460067343015814,1.6007037438133632e-05,0.0,0.9999089915501443,0.053979620263960804,0.0,0.2852970063686371,1.528120994567871,0.2632198631763458,0.0011508994502946734,0.006540023256093264,1.5269701480865479,0.2634963095188141,0.9993826746940613,2.5e-05,-0.30537357926368713,-0.31912440061569214,-0.2127615511417389,-0.21337361633777618,-0.21348606050014496,0.3159552812576294,-0.31549879908561707,-0.32063373923301697,-0.1940184086561203,-0.211700901389122,-0.22387471795082092,0.018247144296765327,0.1298772394657135,0.01798621006309986,0.12943348288536072
138,1370,1379,10,10,3801,3801,0,0.0,3801,0,0.0,0,20.994023600011133,14.839085099752992,4.632955599925481,2.6411266014329158,56.27293079998344,49.193086870268395,quality,not_promoted,-0.00035129962294983366,4.41788231303993e-05,0.19364263930668432,-0.0022656369779724627,9.911353742069196e-05,0.0025468749925494196,1.0005705306927364,0.05097961635328829,0.0,0.33626997470855713,1.493505597114563,0.2656550705432892,0.0007964926771819592,0.007028397638350725,1.4927090406417847,0.2652336359024048,0.9993000626564026,2.5e-05,-0.3053310215473175,-0.3191705644130707,-0.21278442442417145,-0.2134033739566803,-0.21350198984146118,0.31599852442741394,-0.31570667028427124,-0.3207815885543823,-0.19391849637031555,-0.21185584366321564,-0.22401650249958038,0.01825057715177536,0.12988464534282684,0.01798621006309986,0.12947522103786469
139,1380,1389,10,10,2506,2506,0,0.0,2506,0,0.0,0,12.00044670002535,9.274824499385431,1.6062627001083456,1.7334135998389684,36.84064110001782,51.309258513234525,quality,not_promoted,-0.009676247474271805,3.94098557990219e-05,0.2922151869162917,-0.012578694347757846,2.4373334923666334e-05,0.0001953125,1.0000111021101474,0.06390420633833856,0.0,0.378371000289917,1.5556854009628296,0.2597985565662384,0.0008045823196880519,0.006329119671136141,1.5548808574676514,0.2612262964248657,0.9994065165519714,2.5e-05,-0.3054157495498657,-0.31915050745010376,-0.21278133988380432,-0.2133963406085968,-0.21350207924842834,0.3160381615161896,-0.3157727122306824,-0.320951908826828,-0.19390487670898438,-0.2119106650352478,-0.22424954175949097,0.01825115829706192,0.12992221117019653,0.01798621006309986,0.12954142689704895
140,1390,1399,10,10,2876,2876,0,0.0,2876,0,0.0,0,14.134870299953036,10.779744399653282,1.9820734000531957,1.9162367014796473,43.12448569998378,50.22759948615513,quality,not_promoted,2.4787667724821304e-06,4.861631752848754e-05,0.24576678052544593,-0.0024308807889206543,8.108101061073588e-06,0.0,0.999965755144755,0.05813715437220202,0.0,0.36702921986579895,1.5245585441589355,0.24382953345775604,0.0010402076877653599,0.007145379204303026,1.5235183238983154,0.24343572556972504,0.9991412162780762,2.5e-05,-0.30549848079681396,-0.31918054819107056,-0.21280930936336517,-0.21341994404792786,-0.2135504186153412,0.3161073625087738,-0.31572943925857544,-0.3210505247116089,-0.19391585886478424,-0.21188004314899445,-0.22436441481113434,0.01824828051030636,0.12995710968971252,0.01798621006309986,0.12956631183624268
141,1400,1409,10,10,2244,2244,0,0.0,2244,0,0.0,0,10.557308999996167,7.830918800376821,1.9523798000300303,1.5614599011605605,31.511364299978595,53.341354123505155,quality,not_promoted,-0.0049617900513112545,5.1112701688301364e-05,0.27324652713206077,-0.007668699084509474,3.135584524392875e-05,0.00021701388888888888,0.999830812215805,0.05873623514910125,0.0,0.20954617857933044,1.5181763172149658,0.27364227175712585,0.0008657650905661285,0.007727690506726503,1.5173108577728271,0.271697998046875,0.9992024898529053,2.5e-05,-0.30562105774879456,-0.31934061646461487,-0.21292874217033386,-0.21353134512901306,-0.21364392340183258,0.3162456750869751,-0.315833181142807,-0.3211776316165924,-0.1939377784729004,-0.211961567401886,-0.22450728714466095,0.018247386440634727,0.13004623353481293,0.01798621006309986,0.12958213686943054
142,1410,1419,10,10,2842,2842,0,0.0,2842,0,0.0,0,13.315405200002715,10.367043499543797,2.4416918001370504,1.9284584980341606,41.69535090000136,51.66262384820756,quality,not_promoted,-6.690062582492828e-05,4.137017163480373e-05,0.27707285897599326,-0.002816945014314519,7.9992007514799e-05,0.001736111111111111,1.0001521123780144,0.06261430853563878,0.0,0.34872475266456604,1.5732394456863403,0.2525206506252289,0.000608410220593214,0.006821598391979933,1.5726311206817627,0.2540827691555023,0.9992702603340149,2.5e-05,-0.30555662512779236,-0.31937646865844727,-0.21298770606517792,-0.21355865895748138,-0.21366940438747406,0.31623974442481995,-0.31605064868927,-0.32151710987091064,-0.19389164447784424,-0.2120959758758545,-0.22472406923770905,0.01826068013906479,0.13008266687393188,0.01798621006309986,0.12971118092536926
143,1420,1429,10,10,2498,2498,0,0.0,2498,0,0.0,0,11.74631610000506,8.973467899835669,1.8271126999752596,1.6218137000105344,35.80409549997421,52.53371981329156,quality,not_promoted,-0.01504929775837809,4.598645111855149e-05,0.25333852004259827,-0.017559689957124647,2.494190448487643e-05,0.000390625,1.0004262275993825,0.048173857107758525,0.0,0.16581057012081146,1.5323429107666016,0.2534351646900177,0.0009516385034658015,0.006626212503761053,1.5313913822174072,0.2535073161125183,0.999316394329071,2.5e-05,-0.3055681884288788,-0.3195168972015381,-0.2130623161792755,-0.21365758776664734,-0.21375034749507904,0.31634315848350525,-0.31616175174713135,-0.3218365013599396,-0.19379766285419464,-0.21219171583652496,-0.2249208241701126,0.018261969089508057,0.1301526129245758,0.01798621006309986,0.12975972890853882
144,1430,1439,10,10,2541,2541,0,0.0,2541,0,0.0,0,11.770173400000203,8.990845599619206,1.813741400022991,1.657341600221116,35.774490599986166,53.444483275783135,quality,not_promoted,-0.0004684598476160318,4.681733071265626e-05,0.2674649927765131,-0.0031197015603538604,8.85706325504998e-05,0.001171875,1.0000154003500938,0.04878640139941126,0.0,0.1356326788663864,1.556972622871399,0.2583775520324707,0.000382241269107908,0.007050227373838425,1.5565904378890991,0.25788402557373047,0.9992554187774658,2.5e-05,-0.3054748773574829,-0.3196219503879547,-0.21312494575977325,-0.21373355388641357,-0.21382808685302734,0.3163262605667114,-0.31635794043540955,-0.3220950961112976,-0.19367343187332153,-0.2123197764158249,-0.22513383626937866,0.018264641985297203,0.1301775723695755,0.01798621006309986,0.1298236846923828
145,1440,1449,10,10,2753,2753,0,0.0,2753,0,0.0,0,13.854879699996673,10.193102899938822,3.081194700091146,1.826344298722688,41.213849399995524,49.99207435859256,quality,not_promoted,-0.02411866328276863,5.164508188086488e-05,0.2615263057364659,-0.026708104827610605,0.00013752978735613976,0.0015980113636363637,0.9996272745457563,0.05748924784446982,0.0,0.49619314074516296,1.5717785358428955,0.24399606883525848,0.0010596092324703932,0.007370693143457174,1.5707190036773682,0.2419954091310501,0.9990874528884888,2.5e-05,-0.3054458796977997,-0.3196835517883301,-0.21322502195835114,-0.21380427479743958,-0.21385779976844788,0.31638988852500916,-0.3165290355682373,-0.3222527503967285,-0.19372420012950897,-0.21242429316043854,-0.2252616137266159,0.018273767083883286,0.13020166754722595,0.01798621006309986,0.12987466156482697
146,1450,1459,10,10,2470,2470,0,0.0,2470,0,0.0,0,12.076826600008644,9.14523950079456,1.9377858001971617,1.7139535007299855,35.739569500030484,51.65592142980384,quality,not_promoted,-0.0018586590050313717,6.799234492623677e-05,0.27709039396200424,-0.004595567176763255,7.715664768954575e-05,0.0021402665342275915,1.0001250742337642,0.0736390507947176,0.0,0.366073876619339,1.5561861991882324,0.2541287839412689,-0.0004646217275876552,0.009563894011080265,1.5566507577896118,0.24857847392559052,0.9985836744308472,2.5e-05,-0.30535486340522766,-0.3198186159133911,-0.21331550180912018,-0.2139037698507309,-0.2139577865600586,0.3163335621356964,-0.31655439734458923,-0.3222711682319641,-0.1937236487865448,-0.21243567764759064,-0.2253517508506775,0.018274657428264618,0.13025926053524017,0.01798621006309986,0.12989136576652527
147,1460,1469,10,10,2915,2915,0,0.0,2915,0,0.0,0,16.32606410002336,11.204217299411539,3.9624878999893554,2.0353467992390506,42.78650149999885,49.31269638546876,quality,not_promoted,0.0019066440822232676,4.168253027945985e-05,0.2701794683285382,-0.000774308279885546,6.459996322776178e-05,0.001188858695652174,0.9998728412648906,0.06843192326714811,0.0,0.34345999360084534,1.605161428451538,0.25992351770401,-0.0006158365868031979,0.007524551823735237,1.6057772636413574,0.25682735443115234,0.999161958694458,2.5e-05,-0.30535316467285156,-0.3198433220386505,-0.2132880687713623,-0.21391817927360535,-0.21399737894535065,0.316359281539917,-0.31663092970848083,-0.32243749499320984,-0.19379942119121552,-0.21252141892910004,-0.225447416305542,0.018280744552612305,0.13026592135429382,0.01798621006309986,0.12994177639484406
148,1470,1479,10,10,6759,6759,0,0.0,6759,0,0.0,0,51.69226930005243,32.34452550136484,1.9503496999386698,7.65773100143997,98.66917360003572,44.951683554215464,quality,not_promoted,0.0005352575867876129,0.008503267936420051,0.10158781849621039,0.0037710132691811523,2.5861258585347243e-07,0.0,1.000009298043431,0.23192038197281226,0.04245283018867924,0.7536320090293884,1.5416991710662842,0.24152790009975433,-0.008532519452273846,0.09227687865495682,1.550231695175171,0.20942986011505127,0.8540341854095459,2.5e-05,-0.30533847212791443,-0.319859117269516,-0.21328747272491455,-0.21392880380153656,-0.2140088975429535,0.3163491189479828,-0.3166470229625702,-0.32247498631477356,-0.19380228221416473,-0.21253518760204315,-0.22546416521072388,0.018279820680618286,0.13026973605155945,0.01798621006309986,0.12994524836540222
149,1480,1489,10,10,2910,2910,0,0.0,2910,0,0.0,0,15.195340999984182,11.387021401431412,2.232483299972955,1.9689581989077851,43.28904089995194,49.75687363814267,quality,not_promoted,0.0002601367785878803,7.674177919872581e-05,0.2682754037820775,-0.0023842454386834543,2.6967334164233446e-05,0.0,0.9999811668758807,0.07461623276543358,0.0,0.320606529712677,1.5816302299499512,0.2768043577671051,-0.0021811756305396557,0.011563246138393879,1.5838114023208618,0.2714022696018219,0.9982549548149109,2.5e-05,-0.30547034740448,-0.3199823796749115,-0.21338340640068054,-0.21401236951351166,-0.2140817940235138,0.31650471687316895,-0.31675708293914795,-0.32242926955223083,-0.19378222525119781,-0.2126074880361557,-0.2254662662744522,0.018277453258633614,0.1303107738494873,0.01798621006309986,0.12998716533184052
150,1490,1499,10,10,2333,2333,0,0.0,2333,0,0.0,0,11.622424600005616,8.584513200563379,2.4935009000473656,1.484411900746636,33.796754400013015,51.36596590614381,quality,not_promoted,0.0045266702418794505,6.318840511281647e-05,0.279111572012708,0.00176714887414631,7.703606700555906e-05,0.0016891891891891893,0.9997737697652869,0.0825503851488434,0.0,0.40330687165260315,1.5814865827560425,0.2666223347187042,-0.003272169502452016,0.009703421965241432,1.5847587585449219,0.2620970606803894,0.9986754655838013,2.5e-05,-0.30548715591430664,-0.3200247883796692,-0.21347320079803467,-0.2140434831380844,-0.21412329375743866,0.31658032536506653,-0.3168071210384369,-0.32256895303726196,-0.1936553716659546,-0.21264022588729858,-0.2255493551492691,0.018285216763615608,0.130319744348526,0.01798621006309986,0.12998943030834198
151,1500,1509,10,10,2400,2400,0,0.0,2400,0,0.0,0,11.859358399990015,8.68433340016054,2.4313573999679647,1.6419544990058057,34.992437799985055,51.225357289530706,quality,not_promoted,0.0007538207328731293,6.464918389706566e-05,0.30628483232698944,-0.0022767033997776083,2.8605580155272037e-05,0.0006167763157894736,1.0000349824365817,0.07063473810098674,0.0,0.3345186114311218,1.6022472381591797,0.27782976627349854,-0.003941616974771023,0.008937959559261799,1.6061887741088867,0.27735525369644165,0.9989650249481201,2.5e-05,-0.3054954707622528,-0.3201432228088379,-0.213521346449852,-0.21409645676612854,-0.21419720351696014,0.31661829352378845,-0.3169025182723999,-0.32269415259361267,-0.19367040693759918,-0.21270349621772766,-0.22563642263412476,0.018280958756804466,0.13036394119262695,0.01798621006309986,0.13005328178405762
152,1510,1519,10,10,2543,2543,0,0.0,2543,0,0.0,0,11.964125400001649,9.264522900048178,1.8797182997805066,1.6574033008655533,37.23401920002652,51.68894113129916,quality,not_promoted,-0.000860812934115529,5.738270135680068e-05,0.28067640755325557,-0.0036388852953678,7.56593783979298e-06,0.0,1.0000617988407612,0.06530216943938286,0.0,0.28790751099586487,1.571955919265747,0.2788027822971344,-0.004027332179248333,0.008734088391065598,1.5759831666946411,0.2788762152194977,0.9990186095237732,2.5e-05,-0.3056459128856659,-0.3201877474784851,-0.21356846392154694,-0.21412315964698792,-0.2141893208026886,0.3167632818222046,-0.3170146346092224,-0.32272258400917053,-0.19370783865451813,-0.21278898417949677,-0.22581586241722107,0.018277980387210846,0.13038307428359985,0.01798621006309986,0.13013075292110443
153,1520,1529,10,10,2321,2321,0,0.0,2321,0,0.0,0,11.010478999989573,8.433877799951006,1.6518341998453252,1.5267394018592313,32.4707321000169,53.379377926289045,quality,not_promoted,0.006972510317290151,5.758153585358397e-05,0.28867020739896876,0.0041146003074843335,4.828520300056757e-05,0.0004222972972972973,0.9998751129653003,0.09949463755647475,0.013513513513513514,0.6794347167015076,1.5438613891601562,0.283877432346344,-0.00504501024261117,0.008130029775202274,1.5489065647125244,0.2843059003353119,0.9991797804832458,2.5e-05,-0.3057132959365845,-0.32022741436958313,-0.2136121690273285,-0.21416613459587097,-0.21422035992145538,0.31681060791015625,-0.317199170589447,-0.32282555103302,-0.1936943382024765,-0.2129165232181549,-0.22602981328964233,0.018285764381289482,0.13042163848876953,0.01798621006309986,0.13020221889019012
154,1530,1539,10,10,2842,2842,0,0.0,2842,0,0.0,0,14.663473599997815,10.250041899387725,4.295215500111226,2.0162494010291994,40.14213510003174,51.856006482023936,quality,not_promoted,-0.0022019631125860745,5.184623587410897e-05,0.23562768879863952,-0.004532316779821284,4.3083475997541934e-05,0.0005208333333333333,0.9998449093765682,0.05069478093129065,0.0,0.23487646877765656,1.6176583766937256,0.27044838666915894,-0.003761294763535261,0.007825640961527824,1.6214196681976318,0.2718816101551056,0.9991627335548401,2.5e-05,-0.3058071732521057,-0.3203623592853546,-0.21376533806324005,-0.21426764130592346,-0.21430650353431702,0.3169802129268646,-0.3172895312309265,-0.32293564081192017,-0.19362686574459076,-0.21299315989017487,-0.2260909527540207,0.018285615369677544,0.13046304881572723,0.01798621006309986,0.13023518025875092
155,1540,1549,10,10,2301,2301,0,0.0,2301,0,0.0,0,10.874960699991789,8.529235698806588,1.658520600060001,1.5920141998212785,33.78207620000467,51.52603396308595,quality,not_promoted,-0.0001223984032144977,4.7244795142533905e-05,0.2992993048909638,-0.0030917683163554305,4.2235141816288684e-05,0.0,0.9998413589265611,0.07649219805736923,0.0,0.40200236439704895,1.5520275831222534,0.27280762791633606,-0.002655460499227047,0.007156267296522856,1.5546832084655762,0.2735556662082672,0.9993118643760681,2.5e-05,-0.3059143126010895,-0.32042965292930603,-0.21375317871570587,-0.21431539952754974,-0.21435540914535522,0.31713736057281494,-0.3174923062324524,-0.3231106996536255,-0.19370070099830627,-0.2131236046552658,-0.22628873586654663,0.01827612891793251,0.13047555088996887,0.01798621006309986,0.1302815079689026
156,1550,1559,10,10,2333,2333,0,0.0,2333,0,0.0,0,11.130276000010781,8.36080149980262,1.9602298000245355,1.563608599593863,33.14226329996018,52.696322300210376,quality,not_promoted,-0.0005436548459771517,4.4577719858647765e-05,0.2898593184513015,-0.00341995942683236,1.3433824829866202e-05,0.0,0.9999669919142852,0.07206034722008012,0.0,0.4027022421360016,1.5455188751220703,0.28318578004837036,-0.003678796347230673,0.006940722931176424,1.549197793006897,0.2846476137638092,0.9993993043899536,2.5e-05,-0.3058936893939972,-0.32051634788513184,-0.21379581093788147,-0.21437805891036987,-0.21444261074066162,0.31717607378959656,-0.31767693161964417,-0.3233437240123749,-0.19351518154144287,-0.21326015889644623,-0.22654660046100616,0.018275562673807144,0.13050541281700134,0.01798621006309986,0.13034963607788086
157,1560,1569,10,10,3017,3017,0,0.0,3017,0,0.0,0,14.582880500005558,11.064882400503848,2.690914499980863,2.1801789005403407,44.00423349998891,51.495965478010824,quality,not_promoted,-0.0031207203088949123,4.8979131785624e-05,0.2532177958637476,-0.0056284081607979415,5.726889968379426e-05,0.0008138020833333334,0.9998147897422314,0.0660193807949933,0.0,0.34056901931762695,1.6046425104141235,0.25548791885375977,-0.0028507758397608995,0.007237771525979042,1.607493281364441,0.2570440173149109,0.9991974830627441,2.5e-05,-0.3059525489807129,-0.32036036252975464,-0.21370594203472137,-0.21427011489868164,-0.21435357630252838,0.31706827878952026,-0.31782570481300354,-0.3233760595321655,-0.19336383044719696,-0.2133299708366394,-0.2266615629196167,0.01826952025294304,0.13043753802776337,0.01798621006309986,0.13034901022911072
158,1570,1579,10,10,2311,2311,0,0.0,2311,0,0.0,0,12.323155299993232,8.384700799419079,3.972209599975031,1.6297096974449232,33.406640300003346,50.5359792161453,quality,not_promoted,-0.00043981567629285763,4.5013210404470774e-05,0.28789034264313207,-0.0032962122302804446,8.564483552028243e-05,0.0010557432432432433,0.9999614631807482,0.08620535380936958,0.0,0.45944905281066895,1.5393377542495728,0.2692570984363556,-0.0014780693454667926,0.0069253407418727875,1.5408157110214233,0.2704375684261322,0.9993384480476379,2.5e-05,-0.30597928166389465,-0.32047799229621887,-0.21376053988933563,-0.21435587108135223,-0.21442268788814545,0.3171369731426239,-0.31791967153549194,-0.3234836757183075,-0.19336146116256714,-0.21338623762130737,-0.22679904103279114,0.018267573788762093,0.13046880066394806,0.01798621006309986,0.13034933805465698
159,1580,1589,10,10,2739,2739,0,0.0,2739,0,0.0,0,13.948285199992824,10.239739999524318,3.5336457999655977,1.8770144016016275,39.51206460001413,51.23423266489071,quality,not_promoted,-0.00035344642522030096,4.304638061808493e-05,0.26041306278040244,-0.002936054324341375,3.3770351119872344e-05,0.0001816860465116279,1.000097585278888,0.07464338999328225,0.011627906976744186,0.506087601184845,1.5784358978271484,0.24887743592262268,-0.002390643348917365,0.006972664035856724,1.5808265209197998,0.25105467438697815,0.9992150664329529,2.5e-05,-0.3059573173522949,-0.3205360770225525,-0.2137541025876999,-0.2143898457288742,-0.21445631980895996,0.3171408772468567,-0.31802472472190857,-0.32364585995674133,-0.19333654642105103,-0.21345114707946777,-0.22701649367809296,0.018268896266818047,0.1304847002029419,0.01798621006309986,0.13037851452827454
160,1590,1599,10,10,7018,7018,0,0.0,7018,0,0.0,0,52.73384240001906,32.789770099392626,2.0285607000114396,8.403728600766044,98.36747040000046,46.445658677289096,quality,not_promoted,-4.325191786682064e-05,0.007903570202965553,0.10919464862990108,0.0028165871690196747,3.702367882193772e-07,0.0,0.9999967228282581,0.2063375646396625,0.03636363636363636,1.014448642730713,1.5567299127578735,0.27026838064193726,-0.008922931738197803,0.08892092108726501,1.5656527280807495,0.24230939149856567,0.8917526006698608,2.5e-05,-0.30593541264533997,-0.320531964302063,-0.21373429894447327,-0.21438656747341156,-0.2144545316696167,0.3171268701553345,-0.3180278241634369,-0.32365408539772034,-0.19332988560199738,-0.2134503573179245,-0.2270403355360031,0.018269632011651993,0.13048243522644043,0.01798621006309986,0.13038624823093414
161,1600,1609,10,10,2390,2390,0,0.0,2390,0,0.0,0,11.903861200029496,8.630128399468958,2.7414356000954285,1.6718671004637145,34.62087159999646,51.37052608711955,quality,not_promoted,9.32180494266121e-05,5.8790442979347734e-05,0.303700292777074,-0.002914388475657784,1.1389629480019817e-06,0.0,0.9999870195200569,0.04957687153824066,0.0,0.21894128620624542,1.5842163562774658,0.26394909620285034,-0.002361082937568426,0.00838364940136671,1.5865775346755981,0.2661064863204956,0.9989911317825317,2.5e-05,-0.30594298243522644,-0.3205302655696869,-0.21372173726558685,-0.2143862098455429,-0.21442954242229462,0.31714242696762085,-0.31808099150657654,-0.32377445697784424,-0.19334834814071655,-0.21349918842315674,-0.227109894156456,0.018270662054419518,0.13047204911708832,0.01798621006309986,0.13041803240776062
162,1610,1619,10,10,2797,2797,0,0.0,2797,0,0.0,0,13.1851667999872,10.312202799657825,2.1121718998765573,1.9353778988588601,41.67311190004693,50.98592347918965,quality,not_promoted,0.00017593206774274057,4.715839480178891e-05,0.29950225658037444,-0.0027955106978135354,6.846478519471268e-06,0.0,0.9999890185215257,0.06882703143425963,0.0,0.24734820425510406,1.5885604619979858,0.2493056058883667,-0.002664108294993639,0.007729991339147091,1.5912244319915771,0.25163835287094116,0.9990386366844177,2.5e-05,-0.30587777495384216,-0.32076701521873474,-0.21385261416435242,-0.21455033123493195,-0.2145806849002838,0.3172864317893982,-0.3184065818786621,-0.32412412762641907,-0.19327938556671143,-0.2137313038110733,-0.22730335593223572,0.018275687471032143,0.1305377185344696,0.01798621006309986,0.1304919719696045
163,1620,1629,10,10,2984,2984,0,0.0,2984,0,0.0,0,16.008778600022197,11.421084499394055,3.068107500032056,2.044709003646858,44.04267340002116,49.69072188292542,quality,not_promoted,0.0002065116361259146,5.143101536808164e-05,0.2565019132292017,-0.0023327923820730535,0.00011618092406585693,0.0021941489440963622,0.9997912100020875,0.05963487568450101,0.0,0.4875662624835968,1.5830007791519165,0.2380799800157547,-0.0018498674035072327,0.007999618537724018,1.584850788116455,0.23953036963939667,0.9988710284233093,2.5e-05,-0.3059570789337158,-0.32074111700057983,-0.21387597918510437,-0.21453239023685455,-0.21457721292972565,0.3173343241214752,-0.31836092472076416,-0.32411327958106995,-0.19316893815994263,-0.2136966735124588,-0.2274051010608673,0.01827292889356613,0.13056446611881256,0.01798621006309986,0.1304951012134552
164,1630,1639,10,10,2163,2163,0,0.0,2163,0,0.0,0,10.083024799998384,7.745575200708117,1.5241767999832518,1.4413024993846193,30.31894310005009,53.53699615204646,quality,not_promoted,-0.0009155805301441647,4.80688427160203e-05,0.2805888142217608,-0.0036974338855703965,4.13824224832591e-05,0.00022977941176470588,0.9997900163426119,0.07223818301880623,0.0,0.4811350107192993,1.5473757982254028,0.27013200521469116,9.658560884417966e-05,0.007467377465218306,1.5472794771194458,0.2716097831726074,0.9992358684539795,2.5e-05,-0.3058733642101288,-0.3207661211490631,-0.2138935625553131,-0.2145502269268036,-0.2146078199148178,0.31732940673828125,-0.31839385628700256,-0.32425642013549805,-0.1930719017982483,-0.21371786296367645,-0.2275543063879013,0.018269315361976624,0.13061083853244781,0.01798621006309986,0.13048765063285828
165,1640,1649,10,10,2509,2509,0,0.0,2509,0,0.0,0,11.69228049996309,9.227072699170094,1.59810469992226,1.5847221000585705,36.32150530000217,52.255825242628866,quality,not_promoted,0.003003562428057194,4.2813725508494825e-05,0.26012079436331986,0.0004237613815348595,2.2475466986726643e-05,0.0,1.0000854842364788,0.04716834463179111,0.0,0.1773565262556076,1.5654363632202148,0.2565039396286011,-0.0005883651901967824,0.006863510236144066,1.5660247802734375,0.2566625773906708,0.999284029006958,2.5e-05,-0.30571863055229187,-0.320927232503891,-0.21395570039749146,-0.21466310322284698,-0.2147265076637268,0.3174058794975281,-0.3184053897857666,-0.32450684905052185,-0.1929842233657837,-0.21372587978839874,-0.22775354981422424,0.018266085535287857,0.13066905736923218,0.01798621006309986,0.13057120144367218
166,1650,1659,10,10,2704,2704,0,0.0,2704,0,0.0,0,13.060716600040905,10.074365200474858,2.0909437000518665,1.9372731991461478,40.79018670000369,50.212713887712276,quality,not_promoted,-0.003978867116275915,4.548844857666598e-05,0.2701978756244792,-0.006658101324425187,7.14678726792552e-05,0.0012718023255813954,0.9998495079750238,0.04429176063168534,0.0,0.2304665893316269,1.580886721611023,0.24326097965240479,-0.0006577336462214589,0.007093828171491623,1.5815443992614746,0.2431005835533142,0.9991496205329895,2.5e-05,-0.30564895272254944,-0.3210636079311371,-0.214021697640419,-0.21475623548030853,-0.2148270457983017,0.3174538314342499,-0.3185683786869049,-0.3247232139110565,-0.19289374351501465,-0.21383978426456451,-0.2279544323682785,0.018264932557940483,0.13072311878204346,0.01798621006309986,0.13064676523208618
167,1660,1669,10,10,2796,2796,0,0.0,2796,0,0.0,0,14.526372899999842,10.661812400678173,2.55747249990236,1.9825253997696564,41.602097399998456,49.81429183898648,quality,not_promoted,-0.0006068823012438687,4.7935071610151105e-05,0.24624528786675495,-0.003045367754318497,4.04577859957168e-06,0.0,0.9999686222184788,0.0520144921452315,0.0,0.20745112001895905,1.5623787641525269,0.24810577929019928,-0.00012015156244160607,0.007199232000857592,1.562498927116394,0.24901017546653748,0.9991580247879028,2.5e-05,-0.3057045042514801,-0.3209810256958008,-0.21399743854999542,-0.21469567716121674,-0.21477313339710236,0.3173704743385315,-0.3187780976295471,-0.3250572979450226,-0.19297590851783752,-0.21400238573551178,-0.2282496839761734,0.018262295052409172,0.13074545562267303,0.01798621006309986,0.13071849942207336
168,1670,1679,10,10,2536,2536,0,0.0,2536,0,0.0,0,12.93154219997814,9.431971299753059,2.3451980000245385,1.5889475978328846,35.945814400038216,51.884966299489925,quality,not_promoted,0.0005201822146773339,4.419391480041668e-05,0.2365213792771101,-0.0018229346722364425,3.543106904544402e-05,0.0005859375,0.9999461978673935,0.053143432631623,0.0,0.33541467785835266,1.4798692464828491,0.26746922731399536,0.00021140635362826288,0.006875229999423027,1.479657769203186,0.26775074005126953,0.9993392825126648,2.5e-05,-0.30570611357688904,-0.32117894291877747,-0.21411234140396118,-0.21483443677425385,-0.21488185226917267,0.3174703121185303,-0.31886568665504456,-0.325160413980484,-0.19306467473506927,-0.21406283974647522,-0.2283952832221985,0.01826634630560875,0.1308392435312271,0.01798621006309986,0.1308145523071289
169,1680,1689,10,10,2225,2225,0,0.0,2225,0,0.0,0,10.406844799988903,7.963128799980041,1.690857799956575,1.5142976008355618,31.833547299960628,52.67470043211693,quality,not_promoted,0.00044523863387959344,4.232853576208332e-05,0.2684681055801255,-0.0022182785174144166,2.0326236570765234e-05,0.0,0.999962420122964,0.0647672969049641,0.014285714285714285,0.5092641711235046,1.503374695777893,0.27126988768577576,-3.8680849684169516e-05,0.006696014665067196,1.5034133195877075,0.27202630043029785,0.999390721321106,2.5e-05,-0.3058377206325531,-0.3212554454803467,-0.21422936022281647,-0.21488702297210693,-0.21491576731204987,0.3175952732563019,-0.31901344656944275,-0.32530221343040466,-0.1930568516254425,-0.21417494118213654,-0.22865264117717743,0.018261030316352844,0.13089075684547424,0.01798621006309986,0.13087500631809235
170,1690,1699,10,10,2521,2521,0,0.0,2521,0,0.0,0,12.061591300007422,9.222861000162084,1.8112049001501873,1.6828132008668035,37.16317999997409,51.21405206002342,quality,not_promoted,9.247683919966221e-06,3.550849160092184e-05,0.24155579088255763,-0.002388555515790358,8.010185109874612e-06,0.0,1.0000744685530663,0.04761072441469878,0.0,0.2872622609138489,1.535603642463684,0.25192779302597046,-6.687148925266229e-06,0.006247731391340494,1.5356101989746094,0.2515657842159271,0.9993849992752075,2.5e-05,-0.3058311641216278,-0.32134878635406494,-0.21433977782726288,-0.2149525284767151,-0.21497219800949097,0.31766748428344727,-0.318990021944046,-0.32538414001464844,-0.19290189445018768,-0.21416345238685608,-0.2288457155227661,0.01826287992298603,0.13094358146190643,0.01798621006309986,0.13091342151165009
171,1700,1709,10,10,2378,2378,0,0.0,2378,0,0.0,0,11.487551699974574,8.63038340053754,2.162196399876848,1.5419938988052309,33.721873399976175,52.599651394429934,quality,not_promoted,0.00023418325183324908,4.675882164998544e-05,0.25554453542357997,-0.002297882453268884,2.2387781535527257e-06,0.0,0.999956602328702,0.05131492658371204,0.0,0.23293976485729218,1.5224106311798096,0.26236194372177124,-0.0002923128195106983,0.007237318437546492,1.5227028131484985,0.2613351047039032,0.9992390275001526,2.5e-05,-0.30589476227760315,-0.3214728534221649,-0.214429572224617,-0.21503905951976776,-0.21503739058971405,0.31777167320251465,-0.3190337121486664,-0.3254416584968567,-0.1929459422826767,-0.2141737937927246,-0.22901082038879395,0.01826164871454239,0.13101354241371155,0.01798621006309986,0.1309385597705841
172,1710,1719,10,10,2883,2883,0,0.0,2883,0,0.0,0,14.714012999960687,11.140726699552033,1.625915199983865,1.9906308978097513,43.771469000028446,49.29428469103727,quality,not_promoted,0.010277697107876125,3.937011007337787e-05,0.2612958255669345,0.007684424615708058,6.904290251480669e-06,0.00016983695652173913,1.000057550876037,0.05293067087135885,0.0,0.45831605792045593,1.5664522647857666,0.2696145474910736,0.00025678591919131577,0.006685416679829359,1.5661952495574951,0.27048444747924805,0.9993851780891418,2.5e-05,-0.3058036267757416,-0.3216249644756317,-0.21458189189434052,-0.21514108777046204,-0.21511100232601166,0.31780049204826355,-0.3192068338394165,-0.32556891441345215,-0.19286610186100006,-0.2142719179391861,-0.22926607728004456,0.018262824043631554,0.13111616671085358,0.01798621006309986,0.1309850811958313
173,1720,1729,10,10,2626,2626,0,0.0,2626,0,0.0,0,13.508391799987294,9.592311800748575,2.887776200135704,1.6978748019901104,38.638840300031006,50.35741868261265,quality,not_promoted,-0.008719908140067543,4.947398030621809e-05,0.24746061950212433,-0.011169776808293093,1.3682147428404451e-05,0.0003720238095238095,0.9999554029532841,0.056015864990296815,0.0,0.27699926495552063,1.539076805114746,0.25004711747169495,0.0005208009388297796,0.007185149472206831,1.5385558605194092,0.25016409158706665,0.9991742968559265,2.5e-05,-0.30573996901512146,-0.3217526376247406,-0.21467557549476624,-0.21523062884807587,-0.21520647406578064,0.3178764879703522,-0.3194728195667267,-0.3258110284805298,-0.19278565049171448,-0.21446160972118378,-0.2295876294374466,0.018265150487422943,0.13115952908992767,0.01798621006309986,0.13108941912651062
174,1730,1739,10,10,2185,2185,0,0.0,2185,0,0.0,0,10.973768900032155,7.975697100278921,2.3454172000056133,1.5915337988408282,30.631042599969078,52.5179641782522,quality,not_promoted,-0.007340096323085683,5.485104073678875e-05,0.26179544414792744,-0.009930625381613416,4.470114822652249e-06,0.0,0.9999461625303541,0.05117751123117549,0.0,0.13096408545970917,1.5044676065444946,0.24304522573947906,0.0005973168299533427,0.007549770176410675,1.5038702487945557,0.24198226630687714,0.9990350604057312,2.5e-05,-0.305752694606781,-0.3219977021217346,-0.21489636600017548,-0.2153983861207962,-0.2153904139995575,0.3180161118507385,-0.31957632303237915,-0.32603660225868225,-0.192722886800766,-0.21453289687633514,-0.22975297272205353,0.018265509977936745,0.13126052916049957,0.01798621006309986,0.13112755119800568
175,1740,1749,10,10,2612,2612,0,0.0,2612,0,0.0,0,12.440729600028135,9.536337700090371,2.269377400050871,1.7625268995761871,37.813230799976736,51.97600306939683,quality,not_promoted,-9.879441477540063e-05,3.779679787485071e-05,0.261634717082105,-0.0026962430082920303,2.8672529216547866e-05,0.0007621951219512195,1.0001514350495688,0.053458849377021556,0.0,0.22132231295108795,1.5784122943878174,0.2509864568710327,-0.0006935711717233062,0.006527184043079615,1.579106092453003,0.25151142477989197,0.9993236660957336,2.5e-05,-0.3058568239212036,-0.3220355212688446,-0.2148582935333252,-0.2154317945241928,-0.21540947258472443,0.3181038200855255,-0.31964927911758423,-0.32618552446365356,-0.1926449090242386,-0.21457669138908386,-0.2298799455165863,0.018267160281538963,0.13127455115318298,0.01798621006309986,0.1311112493276596
176,1750,1759,10,10,2744,2744,0,0.0,2744,0,0.0,0,13.8491178000113,10.452416599495336,1.806766599882394,1.9808949995203875,40.58316420001211,50.41126146426895,quality,not_promoted,-0.00019539030658644298,3.808594002018867e-05,0.26915267621015393,-0.002867874161470248,9.600893949831262e-06,0.0001816860465116279,0.999940064064292,0.0506817233683758,0.0,0.23141340911388397,1.5852344036102295,0.25130322575569153,-2.107754880853463e-05,0.006499933078885078,1.5852552652359009,0.25018709897994995,0.999330997467041,2.5e-05,-0.30587053298950195,-0.3219734728336334,-0.2148582637310028,-0.2153884470462799,-0.21535223722457886,0.3179893493652344,-0.3196979761123657,-0.3263939917087555,-0.1926669031381607,-0.21461308002471924,-0.23001880943775177,0.0182736087590456,0.13127125799655914,0.01798621006309986,0.13113246858119965
177,1760,1769,10,10,7122,7122,0,0.0,7122,0,0.0,0,55.10741960001178,33.8168221989763,2.9243248999118805,9.823025899589993,103.31828079995466,44.95482729140271,quality,not_promoted,-0.00041245339421688447,0.008304658492063157,0.08706529343700302,0.002869223397283349,9.100983608401059e-08,0.0,1.0000011351491724,0.19015752176970377,0.03571428571428571,0.7021802663803101,1.5824267864227295,0.2460322380065918,-0.009153248742222786,0.09302008152008057,1.5915800333023071,0.210392028093338,0.8570548892021179,2.5e-05,-0.30586811900138855,-0.3219563961029053,-0.21484610438346863,-0.21537522971630096,-0.21533924341201782,0.3179692327976227,-0.31968653202056885,-0.32641860842704773,-0.19266749918460846,-0.21460406482219696,-0.23003385961055756,0.01827617548406124,0.1312669813632965,0.01798621006309986,0.1311333030462265
178,1770,1779,10,10,2541,2541,0,0.0,2541,0,0.0,0,13.333633100031875,9.474190299690235,2.3882715000072494,1.7013223001849838,37.033192400005646,50.44987399489982,quality,not_promoted,5.446827417472377e-05,5.1405777344371015e-05,0.26238360423594714,-0.0025436637108214198,1.5572882159631262e-05,0.0001953125,0.9999994784593582,0.05805514925159514,0.0,0.22652889788150787,1.5421446561813354,0.25879544019699097,0.0006541670300066471,0.007931471802294254,1.5414906740188599,0.2588373124599457,0.9990607500076294,2.5e-05,-0.30593612790107727,-0.32215002179145813,-0.21502335369586945,-0.21550476551055908,-0.2154691517353058,0.3181387484073639,-0.3197040259838104,-0.3266344666481018,-0.19269698858261108,-0.21461811661720276,-0.2302289605140686,0.018281210213899612,0.13135133683681488,0.01798621006309986,0.13115555047988892
179,1780,1789,10,10,2791,2791,0,0.0,2791,0,0.0,0,19.561691999959294,10.154706300643738,8.363398699904792,1.8436637011473067,41.02114490000531,46.06915329185634,quality,not_promoted,-0.0014938886002214117,4.599603020820227e-05,0.25420515645634045,-0.004012941484688781,4.261297344692655e-05,0.0007102272727272727,0.9999618171290918,0.0459815606855872,0.0,0.27410510182380676,1.5601224899291992,0.24707922339439392,0.000326998473610729,0.007235758472234011,1.5597954988479614,0.2464044690132141,0.9991423487663269,2.5e-05,-0.30611762404441833,-0.3222760260105133,-0.21510189771652222,-0.21559016406536102,-0.21556903421878815,0.3183504641056061,-0.31991565227508545,-0.3269200325012207,-0.19263608753681183,-0.21476371586322784,-0.23047232627868652,0.01828453503549099,0.13140298426151276,0.01798621006309986,0.13122640550136566
180,1790,1799,10,10,2432,2432,0,0.0,2432,0,0.0,0,11.549422300013248,8.838358900102321,1.8356599998660386,1.662781999562867,35.20236699999077,52.01939939440544,quality,not_promoted,-0.00018560348421727357,4.2888278226440124e-05,0.27467117713470207,-0.00291087097904988,5.7006555404146444e-05,0.0010279605263157894,1.0003969316419803,0.06266017674811576,0.0,0.28658607602119446,1.556078314781189,0.25763237476348877,0.0006407363689504564,0.006647095084190369,1.5554375648498535,0.25750020146369934,0.9993343353271484,2.5e-05,-0.3060232996940613,-0.32247254252433777,-0.21528935432434082,-0.21572838723659515,-0.21572022140026093,0.318410724401474,-0.32018473744392395,-0.3270206153392792,-0.19254307448863983,-0.21493075788021088,-0.23062609136104584,0.018289636820554733,0.13146376609802246,0.01798621006309986,0.13126598298549652
181,1800,1809,10,10,2402,2402,0,0.0,2402,0,0.0,0,11.341104199993424,8.71098970080493,1.9024322000332177,1.6198261013487354,34.150864299968816,52.800528954951545,quality,not_promoted,0.0017236450834101752,5.368737981227337e-05,0.2718117437080333,-0.0009676286702558986,1.5141048130454979e-05,0.0,0.9999729504710749,0.052078276480499064,0.0,0.22543935477733612,1.5420256853103638,0.25874441862106323,0.0006475327536463737,0.007926026359200478,1.5413782596588135,0.2578800916671753,0.999061644077301,2.5e-05,-0.30604287981987,-0.32246166467666626,-0.21529532968997955,-0.2157173752784729,-0.2157500982284546,0.3184092938899994,-0.32035398483276367,-0.3272276520729065,-0.19247004389762878,-0.2150508314371109,-0.23083089292049408,0.018292507156729698,0.1314760148525238,0.01798621006309986,0.13133357465267181
182,1810,1819,10,10,2571,2571,0,0.0,2571,0,0.0,0,12.547742899972945,9.562954899738543,2.4806777000194415,1.7134632998495363,37.912120199995115,50.95138674685836,quality,not_promoted,-0.0028934616640937036,4.5540117021229845e-05,0.25275227154900387,-0.005398214743586212,5.837689562188244e-05,0.0007621951219512195,0.9997640564674284,0.050730292639899546,0.0,0.14627249538898468,1.5573678016662598,0.25079047679901123,0.000922100618481636,0.006890822201967239,1.5564457178115845,0.25051170587539673,0.9992450475692749,2.5e-05,-0.3059768080711365,-0.3225443959236145,-0.2153637409210205,-0.21577338874340057,-0.2158040851354599,0.3183824419975281,-0.3206069767475128,-0.32743534445762634,-0.19240933656692505,-0.21522647142410278,-0.23103255033493042,0.01829906739294529,0.13152699172496796,0.01798621006309986,0.13144508004188538
183,1820,1829,10,10,3273,3273,0,0.0,3273,0,0.0,0,16.047627399966586,12.214644499646965,1.9424607999972068,2.0239823988522403,48.72385339997709,50.53149873335683,quality,not_promoted,-0.0009800289811279911,3.4061354584152396e-05,0.21648386543473372,-0.0031278367028929866,6.573155751077309e-05,0.0007512019230769231,0.9999670351927097,0.07667649445088151,0.0,0.47001710534095764,1.4830678701400757,0.26926693320274353,6.46178305032663e-05,0.006011286284774542,1.4830032587051392,0.26897040009498596,0.9995015859603882,2.5e-05,-0.3059369921684265,-0.32255327701568604,-0.21534648537635803,-0.21578317880630493,-0.21585962176322937,0.3183256983757019,-0.32092443108558655,-0.3279038965702057,-0.19231972098350525,-0.21543942391872406,-0.23142306506633759,0.018292870372533798,0.13153119385242462,0.01798621006309986,0.1315523386001587
184,1830,1839,10,10,7156,7156,0,0.0,7156,0,0.0,0,54.75113809999311,33.697989399253856,2.04570000001695,10.211862201453187,103.91931780002778,45.09976327608861,quality,not_promoted,0.0001510776616799246,0.00900827221983848,0.10507860208911422,0.0036044280077476287,5.066449275794147e-07,0.0,0.9999882302113942,0.21407428612915932,0.05357142857142857,0.9942494034767151,1.5717750787734985,0.24965086579322815,-0.00911673903465271,0.09609101712703705,1.580891728401184,0.21322894096374512,0.8518507480621338,2.5e-05,-0.30594784021377563,-0.3225463330745697,-0.215350940823555,-0.2157789021730423,-0.2158675640821457,0.3183368444442749,-0.3209336996078491,-0.32792267203330994,-0.19230177998542786,-0.21544897556304932,-0.23145350813865662,0.0182940773665905,0.13153187930583954,0.01798621006309986,0.1315590739250183
185,1840,1849,10,10,3370,3370,0,0.0,3370,0,0.0,0,19.707968000031542,13.148221599753015,7.041913200169802,2.4085381989134476,50.80920990003506,47.78977407144391,quality,not_promoted,-0.0011030442766704648,5.5049308152860557e-05,0.24370591736064767,-0.0035125781729255083,0.0001587776257436863,0.002800707547169811,0.9998491114040591,0.0766744962541984,0.0,0.296566367149353,1.5563554763793945,0.252045214176178,0.0005546155152842402,0.007883518002927303,1.5558007955551147,0.2537285089492798,0.9990216493606567,2.5e-05,-0.3061034083366394,-0.3224516808986664,-0.2153853327035904,-0.21571367979049683,-0.21581962704658508,0.3183988928794861,-0.32130423188209534,-0.3283124268054962,-0.1923547238111496,-0.21564112603664398,-0.23177243769168854,0.0182889886200428,0.13155779242515564,0.01798621006309986,0.1317126452922821
186,1850,1859,10,10,2635,2635,0,0.0,2635,0,0.0,0,12.69729909999296,9.570325500331819,1.999727400019765,1.825669699930586,38.01928730000509,51.95538948970157,quality,not_promoted,-0.0006033060406999928,5.268545241744418e-05,0.26709447322147234,-0.003247908979011256,0.0001005172771443984,0.001488095238095238,1.000213962935266,0.09853218837330739,0.011904761904761904,2.095226287841797,1.5549070835113525,0.25425198674201965,0.0010807982180267572,0.007714372128248215,1.5538263320922852,0.2561536431312561,0.9990794062614441,2.5e-05,-0.30608677864074707,-0.3224243223667145,-0.21538983285427094,-0.21569503843784332,-0.21580259501934052,0.3183351457118988,-0.32143881916999817,-0.32856935262680054,-0.19245260953903198,-0.21575301885604858,-0.23194077610969543,0.018270332366228104,0.13155443966388702,0.01798621006309986,0.1318008303642273
187,1860,1869,10,10,2384,2384,0,0.0,2384,0,0.0,0,17.916452100034803,8.758527600613888,8.649645600002259,1.5554882028372958,34.118020299996715,45.81578115508203,quality,not_promoted,0.0025776814620353675,5.132438498453427e-05,0.2777473803021406,-0.00017412955946239985,2.4152709030252146e-05,0.0,1.0000768688164259,0.06031437101773918,0.0,0.25687384605407715,1.5702874660491943,0.25974059104919434,0.0011637168936431408,0.007469251751899719,1.56912362575531,0.2590094208717346,0.9991730451583862,2.5e-05,-0.3060533106327057,-0.32255491614341736,-0.2155049592256546,-0.2157866656780243,-0.21589332818984985,0.31837114691734314,-0.32152047753334045,-0.32872840762138367,-0.19243845343589783,-0.21580448746681213,-0.23205065727233887,0.01827714778482914,0.13162237405776978,0.01798621006309986,0.13185076415538788
188,1870,1879,10,10,2329,2329,0,0.0,2329,0,0.0,0,11.95506910001859,8.431743799650576,3.0016243999707513,1.6139822014374658,32.6834692999837,52.17464736703567,quality,not_promoted,0.0010990181912642878,6.0571037859001477e-05,0.3023204086600123,-0.0018939000579553682,1.9008779135391877e-05,0.0,0.9999056418199797,0.06287099524224932,0.0,0.34243375062942505,1.5294458866119385,0.2603040635585785,0.0006262260139919817,0.007881109602749348,1.5288195610046387,0.26143893599510193,0.9990833401679993,2.5e-05,-0.30609938502311707,-0.32256457209587097,-0.21554191410541534,-0.21578751504421234,-0.21589866280555725,0.3183972239494324,-0.3217160105705261,-0.3289778232574463,-0.1924598067998886,-0.21593806147575378,-0.23221558332443237,0.018284890800714493,0.13164779543876648,0.01798621006309986,0.13193082809448242
189,1880,1889,10,10,2285,2285,0,0.0,2285,0,0.0,0,12.238976900000125,8.476170699752402,3.127845399954822,1.536849599215202,32.91391980001936,50.60583411028453,quality,not_promoted,9.077917396401365e-05,5.3932376077783476e-05,0.29017309265004265,-0.002783984686377355,0.00011525770576604878,0.0026041666666666665,1.0001969817611907,0.07961075209702055,0.013888888888888888,0.56927889585495,1.532658338546753,0.2560540437698364,0.0014484453713521361,0.00758414575830102,1.531209945678711,0.2552505135536194,0.999122679233551,2.5e-05,-0.3061501681804657,-0.3227326273918152,-0.21562983095645905,-0.21590346097946167,-0.21602390706539154,0.31853315234184265,-0.32187068462371826,-0.3291837275028229,-0.19244295358657837,-0.21604642271995544,-0.2323731780052185,0.01827789470553398,0.13173134624958038,0.01798621006309986,0.1319475919008255
190,1890,1899,10,10,2681,2681,0,0.0,2681,0,0.0,0,13.662850699969567,9.936421600170434,3.0301411998807453,1.8179549002088606,39.70491079997737,50.236321041920895,quality,not_promoted,-0.00021158479198458649,5.247478793535265e-05,0.26979568866746767,-0.0028833041336232177,2.6851639434187834e-05,0.0,1.000063487461635,0.06321196176023,0.0,0.2632790505886078,1.56478750705719,0.25216251611709595,0.0010817378060892224,0.007551806513220072,1.5637056827545166,0.2526725232601166,0.9991031289100647,2.5e-05,-0.306180864572525,-0.32280799746513367,-0.21571482717990875,-0.21595363318920135,-0.21608006954193115,0.31856629252433777,-0.3220955431461334,-0.3295387327671051,-0.1924915313720703,-0.21621648967266083,-0.23261743783950806,0.018281955271959305,0.1317664235830307,0.01798621006309986,0.13204367458820343
191,1900,1909,10,10,2900,2900,0,0.0,2900,0,0.0,0,14.015259199950378,10.660786500375252,3.447605499997735,1.929813499271404,43.81311149999965,50.1483954138536,quality,not_promoted,-0.00011841268481119819,6.263964389844382e-05,0.22940681486026102,-0.0023811610919200693,6.599531485809838e-05,0.0010190217391304348,1.0001122472078905,0.0793663719466523,0.0,0.36492690443992615,1.518290400505066,0.2588784992694855,0.0007040119380690157,0.008168368600308895,1.5175862312316895,0.25782084465026855,0.9990044236183167,2.5e-05,-0.306125283241272,-0.3228679895401001,-0.21582309901714325,-0.21599459648132324,-0.21611566841602325,0.31860026717185974,-0.322271466255188,-0.32983365654945374,-0.19238531589508057,-0.21634411811828613,-0.23280318081378937,0.018269455060362816,0.13180933892726898,0.01798621006309986,0.13216346502304077
192,1910,1919,10,10,2421,2421,0,0.0,2421,0,0.0,0,12.026246199966408,8.934493999928236,2.203085699933581,1.6102359993965365,34.909157300018705,51.581531625711236,quality,not_promoted,0.001373597310463849,4.570662670295477e-05,0.26548053637931224,-0.00125835467693641,1.8090872662556097e-05,0.00041118421052631577,0.9998411826397243,0.0644608160088721,0.0,0.2242382913827896,1.4852561950683594,0.2636435627937317,0.0012212647125124931,0.007176660932600498,1.484034776687622,0.26380065083503723,0.9992589950561523,2.5e-05,-0.3062311112880707,-0.32300540804862976,-0.2159120887517929,-0.21609103679656982,-0.21621403098106384,0.31879866123199463,-0.32253995537757874,-0.33012843132019043,-0.19229786098003387,-0.2165331095457077,-0.23303884267807007,0.01827424205839634,0.13186319172382355,0.01798621006309986,0.13227564096450806
193,1920,1929,10,10,3258,3258,0,0.0,3258,0,0.0,0,17.34741759998724,12.407361101126298,3.1924544000648893,2.157723100448493,48.207334199978504,49.69891442715679,quality,not_promoted,-0.0007189863416201928,5.0509813441820765e-05,0.24390684521081402,-0.0031327993093131514,9.611780971824249e-05,0.002620013522020742,0.99992569287618,0.06824092304005343,0.0,0.31792446970939636,1.5861057043075562,0.23638780415058136,0.00036326603731140494,0.00750728277489543,1.5857423543930054,0.2373414784669876,0.9989914298057556,2.5e-05,-0.3062632083892822,-0.3230823874473572,-0.215882807970047,-0.21614578366279602,-0.21626606583595276,0.31888094544410706,-0.3226209580898285,-0.3302787244319916,-0.19219130277633667,-0.21660810708999634,-0.23323026299476624,0.01827581226825714,0.13187046349048615,0.01798621006309986,0.13231748342514038
194,1930,1939,10,10,2825,2825,0,0.0,2825,0,0.0,0,13.960507999989204,10.535194900236093,2.2578072000760585,1.9407630005152896,41.510583899973426,50.927427300234974,quality,not_promoted,-0.0021830602549016477,5.649048653140198e-05,0.2701539786325561,-0.004856354891995175,8.507780882527843e-05,0.001736111111111111,1.0000060114595626,0.1059833510261443,0.0,0.48657578229904175,1.5556520223617554,0.26443758606910706,0.0009443307644687593,0.008003581315279007,1.5547075271606445,0.26581665873527527,0.999083936214447,2.5e-05,-0.3061380386352539,-0.3231814205646515,-0.21593189239501953,-0.2162221372127533,-0.216321662068367,0.3188808858394623,-0.3227386474609375,-0.3305177390575409,-0.19223883748054504,-0.21669577062129974,-0.23339448869228363,0.01827128231525421,0.13188160955905914,0.01798621006309986,0.13241982460021973
195,1940,1949,10,10,2784,2784,0,0.0,2784,0,0.0,0,14.714218299952336,10.692792298970744,2.1154616000130773,2.082004499156028,40.65760289999889,50.27828125693746,quality,not_promoted,-0.00021676491120491516,4.647986169071704e-05,0.2577201825651256,-0.0027707265028518373,2.1224998900751498e-05,0.0,1.0001109608195045,0.08225177726920017,0.0,0.40797001123428345,1.5383940935134888,0.24831396341323853,0.0007473582518287003,0.007104302290827036,1.5376465320587158,0.24824480712413788,0.9991814494132996,2.5e-05,-0.30626705288887024,-0.3232996165752411,-0.2160743921995163,-0.21630503237247467,-0.21639975905418396,0.3190143406391144,-0.3227972388267517,-0.33054161071777344,-0.1922069489955902,-0.21673966944217682,-0.23345421254634857,0.01826344057917595,0.13192057609558105,0.01798621006309986,0.13244345784187317
196,1950,1959,10,10,2749,2749,0,0.0,2749,0,0.0,0,13.62619939999422,10.327495400502812,1.9512422999250703,1.8975309996167198,41.290119600016624,50.05798003321121,quality,not_promoted,-0.00025114982367254964,4.5437479584083924e-05,0.29094046943409496,-0.003137835601972806,4.100351238353036e-05,0.0003633720930232558,1.000395998012188,0.07559715618574342,0.0,0.33764636516571045,1.5658073425292969,0.2448432892560959,0.0004920453648082912,0.00701947370544076,1.5653152465820312,0.24371439218521118,0.9991780519485474,2.5e-05,-0.30621445178985596,-0.32358571887016296,-0.21627183258533478,-0.21651104092597961,-0.21660661697387695,0.31916338205337524,-0.32287660241127014,-0.3306582570075989,-0.19210240244865417,-0.21682755649089813,-0.23367339372634888,0.01827741600573063,0.13202093541622162,0.01798621006309986,0.13248297572135925
197,1960,1969,10,10,2877,2877,0,0.0,2877,0,0.0,0,18.345938300015405,10.786781499919016,7.866126999957487,1.9667416010634042,42.57840220001526,47.22250542865625,quality,not_promoted,-0.00015069345115787454,5.737470613288072e-05,0.24294952948888143,-0.0025515010269979636,8.262125496811576e-05,0.0020833333333333333,0.9999949872493744,0.07246725783786839,0.0,0.27658766508102417,1.5495103597640991,0.2504672110080719,0.0008902786648832262,0.007921908982098103,1.5486201047897339,0.25108760595321655,0.9989996552467346,2.5e-05,-0.30616042017936707,-0.3235483765602112,-0.21627390384674072,-0.21648886799812317,-0.21659532189369202,0.31917238235473633,-0.3231627941131592,-0.33092036843299866,-0.19197560846805573,-0.21703492105007172,-0.23390769958496094,0.018284587189555168,0.13202136754989624,0.01798621006309986,0.1325634866952896
198,1970,1979,10,10,2560,2560,0,0.0,2560,0,0.0,0,12.276715700048953,9.482572499895468,1.654877699969802,1.6335882003768347,37.545138699992094,51.38307336865989,quality,not_promoted,-5.6910072453320025e-05,5.368195324990665e-05,0.2870426742359996,-0.002900494963978417,7.181223190855235e-06,0.0,0.999999713897705,0.0888240048661828,0.0,0.48042917251586914,1.5386831760406494,0.26083165407180786,0.0005482510896399617,0.007666450925171375,1.5381348133087158,0.2605156898498535,0.9991360902786255,2.5e-05,-0.30618029832839966,-0.3235901892185211,-0.2162901610136032,-0.21651272475719452,-0.21661297976970673,0.31924179196357727,-0.32346948981285095,-0.33123061060905457,-0.19189675152301788,-0.2172619104385376,-0.23415639996528625,0.01828853413462639,0.13203515112400055,0.01798621006309986,0.1327088177204132
199,1980,1989,10,10,2284,2284,0,0.0,2284,0,0.0,0,10.846914499998093,8.274156800005585,1.6340136000071652,1.5712023014202714,32.17274129996076,53.09201009465502,quality,not_promoted,-0.00027158794303735095,4.939252923779552e-05,0.29249193477961755,-0.003171810822095722,2.076150548349334e-05,0.0,1.000041967464818,0.05498347123567429,0.0,0.11759356409311295,1.5198090076446533,0.2733866572380066,0.00027595373103395104,0.007316745817661285,1.5195330381393433,0.27209195494651794,0.9992837309837341,2.5e-05,-0.3062509298324585,-0.32371488213539124,-0.2163608968257904,-0.2165997326374054,-0.216696634888649,0.3193546533584595,-0.32355162501335144,-0.3313184380531311,-0.19177685678005219,-0.21733273565769196,-0.23430941998958588,0.018287472426891327,0.13210448622703552,0.01798621006309986,0.13273587822914124
200,1990,1999,10,10,2847,2847,0,0.0,2847,0,0.0,0,13.706386300036684,10.488080399867613,2.338910999998916,1.9366122016799636,41.713873100001365,51.371105635749615,quality,not_promoted,-0.0005235661131640276,4.6829123291697925e-05,0.2675908628437254,-0.003176060445710189,7.41409944061565e-05,0.0015625,0.9997828834586673,0.06502025884886582,0.0,0.2923399806022644,1.5724555253982544,0.24570859968662262,0.0003753631317522377,0.0071416920982301235,1.5720800161361694,0.24558261036872864,0.9991551637649536,2.5e-05,-0.30630800127983093,-0.3239895701408386,-0.21647489070892334,-0.21679632365703583,-0.21685238182544708,0.3194360136985779,-0.32377323508262634,-0.3316192924976349,-0.19172221422195435,-0.21748919785022736,-0.23452557623386383,0.018282165750861168,0.13220305740833282,0.01798621006309986,0.1327865719795227
