episode,instance_id,reward_version,reward,base_reward,unshaped_training_reward,expected_reward,reward_identity_error,terminated,truncated,task_succeeded,task_failed,terminal_reason,completed_order_ratio,completed_operation_ratio,initial_progress,operation_progress,initial_preference_quality_score,preference_quality_score,actual_preference_quality_score,terminal_failure_penalty_configured,terminal_failure_penalty_applied,flow_time_objective,reconfiguration_cost,worker_load_variance,preference_key,step_count,policy_step_count,forced_action_count,forced_action_ratio,reward_flow,reward_cost,reward_variance,reward_operation_progress,reward_quality,reward_failure,reward_feasibility_shaping
1,train_fatigue_bottleneck_1000000,single_stage_progress_quality_failure_v2,0.34942635839496805,0.34942635839496805,0.34942635839496805,0.34942635839496805,0.0,True,False,True,False,completed,1.0,1.0,0.0,1.0,0.0,0.650573641605032,0.650573641605032,1.0,-0.0,2234.2000000000016,2376.93209801478,4.1480555555555485,d17fb47064bdfcb2,416,416,0,0.0,-2234.2000000000016,-2376.93209801478,-4.1480555555555485,1.0,-0.650573641605032,0.0,0.0
2,train_easy_1000001,single_stage_progress_quality_failure_v2,0.6881128505074832,0.6881128505074832,0.6881128505074832,0.6881128505074832,0.0,True,False,True,False,completed,1.0,1.0,0.0,1.0,0.0,0.31188714949251684,0.31188714949251684,1.0,-0.0,543.9000000000001,661.5379576364799,42.18916666666669,d17fb47064bdfcb2,190,190,0,0.0,-543.9000000000001,-661.5379576364799,-42.18916666666669,1.0,-0.31188714949251684,0.0,0.0
3,train_easy_1000002,single_stage_progress_quality_failure_v2,0.6911646123718468,0.6911646123718465,0.6911646123718465,0.6911646123718465,0.0,True,False,True,False,completed,1.0,1.0,0.0,1.0,0.0,0.3088353876281535,0.3088353876281535,1.0,-0.0,536.2000000000002,876.9188280396402,41.98222222222223,d17fb47064bdfcb2,207,207,0,0.0,-536.2000000000002,-876.9188280396402,-41.98222222222223,1.0,-0.3088353876281535,0.0,0.0
4,train_balanced_1000003,single_stage_progress_quality_failure_v2,-0.5166240324516743,0.4833759675483258,-0.5166240324516742,-0.5166240324516742,0.0,False,True,False,True,horizon,0.9333333333333333,0.9841269841269841,0.0,0.9866666666666667,0.0,1.0,0.5032906991183409,1.0,1.0,1215.8999999999996,1208.84302960724,102.52888888888886,d17fb47064bdfcb2,319,319,0,0.0,-1215.8999999999996,-1208.84302960724,-102.52888888888886,0.9866666666666667,-0.5032906991183409,-1.0,0.0
5,train_balanced_1000004,single_stage_progress_quality_failure_v2,0.6048691970361407,0.6048691970361408,0.6048691970361408,0.6048691970361408,0.0,True,False,True,False,completed,1.0,1.0,0.0,1.0,0.0,0.39513080296385916,0.39513080296385916,1.0,-0.0,783.9000000000002,918.10477405448,38.31555555555558,d17fb47064bdfcb2,237,237,0,0.0,-783.9000000000002,-918.10477405448,-38.31555555555558,1.0,-0.39513080296385916,0.0,0.0
6,train_easy_1000005,single_stage_progress_quality_failure_v2,0.6853618139242676,0.6853618139242675,0.6853618139242675,0.6853618139242675,0.0,True,False,True,False,completed,1.0,1.0,0.0,1.0,0.0,0.31463818607573246,0.31463818607573246,1.0,-0.0,550.9,771.1116848599106,115.23333333333339,d17fb47064bdfcb2,219,219,0,0.0,-550.9,-771.1116848599106,-115.23333333333339,1.0,-0.31463818607573246,0.0,0.0
7,train_balanced_1000006,single_stage_progress_quality_failure_v2,0.6358626536668078,0.6358626536668082,0.6358626536668082,0.6358626536668082,0.0,True,False,True,False,completed,1.0,1.0,0.0,1.0,0.0,0.3641373463331919,0.3641373463331919,1.0,-0.0,687.1999999999997,947.4396158748199,32.3825,d17fb47064bdfcb2,228,228,0,0.0,-687.1999999999997,-947.4396158748199,-32.3825,1.0,-0.3641373463331919,0.0,0.0
8,train_balanced_1000007,single_stage_progress_quality_failure_v2,-0.4895648481653928,0.5104351518346073,-0.4895648481653927,-0.4895648481653927,0.0,False,True,False,True,horizon,0.9166666666666666,0.9811320754716981,0.0,0.9833333333333334,0.0,1.0,0.47289818149872614,1.0,1.0,1076.6000000000001,1120.4853821162897,88.32472222222226,d17fb47064bdfcb2,271,271,0,0.0,-1076.6000000000001,-1120.4853821162897,-88.32472222222226,0.9833333333333334,-0.47289818149872614,-1.0,0.0
9,train_fatigue_bottleneck_1000008,single_stage_progress_quality_failure_v2,0.4157139887757223,0.4157139887757223,0.4157139887757223,0.4157139887757223,0.0,True,False,True,False,completed,1.0,1.0,0.0,1.0,0.0,0.5842860112242777,0.5842860112242777,1.0,-0.0,1686.6000000000004,2042.1794616788297,4.291388888888888,d17fb47064bdfcb2,403,403,0,0.0,-1686.6000000000004,-2042.1794616788297,-4.291388888888887,1.0,-0.5842860112242777,0.0,0.0
10,train_balanced_1000009,single_stage_progress_quality_failure_v2,0.5434536479326119,0.5434536479326117,0.5434536479326117,0.5434536479326117,0.0,True,False,True,False,completed,1.0,1.0,0.0,1.0,0.0,0.45654635206738825,0.45654635206738825,1.0,-0.0,1008.1000000000001,1305.1937050747183,101.94472222222218,d17fb47064bdfcb2,335,335,0,0.0,-1008.1000000000001,-1305.1937050747183,-101.94472222222218,1.0,-0.45654635206738825,0.0,0.0
11,train_easy_1000010,single_stage_progress_quality_failure_v2,0.6910054128757341,0.6910054128757341,0.6910054128757341,0.6910054128757341,0.0,True,False,True,False,completed,1.0,1.0,0.0,1.0,0.0,0.30899458712426586,0.30899458712426586,1.0,-0.0,536.6000000000001,1192.9610092959097,29.44555555555556,d17fb47064bdfcb2,228,228,0,0.0,-536.6000000000001,-1192.9610092959097,-29.44555555555556,1.0,-0.30899458712426586,0.0,0.0
12,train_balanced_1000011,single_stage_progress_quality_failure_v2,-0.4905258571864244,0.5094741428135756,-0.4905258571864244,-0.4905258571864244,0.0,False,True,False,True,horizon,0.9333333333333333,0.9824561403508771,0.0,0.9866666666666667,0.0,1.0,0.4771925238530911,1.0,1.0,1095.3000000000002,867.2450964392899,112.25583333333334,d17fb47064bdfcb2,259,259,0,0.0,-1095.3000000000002,-867.2450964392899,-112.25583333333334,0.9866666666666667,-0.4771925238530911,-1.0,0.0
13,train_balanced_1000012,single_stage_progress_quality_failure_v2,0.5889281507656063,0.5889281507656066,0.5889281507656066,0.5889281507656066,0.0,True,False,True,False,completed,1.0,1.0,0.0,1.0,0.0,0.41107184923439344,0.41107184923439344,1.0,-0.0,837.6000000000001,987.6094873351502,49.932500000000026,d17fb47064bdfcb2,242,242,0,0.0,-837.6000000000001,-987.6094873351502,-49.932500000000026,1.0,-0.41107184923439344,0.0,0.0
14,train_balanced_1000013,single_stage_progress_quality_failure_v2,0.5799623024503409,0.5799623024503407,0.5799623024503407,0.5799623024503407,0.0,True,False,True,False,completed,1.0,1.0,0.0,1.0,0.0,0.42003769754965925,0.42003769754965925,1.0,-0.0,869.1000000000003,1049.2465355722397,64.30472222222224,d17fb47064bdfcb2,279,279,0,0.0,-869.1000000000003,-1049.2465355722397,-64.30472222222224,1.0,-0.42003769754965925,0.0,0.0
15,train_balanced_1000014,single_stage_progress_quality_failure_v2,0.613967766692249,0.6139677666922487,0.6139677666922487,0.6139677666922487,0.0,True,False,True,False,completed,1.0,1.0,0.0,1.0,0.0,0.38603223330775127,0.38603223330775127,1.0,-0.0,754.4999999999999,896.99958073019,79.87583333333332,d17fb47064bdfcb2,244,244,0,0.0,-754.4999999999999,-896.99958073019,-79.87583333333332,1.0,-0.38603223330775127,0.0,0.0
16,train_balanced_1000015,single_stage_progress_quality_failure_v2,-0.5074994623642624,0.4925005376357377,-0.5074994623642624,-0.5074994623642624,0.0,False,True,False,True,horizon,0.9411764705882353,0.984375,0.0,0.9882352941176471,0.0,1.0,0.4957347564819094,1.0,1.0,1179.6999999999998,1162.4834979667799,111.45888888888892,d17fb47064bdfcb2,327,327,0,0.0,-1179.6999999999998,-1162.4834979667799,-111.45888888888892,0.9882352941176471,-0.4957347564819094,-1.0,0.0
17,train_balanced_1000016,single_stage_progress_quality_failure_v2,-0.5021170984845635,0.4978829015154365,-0.5021170984845635,-0.5021170984845635,0.0,False,True,False,True,horizon,0.9285714285714286,0.9655172413793104,0.0,0.9714285714285714,0.0,1.0,0.4735456699131349,1.0,1.0,1079.3999999999996,999.1413936635896,72.40249999999999,d17fb47064bdfcb2,254,254,0,0.0,-1079.3999999999996,-999.1413936635896,-72.40249999999999,0.9714285714285714,-0.4735456699131349,-1.0,0.0
18,train_balanced_1000017,single_stage_progress_quality_failure_v2,0.5316085588977981,0.5316085588977981,0.5316085588977981,0.5316085588977981,0.0,True,False,True,False,completed,1.0,1.0,0.0,1.0,0.0,0.4683914411022018,0.4683914411022018,1.0,-0.0,1057.3000000000004,1400.41227186315,38.83583333333336,d17fb47064bdfcb2,324,324,0,0.0,-1057.3000000000004,-1400.41227186315,-38.83583333333336,1.0,-0.4683914411022018,0.0,0.0
19,train_balanced_1000018,single_stage_progress_quality_failure_v2,0.6090443079734051,0.6090443079734051,0.6090443079734051,0.6090443079734051,0.0,True,False,True,False,completed,1.0,1.0,0.0,1.0,0.0,0.39095569202659486,0.39095569202659486,1.0,-0.0,770.3000000000001,933.1254923442301,56.191388888888916,d17fb47064bdfcb2,232,232,0,0.0,-770.3000000000001,-933.1254923442301,-56.191388888888916,1.0,-0.39095569202659486,0.0,0.0
20,train_easy_1000019,single_stage_progress_quality_failure_v2,0.6801949892302461,0.6801949892302461,0.6801949892302461,0.6801949892302461,0.0,True,False,True,False,completed,1.0,1.0,0.0,1.0,0.0,0.31980501076975393,0.31980501076975393,1.0,-0.0,564.1999999999999,1061.8729998180804,51.62805555555556,d17fb47064bdfcb2,196,196,0,0.0,-564.1999999999999,-1061.8729998180804,-51.62805555555556,1.0,-0.31980501076975393,0.0,0.0
21,train_fatigue_bottleneck_1000020,single_stage_progress_quality_failure_v2,-0.78361747469366,0.21638252530633983,-0.7836174746936602,-0.7836174746936602,0.0,False,True,False,True,horizon,0.8823529411764706,0.948051948051948,0.0,0.95,0.0,1.0,0.7336174746936601,1.0,1.0,3304.7999999999997,6319.255666810234,2.5391666666666604,d17fb47064bdfcb2,489,489,0,0.0,-3304.7999999999997,-6319.255666810234,-2.5391666666666595,0.95,-0.7336174746936601,-1.0,0.0
22,train_balanced_1000021,single_stage_progress_quality_failure_v2,0.5372973941076387,0.5372973941076387,0.5372973941076387,0.5372973941076387,0.0,True,False,True,False,completed,1.0,1.0,0.0,1.0,0.0,0.4627026058923613,0.4627026058923613,1.0,-0.0,1033.3999999999996,1277.9237579688308,119.53916666666673,d17fb47064bdfcb2,343,343,0,0.0,-1033.3999999999996,-1277.9237579688308,-119.53916666666673,1.0,-0.4627026058923613,0.0,0.0
23,train_balanced_1000022,single_stage_progress_quality_failure_v2,0.5393500831498046,0.5393500831498045,0.5393500831498045,0.5393500831498045,0.0,True,False,True,False,completed,1.0,1.0,0.0,1.0,0.0,0.4606499168501955,0.4606499168501955,1.0,-0.0,1024.9000000000003,1590.7713641727307,109.51888888888891,d17fb47064bdfcb2,353,353,0,0.0,-1024.9000000000003,-1590.7713641727307,-109.51888888888891,1.0,-0.4606499168501955,0.0,0.0
24,train_balanced_1000023,single_stage_progress_quality_failure_v2,0.631545708120625,0.631545708120625,0.631545708120625,0.631545708120625,0.0,True,False,True,False,completed,1.0,1.0,0.0,1.0,0.0,0.36845429187937495,0.36845429187937495,1.0,-0.0,700.1000000000005,1014.6526485181915,135.0447222222222,d17fb47064bdfcb2,265,265,0,0.0,-700.1000000000005,-1014.6526485181915,-135.0447222222222,1.0,-0.36845429187937495,0.0,0.0
25,train_balanced_1000024,single_stage_progress_quality_failure_v2,0.5271712867372489,0.5271712867372489,0.5271712867372489,0.5271712867372489,0.0,True,False,True,False,completed,1.0,1.0,0.0,1.0,0.0,0.47282871326275105,0.47282871326275105,1.0,-0.0,1076.3000000000006,1434.9581718169607,81.08583333333338,d17fb47064bdfcb2,339,339,0,0.0,-1076.3000000000006,-1434.9581718169607,-81.08583333333338,1.0,-0.47282871326275105,0.0,0.0
26,train_balanced_1000025,single_stage_progress_quality_failure_v2,0.5314202205393914,0.5314202205393914,0.5314202205393914,0.5314202205393914,0.0,True,False,True,False,completed,1.0,1.0,0.0,1.0,0.0,0.4685797794606086,0.4685797794606086,1.0,-0.0,1058.1000000000006,1278.5510909644195,109.24888888888889,d17fb47064bdfcb2,354,354,0,0.0,-1058.1000000000006,-1278.5510909644195,-109.24888888888889,1.0,-0.4685797794606086,0.0,0.0
27,train_balanced_1000026,single_stage_progress_quality_failure_v2,-0.5412782932887862,0.4587217067112138,-0.5412782932887862,-0.5412782932887862,0.0,False,True,False,True,horizon,0.9444444444444444,0.9868421052631579,0.0,0.9888888888888889,0.0,1.0,0.5301671821776751,1.0,1.0,1354.1000000000006,1350.4495019664703,166.58555555555554,d17fb47064bdfcb2,336,336,0,0.0,-1354.1000000000006,-1350.4495019664703,-166.58555555555554,0.9888888888888889,-0.5301671821776751,-1.0,0.0
28,train_balanced_1000027,single_stage_progress_quality_failure_v2,0.6411626415900831,0.6411626415900833,0.6411626415900833,0.6411626415900833,0.0,True,False,True,False,completed,1.0,1.0,0.0,1.0,0.0,0.35883735840991665,0.35883735840991665,1.0,-0.0,671.6,664.77779964577,8.164722222222222,d17fb47064bdfcb2,200,200,0,0.0,-671.6,-664.77779964577,-8.164722222222222,1.0,-0.35883735840991665,0.0,0.0
29,train_easy_1000028,single_stage_progress_quality_failure_v2,0.659848234905972,0.6598482349059718,0.6598482349059718,0.6598482349059718,0.0,True,False,True,False,completed,1.0,1.0,0.0,1.0,0.0,0.3401517650940282,0.3401517650940282,1.0,-0.0,618.5999999999998,710.00237587418,93.18666666666667,d17fb47064bdfcb2,220,220,0,0.0,-618.5999999999998,-710.00237587418,-93.18666666666667,1.0,-0.3401517650940282,0.0,0.0
30,train_easy_1000029,single_stage_progress_quality_failure_v2,0.6813149378300121,0.6813149378300121,0.6813149378300121,0.6813149378300121,0.0,True,False,True,False,completed,1.0,1.0,0.0,1.0,0.0,0.318685062169988,0.318685062169988,1.0,-0.0,561.3,809.4752920452303,48.6566666666667,d17fb47064bdfcb2,211,211,0,0.0,-561.3,-809.4752920452303,-48.6566666666667,1.0,-0.318685062169988,0.0,0.0
31,train_balanced_1000030,single_stage_progress_quality_failure_v2,0.6143449546920595,0.6143449546920596,0.6143449546920596,0.6143449546920596,0.0,True,False,True,False,completed,1.0,1.0,0.0,1.0,0.0,0.3856550453079404,0.3856550453079404,1.0,-0.0,753.3000000000001,879.1551062572902,19.428055555555563,d17fb47064bdfcb2,242,242,0,0.0,-753.3000000000001,-879.1551062572902,-19.428055555555563,1.0,-0.3856550453079404,0.0,0.0
32,train_high_arrival_pressure_1000031,single_stage_progress_quality_failure_v2,0.42332521959995784,0.42332521959995784,0.42332521959995784,0.42332521959995784,0.0,True,False,True,False,completed,1.0,1.0,0.0,1.0,0.0,0.5766747804000422,0.5766747804000422,1.0,-0.0,1634.6999999999996,1235.3956234154605,37.711388888888884,d17fb47064bdfcb2,356,356,0,0.0,-1634.6999999999996,-1235.3956234154605,-37.711388888888884,1.0,-0.5766747804000422,0.0,0.0
33,train_balanced_1000032,single_stage_progress_quality_failure_v2,0.6107491856677525,0.6107491856677525,0.6107491856677525,0.6107491856677525,0.0,True,False,True,False,completed,1.0,1.0,0.0,1.0,0.0,0.38925081433224756,0.38925081433224756,1.0,-0.0,764.8,805.4711254958806,58.61916666666668,d17fb47064bdfcb2,240,240,0,0.0,-764.8,-805.4711254958806,-58.61916666666668,1.0,-0.38925081433224756,0.0,0.0
34,train_worker_bottleneck_1000033,single_stage_progress_quality_failure_v2,0.4109026160799891,0.4109026160799891,0.4109026160799891,0.4109026160799891,0.0,True,False,True,False,completed,1.0,1.0,0.0,1.0,0.0,0.5890973839200109,0.5890973839200109,1.0,-0.0,1720.3999999999994,2511.0160032252484,40.43222222222227,d17fb47064bdfcb2,392,392,0,0.0,-1720.3999999999994,-2511.0160032252484,-40.43222222222227,1.0,-0.5890973839200109,0.0,0.0
35,train_balanced_1000034,single_stage_progress_quality_failure_v2,0.6255538758275554,0.6255538758275556,0.6255538758275556,0.6255538758275556,0.0,True,False,True,False,completed,1.0,1.0,0.0,1.0,0.0,0.37444612417244433,0.37444612417244433,1.0,-0.0,718.3000000000002,954.9536707862795,175.23999999999992,d17fb47064bdfcb2,239,239,0,0.0,-718.3000000000002,-954.9536707862795,-175.23999999999992,1.0,-0.37444612417244433,0.0,0.0
36,train_balanced_1000035,single_stage_progress_quality_failure_v2,0.5369127516778522,0.5369127516778522,0.5369127516778522,0.5369127516778522,0.0,True,False,True,False,completed,1.0,1.0,0.0,1.0,0.0,0.46308724832214776,0.46308724832214776,1.0,-0.0,1035.0000000000005,1011.6647987554408,17.16805555555557,d17fb47064bdfcb2,333,333,0,0.0,-1035.0000000000005,-1011.6647987554408,-17.16805555555557,1.0,-0.46308724832214776,0.0,0.0
37,train_balanced_1000036,single_stage_progress_quality_failure_v2,-0.5013879408418659,0.4986120591581342,-0.5013879408418658,-0.5013879408418658,0.0,False,True,False,True,horizon,0.9333333333333333,0.9827586206896551,0.0,0.9866666666666667,0.0,1.0,0.48805460750853247,1.0,1.0,1144.0,1187.4110372133598,83.8522222222222,d17fb47064bdfcb2,257,257,0,0.0,-1144.0,-1187.4110372133598,-83.8522222222222,0.9866666666666667,-0.48805460750853247,-1.0,0.0
38,train_easy_1000037,single_stage_progress_quality_failure_v2,0.6871278057718733,0.6871278057718736,0.6871278057718736,0.6871278057718736,0.0,True,False,True,False,completed,1.0,1.0,0.0,1.0,0.0,0.3128721942281264,0.3128721942281264,1.0,-0.0,546.3999999999999,889.1100065117403,43.754722222222235,d17fb47064bdfcb2,205,205,0,0.0,-546.3999999999999,-889.1100065117403,-43.754722222222235,1.0,-0.3128721942281264,0.0,0.0
39,train_machine_bottleneck_1000038,single_stage_progress_quality_failure_v2,0.45597902496485176,0.45597902496485176,0.45597902496485176,0.45597902496485176,0.0,True,False,True,False,completed,1.0,1.0,0.0,1.0,0.0,0.5440209750351482,0.5440209750351482,1.0,-0.0,1431.6999999999996,1281.227569590029,56.086666666666666,d17fb47064bdfcb2,330,330,0,0.0,-1431.6999999999996,-1281.227569590029,-56.086666666666666,1.0,-0.5440209750351482,0.0,0.0
40,train_balanced_1000039,single_stage_progress_quality_failure_v2,0.564838785596611,0.564838785596611,0.564838785596611,0.564838785596611,0.0,True,False,True,False,completed,1.0,1.0,0.0,1.0,0.0,0.43516121440338895,0.43516121440338895,1.0,-0.0,924.4999999999997,1059.7317764905513,166.46888888888887,d17fb47064bdfcb2,300,300,0,0.0,-924.4999999999997,-1059.7317764905513,-166.46888888888887,1.0,-0.43516121440338895,0.0,0.0
41,train_worker_bottleneck_1000040,single_stage_progress_quality_failure_v2,0.33338889814969164,0.33338889814969164,0.33338889814969164,0.33338889814969164,0.0,True,False,True,False,completed,1.0,1.0,0.0,1.0,0.0,0.6666111018503084,0.6666111018503084,1.0,-0.0,2399.4000000000005,2657.697442203291,8.504722222222208,d17fb47064bdfcb2,499,499,0,0.0,-2399.4000000000005,-2657.697442203291,-8.50472222222221,1.0,-0.6666111018503084,0.0,0.0
42,train_fatigue_bottleneck_1000041,single_stage_progress_quality_failure_v2,0.3536172093708563,0.3536172093708563,0.3536172093708563,0.3536172093708563,0.0,True,False,True,False,completed,1.0,1.0,0.0,1.0,0.0,0.6463827906291437,0.6463827906291437,1.0,-0.0,2193.499999999999,2660.578376491416,10.492222222222226,d17fb47064bdfcb2,431,431,0,0.0,-2193.499999999999,-2660.578376491416,-10.492222222222226,1.0,-0.6463827906291437,0.0,0.0
43,train_balanced_1000042,single_stage_progress_quality_failure_v2,0.5817899738194511,0.5817899738194512,0.5817899738194512,0.5817899738194512,0.0,True,False,True,False,completed,1.0,1.0,0.0,1.0,0.0,0.41821002618054887,0.41821002618054887,1.0,-0.0,862.6000000000003,1023.9751882677705,157.73805555555566,d17fb47064bdfcb2,287,287,0,0.0,-862.6000000000003,-1023.9751882677705,-157.73805555555566,1.0,-0.41821002618054887,0.0,0.0
44,train_balanced_1000043,single_stage_progress_quality_failure_v2,0.6144707870346664,0.6144707870346664,0.6144707870346664,0.6144707870346664,0.0,True,False,True,False,completed,1.0,1.0,0.0,1.0,0.0,0.3855292129653336,0.3855292129653336,1.0,-0.0,752.9000000000001,875.3454203457902,27.28222222222224,d17fb47064bdfcb2,248,248,0,0.0,-752.9000000000001,-875.3454203457902,-27.28222222222224,1.0,-0.3855292129653336,0.0,0.0
45,train_easy_1000044,single_stage_progress_quality_failure_v2,0.7061731301123995,0.7061731301123992,0.7061731301123992,0.7061731301123992,0.0,True,False,True,False,completed,1.0,1.0,0.0,1.0,0.0,0.29382686988760076,0.29382686988760076,1.0,-0.0,499.29999999999995,736.6098220093603,39.34472222222225,d17fb47064bdfcb2,188,188,0,0.0,-499.29999999999995,-736.6098220093603,-39.34472222222225,1.0,-0.29382686988760076,0.0,0.0
46,train_high_arrival_pressure_1000045,single_stage_progress_quality_failure_v2,-0.6798787640177071,0.3201212359822929,-0.6798787640177071,-0.6798787640177071,0.0,False,True,False,True,horizon,0.9411764705882353,0.987012987012987,0.0,0.9882352941176471,0.0,1.0,0.6681140581353542,1.0,1.0,2415.7,2896.0270629656707,10.446666666666651,d17fb47064bdfcb2,484,484,0,0.0,-2415.7,-2896.0270629656707,-10.446666666666651,0.9882352941176471,-0.6681140581353542,-1.0,0.0
47,train_reconfiguration_bottleneck_1000046,single_stage_progress_quality_failure_v2,-0.894490756894759,0.10550924310524101,-0.894490756894759,-0.894490756894759,0.0,False,True,False,True,horizon,0.5882352941176471,0.8701298701298701,0.0,0.8705882352941176,0.0,1.0,0.7650789921888765,1.0,1.0,3908.1000000000004,4221.943741425493,2.2247222222222223,d17fb47064bdfcb2,424,424,0,0.0,-3908.1000000000004,-4221.943741425493,-2.224722222222221,0.8705882352941176,-0.7650789921888765,-1.0,0.0
48,train_balanced_1000047,single_stage_progress_quality_failure_v2,0.6376873206504412,0.6376873206504411,0.6376873206504411,0.6376873206504411,0.0,True,False,True,False,completed,1.0,1.0,0.0,1.0,0.0,0.3623126793495589,0.3623126793495589,1.0,-0.0,681.8,1053.6418746709908,32.27222222222222,d17fb47064bdfcb2,206,206,0,0.0,-681.8,-1053.6418746709908,-32.27222222222222,1.0,-0.3623126793495589,0.0,0.0
49,train_easy_1000048,single_stage_progress_quality_failure_v2,0.6962980155506555,0.6962980155506555,0.6962980155506555,0.6962980155506555,0.0,True,False,True,False,completed,1.0,1.0,0.0,1.0,0.0,0.30370198444934443,0.30370198444934443,1.0,-0.0,523.4000000000002,657.5207664544,44.161388888888894,d17fb47064bdfcb2,191,191,0,0.0,-523.4000000000002,-657.5207664544,-44.161388888888894,1.0,-0.30370198444934443,0.0,0.0
50,train_balanced_1000049,single_stage_progress_quality_failure_v2,0.6459600581364053,0.6459600581364052,0.6459600581364052,0.6459600581364052,0.0,True,False,True,False,completed,1.0,1.0,0.0,1.0,0.0,0.3540399418635948,0.3540399418635948,1.0,-0.0,657.7000000000002,632.9371821725102,52.86333333333335,d17fb47064bdfcb2,186,186,0,0.0,-657.7000000000002,-632.9371821725102,-52.86333333333335,1.0,-0.3540399418635948,0.0,0.0
51,train_balanced_1000050,single_stage_progress_quality_failure_v2,0.554964621005411,0.5549646210054109,0.5549646210054109,0.5549646210054109,0.0,True,False,True,False,completed,1.0,1.0,0.0,1.0,0.0,0.44503537899458917,0.44503537899458917,1.0,-0.0,962.3000000000003,1581.5947583751608,206.48583333333332,d17fb47064bdfcb2,336,336,0,0.0,-962.3000000000003,-1581.5947583751608,-206.48583333333332,1.0,-0.44503537899458917,0.0,0.0
52,train_worker_bottleneck_1000051,single_stage_progress_quality_failure_v2,0.36690515501742815,0.36690515501742815,0.36690515501742815,0.36690515501742815,0.0,True,False,True,False,completed,1.0,1.0,0.0,1.0,0.0,0.6330948449825718,0.6330948449825718,1.0,-0.0,2070.6,1772.6913408971814,23.044722222222237,d17fb47064bdfcb2,416,416,0,0.0,-2070.6,-1772.6913408971814,-23.04472222222224,1.0,-0.6330948449825718,0.0,0.0
53,train_balanced_1000052,single_stage_progress_quality_failure_v2,0.5405648903103744,0.5405648903103744,0.5405648903103744,0.5405648903103744,0.0,True,False,True,False,completed,1.0,1.0,0.0,1.0,0.0,0.4594351096896256,0.4594351096896256,1.0,-0.0,1019.9,943.7397009186998,107.30888888888887,d17fb47064bdfcb2,281,281,0,0.0,-1019.9,-943.7397009186998,-107.30888888888887,1.0,-0.4594351096896256,0.0,0.0
54,train_machine_bottleneck_1000053,single_stage_progress_quality_failure_v2,0.4264846998613926,0.4264846998613926,0.4264846998613926,0.4264846998613926,0.0,True,False,True,False,completed,1.0,1.0,0.0,1.0,0.0,0.5735153001386074,0.5735153001386074,1.0,-0.0,1613.699999999999,1776.5006003024282,51.131388888888885,d17fb47064bdfcb2,347,347,0,0.0,-1613.699999999999,-1776.5006003024282,-51.131388888888885,1.0,-0.5735153001386074,0.0,0.0
55,train_balanced_1000054,single_stage_progress_quality_failure_v2,0.6110601894286587,0.6110601894286587,0.6110601894286587,0.6110601894286587,0.0,True,False,True,False,completed,1.0,1.0,0.0,1.0,0.0,0.38893981057134136,0.38893981057134136,1.0,-0.0,763.8000000000002,1098.3498456428708,134.77222222222218,d17fb47064bdfcb2,280,280,0,0.0,-763.8000000000002,-1098.3498456428708,-134.7722222222222,1.0,-0.38893981057134136,0.0,0.0
56,train_balanced_1000055,single_stage_progress_quality_failure_v2,0.5461745027536298,0.5461745027536298,0.5461745027536298,0.5461745027536298,0.0,True,False,True,False,completed,1.0,1.0,0.0,1.0,0.0,0.4538254972463703,0.4538254972463703,1.0,-0.0,997.1000000000003,882.2515151610806,70.03666666666668,d17fb47064bdfcb2,269,269,0,0.0,-997.1000000000003,-882.2515151610806,-70.03666666666668,1.0,-0.4538254972463703,0.0,0.0
57,train_easy_1000056,single_stage_progress_quality_failure_v2,0.686813186813187,0.6868131868131867,0.6868131868131867,0.6868131868131867,0.0,True,False,True,False,completed,1.0,1.0,0.0,1.0,0.0,0.3131868131868133,0.3131868131868133,1.0,-0.0,547.2000000000003,654.6717431618499,134.25222222222223,d17fb47064bdfcb2,210,210,0,0.0,-547.2000000000003,-654.6717431618499,-134.25222222222223,1.0,-0.3131868131868133,0.0,0.0
58,train_easy_1000057,single_stage_progress_quality_failure_v2,0.6584362139917697,0.6584362139917697,0.6584362139917697,0.6584362139917697,0.0,True,False,True,False,completed,1.0,1.0,0.0,1.0,0.0,0.34156378600823034,0.34156378600823034,1.0,-0.0,622.4999999999998,1224.8269583220801,191.37555555555562,d17fb47064bdfcb2,226,226,0,0.0,-622.4999999999998,-1224.8269583220801,-191.37555555555562,1.0,-0.34156378600823034,0.0,0.0
59,train_balanced_1000058,single_stage_progress_quality_failure_v2,0.6253256904637832,0.6253256904637832,0.6253256904637832,0.6253256904637832,0.0,True,False,True,False,completed,1.0,1.0,0.0,1.0,0.0,0.3746743095362168,0.3746743095362168,1.0,-0.0,719.0,1285.911664895841,78.89666666666663,d17fb47064bdfcb2,237,237,0,0.0,-719.0,-1285.911664895841,-78.89666666666665,1.0,-0.3746743095362168,0.0,0.0
60,train_easy_1000059,single_stage_progress_quality_failure_v2,0.6557377049180331,0.6557377049180328,0.6557377049180328,0.6557377049180328,0.0,True,False,True,False,completed,1.0,1.0,0.0,1.0,0.0,0.3442622950819672,0.3442622950819672,1.0,-0.0,630.0,871.1294972175396,32.46888888888889,d17fb47064bdfcb2,244,244,0,0.0,-630.0,-871.1294972175396,-32.46888888888889,1.0,-0.3442622950819672,0.0,0.0
61,train_high_arrival_pressure_1000060,single_stage_progress_quality_failure_v2,0.444148345547413,0.444148345547413,0.444148345547413,0.444148345547413,0.0,True,False,True,False,completed,1.0,1.0,0.0,1.0,0.0,0.555851654452587,0.555851654452587,1.0,-0.0,1501.7999999999995,1264.2268747337998,43.34555555555556,d17fb47064bdfcb2,332,332,0,0.0,-1501.7999999999995,-1264.2268747337998,-43.34555555555556,1.0,-0.555851654452587,0.0,0.0
62,train_easy_1000061,single_stage_progress_quality_failure_v2,0.7146260123868509,0.7146260123868509,0.7146260123868509,0.7146260123868509,0.0,True,False,True,False,completed,1.0,1.0,0.0,1.0,0.0,0.2853739876131491,0.2853739876131491,1.0,-0.0,479.19999999999993,451.54795890598996,39.28666666666668,d17fb47064bdfcb2,159,159,0,0.0,-479.19999999999993,-451.54795890598996,-39.28666666666668,1.0,-0.2853739876131491,0.0,0.0
63,train_machine_bottleneck_1000062,single_stage_progress_quality_failure_v2,0.47296232066845356,0.47296232066845356,0.47296232066845356,0.47296232066845356,0.0,True,False,True,False,completed,1.0,1.0,0.0,1.0,0.0,0.5270376793315464,0.5270376793315464,1.0,-0.0,1337.1999999999998,1022.2474995206013,125.70805555555559,d17fb47064bdfcb2,313,313,0,0.0,-1337.1999999999998,-1022.2474995206013,-125.70805555555559,1.0,-0.5270376793315464,0.0,0.0
64,train_balanced_1000063,single_stage_progress_quality_failure_v2,0.5756500047970836,0.5756500047970835,0.5756500047970835,0.5756500047970835,0.0,True,False,True,False,completed,1.0,1.0,0.0,1.0,0.0,0.4243499952029165,0.4243499952029165,1.0,-0.0,884.5999999999998,1317.744552380959,24.56916666666668,d17fb47064bdfcb2,322,322,0,0.0,-884.5999999999998,-1317.744552380959,-24.56916666666668,1.0,-0.4243499952029165,0.0,0.0
65,train_balanced_1000064,single_stage_progress_quality_failure_v2,0.5764242482467097,0.5764242482467097,0.5764242482467097,0.5764242482467097,0.0,True,False,True,False,completed,1.0,1.0,0.0,1.0,0.0,0.42357575175329026,0.42357575175329026,1.0,-0.0,881.7999999999995,1215.85516618864,81.42138888888887,d17fb47064bdfcb2,293,293,0,0.0,-881.7999999999995,-1215.85516618864,-81.42138888888887,1.0,-0.42357575175329026,0.0,0.0
66,train_balanced_1000065,single_stage_progress_quality_failure_v2,0.5920371009916621,0.5920371009916621,0.5920371009916621,0.5920371009916621,0.0,True,False,True,False,completed,1.0,1.0,0.0,1.0,0.0,0.40796289900833793,0.40796289900833793,1.0,-0.0,826.9000000000002,900.5935887672399,153.0533333333333,d17fb47064bdfcb2,264,264,0,0.0,-826.9000000000002,-900.5935887672399,-153.0533333333333,1.0,-0.40796289900833793,0.0,0.0
67,train_reconfiguration_bottleneck_1000066,single_stage_progress_quality_failure_v2,-0.5780302535640436,0.4219697464359563,-0.5780302535640437,-0.5780302535640437,0.0,False,True,False,True,horizon,0.9333333333333333,0.9855072463768116,0.0,0.9866666666666667,0.0,1.0,0.5646969202307104,1.0,1.0,1556.6999999999996,2368.3526334432413,18.83555555555557,d17fb47064bdfcb2,388,388,0,0.0,-1556.6999999999996,-2368.3526334432413,-18.83555555555557,0.9866666666666667,-0.5646969202307104,-1.0,0.0
68,train_easy_1000067,single_stage_progress_quality_failure_v2,0.69240090012117,0.6924009001211702,0.6924009001211702,0.6924009001211702,0.0,True,False,True,False,completed,1.0,1.0,0.0,1.0,0.0,0.3075990998788299,0.3075990998788299,1.0,-0.0,533.1,686.4213022174403,62.39805555555555,d17fb47064bdfcb2,207,207,0,0.0,-533.1,-686.4213022174403,-62.39805555555555,1.0,-0.3075990998788299,0.0,0.0
69,train_balanced_1000068,single_stage_progress_quality_failure_v2,0.5806638923836254,0.5806638923836254,0.5806638923836254,0.5806638923836254,0.0,True,False,True,False,completed,1.0,1.0,0.0,1.0,0.0,0.4193361076163747,0.4193361076163747,1.0,-0.0,866.5999999999999,880.7600275673602,61.71666666666667,d17fb47064bdfcb2,256,256,0,0.0,-866.5999999999999,-880.7600275673602,-61.71666666666667,1.0,-0.4193361076163747,0.0,0.0
70,train_balanced_1000069,single_stage_progress_quality_failure_v2,0.6266973052015878,0.6266973052015878,0.6266973052015878,0.6266973052015878,0.0,True,False,True,False,completed,1.0,1.0,0.0,1.0,0.0,0.37330269479841216,0.37330269479841216,1.0,-0.0,714.7999999999996,952.1185967989502,193.42138888888897,d17fb47064bdfcb2,255,255,0,0.0,-714.7999999999996,-952.1185967989502,-193.42138888888897,1.0,-0.37330269479841216,0.0,0.0
71,train_worker_bottleneck_1000070,single_stage_progress_quality_failure_v2,0.38976224503053136,0.38976224503053136,0.38976224503053136,0.38976224503053136,0.0,True,False,True,False,completed,1.0,1.0,0.0,1.0,0.0,0.6102377549694686,0.6102377549694686,1.0,-0.0,1878.7999999999995,2022.9037235616806,6.308055555555565,d17fb47064bdfcb2,431,431,0,0.0,-1878.7999999999995,-2022.9037235616806,-6.308055555555565,1.0,-0.6102377549694686,0.0,0.0
72,train_balanced_1000071,single_stage_progress_quality_failure_v2,-0.5489396969779996,0.4510603030220006,-0.5489396969779994,-0.5489396969779994,0.0,False,True,False,True,horizon,0.9411764705882353,0.9852941176470589,0.0,0.9852941176470589,0.0,1.0,0.5342338146250583,1.0,1.0,1376.4,1722.3077528109702,43.61805555555558,d17fb47064bdfcb2,383,383,0,0.0,-1376.4,-1722.3077528109702,-43.61805555555558,0.9852941176470589,-0.5342338146250583,-1.0,0.0
73,train_balanced_1000072,single_stage_progress_quality_failure_v2,0.5715102157451062,0.5715102157451064,0.5715102157451064,0.5715102157451064,0.0,True,False,True,False,completed,1.0,1.0,0.0,1.0,0.0,0.4284897842548936,0.4284897842548936,1.0,-0.0,899.7,1191.02548430546,64.4813888888889,d17fb47064bdfcb2,288,288,0,0.0,-899.7,-1191.02548430546,-64.4813888888889,1.0,-0.4284897842548936,0.0,0.0
74,train_easy_1000073,single_stage_progress_quality_failure_v2,0.6878367534105239,0.6878367534105239,0.6878367534105239,0.6878367534105239,0.0,True,False,True,False,completed,1.0,1.0,0.0,1.0,0.0,0.31216324658947614,0.31216324658947614,1.0,-0.0,544.6,677.0199430346302,67.33888888888889,d17fb47064bdfcb2,215,215,0,0.0,-544.6,-677.0199430346302,-67.33888888888889,1.0,-0.31216324658947614,0.0,0.0
75,train_balanced_1000074,single_stage_progress_quality_failure_v2,0.5628253834247927,0.5628253834247925,0.5628253834247925,0.5628253834247925,0.0,True,False,True,False,completed,1.0,1.0,0.0,1.0,0.0,0.4371746165752075,0.4371746165752075,1.0,-0.0,932.0999999999999,1226.866813180131,93.12555555555555,d17fb47064bdfcb2,304,304,0,0.0,-932.0999999999999,-1226.866813180131,-93.12555555555555,1.0,-0.4371746165752075,0.0,0.0
76,train_balanced_1000075,single_stage_progress_quality_failure_v2,0.647004906453874,0.647004906453874,0.647004906453874,0.647004906453874,0.0,True,False,True,False,completed,1.0,1.0,0.0,1.0,0.0,0.352995093546126,0.352995093546126,1.0,-0.0,654.6999999999999,983.1407654563405,83.56138888888889,d17fb47064bdfcb2,216,216,0,0.0,-654.6999999999999,-983.1407654563405,-83.56138888888889,1.0,-0.352995093546126,0.0,0.0
77,train_balanced_1000076,single_stage_progress_quality_failure_v2,0.618429189857761,0.6184291898577612,0.6184291898577612,0.6184291898577612,0.0,True,False,True,False,completed,1.0,1.0,0.0,1.0,0.0,0.3815708101422388,0.3815708101422388,1.0,-0.0,740.4000000000002,970.8629774451193,105.75999999999998,d17fb47064bdfcb2,243,243,0,0.0,-740.4000000000002,-970.8629774451193,-105.75999999999998,1.0,-0.3815708101422388,0.0,0.0
78,train_balanced_1000077,single_stage_progress_quality_failure_v2,0.5635390250774865,0.5635390250774867,0.5635390250774867,0.5635390250774867,0.0,True,False,True,False,completed,1.0,1.0,0.0,1.0,0.0,0.43646097492251335,0.43646097492251335,1.0,-0.0,929.3999999999997,1127.8835622898796,111.2722222222222,d17fb47064bdfcb2,264,264,0,0.0,-929.3999999999997,-1127.8835622898796,-111.2722222222222,1.0,-0.43646097492251335,0.0,0.0
79,train_balanced_1000078,single_stage_progress_quality_failure_v2,0.6450225757901531,0.6450225757901528,0.6450225757901528,0.6450225757901528,0.0,True,False,True,False,completed,1.0,1.0,0.0,1.0,0.0,0.35497742420984724,0.35497742420984724,1.0,-0.0,660.4,710.8411801505898,66.9288888888889,d17fb47064bdfcb2,209,209,0,0.0,-660.4,-710.8411801505898,-66.9288888888889,1.0,-0.35497742420984724,0.0,0.0
80,train_balanced_1000079,single_stage_progress_quality_failure_v2,0.6381960325479981,0.6381960325479977,0.6381960325479977,0.6381960325479977,0.0,True,False,True,False,completed,1.0,1.0,0.0,1.0,0.0,0.3618039674520023,0.3618039674520023,1.0,-0.0,680.2999999999997,512.7089230896298,19.703333333333337,d17fb47064bdfcb2,203,203,0,0.0,-680.2999999999997,-512.7089230896298,-19.703333333333337,1.0,-0.3618039674520023,0.0,0.0
81,train_balanced_1000080,single_stage_progress_quality_failure_v2,0.5870841487279843,0.5870841487279844,0.5870841487279844,0.5870841487279844,0.0,True,False,True,False,completed,1.0,1.0,0.0,1.0,0.0,0.4129158512720156,0.4129158512720156,1.0,-0.0,843.9999999999997,927.1335886751397,73.12000000000002,d17fb47064bdfcb2,264,264,0,0.0,-843.9999999999997,-927.1335886751397,-73.12000000000002,1.0,-0.4129158512720156,0.0,0.0
82,train_balanced_1000081,single_stage_progress_quality_failure_v2,0.601142170123234,0.6011421701232341,0.6011421701232341,0.6011421701232341,0.0,True,False,True,False,completed,1.0,1.0,0.0,1.0,0.0,0.3988578298767659,0.3988578298767659,1.0,-0.0,796.1999999999999,523.0402228187298,51.208888888888886,d17fb47064bdfcb2,220,220,0,0.0,-796.1999999999999,-523.0402228187298,-51.208888888888886,1.0,-0.3988578298767659,0.0,0.0
83,train_easy_1000082,single_stage_progress_quality_failure_v2,0.7012212937532869,0.7012212937532869,0.7012212937532869,0.7012212937532869,0.0,True,False,True,False,completed,1.0,1.0,0.0,1.0,0.0,0.29877870624671304,0.29877870624671304,1.0,-0.0,511.30000000000007,454.35242295744,47.27805555555555,d17fb47064bdfcb2,166,166,0,0.0,-511.30000000000007,-454.35242295744,-47.27805555555555,1.0,-0.29877870624671304,0.0,0.0
84,train_easy_1000083,single_stage_progress_quality_failure_v2,0.724025582237239,0.724025582237239,0.724025582237239,0.724025582237239,0.0,True,False,True,False,completed,1.0,1.0,0.0,1.0,0.0,0.275974417762761,0.275974417762761,1.0,-0.0,457.4000000000001,411.3911795836599,12.078888888888889,d17fb47064bdfcb2,158,158,0,0.0,-457.4000000000001,-411.3911795836599,-12.078888888888889,1.0,-0.275974417762761,0.0,0.0
85,train_balanced_1000084,single_stage_progress_quality_failure_v2,0.5774783445620792,0.577478344562079,0.577478344562079,0.577478344562079,0.0,True,False,True,False,completed,1.0,1.0,0.0,1.0,0.0,0.4225216554379209,0.4225216554379209,1.0,-0.0,877.9999999999998,702.9367329031401,96.19250000000004,d17fb47064bdfcb2,267,267,0,0.0,-877.9999999999998,-702.9367329031401,-96.19250000000004,1.0,-0.4225216554379209,0.0,0.0
86,train_balanced_1000085,single_stage_progress_quality_failure_v2,0.619962802231866,0.6199628022318661,0.6199628022318661,0.6199628022318661,0.0,True,False,True,False,completed,1.0,1.0,0.0,1.0,0.0,0.38003719776813394,0.38003719776813394,1.0,-0.0,735.6000000000001,770.13269727699,41.94805555555556,d17fb47064bdfcb2,248,248,0,0.0,-735.6000000000001,-770.13269727699,-41.94805555555556,1.0,-0.38003719776813394,0.0,0.0
87,train_high_arrival_pressure_1000086,single_stage_progress_quality_failure_v2,0.39192631785224386,0.39192631785224386,0.39192631785224386,0.39192631785224386,0.0,True,False,True,False,completed,1.0,1.0,0.0,1.0,0.0,0.6080736821477561,0.6080736821477561,1.0,-0.0,1861.8,1290.9631456605605,19.204722222222227,d17fb47064bdfcb2,405,405,0,0.0,-1861.8,-1290.9631456605605,-19.204722222222227,1.0,-0.6080736821477561,0.0,0.0
88,train_balanced_1000087,single_stage_progress_quality_failure_v2,0.5543749422526102,0.5543749422526103,0.5543749422526103,0.5543749422526103,0.0,True,False,True,False,completed,1.0,1.0,0.0,1.0,0.0,0.44562505774738975,0.44562505774738975,1.0,-0.0,964.5999999999998,1483.130657439141,87.0022222222222,d17fb47064bdfcb2,322,322,0,0.0,-964.5999999999998,-1483.130657439141,-87.0022222222222,1.0,-0.44562505774738975,0.0,0.0
89,train_easy_1000088,single_stage_progress_quality_failure_v2,0.6605019815059447,0.6605019815059445,0.6605019815059445,0.6605019815059445,0.0,True,False,True,False,completed,1.0,1.0,0.0,1.0,0.0,0.3394980184940554,0.3394980184940554,1.0,-0.0,616.7999999999998,684.6061515599304,71.01805555555555,d17fb47064bdfcb2,224,224,0,0.0,-616.7999999999998,-684.6061515599304,-71.01805555555555,1.0,-0.3394980184940554,0.0,0.0
90,train_fatigue_bottleneck_1000089,single_stage_progress_quality_failure_v2,0.34301394923393547,0.34301394923393547,0.34301394923393547,0.34301394923393547,0.0,True,False,True,False,completed,1.0,1.0,0.0,1.0,0.0,0.6569860507660645,0.6569860507660645,1.0,-0.0,2298.4000000000005,2452.5009573375805,63.595833333333324,d17fb47064bdfcb2,439,439,0,0.0,-2298.4000000000005,-2452.5009573375805,-63.595833333333324,1.0,-0.6569860507660645,0.0,0.0
91,train_balanced_1000090,single_stage_progress_quality_failure_v2,0.5811700891127471,0.581170089112747,0.581170089112747,0.581170089112747,0.0,True,False,True,False,completed,1.0,1.0,0.0,1.0,0.0,0.41882991088725297,0.41882991088725297,1.0,-0.0,864.8,915.2418245790496,127.4866666666667,d17fb47064bdfcb2,260,260,0,0.0,-864.8,-915.2418245790496,-127.4866666666667,1.0,-0.41882991088725297,0.0,0.0
92,train_balanced_1000091,single_stage_progress_quality_failure_v2,0.5728743972883945,0.5728743972883945,0.5728743972883945,0.5728743972883945,0.0,True,False,True,False,completed,1.0,1.0,0.0,1.0,0.0,0.4271256027116055,0.4271256027116055,1.0,-0.0,894.7000000000002,875.00989789639,71.23138888888887,d17fb47064bdfcb2,282,282,0,0.0,-894.7000000000002,-875.00989789639,-71.23138888888887,1.0,-0.4271256027116055,0.0,0.0
93,train_easy_1000092,single_stage_progress_quality_failure_v2,0.6914832315316355,0.6914832315316354,0.6914832315316354,0.6914832315316354,0.0,True,False,True,False,completed,1.0,1.0,0.0,1.0,0.0,0.3085167684683646,0.3085167684683646,1.0,-0.0,535.4000000000001,599.80518802476,41.71805555555556,d17fb47064bdfcb2,201,201,0,0.0,-535.4000000000001,-599.80518802476,-41.71805555555556,1.0,-0.3085167684683646,0.0,0.0
94,train_balanced_1000093,single_stage_progress_quality_failure_v2,0.6374163391054927,0.6374163391054924,0.6374163391054924,0.6374163391054924,0.0,True,False,True,False,completed,1.0,1.0,0.0,1.0,0.0,0.36258366089450755,0.36258366089450755,1.0,-0.0,682.5999999999999,824.0827879743499,93.94555555555559,d17fb47064bdfcb2,230,230,0,0.0,-682.5999999999999,-824.0827879743499,-93.94555555555559,1.0,-0.36258366089450755,0.0,0.0
95,train_balanced_1000094,single_stage_progress_quality_failure_v2,0.5908710423949974,0.5908710423949972,0.5908710423949972,0.5908710423949972,0.0,True,False,True,False,completed,1.0,1.0,0.0,1.0,0.0,0.4091289576050028,0.4091289576050028,1.0,-0.0,830.9000000000003,860.9670146545403,152.5891666666667,d17fb47064bdfcb2,247,247,0,0.0,-830.9000000000003,-860.9670146545403,-152.5891666666667,1.0,-0.4091289576050028,0.0,0.0
96,train_balanced_1000095,single_stage_progress_quality_failure_v2,0.647528599179797,0.647528599179797,0.647528599179797,0.647528599179797,0.0,True,False,True,False,completed,1.0,1.0,0.0,1.0,0.0,0.35247140082020295,0.35247140082020295,1.0,-0.0,653.2000000000002,622.9880093227898,80.56472222222224,d17fb47064bdfcb2,197,197,0,0.0,-653.2000000000002,-622.9880093227898,-80.56472222222224,1.0,-0.35247140082020295,0.0,0.0
97,train_easy_1000096,single_stage_progress_quality_failure_v2,0.6945650286508075,0.6945650286508075,0.6945650286508075,0.6945650286508075,0.0,True,False,True,False,completed,1.0,1.0,0.0,1.0,0.0,0.3054349713491925,0.3054349713491925,1.0,-0.0,527.7,892.4651350538003,34.14555555555557,d17fb47064bdfcb2,206,206,0,0.0,-527.7,-892.4651350538003,-34.14555555555557,1.0,-0.3054349713491925,0.0,0.0
98,train_balanced_1000097,single_stage_progress_quality_failure_v2,0.5447117566954154,0.5447117566954154,0.5447117566954154,0.5447117566954154,0.0,True,False,True,False,completed,1.0,1.0,0.0,1.0,0.0,0.45528824330458467,0.45528824330458467,1.0,-0.0,1003.0,1408.7554034859193,89.39805555555559,d17fb47064bdfcb2,328,328,0,0.0,-1003.0,-1408.7554034859193,-89.39805555555559,1.0,-0.45528824330458467,0.0,0.0
99,train_balanced_1000098,single_stage_progress_quality_failure_v2,0.6030150753768844,0.6030150753768844,0.6030150753768844,0.6030150753768844,0.0,True,False,True,False,completed,1.0,1.0,0.0,1.0,0.0,0.3969849246231156,0.3969849246231156,1.0,-0.0,790.0,788.9184690790507,35.75555555555557,d17fb47064bdfcb2,238,238,0,0.0,-790.0,-788.9184690790507,-35.75555555555557,1.0,-0.3969849246231156,0.0,0.0
100,train_easy_1000099,single_stage_progress_quality_failure_v2,0.7150944520588762,0.715094452058876,0.715094452058876,0.715094452058876,0.0,True,False,True,False,completed,1.0,1.0,0.0,1.0,0.0,0.28490554794112394,0.28490554794112394,1.0,-0.0,478.1000000000001,517.50814378279,47.8425,d17fb47064bdfcb2,168,168,0,0.0,-478.1000000000001,-517.50814378279,-47.8425,1.0,-0.28490554794112394,0.0,0.0
101,train_balanced_1000100,single_stage_progress_quality_failure_v2,0.6177924217462933,0.6177924217462933,0.6177924217462933,0.6177924217462933,0.0,True,False,True,False,completed,1.0,1.0,0.0,1.0,0.0,0.3822075782537067,0.3822075782537067,1.0,-0.0,742.4,1111.2043739455905,80.6288888888889,d17fb47064bdfcb2,233,233,0,0.0,-742.4,-1111.2043739455905,-80.6288888888889,1.0,-0.3822075782537067,0.0,0.0
102,train_balanced_1000101,single_stage_progress_quality_failure_v2,0.6138735420503377,0.6138735420503376,0.6138735420503376,0.6138735420503376,0.0,True,False,True,False,completed,1.0,1.0,0.0,1.0,0.0,0.3861264579496624,0.3861264579496624,1.0,-0.0,754.8,971.5697924618601,89.44472222222221,d17fb47064bdfcb2,234,234,0,0.0,-754.8,-971.5697924618601,-89.44472222222221,1.0,-0.3861264579496624,0.0,0.0
103,train_worker_bottleneck_1000102,single_stage_progress_quality_failure_v2,0.4041220448575472,0.4041220448575472,0.4041220448575472,0.4041220448575472,0.0,True,False,True,False,completed,1.0,1.0,0.0,1.0,0.0,0.5958779551424528,0.5958779551424528,1.0,-0.0,1769.3999999999994,1205.2080771916894,6.93999999999999,d17fb47064bdfcb2,338,338,0,0.0,-1769.3999999999994,-1205.2080771916894,-6.93999999999999,1.0,-0.5958779551424528,0.0,0.0
104,train_machine_bottleneck_1000103,single_stage_progress_quality_failure_v2,0.5135227661759669,0.5135227661759669,0.5135227661759669,0.5135227661759669,0.0,True,False,True,False,completed,1.0,1.0,0.0,1.0,0.0,0.486477233824033,0.486477233824033,1.0,-0.0,1136.8000000000004,837.470874005,50.2666666666667,d17fb47064bdfcb2,284,284,0,0.0,-1136.8000000000004,-837.470874005,-50.2666666666667,1.0,-0.486477233824033,0.0,0.0
105,train_balanced_1000104,single_stage_progress_quality_failure_v2,0.6086427267194157,0.6086427267194159,0.6086427267194159,0.6086427267194159,0.0,True,False,True,False,completed,1.0,1.0,0.0,1.0,0.0,0.3913572732805842,0.3913572732805842,1.0,-0.0,771.5999999999998,1235.8021494107297,56.33138888888891,d17fb47064bdfcb2,234,234,0,0.0,-771.5999999999998,-1235.8021494107297,-56.33138888888891,1.0,-0.3913572732805842,0.0,0.0
106,train_balanced_1000105,single_stage_progress_quality_failure_v2,0.6024398815201567,0.6024398815201566,0.6024398815201566,0.6024398815201566,0.0,True,False,True,False,completed,1.0,1.0,0.0,1.0,0.0,0.3975601184798434,0.3975601184798434,1.0,-0.0,791.9000000000001,1118.2618518466309,85.40333333333332,d17fb47064bdfcb2,255,255,0,0.0,-791.9000000000001,-1118.2618518466309,-85.40333333333332,1.0,-0.3975601184798434,0.0,0.0
107,train_balanced_1000106,single_stage_progress_quality_failure_v2,0.5477701191400008,0.5477701191400011,0.5477701191400011,0.5477701191400011,0.0,True,False,True,False,completed,1.0,1.0,0.0,1.0,0.0,0.45222988085999893,0.45222988085999893,1.0,-0.0,990.6999999999996,1209.8657666907102,61.02472222222224,d17fb47064bdfcb2,285,285,0,0.0,-990.6999999999996,-1209.8657666907102,-61.02472222222224,1.0,-0.45222988085999893,0.0,0.0
108,train_balanced_1000107,single_stage_progress_quality_failure_v2,-0.46490064823015886,0.5350993517698412,-0.46490064823015875,-0.46490064823015875,0.0,False,True,False,True,horizon,0.9230769230769231,0.9811320754716981,0.0,0.9846153846153847,0.0,1.0,0.4495160328455434,1.0,1.0,979.9000000000001,909.50932681595,79.65666666666674,d17fb47064bdfcb2,251,251,0,0.0,-979.9000000000001,-909.50932681595,-79.65666666666674,0.9846153846153847,-0.4495160328455434,-1.0,0.0
109,train_balanced_1000108,single_stage_progress_quality_failure_v2,0.5720278386881494,0.5720278386881494,0.5720278386881494,0.5720278386881494,0.0,True,False,True,False,completed,1.0,1.0,0.0,1.0,0.0,0.4279721613118505,0.4279721613118505,1.0,-0.0,897.7999999999998,686.5544149939901,78.00555555555557,d17fb47064bdfcb2,241,241,0,0.0,-897.7999999999998,-686.5544149939901,-78.00555555555557,1.0,-0.4279721613118505,0.0,0.0
110,train_balanced_1000109,single_stage_progress_quality_failure_v2,0.5687473339968718,0.5687473339968718,0.5687473339968718,0.5687473339968718,0.0,True,False,True,False,completed,1.0,1.0,0.0,1.0,0.0,0.4312526660031281,0.4312526660031281,1.0,-0.0,909.8999999999999,801.73351425237,186.8691666666667,d17fb47064bdfcb2,262,262,0,0.0,-909.8999999999999,-801.73351425237,-186.8691666666667,1.0,-0.4312526660031281,0.0,0.0
111,train_fatigue_bottleneck_1000110,single_stage_progress_quality_failure_v2,-0.7457164632179077,0.25428353678209226,-0.7457164632179077,-0.7457164632179077,0.0,False,True,False,True,horizon,0.8823529411764706,0.961038961038961,0.0,0.9617647058823531,0.0,1.0,0.7074811691002608,1.0,1.0,2902.3,3026.71302336585,30.418888888888905,d17fb47064bdfcb2,463,463,0,0.0,-2902.3,-3026.71302336585,-30.418888888888905,0.9617647058823531,-0.7074811691002608,-1.0,0.0
112,train_machine_bottleneck_1000111,single_stage_progress_quality_failure_v2,0.5171076445746791,0.5171076445746791,0.5171076445746791,0.5171076445746791,0.0,True,False,True,False,completed,1.0,1.0,0.0,1.0,0.0,0.48289235542532094,0.48289235542532094,1.0,-0.0,1120.6,881.6164821471302,28.004722222222227,d17fb47064bdfcb2,259,259,0,0.0,-1120.6,-881.6164821471302,-28.004722222222227,1.0,-0.48289235542532094,0.0,0.0
113,train_easy_1000112,single_stage_progress_quality_failure_v2,0.6730984967466904,0.6730984967466906,0.6730984967466906,0.6730984967466906,0.0,True,False,True,False,completed,1.0,1.0,0.0,1.0,0.0,0.3269015032533094,0.3269015032533094,1.0,-0.0,582.8000000000001,1003.50891395489,69.60472222222224,d17fb47064bdfcb2,216,216,0,0.0,-582.8000000000001,-1003.50891395489,-69.60472222222224,1.0,-0.3269015032533094,0.0,0.0
114,train_reconfiguration_bottleneck_1000113,single_stage_progress_quality_failure_v2,0.49732686808404825,0.49732686808404825,0.49732686808404825,0.49732686808404825,0.0,True,False,True,False,completed,1.0,1.0,0.0,1.0,0.0,0.5026731319159518,0.5026731319159518,1.0,-0.0,1212.8999999999999,1501.093983582461,20.443333333333314,d17fb47064bdfcb2,349,349,0,0.0,-1212.8999999999999,-1501.093983582461,-20.443333333333314,1.0,-0.5026731319159518,0.0,0.0
115,train_easy_1000114,single_stage_progress_quality_failure_v2,0.7010574282876672,0.7010574282876673,0.7010574282876673,0.7010574282876673,0.0,True,False,True,False,completed,1.0,1.0,0.0,1.0,0.0,0.29894257171233274,0.29894257171233274,1.0,-0.0,511.69999999999993,580.6055419594804,44.06333333333334,d17fb47064bdfcb2,192,192,0,0.0,-511.69999999999993,-580.6055419594804,-44.06333333333334,1.0,-0.29894257171233274,0.0,0.0
116,train_balanced_1000115,single_stage_progress_quality_failure_v2,0.5829487490891425,0.5829487490891425,0.5829487490891425,0.5829487490891425,0.0,True,False,True,False,completed,1.0,1.0,0.0,1.0,0.0,0.4170512509108575,0.4170512509108575,1.0,-0.0,858.5000000000002,715.82897390007,65.3888888888889,d17fb47064bdfcb2,260,260,0,0.0,-858.5000000000002,-715.82897390007,-65.3888888888889,1.0,-0.4170512509108575,0.0,0.0
117,train_high_arrival_pressure_1000116,single_stage_progress_quality_failure_v2,0.4193165140820462,0.4193165140820462,0.4193165140820462,0.4193165140820462,0.0,True,False,True,False,completed,1.0,1.0,0.0,1.0,0.0,0.5806834859179538,0.5806834859179538,1.0,-0.0,1661.8000000000004,900.58096121313,62.90888888888887,d17fb47064bdfcb2,324,324,0,0.0,-1661.8000000000004,-900.58096121313,-62.90888888888887,1.0,-0.5806834859179538,0.0,0.0
118,train_balanced_1000117,single_stage_progress_quality_failure_v2,0.6222452683432715,0.622245268343272,0.622245268343272,0.622245268343272,0.0,True,False,True,False,completed,1.0,1.0,0.0,1.0,0.0,0.37775473165672807,0.37775473165672807,1.0,-0.0,728.5000000000001,931.52651825447,213.01222222222228,d17fb47064bdfcb2,226,226,0,0.0,-728.5000000000001,-931.52651825447,-213.01222222222228,1.0,-0.37775473165672807,0.0,0.0
119,train_high_arrival_pressure_1000118,single_stage_progress_quality_failure_v2,0.45611767836101713,0.45611767836101713,0.45611767836101713,0.45611767836101713,0.0,True,False,True,False,completed,1.0,1.0,0.0,1.0,0.0,0.5438823216389829,0.5438823216389829,1.0,-0.0,1430.9000000000005,1295.0440894217802,44.42222222222224,d17fb47064bdfcb2,300,300,0,0.0,-1430.9000000000005,-1295.0440894217802,-44.42222222222224,1.0,-0.5438823216389829,0.0,0.0
120,train_worker_bottleneck_1000119,single_stage_progress_quality_failure_v2,0.4157427937915744,0.4157427937915744,0.4157427937915744,0.4157427937915744,0.0,True,False,True,False,completed,1.0,1.0,0.0,1.0,0.0,0.5842572062084256,0.5842572062084256,1.0,-0.0,1686.4000000000003,1552.6769026648594,58.58666666666668,d17fb47064bdfcb2,337,337,0,0.0,-1686.4000000000003,-1552.6769026648594,-58.58666666666668,1.0,-0.5842572062084256,0.0,0.0
121,train_machine_bottleneck_1000120,single_stage_progress_quality_failure_v2,0.5055824731409311,0.5055824731409311,0.5055824731409311,0.5055824731409311,0.0,True,False,True,False,completed,1.0,1.0,0.0,1.0,0.0,0.494417526859069,0.494417526859069,1.0,-0.0,1173.5000000000005,1054.7124589168302,102.21138888888892,d17fb47064bdfcb2,286,286,0,0.0,-1173.5000000000005,-1054.7124589168302,-102.21138888888892,1.0,-0.494417526859069,0.0,0.0
122,train_balanced_1000121,single_stage_progress_quality_failure_v2,0.6290626965820926,0.6290626965820927,0.6290626965820927,0.6290626965820927,0.0,True,False,True,False,completed,1.0,1.0,0.0,1.0,0.0,0.37093730341790737,0.37093730341790737,1.0,-0.0,707.6000000000003,574.09077832254,55.36222222222222,d17fb47064bdfcb2,203,203,0,0.0,-707.6000000000003,-574.09077832254,-55.36222222222222,1.0,-0.37093730341790737,0.0,0.0
123,train_fatigue_bottleneck_1000122,single_stage_progress_quality_failure_v2,0.4179873907137134,0.4179873907137134,0.4179873907137134,0.4179873907137134,0.0,True,False,True,False,completed,1.0,1.0,0.0,1.0,0.0,0.5820126092862866,0.5820126092862866,1.0,-0.0,1670.9000000000005,1417.18450515968,8.719166666666672,d17fb47064bdfcb2,359,359,0,0.0,-1670.9000000000005,-1417.18450515968,-8.719166666666672,1.0,-0.5820126092862866,0.0,0.0
124,train_balanced_1000123,single_stage_progress_quality_failure_v2,0.576923076923077,0.5769230769230771,0.5769230769230771,0.5769230769230771,0.0,True,False,True,False,completed,1.0,1.0,0.0,1.0,0.0,0.4230769230769229,0.4230769230769229,1.0,-0.0,879.9999999999998,947.7112792813109,97.87888888888887,d17fb47064bdfcb2,276,276,0,0.0,-879.9999999999998,-947.7112792813109,-97.87888888888887,1.0,-0.4230769230769229,0.0,0.0
125,train_machine_bottleneck_1000124,single_stage_progress_quality_failure_v2,0.43843624406284254,0.43843624406284254,0.43843624406284254,0.43843624406284254,0.0,True,False,True,False,completed,1.0,1.0,0.0,1.0,0.0,0.5615637559371575,0.5615637559371575,1.0,-0.0,1536.9999999999993,788.7866860143808,95.64888888888886,d17fb47064bdfcb2,307,307,0,0.0,-1536.9999999999993,-788.7866860143808,-95.64888888888886,1.0,-0.5615637559371575,0.0,0.0
126,train_high_arrival_pressure_1000125,single_stage_progress_quality_failure_v2,0.4380521282032561,0.4380521282032561,0.4380521282032561,0.4380521282032561,0.0,True,False,True,False,completed,1.0,1.0,0.0,1.0,0.0,0.5619478717967439,0.5619478717967439,1.0,-0.0,1539.4000000000005,1123.80674428295,89.8488888888889,d17fb47064bdfcb2,289,289,0,0.0,-1539.4000000000005,-1123.80674428295,-89.8488888888889,1.0,-0.5619478717967439,0.0,0.0
127,train_balanced_1000126,single_stage_progress_quality_failure_v2,0.6013530443497872,0.6013530443497872,0.6013530443497872,0.6013530443497872,0.0,True,False,True,False,completed,1.0,1.0,0.0,1.0,0.0,0.39864695565021285,0.39864695565021285,1.0,-0.0,795.4999999999999,680.55017023161,81.52249999999998,d17fb47064bdfcb2,241,241,0,0.0,-795.4999999999999,-680.55017023161,-81.52249999999998,1.0,-0.39864695565021285,0.0,0.0
128,train_balanced_1000127,single_stage_progress_quality_failure_v2,0.590987441516868,0.5909874415168679,0.5909874415168679,0.5909874415168679,0.0,True,False,True,False,completed,1.0,1.0,0.0,1.0,0.0,0.4090125584831321,0.4090125584831321,1.0,-0.0,830.4999999999998,850.2370198161098,101.12666666666668,d17fb47064bdfcb2,226,226,0,0.0,-830.4999999999998,-850.2370198161098,-101.12666666666668,1.0,-0.4090125584831321,0.0,0.0
129,train_balanced_1000128,single_stage_progress_quality_failure_v2,0.6187480664122922,0.6187480664122924,0.6187480664122924,0.6187480664122924,0.0,True,False,True,False,completed,1.0,1.0,0.0,1.0,0.0,0.3812519335877076,0.3812519335877076,1.0,-0.0,739.4000000000003,721.01148457796,37.90888888888889,d17fb47064bdfcb2,254,254,0,0.0,-739.4000000000003,-721.01148457796,-37.90888888888889,1.0,-0.3812519335877076,0.0,0.0
130,train_balanced_1000129,single_stage_progress_quality_failure_v2,0.5750706857717927,0.5750706857717927,0.5750706857717927,0.5750706857717927,0.0,True,False,True,False,completed,1.0,1.0,0.0,1.0,0.0,0.4249293142282073,0.4249293142282073,1.0,-0.0,886.7,1036.6033195314099,35.65222222222222,d17fb47064bdfcb2,259,259,0,0.0,-886.7,-1036.6033195314099,-35.65222222222222,1.0,-0.4249293142282073,0.0,0.0
131,train_balanced_1000130,single_stage_progress_quality_failure_v2,0.6015942246954429,0.601594224695443,0.601594224695443,0.601594224695443,0.0,True,False,True,False,completed,1.0,1.0,0.0,1.0,0.0,0.398405775304557,0.398405775304557,1.0,-0.0,794.6999999999999,602.81879128636,47.05000000000001,d17fb47064bdfcb2,226,226,0,0.0,-794.6999999999999,-602.81879128636,-47.05000000000001,1.0,-0.398405775304557,0.0,0.0
132,train_balanced_1000131,single_stage_progress_quality_failure_v2,0.6250325537788426,0.6250325537788427,0.6250325537788427,0.6250325537788427,0.0,True,False,True,False,completed,1.0,1.0,0.0,1.0,0.0,0.3749674462211573,0.3749674462211573,1.0,-0.0,719.8999999999997,548.5565964535601,21.62805555555555,d17fb47064bdfcb2,216,216,0,0.0,-719.8999999999997,-548.5565964535601,-21.62805555555555,1.0,-0.3749674462211573,0.0,0.0
133,train_easy_1000132,single_stage_progress_quality_failure_v2,0.7010164738871363,0.7010164738871364,0.7010164738871364,0.7010164738871364,0.0,True,False,True,False,completed,1.0,1.0,0.0,1.0,0.0,0.2989835261128636,0.2989835261128636,1.0,-0.0,511.79999999999984,439.04195716616994,23.531388888888888,d17fb47064bdfcb2,177,177,0,0.0,-511.79999999999984,-439.04195716616994,-23.531388888888888,1.0,-0.2989835261128636,0.0,0.0
134,train_balanced_1000133,single_stage_progress_quality_failure_v2,0.5730385368416027,0.5730385368416027,0.5730385368416027,0.5730385368416027,0.0,True,False,True,False,completed,1.0,1.0,0.0,1.0,0.0,0.42696146315839734,0.42696146315839734,1.0,-0.0,894.0999999999997,964.5489151113601,55.6313888888889,d17fb47064bdfcb2,280,280,0,0.0,-894.0999999999997,-964.5489151113601,-55.6313888888889,1.0,-0.42696146315839734,0.0,0.0
135,train_worker_bottleneck_1000134,single_stage_progress_quality_failure_v2,0.47242234557694585,0.47242234557694585,0.47242234557694585,0.47242234557694585,0.0,True,False,True,False,completed,1.0,1.0,0.0,1.0,0.0,0.5275776544230542,0.5275776544230542,1.0,-0.0,1340.1000000000001,1507.1259221998791,22.678888888888896,d17fb47064bdfcb2,326,326,0,0.0,-1340.1000000000001,-1507.125922199879,-22.678888888888892,1.0,-0.5275776544230542,0.0,0.0
136,train_balanced_1000135,single_stage_progress_quality_failure_v2,0.5594405594405594,0.5594405594405594,0.5594405594405594,0.5594405594405594,0.0,True,False,True,False,completed,1.0,1.0,0.0,1.0,0.0,0.44055944055944063,0.44055944055944063,1.0,-0.0,945.0000000000002,851.3762574621111,103.16805555555561,d17fb47064bdfcb2,269,269,0,0.0,-945.0000000000002,-851.3762574621111,-103.16805555555561,1.0,-0.44055944055944063,0.0,0.0
137,train_fatigue_bottleneck_1000136,single_stage_progress_quality_failure_v2,0.366770584999083,0.366770584999083,0.366770584999083,0.366770584999083,0.0,True,False,True,False,completed,1.0,1.0,0.0,1.0,0.0,0.633229415000917,0.633229415000917,1.0,-0.0,2071.8000000000006,3023.0969678460515,10.58472222222223,d17fb47064bdfcb2,436,436,0,0.0,-2071.8000000000006,-3023.0969678460515,-10.584722222222226,1.0,-0.633229415000917,0.0,0.0
138,train_balanced_1000137,single_stage_progress_quality_failure_v2,0.5572582892170521,0.5572582892170521,0.5572582892170521,0.5572582892170521,0.0,True,False,True,False,completed,1.0,1.0,0.0,1.0,0.0,0.44274171078294783,0.44274171078294783,1.0,-0.0,953.3999999999997,958.4481518250103,42.629999999999995,d17fb47064bdfcb2,279,279,0,0.0,-953.3999999999997,-958.4481518250103,-42.629999999999995,1.0,-0.44274171078294783,0.0,0.0
139,train_easy_1000138,single_stage_progress_quality_failure_v2,0.708215297450425,0.708215297450425,0.708215297450425,0.708215297450425,0.0,True,False,True,False,completed,1.0,1.0,0.0,1.0,0.0,0.29178470254957495,0.29178470254957495,1.0,-0.0,494.39999999999975,717.87780181821,40.48583333333334,d17fb47064bdfcb2,192,192,0,0.0,-494.39999999999975,-717.87780181821,-40.48583333333334,1.0,-0.29178470254957495,0.0,0.0
140,train_easy_1000139,single_stage_progress_quality_failure_v2,0.6697176024109832,0.6697176024109834,0.6697176024109834,0.6697176024109834,0.0,True,False,True,False,completed,1.0,1.0,0.0,1.0,0.0,0.3302823975890166,0.3302823975890166,1.0,-0.0,591.8,666.5724105873804,92.03333333333335,d17fb47064bdfcb2,214,214,0,0.0,-591.8,-666.5724105873804,-92.03333333333335,1.0,-0.3302823975890166,0.0,0.0
141,train_balanced_1000140,single_stage_progress_quality_failure_v2,0.6548073774964533,0.6548073774964531,0.6548073774964531,0.6548073774964531,0.0,True,False,True,False,completed,1.0,1.0,0.0,1.0,0.0,0.3451926225035468,0.3451926225035468,1.0,-0.0,632.5999999999999,458.4805655246401,19.331388888888895,d17fb47064bdfcb2,183,183,0,0.0,-632.5999999999999,-458.4805655246401,-19.331388888888895,1.0,-0.3451926225035468,0.0,0.0
142,train_high_arrival_pressure_1000141,single_stage_progress_quality_failure_v2,0.4808655580044079,0.4808655580044079,0.4808655580044079,0.4808655580044079,0.0,True,False,True,False,completed,1.0,1.0,0.0,1.0,0.0,0.5191344419955921,0.5191344419955921,1.0,-0.0,1295.5000000000002,892.9372822350105,97.23555555555556,d17fb47064bdfcb2,252,252,0,0.0,-1295.5000000000002,-892.9372822350105,-97.23555555555556,1.0,-0.5191344419955921,0.0,0.0
143,train_easy_1000142,single_stage_progress_quality_failure_v2,0.7001575354454752,0.7001575354454752,0.7001575354454752,0.7001575354454752,0.0,True,False,True,False,completed,1.0,1.0,0.0,1.0,0.0,0.29984246455452473,0.29984246455452473,1.0,-0.0,513.8999999999999,387.5201939230102,34.14249999999999,d17fb47064bdfcb2,177,177,0,0.0,-513.8999999999999,-387.5201939230102,-34.14249999999999,1.0,-0.29984246455452473,0.0,0.0
144,train_balanced_1000143,single_stage_progress_quality_failure_v2,0.6075949367088606,0.6075949367088607,0.6075949367088607,0.6075949367088607,0.0,True,False,True,False,completed,1.0,1.0,0.0,1.0,0.0,0.3924050632911393,0.3924050632911393,1.0,-0.0,775.0000000000001,487.54330496494987,64.2788888888889,d17fb47064bdfcb2,207,207,0,0.0,-775.0000000000001,-487.54330496494987,-64.2788888888889,1.0,-0.3924050632911393,0.0,0.0
145,train_machine_bottleneck_1000144,single_stage_progress_quality_failure_v2,0.4883209896638725,0.4883209896638725,0.4883209896638725,0.4883209896638725,0.0,True,False,True,False,completed,1.0,1.0,0.0,1.0,0.0,0.5116790103361275,0.5116790103361275,1.0,-0.0,1257.3999999999996,739.3325267228195,63.88916666666669,d17fb47064bdfcb2,270,270,0,0.0,-1257.3999999999996,-739.3325267228195,-63.88916666666669,1.0,-0.5116790103361275,0.0,0.0
146,train_fatigue_bottleneck_1000145,single_stage_progress_quality_failure_v2,0.4380041610395299,0.4380041610395299,0.4380041610395299,0.4380041610395299,0.0,True,False,True,False,completed,1.0,1.0,0.0,1.0,0.0,0.5619958389604701,0.5619958389604701,1.0,-0.0,1539.6999999999998,2197.740645678903,7.539166666666669,d17fb47064bdfcb2,352,352,0,0.0,-1539.6999999999998,-2197.740645678903,-7.539166666666669,1.0,-0.5619958389604701,0.0,0.0
147,train_balanced_1000146,single_stage_progress_quality_failure_v2,0.6595218466611705,0.6595218466611708,0.6595218466611708,0.6595218466611708,0.0,True,False,True,False,completed,1.0,1.0,0.0,1.0,0.0,0.3404781533388293,0.3404781533388293,1.0,-0.0,619.5,483.70473918245995,90.93250000000002,d17fb47064bdfcb2,175,175,0,0.0,-619.5,-483.70473918245995,-90.93250000000002,1.0,-0.3404781533388293,0.0,0.0
148,train_balanced_1000147,single_stage_progress_quality_failure_v2,0.6142820578448939,0.6142820578448938,0.6142820578448938,0.6142820578448938,0.0,True,False,True,False,completed,1.0,1.0,0.0,1.0,0.0,0.38571794215510624,0.38571794215510624,1.0,-0.0,753.5,529.72412921459,24.602500000000003,d17fb47064bdfcb2,200,200,0,0.0,-753.5,-529.72412921459,-24.602500000000003,1.0,-0.38571794215510624,0.0,0.0
149,train_easy_1000148,single_stage_progress_quality_failure_v2,0.7301935012778387,0.7301935012778387,0.7301935012778387,0.7301935012778387,0.0,True,False,True,False,completed,1.0,1.0,0.0,1.0,0.0,0.26980649872216134,0.26980649872216134,1.0,-0.0,443.3999999999999,383.05292869942,52.82888888888888,d17fb47064bdfcb2,147,147,0,0.0,-443.3999999999999,-383.05292869942,-52.82888888888888,1.0,-0.26980649872216134,0.0,0.0
150,train_easy_1000149,single_stage_progress_quality_failure_v2,0.7356547327121136,0.7356547327121138,0.7356547327121138,0.7356547327121138,0.0,True,False,True,False,completed,1.0,1.0,0.0,1.0,0.0,0.2643452672878862,0.2643452672878862,1.0,-0.0,431.19999999999993,299.53591138455005,10.314722222222224,d17fb47064bdfcb2,143,143,0,0.0,-431.19999999999993,-299.53591138455005,-10.314722222222224,1.0,-0.2643452672878862,0.0,0.0
151,train_machine_bottleneck_1000150,single_stage_progress_quality_failure_v2,0.4880627974132672,0.4880627974132672,0.4880627974132672,0.4880627974132672,0.0,True,False,True,False,completed,1.0,1.0,0.0,1.0,0.0,0.5119372025867328,0.5119372025867328,1.0,-0.0,1258.7000000000005,862.7625667841095,105.42138888888888,d17fb47064bdfcb2,273,273,0,0.0,-1258.7000000000005,-862.7625667841095,-105.42138888888888,1.0,-0.5119372025867328,0.0,0.0
152,train_balanced_1000151,single_stage_progress_quality_failure_v2,0.5644933672029353,0.5644933672029353,0.5644933672029353,0.5644933672029353,0.0,True,False,True,False,completed,1.0,1.0,0.0,1.0,0.0,0.43550663279706464,0.43550663279706464,1.0,-0.0,925.8000000000001,669.0813252239901,83.87250000000002,d17fb47064bdfcb2,257,257,0,0.0,-925.8000000000001,-669.0813252239901,-83.87250000000002,1.0,-0.43550663279706464,0.0,0.0
153,train_balanced_1000152,single_stage_progress_quality_failure_v2,0.5873715124816449,0.5873715124816448,0.5873715124816448,0.5873715124816448,0.0,True,False,True,False,completed,1.0,1.0,0.0,1.0,0.0,0.4126284875183552,0.4126284875183552,1.0,-0.0,842.9999999999995,789.49824335014,103.56888888888892,d17fb47064bdfcb2,242,242,0,0.0,-842.9999999999995,-789.49824335014,-103.56888888888892,1.0,-0.4126284875183552,0.0,0.0
154,train_easy_1000153,single_stage_progress_quality_failure_v2,0.7087172218284903,0.7087172218284905,0.7087172218284905,0.7087172218284905,0.0,True,False,True,False,completed,1.0,1.0,0.0,1.0,0.0,0.29128277817150955,0.29128277817150955,1.0,-0.0,493.19999999999993,483.88559048701,40.93555555555556,d17fb47064bdfcb2,172,172,0,0.0,-493.19999999999993,-483.88559048701,-40.93555555555556,1.0,-0.29128277817150955,0.0,0.0
155,train_reconfiguration_bottleneck_1000154,single_stage_progress_quality_failure_v2,0.46847550263517457,0.46847550263517457,0.46847550263517457,0.46847550263517457,0.0,True,False,True,False,completed,1.0,1.0,0.0,1.0,0.0,0.5315244973648254,0.5315244973648254,1.0,-0.0,1361.5000000000002,1988.02172420228,4.97333333333333,d17fb47064bdfcb2,428,428,0,0.0,-1361.5000000000002,-1988.02172420228,-4.97333333333333,1.0,-0.5315244973648254,0.0,0.0
156,train_fatigue_bottleneck_1000155,single_stage_progress_quality_failure_v2,0.4427390791027155,0.4427390791027155,0.4427390791027155,0.4427390791027155,0.0,True,False,True,False,completed,1.0,1.0,0.0,1.0,0.0,0.5572609208972845,0.5572609208972845,1.0,-0.0,1510.4,1104.7875567064402,3.098888888888889,d17fb47064bdfcb2,317,317,0,0.0,-1510.4,-1104.7875567064402,-3.098888888888887,1.0,-0.5572609208972845,0.0,0.0
157,train_reconfiguration_bottleneck_1000156,single_stage_progress_quality_failure_v2,0.4816568997350885,0.4816568997350885,0.4816568997350885,0.4816568997350885,0.0,True,False,True,False,completed,1.0,1.0,0.0,1.0,0.0,0.5183431002649115,0.5183431002649115,1.0,-0.0,1291.4000000000008,1343.9508707818095,74.85138888888886,d17fb47064bdfcb2,351,351,0,0.0,-1291.4000000000008,-1343.9508707818095,-74.85138888888885,1.0,-0.5183431002649115,0.0,0.0
158,train_balanced_1000157,single_stage_progress_quality_failure_v2,0.620700356902705,0.6207003569027052,0.6207003569027052,0.6207003569027052,0.0,True,False,True,False,completed,1.0,1.0,0.0,1.0,0.0,0.37929964309729486,0.37929964309729486,1.0,-0.0,733.3000000000002,479.1460020948499,54.0313888888889,d17fb47064bdfcb2,196,196,0,0.0,-733.3000000000002,-479.1460020948499,-54.0313888888889,1.0,-0.37929964309729486,0.0,0.0
159,train_fatigue_bottleneck_1000158,single_stage_progress_quality_failure_v2,0.44858136144443206,0.44858136144443206,0.44858136144443206,0.44858136144443206,0.0,True,False,True,False,completed,1.0,1.0,0.0,1.0,0.0,0.5514186385555679,0.5514186385555679,1.0,-0.0,1475.0999999999995,1127.16086313384,9.84138888888889,d17fb47064bdfcb2,300,300,0,0.0,-1475.0999999999995,-1127.16086313384,-9.841388888888888,1.0,-0.5514186385555679,0.0,0.0
160,train_easy_1000159,single_stage_progress_quality_failure_v2,0.699626865671642,0.6996268656716418,0.6996268656716418,0.6996268656716418,0.0,True,False,True,False,completed,1.0,1.0,0.0,1.0,0.0,0.30037313432835816,0.30037313432835816,1.0,-0.0,515.2,505.1632558167299,21.536666666666665,d17fb47064bdfcb2,179,179,0,0.0,-515.2,-505.1632558167299,-21.536666666666665,1.0,-0.30037313432835816,0.0,0.0
161,train_reconfiguration_bottleneck_1000160,single_stage_progress_quality_failure_v2,0.478487977989553,0.478487977989553,0.478487977989553,0.478487977989553,0.0,True,False,True,False,completed,1.0,1.0,0.0,1.0,0.0,0.521512022010447,0.521512022010447,1.0,-0.0,1307.9,2013.5563080675504,6.045555555555555,d17fb47064bdfcb2,387,387,0,0.0,-1307.9,-2013.5563080675504,-6.045555555555555,1.0,-0.521512022010447,0.0,0.0
162,train_machine_bottleneck_1000161,single_stage_progress_quality_failure_v2,0.5026809651474533,0.5026809651474533,0.5026809651474533,0.5026809651474533,0.0,True,False,True,False,completed,1.0,1.0,0.0,1.0,0.0,0.49731903485254675,0.49731903485254675,1.0,-0.0,1187.1999999999996,729.8954015461501,38.711388888888884,d17fb47064bdfcb2,270,270,0,0.0,-1187.1999999999996,-729.8954015461501,-38.711388888888884,1.0,-0.49731903485254675,0.0,0.0
163,train_reconfiguration_bottleneck_1000162,single_stage_progress_quality_failure_v2,0.49881531363012843,0.49881531363012843,0.49881531363012843,0.49881531363012843,0.0,True,False,True,False,completed,1.0,1.0,0.0,1.0,0.0,0.5011846863698716,0.5011846863698716,1.0,-0.0,1205.7000000000005,1657.9635438211508,44.84333333333334,d17fb47064bdfcb2,324,324,0,0.0,-1205.7000000000005,-1657.9635438211508,-44.84333333333334,1.0,-0.5011846863698716,0.0,0.0
164,train_reconfiguration_bottleneck_1000163,single_stage_progress_quality_failure_v2,0.42137790575180833,0.42137790575180833,0.42137790575180833,0.42137790575180833,0.0,True,False,True,False,completed,1.0,1.0,0.0,1.0,0.0,0.5786220942481917,0.5786220942481917,1.0,-0.0,1647.8000000000002,2236.6230769954013,3.3980555555555587,d17fb47064bdfcb2,397,397,0,0.0,-1647.8000000000002,-2236.6230769954013,-3.3980555555555547,1.0,-0.5786220942481917,0.0,0.0
165,train_balanced_1000164,single_stage_progress_quality_failure_v2,0.6307490144546648,0.6307490144546648,0.6307490144546648,0.6307490144546648,0.0,True,False,True,False,completed,1.0,1.0,0.0,1.0,0.0,0.36925098554533514,0.36925098554533514,1.0,-0.0,702.5000000000002,707.4005931137601,26.025833333333328,d17fb47064bdfcb2,195,195,0,0.0,-702.5000000000002,-707.4005931137601,-26.025833333333328,1.0,-0.36925098554533514,0.0,0.0
166,train_balanced_1000165,single_stage_progress_quality_failure_v2,0.6241872561768531,0.624187256176853,0.624187256176853,0.624187256176853,0.0,True,False,True,False,completed,1.0,1.0,0.0,1.0,0.0,0.375812743823147,0.375812743823147,1.0,-0.0,722.5000000000002,510.4342194354699,58.59555555555556,d17fb47064bdfcb2,191,191,0,0.0,-722.5000000000002,-510.4342194354699,-58.59555555555556,1.0,-0.375812743823147,0.0,0.0
167,train_balanced_1000166,single_stage_progress_quality_failure_v2,0.5706676811869889,0.5706676811869887,0.5706676811869887,0.5706676811869887,0.0,True,False,True,False,completed,1.0,1.0,0.0,1.0,0.0,0.42933231881301126,0.42933231881301126,1.0,-0.0,902.8000000000002,845.3685561767797,116.14472222222226,d17fb47064bdfcb2,256,256,0,0.0,-902.8000000000002,-845.3685561767797,-116.14472222222226,1.0,-0.42933231881301126,0.0,0.0
168,train_balanced_1000167,single_stage_progress_quality_failure_v2,0.5979073243647236,0.5979073243647235,0.5979073243647235,0.5979073243647235,0.0,True,False,True,False,completed,1.0,1.0,0.0,1.0,0.0,0.4020926756352765,0.4020926756352765,1.0,-0.0,807.0000000000001,603.1252962396399,92.12222222222226,d17fb47064bdfcb2,225,225,0,0.0,-807.0000000000001,-603.1252962396399,-92.12222222222226,1.0,-0.4020926756352765,0.0,0.0
169,train_worker_bottleneck_1000168,single_stage_progress_quality_failure_v2,0.4115085216556358,0.4115085216556358,0.4115085216556358,0.4115085216556358,0.0,True,False,True,False,completed,1.0,1.0,0.0,1.0,0.0,0.5884914783443642,0.5884914783443642,1.0,-0.0,1716.1000000000006,1403.8558681600086,25.566666666666666,d17fb47064bdfcb2,351,351,0,0.0,-1716.1000000000006,-1403.8558681600086,-25.566666666666666,1.0,-0.5884914783443642,0.0,0.0
170,train_balanced_1000169,single_stage_progress_quality_failure_v2,0.6357952739217971,0.6357952739217971,0.6357952739217971,0.6357952739217971,0.0,True,False,True,False,completed,1.0,1.0,0.0,1.0,0.0,0.3642047260782028,0.3642047260782028,1.0,-0.0,687.4,448.6280949923897,20.631388888888896,d17fb47064bdfcb2,188,188,0,0.0,-687.4,-448.6280949923897,-20.631388888888896,1.0,-0.3642047260782028,0.0,0.0
171,train_reconfiguration_bottleneck_1000170,single_stage_progress_quality_failure_v2,0.494193229552755,0.494193229552755,0.494193229552755,0.494193229552755,0.0,True,False,True,False,completed,1.0,1.0,0.0,1.0,0.0,0.505806770447245,0.505806770447245,1.0,-0.0,1228.2000000000003,1830.3273952960105,5.912222222222233,d17fb47064bdfcb2,370,370,0,0.0,-1228.2000000000003,-1830.3273952960105,-5.912222222222233,1.0,-0.505806770447245,0.0,0.0
172,train_balanced_1000171,single_stage_progress_quality_failure_v2,0.64949123186837,0.6494912318683699,0.6494912318683699,0.6494912318683699,0.0,True,False,True,False,completed,1.0,1.0,0.0,1.0,0.0,0.3505087681316301,0.3505087681316301,1.0,-0.0,647.5999999999998,633.67350352265,36.109166666666674,d17fb47064bdfcb2,186,186,0,0.0,-647.5999999999998,-633.67350352265,-36.109166666666674,1.0,-0.3505087681316301,0.0,0.0
173,train_easy_1000172,single_stage_progress_quality_failure_v2,0.6818181818181817,0.6818181818181817,0.6818181818181817,0.6818181818181817,0.0,True,False,True,False,completed,1.0,1.0,0.0,1.0,0.0,0.3181818181818183,0.3181818181818183,1.0,-0.0,560.0000000000002,422.5925923248397,32.132222222222225,d17fb47064bdfcb2,174,174,0,0.0,-560.0000000000002,-422.5925923248397,-32.132222222222225,1.0,-0.3181818181818183,0.0,0.0
174,train_reconfiguration_bottleneck_1000173,single_stage_progress_quality_failure_v2,0.47940553713395373,0.47940553713395373,0.47940553713395373,0.47940553713395373,0.0,True,False,True,False,completed,1.0,1.0,0.0,1.0,0.0,0.5205944628660463,0.5205944628660463,1.0,-0.0,1303.1000000000008,1818.0690239661888,3.1433333333333398,d17fb47064bdfcb2,348,348,0,0.0,-1303.1000000000008,-1818.0690239661888,-3.1433333333333535,1.0,-0.5205944628660463,0.0,0.0
175,train_balanced_1000174,single_stage_progress_quality_failure_v2,0.5591538138949723,0.5591538138949723,0.5591538138949723,0.5591538138949723,0.0,True,False,True,False,completed,1.0,1.0,0.0,1.0,0.0,0.4408461861050276,0.4408461861050276,1.0,-0.0,946.0999999999999,782.6896353603704,183.61805555555557,d17fb47064bdfcb2,263,263,0,0.0,-946.0999999999999,-782.6896353603704,-183.61805555555557,1.0,-0.4408461861050276,0.0,0.0
176,train_balanced_1000175,single_stage_progress_quality_failure_v2,0.6727211570803899,0.6727211570803902,0.6727211570803902,0.6727211570803902,0.0,True,False,True,False,completed,1.0,1.0,0.0,1.0,0.0,0.32727884291960985,0.32727884291960985,1.0,-0.0,583.8000000000002,311.45941476813,7.956666666666668,d17fb47064bdfcb2,145,145,0,0.0,-583.8000000000002,-311.45941476813,-7.956666666666668,1.0,-0.32727884291960985,0.0,0.0
177,train_reconfiguration_bottleneck_1000176,single_stage_progress_quality_failure_v2,0.4613610149942329,0.4613610149942329,0.4613610149942329,0.4613610149942329,0.0,True,False,True,False,completed,1.0,1.0,0.0,1.0,0.0,0.5386389850057671,0.5386389850057671,1.0,-0.0,1401.0000000000005,1426.1557858275605,27.195833333333336,d17fb47064bdfcb2,351,351,0,0.0,-1401.0000000000005,-1426.1557858275605,-27.195833333333336,1.0,-0.5386389850057671,0.0,0.0
178,train_balanced_1000177,single_stage_progress_quality_failure_v2,0.568747333996872,0.5687473339968718,0.5687473339968718,0.5687473339968718,0.0,True,False,True,False,completed,1.0,1.0,0.0,1.0,0.0,0.4312526660031281,0.4312526660031281,1.0,-0.0,909.9000000000001,849.8203960988003,150.28916666666666,d17fb47064bdfcb2,238,238,0,0.0,-909.9000000000001,-849.8203960988003,-150.28916666666666,1.0,-0.4312526660031281,0.0,0.0
179,train_fatigue_bottleneck_1000178,single_stage_progress_quality_failure_v2,0.436728900534993,0.436728900534993,0.436728900534993,0.436728900534993,0.0,True,False,True,False,completed,1.0,1.0,0.0,1.0,0.0,0.563271099465007,0.563271099465007,1.0,-0.0,1547.6999999999991,1073.2171892693798,29.232222222222223,d17fb47064bdfcb2,315,315,0,0.0,-1547.6999999999991,-1073.2171892693798,-29.232222222222223,1.0,-0.563271099465007,0.0,0.0
180,train_balanced_1000179,single_stage_progress_quality_failure_v2,0.6142506142506141,0.6142506142506143,0.6142506142506143,0.6142506142506143,0.0,True,False,True,False,completed,1.0,1.0,0.0,1.0,0.0,0.3857493857493857,0.3857493857493857,1.0,-0.0,753.6,534.1740986631602,45.63888888888889,d17fb47064bdfcb2,212,212,0,0.0,-753.6,-534.1740986631602,-45.63888888888889,1.0,-0.3857493857493857,0.0,0.0
181,train_balanced_1000180,single_stage_progress_quality_failure_v2,0.6442607108343177,0.6442607108343177,0.6442607108343177,0.6442607108343177,0.0,True,False,True,False,completed,1.0,1.0,0.0,1.0,0.0,0.35573928916568237,0.35573928916568237,1.0,-0.0,662.6,732.1678641031898,39.61805555555556,d17fb47064bdfcb2,198,198,0,0.0,-662.6,-732.1678641031898,-39.61805555555556,1.0,-0.35573928916568237,0.0,0.0
182,train_easy_1000181,single_stage_progress_quality_failure_v2,0.697755552971276,0.6977555529712758,0.6977555529712758,0.6977555529712758,0.0,True,False,True,False,completed,1.0,1.0,0.0,1.0,0.0,0.3022444470287242,0.3022444470287242,1.0,-0.0,519.7999999999998,262.07812720406,11.958055555555555,d17fb47064bdfcb2,150,150,0,0.0,-519.7999999999998,-262.07812720406,-11.958055555555555,1.0,-0.3022444470287242,0.0,0.0
183,train_worker_bottleneck_1000182,single_stage_progress_quality_failure_v2,0.44454323182929534,0.44454323182929534,0.44454323182929534,0.44454323182929534,0.0,True,False,True,False,completed,1.0,1.0,0.0,1.0,0.0,0.5554567681707047,0.5554567681707047,1.0,-0.0,1499.4,1133.2469949197603,54.092222222222254,d17fb47064bdfcb2,303,303,0,0.0,-1499.4,-1133.2469949197603,-54.092222222222254,1.0,-0.5554567681707047,0.0,0.0
184,train_machine_bottleneck_1000183,single_stage_progress_quality_failure_v2,0.45943565986446644,0.45943565986446644,0.45943565986446644,0.45943565986446644,0.0,True,False,True,False,completed,1.0,1.0,0.0,1.0,0.0,0.5405643401355336,0.5405643401355336,1.0,-0.0,1411.9000000000005,811.0970984934501,162.0055555555556,d17fb47064bdfcb2,271,271,0,0.0,-1411.9000000000005,-811.0970984934501,-162.0055555555556,1.0,-0.5405643401355336,0.0,0.0
185,train_easy_1000184,single_stage_progress_quality_failure_v2,0.7223693715386466,0.7223693715386468,0.7223693715386468,0.7223693715386468,0.0,True,False,True,False,completed,1.0,1.0,0.0,1.0,0.0,0.2776306284613532,0.2776306284613532,1.0,-0.0,461.2000000000001,418.1653159798701,8.393333333333333,d17fb47064bdfcb2,154,154,0,0.0,-461.2000000000001,-418.1653159798701,-8.393333333333333,1.0,-0.2776306284613532,0.0,0.0
186,train_easy_1000185,single_stage_progress_quality_failure_v2,0.7277578992055311,0.727757899205531,0.727757899205531,0.727757899205531,0.0,True,False,True,False,completed,1.0,1.0,0.0,1.0,0.0,0.272242100794469,0.272242100794469,1.0,-0.0,448.9,308.3163837427801,4.47,d17fb47064bdfcb2,146,146,0,0.0,-448.9,-308.3163837427801,-4.47,1.0,-0.272242100794469,0.0,0.0
187,train_balanced_1000186,single_stage_progress_quality_failure_v2,0.6566706796541533,0.6566706796541533,0.6566706796541533,0.6566706796541533,0.0,True,False,True,False,completed,1.0,1.0,0.0,1.0,0.0,0.3433293203458467,0.3433293203458467,1.0,-0.0,627.4000000000003,535.9195428433899,84.49138888888889,d17fb47064bdfcb2,191,191,0,0.0,-627.4000000000003,-535.9195428433899,-84.49138888888889,1.0,-0.3433293203458467,0.0,0.0
188,train_reconfiguration_bottleneck_1000187,single_stage_progress_quality_failure_v2,0.4274113121527283,0.4274113121527283,0.4274113121527283,0.4274113121527283,0.0,True,False,True,False,completed,1.0,1.0,0.0,1.0,0.0,0.5725886878472717,0.5725886878472717,1.0,-0.0,1607.6000000000006,1945.7192977015197,11.544722222222225,d17fb47064bdfcb2,379,379,0,0.0,-1607.6000000000006,-1945.7192977015197,-11.544722222222225,1.0,-0.5725886878472717,0.0,0.0
189,train_balanced_1000188,single_stage_progress_quality_failure_v2,0.5923585743903642,0.5923585743903643,0.5923585743903643,0.5923585743903643,0.0,True,False,True,False,completed,1.0,1.0,0.0,1.0,0.0,0.4076414256096357,0.4076414256096357,1.0,-0.0,825.8,369.13009691915016,42.565555555555555,d17fb47064bdfcb2,210,210,0,0.0,-825.8,-369.13009691915016,-42.565555555555555,1.0,-0.4076414256096357,0.0,0.0
190,train_balanced_1000189,single_stage_progress_quality_failure_v2,0.632411067193676,0.6324110671936759,0.6324110671936759,0.6324110671936759,0.0,True,False,True,False,completed,1.0,1.0,0.0,1.0,0.0,0.3675889328063241,0.3675889328063241,1.0,-0.0,697.5,510.7626502621997,63.86555555555555,d17fb47064bdfcb2,200,200,0,0.0,-697.5,-510.7626502621997,-63.86555555555555,1.0,-0.3675889328063241,0.0,0.0
191,train_balanced_1000190,single_stage_progress_quality_failure_v2,0.5789270551910457,0.5789270551910457,0.5789270551910457,0.5789270551910457,0.0,True,False,True,False,completed,1.0,1.0,0.0,1.0,0.0,0.42107294480895424,0.42107294480895424,1.0,-0.0,872.8000000000004,643.8200854277001,99.45666666666666,d17fb47064bdfcb2,248,248,0,0.0,-872.8000000000004,-643.8200854277001,-99.45666666666666,1.0,-0.42107294480895424,0.0,0.0
192,train_balanced_1000191,single_stage_progress_quality_failure_v2,0.5772561092938232,0.5772561092938233,0.5772561092938233,0.5772561092938233,0.0,True,False,True,False,completed,1.0,1.0,0.0,1.0,0.0,0.42274389070617663,0.42274389070617663,1.0,-0.0,878.7999999999998,511.24914128794,41.413333333333334,d17fb47064bdfcb2,226,226,0,0.0,-878.7999999999998,-511.24914128794,-41.413333333333334,1.0,-0.42274389070617663,0.0,0.0
193,train_easy_1000192,single_stage_progress_quality_failure_v2,0.7086753676253469,0.708675367625347,0.708675367625347,0.708675367625347,0.0,True,False,True,False,completed,1.0,1.0,0.0,1.0,0.0,0.29132463237465306,0.29132463237465306,1.0,-0.0,493.30000000000007,418.03479894463,26.03888888888889,d17fb47064bdfcb2,156,156,0,0.0,-493.30000000000007,-418.03479894463,-26.03888888888889,1.0,-0.29132463237465306,0.0,0.0
194,train_high_arrival_pressure_1000193,single_stage_progress_quality_failure_v2,0.45327491123366326,0.45327491123366326,0.45327491123366326,0.45327491123366326,0.0,True,False,True,False,completed,1.0,1.0,0.0,1.0,0.0,0.5467250887663367,0.5467250887663367,1.0,-0.0,1447.4000000000003,683.3393081288201,81.37916666666669,d17fb47064bdfcb2,260,260,0,0.0,-1447.4000000000003,-683.3393081288201,-81.37916666666669,1.0,-0.5467250887663367,0.0,0.0
195,train_easy_1000194,single_stage_progress_quality_failure_v2,0.7158196134574091,0.7158196134574087,0.7158196134574087,0.7158196134574087,0.0,True,False,True,False,completed,1.0,1.0,0.0,1.0,0.0,0.28418038654259126,0.28418038654259126,1.0,-0.0,476.4,351.5383522053799,32.82666666666666,d17fb47064bdfcb2,152,152,0,0.0,-476.4,-351.5383522053799,-32.82666666666667,1.0,-0.28418038654259126,0.0,0.0
196,train_balanced_1000195,single_stage_progress_quality_failure_v2,0.6145022531749285,0.6145022531749285,0.6145022531749285,0.6145022531749285,0.0,True,False,True,False,completed,1.0,1.0,0.0,1.0,0.0,0.3854977468250716,0.3854977468250716,1.0,-0.0,752.7999999999997,798.0171841115005,11.824722222222226,d17fb47064bdfcb2,225,225,0,0.0,-752.7999999999997,-798.0171841115005,-11.824722222222226,1.0,-0.3854977468250716,0.0,0.0
197,train_balanced_1000196,single_stage_progress_quality_failure_v2,0.6380942252472617,0.6380942252472617,0.6380942252472617,0.6380942252472617,0.0,True,False,True,False,completed,1.0,1.0,0.0,1.0,0.0,0.3619057747527384,0.3619057747527384,1.0,-0.0,680.5999999999998,297.05277022043003,71.39472222222224,d17fb47064bdfcb2,170,170,0,0.0,-680.5999999999998,-297.05277022043003,-71.39472222222224,1.0,-0.3619057747527384,0.0,0.0
198,train_balanced_1000197,single_stage_progress_quality_failure_v2,0.6169031462060457,0.6169031462060457,0.6169031462060457,0.6169031462060457,0.0,True,False,True,False,completed,1.0,1.0,0.0,1.0,0.0,0.38309685379395436,0.38309685379395436,1.0,-0.0,745.2000000000002,706.48658406908,64.28888888888888,d17fb47064bdfcb2,187,187,0,0.0,-745.2000000000002,-706.48658406908,-64.28888888888888,1.0,-0.38309685379395436,0.0,0.0
199,train_balanced_1000198,single_stage_progress_quality_failure_v2,0.6281078251766555,0.6281078251766553,0.6281078251766553,0.6281078251766553,0.0,True,False,True,False,completed,1.0,1.0,0.0,1.0,0.0,0.3718921748233447,0.3718921748233447,1.0,-0.0,710.5,383.04299039994,10.201388888888891,d17fb47064bdfcb2,189,189,0,0.0,-710.5,-383.04299039994,-10.201388888888891,1.0,-0.3718921748233447,0.0,0.0
200,train_balanced_1000199,single_stage_progress_quality_failure_v2,0.6242521978879466,0.6242521978879467,0.6242521978879467,0.6242521978879467,0.0,True,False,True,False,completed,1.0,1.0,0.0,1.0,0.0,0.3757478021120533,0.3757478021120533,1.0,-0.0,722.3000000000002,550.0031228841001,69.21583333333332,d17fb47064bdfcb2,197,197,0,0.0,-722.3000000000002,-550.0031228841001,-69.21583333333332,1.0,-0.3757478021120533,0.0,0.0
201,train_easy_1000200,single_stage_progress_quality_failure_v2,0.719856028794241,0.7198560287942412,0.7198560287942412,0.7198560287942412,0.0,True,False,True,False,completed,1.0,1.0,0.0,1.0,0.0,0.28014397120575885,0.28014397120575885,1.0,-0.0,467.00000000000006,325.17508703142994,33.39888888888889,d17fb47064bdfcb2,132,132,0,0.0,-467.00000000000006,-325.17508703142994,-33.39888888888889,1.0,-0.28014397120575885,0.0,0.0
202,train_easy_1000201,single_stage_progress_quality_failure_v2,0.6861063464837049,0.6861063464837049,0.6861063464837049,0.6861063464837049,0.0,True,False,True,False,completed,1.0,1.0,0.0,1.0,0.0,0.3138936535162951,0.3138936535162951,1.0,-0.0,549.0000000000002,534.7322181225398,54.27222222222223,d17fb47064bdfcb2,182,182,0,0.0,-549.0000000000002,-534.7322181225398,-54.27222222222223,1.0,-0.3138936535162951,0.0,0.0
203,train_balanced_1000202,single_stage_progress_quality_failure_v2,0.5895067793279622,0.5895067793279622,0.5895067793279622,0.5895067793279622,0.0,True,False,True,False,completed,1.0,1.0,0.0,1.0,0.0,0.41049322067203775,0.41049322067203775,1.0,-0.0,835.6000000000001,586.8341281657703,49.25888888888888,d17fb47064bdfcb2,217,217,0,0.0,-835.6000000000001,-586.8341281657703,-49.25888888888888,1.0,-0.41049322067203775,0.0,0.0
204,train_fatigue_bottleneck_1000203,single_stage_progress_quality_failure_v2,0.45138235847282293,0.45138235847282293,0.45138235847282293,0.45138235847282293,0.0,True,False,True,False,completed,1.0,1.0,0.0,1.0,0.0,0.5486176415271771,0.5486176415271771,1.0,-0.0,1458.5000000000005,1030.967308950969,43.58222222222222,d17fb47064bdfcb2,279,279,0,0.0,-1458.5000000000005,-1030.967308950969,-43.58222222222222,1.0,-0.5486176415271771,0.0,0.0
205,train_machine_bottleneck_1000204,single_stage_progress_quality_failure_v2,0.4799616030717542,0.4799616030717542,0.4799616030717542,0.4799616030717542,0.0,True,False,True,False,completed,1.0,1.0,0.0,1.0,0.0,0.5200383969282458,0.5200383969282458,1.0,-0.0,1300.2000000000007,805.0727213719798,127.68666666666677,d17fb47064bdfcb2,292,292,0,0.0,-1300.2000000000007,-805.0727213719798,-127.68666666666677,1.0,-0.5200383969282458,0.0,0.0
206,train_easy_1000205,single_stage_progress_quality_failure_v2,0.6726834463815234,0.6726834463815237,0.6726834463815237,0.6726834463815237,0.0,True,False,True,False,completed,1.0,1.0,0.0,1.0,0.0,0.32731655361847634,0.32731655361847634,1.0,-0.0,583.9,522.8642519702903,72.44250000000002,d17fb47064bdfcb2,185,185,0,0.0,-583.9,-522.8642519702903,-72.44250000000002,1.0,-0.32731655361847634,0.0,0.0
207,train_easy_1000206,single_stage_progress_quality_failure_v2,0.7174030011358881,0.7174030011358881,0.7174030011358881,0.7174030011358881,0.0,True,False,True,False,completed,1.0,1.0,0.0,1.0,0.0,0.2825969988641119,0.2825969988641119,1.0,-0.0,472.6999999999999,268.28604846479993,22.04805555555556,d17fb47064bdfcb2,148,148,0,0.0,-472.6999999999999,-268.28604846479993,-22.04805555555556,1.0,-0.2825969988641119,0.0,0.0
208,train_balanced_1000207,single_stage_progress_quality_failure_v2,0.6163011658363722,0.6163011658363721,0.6163011658363721,0.6163011658363721,0.0,True,False,True,False,completed,1.0,1.0,0.0,1.0,0.0,0.38369883416362793,0.38369883416362793,1.0,-0.0,747.0999999999999,570.0035377939301,84.35222222222224,d17fb47064bdfcb2,197,197,0,0.0,-747.0999999999999,-570.0035377939301,-84.35222222222224,1.0,-0.38369883416362793,0.0,0.0
209,train_balanced_1000208,single_stage_progress_quality_failure_v2,0.6379924504226699,0.63799245042267,0.63799245042267,0.63799245042267,0.0,True,False,True,False,completed,1.0,1.0,0.0,1.0,0.0,0.36200754957732995,0.36200754957732995,1.0,-0.0,680.8999999999997,469.0537774008597,77.79555555555558,d17fb47064bdfcb2,175,175,0,0.0,-680.8999999999997,-469.0537774008597,-77.79555555555558,1.0,-0.36200754957732995,0.0,0.0
210,train_balanced_1000209,single_stage_progress_quality_failure_v2,0.6156687702016316,0.6156687702016317,0.6156687702016317,0.6156687702016317,0.0,True,False,True,False,completed,1.0,1.0,0.0,1.0,0.0,0.3843312297983683,0.3843312297983683,1.0,-0.0,749.0999999999998,559.9568146638001,103.73138888888889,d17fb47064bdfcb2,202,202,0,0.0,-749.0999999999998,-559.9568146638001,-103.73138888888889,1.0,-0.3843312297983683,0.0,0.0
211,train_high_arrival_pressure_1000210,single_stage_progress_quality_failure_v2,0.4741021690174231,0.4741021690174231,0.4741021690174231,0.4741021690174231,0.0,True,False,True,False,completed,1.0,1.0,0.0,1.0,0.0,0.5258978309825769,0.5258978309825769,1.0,-0.0,1331.1000000000006,537.58890139586,88.00333333333333,d17fb47064bdfcb2,245,245,0,0.0,-1331.1000000000006,-537.58890139586,-88.00333333333333,1.0,-0.5258978309825769,0.0,0.0
212,train_balanced_1000211,single_stage_progress_quality_failure_v2,0.6118702834998981,0.611870283499898,0.611870283499898,0.611870283499898,0.0,True,False,True,False,completed,1.0,1.0,0.0,1.0,0.0,0.388129716500102,0.388129716500102,1.0,-0.0,761.1999999999999,473.34304012389015,71.4088888888889,d17fb47064bdfcb2,200,200,0,0.0,-761.1999999999999,-473.34304012389015,-71.4088888888889,1.0,-0.388129716500102,0.0,0.0
213,train_balanced_1000212,single_stage_progress_quality_failure_v2,0.5844820028249964,0.5844820028249964,0.5844820028249964,0.5844820028249964,0.0,True,False,True,False,completed,1.0,1.0,0.0,1.0,0.0,0.4155179971750036,0.4155179971750036,1.0,-0.0,853.0999999999999,996.2469294480798,110.64555555555557,d17fb47064bdfcb2,255,255,0,0.0,-853.0999999999999,-996.2469294480798,-110.64555555555557,1.0,-0.4155179971750036,0.0,0.0
214,train_balanced_1000213,single_stage_progress_quality_failure_v2,0.5642014199069069,0.5642014199069068,0.5642014199069068,0.5642014199069068,0.0,True,False,True,False,completed,1.0,1.0,0.0,1.0,0.0,0.4357985800930932,0.4357985800930932,1.0,-0.0,926.9,875.5131073870199,296.19805555555564,d17fb47064bdfcb2,251,251,0,0.0,-926.9,-875.5131073870199,-296.19805555555564,1.0,-0.4357985800930932,0.0,0.0
215,train_worker_bottleneck_1000214,single_stage_progress_quality_failure_v2,0.4634636181059788,0.4634636181059788,0.4634636181059788,0.4634636181059788,0.0,True,False,True,False,completed,1.0,1.0,0.0,1.0,0.0,0.5365363818940212,0.5365363818940212,1.0,-0.0,1389.1999999999994,1043.0243240857903,58.42666666666668,d17fb47064bdfcb2,289,289,0,0.0,-1389.1999999999994,-1043.0243240857903,-58.42666666666668,1.0,-0.5365363818940212,0.0,0.0
216,train_balanced_1000215,single_stage_progress_quality_failure_v2,0.6633865885344682,0.6633865885344684,0.6633865885344684,0.6633865885344684,0.0,True,False,True,False,completed,1.0,1.0,0.0,1.0,0.0,0.3366134114655316,0.3366134114655316,1.0,-0.0,608.9000000000001,369.07088824714003,132.65472222222226,d17fb47064bdfcb2,164,164,0,0.0,-608.9000000000001,-369.07088824714003,-132.65472222222226,1.0,-0.3366134114655316,0.0,0.0
217,train_balanced_1000216,single_stage_progress_quality_failure_v2,0.6286672254819782,0.6286672254819783,0.6286672254819783,0.6286672254819783,0.0,True,False,True,False,completed,1.0,1.0,0.0,1.0,0.0,0.37133277451802177,0.37133277451802177,1.0,-0.0,708.7999999999998,452.85091978106,60.99666666666669,d17fb47064bdfcb2,184,184,0,0.0,-708.7999999999998,-452.85091978106,-60.99666666666669,1.0,-0.37133277451802177,0.0,0.0
218,train_balanced_1000217,single_stage_progress_quality_failure_v2,0.6264682850430698,0.6264682850430696,0.6264682850430696,0.6264682850430696,0.0,True,False,True,False,completed,1.0,1.0,0.0,1.0,0.0,0.3735317149569303,0.3735317149569303,1.0,-0.0,715.5,568.0601005146898,87.56333333333338,d17fb47064bdfcb2,200,200,0,0.0,-715.5,-568.0601005146898,-87.56333333333338,1.0,-0.3735317149569303,0.0,0.0
219,train_machine_bottleneck_1000218,single_stage_progress_quality_failure_v2,0.46977763858440336,0.46977763858440336,0.46977763858440336,0.46977763858440336,0.0,True,False,True,False,completed,1.0,1.0,0.0,1.0,0.0,0.5302223614155966,0.5302223614155966,1.0,-0.0,1354.3999999999999,773.5394501002904,52.27555555555557,d17fb47064bdfcb2,272,272,0,0.0,-1354.3999999999999,-773.5394501002904,-52.27555555555557,1.0,-0.5302223614155966,0.0,0.0
220,train_easy_1000219,single_stage_progress_quality_failure_v2,0.6889424733034792,0.6889424733034791,0.6889424733034791,0.6889424733034791,0.0,True,False,True,False,completed,1.0,1.0,0.0,1.0,0.0,0.31105752669652087,0.31105752669652087,1.0,-0.0,541.8000000000001,278.38830288418006,25.771388888888897,d17fb47064bdfcb2,153,153,0,0.0,-541.8000000000001,-278.38830288418006,-25.771388888888897,1.0,-0.31105752669652087,0.0,0.0
221,train_reconfiguration_bottleneck_1000220,single_stage_progress_quality_failure_v2,0.507292327203551,0.507292327203551,0.507292327203551,0.507292327203551,0.0,True,False,True,False,completed,1.0,1.0,0.0,1.0,0.0,0.49270767279644906,0.49270767279644906,1.0,-0.0,1165.5000000000005,938.5492755927601,114.44666666666672,d17fb47064bdfcb2,288,288,0,0.0,-1165.5000000000005,-938.5492755927601,-114.44666666666672,1.0,-0.49270767279644906,0.0,0.0
222,train_reconfiguration_bottleneck_1000221,single_stage_progress_quality_failure_v2,-0.6700230728731146,0.3299769271268854,-0.6700230728731146,-0.6700230728731146,0.0,False,True,False,True,horizon,0.8888888888888888,0.9615384615384616,0.0,0.9583333333333334,0.0,1.0,0.628356406206448,1.0,1.0,2028.8999999999999,2255.6663921756403,8.228888888888882,d17fb47064bdfcb2,395,395,0,0.0,-2028.8999999999999,-2255.6663921756403,-8.228888888888878,0.9583333333333334,-0.628356406206448,-1.0,0.0
223,train_high_arrival_pressure_1000222,single_stage_progress_quality_failure_v2,0.4652605459057073,0.4652605459057073,0.4652605459057073,0.4652605459057073,0.0,True,False,True,False,completed,1.0,1.0,0.0,1.0,0.0,0.5347394540942927,0.5347394540942927,1.0,-0.0,1379.1999999999996,657.6879813138397,183.61472222222224,d17fb47064bdfcb2,247,247,0,0.0,-1379.1999999999996,-657.6879813138397,-183.61472222222224,1.0,-0.5347394540942927,0.0,0.0
224,train_balanced_1000223,single_stage_progress_quality_failure_v2,0.6386715631486507,0.6386715631486507,0.6386715631486507,0.6386715631486507,0.0,True,False,True,False,completed,1.0,1.0,0.0,1.0,0.0,0.3613284368513493,0.3613284368513493,1.0,-0.0,678.9000000000002,293.11518118072007,52.34555555555556,d17fb47064bdfcb2,175,175,0,0.0,-678.9000000000002,-293.11518118072007,-52.34555555555556,1.0,-0.3613284368513493,0.0,0.0
225,train_reconfiguration_bottleneck_1000224,single_stage_progress_quality_failure_v2,-0.5960436299567641,0.4039563700432359,-0.5960436299567641,-0.5960436299567641,0.0,False,True,False,True,horizon,0.9333333333333333,0.9846153846153847,0.0,0.9866666666666667,0.0,1.0,0.5827102966234308,1.0,1.0,1675.7,2208.3079042445415,14.792222222222255,d17fb47064bdfcb2,368,368,0,0.0,-1675.7,-2208.3079042445415,-14.792222222222252,0.9866666666666667,-0.5827102966234308,-1.0,0.0
226,train_balanced_1000225,single_stage_progress_quality_failure_v2,0.6621785674870324,0.6621785674870324,0.6621785674870324,0.6621785674870324,0.0,True,False,True,False,completed,1.0,1.0,0.0,1.0,0.0,0.33782143251296765,0.33782143251296765,1.0,-0.0,612.1999999999999,404.1709851668201,45.355833333333315,d17fb47064bdfcb2,174,174,0,0.0,-612.1999999999999,-404.1709851668201,-45.355833333333315,1.0,-0.33782143251296765,0.0,0.0
227,train_machine_bottleneck_1000226,single_stage_progress_quality_failure_v2,0.47502177183120886,0.47502177183120886,0.47502177183120886,0.47502177183120886,0.0,True,False,True,False,completed,1.0,1.0,0.0,1.0,0.0,0.5249782281687911,0.5249782281687911,1.0,-0.0,1326.2000000000005,825.1297585523599,115.97666666666669,d17fb47064bdfcb2,285,285,0,0.0,-1326.2000000000005,-825.1297585523599,-115.97666666666669,1.0,-0.5249782281687911,0.0,0.0
228,train_balanced_1000227,single_stage_progress_quality_failure_v2,0.6557018742145237,0.6557018742145237,0.6557018742145237,0.6557018742145237,0.0,True,False,True,False,completed,1.0,1.0,0.0,1.0,0.0,0.34429812578547625,0.34429812578547625,1.0,-0.0,630.1,481.39049120964006,56.948888888888895,d17fb47064bdfcb2,165,165,0,0.0,-630.1,-481.39049120964006,-56.948888888888895,1.0,-0.34429812578547625,0.0,0.0
229,train_fatigue_bottleneck_1000228,single_stage_progress_quality_failure_v2,0.4024549753496328,0.4024549753496328,0.4024549753496328,0.4024549753496328,0.0,True,False,True,False,completed,1.0,1.0,0.0,1.0,0.0,0.5975450246503672,0.5975450246503672,1.0,-0.0,1781.6999999999998,1102.3335072497098,10.401388888888889,d17fb47064bdfcb2,297,297,0,0.0,-1781.6999999999998,-1102.3335072497098,-10.401388888888889,1.0,-0.5975450246503672,0.0,0.0
230,train_fatigue_bottleneck_1000229,single_stage_progress_quality_failure_v2,0.46515233739049533,0.46515233739049533,0.46515233739049533,0.46515233739049533,0.0,True,False,True,False,completed,1.0,1.0,0.0,1.0,0.0,0.5348476626095047,0.5348476626095047,1.0,-0.0,1379.8000000000002,1532.1600233676502,38.132222222222225,d17fb47064bdfcb2,277,277,0,0.0,-1379.8000000000002,-1532.1600233676502,-38.132222222222225,1.0,-0.5348476626095047,0.0,0.0
231,train_high_arrival_pressure_1000230,single_stage_progress_quality_failure_v2,0.4335103500596079,0.4335103500596079,0.4335103500596079,0.4335103500596079,0.0,True,False,True,False,completed,1.0,1.0,0.0,1.0,0.0,0.5664896499403921,0.5664896499403921,1.0,-0.0,1568.0999999999992,1080.8119404139302,168.55999999999997,d17fb47064bdfcb2,303,303,0,0.0,-1568.0999999999992,-1080.8119404139302,-168.55999999999997,1.0,-0.5664896499403921,0.0,0.0
232,train_easy_1000231,single_stage_progress_quality_failure_v2,0.6858710562414267,0.6858710562414265,0.6858710562414265,0.6858710562414265,0.0,True,False,True,False,completed,1.0,1.0,0.0,1.0,0.0,0.3141289437585734,0.3141289437585734,1.0,-0.0,549.6000000000001,444.46299486297994,20.19138888888889,d17fb47064bdfcb2,169,169,0,0.0,-549.6000000000001,-444.46299486297994,-20.19138888888889,1.0,-0.3141289437585734,0.0,0.0
233,train_fatigue_bottleneck_1000232,single_stage_progress_quality_failure_v2,0.3556820202738752,0.3556820202738752,0.3556820202738752,0.3556820202738752,0.0,True,False,True,False,completed,1.0,1.0,0.0,1.0,0.0,0.6443179797261248,0.6443179797261248,1.0,-0.0,2173.7999999999993,2145.369567295871,9.379166666666672,d17fb47064bdfcb2,410,410,0,0.0,-2173.7999999999993,-2145.369567295871,-9.37916666666667,1.0,-0.6443179797261248,0.0,0.0
234,train_balanced_1000233,single_stage_progress_quality_failure_v2,0.6380263717566994,0.6380263717566993,0.6380263717566993,0.6380263717566993,0.0,True,False,True,False,completed,1.0,1.0,0.0,1.0,0.0,0.3619736282433007,0.3619736282433007,1.0,-0.0,680.8,403.50384613917987,23.78222222222223,d17fb47064bdfcb2,189,189,0,0.0,-680.8,-403.50384613917987,-23.78222222222223,1.0,-0.3619736282433007,0.0,0.0
235,train_easy_1000234,single_stage_progress_quality_failure_v2,0.7122929898498251,0.7122929898498249,0.7122929898498249,0.7122929898498249,0.0,True,False,True,False,completed,1.0,1.0,0.0,1.0,0.0,0.2877070101501751,0.2877070101501751,1.0,-0.0,484.7,216.81338478453998,8.798055555555559,d17fb47064bdfcb2,141,141,0,0.0,-484.7,-216.81338478453998,-8.798055555555559,1.0,-0.2877070101501751,0.0,0.0
236,train_balanced_1000235,single_stage_progress_quality_failure_v2,0.5611672278338943,0.5611672278338944,0.5611672278338944,0.5611672278338944,0.0,True,False,True,False,completed,1.0,1.0,0.0,1.0,0.0,0.4388327721661056,0.4388327721661056,1.0,-0.0,938.4000000000004,706.5320939011797,71.81666666666668,d17fb47064bdfcb2,261,261,0,0.0,-938.4000000000004,-706.5320939011797,-71.81666666666668,1.0,-0.4388327721661056,0.0,0.0
237,train_balanced_1000236,single_stage_progress_quality_failure_v2,0.6408202499198974,0.6408202499198975,0.6408202499198975,0.6408202499198975,0.0,True,False,True,False,completed,1.0,1.0,0.0,1.0,0.0,0.3591797500801025,0.3591797500801025,1.0,-0.0,672.5999999999999,160.62974248935004,25.248055555555563,d17fb47064bdfcb2,151,151,0,0.0,-672.5999999999999,-160.62974248935004,-25.248055555555563,1.0,-0.3591797500801025,0.0,0.0
238,train_balanced_1000237,single_stage_progress_quality_failure_v2,0.603409262332177,0.6034092623321767,0.6034092623321767,0.6034092623321767,0.0,True,False,True,False,completed,1.0,1.0,0.0,1.0,0.0,0.3965907376678232,0.3965907376678232,1.0,-0.0,788.7000000000002,531.0169757983299,82.96805555555558,d17fb47064bdfcb2,203,203,0,0.0,-788.7000000000002,-531.0169757983299,-82.96805555555558,1.0,-0.3965907376678232,0.0,0.0
239,train_high_arrival_pressure_1000238,single_stage_progress_quality_failure_v2,0.4491858506457046,0.4491858506457046,0.4491858506457046,0.4491858506457046,0.0,True,False,True,False,completed,1.0,1.0,0.0,1.0,0.0,0.5508141493542954,0.5508141493542954,1.0,-0.0,1471.5000000000002,583.07510418084,85.08916666666669,d17fb47064bdfcb2,250,250,0,0.0,-1471.5000000000002,-583.07510418084,-85.08916666666669,1.0,-0.5508141493542954,0.0,0.0
240,train_balanced_1000239,single_stage_progress_quality_failure_v2,0.5871990604815034,0.5871990604815034,0.5871990604815034,0.5871990604815034,0.0,True,False,True,False,completed,1.0,1.0,0.0,1.0,0.0,0.41280093951849667,0.41280093951849667,1.0,-0.0,843.5999999999999,592.3871114899299,147.2158333333334,d17fb47064bdfcb2,215,215,0,0.0,-843.5999999999999,-592.3871114899299,-147.2158333333334,1.0,-0.41280093951849667,0.0,0.0
241,train_balanced_1000240,single_stage_progress_quality_failure_v2,0.6546287709344825,0.6546287709344825,0.6546287709344825,0.6546287709344825,0.0,True,False,True,False,completed,1.0,1.0,0.0,1.0,0.0,0.3453712290655175,0.3453712290655175,1.0,-0.0,633.1,417.88282163861004,42.59138888888889,d17fb47064bdfcb2,168,168,0,0.0,-633.1,-417.88282163861004,-42.59138888888889,1.0,-0.3453712290655175,0.0,0.0
242,train_balanced_1000241,single_stage_progress_quality_failure_v2,0.6497373978017218,0.6497373978017218,0.6497373978017218,0.6497373978017218,0.0,True,False,True,False,completed,1.0,1.0,0.0,1.0,0.0,0.3502626021982782,0.3502626021982782,1.0,-0.0,646.9000000000001,392.9768820982099,31.32916666666668,d17fb47064bdfcb2,169,169,0,0.0,-646.9000000000001,-392.9768820982099,-31.32916666666668,1.0,-0.3502626021982782,0.0,0.0
243,train_easy_1000242,single_stage_progress_quality_failure_v2,0.7138607971445567,0.7138607971445567,0.7138607971445567,0.7138607971445567,0.0,True,False,True,False,completed,1.0,1.0,0.0,1.0,0.0,0.2861392028554432,0.2861392028554432,1.0,-0.0,481.0,301.12858058932994,16.805833333333343,d17fb47064bdfcb2,141,141,0,0.0,-481.0,-301.12858058932994,-16.805833333333343,1.0,-0.2861392028554432,0.0,0.0
244,train_worker_bottleneck_1000243,single_stage_progress_quality_failure_v2,0.46798221667576645,0.46798221667576645,0.46798221667576645,0.46798221667576645,0.0,True,False,True,False,completed,1.0,1.0,0.0,1.0,0.0,0.5320177833242336,0.5320177833242336,1.0,-0.0,1364.1999999999996,871.7851260573894,50.80472222222222,d17fb47064bdfcb2,284,284,0,0.0,-1364.1999999999996,-871.7851260573894,-50.80472222222222,1.0,-0.5320177833242336,0.0,0.0
245,train_balanced_1000244,single_stage_progress_quality_failure_v2,0.6005404864377941,0.600540486437794,0.600540486437794,0.600540486437794,0.0,True,False,True,False,completed,1.0,1.0,0.0,1.0,0.0,0.399459513562206,0.399459513562206,1.0,-0.0,798.1999999999999,777.5730897978896,86.41222222222221,d17fb47064bdfcb2,219,219,0,0.0,-798.1999999999999,-777.5730897978896,-86.41222222222221,1.0,-0.399459513562206,0.0,0.0
246,train_balanced_1000245,single_stage_progress_quality_failure_v2,0.6213753106876554,0.6213753106876554,0.6213753106876554,0.6213753106876554,0.0,True,False,True,False,completed,1.0,1.0,0.0,1.0,0.0,0.37862468931234466,0.37862468931234466,1.0,-0.0,731.1999999999999,530.28799444115,65.52916666666668,d17fb47064bdfcb2,201,201,0,0.0,-731.1999999999999,-530.28799444115,-65.52916666666668,1.0,-0.37862468931234466,0.0,0.0
247,train_balanced_1000246,single_stage_progress_quality_failure_v2,0.5706948209444999,0.5706948209444999,0.5706948209444999,0.5706948209444999,0.0,True,False,True,False,completed,1.0,1.0,0.0,1.0,0.0,0.42930517905550014,0.42930517905550014,1.0,-0.0,902.7,765.9970259223797,59.64555555555558,d17fb47064bdfcb2,240,240,0,0.0,-902.7,-765.9970259223797,-59.64555555555558,1.0,-0.42930517905550014,0.0,0.0
248,train_worker_bottleneck_1000247,single_stage_progress_quality_failure_v2,0.40901189542929217,0.40901189542929217,0.40901189542929217,0.40901189542929217,0.0,True,False,True,False,completed,1.0,1.0,0.0,1.0,0.0,0.5909881045707078,0.5909881045707078,1.0,-0.0,1733.8999999999996,1693.8546590580809,40.94666666666668,d17fb47064bdfcb2,349,349,0,0.0,-1733.8999999999996,-1693.8546590580809,-40.94666666666668,1.0,-0.5909881045707078,0.0,0.0
249,train_balanced_1000248,single_stage_progress_quality_failure_v2,0.5661712668082095,0.5661712668082095,0.5661712668082095,0.5661712668082095,0.0,True,False,True,False,completed,1.0,1.0,0.0,1.0,0.0,0.43382873319179044,0.43382873319179044,1.0,-0.0,919.5,566.6233259334201,91.90805555555555,d17fb47064bdfcb2,241,241,0,0.0,-919.5,-566.6233259334201,-91.90805555555555,1.0,-0.43382873319179044,0.0,0.0
250,train_worker_bottleneck_1000249,single_stage_progress_quality_failure_v2,0.4535490210900295,0.4535490210900295,0.4535490210900295,0.4535490210900295,0.0,True,False,True,False,completed,1.0,1.0,0.0,1.0,0.0,0.5464509789099705,0.5464509789099705,1.0,-0.0,1445.8,1196.5759564984703,17.822222222222237,d17fb47064bdfcb2,325,325,0,0.0,-1445.8,-1196.5759564984703,-17.822222222222237,1.0,-0.5464509789099705,0.0,0.0
251,train_machine_bottleneck_1000250,single_stage_progress_quality_failure_v2,0.5070993914807302,0.5070993914807302,0.5070993914807302,0.5070993914807302,0.0,True,False,True,False,completed,1.0,1.0,0.0,1.0,0.0,0.4929006085192698,0.4929006085192698,1.0,-0.0,1166.4,875.4877819149601,83.63472222222225,d17fb47064bdfcb2,240,240,0,0.0,-1166.4,-875.4877819149601,-83.63472222222225,1.0,-0.4929006085192698,0.0,0.0
252,train_balanced_1000251,single_stage_progress_quality_failure_v2,0.7005662910852938,0.700566291085294,0.700566291085294,0.700566291085294,0.0,True,False,True,False,completed,1.0,1.0,0.0,1.0,0.0,0.299433708914706,0.299433708914706,1.0,-0.0,512.9,180.08058955767999,12.478055555555558,d17fb47064bdfcb2,131,131,0,0.0,-512.9,-180.08058955767999,-12.478055555555558,1.0,-0.299433708914706,0.0,0.0
253,train_machine_bottleneck_1000252,single_stage_progress_quality_failure_v2,0.4739898092191017,0.4739898092191017,0.4739898092191017,0.4739898092191017,0.0,True,False,True,False,completed,1.0,1.0,0.0,1.0,0.0,0.5260101907808983,0.5260101907808983,1.0,-0.0,1331.7000000000005,571.4832441844399,76.73138888888893,d17fb47064bdfcb2,274,274,0,0.0,-1331.7000000000005,-571.4832441844399,-76.73138888888893,1.0,-0.5260101907808983,0.0,0.0
254,train_fatigue_bottleneck_1000253,single_stage_progress_quality_failure_v2,0.4145077720207254,0.4145077720207254,0.4145077720207254,0.4145077720207254,0.0,True,False,True,False,completed,1.0,1.0,0.0,1.0,0.0,0.5854922279792746,0.5854922279792746,1.0,-0.0,1695.0000000000005,1400.9695970787002,53.22250000000002,d17fb47064bdfcb2,337,337,0,0.0,-1695.0000000000005,-1400.9695970787002,-53.22250000000002,1.0,-0.5854922279792746,0.0,0.0
255,train_worker_bottleneck_1000254,single_stage_progress_quality_failure_v2,0.486026731470231,0.486026731470231,0.486026731470231,0.486026731470231,0.0,True,False,True,False,completed,1.0,1.0,0.0,1.0,0.0,0.513973268529769,0.513973268529769,1.0,-0.0,1269.0,1222.7291081232015,56.73666666666667,d17fb47064bdfcb2,270,270,0,0.0,-1269.0,-1222.7291081232015,-56.73666666666668,1.0,-0.513973268529769,0.0,0.0
256,train_balanced_1000255,single_stage_progress_quality_failure_v2,0.5903187721369539,0.590318772136954,0.590318772136954,0.590318772136954,0.0,True,False,True,False,completed,1.0,1.0,0.0,1.0,0.0,0.40968122786304595,0.40968122786304595,1.0,-0.0,832.7999999999998,475.26929869298016,84.40888888888891,d17fb47064bdfcb2,220,220,0,0.0,-832.7999999999998,-475.26929869298016,-84.40888888888891,1.0,-0.40968122786304595,0.0,0.0
257,train_balanced_1000256,single_stage_progress_quality_failure_v2,0.6179514908079716,0.6179514908079715,0.6179514908079715,0.6179514908079715,0.0,True,False,True,False,completed,1.0,1.0,0.0,1.0,0.0,0.38204850919202843,0.38204850919202843,1.0,-0.0,741.9000000000001,389.8176985551398,39.576666666666675,d17fb47064bdfcb2,203,203,0,0.0,-741.9000000000001,-389.8176985551398,-39.576666666666675,1.0,-0.38204850919202843,0.0,0.0
258,train_easy_1000257,single_stage_progress_quality_failure_v2,0.6969045821476276,0.6969045821476276,0.6969045821476276,0.6969045821476276,0.0,True,False,True,False,completed,1.0,1.0,0.0,1.0,0.0,0.3030954178523724,0.3030954178523724,1.0,-0.0,521.9,383.34943511161015,17.838055555555567,d17fb47064bdfcb2,155,155,0,0.0,-521.9,-383.34943511161015,-17.838055555555567,1.0,-0.3030954178523724,0.0,0.0
259,train_fatigue_bottleneck_1000258,single_stage_progress_quality_failure_v2,0.3799753016053956,0.3799753016053956,0.3799753016053956,0.3799753016053956,0.0,True,False,True,False,completed,1.0,1.0,0.0,1.0,0.0,0.6200246983946044,0.6200246983946044,1.0,-0.0,1958.1000000000008,1746.2651808664004,3.521388888888888,d17fb47064bdfcb2,353,353,0,0.0,-1958.1000000000008,-1746.2651808664004,-3.5213888888888882,1.0,-0.6200246983946044,0.0,0.0
260,train_balanced_1000259,single_stage_progress_quality_failure_v2,0.644399097841263,0.644399097841263,0.644399097841263,0.644399097841263,0.0,True,False,True,False,completed,1.0,1.0,0.0,1.0,0.0,0.355600902158737,0.355600902158737,1.0,-0.0,662.2000000000002,270.9289924549501,11.125555555555556,d17fb47064bdfcb2,169,169,0,0.0,-662.2000000000002,-270.9289924549501,-11.125555555555556,1.0,-0.355600902158737,0.0,0.0
261,train_machine_bottleneck_1000260,single_stage_progress_quality_failure_v2,0.5254860746190225,0.5254860746190226,0.5254860746190226,0.5254860746190226,0.0,True,False,True,False,completed,1.0,1.0,0.0,1.0,0.0,0.4745139253809774,0.4745139253809774,1.0,-0.0,1083.6000000000004,902.5085187562003,101.83805555555557,d17fb47064bdfcb2,247,247,0,0.0,-1083.6000000000004,-902.5085187562003,-101.83805555555557,1.0,-0.4745139253809774,0.0,0.0
262,train_balanced_1000261,single_stage_progress_quality_failure_v2,0.6559886295304216,0.6559886295304214,0.6559886295304214,0.6559886295304214,0.0,True,False,True,False,completed,1.0,1.0,0.0,1.0,0.0,0.3440113704695786,0.3440113704695786,1.0,-0.0,629.3000000000002,577.93331075642,40.11666666666668,d17fb47064bdfcb2,174,174,0,0.0,-629.3000000000002,-577.93331075642,-40.11666666666668,1.0,-0.3440113704695786,0.0,0.0
263,train_easy_1000262,single_stage_progress_quality_failure_v2,0.7180039490217196,0.7180039490217196,0.7180039490217196,0.7180039490217196,0.0,True,False,True,False,completed,1.0,1.0,0.0,1.0,0.0,0.2819960509782804,0.2819960509782804,1.0,-0.0,471.3,345.56485576254005,40.86805555555555,d17fb47064bdfcb2,135,135,0,0.0,-471.3,-345.56485576254005,-40.86805555555555,1.0,-0.2819960509782804,0.0,0.0
264,train_easy_1000263,single_stage_progress_quality_failure_v2,0.6944846345274611,0.6944846345274611,0.6944846345274611,0.6944846345274611,0.0,True,False,True,False,completed,1.0,1.0,0.0,1.0,0.0,0.3055153654725388,0.3055153654725388,1.0,-0.0,527.8999999999999,387.14728770069,18.26666666666667,d17fb47064bdfcb2,172,172,0,0.0,-527.8999999999999,-387.14728770069,-18.26666666666667,1.0,-0.3055153654725388,0.0,0.0
265,train_balanced_1000264,single_stage_progress_quality_failure_v2,0.6048387096774194,0.6048387096774194,0.6048387096774194,0.6048387096774194,0.0,True,False,True,False,completed,1.0,1.0,0.0,1.0,0.0,0.3951612903225806,0.3951612903225806,1.0,-0.0,784.0,336.4720183933099,62.14916666666667,d17fb47064bdfcb2,188,188,0,0.0,-784.0,-336.4720183933099,-62.14916666666667,1.0,-0.3951612903225806,0.0,0.0
266,train_balanced_1000265,single_stage_progress_quality_failure_v2,0.5706134094151212,0.5706134094151212,0.5706134094151212,0.5706134094151212,0.0,True,False,True,False,completed,1.0,1.0,0.0,1.0,0.0,0.4293865905848789,0.4293865905848789,1.0,-0.0,903.0000000000002,644.1155433484704,77.33333333333336,d17fb47064bdfcb2,254,254,0,0.0,-903.0000000000002,-644.1155433484704,-77.33333333333336,1.0,-0.4293865905848789,0.0,0.0
267,train_fatigue_bottleneck_1000266,single_stage_progress_quality_failure_v2,0.4379881743192934,0.4379881743192934,0.4379881743192934,0.4379881743192934,0.0,True,False,True,False,completed,1.0,1.0,0.0,1.0,0.0,0.5620118256807066,0.5620118256807066,1.0,-0.0,1539.7999999999995,1281.7037658353192,23.125833333333336,d17fb47064bdfcb2,298,298,0,0.0,-1539.7999999999995,-1281.7037658353192,-23.125833333333336,1.0,-0.5620118256807066,0.0,0.0
268,train_fatigue_bottleneck_1000267,single_stage_progress_quality_failure_v2,0.4270918603409616,0.4270918603409616,0.4270918603409616,0.4270918603409616,0.0,True,False,True,False,completed,1.0,1.0,0.0,1.0,0.0,0.5729081396590384,0.5729081396590384,1.0,-0.0,1609.7,985.56703541379,44.81138888888891,d17fb47064bdfcb2,303,303,0,0.0,-1609.7,-985.56703541379,-44.81138888888891,1.0,-0.5729081396590384,0.0,0.0
269,train_balanced_1000268,single_stage_progress_quality_failure_v2,0.5909583374372109,0.5909583374372107,0.5909583374372107,0.5909583374372107,0.0,True,False,True,False,completed,1.0,1.0,0.0,1.0,0.0,0.40904166256278934,0.40904166256278934,1.0,-0.0,830.6000000000003,516.09443928596,125.15472222222228,d17fb47064bdfcb2,228,228,0,0.0,-830.6000000000003,-516.09443928596,-125.15472222222228,1.0,-0.40904166256278934,0.0,0.0
270,train_balanced_1000269,single_stage_progress_quality_failure_v2,0.5965697240865026,0.5965697240865026,0.5965697240865026,0.5965697240865026,0.0,True,False,True,False,completed,1.0,1.0,0.0,1.0,0.0,0.40343027591349745,0.40343027591349745,1.0,-0.0,811.5000000000001,421.6527924564999,100.3413888888889,d17fb47064bdfcb2,205,205,0,0.0,-811.5000000000001,-421.6527924564999,-100.3413888888889,1.0,-0.40343027591349745,0.0,0.0
271,train_fatigue_bottleneck_1000270,single_stage_progress_quality_failure_v2,0.4473939303556781,0.4473939303556781,0.4473939303556781,0.4473939303556781,0.0,True,False,True,False,completed,1.0,1.0,0.0,1.0,0.0,0.5526060696443219,0.5526060696443219,1.0,-0.0,1482.2000000000005,1400.3230235589804,0.7688888888888901,d17fb47064bdfcb2,298,298,0,0.0,-1482.2000000000005,-1400.3230235589804,-0.768888888888891,1.0,-0.5526060696443219,0.0,0.0
272,train_machine_bottleneck_1000271,single_stage_progress_quality_failure_v2,0.5082592121982212,0.5082592121982212,0.5082592121982212,0.5082592121982212,0.0,True,False,True,False,completed,1.0,1.0,0.0,1.0,0.0,0.4917407878017788,0.4917407878017788,1.0,-0.0,1160.9999999999998,899.798922796591,180.81555555555556,d17fb47064bdfcb2,252,252,0,0.0,-1160.9999999999998,-899.798922796591,-180.81555555555556,1.0,-0.4917407878017788,0.0,0.0
273,train_fatigue_bottleneck_1000272,single_stage_progress_quality_failure_v2,0.41100113025310814,0.41100113025310814,0.41100113025310814,0.41100113025310814,0.0,True,False,True,False,completed,1.0,1.0,0.0,1.0,0.0,0.5889988697468919,0.5889988697468919,1.0,-0.0,1719.7000000000007,1210.4771042601394,31.011388888888906,d17fb47064bdfcb2,303,303,0,0.0,-1719.7000000000007,-1210.4771042601394,-31.011388888888906,1.0,-0.5889988697468919,0.0,0.0
274,train_balanced_1000273,single_stage_progress_quality_failure_v2,0.6367398917542186,0.6367398917542184,0.6367398917542184,0.6367398917542184,0.0,True,False,True,False,completed,1.0,1.0,0.0,1.0,0.0,0.36326010824578153,0.36326010824578153,1.0,-0.0,684.5999999999998,429.32264262959006,56.4125,d17fb47064bdfcb2,181,181,0,0.0,-684.5999999999998,-429.32264262959006,-56.4125,1.0,-0.36326010824578153,0.0,0.0
275,train_balanced_1000274,single_stage_progress_quality_failure_v2,0.588697017268446,0.588697017268446,0.588697017268446,0.588697017268446,0.0,True,False,True,False,completed,1.0,1.0,0.0,1.0,0.0,0.411302982731554,0.411302982731554,1.0,-0.0,838.3999999999995,598.6515362180904,58.7488888888889,d17fb47064bdfcb2,224,224,0,0.0,-838.3999999999995,-598.6515362180904,-58.7488888888889,1.0,-0.411302982731554,0.0,0.0
276,train_balanced_1000275,single_stage_progress_quality_failure_v2,0.644364495516297,0.644364495516297,0.644364495516297,0.644364495516297,0.0,True,False,True,False,completed,1.0,1.0,0.0,1.0,0.0,0.35563550448370296,0.35563550448370296,1.0,-0.0,662.3000000000001,277.0286222346999,0.791388888888889,d17fb47064bdfcb2,160,160,0,0.0,-662.3000000000001,-277.0286222346999,-0.791388888888889,1.0,-0.35563550448370296,0.0,0.0
277,train_balanced_1000276,single_stage_progress_quality_failure_v2,0.65355917433691,0.6535591743369098,0.6535591743369098,0.6535591743369098,0.0,True,False,True,False,completed,1.0,1.0,0.0,1.0,0.0,0.34644082566309015,0.34644082566309015,1.0,-0.0,636.0999999999998,395.6497205295497,77.81000000000002,d17fb47064bdfcb2,162,162,0,0.0,-636.0999999999998,-395.6497205295497,-77.81000000000002,1.0,-0.34644082566309015,0.0,0.0
278,train_machine_bottleneck_1000277,single_stage_progress_quality_failure_v2,0.4739710877636464,0.4739710877636464,0.4739710877636464,0.4739710877636464,0.0,True,False,True,False,completed,1.0,1.0,0.0,1.0,0.0,0.5260289122363536,0.5260289122363536,1.0,-0.0,1331.8000000000002,949.6920839061801,107.72138888888894,d17fb47064bdfcb2,277,277,0,0.0,-1331.8000000000002,-949.6920839061801,-107.72138888888894,1.0,-0.5260289122363536,0.0,0.0
279,train_balanced_1000278,single_stage_progress_quality_failure_v2,0.6366047745358092,0.636604774535809,0.636604774535809,0.636604774535809,0.0,True,False,True,False,completed,1.0,1.0,0.0,1.0,0.0,0.363395225464191,0.363395225464191,1.0,-0.0,685.0,517.7824208549201,95.78472222222221,d17fb47064bdfcb2,173,173,0,0.0,-685.0,-517.7824208549201,-95.78472222222221,1.0,-0.363395225464191,0.0,0.0
280,train_high_arrival_pressure_1000279,single_stage_progress_quality_failure_v2,0.4616449949988459,0.4616449949988459,0.4616449949988459,0.4616449949988459,0.0,True,False,True,False,completed,1.0,1.0,0.0,1.0,0.0,0.5383550050011541,0.5383550050011541,1.0,-0.0,1399.4,1123.3080132804698,95.2533333333334,d17fb47064bdfcb2,283,283,0,0.0,-1399.4,-1123.3080132804698,-95.2533333333334,1.0,-0.5383550050011541,0.0,0.0
281,train_high_arrival_pressure_1000280,single_stage_progress_quality_failure_v2,0.49325879644853665,0.49325879644853665,0.49325879644853665,0.49325879644853665,0.0,True,False,True,False,completed,1.0,1.0,0.0,1.0,0.0,0.5067412035514633,0.5067412035514633,1.0,-0.0,1232.8000000000002,562.7231884067298,141.02888888888887,d17fb47064bdfcb2,231,231,0,0.0,-1232.8000000000002,-562.7231884067298,-141.02888888888887,1.0,-0.5067412035514633,0.0,0.0
282,train_balanced_1000281,single_stage_progress_quality_failure_v2,0.637958532695375,0.6379585326953747,0.6379585326953747,0.6379585326953747,0.0,True,False,True,False,completed,1.0,1.0,0.0,1.0,0.0,0.3620414673046252,0.3620414673046252,1.0,-0.0,681.0,510.8554504266401,29.071388888888887,d17fb47064bdfcb2,173,173,0,0.0,-681.0,-510.8554504266401,-29.071388888888887,1.0,-0.3620414673046252,0.0,0.0
283,train_balanced_1000282,single_stage_progress_quality_failure_v2,0.5729564553093967,0.5729564553093965,0.5729564553093965,0.5729564553093965,0.0,True,False,True,False,completed,1.0,1.0,0.0,1.0,0.0,0.42704354469060346,0.42704354469060346,1.0,-0.0,894.4,451.8073243274199,103.83222222222224,d17fb47064bdfcb2,221,221,0,0.0,-894.4,-451.8073243274199,-103.83222222222224,1.0,-0.42704354469060346,0.0,0.0
284,train_fatigue_bottleneck_1000283,single_stage_progress_quality_failure_v2,0.4006811579685464,0.4006811579685464,0.4006811579685464,0.4006811579685464,0.0,True,False,True,False,completed,1.0,1.0,0.0,1.0,0.0,0.5993188420314536,0.5993188420314536,1.0,-0.0,1794.9000000000005,1290.5650764202699,96.59888888888888,d17fb47064bdfcb2,282,282,0,0.0,-1794.9000000000005,-1290.5650764202699,-96.59888888888888,1.0,-0.5993188420314536,0.0,0.0
285,train_balanced_1000284,single_stage_progress_quality_failure_v2,0.5603025633842273,0.5603025633842273,0.5603025633842273,0.5603025633842273,0.0,True,False,True,False,completed,1.0,1.0,0.0,1.0,0.0,0.4396974366157726,0.4396974366157726,1.0,-0.0,941.7000000000003,927.0291924111108,97.1222222222222,d17fb47064bdfcb2,269,269,0,0.0,-941.7000000000003,-927.0291924111108,-97.1222222222222,1.0,-0.4396974366157726,0.0,0.0
286,train_balanced_1000285,single_stage_progress_quality_failure_v2,0.673325103804287,0.6733251038042869,0.6733251038042869,0.6733251038042869,0.0,True,False,True,False,completed,1.0,1.0,0.0,1.0,0.0,0.32667489619571316,0.32667489619571316,1.0,-0.0,582.1999999999999,244.30831540684,26.168888888888887,d17fb47064bdfcb2,142,142,0,0.0,-582.1999999999999,-244.30831540684,-26.168888888888887,1.0,-0.32667489619571316,0.0,0.0
287,train_easy_1000286,single_stage_progress_quality_failure_v2,0.7168458781362008,0.7168458781362008,0.7168458781362008,0.7168458781362008,0.0,True,False,True,False,completed,1.0,1.0,0.0,1.0,0.0,0.28315412186379924,0.28315412186379924,1.0,-0.0,473.99999999999994,255.19758531583997,31.094722222222227,d17fb47064bdfcb2,144,144,0,0.0,-473.99999999999994,-255.19758531583997,-31.094722222222227,1.0,-0.28315412186379924,0.0,0.0
288,train_worker_bottleneck_1000287,single_stage_progress_quality_failure_v2,0.4970178926441352,0.4970178926441352,0.4970178926441352,0.4970178926441352,0.0,True,False,True,False,completed,1.0,1.0,0.0,1.0,0.0,0.5029821073558648,0.5029821073558648,1.0,-0.0,1214.3999999999999,934.2251180732497,83.49,d17fb47064bdfcb2,268,268,0,0.0,-1214.3999999999999,-934.2251180732497,-83.49,1.0,-0.5029821073558648,0.0,0.0
289,train_high_arrival_pressure_1000288,single_stage_progress_quality_failure_v2,0.43482987281226226,0.43482987281226226,0.43482987281226226,0.43482987281226226,0.0,True,False,True,False,completed,1.0,1.0,0.0,1.0,0.0,0.5651701271877377,0.5651701271877377,1.0,-0.0,1559.6999999999991,687.6899315477195,41.54555555555556,d17fb47064bdfcb2,277,277,0,0.0,-1559.6999999999991,-687.6899315477195,-41.54555555555556,1.0,-0.5651701271877377,0.0,0.0
290,train_high_arrival_pressure_1000289,single_stage_progress_quality_failure_v2,0.4648460197559561,0.4648460197559561,0.4648460197559561,0.4648460197559561,0.0,True,False,True,False,completed,1.0,1.0,0.0,1.0,0.0,0.5351539802440439,0.5351539802440439,1.0,-0.0,1381.4999999999998,628.7876769401101,117.20138888888887,d17fb47064bdfcb2,241,241,0,0.0,-1381.4999999999998,-628.7876769401101,-117.20138888888887,1.0,-0.5351539802440439,0.0,0.0
291,train_reconfiguration_bottleneck_1000290,single_stage_progress_quality_failure_v2,0.49271196879490853,0.49271196879490853,0.49271196879490853,0.49271196879490853,0.0,True,False,True,False,completed,1.0,1.0,0.0,1.0,0.0,0.5072880312050915,0.5072880312050915,1.0,-0.0,1235.5000000000002,1493.2730335283907,56.41222222222225,d17fb47064bdfcb2,273,273,0,0.0,-1235.5000000000002,-1493.2730335283907,-56.41222222222225,1.0,-0.5072880312050915,0.0,0.0
292,train_balanced_1000291,single_stage_progress_quality_failure_v2,0.5824111822947,0.5824111822947,0.5824111822947,0.5824111822947,0.0,True,False,True,False,completed,1.0,1.0,0.0,1.0,0.0,0.4175888177053,0.4175888177053,1.0,-0.0,860.4000000000001,658.8562568378702,117.16250000000002,d17fb47064bdfcb2,237,237,0,0.0,-860.4000000000001,-658.8562568378702,-117.16250000000002,1.0,-0.4175888177053,0.0,0.0
293,train_balanced_1000292,single_stage_progress_quality_failure_v2,0.5719187875321703,0.5719187875321704,0.5719187875321704,0.5719187875321704,0.0,True,False,True,False,completed,1.0,1.0,0.0,1.0,0.0,0.4280812124678296,0.4280812124678296,1.0,-0.0,898.1999999999999,443.28697880313996,85.22805555555557,d17fb47064bdfcb2,219,219,0,0.0,-898.1999999999999,-443.28697880313996,-85.22805555555557,1.0,-0.4280812124678296,0.0,0.0
294,train_high_arrival_pressure_1000293,single_stage_progress_quality_failure_v2,0.46829268292682913,0.46829268292682913,0.46829268292682913,0.46829268292682913,0.0,True,False,True,False,completed,1.0,1.0,0.0,1.0,0.0,0.5317073170731709,0.5317073170731709,1.0,-0.0,1362.5000000000002,736.6138699320401,121.24916666666668,d17fb47064bdfcb2,244,244,0,0.0,-1362.5000000000002,-736.6138699320401,-121.24916666666668,1.0,-0.5317073170731709,0.0,0.0
295,train_machine_bottleneck_1000294,single_stage_progress_quality_failure_v2,0.44717719396310796,0.44717719396310796,0.44717719396310796,0.44717719396310796,0.0,True,False,True,False,completed,1.0,1.0,0.0,1.0,0.0,0.552822806036892,0.552822806036892,1.0,-0.0,1483.4999999999995,671.8791064269004,115.25138888888891,d17fb47064bdfcb2,270,270,0,0.0,-1483.4999999999995,-671.8791064269004,-115.25138888888891,1.0,-0.552822806036892,0.0,0.0
296,train_high_arrival_pressure_1000295,single_stage_progress_quality_failure_v2,0.4082604701799747,0.4082604701799747,0.4082604701799747,0.4082604701799747,0.0,True,False,True,False,completed,1.0,1.0,0.0,1.0,0.0,0.5917395298200253,0.5917395298200253,1.0,-0.0,1739.3000000000006,1211.0389006131104,163.4847222222223,d17fb47064bdfcb2,302,302,0,0.0,-1739.3000000000006,-1211.0389006131104,-163.4847222222223,1.0,-0.5917395298200253,0.0,0.0
297,train_machine_bottleneck_1000296,single_stage_progress_quality_failure_v2,0.4590841271663033,0.4590841271663033,0.4590841271663033,0.4590841271663033,0.0,True,False,True,False,completed,1.0,1.0,0.0,1.0,0.0,0.5409158728336967,0.5409158728336967,1.0,-0.0,1413.9,983.7847116210802,71.24805555555555,d17fb47064bdfcb2,291,291,0,0.0,-1413.9,-983.7847116210802,-71.24805555555555,1.0,-0.5409158728336967,0.0,0.0
298,train_machine_bottleneck_1000297,single_stage_progress_quality_failure_v2,0.4443621551564526,0.4443621551564526,0.4443621551564526,0.4443621551564526,0.0,True,False,True,False,completed,1.0,1.0,0.0,1.0,0.0,0.5556378448435474,0.5556378448435474,1.0,-0.0,1500.4999999999998,828.05365171928,73.19555555555553,d17fb47064bdfcb2,277,277,0,0.0,-1500.4999999999998,-828.05365171928,-73.19555555555553,1.0,-0.5556378448435474,0.0,0.0
299,train_machine_bottleneck_1000298,single_stage_progress_quality_failure_v2,0.5112256635283092,0.5112256635283092,0.5112256635283092,0.5112256635283092,0.0,True,False,True,False,completed,1.0,1.0,0.0,1.0,0.0,0.4887743364716908,0.4887743364716908,1.0,-0.0,1147.3,617.4789361691201,135.30138888888885,d17fb47064bdfcb2,244,244,0,0.0,-1147.3,-617.4789361691201,-135.30138888888885,1.0,-0.4887743364716908,0.0,0.0
300,train_balanced_1000299,single_stage_progress_quality_failure_v2,0.6433971368827408,0.6433971368827409,0.6433971368827409,0.6433971368827409,0.0,True,False,True,False,completed,1.0,1.0,0.0,1.0,0.0,0.35660286311725914,0.35660286311725914,1.0,-0.0,665.1,413.09190468302984,52.79138888888891,d17fb47064bdfcb2,186,186,0,0.0,-665.1,-413.09190468302984,-52.79138888888891,1.0,-0.35660286311725914,0.0,0.0
301,train_easy_1000300,single_stage_progress_quality_failure_v2,0.7023705004389816,0.7023705004389815,0.7023705004389815,0.7023705004389815,0.0,True,False,True,False,completed,1.0,1.0,0.0,1.0,0.0,0.2976294995610185,0.2976294995610185,1.0,-0.0,508.50000000000006,347.17373568042,25.86583333333334,d17fb47064bdfcb2,156,156,0,0.0,-508.50000000000006,-347.17373568042,-25.86583333333334,1.0,-0.2976294995610185,0.0,0.0
302,train_balanced_1000301,single_stage_progress_quality_failure_v2,0.5937654626422564,0.5937654626422564,0.5937654626422564,0.5937654626422564,0.0,True,False,True,False,completed,1.0,1.0,0.0,1.0,0.0,0.4062345373577436,0.4062345373577436,1.0,-0.0,820.9999999999999,711.2659087295001,177.40916666666672,d17fb47064bdfcb2,234,234,0,0.0,-820.9999999999999,-711.2659087295001,-177.40916666666672,1.0,-0.4062345373577436,0.0,0.0
303,train_fatigue_bottleneck_1000302,single_stage_progress_quality_failure_v2,0.3514526710403,0.3514526710403,0.3514526710403,0.3514526710403,0.0,True,False,True,False,completed,1.0,1.0,0.0,1.0,0.0,0.6485473289597,0.6485473289597,1.0,-0.0,2214.3999999999996,1801.6734520754596,9.402222222222212,d17fb47064bdfcb2,419,419,0,0.0,-2214.3999999999996,-1801.6734520754596,-9.402222222222212,1.0,-0.6485473289597,0.0,0.0
304,train_machine_bottleneck_1000303,single_stage_progress_quality_failure_v2,0.4950086626515964,0.4950086626515964,0.4950086626515964,0.4950086626515964,0.0,True,False,True,False,completed,1.0,1.0,0.0,1.0,0.0,0.5049913373484036,0.5049913373484036,1.0,-0.0,1224.2,785.6167786885002,153.45805555555555,d17fb47064bdfcb2,293,293,0,0.0,-1224.2,-785.6167786885002,-153.45805555555555,1.0,-0.5049913373484036,0.0,0.0
305,train_machine_bottleneck_1000304,single_stage_progress_quality_failure_v2,0.5354274495805817,0.535427449580582,0.535427449580582,0.535427449580582,0.0,True,False,True,False,completed,1.0,1.0,0.0,1.0,0.0,0.4645725504194181,0.4645725504194181,1.0,-0.0,1041.1999999999998,670.6267278086096,54.78472222222223,d17fb47064bdfcb2,261,261,0,0.0,-1041.1999999999998,-670.6267278086096,-54.78472222222223,1.0,-0.4645725504194181,0.0,0.0
306,train_fatigue_bottleneck_1000305,single_stage_progress_quality_failure_v2,0.3812670775878503,0.3812670775878503,0.3812670775878503,0.3812670775878503,0.0,True,False,True,False,completed,1.0,1.0,0.0,1.0,0.0,0.6187329224121497,0.6187329224121497,1.0,-0.0,1947.3999999999999,2308.0205139908285,30.61583333333334,d17fb47064bdfcb2,377,377,0,0.0,-1947.3999999999999,-2308.0205139908285,-30.61583333333334,1.0,-0.6187329224121497,0.0,0.0
307,train_balanced_1000306,single_stage_progress_quality_failure_v2,0.5829204313611192,0.5829204313611192,0.5829204313611192,0.5829204313611192,0.0,True,False,True,False,completed,1.0,1.0,0.0,1.0,0.0,0.41707956863888085,0.41707956863888085,1.0,-0.0,858.6000000000004,337.49784824445004,67.28333333333335,d17fb47064bdfcb2,208,208,0,0.0,-858.6000000000004,-337.49784824445004,-67.28333333333335,1.0,-0.41707956863888085,0.0,0.0
308,train_balanced_1000307,single_stage_progress_quality_failure_v2,0.6323444169257524,0.6323444169257522,0.6323444169257522,0.6323444169257522,0.0,True,False,True,False,completed,1.0,1.0,0.0,1.0,0.0,0.3676555830742478,0.3676555830742478,1.0,-0.0,697.7,599.72173166003,176.50888888888895,d17fb47064bdfcb2,194,194,0,0.0,-697.7,-599.72173166003,-176.50888888888895,1.0,-0.3676555830742478,0.0,0.0
309,train_high_arrival_pressure_1000308,single_stage_progress_quality_failure_v2,0.45925982624669914,0.45925982624669914,0.45925982624669914,0.45925982624669914,0.0,True,False,True,False,completed,1.0,1.0,0.0,1.0,0.0,0.5407401737533009,0.5407401737533009,1.0,-0.0,1412.8999999999999,911.2837756488095,125.88333333333334,d17fb47064bdfcb2,281,281,0,0.0,-1412.8999999999999,-911.2837756488095,-125.88333333333334,1.0,-0.5407401737533009,0.0,0.0
310,train_high_arrival_pressure_1000309,single_stage_progress_quality_failure_v2,0.5134568482307132,0.5134568482307132,0.5134568482307132,0.5134568482307132,0.0,True,False,True,False,completed,1.0,1.0,0.0,1.0,0.0,0.48654315176928675,0.48654315176928675,1.0,-0.0,1137.1000000000004,550.4172191790001,87.24472222222225,d17fb47064bdfcb2,240,240,0,0.0,-1137.1000000000004,-550.4172191790001,-87.24472222222225,1.0,-0.48654315176928675,0.0,0.0
311,train_high_arrival_pressure_1000310,single_stage_progress_quality_failure_v2,0.43495596070897824,0.43495596070897824,0.43495596070897824,0.43495596070897824,0.0,True,False,True,False,completed,1.0,1.0,0.0,1.0,0.0,0.5650440392910218,0.5650440392910218,1.0,-0.0,1558.9,872.7360758152702,59.882222222222246,d17fb47064bdfcb2,261,261,0,0.0,-1558.9,-872.7360758152702,-59.882222222222246,1.0,-0.5650440392910218,0.0,0.0
312,train_high_arrival_pressure_1000311,single_stage_progress_quality_failure_v2,0.4953151442605359,0.4953151442605359,0.4953151442605359,0.4953151442605359,0.0,True,False,True,False,completed,1.0,1.0,0.0,1.0,0.0,0.5046848557394641,0.5046848557394641,1.0,-0.0,1222.6999999999998,830.0291507939004,5.235555555555553,d17fb47064bdfcb2,276,276,0,0.0,-1222.6999999999998,-830.0291507939004,-5.235555555555553,1.0,-0.5046848557394641,0.0,0.0
313,train_high_arrival_pressure_1000312,single_stage_progress_quality_failure_v2,0.4551143474798043,0.4551143474798043,0.4551143474798043,0.4551143474798043,0.0,True,False,True,False,completed,1.0,1.0,0.0,1.0,0.0,0.5448856525201957,0.5448856525201957,1.0,-0.0,1436.7000000000003,645.6540532420103,87.64222222222223,d17fb47064bdfcb2,250,250,0,0.0,-1436.7000000000003,-645.6540532420103,-87.64222222222223,1.0,-0.5448856525201957,0.0,0.0
314,train_high_arrival_pressure_1000313,single_stage_progress_quality_failure_v2,0.43219881145326866,0.43219881145326866,0.43219881145326866,0.43219881145326866,0.0,True,False,True,False,completed,1.0,1.0,0.0,1.0,0.0,0.5678011885467313,0.5678011885467313,1.0,-0.0,1576.4999999999998,543.3991007621298,89.3488888888889,d17fb47064bdfcb2,268,268,0,0.0,-1576.4999999999998,-543.3991007621298,-89.3488888888889,1.0,-0.5678011885467313,0.0,0.0
315,train_balanced_1000314,single_stage_progress_quality_failure_v2,0.6705034363301111,0.6705034363301112,0.6705034363301112,0.6705034363301112,0.0,True,False,True,False,completed,1.0,1.0,0.0,1.0,0.0,0.32949656366988883,0.32949656366988883,1.0,-0.0,589.6999999999999,190.15914133865,32.03333333333334,d17fb47064bdfcb2,143,143,0,0.0,-589.6999999999999,-190.15914133865,-32.03333333333334,1.0,-0.32949656366988883,0.0,0.0
316,train_reconfiguration_bottleneck_1000315,single_stage_progress_quality_failure_v2,-0.6166597272441725,0.3833402727558275,-0.6166597272441725,-0.6166597272441725,0.0,False,True,False,True,horizon,0.9444444444444444,0.9878048780487805,0.0,0.9888888888888889,0.0,1.0,0.6055486161330614,1.0,1.0,1842.199999999999,2104.7707067042984,27.065833333333327,d17fb47064bdfcb2,427,427,0,0.0,-1842.199999999999,-2104.7707067042984,-27.065833333333327,0.9888888888888889,-0.6055486161330614,-1.0,0.0
317,train_fatigue_bottleneck_1000316,single_stage_progress_quality_failure_v2,0.44242893485233936,0.44242893485233936,0.44242893485233936,0.44242893485233936,0.0,True,False,True,False,completed,1.0,1.0,0.0,1.0,0.0,0.5575710651476606,0.5575710651476606,1.0,-0.0,1512.3000000000002,1008.4644855972296,21.848055555555543,d17fb47064bdfcb2,284,284,0,0.0,-1512.3000000000002,-1008.4644855972296,-21.848055555555543,1.0,-0.5575710651476606,0.0,0.0
318,train_balanced_1000317,single_stage_progress_quality_failure_v2,0.607594936708861,0.6075949367088609,0.6075949367088609,0.6075949367088609,0.0,True,False,True,False,completed,1.0,1.0,0.0,1.0,0.0,0.39240506329113917,0.39240506329113917,1.0,-0.0,774.9999999999999,619.9086583240199,164.3188888888889,d17fb47064bdfcb2,210,210,0,0.0,-774.9999999999999,-619.9086583240199,-164.3188888888889,1.0,-0.39240506329113917,0.0,0.0
319,train_high_arrival_pressure_1000318,single_stage_progress_quality_failure_v2,0.4704406460718207,0.4704406460718207,0.4704406460718207,0.4704406460718207,0.0,True,False,True,False,completed,1.0,1.0,0.0,1.0,0.0,0.5295593539281793,0.5295593539281793,1.0,-0.0,1350.8,561.2271656029001,96.65583333333332,d17fb47064bdfcb2,247,247,0,0.0,-1350.8,-561.2271656029001,-96.65583333333332,1.0,-0.5295593539281793,0.0,0.0
320,train_easy_1000319,single_stage_progress_quality_failure_v2,0.702740688685875,0.7027406886858749,0.7027406886858749,0.7027406886858749,0.0,True,False,True,False,completed,1.0,1.0,0.0,1.0,0.0,0.29725931131412503,0.29725931131412503,1.0,-0.0,507.5999999999999,398.59142801344996,36.40583333333333,d17fb47064bdfcb2,161,161,0,0.0,-507.5999999999999,-398.59142801344996,-36.40583333333333,1.0,-0.29725931131412503,0.0,0.0
321,train_balanced_1000320,single_stage_progress_quality_failure_v2,0.6145337225380245,0.6145337225380243,0.6145337225380243,0.6145337225380243,0.0,True,False,True,False,completed,1.0,1.0,0.0,1.0,0.0,0.3854662774619757,0.3854662774619757,1.0,-0.0,752.7,619.2310933643001,64.55472222222222,d17fb47064bdfcb2,204,204,0,0.0,-752.7,-619.2310933643001,-64.55472222222222,1.0,-0.3854662774619757,0.0,0.0
322,train_balanced_1000321,single_stage_progress_quality_failure_v2,0.6461339651087661,0.6461339651087659,0.6461339651087659,0.6461339651087659,0.0,True,False,True,False,completed,1.0,1.0,0.0,1.0,0.0,0.3538660348912341,0.3538660348912341,1.0,-0.0,657.2,386.85996621948,69.9425,d17fb47064bdfcb2,173,173,0,0.0,-657.2,-386.85996621948,-69.9425,1.0,-0.3538660348912341,0.0,0.0
323,train_fatigue_bottleneck_1000322,single_stage_progress_quality_failure_v2,0.48028817290374215,0.48028817290374215,0.48028817290374215,0.48028817290374215,0.0,True,False,True,False,completed,1.0,1.0,0.0,1.0,0.0,0.5197118270962579,0.5197118270962579,1.0,-0.0,1298.5000000000002,923.5979198997807,44.776666666666664,d17fb47064bdfcb2,274,274,0,0.0,-1298.5000000000002,-923.5979198997807,-44.776666666666664,1.0,-0.5197118270962579,0.0,0.0
324,train_fatigue_bottleneck_1000323,single_stage_progress_quality_failure_v2,0.4369674459252787,0.4369674459252787,0.4369674459252787,0.4369674459252787,0.0,True,False,True,False,completed,1.0,1.0,0.0,1.0,0.0,0.5630325540747213,0.5630325540747213,1.0,-0.0,1546.1999999999998,759.1083209084803,31.41888888888889,d17fb47064bdfcb2,271,271,0,0.0,-1546.1999999999998,-759.1083209084803,-31.41888888888889,1.0,-0.5630325540747213,0.0,0.0
325,train_easy_1000324,single_stage_progress_quality_failure_v2,0.6865381314720524,0.6865381314720521,0.6865381314720521,0.6865381314720521,0.0,True,False,True,False,completed,1.0,1.0,0.0,1.0,0.0,0.3134618685279479,0.3134618685279479,1.0,-0.0,547.9000000000001,375.67760368616,7.402222222222224,d17fb47064bdfcb2,145,145,0,0.0,-547.9000000000001,-375.67760368616,-7.402222222222224,1.0,-0.3134618685279479,0.0,0.0
326,train_high_arrival_pressure_1000325,single_stage_progress_quality_failure_v2,0.46732611574110117,0.46732611574110117,0.46732611574110117,0.46732611574110117,0.0,True,False,True,False,completed,1.0,1.0,0.0,1.0,0.0,0.5326738842588988,0.5326738842588988,1.0,-0.0,1367.8000000000004,624.1548838277204,91.95916666666669,d17fb47064bdfcb2,251,251,0,0.0,-1367.8000000000004,-624.1548838277204,-91.95916666666669,1.0,-0.5326738842588988,0.0,0.0
327,train_balanced_1000326,single_stage_progress_quality_failure_v2,0.6498429546193007,0.6498429546193005,0.6498429546193005,0.6498429546193005,0.0,True,False,True,False,completed,1.0,1.0,0.0,1.0,0.0,0.3501570453806995,0.3501570453806995,1.0,-0.0,646.5999999999998,286.44343742334,94.4813888888889,d17fb47064bdfcb2,169,169,0,0.0,-646.5999999999998,-286.44343742334,-94.4813888888889,1.0,-0.3501570453806995,0.0,0.0
328,train_easy_1000327,single_stage_progress_quality_failure_v2,0.7085498346717054,0.7085498346717052,0.7085498346717052,0.7085498346717052,0.0,True,False,True,False,completed,1.0,1.0,0.0,1.0,0.0,0.29145016532829476,0.29145016532829476,1.0,-0.0,493.59999999999997,277.05886821074,16.198055555555555,d17fb47064bdfcb2,150,150,0,0.0,-493.59999999999997,-277.05886821074,-16.198055555555555,1.0,-0.29145016532829476,0.0,0.0
329,train_high_arrival_pressure_1000328,single_stage_progress_quality_failure_v2,0.4704959811801608,0.4704959811801608,0.4704959811801608,0.4704959811801608,0.0,True,False,True,False,completed,1.0,1.0,0.0,1.0,0.0,0.5295040188198392,0.5295040188198392,1.0,-0.0,1350.4999999999995,746.5762116400899,96.33805555555557,d17fb47064bdfcb2,241,241,0,0.0,-1350.4999999999995,-746.5762116400899,-96.33805555555557,1.0,-0.5295040188198392,0.0,0.0
330,train_machine_bottleneck_1000329,single_stage_progress_quality_failure_v2,0.4533947935164546,0.4533947935164546,0.4533947935164546,0.4533947935164546,0.0,True,False,True,False,completed,1.0,1.0,0.0,1.0,0.0,0.5466052064835454,0.5466052064835454,1.0,-0.0,1446.6999999999996,752.9332867275596,64.66805555555557,d17fb47064bdfcb2,281,281,0,0.0,-1446.6999999999996,-752.9332867275596,-64.66805555555557,1.0,-0.5466052064835454,0.0,0.0
331,train_machine_bottleneck_1000330,single_stage_progress_quality_failure_v2,0.43818009201781927,0.43818009201781927,0.43818009201781927,0.43818009201781927,0.0,True,False,True,False,completed,1.0,1.0,0.0,1.0,0.0,0.5618199079821807,0.5618199079821807,1.0,-0.0,1538.6000000000004,689.1825877183499,100.17138888888888,d17fb47064bdfcb2,287,287,0,0.0,-1538.6000000000004,-689.1825877183499,-100.17138888888888,1.0,-0.5618199079821807,0.0,0.0
332,train_balanced_1000331,single_stage_progress_quality_failure_v2,0.6395224898742271,0.6395224898742273,0.6395224898742273,0.6395224898742273,0.0,True,False,True,False,completed,1.0,1.0,0.0,1.0,0.0,0.3604775101257727,0.3604775101257727,1.0,-0.0,676.4,471.82171200386995,28.152222222222225,d17fb47064bdfcb2,173,173,0,0.0,-676.4,-471.82171200386995,-28.152222222222225,1.0,-0.3604775101257727,0.0,0.0
333,train_machine_bottleneck_1000332,single_stage_progress_quality_failure_v2,0.48636160985692856,0.48636160985692856,0.48636160985692856,0.48636160985692856,0.0,True,False,True,False,completed,1.0,1.0,0.0,1.0,0.0,0.5136383901430714,0.5136383901430714,1.0,-0.0,1267.3000000000002,846.9029774067699,158.03222222222226,d17fb47064bdfcb2,287,287,0,0.0,-1267.3000000000002,-846.9029774067699,-158.03222222222226,1.0,-0.5136383901430714,0.0,0.0
334,train_balanced_1000333,single_stage_progress_quality_failure_v2,0.5809450038729668,0.5809450038729667,0.5809450038729667,0.5809450038729667,0.0,True,False,True,False,completed,1.0,1.0,0.0,1.0,0.0,0.4190549961270334,0.4190549961270334,1.0,-0.0,865.6000000000005,779.1359152608002,18.248888888888875,d17fb47064bdfcb2,241,241,0,0.0,-865.6000000000005,-779.1359152608002,-18.248888888888875,1.0,-0.4190549961270334,0.0,0.0
335,train_machine_bottleneck_1000334,single_stage_progress_quality_failure_v2,0.47021943573667724,0.47021943573667724,0.47021943573667724,0.47021943573667724,0.0,True,False,True,False,completed,1.0,1.0,0.0,1.0,0.0,0.5297805642633228,0.5297805642633228,1.0,-0.0,1351.9999999999995,660.3548776343204,49.426666666666655,d17fb47064bdfcb2,272,272,0,0.0,-1351.9999999999995,-660.3548776343204,-49.426666666666655,1.0,-0.5297805642633228,0.0,0.0
336,train_machine_bottleneck_1000335,single_stage_progress_quality_failure_v2,0.4733354370463868,0.4733354370463868,0.4733354370463868,0.4733354370463868,0.0,True,False,True,False,completed,1.0,1.0,0.0,1.0,0.0,0.5266645629536132,0.5266645629536132,1.0,-0.0,1335.2000000000003,738.2694911422203,162.8933333333333,d17fb47064bdfcb2,244,244,0,0.0,-1335.2000000000003,-738.2694911422203,-162.8933333333333,1.0,-0.5266645629536132,0.0,0.0
337,train_fatigue_bottleneck_1000336,single_stage_progress_quality_failure_v2,0.41173443129181675,0.41173443129181675,0.41173443129181675,0.41173443129181675,0.0,True,False,True,False,completed,1.0,1.0,0.0,1.0,0.0,0.5882655687081833,0.5882655687081833,1.0,-0.0,1714.5000000000002,1611.9830156145597,1.224722222222219,d17fb47064bdfcb2,386,386,0,0.0,-1714.5000000000002,-1611.9830156145597,-1.2247222222222196,1.0,-0.5882655687081833,0.0,0.0
338,train_machine_bottleneck_1000337,single_stage_progress_quality_failure_v2,0.4804420066461146,0.4804420066461146,0.4804420066461146,0.4804420066461146,0.0,True,False,True,False,completed,1.0,1.0,0.0,1.0,0.0,0.5195579933538854,0.5195579933538854,1.0,-0.0,1297.6999999999996,915.1568707101609,137.5133333333334,d17fb47064bdfcb2,278,278,0,0.0,-1297.6999999999996,-915.1568707101609,-137.5133333333334,1.0,-0.5195579933538854,0.0,0.0
339,train_balanced_1000338,single_stage_progress_quality_failure_v2,0.5546055368119427,0.5546055368119427,0.5546055368119427,0.5546055368119427,0.0,True,False,True,False,completed,1.0,1.0,0.0,1.0,0.0,0.4453944631880573,0.4453944631880573,1.0,-0.0,963.6999999999996,811.8733590988005,212.53138888888893,d17fb47064bdfcb2,260,260,0,0.0,-963.6999999999996,-811.8733590988005,-212.53138888888893,1.0,-0.4453944631880573,0.0,0.0
340,train_easy_1000339,single_stage_progress_quality_failure_v2,0.7147962830593284,0.7147962830593282,0.7147962830593282,0.7147962830593282,0.0,True,False,True,False,completed,1.0,1.0,0.0,1.0,0.0,0.28520371694067187,0.28520371694067187,1.0,-0.0,478.79999999999995,425.17558743437996,24.59583333333333,d17fb47064bdfcb2,145,145,0,0.0,-478.79999999999995,-425.17558743437996,-24.59583333333333,1.0,-0.28520371694067187,0.0,0.0
341,train_balanced_1000340,single_stage_progress_quality_failure_v2,0.6651884700665187,0.6651884700665188,0.6651884700665188,0.6651884700665188,0.0,True,False,True,False,completed,1.0,1.0,0.0,1.0,0.0,0.3348115299334812,0.3348115299334812,1.0,-0.0,604.0000000000001,513.8278482168301,48.662222222222226,d17fb47064bdfcb2,162,162,0,0.0,-604.0000000000001,-513.8278482168301,-48.662222222222226,1.0,-0.3348115299334812,0.0,0.0
342,train_fatigue_bottleneck_1000341,single_stage_progress_quality_failure_v2,0.4650261577213718,0.4650261577213718,0.4650261577213718,0.4650261577213718,0.0,True,False,True,False,completed,1.0,1.0,0.0,1.0,0.0,0.5349738422786282,0.5349738422786282,1.0,-0.0,1380.5000000000002,855.34988292554,82.52805555555558,d17fb47064bdfcb2,274,274,0,0.0,-1380.5000000000002,-855.34988292554,-82.52805555555558,1.0,-0.5349738422786282,0.0,0.0
343,train_easy_1000342,single_stage_progress_quality_failure_v2,0.6850488097276932,0.685048809727693,0.685048809727693,0.685048809727693,0.0,True,False,True,False,completed,1.0,1.0,0.0,1.0,0.0,0.31495119027230695,0.31495119027230695,1.0,-0.0,551.7,493.7324812473201,77.22916666666667,d17fb47064bdfcb2,187,187,0,0.0,-551.7,-493.7324812473201,-77.22916666666667,1.0,-0.31495119027230695,0.0,0.0
344,train_worker_bottleneck_1000343,single_stage_progress_quality_failure_v2,0.41053711939787885,0.41053711939787885,0.41053711939787885,0.41053711939787885,0.0,True,False,True,False,completed,1.0,1.0,0.0,1.0,0.0,0.5894628806021212,0.5894628806021212,1.0,-0.0,1723.0000000000007,1410.0202329840106,33.55138888888888,d17fb47064bdfcb2,346,346,0,0.0,-1723.0000000000007,-1410.0202329840106,-33.55138888888888,1.0,-0.5894628806021212,0.0,0.0
345,train_balanced_1000344,single_stage_progress_quality_failure_v2,0.5625879043600561,0.5625879043600562,0.5625879043600562,0.5625879043600562,0.0,True,False,True,False,completed,1.0,1.0,0.0,1.0,0.0,0.43741209563994377,0.43741209563994377,1.0,-0.0,933.0,746.6252335530496,43.27666666666667,d17fb47064bdfcb2,255,255,0,0.0,-933.0,-746.6252335530496,-43.27666666666667,1.0,-0.43741209563994377,0.0,0.0
346,train_balanced_1000345,single_stage_progress_quality_failure_v2,0.6527770222488172,0.652777022248817,0.652777022248817,0.652777022248817,0.0,True,False,True,False,completed,1.0,1.0,0.0,1.0,0.0,0.3472229777511831,0.3472229777511831,1.0,-0.0,638.3000000000001,222.42540235932006,31.218055555555566,d17fb47064bdfcb2,157,157,0,0.0,-638.3000000000001,-222.42540235932006,-31.218055555555566,1.0,-0.3472229777511831,0.0,0.0
347,train_balanced_1000346,single_stage_progress_quality_failure_v2,0.579682140959374,0.579682140959374,0.579682140959374,0.579682140959374,0.0,True,False,True,False,completed,1.0,1.0,0.0,1.0,0.0,0.42031785904062596,0.42031785904062596,1.0,-0.0,870.0999999999998,297.91434646475994,32.33583333333333,d17fb47064bdfcb2,208,208,0,0.0,-870.0999999999998,-297.91434646475994,-32.33583333333333,1.0,-0.42031785904062596,0.0,0.0
348,train_fatigue_bottleneck_1000347,single_stage_progress_quality_failure_v2,0.3992945795760823,0.3992945795760823,0.3992945795760823,0.3992945795760823,0.0,True,False,True,False,completed,1.0,1.0,0.0,1.0,0.0,0.6007054204239177,0.6007054204239177,1.0,-0.0,1805.3000000000006,880.9471161743498,51.8688888888889,d17fb47064bdfcb2,279,279,0,0.0,-1805.3000000000006,-880.9471161743498,-51.8688888888889,1.0,-0.6007054204239177,0.0,0.0
349,train_worker_bottleneck_1000348,single_stage_progress_quality_failure_v2,0.43160809984534054,0.43160809984534054,0.43160809984534054,0.43160809984534054,0.0,True,False,True,False,completed,1.0,1.0,0.0,1.0,0.0,0.5683919001546595,0.5683919001546595,1.0,-0.0,1580.2999999999997,1105.6444959089602,74.54472222222223,d17fb47064bdfcb2,297,297,0,0.0,-1580.2999999999997,-1105.6444959089602,-74.54472222222223,1.0,-0.5683919001546595,0.0,0.0
350,train_balanced_1000349,single_stage_progress_quality_failure_v2,0.5778398420571098,0.5778398420571099,0.5778398420571099,0.5778398420571099,0.0,True,False,True,False,completed,1.0,1.0,0.0,1.0,0.0,0.4221601579428901,0.4221601579428901,1.0,-0.0,876.6999999999997,547.1738517545998,136.0688888888889,d17fb47064bdfcb2,233,233,0,0.0,-876.6999999999997,-547.1738517545998,-136.0688888888889,1.0,-0.4221601579428901,0.0,0.0
351,train_fatigue_bottleneck_1000350,single_stage_progress_quality_failure_v2,0.42018277950908645,0.42018277950908645,0.42018277950908645,0.42018277950908645,0.0,True,False,True,False,completed,1.0,1.0,0.0,1.0,0.0,0.5798172204909136,0.5798172204909136,1.0,-0.0,1655.9000000000003,2824.078277094381,22.21472222222224,d17fb47064bdfcb2,373,373,0,0.0,-1655.9000000000003,-2824.078277094381,-22.214722222222242,1.0,-0.5798172204909136,0.0,0.0
352,train_high_arrival_pressure_1000351,single_stage_progress_quality_failure_v2,0.4766254915200381,0.4766254915200381,0.4766254915200381,0.4766254915200381,0.0,True,False,True,False,completed,1.0,1.0,0.0,1.0,0.0,0.5233745084799619,0.5233745084799619,1.0,-0.0,1317.7000000000003,515.71367420293,64.54222222222222,d17fb47064bdfcb2,235,235,0,0.0,-1317.7000000000003,-515.71367420293,-64.54222222222222,1.0,-0.5233745084799619,0.0,0.0
353,train_reconfiguration_bottleneck_1000352,single_stage_progress_quality_failure_v2,0.3867723844517502,0.3867723844517502,0.3867723844517502,0.3867723844517502,0.0,True,False,True,False,completed,1.0,1.0,0.0,1.0,0.0,0.6132276155482498,0.6132276155482498,1.0,-0.0,1902.5999999999995,2886.854347542031,12.101388888888897,d17fb47064bdfcb2,416,416,0,0.0,-1902.5999999999995,-2886.854347542031,-12.101388888888897,1.0,-0.6132276155482498,0.0,0.0
354,train_fatigue_bottleneck_1000353,single_stage_progress_quality_failure_v2,0.46040515653775316,0.46040515653775316,0.46040515653775316,0.46040515653775316,0.0,True,False,True,False,completed,1.0,1.0,0.0,1.0,0.0,0.5395948434622468,0.5395948434622468,1.0,-0.0,1406.3999999999999,1287.4388341806407,4.591388888888886,d17fb47064bdfcb2,322,322,0,0.0,-1406.3999999999999,-1287.4388341806407,-4.591388888888886,1.0,-0.5395948434622468,0.0,0.0
355,train_easy_1000354,single_stage_progress_quality_failure_v2,0.688823833304633,0.6888238333046325,0.6888238333046325,0.6888238333046325,0.0,True,False,True,False,completed,1.0,1.0,0.0,1.0,0.0,0.3111761666953675,0.3111761666953675,1.0,-0.0,542.0999999999998,342.1519919776899,34.638888888888886,d17fb47064bdfcb2,164,164,0,0.0,-542.0999999999998,-342.1519919776899,-34.638888888888886,1.0,-0.3111761666953675,0.0,0.0
356,train_balanced_1000355,single_stage_progress_quality_failure_v2,0.6358963488951301,0.6358963488951301,0.6358963488951301,0.6358963488951301,0.0,True,False,True,False,completed,1.0,1.0,0.0,1.0,0.0,0.3641036511048699,0.3641036511048699,1.0,-0.0,687.1,634.94423663151,139.71583333333336,d17fb47064bdfcb2,199,199,0,0.0,-687.1,-634.94423663151,-139.71583333333336,1.0,-0.3641036511048699,0.0,0.0
357,train_worker_bottleneck_1000356,single_stage_progress_quality_failure_v2,0.4337297140998302,0.4337297140998302,0.4337297140998302,0.4337297140998302,0.0,True,False,True,False,completed,1.0,1.0,0.0,1.0,0.0,0.5662702859001698,0.5662702859001698,1.0,-0.0,1566.6999999999998,1263.00725044342,57.25333333333334,d17fb47064bdfcb2,314,314,0,0.0,-1566.6999999999998,-1263.00725044342,-57.25333333333334,1.0,-0.5662702859001698,0.0,0.0
358,train_worker_bottleneck_1000357,single_stage_progress_quality_failure_v2,0.4820632306270839,0.4820632306270839,0.4820632306270839,0.4820632306270839,0.0,True,False,True,False,completed,1.0,1.0,0.0,1.0,0.0,0.5179367693729161,0.5179367693729161,1.0,-0.0,1289.3000000000009,811.0120077474298,51.721388888888875,d17fb47064bdfcb2,258,258,0,0.0,-1289.3000000000009,-811.0120077474298,-51.721388888888875,1.0,-0.5179367693729161,0.0,0.0
359,train_machine_bottleneck_1000358,single_stage_progress_quality_failure_v2,0.46059954707711204,0.46059954707711204,0.46059954707711204,0.46059954707711204,0.0,True,False,True,False,completed,1.0,1.0,0.0,1.0,0.0,0.539400452922888,0.539400452922888,1.0,-0.0,1405.3000000000002,721.7264550405202,211.5333333333334,d17fb47064bdfcb2,273,273,0,0.0,-1405.3000000000002,-721.7264550405202,-211.5333333333334,1.0,-0.539400452922888,0.0,0.0
360,train_balanced_1000359,single_stage_progress_quality_failure_v2,0.6134969325153374,0.6134969325153374,0.6134969325153374,0.6134969325153374,0.0,True,False,True,False,completed,1.0,1.0,0.0,1.0,0.0,0.38650306748466257,0.38650306748466257,1.0,-0.0,756.0,287.2500228428899,51.791388888888896,d17fb47064bdfcb2,190,190,0,0.0,-756.0,-287.2500228428899,-51.791388888888896,1.0,-0.38650306748466257,0.0,0.0
361,train_fatigue_bottleneck_1000360,single_stage_progress_quality_failure_v2,0.45134840335502313,0.45134840335502313,0.45134840335502313,0.45134840335502313,0.0,True,False,True,False,completed,1.0,1.0,0.0,1.0,0.0,0.5486515966449769,0.5486515966449769,1.0,-0.0,1458.7000000000003,1274.1399401471588,2.883333333333334,d17fb47064bdfcb2,333,333,0,0.0,-1458.7000000000003,-1274.1399401471588,-2.883333333333334,1.0,-0.5486515966449769,0.0,0.0
362,train_easy_1000361,single_stage_progress_quality_failure_v2,0.7264362249530845,0.7264362249530844,0.7264362249530844,0.7264362249530844,0.0,True,False,True,False,completed,1.0,1.0,0.0,1.0,0.0,0.27356377504691565,0.27356377504691565,1.0,-0.0,451.9,181.69133205118007,19.05138888888889,d17fb47064bdfcb2,132,132,0,0.0,-451.9,-181.69133205118007,-19.05138888888889,1.0,-0.27356377504691565,0.0,0.0
363,train_fatigue_bottleneck_1000362,single_stage_progress_quality_failure_v2,0.39978678038379545,0.39978678038379545,0.39978678038379545,0.39978678038379545,0.0,True,False,True,False,completed,1.0,1.0,0.0,1.0,0.0,0.6002132196162046,0.6002132196162046,1.0,-0.0,1801.6,1588.16437022024,10.058888888888895,d17fb47064bdfcb2,355,355,0,0.0,-1801.6,-1588.16437022024,-10.058888888888895,1.0,-0.6002132196162046,0.0,0.0
364,train_worker_bottleneck_1000363,single_stage_progress_quality_failure_v2,0.4507888805409467,0.4507888805409467,0.4507888805409467,0.4507888805409467,0.0,True,False,True,False,completed,1.0,1.0,0.0,1.0,0.0,0.5492111194590533,0.5492111194590533,1.0,-0.0,1462.0,1131.5670864189494,47.74888888888888,d17fb47064bdfcb2,306,306,0,0.0,-1462.0,-1131.5670864189494,-47.74888888888888,1.0,-0.5492111194590533,0.0,0.0
365,train_worker_bottleneck_1000364,single_stage_progress_quality_failure_v2,0.39634045645209237,0.39634045645209237,0.39634045645209237,0.39634045645209237,0.0,True,False,True,False,completed,1.0,1.0,0.0,1.0,0.0,0.6036595435479076,0.6036595435479076,1.0,-0.0,1827.6999999999991,927.3616727026596,69.15000000000002,d17fb47064bdfcb2,316,316,0,0.0,-1827.6999999999991,-927.3616727026596,-69.15000000000002,1.0,-0.6036595435479076,0.0,0.0
366,train_reconfiguration_bottleneck_1000365,single_stage_progress_quality_failure_v2,0.522670848033451,0.522670848033451,0.522670848033451,0.522670848033451,0.0,True,False,True,False,completed,1.0,1.0,0.0,1.0,0.0,0.47732915196654907,0.47732915196654907,1.0,-0.0,1095.8999999999999,1163.0341046383905,38.93222222222223,d17fb47064bdfcb2,276,276,0,0.0,-1095.8999999999999,-1163.0341046383905,-38.93222222222223,1.0,-0.47732915196654907,0.0,0.0
367,train_balanced_1000366,single_stage_progress_quality_failure_v2,0.629656837023822,0.629656837023822,0.629656837023822,0.629656837023822,0.0,True,False,True,False,completed,1.0,1.0,0.0,1.0,0.0,0.370343162976178,0.370343162976178,1.0,-0.0,705.8000000000001,555.8599490359201,97.72250000000004,d17fb47064bdfcb2,202,202,0,0.0,-705.8000000000001,-555.8599490359201,-97.72250000000004,1.0,-0.370343162976178,0.0,0.0
368,train_machine_bottleneck_1000367,single_stage_progress_quality_failure_v2,0.4767012275056609,0.4767012275056609,0.4767012275056609,0.4767012275056609,0.0,True,False,True,False,completed,1.0,1.0,0.0,1.0,0.0,0.5232987724943391,0.5232987724943391,1.0,-0.0,1317.3000000000002,912.4077697785298,143.57333333333332,d17fb47064bdfcb2,297,297,0,0.0,-1317.3000000000002,-912.4077697785298,-143.57333333333332,1.0,-0.5232987724943391,0.0,0.0
369,train_high_arrival_pressure_1000368,single_stage_progress_quality_failure_v2,0.41949241417884353,0.41949241417884353,0.41949241417884353,0.41949241417884353,0.0,True,False,True,False,completed,1.0,1.0,0.0,1.0,0.0,0.5805075858211565,0.5805075858211565,1.0,-0.0,1660.600000000001,729.8289412251202,128.18555555555557,d17fb47064bdfcb2,288,288,0,0.0,-1660.600000000001,-729.8289412251202,-128.18555555555557,1.0,-0.5805075858211565,0.0,0.0
370,train_machine_bottleneck_1000369,single_stage_progress_quality_failure_v2,0.44573211499888565,0.44573211499888565,0.44573211499888565,0.44573211499888565,0.0,True,False,True,False,completed,1.0,1.0,0.0,1.0,0.0,0.5542678850011143,0.5542678850011143,1.0,-0.0,1492.2,1307.3335790854596,141.51555555555555,d17fb47064bdfcb2,303,303,0,0.0,-1492.2,-1307.3335790854596,-141.51555555555555,1.0,-0.5542678850011143,0.0,0.0
371,train_worker_bottleneck_1000370,single_stage_progress_quality_failure_v2,0.45466600992687467,0.45466600992687467,0.45466600992687467,0.45466600992687467,0.0,True,False,True,False,completed,1.0,1.0,0.0,1.0,0.0,0.5453339900731253,0.5453339900731253,1.0,-0.0,1439.2999999999995,977.5080660869094,74.72583333333337,d17fb47064bdfcb2,280,280,0,0.0,-1439.2999999999995,-977.5080660869094,-74.72583333333337,1.0,-0.5453339900731253,0.0,0.0
372,train_fatigue_bottleneck_1000371,single_stage_progress_quality_failure_v2,0.48518174099381395,0.48518174099381395,0.48518174099381395,0.48518174099381395,0.0,True,False,True,False,completed,1.0,1.0,0.0,1.0,0.0,0.514818259006186,0.514818259006186,1.0,-0.0,1273.2999999999997,650.9709214920998,49.90888888888892,d17fb47064bdfcb2,244,244,0,0.0,-1273.2999999999997,-650.9709214920998,-49.90888888888892,1.0,-0.514818259006186,0.0,0.0
373,train_reconfiguration_bottleneck_1000372,single_stage_progress_quality_failure_v2,0.517620670318768,0.517620670318768,0.517620670318768,0.517620670318768,0.0,True,False,True,False,completed,1.0,1.0,0.0,1.0,0.0,0.482379329681232,0.482379329681232,1.0,-0.0,1118.3000000000002,1273.8539167636504,54.10999999999999,d17fb47064bdfcb2,300,300,0,0.0,-1118.3000000000002,-1273.8539167636504,-54.10999999999999,1.0,-0.482379329681232,0.0,0.0
374,train_balanced_1000373,single_stage_progress_quality_failure_v2,0.5962732919254659,0.5962732919254659,0.5962732919254659,0.5962732919254659,0.0,True,False,True,False,completed,1.0,1.0,0.0,1.0,0.0,0.40372670807453415,0.40372670807453415,1.0,-0.0,812.5,623.2008439320501,154.1358333333333,d17fb47064bdfcb2,240,240,0,0.0,-812.5,-623.2008439320501,-154.1358333333333,1.0,-0.40372670807453415,0.0,0.0
375,train_balanced_1000374,single_stage_progress_quality_failure_v2,0.615637184485943,0.615637184485943,0.615637184485943,0.615637184485943,0.0,True,False,True,False,completed,1.0,1.0,0.0,1.0,0.0,0.3843628155140571,0.3843628155140571,1.0,-0.0,749.2000000000003,841.5154182989701,170.15666666666667,d17fb47064bdfcb2,225,225,0,0.0,-749.2000000000003,-841.5154182989701,-170.15666666666667,1.0,-0.3843628155140571,0.0,0.0
376,train_fatigue_bottleneck_1000375,single_stage_progress_quality_failure_v2,0.4081077404434771,0.4081077404434771,0.4081077404434771,0.4081077404434771,0.0,True,False,True,False,completed,1.0,1.0,0.0,1.0,0.0,0.5918922595565229,0.5918922595565229,1.0,-0.0,1740.4,1100.7306179637803,28.206666666666674,d17fb47064bdfcb2,315,315,0,0.0,-1740.4,-1100.7306179637803,-28.206666666666674,1.0,-0.5918922595565229,0.0,0.0
377,train_fatigue_bottleneck_1000376,single_stage_progress_quality_failure_v2,0.4826060727930829,0.4826060727930829,0.4826060727930829,0.4826060727930829,0.0,True,False,True,False,completed,1.0,1.0,0.0,1.0,0.0,0.5173939272069171,0.5173939272069171,1.0,-0.0,1286.4999999999989,1176.3218214147091,23.858055555555556,d17fb47064bdfcb2,314,314,0,0.0,-1286.4999999999989,-1176.3218214147091,-23.858055555555556,1.0,-0.5173939272069171,0.0,0.0
378,train_machine_bottleneck_1000377,single_stage_progress_quality_failure_v2,0.4561350159647255,0.4561350159647255,0.4561350159647255,0.4561350159647255,0.0,True,False,True,False,completed,1.0,1.0,0.0,1.0,0.0,0.5438649840352745,0.5438649840352745,1.0,-0.0,1430.8000000000002,937.8696224312297,135.30333333333337,d17fb47064bdfcb2,315,315,0,0.0,-1430.8000000000002,-937.8696224312297,-135.30333333333337,1.0,-0.5438649840352745,0.0,0.0
379,train_balanced_1000378,single_stage_progress_quality_failure_v2,0.6141877367181903,0.6141877367181903,0.6141877367181903,0.6141877367181903,0.0,True,False,True,False,completed,1.0,1.0,0.0,1.0,0.0,0.38581226328180973,0.38581226328180973,1.0,-0.0,753.8,522.6717591082,86.7855555555556,d17fb47064bdfcb2,207,207,0,0.0,-753.8,-522.6717591082,-86.7855555555556,1.0,-0.38581226328180973,0.0,0.0
380,train_fatigue_bottleneck_1000379,single_stage_progress_quality_failure_v2,0.45087356753710317,0.45087356753710317,0.45087356753710317,0.45087356753710317,0.0,True,False,True,False,completed,1.0,1.0,0.0,1.0,0.0,0.5491264324628968,0.5491264324628968,1.0,-0.0,1461.5,1392.4478246558408,4.964722222222231,d17fb47064bdfcb2,318,318,0,0.0,-1461.5,-1392.4478246558408,-4.96472222222223,1.0,-0.5491264324628968,0.0,0.0
381,train_balanced_1000380,single_stage_progress_quality_failure_v2,0.5627989869618234,0.5627989869618235,0.5627989869618235,0.5627989869618235,0.0,True,False,True,False,completed,1.0,1.0,0.0,1.0,0.0,0.43720101303817654,0.43720101303817654,1.0,-0.0,932.2000000000002,722.2740890115997,154.26222222222222,d17fb47064bdfcb2,247,247,0,0.0,-932.2000000000002,-722.2740890115997,-154.26222222222222,1.0,-0.43720101303817654,0.0,0.0
382,train_balanced_1000381,single_stage_progress_quality_failure_v2,0.5567928730512248,0.5567928730512249,0.5567928730512249,0.5567928730512249,0.0,True,False,True,False,completed,1.0,1.0,0.0,1.0,0.0,0.44320712694877507,0.44320712694877507,1.0,-0.0,955.2,931.5236765919204,65.15000000000003,d17fb47064bdfcb2,274,274,0,0.0,-955.2,-931.5236765919204,-65.15000000000003,1.0,-0.44320712694877507,0.0,0.0
383,train_balanced_1000382,single_stage_progress_quality_failure_v2,0.6062749456878694,0.6062749456878694,0.6062749456878694,0.6062749456878694,0.0,True,False,True,False,completed,1.0,1.0,0.0,1.0,0.0,0.39372505431213056,0.39372505431213056,1.0,-0.0,779.3000000000001,474.0178233460701,95.38333333333338,d17fb47064bdfcb2,191,191,0,0.0,-779.3000000000001,-474.0178233460701,-95.38333333333338,1.0,-0.39372505431213056,0.0,0.0
384,train_easy_1000383,single_stage_progress_quality_failure_v2,0.7187350263536175,0.7187350263536176,0.7187350263536176,0.7187350263536176,0.0,True,False,True,False,completed,1.0,1.0,0.0,1.0,0.0,0.2812649736463823,0.2812649736463823,1.0,-0.0,469.5999999999999,444.4447971039901,74.15138888888892,d17fb47064bdfcb2,143,143,0,0.0,-469.5999999999999,-444.4447971039901,-74.15138888888892,1.0,-0.2812649736463823,0.0,0.0
385,train_fatigue_bottleneck_1000384,single_stage_progress_quality_failure_v2,0.40874718986306957,0.40874718986306957,0.40874718986306957,0.40874718986306957,0.0,True,False,True,False,completed,1.0,1.0,0.0,1.0,0.0,0.5912528101369304,0.5912528101369304,1.0,-0.0,1735.8000000000006,1588.1529498085813,20.702222222222215,d17fb47064bdfcb2,293,293,0,0.0,-1735.8000000000006,-1588.1529498085813,-20.702222222222215,1.0,-0.5912528101369304,0.0,0.0
386,train_balanced_1000385,single_stage_progress_quality_failure_v2,0.5781460782424359,0.5781460782424357,0.5781460782424357,0.5781460782424357,0.0,True,False,True,False,completed,1.0,1.0,0.0,1.0,0.0,0.42185392175756425,0.42185392175756425,1.0,-0.0,875.6000000000005,616.6842340374405,63.23805555555557,d17fb47064bdfcb2,251,251,0,0.0,-875.6000000000005,-616.6842340374405,-63.23805555555557,1.0,-0.42185392175756425,0.0,0.0
387,train_high_arrival_pressure_1000386,single_stage_progress_quality_failure_v2,0.4100601421541826,0.4100601421541826,0.4100601421541826,0.4100601421541826,0.0,True,False,True,False,completed,1.0,1.0,0.0,1.0,0.0,0.5899398578458174,0.5899398578458174,1.0,-0.0,1726.4,594.46301483024,30.158888888888892,d17fb47064bdfcb2,247,247,0,0.0,-1726.4,-594.46301483024,-30.158888888888892,1.0,-0.5899398578458174,0.0,0.0
388,train_machine_bottleneck_1000387,single_stage_progress_quality_failure_v2,0.46563967250009697,0.46563967250009697,0.46563967250009697,0.46563967250009697,0.0,True,False,True,False,completed,1.0,1.0,0.0,1.0,0.0,0.534360327499903,0.534360327499903,1.0,-0.0,1377.1000000000004,866.9938034959,200.40583333333336,d17fb47064bdfcb2,289,289,0,0.0,-1377.1000000000004,-866.9938034959,-200.40583333333336,1.0,-0.534360327499903,0.0,0.0
389,train_balanced_1000388,single_stage_progress_quality_failure_v2,0.6690827989963758,0.6690827989963759,0.6690827989963759,0.6690827989963759,0.0,True,False,True,False,completed,1.0,1.0,0.0,1.0,0.0,0.33091720100362415,0.33091720100362415,1.0,-0.0,593.4999999999999,270.74212226073996,42.991388888888885,d17fb47064bdfcb2,147,147,0,0.0,-593.4999999999999,-270.74212226073996,-42.991388888888885,1.0,-0.33091720100362415,0.0,0.0
390,train_reconfiguration_bottleneck_1000389,single_stage_progress_quality_failure_v2,-0.6076812728221179,0.3923187271778822,-0.6076812728221178,-0.6076812728221178,0.0,False,True,False,True,horizon,0.9375,0.9726027397260274,0.0,0.975,0.0,1.0,0.5826812728221178,1.0,1.0,1675.4999999999998,1807.7769448429801,27.765833333333358,d17fb47064bdfcb2,369,369,0,0.0,-1675.4999999999998,-1807.7769448429801,-27.765833333333358,0.975,-0.5826812728221178,-1.0,0.0
391,train_balanced_1000390,single_stage_progress_quality_failure_v2,0.6617768708983621,0.6617768708983621,0.6617768708983621,0.6617768708983621,0.0,True,False,True,False,completed,1.0,1.0,0.0,1.0,0.0,0.3382231291016379,0.3382231291016379,1.0,-0.0,613.3000000000001,505.4918573557499,59.625555555555565,d17fb47064bdfcb2,183,183,0,0.0,-613.3000000000001,-505.4918573557499,-59.625555555555565,1.0,-0.3382231291016379,0.0,0.0
392,train_balanced_1000391,single_stage_progress_quality_failure_v2,0.6556660474265108,0.6556660474265108,0.6556660474265108,0.6556660474265108,0.0,True,False,True,False,completed,1.0,1.0,0.0,1.0,0.0,0.3443339525734892,0.3443339525734892,1.0,-0.0,630.1999999999999,471.60702695726985,49.13333333333333,d17fb47064bdfcb2,183,183,0,0.0,-630.1999999999999,-471.60702695726985,-49.13333333333333,1.0,-0.3443339525734892,0.0,0.0
393,train_balanced_1000392,single_stage_progress_quality_failure_v2,0.6816245384833854,0.6816245384833854,0.6816245384833854,0.6816245384833854,0.0,True,False,True,False,completed,1.0,1.0,0.0,1.0,0.0,0.3183754615166146,0.3183754615166146,1.0,-0.0,560.5,335.06506024772995,90.1225,d17fb47064bdfcb2,146,146,0,0.0,-560.5,-335.06506024772995,-90.1225,1.0,-0.3183754615166146,0.0,0.0
394,train_balanced_1000393,single_stage_progress_quality_failure_v2,0.5756223917110375,0.5756223917110375,0.5756223917110375,0.5756223917110375,0.0,True,False,True,False,completed,1.0,1.0,0.0,1.0,0.0,0.4243776082889625,0.4243776082889625,1.0,-0.0,884.7,616.1821012561599,157.92916666666667,d17fb47064bdfcb2,235,235,0,0.0,-884.7,-616.1821012561599,-157.92916666666667,1.0,-0.4243776082889625,0.0,0.0
395,train_high_arrival_pressure_1000394,single_stage_progress_quality_failure_v2,0.4828196668544299,0.4828196668544299,0.4828196668544299,0.4828196668544299,0.0,True,False,True,False,completed,1.0,1.0,0.0,1.0,0.0,0.5171803331455701,0.5171803331455701,1.0,-0.0,1285.4000000000003,720.7799955061404,102.82222222222224,d17fb47064bdfcb2,243,243,0,0.0,-1285.4000000000003,-720.7799955061404,-102.82222222222224,1.0,-0.5171803331455701,0.0,0.0
396,train_balanced_1000395,single_stage_progress_quality_failure_v2,0.5803269174968566,0.5803269174968565,0.5803269174968565,0.5803269174968565,0.0,True,False,True,False,completed,1.0,1.0,0.0,1.0,0.0,0.4196730825031435,0.4196730825031435,1.0,-0.0,867.8000000000002,709.2967408883906,144.53555555555553,d17fb47064bdfcb2,249,249,0,0.0,-867.8000000000002,-709.2967408883906,-144.53555555555553,1.0,-0.4196730825031435,0.0,0.0
397,train_machine_bottleneck_1000396,single_stage_progress_quality_failure_v2,0.4747586643456243,0.4747586643456243,0.4747586643456243,0.4747586643456243,0.0,True,False,True,False,completed,1.0,1.0,0.0,1.0,0.0,0.5252413356543757,0.5252413356543757,1.0,-0.0,1327.6,662.3282975887498,126.10222222222224,d17fb47064bdfcb2,271,271,0,0.0,-1327.6,-662.3282975887498,-126.10222222222224,1.0,-0.5252413356543757,0.0,0.0
398,train_balanced_1000397,single_stage_progress_quality_failure_v2,0.6542361792607132,0.6542361792607132,0.6542361792607132,0.6542361792607132,0.0,True,False,True,False,completed,1.0,1.0,0.0,1.0,0.0,0.3457638207392868,0.3457638207392868,1.0,-0.0,634.1999999999999,490.03501888594997,106.0447222222222,d17fb47064bdfcb2,170,170,0,0.0,-634.1999999999999,-490.03501888594997,-106.0447222222222,1.0,-0.3457638207392868,0.0,0.0
399,train_reconfiguration_bottleneck_1000398,single_stage_progress_quality_failure_v2,-0.6381507381507382,0.3618492618492618,-0.6381507381507382,-0.6381507381507382,0.0,False,True,False,True,horizon,0.9444444444444444,0.9876543209876543,0.0,0.9888888888888889,0.0,1.0,0.6270396270396271,1.0,1.0,2017.5000000000002,2930.21619332291,6.549166666666675,d17fb47064bdfcb2,416,416,0,0.0,-2017.5000000000002,-2930.21619332291,-6.5491666666666735,0.9888888888888889,-0.6270396270396271,-1.0,0.0
400,train_reconfiguration_bottleneck_1000399,single_stage_progress_quality_failure_v2,0.5335704757670074,0.5335704757670074,0.5335704757670074,0.5335704757670074,0.0,True,False,True,False,completed,1.0,1.0,0.0,1.0,0.0,0.46642952423299255,0.46642952423299255,1.0,-0.0,1049.0000000000002,1306.5808566043193,161.38805555555555,d17fb47064bdfcb2,272,272,0,0.0,-1049.0000000000002,-1306.5808566043193,-161.38805555555555,1.0,-0.46642952423299255,0.0,0.0
401,train_fatigue_bottleneck_1000400,single_stage_progress_quality_failure_v2,0.48711183275827086,0.48711183275827086,0.48711183275827086,0.48711183275827086,0.0,True,False,True,False,completed,1.0,1.0,0.0,1.0,0.0,0.5128881672417291,0.5128881672417291,1.0,-0.0,1263.4999999999995,1200.7017083497606,17.94805555555557,d17fb47064bdfcb2,262,262,0,0.0,-1263.4999999999995,-1200.7017083497606,-17.94805555555557,1.0,-0.5128881672417291,0.0,0.0
402,train_easy_1000401,single_stage_progress_quality_failure_v2,0.6721182928195362,0.6721182928195363,0.6721182928195363,0.6721182928195363,0.0,True,False,True,False,completed,1.0,1.0,0.0,1.0,0.0,0.3278817071804637,0.3278817071804637,1.0,-0.0,585.4,463.0420194291701,71.98555555555555,d17fb47064bdfcb2,180,180,0,0.0,-585.4,-463.0420194291701,-71.98555555555555,1.0,-0.3278817071804637,0.0,0.0
403,train_easy_1000402,single_stage_progress_quality_failure_v2,0.7289515247236056,0.7289515247236058,0.7289515247236058,0.7289515247236058,0.0,True,False,True,False,completed,1.0,1.0,0.0,1.0,0.0,0.2710484752763942,0.2710484752763942,1.0,-0.0,446.20000000000016,293.30810965213004,35.702222222222225,d17fb47064bdfcb2,123,123,0,0.0,-446.20000000000016,-293.30810965213004,-35.702222222222225,1.0,-0.2710484752763942,0.0,0.0
404,train_balanced_1000403,single_stage_progress_quality_failure_v2,0.6369088689560003,0.6369088689560002,0.6369088689560002,0.6369088689560002,0.0,True,False,True,False,completed,1.0,1.0,0.0,1.0,0.0,0.3630911310439998,0.3630911310439998,1.0,-0.0,684.1000000000001,505.93167945833,45.598888888888894,d17fb47064bdfcb2,182,182,0,0.0,-684.1000000000001,-505.93167945833,-45.598888888888894,1.0,-0.3630911310439998,0.0,0.0
405,train_machine_bottleneck_1000404,single_stage_progress_quality_failure_v2,0.4539608080502384,0.4539608080502384,0.4539608080502384,0.4539608080502384,0.0,True,False,True,False,completed,1.0,1.0,0.0,1.0,0.0,0.5460391919497616,0.5460391919497616,1.0,-0.0,1443.3999999999999,1268.705709981789,166.30888888888896,d17fb47064bdfcb2,306,306,0,0.0,-1443.3999999999999,-1268.705709981789,-166.30888888888896,1.0,-0.5460391919497616,0.0,0.0
406,train_reconfiguration_bottleneck_1000405,single_stage_progress_quality_failure_v2,0.4753416518122401,0.4753416518122401,0.4753416518122401,0.4753416518122401,0.0,True,False,True,False,completed,1.0,1.0,0.0,1.0,0.0,0.5246583481877599,0.5246583481877599,1.0,-0.0,1324.4999999999993,1536.9446226215987,30.48555555555556,d17fb47064bdfcb2,362,362,0,0.0,-1324.4999999999993,-1536.9446226215987,-30.48555555555556,1.0,-0.5246583481877599,0.0,0.0
407,train_machine_bottleneck_1000406,single_stage_progress_quality_failure_v2,0.4893365412062144,0.4893365412062144,0.4893365412062144,0.4893365412062144,0.0,True,False,True,False,completed,1.0,1.0,0.0,1.0,0.0,0.5106634587937856,0.5106634587937856,1.0,-0.0,1252.3000000000006,1088.4000540507002,177.20888888888888,d17fb47064bdfcb2,272,272,0,0.0,-1252.3000000000006,-1088.4000540507002,-177.20888888888888,1.0,-0.5106634587937856,0.0,0.0
408,train_balanced_1000407,single_stage_progress_quality_failure_v2,0.6403756870697475,0.6403756870697476,0.6403756870697476,0.6403756870697476,0.0,True,False,True,False,completed,1.0,1.0,0.0,1.0,0.0,0.35962431293025243,0.35962431293025243,1.0,-0.0,673.9000000000001,310.3732380658401,71.94138888888891,d17fb47064bdfcb2,175,175,0,0.0,-673.9000000000001,-310.3732380658401,-71.94138888888891,1.0,-0.35962431293025243,0.0,0.0
409,train_high_arrival_pressure_1000408,single_stage_progress_quality_failure_v2,0.46375019322924715,0.46375019322924715,0.46375019322924715,0.46375019322924715,0.0,True,False,True,False,completed,1.0,1.0,0.0,1.0,0.0,0.5362498067707528,0.5362498067707528,1.0,-0.0,1387.6,736.1609830305101,104.0513888888889,d17fb47064bdfcb2,254,254,0,0.0,-1387.6,-736.1609830305101,-104.0513888888889,1.0,-0.5362498067707528,0.0,0.0
410,train_reconfiguration_bottleneck_1000409,single_stage_progress_quality_failure_v2,0.4372699777721093,0.4372699777721093,0.4372699777721093,0.4372699777721093,0.0,True,False,True,False,completed,1.0,1.0,0.0,1.0,0.0,0.5627300222278907,0.5627300222278907,1.0,-0.0,1544.3000000000004,1503.9028516582594,38.13138888888889,d17fb47064bdfcb2,388,388,0,0.0,-1544.3000000000004,-1503.9028516582594,-38.13138888888889,1.0,-0.5627300222278907,0.0,0.0
411,train_reconfiguration_bottleneck_1000410,single_stage_progress_quality_failure_v2,0.4635889511299981,0.4635889511299981,0.4635889511299981,0.4635889511299981,0.0,True,False,True,False,completed,1.0,1.0,0.0,1.0,0.0,0.5364110488700019,0.5364110488700019,1.0,-0.0,1388.5,2220.525693015711,23.725555555555555,d17fb47064bdfcb2,375,375,0,0.0,-1388.5,-2220.525693015711,-23.72555555555557,1.0,-0.5364110488700019,0.0,0.0
412,train_balanced_1000411,single_stage_progress_quality_failure_v2,0.536097212294496,0.536097212294496,0.536097212294496,0.536097212294496,0.0,True,False,True,False,completed,1.0,1.0,0.0,1.0,0.0,0.4639027877055039,0.4639027877055039,1.0,-0.0,1038.4,954.7914417644603,175.2080555555555,d17fb47064bdfcb2,286,286,0,0.0,-1038.4,-954.7914417644603,-175.2080555555555,1.0,-0.4639027877055039,0.0,0.0
413,train_balanced_1000412,single_stage_progress_quality_failure_v2,0.6921612735767435,0.6921612735767434,0.6921612735767434,0.6921612735767434,0.0,True,False,True,False,completed,1.0,1.0,0.0,1.0,0.0,0.3078387264232566,0.3078387264232566,1.0,-0.0,533.7,216.96937625826,64.44583333333334,d17fb47064bdfcb2,131,131,0,0.0,-533.7,-216.96937625826,-64.44583333333334,1.0,-0.3078387264232566,0.0,0.0
414,train_balanced_1000413,single_stage_progress_quality_failure_v2,0.5739155387632121,0.5739155387632121,0.5739155387632121,0.5739155387632121,0.0,True,False,True,False,completed,1.0,1.0,0.0,1.0,0.0,0.4260844612367879,0.4260844612367879,1.0,-0.0,890.9,736.60949843908,122.44666666666667,d17fb47064bdfcb2,252,252,0,0.0,-890.9,-736.60949843908,-122.44666666666667,1.0,-0.4260844612367879,0.0,0.0
415,train_easy_1000414,single_stage_progress_quality_failure_v2,0.6814310051107326,0.6814310051107326,0.6814310051107326,0.6814310051107326,0.0,True,False,True,False,completed,1.0,1.0,0.0,1.0,0.0,0.3185689948892674,0.3185689948892674,1.0,-0.0,560.9999999999999,364.2208648682902,26.1988888888889,d17fb47064bdfcb2,163,163,0,0.0,-560.9999999999999,-364.2208648682902,-26.1988888888889,1.0,-0.3185689948892674,0.0,0.0
416,train_high_arrival_pressure_1000415,single_stage_progress_quality_failure_v2,0.4004805766920304,0.4004805766920304,0.4004805766920304,0.4004805766920304,0.0,True,False,True,False,completed,1.0,1.0,0.0,1.0,0.0,0.5995194233079696,0.5995194233079696,1.0,-0.0,1796.4000000000005,851.918699121431,173.0580555555555,d17fb47064bdfcb2,280,280,0,0.0,-1796.4000000000005,-851.918699121431,-173.0580555555555,1.0,-0.5995194233079696,0.0,0.0
417,train_balanced_1000416,single_stage_progress_quality_failure_v2,0.5681549169073434,0.5681549169073434,0.5681549169073434,0.5681549169073434,0.0,True,False,True,False,completed,1.0,1.0,0.0,1.0,0.0,0.4318450830926566,0.4318450830926566,1.0,-0.0,912.1,547.0860700822901,49.37916666666667,d17fb47064bdfcb2,240,240,0,0.0,-912.1,-547.0860700822901,-49.37916666666667,1.0,-0.4318450830926566,0.0,0.0
418,train_machine_bottleneck_1000417,single_stage_progress_quality_failure_v2,0.4910988336402702,0.4910988336402702,0.4910988336402702,0.4910988336402702,0.0,True,False,True,False,completed,1.0,1.0,0.0,1.0,0.0,0.5089011663597298,0.5089011663597298,1.0,-0.0,1243.4999999999998,571.1315867033204,44.5713888888889,d17fb47064bdfcb2,242,242,0,0.0,-1243.4999999999998,-571.1315867033204,-44.5713888888889,1.0,-0.5089011663597298,0.0,0.0
419,train_worker_bottleneck_1000418,single_stage_progress_quality_failure_v2,0.44606348970336784,0.44606348970336784,0.44606348970336784,0.44606348970336784,0.0,True,False,True,False,completed,1.0,1.0,0.0,1.0,0.0,0.5539365102966322,0.5539365102966322,1.0,-0.0,1490.1999999999998,1044.4588797711306,56.508055555555565,d17fb47064bdfcb2,296,296,0,0.0,-1490.1999999999998,-1044.4588797711306,-56.508055555555565,1.0,-0.5539365102966322,0.0,0.0
420,train_balanced_1000419,single_stage_progress_quality_failure_v2,0.6290297216543481,0.6290297216543481,0.6290297216543481,0.6290297216543481,0.0,True,False,True,False,completed,1.0,1.0,0.0,1.0,0.0,0.3709702783456519,0.3709702783456519,1.0,-0.0,707.7000000000003,317.71423446840004,37.446666666666665,d17fb47064bdfcb2,175,175,0,0.0,-707.7000000000003,-317.71423446840004,-37.446666666666665,1.0,-0.3709702783456519,0.0,0.0
421,train_reconfiguration_bottleneck_1000420,single_stage_progress_quality_failure_v2,0.547645125958379,0.547645125958379,0.547645125958379,0.547645125958379,0.0,True,False,True,False,completed,1.0,1.0,0.0,1.0,0.0,0.45235487404162106,0.45235487404162106,1.0,-0.0,991.2000000000003,1039.9497308449702,110.25583333333331,d17fb47064bdfcb2,275,275,0,0.0,-991.2000000000003,-1039.9497308449702,-110.25583333333331,1.0,-0.45235487404162106,0.0,0.0
422,train_easy_1000421,single_stage_progress_quality_failure_v2,0.7231093702922567,0.7231093702922567,0.7231093702922567,0.7231093702922567,0.0,True,False,True,False,completed,1.0,1.0,0.0,1.0,0.0,0.27689062970774325,0.27689062970774325,1.0,-0.0,459.4999999999999,314.05565094192985,27.125833333333336,d17fb47064bdfcb2,146,146,0,0.0,-459.4999999999999,-314.05565094192985,-27.125833333333336,1.0,-0.27689062970774325,0.0,0.0
423,train_worker_bottleneck_1000422,single_stage_progress_quality_failure_v2,0.4884601294419343,0.4884601294419343,0.4884601294419343,0.4884601294419343,0.0,True,False,True,False,completed,1.0,1.0,0.0,1.0,0.0,0.5115398705580657,0.5115398705580657,1.0,-0.0,1256.7,875.8743954295098,89.36250000000003,d17fb47064bdfcb2,293,293,0,0.0,-1256.7,-875.8743954295098,-89.36250000000003,1.0,-0.5115398705580657,0.0,0.0
424,train_machine_bottleneck_1000423,single_stage_progress_quality_failure_v2,0.48877846116247814,0.48877846116247814,0.48877846116247814,0.48877846116247814,0.0,True,False,True,False,completed,1.0,1.0,0.0,1.0,0.0,0.5112215388375219,0.5112215388375219,1.0,-0.0,1255.1,896.7917049347303,138.19805555555558,d17fb47064bdfcb2,266,266,0,0.0,-1255.1,-896.7917049347303,-138.19805555555558,1.0,-0.5112215388375219,0.0,0.0
425,train_balanced_1000424,single_stage_progress_quality_failure_v2,0.6244146113019047,0.6244146113019045,0.6244146113019045,0.6244146113019045,0.0,True,False,True,False,completed,1.0,1.0,0.0,1.0,0.0,0.37558538869809555,0.37558538869809555,1.0,-0.0,721.8,459.56242767006,37.548888888888904,d17fb47064bdfcb2,191,191,0,0.0,-721.8,-459.56242767006,-37.548888888888904,1.0,-0.37558538869809555,0.0,0.0
426,train_easy_1000425,single_stage_progress_quality_failure_v2,0.7252069861606332,0.7252069861606334,0.7252069861606334,0.7252069861606334,0.0,True,False,True,False,completed,1.0,1.0,0.0,1.0,0.0,0.2747930138393666,0.2747930138393666,1.0,-0.0,454.69999999999993,323.76763804015,47.845833333333324,d17fb47064bdfcb2,145,145,0,0.0,-454.69999999999993,-323.76763804015,-47.845833333333324,1.0,-0.2747930138393666,0.0,0.0
427,train_fatigue_bottleneck_1000426,single_stage_progress_quality_failure_v2,0.44098191974129064,0.44098191974129064,0.44098191974129064,0.44098191974129064,0.0,True,False,True,False,completed,1.0,1.0,0.0,1.0,0.0,0.5590180802587094,0.5590180802587094,1.0,-0.0,1521.2000000000003,1019.3536420870009,29.531388888888923,d17fb47064bdfcb2,310,310,0,0.0,-1521.2000000000003,-1019.3536420870009,-29.531388888888927,1.0,-0.5590180802587094,0.0,0.0
428,train_balanced_1000427,single_stage_progress_quality_failure_v2,0.6700915791824884,0.6700915791824883,0.6700915791824883,0.6700915791824883,0.0,True,False,True,False,completed,1.0,1.0,0.0,1.0,0.0,0.3299084208175117,0.3299084208175117,1.0,-0.0,590.7999999999998,355.5978519057,15.945555555555556,d17fb47064bdfcb2,150,150,0,0.0,-590.7999999999998,-355.5978519057,-15.945555555555556,1.0,-0.3299084208175117,0.0,0.0
429,train_worker_bottleneck_1000428,single_stage_progress_quality_failure_v2,0.4218222722159731,0.4218222722159731,0.4218222722159731,0.4218222722159731,0.0,True,False,True,False,completed,1.0,1.0,0.0,1.0,0.0,0.5781777277840269,0.5781777277840269,1.0,-0.0,1644.8,1093.218815001909,19.28250000000001,d17fb47064bdfcb2,319,319,0,0.0,-1644.8,-1093.218815001909,-19.28250000000001,1.0,-0.5781777277840269,0.0,0.0
430,train_machine_bottleneck_1000429,single_stage_progress_quality_failure_v2,0.5331911490269261,0.5331911490269261,0.5331911490269261,0.5331911490269261,0.0,True,False,True,False,completed,1.0,1.0,0.0,1.0,0.0,0.46680885097307384,0.46680885097307384,1.0,-0.0,1050.6000000000001,620.1206481442002,109.01,d17fb47064bdfcb2,256,256,0,0.0,-1050.6000000000001,-620.1206481442002,-109.01,1.0,-0.46680885097307384,0.0,0.0
431,train_balanced_1000430,single_stage_progress_quality_failure_v2,0.5840552905675073,0.5840552905675072,0.5840552905675072,0.5840552905675072,0.0,True,False,True,False,completed,1.0,1.0,0.0,1.0,0.0,0.4159447094324929,0.4159447094324929,1.0,-0.0,854.5999999999999,672.88596060282,106.36138888888888,d17fb47064bdfcb2,233,233,0,0.0,-854.5999999999999,-672.88596060282,-106.36138888888888,1.0,-0.4159447094324929,0.0,0.0
432,train_machine_bottleneck_1000431,single_stage_progress_quality_failure_v2,0.483169592526977,0.483169592526977,0.483169592526977,0.483169592526977,0.0,True,False,True,False,completed,1.0,1.0,0.0,1.0,0.0,0.516830407473023,0.516830407473023,1.0,-0.0,1283.6000000000001,848.7180808084199,119.5766666666666,d17fb47064bdfcb2,279,279,0,0.0,-1283.6000000000001,-848.7180808084199,-119.5766666666666,1.0,-0.516830407473023,0.0,0.0
433,train_worker_bottleneck_1000432,single_stage_progress_quality_failure_v2,0.4648100089088587,0.4648100089088587,0.4648100089088587,0.4648100089088587,0.0,True,False,True,False,completed,1.0,1.0,0.0,1.0,0.0,0.5351899910911413,0.5351899910911413,1.0,-0.0,1381.6999999999996,1203.03973993781,19.89666666666668,d17fb47064bdfcb2,322,322,0,0.0,-1381.6999999999996,-1203.03973993781,-19.89666666666668,1.0,-0.5351899910911413,0.0,0.0
434,train_easy_1000433,single_stage_progress_quality_failure_v2,0.6963384204723495,0.6963384204723495,0.6963384204723495,0.6963384204723495,0.0,True,False,True,False,completed,1.0,1.0,0.0,1.0,0.0,0.30366157952765044,0.30366157952765044,1.0,-0.0,523.3,358.08519216482006,32.005833333333335,d17fb47064bdfcb2,162,162,0,0.0,-523.3,-358.08519216482006,-32.005833333333335,1.0,-0.30366157952765044,0.0,0.0
435,train_machine_bottleneck_1000434,single_stage_progress_quality_failure_v2,0.5028284098051541,0.5028284098051541,0.5028284098051541,0.5028284098051541,0.0,True,False,True,False,completed,1.0,1.0,0.0,1.0,0.0,0.49717159019484586,0.49717159019484586,1.0,-0.0,1186.4999999999995,1211.9819820630803,138.50472222222228,d17fb47064bdfcb2,283,283,0,0.0,-1186.4999999999995,-1211.9819820630803,-138.50472222222228,1.0,-0.49717159019484586,0.0,0.0
436,train_machine_bottleneck_1000435,single_stage_progress_quality_failure_v2,0.517063081695967,0.517063081695967,0.517063081695967,0.517063081695967,0.0,True,False,True,False,completed,1.0,1.0,0.0,1.0,0.0,0.48293691830403296,0.48293691830403296,1.0,-0.0,1120.7999999999997,671.92353597509,109.32249999999999,d17fb47064bdfcb2,257,257,0,0.0,-1120.7999999999997,-671.92353597509,-109.32249999999999,1.0,-0.48293691830403296,0.0,0.0
437,train_machine_bottleneck_1000436,single_stage_progress_quality_failure_v2,0.5112256635283092,0.5112256635283092,0.5112256635283092,0.5112256635283092,0.0,True,False,True,False,completed,1.0,1.0,0.0,1.0,0.0,0.4887743364716908,0.4887743364716908,1.0,-0.0,1147.3,838.2737060155503,97.7047222222222,d17fb47064bdfcb2,285,285,0,0.0,-1147.3,-838.2737060155503,-97.7047222222222,1.0,-0.4887743364716908,0.0,0.0
438,train_balanced_1000437,single_stage_progress_quality_failure_v2,0.635626887017321,0.635626887017321,0.635626887017321,0.635626887017321,0.0,True,False,True,False,completed,1.0,1.0,0.0,1.0,0.0,0.36437311298267905,0.36437311298267905,1.0,-0.0,687.8999999999999,422.19000937761,41.665555555555564,d17fb47064bdfcb2,165,165,0,0.0,-687.8999999999999,-422.19000937761,-41.66555555555557,1.0,-0.36437311298267905,0.0,0.0
439,train_balanced_1000438,single_stage_progress_quality_failure_v2,0.6097560975609757,0.6097560975609755,0.6097560975609755,0.6097560975609755,0.0,True,False,True,False,completed,1.0,1.0,0.0,1.0,0.0,0.39024390243902446,0.39024390243902446,1.0,-0.0,768.0000000000001,471.8492948289702,68.65138888888889,d17fb47064bdfcb2,208,208,0,0.0,-768.0000000000001,-471.8492948289702,-68.65138888888889,1.0,-0.39024390243902446,0.0,0.0
440,train_balanced_1000439,single_stage_progress_quality_failure_v2,0.683254569264932,0.683254569264932,0.683254569264932,0.683254569264932,0.0,True,False,True,False,completed,1.0,1.0,0.0,1.0,0.0,0.316745430735068,0.316745430735068,1.0,-0.0,556.3,332.41976119461015,25.501388888888897,d17fb47064bdfcb2,160,160,0,0.0,-556.3,-332.41976119461015,-25.501388888888897,1.0,-0.316745430735068,0.0,0.0
441,train_balanced_1000440,single_stage_progress_quality_failure_v2,0.6399999999999999,0.6399999999999999,0.6399999999999999,0.6399999999999999,0.0,True,False,True,False,completed,1.0,1.0,0.0,1.0,0.0,0.36000000000000004,0.36000000000000004,1.0,-0.0,675.0000000000001,603.5429166731101,140.09888888888892,d17fb47064bdfcb2,197,197,0,0.0,-675.0000000000001,-603.5429166731101,-140.09888888888892,1.0,-0.36000000000000004,0.0,0.0
442,train_balanced_1000441,single_stage_progress_quality_failure_v2,0.6189395502372601,0.6189395502372601,0.6189395502372601,0.6189395502372601,0.0,True,False,True,False,completed,1.0,1.0,0.0,1.0,0.0,0.38106044976273984,0.38106044976273984,1.0,-0.0,738.8,344.93612376872005,81.34222222222222,d17fb47064bdfcb2,187,187,0,0.0,-738.8,-344.93612376872005,-81.34222222222222,1.0,-0.38106044976273984,0.0,0.0
443,train_worker_bottleneck_1000442,single_stage_progress_quality_failure_v2,0.47031158142269247,0.47031158142269247,0.47031158142269247,0.47031158142269247,0.0,True,False,True,False,completed,1.0,1.0,0.0,1.0,0.0,0.5296884185773075,0.5296884185773075,1.0,-0.0,1351.5000000000002,1318.4441126483607,52.22916666666669,d17fb47064bdfcb2,282,282,0,0.0,-1351.5000000000002,-1318.4441126483607,-52.22916666666669,1.0,-0.5296884185773075,0.0,0.0
444,train_easy_1000443,single_stage_progress_quality_failure_v2,0.6838386140870755,0.6838386140870756,0.6838386140870756,0.6838386140870756,0.0,True,False,True,False,completed,1.0,1.0,0.0,1.0,0.0,0.3161613859129245,0.3161613859129245,1.0,-0.0,554.8000000000001,351.5150317476402,27.235833333333336,d17fb47064bdfcb2,156,156,0,0.0,-554.8000000000001,-351.5150317476402,-27.235833333333336,1.0,-0.3161613859129245,0.0,0.0
445,train_reconfiguration_bottleneck_1000444,single_stage_progress_quality_failure_v2,0.45028142589118203,0.45028142589118203,0.45028142589118203,0.45028142589118203,0.0,True,False,True,False,completed,1.0,1.0,0.0,1.0,0.0,0.549718574108818,0.549718574108818,1.0,-0.0,1464.9999999999998,1300.6971748665308,19.885555555555563,d17fb47064bdfcb2,353,353,0,0.0,-1464.9999999999998,-1300.6971748665308,-19.885555555555563,1.0,-0.549718574108818,0.0,0.0
446,train_balanced_1000445,single_stage_progress_quality_failure_v2,0.6525640328457231,0.652564032845723,0.652564032845723,0.652564032845723,0.0,True,False,True,False,completed,1.0,1.0,0.0,1.0,0.0,0.34743596715427705,0.34743596715427705,1.0,-0.0,638.9000000000001,384.24766792795,51.998055555555545,d17fb47064bdfcb2,165,165,0,0.0,-638.9000000000001,-384.24766792795,-51.998055555555545,1.0,-0.34743596715427705,0.0,0.0
447,train_fatigue_bottleneck_1000446,single_stage_progress_quality_failure_v2,0.4453681710213777,0.4453681710213777,0.4453681710213777,0.4453681710213777,0.0,True,False,True,False,completed,1.0,1.0,0.0,1.0,0.0,0.5546318289786223,0.5546318289786223,1.0,-0.0,1494.4,1474.1971952374506,40.83138888888888,d17fb47064bdfcb2,333,333,0,0.0,-1494.4,-1474.1971952374506,-40.83138888888888,1.0,-0.5546318289786223,0.0,0.0
448,train_fatigue_bottleneck_1000447,single_stage_progress_quality_failure_v2,0.4008819402685909,0.4008819402685909,0.4008819402685909,0.4008819402685909,0.0,True,False,True,False,completed,1.0,1.0,0.0,1.0,0.0,0.5991180597314091,0.5991180597314091,1.0,-0.0,1793.4,991.3427485936402,21.33555555555556,d17fb47064bdfcb2,302,302,0,0.0,-1793.4,-991.3427485936402,-21.33555555555556,1.0,-0.5991180597314091,0.0,0.0
449,train_machine_bottleneck_1000448,single_stage_progress_quality_failure_v2,0.4584702376404065,0.4584702376404065,0.4584702376404065,0.4584702376404065,0.0,True,False,True,False,completed,1.0,1.0,0.0,1.0,0.0,0.5415297623595935,0.5415297623595935,1.0,-0.0,1417.4000000000003,703.6407838281099,106.03138888888891,d17fb47064bdfcb2,261,261,0,0.0,-1417.4000000000003,-703.6407838281099,-106.03138888888891,1.0,-0.5415297623595935,0.0,0.0
450,train_machine_bottleneck_1000449,single_stage_progress_quality_failure_v2,0.4579104021979701,0.4579104021979701,0.4579104021979701,0.4579104021979701,0.0,True,False,True,False,completed,1.0,1.0,0.0,1.0,0.0,0.5420895978020299,0.5420895978020299,1.0,-0.0,1420.5999999999997,893.2224552929505,103.83916666666671,d17fb47064bdfcb2,286,286,0,0.0,-1420.5999999999997,-893.2224552929505,-103.83916666666671,1.0,-0.5420895978020299,0.0,0.0
451,train_balanced_1000450,single_stage_progress_quality_failure_v2,0.6280092108017584,0.6280092108017583,0.6280092108017583,0.6280092108017583,0.0,True,False,True,False,completed,1.0,1.0,0.0,1.0,0.0,0.37199078919824163,0.37199078919824163,1.0,-0.0,710.8000000000002,388.44184964154994,76.90333333333335,d17fb47064bdfcb2,176,176,0,0.0,-710.8000000000002,-388.44184964154994,-76.90333333333335,1.0,-0.37199078919824163,0.0,0.0
452,train_balanced_1000451,single_stage_progress_quality_failure_v2,0.5729564553093964,0.5729564553093964,0.5729564553093964,0.5729564553093964,0.0,True,False,True,False,completed,1.0,1.0,0.0,1.0,0.0,0.42704354469060357,0.42704354469060357,1.0,-0.0,894.4000000000002,469.54894216745987,37.435833333333335,d17fb47064bdfcb2,209,209,0,0.0,-894.4000000000002,-469.54894216745987,-37.435833333333335,1.0,-0.42704354469060357,0.0,0.0
453,train_fatigue_bottleneck_1000452,single_stage_progress_quality_failure_v2,0.4294456572307913,0.4294456572307913,0.4294456572307913,0.4294456572307913,0.0,True,False,True,False,completed,1.0,1.0,0.0,1.0,0.0,0.5705543427692087,0.5705543427692087,1.0,-0.0,1594.2999999999997,1180.6127475799103,12.348055555555561,d17fb47064bdfcb2,293,293,0,0.0,-1594.2999999999997,-1180.6127475799103,-12.348055555555561,1.0,-0.5705543427692087,0.0,0.0
454,train_easy_1000453,single_stage_progress_quality_failure_v2,0.7116593523899892,0.7116593523899893,0.7116593523899893,0.7116593523899893,0.0,True,False,True,False,completed,1.0,1.0,0.0,1.0,0.0,0.28834064761001066,0.28834064761001066,1.0,-0.0,486.2000000000001,274.8020366091199,29.904722222222222,d17fb47064bdfcb2,145,145,0,0.0,-486.2000000000001,-274.8020366091199,-29.904722222222222,1.0,-0.28834064761001066,0.0,0.0
455,train_fatigue_bottleneck_1000454,single_stage_progress_quality_failure_v2,0.38942073665422694,0.38942073665422694,0.38942073665422694,0.38942073665422694,0.0,True,False,True,False,completed,1.0,1.0,0.0,1.0,0.0,0.6105792633457731,0.6105792633457731,1.0,-0.0,1881.4999999999998,822.6692467431902,28.04583333333333,d17fb47064bdfcb2,293,293,0,0.0,-1881.4999999999998,-822.6692467431902,-28.04583333333333,1.0,-0.6105792633457731,0.0,0.0
456,train_worker_bottleneck_1000455,single_stage_progress_quality_failure_v2,0.436728900534993,0.436728900534993,0.436728900534993,0.436728900534993,0.0,True,False,True,False,completed,1.0,1.0,0.0,1.0,0.0,0.563271099465007,0.563271099465007,1.0,-0.0,1547.6999999999994,937.94341579386,20.06916666666667,d17fb47064bdfcb2,291,291,0,0.0,-1547.6999999999994,-937.94341579386,-20.06916666666667,1.0,-0.563271099465007,0.0,0.0
457,train_balanced_1000456,single_stage_progress_quality_failure_v2,0.6093845216331506,0.6093845216331506,0.6093845216331506,0.6093845216331506,0.0,True,False,True,False,completed,1.0,1.0,0.0,1.0,0.0,0.39061547836684946,0.39061547836684946,1.0,-0.0,769.2,822.5889266111403,219.4288888888889,d17fb47064bdfcb2,213,213,0,0.0,-769.2,-822.5889266111403,-219.4288888888889,1.0,-0.39061547836684946,0.0,0.0
458,train_reconfiguration_bottleneck_1000457,single_stage_progress_quality_failure_v2,0.44362292051756,0.44362292051756,0.44362292051756,0.44362292051756,0.0,True,False,True,False,completed,1.0,1.0,0.0,1.0,0.0,0.55637707948244,0.55637707948244,1.0,-0.0,1505.0000000000002,1977.5637293393988,9.14472222222221,d17fb47064bdfcb2,408,408,0,0.0,-1505.0000000000002,-1977.5637293393988,-9.144722222222208,1.0,-0.55637707948244,0.0,0.0
459,train_fatigue_bottleneck_1000458,single_stage_progress_quality_failure_v2,0.4597877313307023,0.4597877313307023,0.4597877313307023,0.4597877313307023,0.0,True,False,True,False,completed,1.0,1.0,0.0,1.0,0.0,0.5402122686692977,0.5402122686692977,1.0,-0.0,1409.9,885.44839843062,115.38888888888891,d17fb47064bdfcb2,278,278,0,0.0,-1409.9,-885.44839843062,-115.38888888888891,1.0,-0.5402122686692977,0.0,0.0
460,train_balanced_1000459,single_stage_progress_quality_failure_v2,0.6513950711106287,0.6513950711106286,0.6513950711106286,0.6513950711106286,0.0,True,False,True,False,completed,1.0,1.0,0.0,1.0,0.0,0.34860492888937145,0.34860492888937145,1.0,-0.0,642.2000000000003,524.5843464146401,30.00555555555556,d17fb47064bdfcb2,173,173,0,0.0,-642.2000000000003,-524.5843464146401,-30.00555555555556,1.0,-0.34860492888937145,0.0,0.0
461,train_high_arrival_pressure_1000460,single_stage_progress_quality_failure_v2,0.41463667461386944,0.41463667461386944,0.41463667461386944,0.41463667461386944,0.0,True,False,True,False,completed,1.0,1.0,0.0,1.0,0.0,0.5853633253861306,0.5853633253861306,1.0,-0.0,1694.1000000000006,586.2382843677502,87.65555555555557,d17fb47064bdfcb2,270,270,0,0.0,-1694.1000000000006,-586.2382843677502,-87.65555555555557,1.0,-0.5853633253861306,0.0,0.0
462,train_fatigue_bottleneck_1000461,single_stage_progress_quality_failure_v2,0.48270313757039396,0.48270313757039396,0.48270313757039396,0.48270313757039396,0.0,True,False,True,False,completed,1.0,1.0,0.0,1.0,0.0,0.517296862429606,0.517296862429606,1.0,-0.0,1286.0000000000011,1036.3070751159808,28.33222222222223,d17fb47064bdfcb2,254,254,0,0.0,-1286.0000000000011,-1036.3070751159808,-28.33222222222223,1.0,-0.517296862429606,0.0,0.0
463,train_fatigue_bottleneck_1000462,single_stage_progress_quality_failure_v2,0.4352399260092127,0.4352399260092127,0.4352399260092127,0.4352399260092127,0.0,True,False,True,False,completed,1.0,1.0,0.0,1.0,0.0,0.5647600739907873,0.5647600739907873,1.0,-0.0,1557.1,1654.886881222702,10.231388888888885,d17fb47064bdfcb2,336,336,0,0.0,-1557.1,-1654.886881222702,-10.231388888888885,1.0,-0.5647600739907873,0.0,0.0
464,train_balanced_1000463,single_stage_progress_quality_failure_v2,0.6610477607007104,0.6610477607007106,0.6610477607007106,0.6610477607007106,0.0,True,False,True,False,completed,1.0,1.0,0.0,1.0,0.0,0.33895223929928936,0.33895223929928936,1.0,-0.0,615.3000000000001,272.6815204065801,37.58472222222222,d17fb47064bdfcb2,156,156,0,0.0,-615.3000000000001,-272.6815204065801,-37.58472222222222,1.0,-0.33895223929928936,0.0,0.0
465,train_balanced_1000464,single_stage_progress_quality_failure_v2,0.6735896716250351,0.6735896716250351,0.6735896716250351,0.6735896716250351,0.0,True,False,True,False,completed,1.0,1.0,0.0,1.0,0.0,0.3264103283749649,0.3264103283749649,1.0,-0.0,581.5,312.16941160183995,33.93888888888889,d17fb47064bdfcb2,145,145,0,0.0,-581.5,-312.16941160183995,-33.93888888888889,1.0,-0.3264103283749649,0.0,0.0
466,train_balanced_1000465,single_stage_progress_quality_failure_v2,0.5866823115283075,0.5866823115283075,0.5866823115283075,0.5866823115283075,0.0,True,False,True,False,completed,1.0,1.0,0.0,1.0,0.0,0.41331768847169253,0.41331768847169253,1.0,-0.0,845.3999999999999,530.1371043953802,65.55805555555558,d17fb47064bdfcb2,206,206,0,0.0,-845.3999999999999,-530.1371043953802,-65.55805555555558,1.0,-0.41331768847169253,0.0,0.0
467,train_high_arrival_pressure_1000466,single_stage_progress_quality_failure_v2,0.4274417610600557,0.4274417610600557,0.4274417610600557,0.4274417610600557,0.0,True,False,True,False,completed,1.0,1.0,0.0,1.0,0.0,0.5725582389399443,0.5725582389399443,1.0,-0.0,1607.3999999999994,750.0459320522898,86.17805555555556,d17fb47064bdfcb2,289,289,0,0.0,-1607.3999999999994,-750.0459320522898,-86.17805555555556,1.0,-0.5725582389399443,0.0,0.0
468,train_reconfiguration_bottleneck_1000467,single_stage_progress_quality_failure_v2,0.4827225552113922,0.4827225552113922,0.4827225552113922,0.4827225552113922,0.0,True,False,True,False,completed,1.0,1.0,0.0,1.0,0.0,0.5172774447886078,0.5172774447886078,1.0,-0.0,1285.8999999999999,1502.438020142971,58.516666666666644,d17fb47064bdfcb2,303,303,0,0.0,-1285.8999999999999,-1502.438020142971,-58.516666666666644,1.0,-0.5172774447886078,0.0,0.0
469,train_high_arrival_pressure_1000468,single_stage_progress_quality_failure_v2,0.4727946101414443,0.4727946101414443,0.4727946101414443,0.4727946101414443,0.0,True,False,True,False,completed,1.0,1.0,0.0,1.0,0.0,0.5272053898585557,0.5272053898585557,1.0,-0.0,1338.1000000000004,1092.9513384075597,130.25888888888892,d17fb47064bdfcb2,271,271,0,0.0,-1338.1000000000004,-1092.9513384075597,-130.25888888888892,1.0,-0.5272053898585557,0.0,0.0
470,train_worker_bottleneck_1000469,single_stage_progress_quality_failure_v2,0.4600345025876943,0.4600345025876943,0.4600345025876943,0.4600345025876943,0.0,True,False,True,False,completed,1.0,1.0,0.0,1.0,0.0,0.5399654974123057,0.5399654974123057,1.0,-0.0,1408.4999999999998,911.41450891128,132.40916666666666,d17fb47064bdfcb2,281,281,0,0.0,-1408.4999999999998,-911.41450891128,-132.40916666666666,1.0,-0.5399654974123057,0.0,0.0
471,train_balanced_1000470,single_stage_progress_quality_failure_v2,0.5830903790087465,0.5830903790087464,0.5830903790087464,0.5830903790087464,0.0,True,False,True,False,completed,1.0,1.0,0.0,1.0,0.0,0.4169096209912536,0.4169096209912536,1.0,-0.0,857.9999999999999,715.2458867243599,72.6091666666667,d17fb47064bdfcb2,243,243,0,0.0,-857.9999999999999,-715.2458867243599,-72.6091666666667,1.0,-0.4169096209912536,0.0,0.0
472,train_balanced_1000471,single_stage_progress_quality_failure_v2,0.6183654539833043,0.6183654539833041,0.6183654539833041,0.6183654539833041,0.0,True,False,True,False,completed,1.0,1.0,0.0,1.0,0.0,0.38163454601669594,0.38163454601669594,1.0,-0.0,740.6000000000003,511.23718386414015,83.50138888888887,d17fb47064bdfcb2,214,214,0,0.0,-740.6000000000003,-511.23718386414015,-83.50138888888887,1.0,-0.38163454601669594,0.0,0.0
473,train_reconfiguration_bottleneck_1000472,single_stage_progress_quality_failure_v2,-0.6993384034966184,0.30066159650338165,-0.6993384034966184,-0.6993384034966184,0.0,False,True,False,True,horizon,0.8823529411764706,0.9594594594594594,0.0,0.9617647058823531,0.0,1.0,0.6611031093789714,1.0,1.0,2340.8999999999996,3039.7759721498287,21.161388888888894,d17fb47064bdfcb2,410,410,0,0.0,-2340.8999999999996,-3039.7759721498287,-21.161388888888894,0.9617647058823531,-0.6611031093789714,-1.0,0.0
474,train_worker_bottleneck_1000473,single_stage_progress_quality_failure_v2,0.42718308354989143,0.42718308354989143,0.42718308354989143,0.42718308354989143,0.0,True,False,True,False,completed,1.0,1.0,0.0,1.0,0.0,0.5728169164501086,0.5728169164501086,1.0,-0.0,1609.1000000000001,1127.5806641258691,18.313333333333336,d17fb47064bdfcb2,326,326,0,0.0,-1609.1000000000001,-1127.5806641258691,-18.313333333333336,1.0,-0.5728169164501086,0.0,0.0
475,train_fatigue_bottleneck_1000474,single_stage_progress_quality_failure_v2,0.4603168514327365,0.4603168514327365,0.4603168514327365,0.4603168514327365,0.0,True,False,True,False,completed,1.0,1.0,0.0,1.0,0.0,0.5396831485672635,0.5396831485672635,1.0,-0.0,1406.8999999999994,1654.591517800622,31.413333333333345,d17fb47064bdfcb2,296,296,0,0.0,-1406.8999999999994,-1654.591517800622,-31.413333333333345,1.0,-0.5396831485672635,0.0,0.0
476,train_fatigue_bottleneck_1000475,single_stage_progress_quality_failure_v2,0.38675991878041716,0.38675991878041716,0.38675991878041716,0.38675991878041716,0.0,True,False,True,False,completed,1.0,1.0,0.0,1.0,0.0,0.6132400812195828,0.6132400812195828,1.0,-0.0,1902.6999999999996,2491.5718653956524,22.35555555555555,d17fb47064bdfcb2,383,383,0,0.0,-1902.6999999999996,-2491.5718653956524,-22.35555555555555,1.0,-0.6132400812195828,0.0,0.0
477,train_balanced_1000476,single_stage_progress_quality_failure_v2,0.5774505557961598,0.5774505557961598,0.5774505557961598,0.5774505557961598,0.0,True,False,True,False,completed,1.0,1.0,0.0,1.0,0.0,0.42254944420384016,0.42254944420384016,1.0,-0.0,878.1000000000004,341.14014161143007,53.52472222222224,d17fb47064bdfcb2,206,206,0,0.0,-878.1000000000004,-341.14014161143007,-53.52472222222224,1.0,-0.42254944420384016,0.0,0.0
478,train_machine_bottleneck_1000477,single_stage_progress_quality_failure_v2,0.4314218946611541,0.4314218946611541,0.4314218946611541,0.4314218946611541,0.0,True,False,True,False,completed,1.0,1.0,0.0,1.0,0.0,0.5685781053388459,0.5685781053388459,1.0,-0.0,1581.5,674.50999299639,113.97138888888888,d17fb47064bdfcb2,275,275,0,0.0,-1581.5,-674.50999299639,-113.97138888888888,1.0,-0.5685781053388459,0.0,0.0
479,train_reconfiguration_bottleneck_1000478,single_stage_progress_quality_failure_v2,0.446544859152309,0.446544859152309,0.446544859152309,0.446544859152309,0.0,True,False,True,False,completed,1.0,1.0,0.0,1.0,0.0,0.553455140847691,0.553455140847691,1.0,-0.0,1487.3,994.9111046168,68.64222222222223,d17fb47064bdfcb2,320,320,0,0.0,-1487.3,-994.9111046168,-68.64222222222223,1.0,-0.553455140847691,0.0,0.0
480,train_high_arrival_pressure_1000479,single_stage_progress_quality_failure_v2,0.41342244883897206,0.41342244883897206,0.41342244883897206,0.41342244883897206,0.0,True,False,True,False,completed,1.0,1.0,0.0,1.0,0.0,0.5865775511610279,0.5865775511610279,1.0,-0.0,1702.6,951.4061362835507,157.38805555555558,d17fb47064bdfcb2,299,299,0,0.0,-1702.6,-951.4061362835507,-157.38805555555558,1.0,-0.5865775511610279,0.0,0.0
481,train_machine_bottleneck_1000480,single_stage_progress_quality_failure_v2,0.48071145295036655,0.48071145295036655,0.48071145295036655,0.48071145295036655,0.0,True,False,True,False,completed,1.0,1.0,0.0,1.0,0.0,0.5192885470496335,0.5192885470496335,1.0,-0.0,1296.2999999999997,747.3845587048106,147.58222222222224,d17fb47064bdfcb2,266,266,0,0.0,-1296.2999999999997,-747.3845587048106,-147.58222222222224,1.0,-0.5192885470496335,0.0,0.0
482,train_machine_bottleneck_1000481,single_stage_progress_quality_failure_v2,0.4548555833522857,0.4548555833522857,0.4548555833522857,0.4548555833522857,0.0,True,False,True,False,completed,1.0,1.0,0.0,1.0,0.0,0.5451444166477143,0.5451444166477143,1.0,-0.0,1438.1999999999998,780.6290703745597,119.49805555555565,d17fb47064bdfcb2,285,285,0,0.0,-1438.1999999999998,-780.6290703745597,-119.49805555555565,1.0,-0.5451444166477143,0.0,0.0
483,train_high_arrival_pressure_1000482,single_stage_progress_quality_failure_v2,0.42890842805061125,0.42890842805061125,0.42890842805061125,0.42890842805061125,0.0,True,False,True,False,completed,1.0,1.0,0.0,1.0,0.0,0.5710915719493888,0.5710915719493888,1.0,-0.0,1597.8,909.1440833288297,106.95555555555556,d17fb47064bdfcb2,293,293,0,0.0,-1597.8,-909.1440833288297,-106.95555555555556,1.0,-0.5710915719493888,0.0,0.0
484,train_fatigue_bottleneck_1000483,single_stage_progress_quality_failure_v2,0.3508464169809665,0.3508464169809665,0.3508464169809665,0.3508464169809665,0.0,True,False,True,False,completed,1.0,1.0,0.0,1.0,0.0,0.6491535830190335,0.6491535830190335,1.0,-0.0,2220.3,1842.6202118197384,45.428055555555545,d17fb47064bdfcb2,406,406,0,0.0,-2220.3,-1842.6202118197384,-45.42805555555554,1.0,-0.6491535830190335,0.0,0.0
485,train_balanced_1000484,single_stage_progress_quality_failure_v2,0.6301859048419283,0.6301859048419283,0.6301859048419283,0.6301859048419283,0.0,True,False,True,False,completed,1.0,1.0,0.0,1.0,0.0,0.3698140951580717,0.3698140951580717,1.0,-0.0,704.2000000000002,493.56348215488003,25.558055555555566,d17fb47064bdfcb2,187,187,0,0.0,-704.2000000000002,-493.56348215488003,-25.558055555555566,1.0,-0.3698140951580717,0.0,0.0
486,train_high_arrival_pressure_1000485,single_stage_progress_quality_failure_v2,0.4133654839820874,0.4133654839820874,0.4133654839820874,0.4133654839820874,0.0,True,False,True,False,completed,1.0,1.0,0.0,1.0,0.0,0.5866345160179126,0.5866345160179126,1.0,-0.0,1703.0000000000002,630.9532513771901,26.92555555555556,d17fb47064bdfcb2,277,277,0,0.0,-1703.0000000000002,-630.9532513771901,-26.92555555555556,1.0,-0.5866345160179126,0.0,0.0
487,train_reconfiguration_bottleneck_1000486,single_stage_progress_quality_failure_v2,-0.6302675426068741,0.3697324573931259,-0.6302675426068741,-0.6302675426068741,0.0,False,True,False,True,horizon,0.9444444444444444,0.9875,0.0,0.9888888888888889,0.0,1.0,0.619156431495763,1.0,1.0,1950.9000000000003,2718.1068889254598,15.93250000000001,d17fb47064bdfcb2,437,437,0,0.0,-1950.9000000000003,-2718.1068889254598,-15.93250000000001,0.9888888888888889,-0.619156431495763,-1.0,0.0
488,train_worker_bottleneck_1000487,single_stage_progress_quality_failure_v2,0.45082275152152684,0.45082275152152684,0.45082275152152684,0.45082275152152684,0.0,True,False,True,False,completed,1.0,1.0,0.0,1.0,0.0,0.5491772484784732,0.5491772484784732,1.0,-0.0,1461.7999999999995,1018.0276412462898,38.47555555555556,d17fb47064bdfcb2,290,290,0,0.0,-1461.7999999999995,-1018.0276412462898,-38.47555555555556,1.0,-0.5491772484784732,0.0,0.0
489,train_reconfiguration_bottleneck_1000488,single_stage_progress_quality_failure_v2,0.5042016806722689,0.5042016806722689,0.5042016806722689,0.5042016806722689,0.0,True,False,True,False,completed,1.0,1.0,0.0,1.0,0.0,0.4957983193277311,0.4957983193277311,1.0,-0.0,1180.0000000000005,825.0921283487698,145.11888888888888,d17fb47064bdfcb2,286,286,0,0.0,-1180.0000000000005,-825.0921283487698,-145.11888888888888,1.0,-0.4957983193277311,0.0,0.0
490,train_balanced_1000489,single_stage_progress_quality_failure_v2,0.6738922895490539,0.6738922895490538,0.6738922895490538,0.6738922895490538,0.0,True,False,True,False,completed,1.0,1.0,0.0,1.0,0.0,0.3261077104509462,0.3261077104509462,1.0,-0.0,580.6999999999999,342.51710476731995,54.42583333333334,d17fb47064bdfcb2,141,141,0,0.0,-580.6999999999999,-342.51710476731995,-54.42583333333334,1.0,-0.3261077104509462,0.0,0.0
491,train_machine_bottleneck_1000490,single_stage_progress_quality_failure_v2,0.4801344376425398,0.4801344376425398,0.4801344376425398,0.4801344376425398,0.0,True,False,True,False,completed,1.0,1.0,0.0,1.0,0.0,0.5198655623574602,0.5198655623574602,1.0,-0.0,1299.3000000000004,916.1102174023297,107.46138888888886,d17fb47064bdfcb2,289,289,0,0.0,-1299.3000000000004,-916.1102174023297,-107.46138888888886,1.0,-0.5198655623574602,0.0,0.0
492,train_easy_1000491,single_stage_progress_quality_failure_v2,0.7190364911019236,0.7190364911019236,0.7190364911019236,0.7190364911019236,0.0,True,False,True,False,completed,1.0,1.0,0.0,1.0,0.0,0.2809635088980765,0.2809635088980765,1.0,-0.0,468.8999999999998,302.44467736537996,22.822500000000005,d17fb47064bdfcb2,134,134,0,0.0,-468.8999999999998,-302.44467736537996,-22.822500000000005,1.0,-0.2809635088980765,0.0,0.0
493,train_worker_bottleneck_1000492,single_stage_progress_quality_failure_v2,0.4680734875375434,0.4680734875375434,0.4680734875375434,0.4680734875375434,0.0,True,False,True,False,completed,1.0,1.0,0.0,1.0,0.0,0.5319265124624566,0.5319265124624566,1.0,-0.0,1363.6999999999998,1065.3872574118595,14.510000000000003,d17fb47064bdfcb2,300,300,0,0.0,-1363.6999999999998,-1065.3872574118595,-14.510000000000003,1.0,-0.5319265124624566,0.0,0.0
494,train_machine_bottleneck_1000493,single_stage_progress_quality_failure_v2,0.48586930115798854,0.48586930115798854,0.48586930115798854,0.48586930115798854,0.0,True,False,True,False,completed,1.0,1.0,0.0,1.0,0.0,0.5141306988420115,0.5141306988420115,1.0,-0.0,1269.7999999999997,709.3448529386405,119.91222222222223,d17fb47064bdfcb2,268,268,0,0.0,-1269.7999999999997,-709.3448529386405,-119.91222222222223,1.0,-0.5141306988420115,0.0,0.0
495,train_reconfiguration_bottleneck_1000494,single_stage_progress_quality_failure_v2,0.4744020557422416,0.4744020557422416,0.4744020557422416,0.4744020557422416,0.0,True,False,True,False,completed,1.0,1.0,0.0,1.0,0.0,0.5255979442577584,0.5255979442577584,1.0,-0.0,1329.4999999999998,1291.2433034270482,38.19555555555554,d17fb47064bdfcb2,327,327,0,0.0,-1329.4999999999998,-1291.2433034270482,-38.19555555555554,1.0,-0.5255979442577584,0.0,0.0
496,train_balanced_1000495,single_stage_progress_quality_failure_v2,0.708340711882415,0.7083407118824154,0.7083407118824154,0.7083407118824154,0.0,True,False,True,False,completed,1.0,1.0,0.0,1.0,0.0,0.2916592881175846,0.2916592881175846,1.0,-0.0,494.10000000000014,170.03224218853003,30.22138888888888,d17fb47064bdfcb2,125,125,0,0.0,-494.10000000000014,-170.03224218853003,-30.22138888888888,1.0,-0.2916592881175846,0.0,0.0
497,train_balanced_1000496,single_stage_progress_quality_failure_v2,0.6013530443497872,0.6013530443497872,0.6013530443497872,0.6013530443497872,0.0,True,False,True,False,completed,1.0,1.0,0.0,1.0,0.0,0.39864695565021285,0.39864695565021285,1.0,-0.0,795.4999999999999,462.92709754850995,34.11333333333334,d17fb47064bdfcb2,194,194,0,0.0,-795.4999999999999,-462.92709754850995,-34.11333333333334,1.0,-0.39864695565021285,0.0,0.0
498,train_fatigue_bottleneck_1000497,single_stage_progress_quality_failure_v2,0.4574565416285453,0.4574565416285453,0.4574565416285453,0.4574565416285453,0.0,True,False,True,False,completed,1.0,1.0,0.0,1.0,0.0,0.5425434583714547,0.5425434583714547,1.0,-0.0,1423.2,768.3290689773202,19.531388888888902,d17fb47064bdfcb2,254,254,0,0.0,-1423.2,-768.3290689773202,-19.531388888888902,1.0,-0.5425434583714547,0.0,0.0
499,train_high_arrival_pressure_1000498,single_stage_progress_quality_failure_v2,0.46333835283215563,0.46333835283215563,0.46333835283215563,0.46333835283215563,0.0,True,False,True,False,completed,1.0,1.0,0.0,1.0,0.0,0.5366616471678444,0.5366616471678444,1.0,-0.0,1389.9,482.69745886743016,32.202222222222225,d17fb47064bdfcb2,233,233,0,0.0,-1389.9,-482.69745886743016,-32.202222222222225,1.0,-0.5366616471678444,0.0,0.0
500,train_balanced_1000499,single_stage_progress_quality_failure_v2,0.5640423031727378,0.564042303172738,0.564042303172738,0.564042303172738,0.0,True,False,True,False,completed,1.0,1.0,0.0,1.0,0.0,0.43595769682726204,0.43595769682726204,1.0,-0.0,927.5000000000001,868.8096421150199,123.60138888888889,d17fb47064bdfcb2,259,259,0,0.0,-927.5000000000001,-868.8096421150199,-123.60138888888889,1.0,-0.43595769682726204,0.0,0.0
