episode,trajectory_index,base_instance_index,preference_slot,preference_group_id,update_id,instance_id,instance_seed,pressure_type,cost_profile,w_flow,w_cost,w_variance,preference_source,steps,policy_steps,forced_actions,forced_action_ratio,worker_step_command_count,worker_local_physical_forced_action_count,worker_local_physical_forced_share,estimated_worker_step_round_trips_avoided,unattributed_forced_reward,reward,reward_base,reward_shaping,reward_training,expected_reward,reward_identity_error,reward_phase,reward_flow,reward_cost,reward_variance,reward_completion_progress,reward_completion_bonus,reward_quality,reward_truncation,reward_unfinished,reward_feasibility_shaping,completed_operations,time,terminated,truncated,terminal_reason,completed_order_ratio,completed_operation_ratio,total_flow_time,flow_time_objective,reconfiguration_cost,worker_load_variance,quality_score,preference_quality_score,maximum_worker_fatigue,mean_peak_worker_fatigue,safe_fatigue_limit,fatigue_masked_action_count,fatigue_masked_action_ratio,worker_competition_event_count,worker_matching_deficit_event_count,resource_admission_masked_action_count,resource_admission_masked_action_ratio,minimum_worker_alternatives,matching_preserving_worker_action_count,candidate_recovery_advance_count,production_defer_recovery_improvement_count,production_defer_wait_ticks,production_defer_wait_time,conditional_worker_wait_opportunity_count,conditional_worker_wait_selected_count,conditional_worker_wait_total_ticks,conditional_worker_wait_total_time,conditional_worker_wait_pair_gain_sum,conditional_worker_wait_fatigue_improvement_sum,conditional_worker_wait_duration_improvement_ticks_sum,conditional_worker_wait_max_consecutive_observed,reconfiguration_reuse_count,qualification_scarcity_regret,qualification_scarcity_decision_count,conditional_worker_wait_reason_counts,machine_waiting_for_worker_time,completed_reconfigurations,worker_switch_ratio,direct_process_action_count,commit_reconfig_action_count,defer_production_action_count,worker_assign_action_count,advance_event_action_count,forced_action_state_count,forced_production_count,forced_worker_count,forced_pair_count,forced_advance_count,forced_production_pair_count,forced_production_advance_count,forced_worker_pair_count,forced_worker_advance_count,forced_pair_advance_blocked_non_delay_count,forced_worker_pair_non_delay_count,forced_pair_advance_physically_unavailable_count,forced_advance_pair_physically_unavailable_count,forced_wait_dis_count,forced_wait_ins_count,forced_mixed_wait_stage_count,forced_phase_handoff_count,forced_recovery_advance_count,forced_future_event_advance_count,forced_direct_process_count,forced_commit_reconfig_count,forced_defer_production_count,forced_worker_assign_count,forced_advance_event_count,forced_action_chain_count,longest_forced_action_chain,mean_forced_action_chain_length,schedule_violation_count,parallel_envs,batch_transition_count,sampling_wall_time_seconds,policy_inference_time_seconds,generation_time_seconds,environment_step_time_seconds,ppo_update_time_seconds,loss_scope,candidate_status,policy_loss,value_loss,entropy,loss,approx_kl,clip_fraction,ratio_mean,gradient_norm,gradient_clipped_fraction,gradient_norm_max,return_mean,return_std,advantage_mean,advantage_std,value_prediction_mean,value_prediction_std,pre_update_explained_variance,learning_rate,policy_head_weight_production_processing_time_norm,policy_head_weight_production_reconfiguration_time_norm,policy_head_weight_production_fixed_reconfiguration_cost_norm,policy_head_weight_production_estimated_labor_cost_norm,policy_head_weight_production_estimated_downtime_cost_norm,policy_head_weight_production_horizon_slack_norm,policy_head_weight_worker_stage_duration_norm,policy_head_weight_worker_projected_fatigue_ratio,policy_head_weight_worker_incremental_labor_cost_norm,policy_head_weight_worker_incremental_downtime_cost_norm,policy_head_weight_worker_incremental_load_variance_norm,policy_head_gate_production_common,policy_head_gate_production_residual,policy_head_gate_worker_common,policy_head_gate_worker_residual,policy_head_preference_action_scale,policy_head_preference_action_scale_production,policy_head_preference_action_scale_worker
0,0,0,0,0,1,train_fatigue_bottleneck_1000000,1000000,fatigue_bottleneck,balanced_cost,1.0,0.0,0.0,group_anchor_0,234,234,0,0.0,234,0,0.0,0,0.0,-0.2291666666666663,-0.16666666666666632,-0.06249999999999997,-0.2291666666666663,-0.16666666666666669,3.608224830031759e-16,feasibility,-4256.200000000001,-643.6570118439599,-17.02000000000001,0.6666666666666669,0.0,-0.7800667130970272,-1.0,-0.3333333333333333,-0.06249999999999997,70,240.0,False,True,horizon,0.6666666666666666,0.8641975308641975,,4256.200000000001,643.6570118439599,17.02000000000001,0.5583043342767644,0.7800667130970272,0.6023808938999999,0.4466689059,0.75,0,0.0,0,0,48,0.03812549642573471,1,63,1,4,2077,207.70000000000002,0,0,0,0.0,0,0.0,0,0,42,0.0,0,{},0.0,13,1.0,62,13,111,26,22,60,35,25,3,57,0,35,3,22,3,3,0,57,13,11,2,19,1,57,0,0,35,3,22,36,6,1.6666666666666667,0,10,2133,17.561403500003507,9.063300500041805,0.23607280000578612,1.1359790999922552,18.360802099996363,parallel_episode_batch,not_applicable,0.002182855928207145,0.035775536191923654,0.9177271145231584,0.010893352952895357,1.0436294634446848e-05,0.0,1.0000073822105633,0.5711690733099685,0.45588235294117646,2.5571136474609375,-0.1981038749217987,0.25634998083114624,0.1763039380311966,0.2743694484233856,-0.3744077682495117,0.051272761076688766,-0.14552605152130127,0.0001,-0.2998790144920349,-0.29991036653518677,-0.19996698200702667,-0.19997082650661469,-0.1999790072441101,0.2997673749923706,-0.300327867269516,-0.30033108592033386,-0.19987079501152039,-0.2001873254776001,-0.20048627257347107,0.01798621006309986,0.1191914826631546,0.01798621006309986,0.11940937489271164,0.0,1.499595284461975,1.0010966062545776
1,1,0,1,0,1,train_fatigue_bottleneck_1000000,1000000,fatigue_bottleneck,balanced_cost,0.0,1.0,0.0,group_anchor_1,281,281,0,0.0,281,0,0.0,0,0.0,0.32638888888888873,0.38888888888888873,-0.062499999999999986,0.32638888888888873,0.38888888888888884,-1.1102230246251565e-16,feasibility,-2472.0000000000005,-829.90431928533,-10.988055555555556,0.9444444444444448,0.0,-0.4535233402856,-1.0,-0.05555555555555555,-0.062499999999999986,80,240.0,False,True,horizon,0.9444444444444444,0.9876543209876543,,2472.0000000000005,829.90431928533,10.988055555555556,0.5086917766663783,0.4535233402856,0.5684808939000001,0.4551189059,0.75,0,0.0,0,0,9,0.009584664536741214,1,85,0,9,1880,188.0,0,0,0,0.0,0,0.0,0,0,49,0.0,0,{},0.0,17,0.8823529411764706,64,17,136,34,30,95,61,34,4,91,0,61,4,30,4,4,0,91,14,16,2,24,0,91,0,0,61,4,30,61,7,1.5573770491803278,0,10,2133,17.561403500003507,9.063300500041805,0.21937540000362787,0.8091346999790403,18.360802099996363,parallel_episode_batch,not_applicable,0.002182855928207145,0.035775536191923654,0.9177271145231584,0.010893352952895357,1.0436294634446848e-05,0.0,1.0000073822105633,0.5711690733099685,0.45588235294117646,2.5571136474609375,-0.1981038749217987,0.25634998083114624,0.1763039380311966,0.2743694484233856,-0.3744077682495117,0.051272761076688766,-0.14552605152130127,0.0001,-0.2998790144920349,-0.29991036653518677,-0.19996698200702667,-0.19997082650661469,-0.1999790072441101,0.2997673749923706,-0.300327867269516,-0.30033108592033386,-0.19987079501152039,-0.2001873254776001,-0.20048627257347107,0.01798621006309986,0.1191914826631546,0.01798621006309986,0.11940937489271164,0.0,1.499595284461975,1.0010966062545776
2,2,0,2,0,1,train_fatigue_bottleneck_1000000,1000000,fatigue_bottleneck,balanced_cost,0.0,0.0,1.0,group_anchor_2,331,331,0,0.0,331,0,0.0,0,0.0,1.9375000000000004,2.0000000000000004,-0.0625,1.9375000000000004,2.0,4.440892098500626e-16,feasibility,-2014.3000000000002,-1233.2315392268706,-2.2800000000000034,1.0000000000000002,1.0,-0.04361132364192817,0.0,0.0,-0.0625,81,237.20000000000002,True,False,completed,1.0,1.0,2014.3000000000002,2014.3000000000002,1233.2315392268706,2.2800000000000034,0.4877219465868535,0.04361132364192814,0.7461871225999996,0.6791689059,0.75,12,0.09523809523809523,1,1,79,0.12440944881889764,0,114,1,11,1878,187.8,0,0,0,0.0,0,0.0,0,0,52,0.0,0,{},0.1,25,1.0,56,25,158,50,42,130,80,50,8,122,0,80,8,42,8,8,0,122,18,25,3,31,16,122,0,0,80,8,42,72,9,1.8055555555555556,0,10,2133,17.561403500003507,9.063300500041805,0.22239080000144895,0.41051320004771696,18.360802099996363,parallel_episode_batch,not_applicable,0.002182855928207145,0.035775536191923654,0.9177271145231584,0.010893352952895357,1.0436294634446848e-05,0.0,1.0000073822105633,0.5711690733099685,0.45588235294117646,2.5571136474609375,-0.1981038749217987,0.25634998083114624,0.1763039380311966,0.2743694484233856,-0.3744077682495117,0.051272761076688766,-0.14552605152130127,0.0001,-0.2998790144920349,-0.29991036653518677,-0.19996698200702667,-0.19997082650661469,-0.1999790072441101,0.2997673749923706,-0.300327867269516,-0.30033108592033386,-0.19987079501152039,-0.2001873254776001,-0.20048627257347107,0.01798621006309986,0.1191914826631546,0.01798621006309986,0.11940937489271164,0.0,1.499595284461975,1.0010966062545776
3,3,0,3,0,1,train_fatigue_bottleneck_1000000,1000000,fatigue_bottleneck,balanced_cost,0.3333333333333333,0.3333333333333333,0.3333333333333333,group_anchor_3,264,264,0,0.0,264,0,0.0,0,0.0,1.9375,2.0,-0.0625,1.9375,2.0,0.0,feasibility,-2110.6,-704.45602172831,-5.898888888888892,1.0000000000000002,1.0,-0.38545277648199355,0.0,0.0,-0.0625,81,211.9,True,False,completed,1.0,1.0,2110.6,2110.6,704.45602172831,5.898888888888891,0.46386030314857085,0.38545277648199355,0.5267871225999999,0.4015022392333334,0.75,0,0.0,0,0,16,0.017897091722595078,1,74,0,7,1811,181.10000000000002,0,0,0,0.0,0,0.0,0,0,55,0.0,0,{},0.0,15,0.9333333333333333,66,15,130,30,23,79,53,26,3,76,0,53,3,23,3,3,0,76,10,12,2,17,0,76,0,0,53,3,23,53,7,1.490566037735849,0,10,2133,17.561403500003507,9.063300500041805,0.2234759999992093,0.5060271999827819,18.360802099996363,parallel_episode_batch,not_applicable,0.002182855928207145,0.035775536191923654,0.9177271145231584,0.010893352952895357,1.0436294634446848e-05,0.0,1.0000073822105633,0.5711690733099685,0.45588235294117646,2.5571136474609375,-0.1981038749217987,0.25634998083114624,0.1763039380311966,0.2743694484233856,-0.3744077682495117,0.051272761076688766,-0.14552605152130127,0.0001,-0.2998790144920349,-0.29991036653518677,-0.19996698200702667,-0.19997082650661469,-0.1999790072441101,0.2997673749923706,-0.300327867269516,-0.30033108592033386,-0.19987079501152039,-0.2001873254776001,-0.20048627257347107,0.01798621006309986,0.1191914826631546,0.01798621006309986,0.11940937489271164,0.0,1.499595284461975,1.0010966062545776
4,4,0,4,0,1,train_fatigue_bottleneck_1000000,1000000,fatigue_bottleneck,balanced_cost,0.5,0.3,0.2,group_anchor_4,275,275,0,0.0,275,0,0.0,0,0.0,1.9374999999999996,1.9999999999999996,-0.0625,1.9374999999999996,2.0,-4.440892098500626e-16,feasibility,-2673.100000000001,-783.2775634985002,-9.840000000000005,1.0000000000000002,1.0,-0.5097434726220491,0.0,0.0,-0.0625,81,232.5,True,False,completed,1.0,1.0,2673.100000000001,2673.100000000001,783.2775634985002,9.840000000000005,0.5097434726220491,0.5097434726220491,0.39082304389999994,0.3144481373833334,0.75,0,0.0,0,0,0,0.0,1,75,0,5,1977,197.70000000000002,0,0,0,0.0,0,0.0,0,0,51,0.0,0,{},0.0,16,1.0,65,16,136,32,26,93,63,30,4,89,0,63,4,26,4,4,0,89,12,14,2,20,0,89,0,0,63,4,26,58,8,1.603448275862069,0,10,2133,17.561403500003507,9.063300500041805,0.21600860000035027,2.121272600044904,18.360802099996363,parallel_episode_batch,not_applicable,0.002182855928207145,0.035775536191923654,0.9177271145231584,0.010893352952895357,1.0436294634446848e-05,0.0,1.0000073822105633,0.5711690733099685,0.45588235294117646,2.5571136474609375,-0.1981038749217987,0.25634998083114624,0.1763039380311966,0.2743694484233856,-0.3744077682495117,0.051272761076688766,-0.14552605152130127,0.0001,-0.2998790144920349,-0.29991036653518677,-0.19996698200702667,-0.19997082650661469,-0.1999790072441101,0.2997673749923706,-0.300327867269516,-0.30033108592033386,-0.19987079501152039,-0.2001873254776001,-0.20048627257347107,0.01798621006309986,0.1191914826631546,0.01798621006309986,0.11940937489271164,0.0,1.499595284461975,1.0010966062545776
5,5,1,0,1,1,train_easy_1000001,1000001,easy,balanced_cost,1.0,0.0,0.0,group_anchor_0,147,147,0,0.0,147,0,0.0,0,0.0,1.9375000000000002,2.0,-0.0625,1.9375000000000002,2.0,0.0,feasibility,-1679.9,-187.51695898175998,-3.795833333333334,0.9999999999999997,1.0,-0.5833188652383764,0.0,0.0,-0.0625,50,218.0,True,False,completed,1.0,1.0,1679.9,1679.9,187.51695898175998,3.795833333333334,0.3531434590359691,0.5833188652383764,0.13300000000000003,0.10205883235000002,0.75,0,0.0,0,0,0,0.0,2,28,0,4,2060,206.0,0,0,0,0.0,0,0.0,0,0,14,0.0,0,{},0.0,5,1.0,45,5,78,10,9,28,19,9,0,28,0,19,0,9,0,0,0,28,3,4,0,7,0,28,0,0,19,0,9,20,3,1.4,0,10,2133,17.561403500003507,9.063300500041805,0.13010249999933876,0.6079107999103144,18.360802099996363,parallel_episode_batch,not_applicable,0.002182855928207145,0.035775536191923654,0.9177271145231584,0.010893352952895357,1.0436294634446848e-05,0.0,1.0000073822105633,0.5711690733099685,0.45588235294117646,2.5571136474609375,-0.1981038749217987,0.25634998083114624,0.1763039380311966,0.2743694484233856,-0.3744077682495117,0.051272761076688766,-0.14552605152130127,0.0001,-0.2998790144920349,-0.29991036653518677,-0.19996698200702667,-0.19997082650661469,-0.1999790072441101,0.2997673749923706,-0.300327867269516,-0.30033108592033386,-0.19987079501152039,-0.2001873254776001,-0.20048627257347107,0.01798621006309986,0.1191914826631546,0.01798621006309986,0.11940937489271164,0.0,1.499595284461975,1.0010966062545776
6,6,1,1,1,1,train_easy_1000001,1000001,easy,balanced_cost,0.0,1.0,0.0,group_anchor_1,149,149,0,0.0,149,0,0.0,0,0.0,1.9375,2.0,-0.0625,1.9375,2.0,0.0,feasibility,-807.0999999999998,-231.37542214172,-3.94888888888889,0.9999999999999997,1.0,-0.18789998401891997,0.0,0.0,-0.0625,50,192.60000000000002,True,False,completed,1.0,1.0,807.0999999999998,807.0999999999998,231.37542214172,3.94888888888889,0.27207059842754516,0.18789998401891997,0.166,0.11869472303333334,0.75,0,0.0,0,0,0,0.0,2,33,0,2,1785,178.5,0,0,0,0.0,0,0.0,0,0,19,0.0,0,{},0.0,6,1.0,44,6,75,12,12,43,31,12,0,43,0,31,0,12,0,0,0,43,6,4,0,10,0,43,0,0,31,0,12,34,4,1.2647058823529411,0,10,2133,17.561403500003507,9.063300500041805,0.10506049999821698,0.4678592000127537,18.360802099996363,parallel_episode_batch,not_applicable,0.002182855928207145,0.035775536191923654,0.9177271145231584,0.010893352952895357,1.0436294634446848e-05,0.0,1.0000073822105633,0.5711690733099685,0.45588235294117646,2.5571136474609375,-0.1981038749217987,0.25634998083114624,0.1763039380311966,0.2743694484233856,-0.3744077682495117,0.051272761076688766,-0.14552605152130127,0.0001,-0.2998790144920349,-0.29991036653518677,-0.19996698200702667,-0.19997082650661469,-0.1999790072441101,0.2997673749923706,-0.300327867269516,-0.30033108592033386,-0.19987079501152039,-0.2001873254776001,-0.20048627257347107,0.01798621006309986,0.1191914826631546,0.01798621006309986,0.11940937489271164,0.0,1.499595284461975,1.0010966062545776
7,7,1,2,1,1,train_easy_1000001,1000001,easy,balanced_cost,0.0,0.0,1.0,group_anchor_2,153,153,0,0.0,153,0,0.0,0,0.0,1.9374999999999996,1.9999999999999996,-0.0625,1.9374999999999996,2.0,-4.440892098500626e-16,feasibility,-878.5000000000001,-231.78485165535,-0.3613888888888888,0.9999999999999997,1.0,-0.007175911881346482,0.0,0.0,-0.0625,50,208.5,True,False,completed,1.0,1.0,878.5000000000001,878.5000000000001,231.78485165535,0.3613888888888889,0.26921644334037415,0.007175911881346491,0.13300000000000003,0.11049638488333335,0.75,0,0.0,0,0,0,0.0,3,36,0,3,1847,184.70000000000002,0,0,0,0.0,0,0.0,0,0,19,0.0,0,{},0.0,6,1.0,44,6,79,12,12,43,31,12,0,43,0,31,0,12,0,0,0,43,5,5,0,10,0,42,0,0,31,0,12,30,3,1.4333333333333333,0,10,2133,17.561403500003507,9.063300500041805,0.12279689999559196,0.5190310000180034,18.360802099996363,parallel_episode_batch,not_applicable,0.002182855928207145,0.035775536191923654,0.9177271145231584,0.010893352952895357,1.0436294634446848e-05,0.0,1.0000073822105633,0.5711690733099685,0.45588235294117646,2.5571136474609375,-0.1981038749217987,0.25634998083114624,0.1763039380311966,0.2743694484233856,-0.3744077682495117,0.051272761076688766,-0.14552605152130127,0.0001,-0.2998790144920349,-0.29991036653518677,-0.19996698200702667,-0.19997082650661469,-0.1999790072441101,0.2997673749923706,-0.300327867269516,-0.30033108592033386,-0.19987079501152039,-0.2001873254776001,-0.20048627257347107,0.01798621006309986,0.1191914826631546,0.01798621006309986,0.11940937489271164,0.0,1.499595284461975,1.0010966062545776
8,8,1,3,1,1,train_easy_1000001,1000001,easy,balanced_cost,0.3333333333333333,0.3333333333333333,0.3333333333333333,group_anchor_3,154,154,0,0.0,154,0,0.0,0,0.0,1.9375000000000002,2.0,-0.0625,1.9375000000000002,2.0,0.0,feasibility,-861.7,-264.82879227086,-9.559166666666668,0.9999999999999997,1.0,-0.2626112937387873,0.0,0.0,-0.0625,50,181.70000000000002,True,False,completed,1.0,1.0,861.7,861.7,264.82879227086,9.559166666666668,0.3038915091219787,0.2626112937387873,0.3002,0.16991305155000003,0.75,0,0.0,0,0,0,0.0,2,37,0,0,1652,165.20000000000002,0,0,0,0.0,0,0.0,0,0,17,0.0,0,{},0.0,7,1.0,43,7,78,14,12,43,31,12,0,43,0,31,0,12,0,0,0,43,4,4,1,7,0,43,0,0,31,0,12,30,6,1.4333333333333333,0,10,2133,17.561403500003507,9.063300500041805,0.119726000004448,0.49393079998117173,18.360802099996363,parallel_episode_batch,not_applicable,0.002182855928207145,0.035775536191923654,0.9177271145231584,0.010893352952895357,1.0436294634446848e-05,0.0,1.0000073822105633,0.5711690733099685,0.45588235294117646,2.5571136474609375,-0.1981038749217987,0.25634998083114624,0.1763039380311966,0.2743694484233856,-0.3744077682495117,0.051272761076688766,-0.14552605152130127,0.0001,-0.2998790144920349,-0.29991036653518677,-0.19996698200702667,-0.19997082650661469,-0.1999790072441101,0.2997673749923706,-0.300327867269516,-0.30033108592033386,-0.19987079501152039,-0.2001873254776001,-0.20048627257347107,0.01798621006309986,0.1191914826631546,0.01798621006309986,0.11940937489271164,0.0,1.499595284461975,1.0010966062545776
9,9,1,4,1,1,train_easy_1000001,1000001,easy,balanced_cost,0.5,0.3,0.2,group_anchor_4,145,145,0,0.0,145,0,0.0,0,0.0,1.9375000000000002,2.0,-0.0625,1.9375000000000002,2.0,0.0,feasibility,-605.9,-223.69922132611995,-5.1588888888888915,0.9999999999999997,1.0,-0.24130296437281185,0.0,0.0,-0.0625,50,187.4,True,False,completed,1.0,1.0,605.9,605.9,223.69922132611995,5.1588888888888915,0.24130296437281185,0.24130296437281185,0.15336758110000004,0.1286438215,0.75,0,0.0,0,0,0,0.0,2,34,0,0,1682,168.20000000000002,0,0,0,0.0,0,0.0,0,0,17,0.0,0,{},0.0,6,1.0,44,6,73,12,10,46,36,10,0,46,0,36,0,10,0,0,0,46,4,6,0,10,0,46,0,0,36,0,10,31,4,1.4838709677419355,0,10,2133,17.561403500003507,9.063300500041805,0.12048100000538398,0.30207109996990766,18.360802099996363,parallel_episode_batch,not_applicable,0.002182855928207145,0.035775536191923654,0.9177271145231584,0.010893352952895357,1.0436294634446848e-05,0.0,1.0000073822105633,0.5711690733099685,0.45588235294117646,2.5571136474609375,-0.1981038749217987,0.25634998083114624,0.1763039380311966,0.2743694484233856,-0.3744077682495117,0.051272761076688766,-0.14552605152130127,0.0001,-0.2998790144920349,-0.29991036653518677,-0.19996698200702667,-0.19997082650661469,-0.1999790072441101,0.2997673749923706,-0.300327867269516,-0.30033108592033386,-0.19987079501152039,-0.2001873254776001,-0.20048627257347107,0.01798621006309986,0.1191914826631546,0.01798621006309986,0.11940937489271164,0.0,1.499595284461975,1.0010966062545776
10,10,2,0,2,2,train_easy_1000002,1000002,easy,balanced_cost,1.0,0.0,0.0,group_anchor_0,142,142,0,0.0,142,0,0.0,0,0.0,1.9374999999999998,1.9999999999999998,-0.0625,1.9374999999999998,2.0,-2.220446049250313e-16,feasibility,-639.3000000000002,-327.46461809896005,-16.258055555555554,0.9999999999999998,1.0,-0.34757788289023006,0.0,0.0,-0.0625,43,189.8,True,False,completed,1.0,1.0,639.3000000000002,639.3000000000002,327.46461809896005,16.258055555555554,0.29686917268188384,0.34757788289023006,0.2701,0.16281048790000002,0.75,0,0.0,0,0,1,0.006060606060606061,2,41,0,1,1701,170.10000000000002,0,0,0,0.0,0,0.0,0,0,13,0.0,0,{},0.0,8,0.875,35,8,71,16,12,49,37,12,0,49,0,37,0,12,0,0,0,49,6,8,3,11,0,49,0,0,37,0,12,35,4,1.4,0,10,1505,12.312921099997766,6.035346999997273,0.17770569999993313,0.23401610002474627,10.877992599998834,parallel_episode_batch,feasibility_best,0.0012064466330533226,0.04906771762762219,0.8667505408326784,0.017072799790184945,4.087152016533461e-05,0.0,0.9999835217992464,0.5435553506637613,0.4791666666666667,1.579342007637024,0.0162959061563015,0.3369395434856415,0.14489160478115082,0.25252366065979004,-0.12859569489955902,0.1762872338294983,0.43830543756484985,0.0001,-0.29978078603744507,-0.30024877190589905,-0.2002733200788498,-0.2002061903476715,-0.20018349587917328,0.2997186481952667,-0.3003096878528595,-0.3002159297466278,-0.1999439001083374,-0.200166255235672,-0.20036208629608154,0.01798621006309986,0.11912176758050919,0.01798621006309986,0.11936426162719727,0.0,1.5001461505889893,1.000191330909729
11,11,2,1,2,2,train_easy_1000002,1000002,easy,balanced_cost,0.0,1.0,0.0,group_anchor_1,168,168,0,0.0,168,0,0.0,0,0.0,1.9375,2.0,-0.0625,1.9375,2.0,0.0,feasibility,-1043.6999999999998,-487.25308120149,-19.128888888888884,0.9999999999999998,1.0,-0.32761948007386776,0.0,0.0,-0.0625,43,227.70000000000002,True,False,completed,1.0,1.0,1043.6999999999998,1043.6999999999998,487.25308120149,19.128888888888884,0.38621309127671216,0.32761948007386776,0.33580000000000004,0.19108333333333336,0.75,0,0.0,0,0,2,0.0053475935828877,1,64,0,2,1989,198.9,0,0,0,0.0,0,0.0,0,0,15,0.0,0,{},0.0,12,1.0,31,12,81,24,20,61,39,22,2,59,0,39,2,20,2,2,0,59,10,13,3,18,0,59,0,0,39,2,20,35,6,1.7428571428571429,0,10,1505,12.312921099997766,6.035346999997273,0.17390059999888763,0.7875358000019332,10.877992599998834,parallel_episode_batch,feasibility_best,0.0012064466330533226,0.04906771762762219,0.8667505408326784,0.017072799790184945,4.087152016533461e-05,0.0,0.9999835217992464,0.5435553506637613,0.4791666666666667,1.579342007637024,0.0162959061563015,0.3369395434856415,0.14489160478115082,0.25252366065979004,-0.12859569489955902,0.1762872338294983,0.43830543756484985,0.0001,-0.29978078603744507,-0.30024877190589905,-0.2002733200788498,-0.2002061903476715,-0.20018349587917328,0.2997186481952667,-0.3003096878528595,-0.3002159297466278,-0.1999439001083374,-0.200166255235672,-0.20036208629608154,0.01798621006309986,0.11912176758050919,0.01798621006309986,0.11936426162719727,0.0,1.5001461505889893,1.000191330909729
12,12,2,2,2,2,train_easy_1000002,1000002,easy,balanced_cost,0.0,0.0,1.0,group_anchor_2,151,151,0,0.0,151,0,0.0,0,0.0,1.9374999999999998,1.9999999999999998,-0.0625,1.9374999999999998,2.0,-2.220446049250313e-16,feasibility,-1388.1,-382.7841390842003,-8.398055555555556,0.9999999999999998,1.0,-0.1438071092549695,0.0,0.0,-0.0625,43,215.0,True,False,completed,1.0,1.0,1388.1,1388.1,382.7841390842003,8.398055555555556,0.37997751945920716,0.1438071092549695,0.3647,0.18793333333333337,0.75,0,0.0,0,0,1,0.0015723270440251573,1,45,1,3,1953,195.3,0,0,0,0.0,0,0.0,0,0,12,0.0,0,{},0.0,9,1.0,34,9,75,18,15,38,20,18,3,35,0,20,3,15,3,3,0,35,6,4,0,7,0,33,0,0,20,3,15,22,11,1.7272727272727273,0,10,1505,12.312921099997766,6.035346999997273,0.1944978999963496,0.513916199983214,10.877992599998834,parallel_episode_batch,feasibility_best,0.0012064466330533226,0.04906771762762219,0.8667505408326784,0.017072799790184945,4.087152016533461e-05,0.0,0.9999835217992464,0.5435553506637613,0.4791666666666667,1.579342007637024,0.0162959061563015,0.3369395434856415,0.14489160478115082,0.25252366065979004,-0.12859569489955902,0.1762872338294983,0.43830543756484985,0.0001,-0.29978078603744507,-0.30024877190589905,-0.2002733200788498,-0.2002061903476715,-0.20018349587917328,0.2997186481952667,-0.3003096878528595,-0.3002159297466278,-0.1999439001083374,-0.200166255235672,-0.20036208629608154,0.01798621006309986,0.11912176758050919,0.01798621006309986,0.11936426162719727,0.0,1.5001461505889893,1.000191330909729
13,13,2,3,2,2,train_easy_1000002,1000002,easy,balanced_cost,0.3333333333333333,0.3333333333333333,0.3333333333333333,group_anchor_3,144,144,0,0.0,144,0,0.0,0,0.0,1.9374999999999998,1.9999999999999998,-0.0625,1.9374999999999998,2.0,-2.220446049250313e-16,feasibility,-623.5000000000001,-326.07918481396,-28.58472222222223,0.9999999999999998,1.0,-0.31718870086305645,0.0,0.0,-0.0625,43,191.5,True,False,completed,1.0,1.0,623.5000000000001,623.5000000000001,326.07918481396,28.58472222222223,0.3174804034271536,0.31718870086305645,0.3299,0.17225341558333337,0.75,0,0.0,0,0,0,0.0,2,45,0,1,1698,169.8,0,0,0,0.0,0,0.0,0,0,17,0.0,0,{},0.0,8,0.875,35,8,71,16,14,51,37,14,0,51,0,37,0,14,0,0,0,51,3,5,1,7,0,51,0,0,37,0,14,35,3,1.457142857142857,0,10,1505,12.312921099997766,6.035346999997273,0.19495499999902677,0.27433690001635114,10.877992599998834,parallel_episode_batch,feasibility_best,0.0012064466330533226,0.04906771762762219,0.8667505408326784,0.017072799790184945,4.087152016533461e-05,0.0,0.9999835217992464,0.5435553506637613,0.4791666666666667,1.579342007637024,0.0162959061563015,0.3369395434856415,0.14489160478115082,0.25252366065979004,-0.12859569489955902,0.1762872338294983,0.43830543756484985,0.0001,-0.29978078603744507,-0.30024877190589905,-0.2002733200788498,-0.2002061903476715,-0.20018349587917328,0.2997186481952667,-0.3003096878528595,-0.3002159297466278,-0.1999439001083374,-0.200166255235672,-0.20036208629608154,0.01798621006309986,0.11912176758050919,0.01798621006309986,0.11936426162719727,0.0,1.5001461505889893,1.000191330909729
14,14,2,4,2,2,train_easy_1000002,1000002,easy,balanced_cost,0.5,0.3,0.2,group_anchor_4,116,116,0,0.0,116,0,0.0,0,0.0,0.12980769230769218,0.19230769230769218,-0.0625,0.12980769230769218,0.1923076923076923,-1.1102230246251565e-16,feasibility,-2119.8999999999996,-173.76819290819,-4.953333333333334,0.846153846153846,0.0,-0.3817119892512836,-1.0,-0.15384615384615385,-0.0625,39,240.0,False,True,horizon,0.8461538461538461,0.9069767441860465,,2119.8999999999996,173.76819290819,4.953333333333334,0.3817119892512836,0.3817119892512836,0.1854,0.12902008225,0.75,0,0.0,0,0,3,0.0035419126328217238,3,24,0,0,2232,223.20000000000002,0,0,0,0.0,0,0.0,0,0,9,0.0,0,{},0.0,4,1.0,37,4,60,8,7,23,16,7,0,23,0,16,0,7,0,0,0,23,2,3,1,4,0,23,0,0,16,0,7,17,3,1.3529411764705883,0,10,1505,12.312921099997766,6.035346999997273,0.21027029999822844,1.1150013999576913,10.877992599998834,parallel_episode_batch,feasibility_best,0.0012064466330533226,0.04906771762762219,0.8667505408326784,0.017072799790184945,4.087152016533461e-05,0.0,0.9999835217992464,0.5435553506637613,0.4791666666666667,1.579342007637024,0.0162959061563015,0.3369395434856415,0.14489160478115082,0.25252366065979004,-0.12859569489955902,0.1762872338294983,0.43830543756484985,0.0001,-0.29978078603744507,-0.30024877190589905,-0.2002733200788498,-0.2002061903476715,-0.20018349587917328,0.2997186481952667,-0.3003096878528595,-0.3002159297466278,-0.1999439001083374,-0.200166255235672,-0.20036208629608154,0.01798621006309986,0.11912176758050919,0.01798621006309986,0.11936426162719727,0.0,1.5001461505889893,1.000191330909729
15,15,3,0,3,2,train_balanced_1000003,1000003,balanced,balanced_cost,1.0,0.0,0.0,group_anchor_0,97,97,0,0.0,97,0,0.0,0,0.0,-0.7053571428571429,-0.6428571428571429,-0.0625,-0.7053571428571429,-0.6428571428571428,-1.1102230246251565e-16,feasibility,-3694.4000000000005,-131.35677674195,-4.800000000000002,0.4285714285714285,0.0,-0.7548218372016999,-1.0,-0.5714285714285714,-0.0625,29,240.0,False,True,horizon,0.42857142857142855,0.5087719298245614,,3694.4000000000005,131.35677674195,4.800000000000002,0.42976082539398697,0.7548218372016999,0.22990000000000005,0.13984188723333335,0.75,0,0.0,0,0,58,0.07923497267759563,2,17,0,4,2256,225.60000000000002,0,0,0,0.0,0,0.0,0,0,5,0.0,0,{},0.0,3,1.0,30,3,52,6,6,20,14,6,0,20,0,14,0,6,0,0,0,20,3,2,0,5,0,20,0,0,14,0,6,15,2,1.3333333333333333,0,10,1505,12.312921099997766,6.035346999997273,0.1179887999969651,0.9582247999860556,10.877992599998834,parallel_episode_batch,feasibility_best,0.0012064466330533226,0.04906771762762219,0.8667505408326784,0.017072799790184945,4.087152016533461e-05,0.0,0.9999835217992464,0.5435553506637613,0.4791666666666667,1.579342007637024,0.0162959061563015,0.3369395434856415,0.14489160478115082,0.25252366065979004,-0.12859569489955902,0.1762872338294983,0.43830543756484985,0.0001,-0.29978078603744507,-0.30024877190589905,-0.2002733200788498,-0.2002061903476715,-0.20018349587917328,0.2997186481952667,-0.3003096878528595,-0.3002159297466278,-0.1999439001083374,-0.200166255235672,-0.20036208629608154,0.01798621006309986,0.11912176758050919,0.01798621006309986,0.11936426162719727,0.0,1.5001461505889893,1.000191330909729
16,16,3,1,3,2,train_balanced_1000003,1000003,balanced,balanced_cost,0.0,1.0,0.0,group_anchor_1,104,104,0,0.0,104,0,0.0,0,0.0,-0.8482142857142858,-0.7857142857142858,-0.0625,-0.8482142857142858,-0.7857142857142858,0.0,feasibility,-3886.5,-178.85615623216998,-10.011388888888892,0.3571428571428571,0.0,-0.15172008500496403,-1.0,-0.6428571428571429,-0.0625,32,240.0,False,True,horizon,0.35714285714285715,0.5614035087719298,,3886.5,178.85615623216998,10.011388888888892,0.4609216845933811,0.15172008500496403,0.18070000000000003,0.12837264950000002,0.75,0,0.0,0,0,46,0.06292749658002736,3,24,0,0,2195,219.5,0,0,0,0.0,0,0.0,0,0,5,0.0,0,{},0.0,4,1.0,33,4,52,8,7,22,15,7,0,22,0,15,0,7,0,0,0,22,3,3,1,5,0,22,0,0,15,0,7,16,3,1.375,0,10,1505,12.312921099997766,6.035346999997273,0.11718839999957709,0.9753118000080576,10.877992599998834,parallel_episode_batch,feasibility_best,0.0012064466330533226,0.04906771762762219,0.8667505408326784,0.017072799790184945,4.087152016533461e-05,0.0,0.9999835217992464,0.5435553506637613,0.4791666666666667,1.579342007637024,0.0162959061563015,0.3369395434856415,0.14489160478115082,0.25252366065979004,-0.12859569489955902,0.1762872338294983,0.43830543756484985,0.0001,-0.29978078603744507,-0.30024877190589905,-0.2002733200788498,-0.2002061903476715,-0.20018349587917328,0.2997186481952667,-0.3003096878528595,-0.3002159297466278,-0.1999439001083374,-0.200166255235672,-0.20036208629608154,0.01798621006309986,0.11912176758050919,0.01798621006309986,0.11936426162719727,0.0,1.5001461505889893,1.000191330909729
17,17,3,2,3,2,train_balanced_1000003,1000003,balanced,balanced_cost,0.0,0.0,1.0,group_anchor_2,186,186,0,0.0,186,0,0.0,0,0.0,0.2946428571428571,0.3571428571428571,-0.0625,0.2946428571428571,0.3571428571428572,-1.1102230246251565e-16,feasibility,-1433.1000000000001,-471.78548305341997,-3.492222222222223,0.9285714285714283,0.0,-0.0652846727457782,-1.0,-0.07142857142857142,-0.0625,55,240.0,False,True,horizon,0.9285714285714286,0.9649122807017544,,1433.1000000000001,471.78548305341997,3.492222222222223,0.3813545895289102,0.0652846727457782,0.2619,0.20073333333333335,0.75,0,0.0,0,0,1,0.0029154518950437317,1,54,0,3,2004,200.4,0,0,0,0.0,0,0.0,0,0,19,0.0,0,{},0.0,11,1.0,45,11,90,22,18,66,47,19,1,65,0,47,1,18,1,1,0,65,7,11,1,16,0,65,0,0,47,1,18,42,6,1.5714285714285714,0,10,1505,12.312921099997766,6.035346999997273,0.1272607999999309,0.41593219986680197,10.877992599998834,parallel_episode_batch,feasibility_best,0.0012064466330533226,0.04906771762762219,0.8667505408326784,0.017072799790184945,4.087152016533461e-05,0.0,0.9999835217992464,0.5435553506637613,0.4791666666666667,1.579342007637024,0.0162959061563015,0.3369395434856415,0.14489160478115082,0.25252366065979004,-0.12859569489955902,0.1762872338294983,0.43830543756484985,0.0001,-0.29978078603744507,-0.30024877190589905,-0.2002733200788498,-0.2002061903476715,-0.20018349587917328,0.2997186481952667,-0.3003096878528595,-0.3002159297466278,-0.1999439001083374,-0.200166255235672,-0.20036208629608154,0.01798621006309986,0.11912176758050919,0.01798621006309986,0.11936426162719727,0.0,1.5001461505889893,1.000191330909729
18,18,3,3,3,2,train_balanced_1000003,1000003,balanced,balanced_cost,0.3333333333333333,0.3333333333333333,0.3333333333333333,group_anchor_3,204,204,0,0.0,204,0,0.0,0,0.0,1.9374999999999998,1.9999999999999998,-0.0625,1.9374999999999998,2.0,-2.220446049250313e-16,feasibility,-939.1999999999998,-563.2767015997197,-17.278055555555557,0.9999999999999997,1.0,-0.35205874391849123,0.0,0.0,-0.0625,57,230.9,True,False,completed,1.0,1.0,939.1999999999998,939.1999999999998,563.2767015997197,17.278055555555557,0.3789798340702097,0.35205874391849123,0.17670000000000002,0.15206135553333333,0.75,0,0.0,0,0,0,0.0,2,70,0,0,1822,182.20000000000002,0,0,0,0.0,0,0.0,0,0,25,0.0,0,{},0.0,13,1.0,44,13,95,26,26,81,55,26,0,81,0,55,0,26,0,0,0,81,10,10,0,20,0,81,0,0,55,0,26,59,5,1.3728813559322033,0,10,1505,12.312921099997766,6.035346999997273,0.13342030000058003,0.33524699997360585,10.877992599998834,parallel_episode_batch,feasibility_best,0.0012064466330533226,0.04906771762762219,0.8667505408326784,0.017072799790184945,4.087152016533461e-05,0.0,0.9999835217992464,0.5435553506637613,0.4791666666666667,1.579342007637024,0.0162959061563015,0.3369395434856415,0.14489160478115082,0.25252366065979004,-0.12859569489955902,0.1762872338294983,0.43830543756484985,0.0001,-0.29978078603744507,-0.30024877190589905,-0.2002733200788498,-0.2002061903476715,-0.20018349587917328,0.2997186481952667,-0.3003096878528595,-0.3002159297466278,-0.1999439001083374,-0.200166255235672,-0.20036208629608154,0.01798621006309986,0.11912176758050919,0.01798621006309986,0.11936426162719727,0.0,1.5001461505889893,1.000191330909729
19,19,3,4,3,2,train_balanced_1000003,1000003,balanced,balanced_cost,0.5,0.3,0.2,group_anchor_4,193,193,0,0.0,193,0,0.0,0,0.0,0.1517857142857144,0.2142857142857144,-0.0625,0.1517857142857144,0.21428571428571425,1.6653345369377348e-16,feasibility,-1354.4999999999995,-506.8509523958998,-5.865555555555555,0.8571428571428569,0.0,-0.3870285095943096,-1.0,-0.14285714285714285,-0.0625,54,240.0,False,True,horizon,0.8571428571428571,0.9473684210526315,,1354.4999999999995,506.8509523958998,5.865555555555555,0.3870285095943096,0.3870285095943096,0.24390000000000003,0.19810575093333335,0.75,0,0.0,0,0,5,0.021739130434782608,2,59,0,6,2051,205.10000000000002,0,0,0,0.0,0,0.0,0,0,22,0.0,0,{},0.0,11,1.0,45,11,94,22,21,67,46,21,0,67,0,46,0,21,0,0,0,67,7,7,0,14,0,67,0,0,46,0,21,48,5,1.3958333333333333,0,10,1505,12.312921099997766,6.035346999997273,0.10599519999959739,0.3488896000490058,10.877992599998834,parallel_episode_batch,feasibility_best,0.0012064466330533226,0.04906771762762219,0.8667505408326784,0.017072799790184945,4.087152016533461e-05,0.0,0.9999835217992464,0.5435553506637613,0.4791666666666667,1.579342007637024,0.0162959061563015,0.3369395434856415,0.14489160478115082,0.25252366065979004,-0.12859569489955902,0.1762872338294983,0.43830543756484985,0.0001,-0.29978078603744507,-0.30024877190589905,-0.2002733200788498,-0.2002061903476715,-0.20018349587917328,0.2997186481952667,-0.3003096878528595,-0.3002159297466278,-0.1999439001083374,-0.200166255235672,-0.20036208629608154,0.01798621006309986,0.11912176758050919,0.01798621006309986,0.11936426162719727,0.0,1.5001461505889893,1.000191330909729
20,20,4,0,4,3,train_balanced_1000004,1000004,balanced,balanced_cost,1.0,0.0,0.0,group_anchor_0,219,219,0,0.0,219,0,0.0,0,0.0,1.9375,2.0,-0.0625,1.9375,2.0,0.0,feasibility,-1375.7000000000005,-530.51119520515,-0.3113888888888887,0.9999999999999999,1.0,-0.5341072329852079,0.0,0.0,-0.0625,64,231.4,True,False,completed,1.0,1.0,1375.7000000000005,1375.7000000000005,530.51119520515,0.31138888888888877,0.3722785224107704,0.5341072329852079,0.2948,0.21641666666666667,0.75,0,0.0,0,0,1,0.003389830508474576,1,71,0,1,1966,196.60000000000002,0,0,0,0.0,0,0.0,0,0,34,0.0,0,{},0.0,13,1.0,51,13,105,26,24,76,50,26,2,74,0,50,2,24,2,2,0,74,13,8,0,19,0,74,0,0,50,2,24,51,3,1.4901960784313726,0,10,1829,11.9571838999982,7.4530888000444975,0.10250749999977415,0.25503180005034665,14.045891899993876,parallel_episode_batch,not_applicable,-0.0011956719681620598,0.035595188784445154,0.8182792663574219,0.008419129965377265,0.00025856555193654615,0.0,0.9999745251803562,0.7149520192680687,0.5689655172413793,2.0923526287078857,0.09276802837848663,0.3191487789154053,0.14965777099132538,0.2038322240114212,-0.05688972771167755,0.20879477262496948,0.5920946598052979,0.0001,-0.29960501194000244,-0.30026865005493164,-0.2003648430109024,-0.20021593570709229,-0.2001899778842926,0.2995724678039551,-0.2998966574668884,-0.2995459735393524,-0.19995740056037903,-0.1998937577009201,-0.20036348700523376,0.01798621006309986,0.11913543194532394,0.01798621006309986,0.11939209699630737,0.0,1.500430703163147,1.0001492500305176
21,21,4,1,4,3,train_balanced_1000004,1000004,balanced,balanced_cost,0.0,1.0,0.0,group_anchor_1,210,210,0,0.0,210,0,0.0,0,0.0,1.9374999999999998,1.9999999999999998,-0.0625,1.9374999999999998,2.0,-2.220446049250313e-16,feasibility,-962.4999999999997,-488.80790666246014,-3.931388888888892,0.9999999999999999,1.0,-0.3283216756675123,0.0,0.0,-0.0625,64,213.4,True,False,completed,1.0,1.0,962.4999999999997,962.4999999999997,488.80790666246014,3.931388888888892,0.33561907890341436,0.3283216756675123,0.19330000000000003,0.16273333333333337,0.75,0,0.0,0,0,0,0.0,2,70,0,2,1871,187.10000000000002,0,0,0,0.0,0,0.0,0,0,28,0.0,0,{},0.0,12,1.0,52,12,101,24,21,74,53,21,0,74,0,53,0,21,0,0,0,74,8,5,0,13,0,74,0,0,53,0,21,53,4,1.3962264150943395,0,10,1829,11.9571838999982,7.4530888000444975,0.08860389999608742,0.19699640001635998,14.045891899993876,parallel_episode_batch,not_applicable,-0.0011956719681620598,0.035595188784445154,0.8182792663574219,0.008419129965377265,0.00025856555193654615,0.0,0.9999745251803562,0.7149520192680687,0.5689655172413793,2.0923526287078857,0.09276802837848663,0.3191487789154053,0.14965777099132538,0.2038322240114212,-0.05688972771167755,0.20879477262496948,0.5920946598052979,0.0001,-0.29960501194000244,-0.30026865005493164,-0.2003648430109024,-0.20021593570709229,-0.2001899778842926,0.2995724678039551,-0.2998966574668884,-0.2995459735393524,-0.19995740056037903,-0.1998937577009201,-0.20036348700523376,0.01798621006309986,0.11913543194532394,0.01798621006309986,0.11939209699630737,0.0,1.500430703163147,1.0001492500305176
22,22,4,2,4,3,train_balanced_1000004,1000004,balanced,balanced_cost,0.0,0.0,1.0,group_anchor_2,215,215,0,0.0,215,0,0.0,0,0.0,0.30416666666666625,0.36666666666666625,-0.0625,0.30416666666666625,0.3666666666666667,-4.440892098500626e-16,feasibility,-1669.1999999999998,-480.21745199895025,-0.70888888888889,0.9333333333333332,0.0,-0.013979578421490883,-1.0,-0.06666666666666667,-0.0625,63,240.0,False,True,horizon,0.9333333333333333,0.984375,,1669.1999999999998,480.21745199895025,0.70888888888889,0.3910054670632027,0.013979578421490883,0.2552,0.16240821415,0.75,0,0.0,0,0,19,0.050397877984084884,2,66,0,5,2092,209.20000000000002,0,0,0,0.0,0,0.0,0,0,35,0.0,0,{},0.0,12,0.9166666666666666,52,12,104,24,23,57,34,23,1,56,1,33,0,23,0,0,1,56,8,7,1,14,0,56,1,0,33,0,23,40,4,1.425,0,10,1829,11.9571838999982,7.4530888000444975,0.10330740000063088,0.4309203999800957,14.045891899993876,parallel_episode_batch,not_applicable,-0.0011956719681620598,0.035595188784445154,0.8182792663574219,0.008419129965377265,0.00025856555193654615,0.0,0.9999745251803562,0.7149520192680687,0.5689655172413793,2.0923526287078857,0.09276802837848663,0.3191487789154053,0.14965777099132538,0.2038322240114212,-0.05688972771167755,0.20879477262496948,0.5920946598052979,0.0001,-0.29960501194000244,-0.30026865005493164,-0.2003648430109024,-0.20021593570709229,-0.2001899778842926,0.2995724678039551,-0.2998966574668884,-0.2995459735393524,-0.19995740056037903,-0.1998937577009201,-0.20036348700523376,0.01798621006309986,0.11913543194532394,0.01798621006309986,0.11939209699630737,0.0,1.500430703163147,1.0001492500305176
23,23,4,3,4,3,train_balanced_1000004,1000004,balanced,balanced_cost,0.3333333333333333,0.3333333333333333,0.3333333333333333,group_anchor_3,241,241,0,0.0,241,0,0.0,0,0.0,0.1708333333333335,0.2333333333333335,-0.0625,0.1708333333333335,0.23333333333333336,1.3877787807814457e-16,feasibility,-2074.2,-666.5011404924802,-7.996666666666666,0.8666666666666666,0.0,-0.3904400504056924,-1.0,-0.13333333333333333,-0.0625,62,240.0,False,True,horizon,0.8666666666666667,0.96875,,2074.2,666.5011404924802,7.996666666666666,0.4643075484442886,0.3904400504056924,0.3494,0.2234666666666667,0.75,0,0.0,0,0,5,0.01020408163265306,2,90,0,7,2059,205.9,0,0,0,0.0,0,0.0,0,0,31,0.0,0,{},0.0,16,1.0,48,16,116,32,29,74,45,29,0,74,0,45,0,29,0,0,0,74,8,12,1,19,0,74,0,0,45,0,29,54,3,1.3703703703703705,0,10,1829,11.9571838999982,7.4530888000444975,0.09559779999835882,0.3344190999487182,14.045891899993876,parallel_episode_batch,not_applicable,-0.0011956719681620598,0.035595188784445154,0.8182792663574219,0.008419129965377265,0.00025856555193654615,0.0,0.9999745251803562,0.7149520192680687,0.5689655172413793,2.0923526287078857,0.09276802837848663,0.3191487789154053,0.14965777099132538,0.2038322240114212,-0.05688972771167755,0.20879477262496948,0.5920946598052979,0.0001,-0.29960501194000244,-0.30026865005493164,-0.2003648430109024,-0.20021593570709229,-0.2001899778842926,0.2995724678039551,-0.2998966574668884,-0.2995459735393524,-0.19995740056037903,-0.1998937577009201,-0.20036348700523376,0.01798621006309986,0.11913543194532394,0.01798621006309986,0.11939209699630737,0.0,1.500430703163147,1.0001492500305176
24,24,4,4,4,3,train_balanced_1000004,1000004,balanced,balanced_cost,0.5,0.3,0.2,group_anchor_4,203,203,0,0.0,203,0,0.0,0,0.0,0.17083333333333373,0.23333333333333373,-0.0625,0.17083333333333373,0.23333333333333336,3.608224830031759e-16,feasibility,-2021.2000000000007,-446.35586320775997,-5.058055555555554,0.8666666666666666,0.0,-0.4246897134102598,-1.0,-0.13333333333333333,-0.0625,61,240.0,False,True,horizon,0.8666666666666667,0.953125,,2021.2000000000007,446.35586320775997,5.058055555555554,0.4246897134102598,0.4246897134102598,0.2657000000000001,0.17244154748333337,0.75,0,0.0,0,0,10,0.02824858757062147,2,65,0,0,1972,197.20000000000002,0,0,0,0.0,0,0.0,0,0,22,0.0,0,{},0.0,11,1.0,52,11,97,22,21,68,47,21,0,68,0,47,0,21,0,0,0,68,8,7,0,15,0,68,0,0,47,0,21,53,3,1.2830188679245282,0,10,1829,11.9571838999982,7.4530888000444975,0.08789550000074087,0.3982633999257814,14.045891899993876,parallel_episode_batch,not_applicable,-0.0011956719681620598,0.035595188784445154,0.8182792663574219,0.008419129965377265,0.00025856555193654615,0.0,0.9999745251803562,0.7149520192680687,0.5689655172413793,2.0923526287078857,0.09276802837848663,0.3191487789154053,0.14965777099132538,0.2038322240114212,-0.05688972771167755,0.20879477262496948,0.5920946598052979,0.0001,-0.29960501194000244,-0.30026865005493164,-0.2003648430109024,-0.20021593570709229,-0.2001899778842926,0.2995724678039551,-0.2998966574668884,-0.2995459735393524,-0.19995740056037903,-0.1998937577009201,-0.20036348700523376,0.01798621006309986,0.11913543194532394,0.01798621006309986,0.11939209699630737,0.0,1.500430703163147,1.0001492500305176
25,25,5,0,5,3,train_easy_1000005,1000005,easy,downtime_dominant,1.0,0.0,0.0,group_anchor_0,142,142,0,0.0,142,0,0.0,0,0.0,1.9374999999999998,1.9999999999999998,-0.0625,1.9374999999999998,2.0,-2.220446049250313e-16,feasibility,-694.8,-346.89372002445003,-27.06222222222223,0.9999999999999998,1.0,-0.3666877770740975,0.0,0.0,-0.0625,45,207.3,True,False,completed,1.0,1.0,694.8,694.8,346.89372002445003,27.06222222222223,0.33084389622317273,0.3666877770740975,0.20290000000000005,0.10783644761666668,0.75,0,0.0,0,0,0,0.0,2,40,0,1,1829,182.9,0,0,0,0.0,0,0.0,0,0,13,0.0,0,{},0.0,7,1.0,38,7,71,14,12,49,37,12,0,49,0,37,0,12,0,0,0,49,5,7,0,12,0,49,0,0,37,0,12,30,7,1.6333333333333333,0,10,1829,11.9571838999982,7.4530888000444975,0.06889800000499235,0.5348103999713203,14.045891899993876,parallel_episode_batch,not_applicable,-0.0011956719681620598,0.035595188784445154,0.8182792663574219,0.008419129965377265,0.00025856555193654615,0.0,0.9999745251803562,0.7149520192680687,0.5689655172413793,2.0923526287078857,0.09276802837848663,0.3191487789154053,0.14965777099132538,0.2038322240114212,-0.05688972771167755,0.20879477262496948,0.5920946598052979,0.0001,-0.29960501194000244,-0.30026865005493164,-0.2003648430109024,-0.20021593570709229,-0.2001899778842926,0.2995724678039551,-0.2998966574668884,-0.2995459735393524,-0.19995740056037903,-0.1998937577009201,-0.20036348700523376,0.01798621006309986,0.11913543194532394,0.01798621006309986,0.11939209699630737,0.0,1.500430703163147,1.0001492500305176
26,26,5,1,5,3,train_easy_1000005,1000005,easy,downtime_dominant,0.0,1.0,0.0,group_anchor_1,120,120,0,0.0,120,0,0.0,0,0.0,0.1298076923076924,0.1923076923076924,-0.0625,0.1298076923076924,0.1923076923076923,1.1102230246251565e-16,feasibility,-1631.7,-195.75377365354998,-3.9358333333333335,0.846153846153846,0.0,-0.1637074270361169,-1.0,-0.15384615384615385,-0.0625,42,240.0,False,True,horizon,0.8461538461538461,0.9333333333333333,,1631.7,195.75377365354998,3.9358333333333335,0.35181987841703366,0.1637074270361169,0.14350000000000004,0.10432268555000002,0.75,0,0.0,0,0,6,0.012711864406779662,2,24,0,0,2222,222.20000000000002,0,0,0,0.0,0,0.0,0,0,5,0.0,0,{},0.0,4,1.0,40,4,61,8,7,29,22,7,0,29,0,22,0,7,0,0,0,29,1,2,0,3,0,29,0,0,22,0,7,21,3,1.380952380952381,0,10,1829,11.9571838999982,7.4530888000444975,0.10235580000153277,0.9055762999560102,14.045891899993876,parallel_episode_batch,not_applicable,-0.0011956719681620598,0.035595188784445154,0.8182792663574219,0.008419129965377265,0.00025856555193654615,0.0,0.9999745251803562,0.7149520192680687,0.5689655172413793,2.0923526287078857,0.09276802837848663,0.3191487789154053,0.14965777099132538,0.2038322240114212,-0.05688972771167755,0.20879477262496948,0.5920946598052979,0.0001,-0.29960501194000244,-0.30026865005493164,-0.2003648430109024,-0.20021593570709229,-0.2001899778842926,0.2995724678039551,-0.2998966574668884,-0.2995459735393524,-0.19995740056037903,-0.1998937577009201,-0.20036348700523376,0.01798621006309986,0.11913543194532394,0.01798621006309986,0.11939209699630737,0.0,1.500430703163147,1.0001492500305176
27,27,5,2,5,3,train_easy_1000005,1000005,easy,downtime_dominant,0.0,0.0,1.0,group_anchor_2,154,154,0,0.0,154,0,0.0,0,0.0,1.9375000000000002,2.0,-0.0625,1.9375000000000002,2.0,0.0,feasibility,-658.7,-488.5547131894201,-4.445833333333332,0.9999999999999998,1.0,-0.08165608020203564,0.0,0.0,-0.0625,45,179.60000000000002,True,False,completed,1.0,1.0,658.7,658.7,488.5547131894201,4.445833333333332,0.2919871818651436,0.08165608020203564,0.2846000000000001,0.17020000000000005,0.75,0,0.0,0,0,0,0.0,1,51,0,2,1545,154.5,0,0,0,0.0,0,0.0,0,0,17,0.0,0,{},0.0,9,1.0,36,9,76,18,15,55,39,16,1,54,0,39,1,15,1,1,0,54,5,9,0,13,0,54,0,0,39,1,15,37,4,1.4864864864864864,0,10,1829,11.9571838999982,7.4530888000444975,0.07398190000094473,0.25162459998682607,14.045891899993876,parallel_episode_batch,not_applicable,-0.0011956719681620598,0.035595188784445154,0.8182792663574219,0.008419129965377265,0.00025856555193654615,0.0,0.9999745251803562,0.7149520192680687,0.5689655172413793,2.0923526287078857,0.09276802837848663,0.3191487789154053,0.14965777099132538,0.2038322240114212,-0.05688972771167755,0.20879477262496948,0.5920946598052979,0.0001,-0.29960501194000244,-0.30026865005493164,-0.2003648430109024,-0.20021593570709229,-0.2001899778842926,0.2995724678039551,-0.2998966574668884,-0.2995459735393524,-0.19995740056037903,-0.1998937577009201,-0.20036348700523376,0.01798621006309986,0.11913543194532394,0.01798621006309986,0.11939209699630737,0.0,1.500430703163147,1.0001492500305176
28,28,5,3,5,3,train_easy_1000005,1000005,easy,downtime_dominant,0.3333333333333333,0.3333333333333333,0.3333333333333333,group_anchor_3,154,154,0,0.0,154,0,0.0,0,0.0,1.9374999999999996,1.9999999999999996,-0.0625,1.9374999999999996,2.0,-4.440892098500626e-16,feasibility,-1023.8000000000002,-458.87606041896,-9.058888888888893,0.9999999999999998,1.0,-0.30943711031197396,0.0,0.0,-0.0625,45,223.20000000000002,True,False,completed,1.0,1.0,1023.8000000000002,1023.8000000000002,458.87606041896,9.058888888888893,0.35523128576498236,0.30943711031197396,0.2948000000000001,0.20335000000000006,0.75,0,0.0,0,0,0,0.0,1,41,0,0,2037,203.70000000000002,0,0,0,0.0,0,0.0,0,0,17,0.0,0,{},0.0,9,0.7777777777777778,36,9,75,18,16,59,39,20,4,55,0,39,4,16,4,4,0,55,7,13,1,15,0,55,0,0,39,4,16,30,11,1.9666666666666666,0,10,1829,11.9571838999982,7.4530888000444975,0.0963352999970084,0.7134978999456507,14.045891899993876,parallel_episode_batch,not_applicable,-0.0011956719681620598,0.035595188784445154,0.8182792663574219,0.008419129965377265,0.00025856555193654615,0.0,0.9999745251803562,0.7149520192680687,0.5689655172413793,2.0923526287078857,0.09276802837848663,0.3191487789154053,0.14965777099132538,0.2038322240114212,-0.05688972771167755,0.20879477262496948,0.5920946598052979,0.0001,-0.29960501194000244,-0.30026865005493164,-0.2003648430109024,-0.20021593570709229,-0.2001899778842926,0.2995724678039551,-0.2998966574668884,-0.2995459735393524,-0.19995740056037903,-0.1998937577009201,-0.20036348700523376,0.01798621006309986,0.11913543194532394,0.01798621006309986,0.11939209699630737,0.0,1.500430703163147,1.0001492500305176
29,29,5,4,5,3,train_easy_1000005,1000005,easy,downtime_dominant,0.5,0.3,0.2,group_anchor_4,171,171,0,0.0,171,0,0.0,0,0.0,1.9375,2.0,-0.0625,1.9375,2.0,0.0,feasibility,-792.4000000000001,-632.6484577511003,-6.975833333333335,0.9999999999999998,1.0,-0.33959212346574336,0.0,0.0,-0.0625,45,185.5,True,False,completed,1.0,1.0,792.4000000000001,792.4000000000001,632.6484577511003,6.975833333333335,0.33959212346574336,0.33959212346574336,0.25000000000000006,0.1834166666666667,0.75,0,0.0,0,0,7,0.02491103202846975,1,62,0,3,1583,158.3,0,0,0,0.0,0,0.0,0,0,13,0.0,0,{},0.0,12,0.8333333333333334,33,12,84,24,18,62,41,21,3,59,0,41,3,18,3,3,0,59,7,13,2,15,0,59,0,0,41,3,18,33,10,1.878787878787879,0,10,1829,11.9571838999982,7.4530888000444975,0.08576149999862537,0.3104216999854543,14.045891899993876,parallel_episode_batch,not_applicable,-0.0011956719681620598,0.035595188784445154,0.8182792663574219,0.008419129965377265,0.00025856555193654615,0.0,0.9999745251803562,0.7149520192680687,0.5689655172413793,2.0923526287078857,0.09276802837848663,0.3191487789154053,0.14965777099132538,0.2038322240114212,-0.05688972771167755,0.20879477262496948,0.5920946598052979,0.0001,-0.29960501194000244,-0.30026865005493164,-0.2003648430109024,-0.20021593570709229,-0.2001899778842926,0.2995724678039551,-0.2998966574668884,-0.2995459735393524,-0.19995740056037903,-0.1998937577009201,-0.20036348700523376,0.01798621006309986,0.11913543194532394,0.01798621006309986,0.11939209699630737,0.0,1.500430703163147,1.0001492500305176
30,30,6,0,6,4,train_balanced_1000006,1000006,balanced,fixed_cost_dominant,1.0,0.0,0.0,group_anchor_0,248,248,0,0.0,248,0,0.0,0,0.0,1.9374999999999998,1.9999999999999998,-0.0625,1.9374999999999998,2.0,-2.220446049250313e-16,feasibility,-1089.5000000000002,-655.7103357932,-30.69138888888888,1.0000000000000002,1.0,-0.4758680934701901,0.0,0.0,-0.0625,66,208.10000000000002,True,False,completed,1.0,1.0,1089.5000000000002,1089.5000000000002,655.7103357932,30.69138888888888,0.43281397169263114,0.4758680934701901,0.3079,0.19969810886666664,0.75,0,0.0,0,0,4,0.013114754098360656,1,91,0,7,1665,166.5,0,0,0,0.0,0,0.0,0,0,32,0.0,0,{},0.0,17,0.8823529411764706,49,17,120,34,28,86,56,30,2,84,0,56,2,28,2,2,0,84,12,16,2,24,0,84,0,0,56,2,28,58,7,1.4827586206896552,0,10,2035,11.972159100005229,8.30421810009284,0.14590599999792175,0.3657729000406107,15.952789199996914,parallel_episode_batch,not_applicable,-0.0010849660320673138,0.018538673499278957,0.6791310249827802,0.0013930601344327442,3.113265285037414e-05,0.0,1.0002175020053983,0.5551525009796023,0.453125,2.2611138820648193,0.17314469814300537,0.3201008439064026,0.19656601548194885,0.16004730761051178,-0.023421311751008034,0.21736280620098114,0.7500097155570984,0.0001,-0.29939380288124084,-0.30012696981430054,-0.20042522251605988,-0.2001255750656128,-0.20018228888511658,0.29948338866233826,-0.29993751645088196,-0.2994687557220459,-0.20016086101531982,-0.19989998638629913,-0.2004009336233139,0.01798621006309986,0.11909651756286621,0.01798621006309986,0.11927931755781174,0.0,1.5003647804260254,1.0003794431686401
31,31,6,1,6,4,train_balanced_1000006,1000006,balanced,fixed_cost_dominant,0.0,1.0,0.0,group_anchor_1,229,229,0,0.0,229,0,0.0,0,0.0,1.9375000000000004,2.0000000000000004,-0.06249999999999997,1.9375000000000004,2.0,4.440892098500626e-16,feasibility,-941.8,-477.8219773918602,-17.226666666666663,1.0000000000000002,1.0,-0.3233285095916263,0.0,0.0,-0.06249999999999997,66,217.10000000000002,True,False,completed,1.0,1.0,941.8,941.8,477.8219773918602,17.226666666666663,0.36810985552975545,0.3233285095916263,0.24838522610000005,0.16601770095,0.75,0,0.0,0,0,0,0.0,2,76,0,3,1685,168.5,0,0,0,0.0,0,0.0,0,0,32,0.0,0,{},0.0,13,1.0,53,13,111,26,26,95,69,26,0,95,0,69,0,26,0,0,0,95,13,13,0,26,0,95,0,0,69,0,26,65,4,1.4615384615384615,0,10,2035,11.972159100005229,8.30421810009284,0.14699329999712063,0.29626949994417373,15.952789199996914,parallel_episode_batch,not_applicable,-0.0010849660320673138,0.018538673499278957,0.6791310249827802,0.0013930601344327442,3.113265285037414e-05,0.0,1.0002175020053983,0.5551525009796023,0.453125,2.2611138820648193,0.17314469814300537,0.3201008439064026,0.19656601548194885,0.16004730761051178,-0.023421311751008034,0.21736280620098114,0.7500097155570984,0.0001,-0.29939380288124084,-0.30012696981430054,-0.20042522251605988,-0.2001255750656128,-0.20018228888511658,0.29948338866233826,-0.29993751645088196,-0.2994687557220459,-0.20016086101531982,-0.19989998638629913,-0.2004009336233139,0.01798621006309986,0.11909651756286621,0.01798621006309986,0.11927931755781174,0.0,1.5003647804260254,1.0003794431686401
32,32,6,2,6,4,train_balanced_1000006,1000006,balanced,fixed_cost_dominant,0.0,0.0,1.0,group_anchor_2,252,252,0,0.0,252,0,0.0,0,0.0,1.9375000000000002,2.0,-0.0625,1.9375000000000002,2.0,0.0,feasibility,-1006.4999999999999,-697.4904436809197,-2.134722222222218,1.0000000000000002,1.0,-0.0409462663505341,0.0,0.0,-0.0625,66,211.60000000000002,True,False,completed,1.0,1.0,1006.4999999999999,1006.4999999999999,697.4904436809197,2.134722222222219,0.3595339110072858,0.04094626635053408,0.2459,0.21828333333333338,0.75,0,0.0,0,0,0,0.0,1,96,0,3,1648,164.8,0,0,0,0.0,0,0.0,0,0,31,0.0,0,{},0.0,18,0.9444444444444444,48,18,119,36,31,97,64,33,2,95,0,64,2,31,2,2,0,95,11,14,2,21,0,95,0,0,64,2,31,61,9,1.5901639344262295,0,10,2035,11.972159100005229,8.30421810009284,0.13700619999872288,0.29872949994023656,15.952789199996914,parallel_episode_batch,not_applicable,-0.0010849660320673138,0.018538673499278957,0.6791310249827802,0.0013930601344327442,3.113265285037414e-05,0.0,1.0002175020053983,0.5551525009796023,0.453125,2.2611138820648193,0.17314469814300537,0.3201008439064026,0.19656601548194885,0.16004730761051178,-0.023421311751008034,0.21736280620098114,0.7500097155570984,0.0001,-0.29939380288124084,-0.30012696981430054,-0.20042522251605988,-0.2001255750656128,-0.20018228888511658,0.29948338866233826,-0.29993751645088196,-0.2994687557220459,-0.20016086101531982,-0.19989998638629913,-0.2004009336233139,0.01798621006309986,0.11909651756286621,0.01798621006309986,0.11927931755781174,0.0,1.5003647804260254,1.0003794431686401
33,33,6,3,6,4,train_balanced_1000006,1000006,balanced,fixed_cost_dominant,0.3333333333333333,0.3333333333333333,0.3333333333333333,group_anchor_3,217,217,0,0.0,217,0,0.0,0,0.0,1.9375000000000004,2.0000000000000004,-0.0625,1.9375000000000004,2.0,4.440892098500626e-16,feasibility,-1062.8,-393.90182790398,-6.80472222222222,1.0000000000000002,1.0,-0.29068814267072574,0.0,0.0,-0.0625,66,232.8,True,False,completed,1.0,1.0,1062.8,1062.8,393.90182790398,6.80472222222222,0.34357689513890943,0.29068814267072574,0.21548522610000004,0.14250262583333337,0.75,0,0.0,0,0,1,0.0035211267605633804,2,63,0,3,1922,192.20000000000002,0,0,0,0.0,0,0.0,0,0,26,0.0,0,{},0.0,11,1.0,55,11,107,22,22,81,59,22,0,81,0,59,0,22,0,0,0,81,9,7,0,16,0,81,0,0,59,0,22,58,3,1.396551724137931,0,10,2035,11.972159100005229,8.30421810009284,0.10930570000346052,0.3985557999840239,15.952789199996914,parallel_episode_batch,not_applicable,-0.0010849660320673138,0.018538673499278957,0.6791310249827802,0.0013930601344327442,3.113265285037414e-05,0.0,1.0002175020053983,0.5551525009796023,0.453125,2.2611138820648193,0.17314469814300537,0.3201008439064026,0.19656601548194885,0.16004730761051178,-0.023421311751008034,0.21736280620098114,0.7500097155570984,0.0001,-0.29939380288124084,-0.30012696981430054,-0.20042522251605988,-0.2001255750656128,-0.20018228888511658,0.29948338866233826,-0.29993751645088196,-0.2994687557220459,-0.20016086101531982,-0.19989998638629913,-0.2004009336233139,0.01798621006309986,0.11909651756286621,0.01798621006309986,0.11927931755781174,0.0,1.5003647804260254,1.0003794431686401
34,34,6,4,6,4,train_balanced_1000006,1000006,balanced,fixed_cost_dominant,0.5,0.3,0.2,group_anchor_4,214,214,0,0.0,214,0,0.0,0,0.0,1.9375,2.0,-0.0625,1.9375,2.0,0.0,feasibility,-1011.5,-418.36222549804,-13.451388888888888,1.0000000000000002,1.0,-0.35957841554555525,0.0,0.0,-0.0625,66,229.8,True,False,completed,1.0,1.0,1011.5,1011.5,418.36222549804,13.451388888888888,0.35957841554555525,0.35957841554555525,0.22920000000000001,0.16027508191666667,0.75,0,0.0,0,0,0,0.0,2,65,0,1,1878,187.8,0,0,0,0.0,0,0.0,0,0,30,0.0,0,{},0.0,11,0.9090909090909091,55,11,105,22,21,77,56,21,0,77,0,56,0,21,0,0,0,77,9,8,0,17,0,77,0,0,56,0,21,56,4,1.375,0,10,2035,11.972159100005229,8.30421810009284,0.11169949999748496,0.4402979000660707,15.952789199996914,parallel_episode_batch,not_applicable,-0.0010849660320673138,0.018538673499278957,0.6791310249827802,0.0013930601344327442,3.113265285037414e-05,0.0,1.0002175020053983,0.5551525009796023,0.453125,2.2611138820648193,0.17314469814300537,0.3201008439064026,0.19656601548194885,0.16004730761051178,-0.023421311751008034,0.21736280620098114,0.7500097155570984,0.0001,-0.29939380288124084,-0.30012696981430054,-0.20042522251605988,-0.2001255750656128,-0.20018228888511658,0.29948338866233826,-0.29993751645088196,-0.2994687557220459,-0.20016086101531982,-0.19989998638629913,-0.2004009336233139,0.01798621006309986,0.11909651756286621,0.01798621006309986,0.11927931755781174,0.0,1.5003647804260254,1.0003794431686401
35,35,7,0,7,4,train_balanced_1000007,1000007,balanced,balanced_cost,1.0,0.0,0.0,group_anchor_0,155,155,0,0.0,155,0,0.0,0,0.0,1.9375,2.0,-0.0625,1.9375,2.0,0.0,feasibility,-793.6,-277.09731023739994,-3.9988888888888887,0.9999999999999998,1.0,-0.3980738362760835,0.0,0.0,-0.0625,53,199.60000000000002,True,False,completed,1.0,1.0,793.6,793.6,277.09731023739994,3.998888888888889,0.2789402160777192,0.3980738362760835,0.153,0.13432372581666666,0.75,0,0.0,0,0,0,0.0,2,40,0,0,1822,182.20000000000002,0,0,0,0.0,0,0.0,0,0,14,0.0,0,{},0.0,7,1.0,46,7,76,14,12,54,42,12,0,54,0,42,0,12,0,0,0,54,5,6,0,11,0,53,0,0,42,0,12,38,4,1.4210526315789473,0,10,2035,11.972159100005229,8.30421810009284,0.13524229999893578,0.3158195000141859,15.952789199996914,parallel_episode_batch,not_applicable,-0.0010849660320673138,0.018538673499278957,0.6791310249827802,0.0013930601344327442,3.113265285037414e-05,0.0,1.0002175020053983,0.5551525009796023,0.453125,2.2611138820648193,0.17314469814300537,0.3201008439064026,0.19656601548194885,0.16004730761051178,-0.023421311751008034,0.21736280620098114,0.7500097155570984,0.0001,-0.29939380288124084,-0.30012696981430054,-0.20042522251605988,-0.2001255750656128,-0.20018228888511658,0.29948338866233826,-0.29993751645088196,-0.2994687557220459,-0.20016086101531982,-0.19989998638629913,-0.2004009336233139,0.01798621006309986,0.11909651756286621,0.01798621006309986,0.11927931755781174,0.0,1.5003647804260254,1.0003794431686401
36,36,7,1,7,4,train_balanced_1000007,1000007,balanced,balanced_cost,0.0,1.0,0.0,group_anchor_1,176,176,0,0.0,176,0,0.0,0,0.0,1.9375,2.0,-0.0625,1.9375,2.0,0.0,feasibility,-779.6,-407.8252414243199,-8.729166666666666,0.9999999999999998,1.0,-0.2896845641236809,0.0,0.0,-0.0625,53,198.8,True,False,completed,1.0,1.0,779.6,779.6,407.8252414243199,8.729166666666666,0.3135406890880909,0.2896845641236809,0.25550000000000006,0.15350079203333333,0.75,0,0.0,0,0,0,0.0,2,57,0,3,1758,175.8,0,0,0,0.0,0,0.0,0,0,23,0.0,0,{},0.0,10,1.0,43,10,85,20,18,64,46,18,0,64,0,46,0,18,0,0,0,64,9,9,2,16,0,64,0,0,46,0,18,47,4,1.3617021276595744,0,10,2035,11.972159100005229,8.30421810009284,0.12499589999788441,0.3055603000611882,15.952789199996914,parallel_episode_batch,not_applicable,-0.0010849660320673138,0.018538673499278957,0.6791310249827802,0.0013930601344327442,3.113265285037414e-05,0.0,1.0002175020053983,0.5551525009796023,0.453125,2.2611138820648193,0.17314469814300537,0.3201008439064026,0.19656601548194885,0.16004730761051178,-0.023421311751008034,0.21736280620098114,0.7500097155570984,0.0001,-0.29939380288124084,-0.30012696981430054,-0.20042522251605988,-0.2001255750656128,-0.20018228888511658,0.29948338866233826,-0.29993751645088196,-0.2994687557220459,-0.20016086101531982,-0.19989998638629913,-0.2004009336233139,0.01798621006309986,0.11909651756286621,0.01798621006309986,0.11927931755781174,0.0,1.5003647804260254,1.0003794431686401
37,37,7,2,7,4,train_balanced_1000007,1000007,balanced,balanced_cost,0.0,0.0,1.0,group_anchor_2,199,199,0,0.0,199,0,0.0,0,0.0,1.9375,2.0,-0.0625,1.9375,2.0,0.0,feasibility,-810.3999999999997,-576.8935894619002,-4.24472222222222,0.9999999999999998,1.0,-0.07825134037617583,0.0,0.0,-0.0625,53,232.70000000000002,True,False,completed,1.0,1.0,810.3999999999997,810.3999999999997,576.8935894619002,4.2447222222222205,0.32695473809358433,0.07825134037617584,0.24080000000000001,0.1931666666666667,0.75,0,0.0,0,0,1,0.004608294930875576,2,74,0,0,1873,187.3,0,0,0,0.0,0,0.0,0,0,24,0.0,0,{},0.0,14,1.0,39,14,91,28,27,80,53,27,0,80,0,53,0,27,0,0,0,80,13,12,1,24,0,80,0,0,53,0,27,60,3,1.3333333333333333,0,10,2035,11.972159100005229,8.30421810009284,0.1537090999991051,0.42387280004186323,15.952789199996914,parallel_episode_batch,not_applicable,-0.0010849660320673138,0.018538673499278957,0.6791310249827802,0.0013930601344327442,3.113265285037414e-05,0.0,1.0002175020053983,0.5551525009796023,0.453125,2.2611138820648193,0.17314469814300537,0.3201008439064026,0.19656601548194885,0.16004730761051178,-0.023421311751008034,0.21736280620098114,0.7500097155570984,0.0001,-0.29939380288124084,-0.30012696981430054,-0.20042522251605988,-0.2001255750656128,-0.20018228888511658,0.29948338866233826,-0.29993751645088196,-0.2994687557220459,-0.20016086101531982,-0.19989998638629913,-0.2004009336233139,0.01798621006309986,0.11909651756286621,0.01798621006309986,0.11927931755781174,0.0,1.5003647804260254,1.0003794431686401
38,38,7,3,7,4,train_balanced_1000007,1000007,balanced,balanced_cost,0.3333333333333333,0.3333333333333333,0.3333333333333333,group_anchor_3,191,191,0,0.0,191,0,0.0,0,0.0,1.9375,2.0,-0.0625,1.9375,2.0,0.0,feasibility,-975.4999999999999,-550.0196814096602,-7.7091666666666665,0.9999999999999998,1.0,-0.31227869542912656,0.0,0.0,-0.0625,53,188.60000000000002,True,False,completed,1.0,1.0,975.4999999999999,975.4999999999999,550.0196814096602,7.709166666666668,0.35737270723634706,0.31227869542912656,0.29150000000000004,0.20915626711666668,0.75,0,0.0,0,0,0,0.0,1,68,0,3,1623,162.3,0,0,0,0.0,0,0.0,0,0,26,0.0,0,{},0.0,13,0.9230769230769231,40,13,91,26,21,80,56,24,3,77,0,56,3,21,3,3,0,77,10,13,2,18,0,77,0,0,56,3,21,49,8,1.6326530612244898,0,10,2035,11.972159100005229,8.30421810009284,0.14401290000387235,0.3331373999972129,15.952789199996914,parallel_episode_batch,not_applicable,-0.0010849660320673138,0.018538673499278957,0.6791310249827802,0.0013930601344327442,3.113265285037414e-05,0.0,1.0002175020053983,0.5551525009796023,0.453125,2.2611138820648193,0.17314469814300537,0.3201008439064026,0.19656601548194885,0.16004730761051178,-0.023421311751008034,0.21736280620098114,0.7500097155570984,0.0001,-0.29939380288124084,-0.30012696981430054,-0.20042522251605988,-0.2001255750656128,-0.20018228888511658,0.29948338866233826,-0.29993751645088196,-0.2994687557220459,-0.20016086101531982,-0.19989998638629913,-0.2004009336233139,0.01798621006309986,0.11909651756286621,0.01798621006309986,0.11927931755781174,0.0,1.5003647804260254,1.0003794431686401
39,39,7,4,7,4,train_balanced_1000007,1000007,balanced,balanced_cost,0.5,0.3,0.2,group_anchor_4,154,154,0,0.0,154,0,0.0,0,0.0,0.28365384615384615,0.34615384615384615,-0.0625,0.28365384615384615,0.3461538461538462,-5.551115123125783e-17,feasibility,-1209.8,-250.27288155468003,-8.095555555555558,0.9230769230769229,0.0,-0.33893885676682584,-1.0,-0.07692307692307693,-0.0625,52,240.0,False,True,horizon,0.9230769230769231,0.9811320754716981,,1209.8,250.27288155468003,8.095555555555558,0.33893885676682584,0.33893885676682584,0.21710000000000007,0.1359124803166667,0.75,0,0.0,0,0,2,0.006825938566552901,2,35,0,2,2130,213.0,0,0,0,0.0,0,0.0,0,0,20,0.0,0,{},0.0,6,1.0,47,6,77,12,12,52,40,12,0,52,0,40,0,12,0,0,0,52,5,5,0,10,0,52,0,0,40,0,12,38,3,1.368421052631579,0,10,2035,11.972159100005229,8.30421810009284,0.1702586000028532,0.5809121999700437,15.952789199996914,parallel_episode_batch,not_applicable,-0.0010849660320673138,0.018538673499278957,0.6791310249827802,0.0013930601344327442,3.113265285037414e-05,0.0,1.0002175020053983,0.5551525009796023,0.453125,2.2611138820648193,0.17314469814300537,0.3201008439064026,0.19656601548194885,0.16004730761051178,-0.023421311751008034,0.21736280620098114,0.7500097155570984,0.0001,-0.29939380288124084,-0.30012696981430054,-0.20042522251605988,-0.2001255750656128,-0.20018228888511658,0.29948338866233826,-0.29993751645088196,-0.2994687557220459,-0.20016086101531982,-0.19989998638629913,-0.2004009336233139,0.01798621006309986,0.11909651756286621,0.01798621006309986,0.11927931755781174,0.0,1.5003647804260254,1.0003794431686401
40,40,8,0,8,5,train_fatigue_bottleneck_1000008,1000008,fatigue_bottleneck,labor_dominant,1.0,0.0,0.0,group_anchor_0,280,280,0,0.0,280,0,0.0,0,0.0,1.9375000000000007,2.000000000000001,-0.0625,1.9375000000000007,2.0,8.881784197001252e-16,feasibility,-1839.0,-873.5892858463501,-6.815555555555565,1.0,1.0,-0.6051332675222113,0.0,0.0,-0.0625,71,187.10000000000002,True,False,completed,1.0,1.0,1839.0,1839.0,873.5892858463501,6.815555555555563,0.466438026692328,0.6051332675222113,0.6568771539000001,0.5590001754166667,0.75,1,0.010416666666666666,0,0,9,0.014285714285714285,1,94,1,15,1500,150.0,0,0,0,0.0,0,0.0,0,0,45,0.0,0,{},0.0,20,0.85,51,20,133,40,36,104,63,41,5,99,0,63,5,36,5,5,0,99,17,15,2,25,2,99,0,0,63,5,36,66,7,1.5757575757575757,0,10,2182,12.133928399998695,9.01690349994169,0.36373070000263397,0.40433480003412114,17.33487499999319,parallel_episode_batch,not_applicable,0.003681248679224934,0.014782706999851923,0.7193046391010285,0.003879555833659002,0.0003176792213967669,0.0,1.0004558520657676,0.6044450006314687,0.4714285714285714,2.2483158111572266,0.37182730436325073,0.36849626898765564,0.173208549618721,0.13966254889965057,0.19861873984336853,0.29308652877807617,0.8563539385795593,0.0001,-0.29909420013427734,-0.2998984158039093,-0.20026077330112457,-0.19997042417526245,-0.2001088559627533,0.29919004440307617,-0.30017849802970886,-0.2996821105480194,-0.20046202838420868,-0.1999417096376419,-0.20021480321884155,0.01798621006309986,0.11909294873476028,0.01798621006309986,0.1193259134888649,0.0,1.4996850490570068,0.9996132850646973
41,41,8,1,8,5,train_fatigue_bottleneck_1000008,1000008,fatigue_bottleneck,labor_dominant,0.0,1.0,0.0,group_anchor_1,276,276,0,0.0,276,0,0.0,0,0.0,1.9374999999999998,1.9999999999999998,-0.0625,1.9374999999999998,2.0,-2.220446049250313e-16,feasibility,-1508.6999999999994,-900.05034908242,-6.438055555555558,1.0,1.0,-0.4736981572709776,0.0,0.0,-0.0625,71,168.9,True,False,completed,1.0,1.0,1508.6999999999994,1508.6999999999994,900.05034908242,6.43805555555556,0.4434155647163433,0.4736981572709776,0.5625734538,0.5066606349666667,0.75,0,0.0,0,0,6,0.014492753623188406,1,102,0,5,1259,125.9,0,0,0,0.0,0,0.0,0,0,38,0.0,0,{},0.0,20,0.9,51,20,128,40,37,105,66,39,2,103,0,66,2,37,2,2,0,103,14,14,2,24,0,103,0,0,66,2,37,67,7,1.5671641791044777,0,10,2182,12.133928399998695,9.01690349994169,0.3651959999988321,0.3225227000657469,17.33487499999319,parallel_episode_batch,not_applicable,0.003681248679224934,0.014782706999851923,0.7193046391010285,0.003879555833659002,0.0003176792213967669,0.0,1.0004558520657676,0.6044450006314687,0.4714285714285714,2.2483158111572266,0.37182730436325073,0.36849626898765564,0.173208549618721,0.13966254889965057,0.19861873984336853,0.29308652877807617,0.8563539385795593,0.0001,-0.29909420013427734,-0.2998984158039093,-0.20026077330112457,-0.19997042417526245,-0.2001088559627533,0.29919004440307617,-0.30017849802970886,-0.2996821105480194,-0.20046202838420868,-0.1999417096376419,-0.20021480321884155,0.01798621006309986,0.11909294873476028,0.01798621006309986,0.1193259134888649,0.0,1.4996850490570068,0.9996132850646973
42,42,8,2,8,5,train_fatigue_bottleneck_1000008,1000008,fatigue_bottleneck,labor_dominant,0.0,0.0,1.0,group_anchor_2,283,283,0,0.0,283,0,0.0,0,0.0,1.9375000000000004,2.0000000000000004,-0.0625,1.9375000000000004,2.0,4.440892098500626e-16,feasibility,-1698.8000000000004,-997.1744933288305,-5.371388888888891,1.0,1.0,-0.097006576802099,0.0,0.0,-0.0625,71,154.70000000000002,True,False,completed,1.0,1.0,1698.8000000000004,1698.8000000000004,997.1744933288305,5.371388888888891,0.4622069030248941,0.097006576802099,0.7184627572999999,0.6739273016333333,0.75,12,0.11428571428571428,0,0,46,0.10747663551401869,1,93,3,5,1078,107.80000000000001,0,0,0,0.0,0,0.0,0,0,43,0.0,0,{},0.0,22,0.9545454545454546,49,22,129,44,39,127,77,50,11,116,0,77,11,39,11,11,0,116,23,21,1,32,10,116,0,0,77,11,39,68,9,1.8676470588235294,0,10,2182,12.133928399998695,9.01690349994169,0.37325760000385344,0.2878768000009586,17.33487499999319,parallel_episode_batch,not_applicable,0.003681248679224934,0.014782706999851923,0.7193046391010285,0.003879555833659002,0.0003176792213967669,0.0,1.0004558520657676,0.6044450006314687,0.4714285714285714,2.2483158111572266,0.37182730436325073,0.36849626898765564,0.173208549618721,0.13966254889965057,0.19861873984336853,0.29308652877807617,0.8563539385795593,0.0001,-0.29909420013427734,-0.2998984158039093,-0.20026077330112457,-0.19997042417526245,-0.2001088559627533,0.29919004440307617,-0.30017849802970886,-0.2996821105480194,-0.20046202838420868,-0.1999417096376419,-0.20021480321884155,0.01798621006309986,0.11909294873476028,0.01798621006309986,0.1193259134888649,0.0,1.4996850490570068,0.9996132850646973
43,43,8,3,8,5,train_fatigue_bottleneck_1000008,1000008,fatigue_bottleneck,labor_dominant,0.3333333333333333,0.3333333333333333,0.3333333333333333,group_anchor_3,272,272,0,0.0,272,0,0.0,0,0.0,1.9375000000000004,2.0000000000000004,-0.0625,1.9375000000000004,2.0,4.440892098500626e-16,feasibility,-1587.3000000000004,-863.4063047606495,-8.552222222222218,1.0,1.0,-0.3929618896614727,0.0,0.0,-0.0625,71,166.0,True,False,completed,1.0,1.0,1587.3000000000004,1587.3000000000004,863.4063047606495,8.552222222222218,0.4529547234992849,0.3929618896614727,0.6821560866999999,0.5642106349666668,0.75,4,0.0449438202247191,0,0,47,0.08061749571183534,1,85,1,10,1245,124.5,0,0,0,0.0,0,0.0,0,0,46,0.0,0,{},0.0,19,0.7894736842105263,52,19,129,38,34,119,76,43,9,110,0,76,9,34,9,9,0,110,17,20,0,28,4,110,0,0,76,9,34,59,7,2.016949152542373,0,10,2182,12.133928399998695,9.01690349994169,0.37034069999936037,0.3809333999233786,17.33487499999319,parallel_episode_batch,not_applicable,0.003681248679224934,0.014782706999851923,0.7193046391010285,0.003879555833659002,0.0003176792213967669,0.0,1.0004558520657676,0.6044450006314687,0.4714285714285714,2.2483158111572266,0.37182730436325073,0.36849626898765564,0.173208549618721,0.13966254889965057,0.19861873984336853,0.29308652877807617,0.8563539385795593,0.0001,-0.29909420013427734,-0.2998984158039093,-0.20026077330112457,-0.19997042417526245,-0.2001088559627533,0.29919004440307617,-0.30017849802970886,-0.2996821105480194,-0.20046202838420868,-0.1999417096376419,-0.20021480321884155,0.01798621006309986,0.11909294873476028,0.01798621006309986,0.1193259134888649,0.0,1.4996850490570068,0.9996132850646973
44,44,8,4,8,5,train_fatigue_bottleneck_1000008,1000008,fatigue_bottleneck,labor_dominant,0.5,0.3,0.2,group_anchor_4,291,291,0,0.0,291,0,0.0,0,0.0,1.9375,2.0,-0.06250000000000003,1.9375,2.0,0.0,feasibility,-1544.8,-1003.7508901544298,-8.802222222222225,1.0,1.0,-0.46162402830394894,0.0,0.0,-0.06250000000000003,71,177.20000000000002,True,False,completed,1.0,1.0,1544.8,1544.8,1003.7508901544298,8.802222222222225,0.46162402830394894,0.46162402830394894,0.7292627573000001,0.6650773016333335,0.75,11,0.102803738317757,1,1,121,0.3558823529411765,0,96,3,2,1291,129.1,0,0,0,0.0,0,0.0,0,0,45,0.0,0,{},0.30000000000000004,22,0.9090909090909091,49,22,133,44,43,136,84,52,9,127,0,84,9,43,9,9,0,127,23,25,1,37,17,127,0,0,84,9,43,77,7,1.7662337662337662,0,10,2182,12.133928399998695,9.01690349994169,0.36836150000453927,0.3458448000019416,17.33487499999319,parallel_episode_batch,not_applicable,0.003681248679224934,0.014782706999851923,0.7193046391010285,0.003879555833659002,0.0003176792213967669,0.0,1.0004558520657676,0.6044450006314687,0.4714285714285714,2.2483158111572266,0.37182730436325073,0.36849626898765564,0.173208549618721,0.13966254889965057,0.19861873984336853,0.29308652877807617,0.8563539385795593,0.0001,-0.29909420013427734,-0.2998984158039093,-0.20026077330112457,-0.19997042417526245,-0.2001088559627533,0.29919004440307617,-0.30017849802970886,-0.2996821105480194,-0.20046202838420868,-0.1999417096376419,-0.20021480321884155,0.01798621006309986,0.11909294873476028,0.01798621006309986,0.1193259134888649,0.0,1.4996850490570068,0.9996132850646973
45,45,9,0,9,5,train_balanced_1000009,1000009,balanced,fixed_cost_dominant,1.0,0.0,0.0,group_anchor_0,152,152,0,0.0,152,0,0.0,0,0.0,1.9375000000000002,2.0,-0.0625,1.9375000000000002,2.0,0.0,feasibility,-888.3000000000002,-295.1231184475499,-6.724722222222222,1.0,1.0,-0.4253699181152134,0.0,0.0,-0.0625,50,195.9,True,False,completed,1.0,1.0,888.3000000000002,888.3000000000002,295.1231184475499,6.724722222222222,0.3047567723172468,0.4253699181152134,0.198,0.13821796446666668,0.75,0,0.0,0,0,2,0.013888888888888888,1,44,1,1,1803,180.3,0,0,0,0.0,0,0.0,0,0,21,0.0,0,{},0.0,8,0.875,42,8,73,16,13,59,44,15,2,57,0,44,2,13,2,2,0,57,6,5,0,9,1,57,0,0,44,2,13,41,4,1.4390243902439024,0,10,2182,12.133928399998695,9.01690349994169,0.07881210000050487,0.27853120002691867,17.33487499999319,parallel_episode_batch,not_applicable,0.003681248679224934,0.014782706999851923,0.7193046391010285,0.003879555833659002,0.0003176792213967669,0.0,1.0004558520657676,0.6044450006314687,0.4714285714285714,2.2483158111572266,0.37182730436325073,0.36849626898765564,0.173208549618721,0.13966254889965057,0.19861873984336853,0.29308652877807617,0.8563539385795593,0.0001,-0.29909420013427734,-0.2998984158039093,-0.20026077330112457,-0.19997042417526245,-0.2001088559627533,0.29919004440307617,-0.30017849802970886,-0.2996821105480194,-0.20046202838420868,-0.1999417096376419,-0.20021480321884155,0.01798621006309986,0.11909294873476028,0.01798621006309986,0.1193259134888649,0.0,1.4996850490570068,0.9996132850646973
46,46,9,1,9,5,train_balanced_1000009,1000009,balanced,fixed_cost_dominant,0.0,1.0,0.0,group_anchor_1,169,169,0,0.0,169,0,0.0,0,0.0,1.9374999999999996,1.9999999999999996,-0.0625,1.9374999999999996,2.0,-4.440892098500626e-16,feasibility,-878.9999999999999,-388.88385404952,-11.308888888888893,1.0,1.0,-0.27999738992980944,0.0,0.0,-0.0625,50,218.10000000000002,True,False,completed,1.0,1.0,878.9999999999999,878.9999999999999,388.88385404952,11.308888888888893,0.3322904431127874,0.27999738992980944,0.22260000000000002,0.1479512978,0.75,0,0.0,0,0,0,0.0,2,62,0,1,1896,189.60000000000002,0,0,0,0.0,0,0.0,0,0,19,0.0,0,{},0.0,11,1.0,39,11,80,22,17,62,45,17,0,62,0,45,0,17,0,0,0,62,6,9,1,14,0,62,0,0,45,0,17,39,4,1.5897435897435896,0,10,2182,12.133928399998695,9.01690349994169,0.1107722000015201,0.33702270004869206,17.33487499999319,parallel_episode_batch,not_applicable,0.003681248679224934,0.014782706999851923,0.7193046391010285,0.003879555833659002,0.0003176792213967669,0.0,1.0004558520657676,0.6044450006314687,0.4714285714285714,2.2483158111572266,0.37182730436325073,0.36849626898765564,0.173208549618721,0.13966254889965057,0.19861873984336853,0.29308652877807617,0.8563539385795593,0.0001,-0.29909420013427734,-0.2998984158039093,-0.20026077330112457,-0.19997042417526245,-0.2001088559627533,0.29919004440307617,-0.30017849802970886,-0.2996821105480194,-0.20046202838420868,-0.1999417096376419,-0.20021480321884155,0.01798621006309986,0.11909294873476028,0.01798621006309986,0.1193259134888649,0.0,1.4996850490570068,0.9996132850646973
47,47,9,2,9,5,train_balanced_1000009,1000009,balanced,fixed_cost_dominant,0.0,0.0,1.0,group_anchor_2,169,169,0,0.0,169,0,0.0,0,0.0,1.9374999999999996,1.9999999999999996,-0.0625,1.9374999999999996,2.0,-4.440892098500626e-16,feasibility,-743.2999999999997,-368.71777839579005,-10.239166666666664,1.0,1.0,-0.1699752375945882,0.0,0.0,-0.0625,50,209.0,True,False,completed,1.0,1.0,743.2999999999997,743.2999999999997,368.71777839579005,10.239166666666664,0.306058653701691,0.1699752375945882,0.28,0.13845203074999998,0.75,0,0.0,0,0,1,0.007874015748031496,1,55,0,0,1773,177.3,0,0,0,0.0,0,0.0,0,0,19,0.0,0,{},0.0,10,0.9,40,10,81,20,18,74,54,20,2,72,0,54,2,18,2,2,0,72,9,10,1,16,0,71,0,0,54,2,18,47,7,1.574468085106383,0,10,2182,12.133928399998695,9.01690349994169,0.09209220000047935,0.2262672000360908,17.33487499999319,parallel_episode_batch,not_applicable,0.003681248679224934,0.014782706999851923,0.7193046391010285,0.003879555833659002,0.0003176792213967669,0.0,1.0004558520657676,0.6044450006314687,0.4714285714285714,2.2483158111572266,0.37182730436325073,0.36849626898765564,0.173208549618721,0.13966254889965057,0.19861873984336853,0.29308652877807617,0.8563539385795593,0.0001,-0.29909420013427734,-0.2998984158039093,-0.20026077330112457,-0.19997042417526245,-0.2001088559627533,0.29919004440307617,-0.30017849802970886,-0.2996821105480194,-0.20046202838420868,-0.1999417096376419,-0.20021480321884155,0.01798621006309986,0.11909294873476028,0.01798621006309986,0.1193259134888649,0.0,1.4996850490570068,0.9996132850646973
48,48,9,3,9,5,train_balanced_1000009,1000009,balanced,fixed_cost_dominant,0.3333333333333333,0.3333333333333333,0.3333333333333333,group_anchor_3,145,145,0,0.0,145,0,0.0,0,0.0,0.27083333333333326,0.33333333333333326,-0.0625,0.27083333333333326,0.3333333333333333,-5.551115123125783e-17,feasibility,-1198.0,-227.7410261837001,-3.7122222222222234,0.9166666666666667,0.0,-0.2513973806896669,-1.0,-0.08333333333333333,-0.0625,49,240.0,False,True,horizon,0.9166666666666666,0.98,,1198.0,227.7410261837001,3.7122222222222234,0.31926292226985103,0.2513973806896669,0.17130000000000004,0.12848968278333334,0.75,0,0.0,0,0,2,0.007142857142857143,2,34,0,1,2196,219.60000000000002,0,0,0,0.0,0,0.0,0,0,19,0.0,0,{},0.0,6,1.0,44,6,72,12,11,37,26,11,0,37,0,26,0,11,0,0,0,37,4,5,0,9,0,37,0,0,26,0,11,29,3,1.2758620689655173,0,10,2182,12.133928399998695,9.01690349994169,0.1059287999960361,0.4465577000810299,17.33487499999319,parallel_episode_batch,not_applicable,0.003681248679224934,0.014782706999851923,0.7193046391010285,0.003879555833659002,0.0003176792213967669,0.0,1.0004558520657676,0.6044450006314687,0.4714285714285714,2.2483158111572266,0.37182730436325073,0.36849626898765564,0.173208549618721,0.13966254889965057,0.19861873984336853,0.29308652877807617,0.8563539385795593,0.0001,-0.29909420013427734,-0.2998984158039093,-0.20026077330112457,-0.19997042417526245,-0.2001088559627533,0.29919004440307617,-0.30017849802970886,-0.2996821105480194,-0.20046202838420868,-0.1999417096376419,-0.20021480321884155,0.01798621006309986,0.11909294873476028,0.01798621006309986,0.1193259134888649,0.0,1.4996850490570068,0.9996132850646973
49,49,9,4,9,5,train_balanced_1000009,1000009,balanced,fixed_cost_dominant,0.5,0.3,0.2,group_anchor_4,145,145,0,0.0,145,0,0.0,0,0.0,1.9374999999999998,1.9999999999999998,-0.0625,1.9374999999999998,2.0,-2.220446049250313e-16,feasibility,-1275.0000000000005,-251.31892105286008,-5.138055555555556,1.0,1.0,-0.33646578099125074,0.0,0.0,-0.0625,50,228.3,True,False,completed,1.0,1.0,1275.0000000000005,1275.0000000000005,251.31892105286008,5.138055555555556,0.33646578099125074,0.33646578099125074,0.22400000000000003,0.14332301611666667,0.75,0,0.0,0,0,2,0.006666666666666667,1,37,1,2,2145,214.5,0,0,0,0.0,0,0.0,0,0,20,0.0,0,{},0.0,7,1.0,43,7,71,14,10,47,34,13,3,44,0,34,3,10,3,3,0,44,7,7,1,10,0,44,0,0,34,3,10,29,6,1.6206896551724137,0,10,2182,12.133928399998695,9.01690349994169,0.10430130000167992,0.37938890005170833,17.33487499999319,parallel_episode_batch,not_applicable,0.003681248679224934,0.014782706999851923,0.7193046391010285,0.003879555833659002,0.0003176792213967669,0.0,1.0004558520657676,0.6044450006314687,0.4714285714285714,2.2483158111572266,0.37182730436325073,0.36849626898765564,0.173208549618721,0.13966254889965057,0.19861873984336853,0.29308652877807617,0.8563539385795593,0.0001,-0.29909420013427734,-0.2998984158039093,-0.20026077330112457,-0.19997042417526245,-0.2001088559627533,0.29919004440307617,-0.30017849802970886,-0.2996821105480194,-0.20046202838420868,-0.1999417096376419,-0.20021480321884155,0.01798621006309986,0.11909294873476028,0.01798621006309986,0.1193259134888649,0.0,1.4996850490570068,0.9996132850646973
50,50,10,0,10,6,train_easy_1000010,1000010,easy,labor_dominant,1.0,0.0,0.0,group_anchor_0,144,144,0,0.0,144,0,0.0,0,0.0,1.9374999999999998,1.9999999999999998,-0.0625,1.9374999999999998,2.0,-2.220446049250313e-16,feasibility,-671.4,-257.15832510765006,-0.8780555555555557,0.9999999999999998,1.0,-0.3587688361654376,0.0,0.0,-0.0625,45,191.10000000000002,True,False,completed,1.0,1.0,671.4,671.4,257.15832510765006,0.8780555555555557,0.24420259875508046,0.3587688361654376,0.18200000000000002,0.14070000000000002,0.75,0,0.0,0,0,2,0.009900990099009901,1,43,1,1,1779,177.9,0,0,0,0.0,0,0.0,0,0,15,0.0,0,{},0.0,8,1.0,37,8,72,16,11,55,42,13,2,53,0,42,2,11,2,2,0,53,6,8,1,11,1,53,0,0,42,2,11,34,4,1.6176470588235294,0,10,1771,10.385561999995844,7.15490409998165,0.12642780000169296,0.27819660001114244,13.413613700002315,parallel_episode_batch,phase_transition,-0.0006030463347477573,0.01591301151035753,0.7112213713782174,0.000241246132645756,0.0004587901694321772,0.0,0.9999840919460569,0.5400885072137628,0.35714285714285715,2.2498281002044678,0.5416499376296997,0.292765349149704,0.18579046428203583,0.1310422718524933,0.3558594286441803,0.2609502971172333,0.7996526956558228,0.0001,-0.29960042238235474,-0.3000768721103668,-0.20036764442920685,-0.20009325444698334,-0.2001776248216629,0.29955440759658813,-0.30031341314315796,-0.29974573850631714,-0.20055386424064636,-0.20002466440200806,-0.20032836496829987,0.01798621006309986,0.11920266598463058,0.01798621006309986,0.11948203295469284,0.0,1.5003186464309692,0.9997878074645996
51,51,10,1,10,6,train_easy_1000010,1000010,easy,labor_dominant,0.0,1.0,0.0,group_anchor_1,138,138,0,0.0,138,0,0.0,0,0.0,1.9374999999999998,1.9999999999999998,-0.0625,1.9374999999999998,2.0,-2.220446049250313e-16,feasibility,-566.1999999999999,-184.06034639878007,-7.385555555555556,0.9999999999999998,1.0,-0.15544845071333074,0.0,0.0,-0.0625,45,182.70000000000002,True,False,completed,1.0,1.0,566.1999999999999,566.1999999999999,184.06034639878007,7.385555555555556,0.23266227879267481,0.15544845071333074,0.17500000000000002,0.11438203146666669,0.75,0,0.0,0,0,0,0.0,2,35,0,0,1603,160.3,0,0,0,0.0,0,0.0,0,0,13,0.0,0,{},0.0,6,0.8333333333333334,39,6,70,12,11,54,43,11,0,54,0,43,0,11,0,0,0,54,5,6,0,11,0,54,0,0,43,0,11,35,4,1.542857142857143,0,10,1771,10.385561999995844,7.15490409998165,0.13855830000102287,0.16439389996958198,13.413613700002315,parallel_episode_batch,phase_transition,-0.0006030463347477573,0.01591301151035753,0.7112213713782174,0.000241246132645756,0.0004587901694321772,0.0,0.9999840919460569,0.5400885072137628,0.35714285714285715,2.2498281002044678,0.5416499376296997,0.292765349149704,0.18579046428203583,0.1310422718524933,0.3558594286441803,0.2609502971172333,0.7996526956558228,0.0001,-0.29960042238235474,-0.3000768721103668,-0.20036764442920685,-0.20009325444698334,-0.2001776248216629,0.29955440759658813,-0.30031341314315796,-0.29974573850631714,-0.20055386424064636,-0.20002466440200806,-0.20032836496829987,0.01798621006309986,0.11920266598463058,0.01798621006309986,0.11948203295469284,0.0,1.5003186464309692,0.9997878074645996
52,52,10,2,10,6,train_easy_1000010,1000010,easy,labor_dominant,0.0,0.0,1.0,group_anchor_2,145,145,0,0.0,145,0,0.0,0,0.0,1.9374999999999998,1.9999999999999998,-0.0625,1.9374999999999998,2.0,-2.220446049250313e-16,feasibility,-511.1000000000001,-219.85189560986996,-1.6913888888888893,0.9999999999999998,1.0,-0.032720902363922645,0.0,0.0,-0.0625,45,184.8,True,False,completed,1.0,1.0,511.1000000000001,511.1000000000001,219.85189560986996,1.6913888888888893,0.20996105816478328,0.032720902363922645,0.14970000000000003,0.11628203146666667,0.75,0,0.0,0,0,0,0.0,2,37,0,0,1670,167.0,0,0,0,0.0,0,0.0,0,0,14,0.0,0,{},0.0,7,1.0,38,7,72,14,14,69,55,14,0,69,0,55,0,14,0,0,0,69,7,7,0,14,0,69,0,0,55,0,14,46,4,1.5,0,10,1771,10.385561999995844,7.15490409998165,0.11797410000144737,0.19422209998447215,13.413613700002315,parallel_episode_batch,phase_transition,-0.0006030463347477573,0.01591301151035753,0.7112213713782174,0.000241246132645756,0.0004587901694321772,0.0,0.9999840919460569,0.5400885072137628,0.35714285714285715,2.2498281002044678,0.5416499376296997,0.292765349149704,0.18579046428203583,0.1310422718524933,0.3558594286441803,0.2609502971172333,0.7996526956558228,0.0001,-0.29960042238235474,-0.3000768721103668,-0.20036764442920685,-0.20009325444698334,-0.2001776248216629,0.29955440759658813,-0.30031341314315796,-0.29974573850631714,-0.20055386424064636,-0.20002466440200806,-0.20032836496829987,0.01798621006309986,0.11920266598463058,0.01798621006309986,0.11948203295469284,0.0,1.5003186464309692,0.9997878074645996
53,53,10,3,10,6,train_easy_1000010,1000010,easy,labor_dominant,0.3333333333333333,0.3333333333333333,0.3333333333333333,group_anchor_3,134,134,0,0.0,134,0,0.0,0,0.0,1.9374999999999998,1.9999999999999998,-0.0625,1.9374999999999998,2.0,-2.220446049250313e-16,feasibility,-554.8000000000001,-152.36273250067,-5.545555555555556,0.9999999999999998,1.0,-0.18273901383754737,0.0,0.0,-0.0625,45,183.20000000000002,True,False,completed,1.0,1.0,554.8000000000001,554.8000000000001,152.36273250067,5.5455555555555565,0.2177135925529025,0.18273901383754737,0.11900000000000002,0.09367500818333334,0.75,0,0.0,0,0,0,0.0,2,29,0,2,1660,166.0,0,0,0,0.0,0,0.0,0,0,9,0.0,0,{},0.0,5,1.0,40,5,69,10,10,54,44,10,0,54,0,44,0,10,0,0,0,54,5,4,0,9,0,54,0,0,44,0,10,38,4,1.4210526315789473,0,10,1771,10.385561999995844,7.15490409998165,0.14463130000513047,0.16033410001546144,13.413613700002315,parallel_episode_batch,phase_transition,-0.0006030463347477573,0.01591301151035753,0.7112213713782174,0.000241246132645756,0.0004587901694321772,0.0,0.9999840919460569,0.5400885072137628,0.35714285714285715,2.2498281002044678,0.5416499376296997,0.292765349149704,0.18579046428203583,0.1310422718524933,0.3558594286441803,0.2609502971172333,0.7996526956558228,0.0001,-0.29960042238235474,-0.3000768721103668,-0.20036764442920685,-0.20009325444698334,-0.2001776248216629,0.29955440759658813,-0.30031341314315796,-0.29974573850631714,-0.20055386424064636,-0.20002466440200806,-0.20032836496829987,0.01798621006309986,0.11920266598463058,0.01798621006309986,0.11948203295469284,0.0,1.5003186464309692,0.9997878074645996
54,54,10,4,10,6,train_easy_1000010,1000010,easy,labor_dominant,0.5,0.3,0.2,group_anchor_4,120,120,0,0.0,120,0,0.0,0,0.0,1.9374999999999998,1.9999999999999998,-0.0625,1.9374999999999998,2.0,-2.220446049250313e-16,feasibility,-696.5999999999999,-102.22602954349999,-2.4722222222222228,0.9999999999999998,1.0,-0.2208909122464564,0.0,0.0,-0.0625,45,237.0,True,False,completed,1.0,1.0,696.5999999999999,696.5999999999999,102.22602954349999,2.4722222222222228,0.2208909122464564,0.2208909122464564,0.17250000000000001,0.10959931276666668,0.75,0,0.0,0,0,3,0.011363636363636364,1,12,0,1,2318,231.8,0,0,0,0.0,0,0.0,0,0,4,0.0,0,{},0.0,3,0.6666666666666666,42,3,64,6,5,36,29,7,2,34,0,29,2,5,2,2,0,34,3,4,0,5,0,34,0,0,29,2,5,23,7,1.565217391304348,0,10,1771,10.385561999995844,7.15490409998165,0.10786380000354256,0.6074390999710886,13.413613700002315,parallel_episode_batch,phase_transition,-0.0006030463347477573,0.01591301151035753,0.7112213713782174,0.000241246132645756,0.0004587901694321772,0.0,0.9999840919460569,0.5400885072137628,0.35714285714285715,2.2498281002044678,0.5416499376296997,0.292765349149704,0.18579046428203583,0.1310422718524933,0.3558594286441803,0.2609502971172333,0.7996526956558228,0.0001,-0.29960042238235474,-0.3000768721103668,-0.20036764442920685,-0.20009325444698334,-0.2001776248216629,0.29955440759658813,-0.30031341314315796,-0.29974573850631714,-0.20055386424064636,-0.20002466440200806,-0.20032836496829987,0.01798621006309986,0.11920266598463058,0.01798621006309986,0.11948203295469284,0.0,1.5003186464309692,0.9997878074645996
55,55,11,0,11,6,train_balanced_1000011,1000011,balanced,labor_dominant,1.0,0.0,0.0,group_anchor_0,221,221,0,0.0,221,0,0.0,0,0.0,1.9375,2.0,-0.0625,1.9375,2.0,0.0,feasibility,-927.2,-447.96624172949,-17.485833333333332,1.0000000000000002,1.0,-0.435878149680331,0.0,0.0,-0.0625,67,217.70000000000002,True,False,completed,1.0,1.0,927.2,927.2,447.96624172949,17.485833333333336,0.3625726765980032,0.435878149680331,0.3538000000000001,0.2129,0.75,0,0.0,0,0,0,0.0,1,66,0,0,1849,184.9,0,0,0,0.0,0,0.0,0,0,23,0.0,0,{},0.0,12,0.9166666666666666,55,12,107,24,23,88,64,24,1,87,0,64,1,23,1,1,0,87,9,10,0,18,0,87,0,0,64,1,23,62,5,1.4193548387096775,0,10,1771,10.385561999995844,7.15490409998165,0.16709909999917727,0.3299780000015744,13.413613700002315,parallel_episode_batch,phase_transition,-0.0006030463347477573,0.01591301151035753,0.7112213713782174,0.000241246132645756,0.0004587901694321772,0.0,0.9999840919460569,0.5400885072137628,0.35714285714285715,2.2498281002044678,0.5416499376296997,0.292765349149704,0.18579046428203583,0.1310422718524933,0.3558594286441803,0.2609502971172333,0.7996526956558228,0.0001,-0.29960042238235474,-0.3000768721103668,-0.20036764442920685,-0.20009325444698334,-0.2001776248216629,0.29955440759658813,-0.30031341314315796,-0.29974573850631714,-0.20055386424064636,-0.20002466440200806,-0.20032836496829987,0.01798621006309986,0.11920266598463058,0.01798621006309986,0.11948203295469284,0.0,1.5003186464309692,0.9997878074645996
56,56,11,1,11,6,train_balanced_1000011,1000011,balanced,labor_dominant,0.0,1.0,0.0,group_anchor_1,202,202,0,0.0,202,0,0.0,0,0.0,1.9375000000000002,2.0,-0.0625,1.9375000000000002,2.0,0.0,feasibility,-928.7000000000003,-317.59194711605005,-4.138055555555557,1.0000000000000002,1.0,-0.24103968441154824,0.0,0.0,-0.0625,67,214.5,True,False,completed,1.0,1.0,928.7000000000003,928.7000000000003,317.59194711605005,4.138055555555557,0.3057367849809819,0.24103968441154824,0.20660000000000006,0.1446649174166667,0.75,0,0.0,0,0,0,0.0,2,50,0,3,1933,193.3,0,0,0,0.0,0,0.0,0,0,16,0.0,0,{},0.0,9,1.0,58,9,101,18,16,80,64,16,0,80,0,64,0,16,0,0,0,80,8,8,2,14,0,80,0,0,64,0,16,61,4,1.3114754098360655,0,10,1771,10.385561999995844,7.15490409998165,0.13001949999306817,0.2901517999780481,13.413613700002315,parallel_episode_batch,phase_transition,-0.0006030463347477573,0.01591301151035753,0.7112213713782174,0.000241246132645756,0.0004587901694321772,0.0,0.9999840919460569,0.5400885072137628,0.35714285714285715,2.2498281002044678,0.5416499376296997,0.292765349149704,0.18579046428203583,0.1310422718524933,0.3558594286441803,0.2609502971172333,0.7996526956558228,0.0001,-0.29960042238235474,-0.3000768721103668,-0.20036764442920685,-0.20009325444698334,-0.2001776248216629,0.29955440759658813,-0.30031341314315796,-0.29974573850631714,-0.20055386424064636,-0.20002466440200806,-0.20032836496829987,0.01798621006309986,0.11920266598463058,0.01798621006309986,0.11948203295469284,0.0,1.5003186464309692,0.9997878074645996
57,57,11,2,11,6,train_balanced_1000011,1000011,balanced,labor_dominant,0.0,0.0,1.0,group_anchor_2,226,226,0,0.0,226,0,0.0,0,0.0,1.9375000000000002,2.0,-0.0625,1.9375000000000002,2.0,0.0,feasibility,-903.9999999999999,-437.8429454840901,-4.269166666666668,1.0000000000000002,1.0,-0.07866652334812586,0.0,0.0,-0.0625,67,215.5,True,False,completed,1.0,1.0,903.9999999999999,903.9999999999999,437.8429454840901,4.269166666666667,0.3219163266415802,0.07866652334812586,0.1925,0.1677485105666667,0.75,0,0.0,0,0,0,0.0,2,67,0,3,1845,184.5,0,0,0,0.0,0,0.0,0,0,28,0.0,0,{},0.0,12,1.0,55,12,111,24,24,92,68,24,0,92,0,68,0,24,0,0,0,92,10,9,0,19,0,92,0,0,68,0,24,69,3,1.3333333333333333,0,10,1771,10.385561999995844,7.15490409998165,0.15144710000458872,0.2911570000651409,13.413613700002315,parallel_episode_batch,phase_transition,-0.0006030463347477573,0.01591301151035753,0.7112213713782174,0.000241246132645756,0.0004587901694321772,0.0,0.9999840919460569,0.5400885072137628,0.35714285714285715,2.2498281002044678,0.5416499376296997,0.292765349149704,0.18579046428203583,0.1310422718524933,0.3558594286441803,0.2609502971172333,0.7996526956558228,0.0001,-0.29960042238235474,-0.3000768721103668,-0.20036764442920685,-0.20009325444698334,-0.2001776248216629,0.29955440759658813,-0.30031341314315796,-0.29974573850631714,-0.20055386424064636,-0.20002466440200806,-0.20032836496829987,0.01798621006309986,0.11920266598463058,0.01798621006309986,0.11948203295469284,0.0,1.5003186464309692,0.9997878074645996
58,58,11,3,11,6,train_balanced_1000011,1000011,balanced,labor_dominant,0.3333333333333333,0.3333333333333333,0.3333333333333333,group_anchor_3,230,230,0,0.0,230,0,0.0,0,0.0,1.9375,2.0,-0.0625,1.9375,2.0,0.0,feasibility,-973.5000000000002,-468.57518017923,-5.751388888888889,1.0000000000000002,1.0,-0.29004144788507513,0.0,0.0,-0.0625,67,219.10000000000002,True,False,completed,1.0,1.0,973.5000000000002,973.5000000000002,468.57518017923,5.751388888888889,0.3403001874884376,0.29004144788507513,0.29490000000000005,0.21138333333333334,0.75,0,0.0,0,0,0,0.0,1,72,0,3,1815,181.5,0,0,0,0.0,0,0.0,0,0,32,0.0,0,{},0.0,13,1.0,54,13,113,26,24,92,67,25,1,91,0,67,1,24,1,1,0,91,11,11,1,20,0,91,0,0,67,1,24,59,4,1.5593220338983051,0,10,1771,10.385561999995844,7.15490409998165,0.14603619999979855,0.31254550000448944,13.413613700002315,parallel_episode_batch,phase_transition,-0.0006030463347477573,0.01591301151035753,0.7112213713782174,0.000241246132645756,0.0004587901694321772,0.0,0.9999840919460569,0.5400885072137628,0.35714285714285715,2.2498281002044678,0.5416499376296997,0.292765349149704,0.18579046428203583,0.1310422718524933,0.3558594286441803,0.2609502971172333,0.7996526956558228,0.0001,-0.29960042238235474,-0.3000768721103668,-0.20036764442920685,-0.20009325444698334,-0.2001776248216629,0.29955440759658813,-0.30031341314315796,-0.29974573850631714,-0.20055386424064636,-0.20002466440200806,-0.20032836496829987,0.01798621006309986,0.11920266598463058,0.01798621006309986,0.11948203295469284,0.0,1.5003186464309692,0.9997878074645996
59,59,11,4,11,6,train_balanced_1000011,1000011,balanced,labor_dominant,0.5,0.3,0.2,group_anchor_4,211,211,0,0.0,211,0,0.0,0,0.0,0.215277777777778,0.277777777777778,-0.0625,0.215277777777778,0.27777777777777773,2.7755575615628914e-16,feasibility,-1671.8999999999999,-398.4129472034402,-10.608888888888893,0.8888888888888892,0.0,-0.41155786999552263,-1.0,-0.1111111111111111,-0.0625,64,240.0,False,True,horizon,0.8888888888888888,0.9552238805970149,,1671.8999999999999,398.4129472034402,10.608888888888892,0.41155786999552263,0.41155786999552263,0.3729,0.24816666666666673,0.75,0,0.0,0,0,14,0.03636363636363636,1,58,0,2,2107,210.70000000000002,0,0,0,0.0,0,0.0,0,0,27,0.0,0,{},0.0,11,0.9090909090909091,55,11,103,22,20,66,45,21,1,65,0,45,1,20,1,1,0,65,10,10,1,18,0,65,0,0,45,1,20,46,3,1.434782608695652,0,10,1771,10.385561999995844,7.15490409998165,0.1183623000033549,0.44858829998702276,13.413613700002315,parallel_episode_batch,phase_transition,-0.0006030463347477573,0.01591301151035753,0.7112213713782174,0.000241246132645756,0.0004587901694321772,0.0,0.9999840919460569,0.5400885072137628,0.35714285714285715,2.2498281002044678,0.5416499376296997,0.292765349149704,0.18579046428203583,0.1310422718524933,0.3558594286441803,0.2609502971172333,0.7996526956558228,0.0001,-0.29960042238235474,-0.3000768721103668,-0.20036764442920685,-0.20009325444698334,-0.2001776248216629,0.29955440759658813,-0.30031341314315796,-0.29974573850631714,-0.20055386424064636,-0.20002466440200806,-0.20032836496829987,0.01798621006309986,0.11920266598463058,0.01798621006309986,0.11948203295469284,0.0,1.5003186464309692,0.9997878074645996
60,60,12,0,12,7,train_balanced_1000012,1000012,balanced,balanced_cost,1.0,0.0,0.0,group_anchor_0,159,159,0,0.0,159,0,0.0,0,0.0,1.7717990862491642,1.8342990862491642,-0.0625,1.7717990862491642,1.8342990862491644,-2.220446049250313e-16,quality,-594.7999999999998,-242.11012998974988,-5.984722222222222,0.9999999999999998,1.0,-0.33140182750167146,0.0,0.0,-0.0625,55,205.20000000000002,True,False,completed,1.0,1.0,594.7999999999998,594.7999999999998,242.11012998974988,5.984722222222222,0.24555627709650668,0.33140182750167146,0.16100000000000003,0.12209706713333335,0.75,0,0.0,0,0,0,0.0,3,36,0,0,1886,188.60000000000002,0,0,0,0.0,0,0.0,0,0,20,0.0,0,{},0.0,6,1.0,49,6,80,12,12,91,79,12,0,91,0,79,0,12,0,0,0,91,6,6,0,12,0,91,0,0,79,0,12,67,3,1.3582089552238805,0,10,1835,9.456256800003757,7.385993800038705,0.12194730000192067,0.1287056000364828,12.967915100001846,parallel_episode_batch,pending,-0.0008534308009106537,0.014941894471372381,0.5377107406484669,0.001240410087309007,2.9765762881315195e-07,0.0,0.9999946581906286,0.4833810718023571,0.3448275862068966,1.718865156173706,0.6889536380767822,0.26354146003723145,0.1571875959634781,0.13096819818019867,0.5317659974098206,0.2604573369026184,0.7530359029769897,0.0001,-0.2996353805065155,-0.3000178337097168,-0.20035630464553833,-0.20006823539733887,-0.20010459423065186,0.29949498176574707,-0.30067574977874756,-0.300165593624115,-0.20069074630737305,-0.2002868503332138,-0.2006589025259018,0.01798621006309986,0.11926497519016266,0.01798621006309986,0.11967167258262634,0.0,1.5004035234451294,1.0007593631744385
61,61,12,1,12,7,train_balanced_1000012,1000012,balanced,balanced_cost,0.0,1.0,0.0,group_anchor_1,212,212,0,0.0,212,0,0.0,0,0.0,1.741990568483542,1.804490568483542,-0.0625,1.741990568483542,1.804490568483542,0.0,quality,-792.7999999999998,-642.0869864382199,-13.74333333333334,0.9999999999999998,1.0,-0.3910188630329159,0.0,0.0,-0.0625,55,220.4,True,False,completed,1.0,1.0,792.7999999999998,792.7999999999998,642.0869864382199,13.74333333333334,0.35934260610164037,0.3910188630329159,0.30130000000000007,0.21690017175000006,0.75,0,0.0,0,0,0,0.0,1,78,0,2,1747,174.70000000000002,0,0,0,0.0,0,0.0,0,0,27,0.0,0,{},0.0,15,0.8666666666666667,40,15,98,30,29,104,71,33,4,100,0,71,4,29,4,4,0,100,16,14,0,26,0,99,0,0,71,4,29,62,6,1.6774193548387097,0,10,1835,9.456256800003757,7.385993800038705,0.1596057999995537,0.23075050006445963,12.967915100001846,parallel_episode_batch,pending,-0.0008534308009106537,0.014941894471372381,0.5377107406484669,0.001240410087309007,2.9765762881315195e-07,0.0,0.9999946581906286,0.4833810718023571,0.3448275862068966,1.718865156173706,0.6889536380767822,0.26354146003723145,0.1571875959634781,0.13096819818019867,0.5317659974098206,0.2604573369026184,0.7530359029769897,0.0001,-0.2996353805065155,-0.3000178337097168,-0.20035630464553833,-0.20006823539733887,-0.20010459423065186,0.29949498176574707,-0.30067574977874756,-0.300165593624115,-0.20069074630737305,-0.2002868503332138,-0.2006589025259018,0.01798621006309986,0.11926497519016266,0.01798621006309986,0.11967167258262634,0.0,1.5004035234451294,1.0007593631744385
62,62,12,2,12,7,train_balanced_1000012,1000012,balanced,balanced_cost,0.0,0.0,1.0,group_anchor_2,207,207,0,0.0,207,0,0.0,0,0.0,1.8906334175825834,1.9531334175825834,-0.0625,1.8906334175825834,1.9531334175825836,-2.220446049250313e-16,quality,-929.0000000000001,-666.7570715884103,-5.171388888888884,0.9999999999999998,1.0,-0.09373316483483278,0.0,0.0,-0.0625,55,215.10000000000002,True,False,completed,1.0,1.0,929.0000000000001,929.0000000000001,666.7570715884103,5.171388888888884,0.3569339443135988,0.09373316483483278,0.3798,0.27855,0.75,0,0.0,0,0,1,0.004484304932735426,1,72,1,1,1804,180.4,0,0,0,0.0,0,0.0,0,0,34,0.0,0,{},0.0,15,0.8666666666666667,40,15,96,30,26,93,63,30,4,89,0,63,4,26,4,4,0,89,12,15,1,22,0,89,0,0,63,4,26,58,14,1.603448275862069,0,10,1835,9.456256800003757,7.385993800038705,0.14628909999737516,0.2618552999701933,12.967915100001846,parallel_episode_batch,pending,-0.0008534308009106537,0.014941894471372381,0.5377107406484669,0.001240410087309007,2.9765762881315195e-07,0.0,0.9999946581906286,0.4833810718023571,0.3448275862068966,1.718865156173706,0.6889536380767822,0.26354146003723145,0.1571875959634781,0.13096819818019867,0.5317659974098206,0.2604573369026184,0.7530359029769897,0.0001,-0.2996353805065155,-0.3000178337097168,-0.20035630464553833,-0.20006823539733887,-0.20010459423065186,0.29949498176574707,-0.30067574977874756,-0.300165593624115,-0.20069074630737305,-0.2002868503332138,-0.2006589025259018,0.01798621006309986,0.11926497519016266,0.01798621006309986,0.11967167258262634,0.0,1.5004035234451294,1.0007593631744385
63,63,12,3,12,7,train_balanced_1000012,1000012,balanced,balanced_cost,0.3333333333333333,0.3333333333333333,0.3333333333333333,group_anchor_3,189,189,0,0.0,189,0,0.0,0,0.0,1.8013320435975868,1.8638320435975868,-0.0625,1.8013320435975868,1.8638320435975873,-4.440892098500626e-16,quality,-754.6999999999997,-484.9424097469203,-5.824722222222224,0.9999999999999998,1.0,-0.2723359128048255,0.0,0.0,-0.0625,55,221.10000000000002,True,False,completed,1.0,1.0,754.6999999999997,754.6999999999997,484.9424097469203,5.824722222222224,0.31188738458995824,0.2723359128048255,0.2844,0.18194706713333333,0.75,0,0.0,0,0,0,0.0,2,58,0,2,1871,187.10000000000002,0,0,0,0.0,0,0.0,0,0,34,0.0,0,{},0.0,11,1.0,44,11,92,22,20,82,62,20,0,82,0,62,0,20,0,0,0,82,9,10,0,19,0,82,0,0,62,0,20,60,3,1.3666666666666667,0,10,1835,9.456256800003757,7.385993800038705,0.16513359999953536,0.2816473999482696,12.967915100001846,parallel_episode_batch,pending,-0.0008534308009106537,0.014941894471372381,0.5377107406484669,0.001240410087309007,2.9765762881315195e-07,0.0,0.9999946581906286,0.4833810718023571,0.3448275862068966,1.718865156173706,0.6889536380767822,0.26354146003723145,0.1571875959634781,0.13096819818019867,0.5317659974098206,0.2604573369026184,0.7530359029769897,0.0001,-0.2996353805065155,-0.3000178337097168,-0.20035630464553833,-0.20006823539733887,-0.20010459423065186,0.29949498176574707,-0.30067574977874756,-0.300165593624115,-0.20069074630737305,-0.2002868503332138,-0.2006589025259018,0.01798621006309986,0.11926497519016266,0.01798621006309986,0.11967167258262634,0.0,1.5004035234451294,1.0007593631744385
64,64,12,4,12,7,train_balanced_1000012,1000012,balanced,balanced_cost,0.5,0.3,0.2,group_anchor_4,164,164,0,0.0,164,0,0.0,0,0.0,1.7938531271891354,1.8563531271891354,-0.0625,1.7938531271891354,1.8563531271891356,-2.220446049250313e-16,quality,-659.2000000000002,-289.67179025677,-13.544722222222225,0.9999999999999998,1.0,-0.28729374562172894,0.0,0.0,-0.0625,55,211.60000000000002,True,False,completed,1.0,1.0,659.2000000000002,659.2000000000002,289.67179025677,13.544722222222225,0.28729374562172894,0.28729374562172894,0.16100000000000003,0.1270137338,0.75,0,0.0,0,0,0,0.0,3,42,0,0,1812,181.20000000000002,0,0,0,0.0,0,0.0,0,0,18,0.0,0,{},0.0,7,1.0,48,7,81,14,14,81,67,14,0,81,0,67,0,14,0,0,0,81,7,6,0,13,0,81,0,0,67,0,14,58,3,1.396551724137931,0,10,1835,9.456256800003757,7.385993800038705,0.1456532000011066,0.23496829999930924,12.967915100001846,parallel_episode_batch,pending,-0.0008534308009106537,0.014941894471372381,0.5377107406484669,0.001240410087309007,2.9765762881315195e-07,0.0,0.9999946581906286,0.4833810718023571,0.3448275862068966,1.718865156173706,0.6889536380767822,0.26354146003723145,0.1571875959634781,0.13096819818019867,0.5317659974098206,0.2604573369026184,0.7530359029769897,0.0001,-0.2996353805065155,-0.3000178337097168,-0.20035630464553833,-0.20006823539733887,-0.20010459423065186,0.29949498176574707,-0.30067574977874756,-0.300165593624115,-0.20069074630737305,-0.2002868503332138,-0.2006589025259018,0.01798621006309986,0.11926497519016266,0.01798621006309986,0.11967167258262634,0.0,1.5004035234451294,1.0007593631744385
65,65,13,0,13,7,train_balanced_1000013,1000013,balanced,downtime_dominant,1.0,0.0,0.0,group_anchor_0,179,179,0,0.0,179,0,0.0,0,0.0,1.7570568811248402,1.8195568811248402,-0.0625,1.7570568811248402,1.8195568811248402,0.0,quality,-677.6000000000003,-385.9171799403399,-10.245555555555557,0.9999999999999999,1.0,-0.36088623775031964,0.0,0.0,-0.0625,59,221.8,True,False,completed,1.0,1.0,677.6000000000003,677.6000000000003,385.9171799403399,10.245555555555557,0.29799261965171664,0.36088623775031964,0.14100000000000001,0.13531484995,0.75,0,0.0,0,0,0,0.0,2,46,0,0,1945,194.5,0,0,0,0.0,0,0.0,0,0,19,0.0,0,{},0.0,8,1.0,51,8,88,16,16,101,85,16,0,101,0,85,0,16,0,0,0,101,8,8,0,16,0,101,0,0,85,0,16,73,4,1.3835616438356164,0,10,1835,9.456256800003757,7.385993800038705,0.12102439999580383,0.15106029998423764,12.967915100001846,parallel_episode_batch,pending,-0.0008534308009106537,0.014941894471372381,0.5377107406484669,0.001240410087309007,2.9765762881315195e-07,0.0,0.9999946581906286,0.4833810718023571,0.3448275862068966,1.718865156173706,0.6889536380767822,0.26354146003723145,0.1571875959634781,0.13096819818019867,0.5317659974098206,0.2604573369026184,0.7530359029769897,0.0001,-0.2996353805065155,-0.3000178337097168,-0.20035630464553833,-0.20006823539733887,-0.20010459423065186,0.29949498176574707,-0.30067574977874756,-0.300165593624115,-0.20069074630737305,-0.2002868503332138,-0.2006589025259018,0.01798621006309986,0.11926497519016266,0.01798621006309986,0.11967167258262634,0.0,1.5004035234451294,1.0007593631744385
66,66,13,1,13,7,train_balanced_1000013,1000013,balanced,downtime_dominant,0.0,1.0,0.0,group_anchor_1,186,186,0,0.0,186,0,0.0,0,0.0,1.788555814684452,1.851055814684452,-0.0625,1.788555814684452,1.851055814684452,0.0,quality,-818.1000000000005,-424.2749417195301,-26.064722222222226,0.9999999999999999,1.0,-0.2978883706310961,0.0,0.0,-0.0625,59,229.0,True,False,completed,1.0,1.0,818.1000000000005,818.1000000000005,424.2749417195301,26.064722222222226,0.3605901718060124,0.2978883706310961,0.25870000000000004,0.1509958439,0.75,0,0.0,0,0,0,0.0,2,51,0,1,2046,204.60000000000002,0,0,0,0.0,0,0.0,0,0,17,0.0,0,{},0.0,9,1.0,50,9,91,18,18,79,61,18,0,79,0,61,0,18,0,0,0,79,8,9,0,17,0,79,0,0,61,0,18,55,3,1.4363636363636363,0,10,1835,9.456256800003757,7.385993800038705,0.14704610000626417,0.21587979995820206,12.967915100001846,parallel_episode_batch,pending,-0.0008534308009106537,0.014941894471372381,0.5377107406484669,0.001240410087309007,2.9765762881315195e-07,0.0,0.9999946581906286,0.4833810718023571,0.3448275862068966,1.718865156173706,0.6889536380767822,0.26354146003723145,0.1571875959634781,0.13096819818019867,0.5317659974098206,0.2604573369026184,0.7530359029769897,0.0001,-0.2996353805065155,-0.3000178337097168,-0.20035630464553833,-0.20006823539733887,-0.20010459423065186,0.29949498176574707,-0.30067574977874756,-0.300165593624115,-0.20069074630737305,-0.2002868503332138,-0.2006589025259018,0.01798621006309986,0.11926497519016266,0.01798621006309986,0.11967167258262634,0.0,1.5004035234451294,1.0007593631744385
67,67,13,2,13,7,train_balanced_1000013,1000013,balanced,downtime_dominant,0.0,0.0,1.0,group_anchor_2,183,183,0,0.0,183,0,0.0,0,0.0,0.2450924147706861,0.3075924147706861,-0.0625,0.2450924147706861,0.307592414770686,1.1102230246251565e-16,quality,-1128.0,-449.53543923977014,-6.698888888888889,0.9333333333333332,0.0,-0.11814850379196142,-1.0,-0.06666666666666667,-0.0625,58,240.0,False,True,horizon,0.9333333333333333,0.9830508474576272,,1128.0,449.53543923977014,6.698888888888889,0.35893488211721297,0.11814850379196143,0.245,0.16928467046666665,0.75,0,0.0,0,0,7,0.03553299492385787,2,52,0,1,2096,209.60000000000002,0,0,0,0.0,0,0.0,0,0,20,0.0,0,{},0.0,9,0.7777777777777778,50,9,90,18,16,68,52,16,1,67,1,51,0,16,0,0,1,67,5,6,1,10,0,67,1,0,51,0,16,50,4,1.36,0,10,1835,9.456256800003757,7.385993800038705,0.12176200000249082,0.26886930001637666,12.967915100001846,parallel_episode_batch,pending,-0.0008534308009106537,0.014941894471372381,0.5377107406484669,0.001240410087309007,2.9765762881315195e-07,0.0,0.9999946581906286,0.4833810718023571,0.3448275862068966,1.718865156173706,0.6889536380767822,0.26354146003723145,0.1571875959634781,0.13096819818019867,0.5317659974098206,0.2604573369026184,0.7530359029769897,0.0001,-0.2996353805065155,-0.3000178337097168,-0.20035630464553833,-0.20006823539733887,-0.20010459423065186,0.29949498176574707,-0.30067574977874756,-0.300165593624115,-0.20069074630737305,-0.2002868503332138,-0.2006589025259018,0.01798621006309986,0.11926497519016266,0.01798621006309986,0.11967167258262634,0.0,1.5004035234451294,1.0007593631744385
68,68,13,3,13,7,train_balanced_1000013,1000013,balanced,downtime_dominant,0.3333333333333333,0.3333333333333333,0.3333333333333333,group_anchor_3,172,172,0,0.0,172,0,0.0,0,0.0,1.7859290767328249,1.8484290767328249,-0.0625,1.7859290767328249,1.8484290767328249,0.0,quality,-712.0999999999999,-347.26308625014997,-19.3725,0.9999999999999999,1.0,-0.3031418465343503,0.0,0.0,-0.0625,59,223.10000000000002,True,False,completed,1.0,1.0,712.0999999999999,712.0999999999999,347.26308625014997,19.3725,0.3193858833538447,0.3031418465343503,0.23200000000000007,0.15556941773333335,0.75,0,0.0,0,0,0,0.0,3,42,0,0,1923,192.3,0,0,0,0.0,0,0.0,0,0,16,0.0,0,{},0.0,7,1.0,52,7,85,14,14,78,64,14,0,78,0,64,0,14,0,0,0,78,7,7,0,14,0,78,0,0,64,0,14,55,3,1.4181818181818182,0,10,1835,9.456256800003757,7.385993800038705,0.15468040000268957,0.2191486999654444,12.967915100001846,parallel_episode_batch,pending,-0.0008534308009106537,0.014941894471372381,0.5377107406484669,0.001240410087309007,2.9765762881315195e-07,0.0,0.9999946581906286,0.4833810718023571,0.3448275862068966,1.718865156173706,0.6889536380767822,0.26354146003723145,0.1571875959634781,0.13096819818019867,0.5317659974098206,0.2604573369026184,0.7530359029769897,0.0001,-0.2996353805065155,-0.3000178337097168,-0.20035630464553833,-0.20006823539733887,-0.20010459423065186,0.29949498176574707,-0.30067574977874756,-0.300165593624115,-0.20069074630737305,-0.2002868503332138,-0.2006589025259018,0.01798621006309986,0.11926497519016266,0.01798621006309986,0.11967167258262634,0.0,1.5004035234451294,1.0007593631744385
69,69,13,4,13,7,train_balanced_1000013,1000013,balanced,downtime_dominant,0.5,0.3,0.2,group_anchor_4,184,184,0,0.0,184,0,0.0,0,0.0,1.784208858357378,1.846708858357378,-0.0625,1.784208858357378,1.8467088583573776,4.440892098500626e-16,quality,-685.3999999999997,-424.55643156557005,-10.756666666666668,0.9999999999999999,1.0,-0.3065822832852446,0.0,0.0,-0.0625,59,215.70000000000002,True,False,completed,1.0,1.0,685.3999999999997,685.3999999999997,424.55643156557005,10.756666666666668,0.3065822832852446,0.3065822832852446,0.19400000000000003,0.13756351281666668,0.75,0,0.0,0,0,0,0.0,2,53,0,1,1853,185.3,0,0,0,0.0,0,0.0,0,0,16,0.0,0,{},0.0,9,0.8888888888888888,50,9,90,18,17,94,77,17,0,94,0,77,0,17,0,0,0,94,8,9,0,17,0,94,0,0,77,0,17,68,4,1.3823529411764706,0,10,1835,9.456256800003757,7.385993800038705,0.1274727999989409,0.15667599994048942,12.967915100001846,parallel_episode_batch,pending,-0.0008534308009106537,0.014941894471372381,0.5377107406484669,0.001240410087309007,2.9765762881315195e-07,0.0,0.9999946581906286,0.4833810718023571,0.3448275862068966,1.718865156173706,0.6889536380767822,0.26354146003723145,0.1571875959634781,0.13096819818019867,0.5317659974098206,0.2604573369026184,0.7530359029769897,0.0001,-0.2996353805065155,-0.3000178337097168,-0.20035630464553833,-0.20006823539733887,-0.20010459423065186,0.29949498176574707,-0.30067574977874756,-0.300165593624115,-0.20069074630737305,-0.2002868503332138,-0.2006589025259018,0.01798621006309986,0.11926497519016266,0.01798621006309986,0.11967167258262634,0.0,1.5004035234451294,1.0007593631744385
70,70,14,0,14,8,train_balanced_1000014,1000014,balanced,fixed_cost_dominant,1.0,0.0,0.0,group_anchor_0,148,148,0,0.0,148,0,0.0,0,0.0,1.7815564252537412,1.8440564252537412,-0.0625,1.7815564252537412,1.8440564252537417,-4.440892098500626e-16,quality,-543.9,-273.48611564411993,-7.2888888888888905,1.0,1.0,-0.3118871494925167,0.0,0.0,-0.0625,48,201.4,True,False,completed,1.0,1.0,543.9,543.9,273.48611564411993,7.2888888888888905,0.24581582832654533,0.3118871494925167,0.14700000000000002,0.13209142338333335,0.75,0,0.0,0,0,0,0.0,2,41,0,0,1713,171.3,0,0,0,0.0,0,0.0,0,0,16,0.0,0,{},0.0,7,1.0,41,7,72,14,14,85,71,14,0,85,0,71,0,14,0,0,0,85,7,7,0,14,0,85,0,0,71,0,14,61,4,1.3934426229508197,0,10,1837,9.589012399999774,7.329497199993057,0.11860969999543158,0.11400460000004387,12.392808999997214,parallel_episode_batch,pending,0.0029610010377805807,0.005105228193409355,0.5000224951012381,0.0005133900357859915,3.678215381929978e-07,0.0,0.9999980494893831,0.40132010140424146,0.25862068965517243,1.9393731355667114,0.8448525071144104,0.2419385313987732,0.15507404506206512,0.06969422847032547,0.6897784471511841,0.26934418082237244,0.9170180559158325,0.0001,-0.2996855676174164,-0.30058690905570984,-0.20095562934875488,-0.20049749314785004,-0.20051701366901398,0.29992565512657166,-0.30094850063323975,-0.30049389600753784,-0.2004525512456894,-0.20047590136528015,-0.20102040469646454,0.01798621006309986,0.1191151887178421,0.01798621006309986,0.11970870941877365,0.0,1.5009689331054688,1.0015608072280884
71,71,14,1,14,8,train_balanced_1000014,1000014,balanced,fixed_cost_dominant,0.0,1.0,0.0,group_anchor_1,144,144,0,0.0,144,0,0.0,0,0.0,1.8438789456386977,1.9063789456386977,-0.0625,1.8438789456386977,1.906378945638698,-2.220446049250313e-16,quality,-897.9000000000002,-230.37870284878994,-13.740000000000002,1.0,1.0,-0.18724210872260427,0.0,0.0,-0.0625,48,233.9,True,False,completed,1.0,1.0,897.9000000000002,897.9000000000002,230.37870284878994,13.740000000000002,0.31328499173729857,0.18724210872260427,0.194,0.13498205935000004,0.75,0,0.0,0,0,2,0.006666666666666667,3,36,0,1,2072,207.20000000000002,0,0,0,0.0,0,0.0,0,0,18,0.0,0,{},0.0,6,0.8333333333333334,42,6,72,12,12,49,37,12,0,49,0,37,0,12,0,0,0,49,5,4,0,9,0,49,0,0,37,0,12,33,3,1.4848484848484849,0,10,1837,9.589012399999774,7.329497199993057,0.1214719999989029,0.4456538999947952,12.392808999997214,parallel_episode_batch,pending,0.0029610010377805807,0.005105228193409355,0.5000224951012381,0.0005133900357859915,3.678215381929978e-07,0.0,0.9999980494893831,0.40132010140424146,0.25862068965517243,1.9393731355667114,0.8448525071144104,0.2419385313987732,0.15507404506206512,0.06969422847032547,0.6897784471511841,0.26934418082237244,0.9170180559158325,0.0001,-0.2996855676174164,-0.30058690905570984,-0.20095562934875488,-0.20049749314785004,-0.20051701366901398,0.29992565512657166,-0.30094850063323975,-0.30049389600753784,-0.2004525512456894,-0.20047590136528015,-0.20102040469646454,0.01798621006309986,0.1191151887178421,0.01798621006309986,0.11970870941877365,0.0,1.5009689331054688,1.0015608072280884
72,72,14,2,14,8,train_balanced_1000014,1000014,balanced,fixed_cost_dominant,0.0,0.0,1.0,group_anchor_2,196,196,0,0.0,196,0,0.0,0,0.0,1.8319790465879753,1.8944790465879753,-0.0625,1.8319790465879753,1.8944790465879753,0.0,quality,-700.4000000000002,-609.9710810092696,-13.374722222222225,1.0,1.0,-0.21104190682404922,0.0,0.0,-0.0625,48,214.9,True,False,completed,1.0,1.0,700.4000000000002,700.4000000000002,609.9710810092696,13.374722222222225,0.34014662491868647,0.21104190682404922,0.268,0.17728333333333335,0.75,0,0.0,0,0,0,0.0,1,77,0,2,1689,168.9,0,0,0,0.0,0,0.0,0,0,21,0.0,0,{},0.0,15,0.9333333333333333,33,15,90,30,28,86,56,30,2,84,0,56,2,28,2,2,0,84,11,14,0,23,0,84,0,0,56,2,28,59,3,1.4576271186440677,0,10,1837,9.589012399999774,7.329497199993057,0.1307918000020436,0.1921642999514006,12.392808999997214,parallel_episode_batch,pending,0.0029610010377805807,0.005105228193409355,0.5000224951012381,0.0005133900357859915,3.678215381929978e-07,0.0,0.9999980494893831,0.40132010140424146,0.25862068965517243,1.9393731355667114,0.8448525071144104,0.2419385313987732,0.15507404506206512,0.06969422847032547,0.6897784471511841,0.26934418082237244,0.9170180559158325,0.0001,-0.2996855676174164,-0.30058690905570984,-0.20095562934875488,-0.20049749314785004,-0.20051701366901398,0.29992565512657166,-0.30094850063323975,-0.30049389600753784,-0.2004525512456894,-0.20047590136528015,-0.20102040469646454,0.01798621006309986,0.1191151887178421,0.01798621006309986,0.11970870941877365,0.0,1.5009689331054688,1.0015608072280884
73,73,14,3,14,8,train_balanced_1000014,1000014,balanced,fixed_cost_dominant,0.3333333333333333,0.3333333333333333,0.3333333333333333,group_anchor_3,166,166,0,0.0,166,0,0.0,0,0.0,1.8099934432950424,1.8724934432950424,-0.0625,1.8099934432950424,1.8724934432950424,0.0,quality,-742.8999999999999,-407.8421836712,-5.125555555555557,1.0,1.0,-0.25501311340991517,0.0,0.0,-0.0625,48,212.0,True,False,completed,1.0,1.0,742.8999999999999,742.8999999999999,407.8421836712,5.125555555555556,0.2966871488987621,0.25501311340991517,0.24090000000000006,0.1929666666666667,0.75,0,0.0,0,0,2,0.012658227848101266,1,47,0,2,1872,187.20000000000002,0,0,0,0.0,0,0.0,0,0,15,0.0,0,{},0.0,10,0.9,38,10,79,20,19,71,50,21,2,69,0,50,2,19,2,2,0,69,9,9,0,16,0,69,0,0,50,2,19,48,4,1.4791666666666667,0,10,1837,9.589012399999774,7.329497199993057,0.14653839999664342,0.2274495000092429,12.392808999997214,parallel_episode_batch,pending,0.0029610010377805807,0.005105228193409355,0.5000224951012381,0.0005133900357859915,3.678215381929978e-07,0.0,0.9999980494893831,0.40132010140424146,0.25862068965517243,1.9393731355667114,0.8448525071144104,0.2419385313987732,0.15507404506206512,0.06969422847032547,0.6897784471511841,0.26934418082237244,0.9170180559158325,0.0001,-0.2996855676174164,-0.30058690905570984,-0.20095562934875488,-0.20049749314785004,-0.20051701366901398,0.29992565512657166,-0.30094850063323975,-0.30049389600753784,-0.2004525512456894,-0.20047590136528015,-0.20102040469646454,0.01798621006309986,0.1191151887178421,0.01798621006309986,0.11970870941877365,0.0,1.5009689331054688,1.0015608072280884
74,74,14,4,14,8,train_balanced_1000014,1000014,balanced,fixed_cost_dominant,0.5,0.3,0.2,group_anchor_4,157,157,0,0.0,157,0,0.0,0,0.0,1.8058699948507178,1.8683699948507178,-0.0625,1.8058699948507178,1.8683699948507173,4.440892098500626e-16,quality,-573.9999999999999,-314.47040492317984,-8.722500000000002,1.0,1.0,-0.2632600102985653,0.0,0.0,-0.0625,48,203.70000000000002,True,False,completed,1.0,1.0,573.9999999999999,573.9999999999999,314.47040492317984,8.722500000000002,0.2632600102985653,0.2632600102985653,0.194,0.14110905383333336,0.75,0,0.0,0,0,0,0.0,2,42,0,2,1832,183.20000000000002,0,0,0,0.0,0,0.0,0,0,13,0.0,0,{},0.0,8,0.875,40,8,77,16,16,86,70,16,0,86,0,70,0,16,0,0,0,86,8,8,0,16,0,86,0,0,70,0,16,60,4,1.4333333333333333,0,10,1837,9.589012399999774,7.329497199993057,0.13722620000044117,0.17661009999574162,12.392808999997214,parallel_episode_batch,pending,0.0029610010377805807,0.005105228193409355,0.5000224951012381,0.0005133900357859915,3.678215381929978e-07,0.0,0.9999980494893831,0.40132010140424146,0.25862068965517243,1.9393731355667114,0.8448525071144104,0.2419385313987732,0.15507404506206512,0.06969422847032547,0.6897784471511841,0.26934418082237244,0.9170180559158325,0.0001,-0.2996855676174164,-0.30058690905570984,-0.20095562934875488,-0.20049749314785004,-0.20051701366901398,0.29992565512657166,-0.30094850063323975,-0.30049389600753784,-0.2004525512456894,-0.20047590136528015,-0.20102040469646454,0.01798621006309986,0.1191151887178421,0.01798621006309986,0.11970870941877365,0.0,1.5009689331054688,1.0015608072280884
75,75,15,0,15,8,train_balanced_1000015,1000015,balanced,balanced_cost,1.0,0.0,0.0,group_anchor_0,191,191,0,0.0,191,0,0.0,0,0.0,1.744562436028659,1.807062436028659,-0.0625,1.744562436028659,1.8070624360286591,-2.220446049250313e-16,quality,-754.0000000000002,-442.83688138765024,-13.118055555555555,0.9999999999999997,1.0,-0.38587512794268175,0.0,0.0,-0.0625,59,219.4,True,False,completed,1.0,1.0,754.0000000000002,754.0000000000002,442.83688138765024,13.118055555555555,0.32658058111516497,0.38587512794268175,0.2364,0.16693335718333335,0.75,0,0.0,0,0,0,0.0,1,56,0,0,1806,180.60000000000002,0,0,0,0.0,0,0.0,0,0,25,0.0,0,{},0.0,10,0.8,49,10,92,20,20,111,90,21,1,110,0,90,1,20,1,1,0,110,11,10,0,20,0,110,0,0,90,1,20,76,4,1.4605263157894737,0,10,1837,9.589012399999774,7.329497199993057,0.11554260000411887,0.17667609998898115,12.392808999997214,parallel_episode_batch,pending,0.0029610010377805807,0.005105228193409355,0.5000224951012381,0.0005133900357859915,3.678215381929978e-07,0.0,0.9999980494893831,0.40132010140424146,0.25862068965517243,1.9393731355667114,0.8448525071144104,0.2419385313987732,0.15507404506206512,0.06969422847032547,0.6897784471511841,0.26934418082237244,0.9170180559158325,0.0001,-0.2996855676174164,-0.30058690905570984,-0.20095562934875488,-0.20049749314785004,-0.20051701366901398,0.29992565512657166,-0.30094850063323975,-0.30049389600753784,-0.2004525512456894,-0.20047590136528015,-0.20102040469646454,0.01798621006309986,0.1191151887178421,0.01798621006309986,0.11970870941877365,0.0,1.5009689331054688,1.0015608072280884
76,76,15,1,15,8,train_balanced_1000015,1000015,balanced,balanced_cost,0.0,1.0,0.0,group_anchor_1,211,211,0,0.0,211,0,0.0,0,0.0,1.7443176169869472,1.8068176169869472,-0.0625,1.7443176169869472,1.806817616986947,2.220446049250313e-16,quality,-999.5,-629.6326296715602,-0.6788888888888884,0.9999999999999997,1.0,-0.386364766026106,0.0,0.0,-0.0625,59,239.8,True,False,completed,1.0,1.0,999.5,999.5,629.6326296715602,0.6788888888888885,0.34579933778752997,0.386364766026106,0.27470000000000006,0.20895492438333338,0.75,0,0.0,0,0,10,0.04878048780487805,1,79,0,2,2000,200.0,0,0,0,0.0,0,0.0,0,0,28,0.0,0,{},0.0,14,1.0,45,14,97,28,27,92,64,28,1,91,0,64,1,27,1,1,0,91,12,15,0,26,0,91,0,0,64,1,27,61,4,1.5081967213114753,0,10,1837,9.589012399999774,7.329497199993057,0.12552050000522286,0.32829489991854643,12.392808999997214,parallel_episode_batch,pending,0.0029610010377805807,0.005105228193409355,0.5000224951012381,0.0005133900357859915,3.678215381929978e-07,0.0,0.9999980494893831,0.40132010140424146,0.25862068965517243,1.9393731355667114,0.8448525071144104,0.2419385313987732,0.15507404506206512,0.06969422847032547,0.6897784471511841,0.26934418082237244,0.9170180559158325,0.0001,-0.2996855676174164,-0.30058690905570984,-0.20095562934875488,-0.20049749314785004,-0.20051701366901398,0.29992565512657166,-0.30094850063323975,-0.30049389600753784,-0.2004525512456894,-0.20047590136528015,-0.20102040469646454,0.01798621006309986,0.1191151887178421,0.01798621006309986,0.11970870941877365,0.0,1.5009689331054688,1.0015608072280884
77,77,15,2,15,8,train_balanced_1000015,1000015,balanced,balanced_cost,0.0,0.0,1.0,group_anchor_2,215,215,0,0.0,215,0,0.0,0,0.0,1.8869404466439281,1.9494404466439281,-0.0625,1.8869404466439281,1.9494404466439283,-2.220446049250313e-16,quality,-877.8,-633.7166119536503,-5.624722222222218,0.9999999999999997,1.0,-0.1011191067121433,0.0,0.0,-0.0625,59,211.8,True,False,completed,1.0,1.0,877.8,877.8,633.7166119536503,5.624722222222218,0.34782647766986197,0.1011191067121433,0.30720000000000003,0.18564871550000003,0.75,0,0.0,0,0,0,0.0,1,74,0,3,1636,163.60000000000002,0,0,0,0.0,0,0.0,0,0,26,0.0,0,{},0.0,14,1.0,45,14,101,28,27,107,78,29,2,105,0,78,2,27,2,2,0,105,14,15,0,27,0,105,0,0,78,2,27,68,7,1.5735294117647058,0,10,1837,9.589012399999774,7.329497199993057,0.14468959999794606,0.2451509000529768,12.392808999997214,parallel_episode_batch,pending,0.0029610010377805807,0.005105228193409355,0.5000224951012381,0.0005133900357859915,3.678215381929978e-07,0.0,0.9999980494893831,0.40132010140424146,0.25862068965517243,1.9393731355667114,0.8448525071144104,0.2419385313987732,0.15507404506206512,0.06969422847032547,0.6897784471511841,0.26934418082237244,0.9170180559158325,0.0001,-0.2996855676174164,-0.30058690905570984,-0.20095562934875488,-0.20049749314785004,-0.20051701366901398,0.29992565512657166,-0.30094850063323975,-0.30049389600753784,-0.2004525512456894,-0.20047590136528015,-0.20102040469646454,0.01798621006309986,0.1191151887178421,0.01798621006309986,0.11970870941877365,0.0,1.5009689331054688,1.0015608072280884
78,78,15,3,15,8,train_balanced_1000015,1000015,balanced,balanced_cost,0.3333333333333333,0.3333333333333333,0.3333333333333333,group_anchor_3,213,213,0,0.0,213,0,0.0,0,0.0,1.7779114232477427,1.8404114232477427,-0.0625,1.7779114232477427,1.8404114232477429,-2.220446049250313e-16,quality,-848.1,-620.3559341716001,-9.565555555555557,0.9999999999999997,1.0,-0.3191771535045144,0.0,0.0,-0.0625,59,222.5,True,False,completed,1.0,1.0,848.1,848.1,620.3559341716001,9.565555555555557,0.354018789208571,0.3191771535045144,0.3692000000000001,0.22328416368333337,0.75,0,0.0,0,0,0,0.0,1,75,0,2,1797,179.70000000000002,0,0,0,0.0,0,0.0,0,0,24,0.0,0,{},0.0,14,1.0,45,14,101,28,25,107,81,26,1,106,0,81,1,25,1,1,0,106,14,14,2,25,0,106,0,0,81,1,25,72,4,1.4861111111111112,0,10,1837,9.589012399999774,7.329497199993057,0.11455060000298545,0.23046990000875667,12.392808999997214,parallel_episode_batch,pending,0.0029610010377805807,0.005105228193409355,0.5000224951012381,0.0005133900357859915,3.678215381929978e-07,0.0,0.9999980494893831,0.40132010140424146,0.25862068965517243,1.9393731355667114,0.8448525071144104,0.2419385313987732,0.15507404506206512,0.06969422847032547,0.6897784471511841,0.26934418082237244,0.9170180559158325,0.0001,-0.2996855676174164,-0.30058690905570984,-0.20095562934875488,-0.20049749314785004,-0.20051701366901398,0.29992565512657166,-0.30094850063323975,-0.30049389600753784,-0.2004525512456894,-0.20047590136528015,-0.20102040469646454,0.01798621006309986,0.1191151887178421,0.01798621006309986,0.11970870941877365,0.0,1.5009689331054688,1.0015608072280884
79,79,15,4,15,8,train_balanced_1000015,1000015,balanced,balanced_cost,0.5,0.3,0.2,group_anchor_4,196,196,0,0.0,196,0,0.0,0,0.0,1.7718105679886325,1.8343105679886325,-0.0625,1.7718105679886325,1.834310567988633,-4.440892098500626e-16,quality,-796.6999999999999,-483.0072707584601,-10.301388888888887,0.9999999999999997,1.0,-0.3313788640227342,0.0,0.0,-0.0625,59,222.70000000000002,True,False,completed,1.0,1.0,796.6999999999999,796.6999999999999,483.0072707584601,10.301388888888889,0.3313788640227342,0.3313788640227342,0.1775,0.14655363988333336,0.75,0,0.0,0,0,0,0.0,2,63,0,0,1971,197.10000000000002,0,0,0,0.0,0,0.0,0,0,24,0.0,0,{},0.0,11,1.0,48,11,94,22,21,101,80,21,0,101,0,80,0,21,0,0,0,101,10,10,0,20,0,101,0,0,80,0,21,71,4,1.4225352112676057,0,10,1837,9.589012399999774,7.329497199993057,0.13516330000129528,0.176044899977569,12.392808999997214,parallel_episode_batch,pending,0.0029610010377805807,0.005105228193409355,0.5000224951012381,0.0005133900357859915,3.678215381929978e-07,0.0,0.9999980494893831,0.40132010140424146,0.25862068965517243,1.9393731355667114,0.8448525071144104,0.2419385313987732,0.15507404506206512,0.06969422847032547,0.6897784471511841,0.26934418082237244,0.9170180559158325,0.0001,-0.2996855676174164,-0.30058690905570984,-0.20095562934875488,-0.20049749314785004,-0.20051701366901398,0.29992565512657166,-0.30094850063323975,-0.30049389600753784,-0.2004525512456894,-0.20047590136528015,-0.20102040469646454,0.01798621006309986,0.1191151887178421,0.01798621006309986,0.11970870941877365,0.0,1.5009689331054688,1.0015608072280884
80,80,16,0,16,9,train_balanced_1000016,1000016,balanced,balanced_cost,1.0,0.0,0.0,group_anchor_0,205,205,0,0.0,205,0,0.0,0,0.0,1.744861303211926,1.807361303211926,-0.0625,1.744861303211926,1.8073613032119256,4.440892098500626e-16,quality,-752.1000000000001,-442.5382584562399,-10.89888888888889,1.0,1.0,-0.3852773935761488,0.0,0.0,-0.0625,64,213.5,True,False,completed,1.0,1.0,752.1000000000001,752.1000000000001,442.5382584562399,10.898888888888889,0.32046533378259834,0.3852773935761488,0.2022,0.15676432673333332,0.75,0,0.0,0,0,0,0.0,2,59,0,0,1822,182.20000000000002,0,0,0,0.0,0,0.0,0,0,27,0.0,0,{},0.0,10,1.0,54,10,101,20,20,118,98,20,0,118,0,98,0,20,0,0,0,118,10,10,0,20,0,118,0,0,98,0,20,82,5,1.4390243902439024,0,10,1835,9.638729300000705,7.4612825999065535,0.09968369999842253,0.1330634999758331,13.182259000001068,parallel_episode_batch,pending,-0.0013647407999840275,0.003828423212137844,0.5852649073148596,-0.005303177581136596,3.5086248137053314e-06,0.0,1.0000392537692497,0.3546261824667454,0.2413793103448276,1.5584594011306763,0.9419476985931396,0.1850070208311081,0.13729701936244965,0.06459632515907288,0.8046504855155945,0.2022586166858673,0.8780900239944458,0.0001,-0.29927560687065125,-0.3010184168815613,-0.20116230845451355,-0.20078882575035095,-0.20083951950073242,0.29986804723739624,-0.30120721459388733,-0.30062994360923767,-0.20025117695331573,-0.20068027079105377,-0.20139971375465393,0.01798621006309986,0.11962331831455231,0.01798621006309986,0.11983520537614822,0.0,1.5014010667800903,1.0017712116241455
81,81,16,1,16,9,train_balanced_1000016,1000016,balanced,balanced_cost,0.0,1.0,0.0,group_anchor_1,232,232,0,0.0,232,0,0.0,0,0.0,1.7345282105585706,1.7970282105585706,-0.0625,1.7345282105585706,1.7970282105585706,0.0,quality,-1136.9999999999995,-683.34179120473,-16.1388888888889,1.0,1.0,-0.40594357888285876,0.0,0.0,-0.0625,64,221.8,True,False,completed,1.0,1.0,1136.9999999999995,1136.9999999999995,683.34179120473,16.1388888888889,0.4138466881050207,0.40594357888285876,0.38020000000000004,0.28025000000000005,0.75,0,0.0,0,0,0,0.0,1,76,0,3,1894,189.4,0,0,0,0.0,0,0.0,0,0,28,0.0,0,{},0.0,15,0.9333333333333333,49,15,111,30,27,95,65,30,3,92,0,65,3,27,3,3,0,92,11,17,1,24,0,92,0,0,65,3,27,56,6,1.6964285714285714,0,10,1835,9.638729300000705,7.4612825999065535,0.13530800000444287,0.24874310004815925,13.182259000001068,parallel_episode_batch,pending,-0.0013647407999840275,0.003828423212137844,0.5852649073148596,-0.005303177581136596,3.5086248137053314e-06,0.0,1.0000392537692497,0.3546261824667454,0.2413793103448276,1.5584594011306763,0.9419476985931396,0.1850070208311081,0.13729701936244965,0.06459632515907288,0.8046504855155945,0.2022586166858673,0.8780900239944458,0.0001,-0.29927560687065125,-0.3010184168815613,-0.20116230845451355,-0.20078882575035095,-0.20083951950073242,0.29986804723739624,-0.30120721459388733,-0.30062994360923767,-0.20025117695331573,-0.20068027079105377,-0.20139971375465393,0.01798621006309986,0.11962331831455231,0.01798621006309986,0.11983520537614822,0.0,1.5014010667800903,1.0017712116241455
82,82,16,2,16,9,train_balanced_1000016,1000016,balanced,balanced_cost,0.0,0.0,1.0,group_anchor_2,205,205,0,0.0,205,0,0.0,0,0.0,1.8978203829865588,1.9603203829865588,-0.0625,1.8978203829865588,1.9603203829865588,0.0,quality,-871.1999999999999,-468.5822499463198,-4.309999999999998,1.0,1.0,-0.07935923402688266,0.0,0.0,-0.0625,64,225.8,True,False,completed,1.0,1.0,871.1999999999999,871.1999999999999,468.5822499463198,4.309999999999999,0.3219060585282101,0.07935923402688268,0.171,0.14441432673333335,0.75,0,0.0,0,0,0,0.0,2,65,0,0,1906,190.60000000000002,0,0,0,0.0,0,0.0,0,0,25,0.0,0,{},0.0,11,0.9090909090909091,53,11,98,22,21,87,66,21,0,87,0,66,0,21,0,0,0,87,9,10,0,19,0,87,0,0,66,0,21,58,4,1.5,0,10,1835,9.638729300000705,7.4612825999065535,0.1247053999977652,0.21844680004141992,13.182259000001068,parallel_episode_batch,pending,-0.0013647407999840275,0.003828423212137844,0.5852649073148596,-0.005303177581136596,3.5086248137053314e-06,0.0,1.0000392537692497,0.3546261824667454,0.2413793103448276,1.5584594011306763,0.9419476985931396,0.1850070208311081,0.13729701936244965,0.06459632515907288,0.8046504855155945,0.2022586166858673,0.8780900239944458,0.0001,-0.29927560687065125,-0.3010184168815613,-0.20116230845451355,-0.20078882575035095,-0.20083951950073242,0.29986804723739624,-0.30120721459388733,-0.30062994360923767,-0.20025117695331573,-0.20068027079105377,-0.20139971375465393,0.01798621006309986,0.11962331831455231,0.01798621006309986,0.11983520537614822,0.0,1.5014010667800903,1.0017712116241455
83,83,16,3,16,9,train_balanced_1000016,1000016,balanced,balanced_cost,0.3333333333333333,0.3333333333333333,0.3333333333333333,group_anchor_3,185,185,0,0.0,185,0,0.0,0,0.0,1.8184116660651364,1.8809116660651364,-0.0625,1.8184116660651364,1.8809116660651362,2.220446049250313e-16,quality,-947.0999999999998,-335.86938070823993,-1.1247222222222233,1.0,1.0,-0.23817666786972777,0.0,0.0,-0.0625,64,212.8,True,False,completed,1.0,1.0,947.0999999999998,947.0999999999998,335.86938070823993,1.1247222222222233,0.3003803652456432,0.23817666786972777,0.15750000000000003,0.13768099340000003,0.75,0,0.0,0,0,0,0.0,2,47,0,0,1902,190.20000000000002,0,0,0,0.0,0,0.0,0,0,18,0.0,0,{},0.0,8,1.0,56,8,91,16,14,75,61,14,0,75,0,61,0,14,0,0,0,75,6,5,0,11,0,75,0,0,61,0,14,52,4,1.4423076923076923,0,10,1835,9.638729300000705,7.4612825999065535,0.12186559999827296,0.16964500000904081,13.182259000001068,parallel_episode_batch,pending,-0.0013647407999840275,0.003828423212137844,0.5852649073148596,-0.005303177581136596,3.5086248137053314e-06,0.0,1.0000392537692497,0.3546261824667454,0.2413793103448276,1.5584594011306763,0.9419476985931396,0.1850070208311081,0.13729701936244965,0.06459632515907288,0.8046504855155945,0.2022586166858673,0.8780900239944458,0.0001,-0.29927560687065125,-0.3010184168815613,-0.20116230845451355,-0.20078882575035095,-0.20083951950073242,0.29986804723739624,-0.30120721459388733,-0.30062994360923767,-0.20025117695331573,-0.20068027079105377,-0.20139971375465393,0.01798621006309986,0.11962331831455231,0.01798621006309986,0.11983520537614822,0.0,1.5014010667800903,1.0017712116241455
84,84,16,4,16,9,train_balanced_1000016,1000016,balanced,balanced_cost,0.5,0.3,0.2,group_anchor_4,208,208,0,0.0,208,0,0.0,0,0.0,1.776768115364793,1.839268115364793,-0.0625,1.776768115364793,1.8392681153647934,-4.440892098500626e-16,quality,-785.4,-475.6532836810899,-7.793333333333334,1.0,1.0,-0.3214637692704133,0.0,0.0,-0.0625,64,207.3,True,False,completed,1.0,1.0,785.4,785.4,475.6532836810899,7.793333333333334,0.3214637692704133,0.3214637692704133,0.2584,0.15934766006666667,0.75,0,0.0,0,0,0,0.0,2,63,0,2,1792,179.20000000000002,0,0,0,0.0,0,0.0,0,0,25,0.0,0,{},0.0,11,1.0,53,11,101,22,21,105,84,21,0,105,0,84,0,21,0,0,0,105,11,10,1,20,0,105,0,0,84,0,21,74,4,1.4189189189189189,0,10,1835,9.638729300000705,7.4612825999065535,0.12538969999877736,0.20519309992960189,13.182259000001068,parallel_episode_batch,pending,-0.0013647407999840275,0.003828423212137844,0.5852649073148596,-0.005303177581136596,3.5086248137053314e-06,0.0,1.0000392537692497,0.3546261824667454,0.2413793103448276,1.5584594011306763,0.9419476985931396,0.1850070208311081,0.13729701936244965,0.06459632515907288,0.8046504855155945,0.2022586166858673,0.8780900239944458,0.0001,-0.29927560687065125,-0.3010184168815613,-0.20116230845451355,-0.20078882575035095,-0.20083951950073242,0.29986804723739624,-0.30120721459388733,-0.30062994360923767,-0.20025117695331573,-0.20068027079105377,-0.20139971375465393,0.01798621006309986,0.11962331831455231,0.01798621006309986,0.11983520537614822,0.0,1.5014010667800903,1.0017712116241455
85,85,17,0,17,9,train_balanced_1000017,1000017,balanced,balanced_cost,1.0,0.0,0.0,group_anchor_0,160,160,0,0.0,160,0,0.0,0,0.0,1.7730892387717432,1.8355892387717432,-0.0625,1.7730892387717432,1.8355892387717434,-2.220446049250313e-16,quality,-587.9000000000001,-326.5635498907,-13.512222222222222,0.9999999999999998,1.0,-0.32882152245651325,0.0,0.0,-0.0625,51,197.0,True,False,completed,1.0,1.0,587.9000000000001,587.9000000000001,326.5635498907,13.512222222222222,0.28081252069440543,0.32882152245651325,0.20500000000000002,0.14261666666666667,0.75,0,0.0,0,0,0,0.0,2,46,0,0,1719,171.9,0,0,0,0.0,0,0.0,0,0,18,0.0,0,{},0.0,8,0.875,43,8,77,16,16,92,76,16,0,92,0,76,0,16,0,0,0,92,8,8,0,16,0,92,0,0,76,0,16,67,3,1.373134328358209,0,10,1835,9.638729300000705,7.4612825999065535,0.12550560000090627,0.1629271999336197,13.182259000001068,parallel_episode_batch,pending,-0.0013647407999840275,0.003828423212137844,0.5852649073148596,-0.005303177581136596,3.5086248137053314e-06,0.0,1.0000392537692497,0.3546261824667454,0.2413793103448276,1.5584594011306763,0.9419476985931396,0.1850070208311081,0.13729701936244965,0.06459632515907288,0.8046504855155945,0.2022586166858673,0.8780900239944458,0.0001,-0.29927560687065125,-0.3010184168815613,-0.20116230845451355,-0.20078882575035095,-0.20083951950073242,0.29986804723739624,-0.30120721459388733,-0.30062994360923767,-0.20025117695331573,-0.20068027079105377,-0.20139971375465393,0.01798621006309986,0.11962331831455231,0.01798621006309986,0.11983520537614822,0.0,1.5014010667800903,1.0017712116241455
86,86,17,1,17,9,train_balanced_1000017,1000017,balanced,balanced_cost,0.0,1.0,0.0,group_anchor_1,163,163,0,0.0,163,0,0.0,0,0.0,1.812754482560592,1.875254482560592,-0.0625,1.812754482560592,1.8752544825605921,-2.220446049250313e-16,quality,-825.1,-332.4291200685802,-11.252500000000003,0.9999999999999998,1.0,-0.24949103487881594,0.0,0.0,-0.0625,51,233.70000000000002,True,False,completed,1.0,1.0,825.1,825.1,332.4291200685802,11.252500000000003,0.3153070028562993,0.24949103487881594,0.19840000000000002,0.15307868408333333,0.75,0,0.0,0,0,3,0.01485148514851485,2,47,0,3,2105,210.5,0,0,0,0.0,0,0.0,0,0,14,0.0,0,{},0.0,8,1.0,43,8,81,16,15,53,38,15,0,53,0,38,0,15,0,0,0,53,6,5,0,11,0,53,0,0,38,0,15,41,4,1.2926829268292683,0,10,1835,9.638729300000705,7.4612825999065535,0.1548101999942446,0.38154270002269186,13.182259000001068,parallel_episode_batch,pending,-0.0013647407999840275,0.003828423212137844,0.5852649073148596,-0.005303177581136596,3.5086248137053314e-06,0.0,1.0000392537692497,0.3546261824667454,0.2413793103448276,1.5584594011306763,0.9419476985931396,0.1850070208311081,0.13729701936244965,0.06459632515907288,0.8046504855155945,0.2022586166858673,0.8780900239944458,0.0001,-0.29927560687065125,-0.3010184168815613,-0.20116230845451355,-0.20078882575035095,-0.20083951950073242,0.29986804723739624,-0.30120721459388733,-0.30062994360923767,-0.20025117695331573,-0.20068027079105377,-0.20139971375465393,0.01798621006309986,0.11962331831455231,0.01798621006309986,0.11983520537614822,0.0,1.5014010667800903,1.0017712116241455
87,87,17,2,17,9,train_balanced_1000017,1000017,balanced,balanced_cost,0.0,0.0,1.0,group_anchor_2,181,181,0,0.0,181,0,0.0,0,0.0,1.9082876277011438,1.9707876277011438,-0.0625,1.9082876277011438,1.970787627701144,-2.220446049250313e-16,quality,-1009.6999999999997,-484.91373735975003,-3.1025000000000005,0.9999999999999998,1.0,-0.058424744597711964,0.0,0.0,-0.0625,51,210.20000000000002,True,False,completed,1.0,1.0,1009.6999999999997,1009.6999999999997,484.91373735975003,3.1024999999999996,0.33812293904597257,0.058424744597711964,0.31390000000000007,0.19441666666666668,0.75,0,0.0,0,0,0,0.0,2,61,0,3,1768,176.8,0,0,0,0.0,0,0.0,0,0,20,0.0,0,{},0.0,11,0.9090909090909091,40,11,86,22,22,63,41,22,0,63,0,41,0,22,0,0,0,63,9,7,0,16,0,63,0,0,41,0,22,44,4,1.4318181818181819,0,10,1835,9.638729300000705,7.4612825999065535,0.14314310000190744,0.3272515000717249,13.182259000001068,parallel_episode_batch,pending,-0.0013647407999840275,0.003828423212137844,0.5852649073148596,-0.005303177581136596,3.5086248137053314e-06,0.0,1.0000392537692497,0.3546261824667454,0.2413793103448276,1.5584594011306763,0.9419476985931396,0.1850070208311081,0.13729701936244965,0.06459632515907288,0.8046504855155945,0.2022586166858673,0.8780900239944458,0.0001,-0.29927560687065125,-0.3010184168815613,-0.20116230845451355,-0.20078882575035095,-0.20083951950073242,0.29986804723739624,-0.30120721459388733,-0.30062994360923767,-0.20025117695331573,-0.20068027079105377,-0.20139971375465393,0.01798621006309986,0.11962331831455231,0.01798621006309986,0.11983520537614822,0.0,1.5014010667800903,1.0017712116241455
88,88,17,3,17,9,train_balanced_1000017,1000017,balanced,balanced_cost,0.3333333333333333,0.3333333333333333,0.3333333333333333,group_anchor_3,144,144,0,0.0,144,0,0.0,0,0.0,1.819355166017461,1.881855166017461,-0.0625,1.819355166017461,1.8818551660174605,4.440892098500626e-16,quality,-592.5000000000001,-222.08205846446003,-12.235555555555557,0.9999999999999998,1.0,-0.2362896679650789,0.0,0.0,-0.0625,51,204.5,True,False,completed,1.0,1.0,592.5000000000001,592.5000000000001,222.08205846446003,12.235555555555557,0.2591094149379157,0.2362896679650789,0.20530000000000004,0.12616339886666667,0.75,0,0.0,0,0,0,0.0,3,30,0,0,1855,185.5,0,0,0,0.0,0,0.0,0,0,18,0.0,0,{},0.0,5,1.0,46,5,73,10,10,73,63,10,0,73,0,63,0,10,0,0,0,73,5,5,0,10,0,73,0,0,63,0,10,56,3,1.3035714285714286,0,10,1835,9.638729300000705,7.4612825999065535,0.11737820000416832,0.1853373999692849,13.182259000001068,parallel_episode_batch,pending,-0.0013647407999840275,0.003828423212137844,0.5852649073148596,-0.005303177581136596,3.5086248137053314e-06,0.0,1.0000392537692497,0.3546261824667454,0.2413793103448276,1.5584594011306763,0.9419476985931396,0.1850070208311081,0.13729701936244965,0.06459632515907288,0.8046504855155945,0.2022586166858673,0.8780900239944458,0.0001,-0.29927560687065125,-0.3010184168815613,-0.20116230845451355,-0.20078882575035095,-0.20083951950073242,0.29986804723739624,-0.30120721459388733,-0.30062994360923767,-0.20025117695331573,-0.20068027079105377,-0.20139971375465393,0.01798621006309986,0.11962331831455231,0.01798621006309986,0.11983520537614822,0.0,1.5014010667800903,1.0017712116241455
89,89,17,4,17,9,train_balanced_1000017,1000017,balanced,balanced_cost,0.5,0.3,0.2,group_anchor_4,152,152,0,0.0,152,0,0.0,0,0.0,1.8042732349021975,1.8667732349021975,-0.0625,1.8042732349021975,1.8667732349021975,0.0,quality,-685.9000000000003,-238.05415432503995,-7.776666666666667,0.9999999999999998,1.0,-0.2664535301956051,0.0,0.0,-0.0625,51,205.0,True,False,completed,1.0,1.0,685.9000000000003,685.9000000000003,238.05415432503995,7.776666666666667,0.2664535301956051,0.2664535301956051,0.1488721045,0.11537317368333333,0.75,0,0.0,0,0,0,0.0,2,33,0,1,1862,186.20000000000002,0,0,0,0.0,0,0.0,0,0,10,0.0,0,{},0.0,6,1.0,45,6,77,12,12,71,59,12,0,71,0,59,0,12,0,0,0,71,6,6,0,12,0,71,0,0,59,0,12,48,4,1.4791666666666667,0,10,1835,9.638729300000705,7.4612825999065535,0.1348082999975304,0.251622599986149,13.182259000001068,parallel_episode_batch,pending,-0.0013647407999840275,0.003828423212137844,0.5852649073148596,-0.005303177581136596,3.5086248137053314e-06,0.0,1.0000392537692497,0.3546261824667454,0.2413793103448276,1.5584594011306763,0.9419476985931396,0.1850070208311081,0.13729701936244965,0.06459632515907288,0.8046504855155945,0.2022586166858673,0.8780900239944458,0.0001,-0.29927560687065125,-0.3010184168815613,-0.20116230845451355,-0.20078882575035095,-0.20083951950073242,0.29986804723739624,-0.30120721459388733,-0.30062994360923767,-0.20025117695331573,-0.20068027079105377,-0.20139971375465393,0.01798621006309986,0.11962331831455231,0.01798621006309986,0.11983520537614822,0.0,1.5014010667800903,1.0017712116241455
90,90,18,0,18,10,train_balanced_1000018,1000018,balanced,fixed_cost_dominant,1.0,0.0,0.0,group_anchor_0,218,218,0,0.0,218,0,0.0,0,0.0,1.7395539669754325,1.8020539669754325,-0.062499999999999986,1.7395539669754325,1.802053966975433,-4.440892098500626e-16,quality,-786.4,-432.14035043785003,-16.406666666666677,1.0,1.0,-0.3958920660491341,0.0,0.0,-0.062499999999999986,69,229.0,True,False,completed,1.0,1.0,786.4,786.4,432.14035043785003,16.406666666666677,0.3378820667142111,0.3958920660491341,0.28296551610000004,0.2480403370166667,0.75,0,0.0,0,0,0,0.0,1,57,0,0,1963,196.3,0,0,0,0.0,0,0.0,0,0,41,0.0,0,{},0.0,11,1.0,58,11,105,22,22,126,102,24,2,124,0,102,2,22,2,2,0,124,12,12,0,22,0,124,0,0,102,2,22,87,6,1.4482758620689655,0,10,1791,9.29416919999494,7.282307000023138,0.16896470000210684,0.14944220009056153,12.89787150000484,parallel_episode_batch,pending,-9.356382569032056e-06,0.013957189907419629,0.5381869833384242,0.0015873694459774665,3.853140888005717e-06,0.0,1.0000119571174895,0.3388971902563104,0.16071428571428573,1.0614392757415771,1.048743724822998,0.2663606107234955,0.09456589818000793,0.14956556260585785,0.954177737236023,0.23507316410541534,0.6847004890441895,0.0001,-0.29893121123313904,-0.300967276096344,-0.20113088190555573,-0.20074893534183502,-0.2008114606142044,0.299545556306839,-0.30131521821022034,-0.3007194995880127,-0.2001943737268448,-0.20078487694263458,-0.20151963829994202,0.01798621006309986,0.12007210403680801,0.01798621006309986,0.11977409571409225,0.0,1.5011368989944458,1.001880168914795
91,91,18,1,18,10,train_balanced_1000018,1000018,balanced,fixed_cost_dominant,0.0,1.0,0.0,group_anchor_1,223,223,0,0.0,223,0,0.0,0,0.0,0.1519775963578468,0.2144775963578468,-0.0625,0.1519775963578468,0.21447759635784683,-2.7755575615628914e-17,quality,-1181.4999999999998,-472.85124368839007,-15.021388888888891,0.9375,0.0,-0.32104480728430634,-1.0,-0.0625,-0.0625,68,240.0,False,True,horizon,0.9375,0.9855072463768116,,1181.4999999999998,472.85124368839007,15.021388888888891,0.39057584294745074,0.32104480728430634,0.3032014029,0.24983806365000005,0.75,0,0.0,0,0,6,0.030612244897959183,1,62,0,1,1988,198.8,0,0,0,0.0,0,0.0,0,0,41,0.0,0,{},0.0,12,1.0,57,12,107,24,23,93,68,25,2,91,0,68,2,23,2,2,0,91,12,12,0,22,0,91,0,0,68,2,23,62,5,1.5,0,10,1791,9.29416919999494,7.282307000023138,0.16093360000377288,0.23321979995671427,12.89787150000484,parallel_episode_batch,pending,-9.356382569032056e-06,0.013957189907419629,0.5381869833384242,0.0015873694459774665,3.853140888005717e-06,0.0,1.0000119571174895,0.3388971902563104,0.16071428571428573,1.0614392757415771,1.048743724822998,0.2663606107234955,0.09456589818000793,0.14956556260585785,0.954177737236023,0.23507316410541534,0.6847004890441895,0.0001,-0.29893121123313904,-0.300967276096344,-0.20113088190555573,-0.20074893534183502,-0.2008114606142044,0.299545556306839,-0.30131521821022034,-0.3007194995880127,-0.2001943737268448,-0.20078487694263458,-0.20151963829994202,0.01798621006309986,0.12007210403680801,0.01798621006309986,0.11977409571409225,0.0,1.5011368989944458,1.001880168914795
92,92,18,2,18,10,train_balanced_1000018,1000018,balanced,fixed_cost_dominant,0.0,0.0,1.0,group_anchor_2,214,214,0,0.0,214,0,0.0,0,0.0,1.8611231072284222,1.9236231072284222,-0.0625,1.8611231072284222,1.9236231072284222,0.0,quality,-956.7000000000005,-455.51878176248,-9.01472222222222,1.0,1.0,-0.1527537855431554,0.0,0.0,-0.0625,69,228.10000000000002,True,False,completed,1.0,1.0,956.7000000000005,956.7000000000005,455.51878176248,9.01472222222222,0.34623586972544196,0.1527537855431554,0.35003299899999996,0.25892367035,0.75,0,0.0,0,0,0,0.0,2,60,0,2,1990,199.0,0,0,0,0.0,0,0.0,0,0,43,0.0,0,{},0.0,11,1.0,58,11,104,22,19,87,68,19,0,87,0,68,0,19,0,0,0,87,10,9,1,18,0,87,0,0,68,0,19,63,4,1.380952380952381,0,10,1791,9.29416919999494,7.282307000023138,0.11788089999754447,0.2673912000100245,12.89787150000484,parallel_episode_batch,pending,-9.356382569032056e-06,0.013957189907419629,0.5381869833384242,0.0015873694459774665,3.853140888005717e-06,0.0,1.0000119571174895,0.3388971902563104,0.16071428571428573,1.0614392757415771,1.048743724822998,0.2663606107234955,0.09456589818000793,0.14956556260585785,0.954177737236023,0.23507316410541534,0.6847004890441895,0.0001,-0.29893121123313904,-0.300967276096344,-0.20113088190555573,-0.20074893534183502,-0.2008114606142044,0.299545556306839,-0.30131521821022034,-0.3007194995880127,-0.2001943737268448,-0.20078487694263458,-0.20151963829994202,0.01798621006309986,0.12007210403680801,0.01798621006309986,0.11977409571409225,0.0,1.5011368989944458,1.001880168914795
93,93,18,3,18,10,train_balanced_1000018,1000018,balanced,fixed_cost_dominant,0.3333333333333333,0.3333333333333333,0.3333333333333333,group_anchor_3,228,228,0,0.0,228,0,0.0,0,0.0,1.7931190719757424,1.8556190719757424,-0.0625,1.7931190719757424,1.8556190719757422,2.220446049250313e-16,quality,-882.3000000000001,-464.5726633943699,-7.166666666666669,1.0,1.0,-0.28876185604851545,0.0,0.0,-0.0625,69,228.5,True,False,completed,1.0,1.0,882.3000000000001,882.3000000000001,464.5726633943699,7.166666666666669,0.3320920597398685,0.28876185604851545,0.278032999,0.23387626798333336,0.75,0,0.0,0,0,0,0.0,2,65,0,4,1976,197.60000000000002,0,0,0,0.0,0,0.0,0,0,42,0.0,0,{},0.0,12,1.0,57,12,113,24,22,109,87,22,0,109,0,87,0,22,0,0,0,109,11,12,1,22,0,109,0,0,87,0,22,77,4,1.4155844155844155,0,10,1791,9.29416919999494,7.282307000023138,0.15317320000031032,0.21657460003189044,12.89787150000484,parallel_episode_batch,pending,-9.356382569032056e-06,0.013957189907419629,0.5381869833384242,0.0015873694459774665,3.853140888005717e-06,0.0,1.0000119571174895,0.3388971902563104,0.16071428571428573,1.0614392757415771,1.048743724822998,0.2663606107234955,0.09456589818000793,0.14956556260585785,0.954177737236023,0.23507316410541534,0.6847004890441895,0.0001,-0.29893121123313904,-0.300967276096344,-0.20113088190555573,-0.20074893534183502,-0.2008114606142044,0.299545556306839,-0.30131521821022034,-0.3007194995880127,-0.2001943737268448,-0.20078487694263458,-0.20151963829994202,0.01798621006309986,0.12007210403680801,0.01798621006309986,0.11977409571409225,0.0,1.5011368989944458,1.001880168914795
94,94,18,4,18,10,train_balanced_1000018,1000018,balanced,fixed_cost_dominant,0.5,0.3,0.2,group_anchor_4,207,207,0,0.0,207,0,0.0,0,0.0,1.7887176323843497,1.8512176323843497,-0.0625,1.7887176323843497,1.85121763238435,-4.440892098500626e-16,quality,-834.7,-355.3841400467002,-3.7022222222222236,1.0,1.0,-0.2975647352312999,0.0,0.0,-0.0625,69,229.8,True,False,completed,1.0,1.0,834.7,834.7,355.3841400467002,3.7022222222222236,0.2975647352312999,0.2975647352312999,0.29626551610000007,0.23592367034999998,0.75,0,0.0,0,0,0,0.0,1,49,0,0,1958,195.8,0,0,0,0.0,0,0.0,0,0,43,0.0,0,{},0.0,9,1.0,60,9,103,18,17,101,82,19,2,99,0,82,2,17,2,2,0,99,9,9,0,16,0,99,0,0,82,2,17,72,5,1.4027777777777777,0,10,1791,9.29416919999494,7.282307000023138,0.12258370000199648,0.25781599999027094,12.89787150000484,parallel_episode_batch,pending,-9.356382569032056e-06,0.013957189907419629,0.5381869833384242,0.0015873694459774665,3.853140888005717e-06,0.0,1.0000119571174895,0.3388971902563104,0.16071428571428573,1.0614392757415771,1.048743724822998,0.2663606107234955,0.09456589818000793,0.14956556260585785,0.954177737236023,0.23507316410541534,0.6847004890441895,0.0001,-0.29893121123313904,-0.300967276096344,-0.20113088190555573,-0.20074893534183502,-0.2008114606142044,0.299545556306839,-0.30131521821022034,-0.3007194995880127,-0.2001943737268448,-0.20078487694263458,-0.20151963829994202,0.01798621006309986,0.12007210403680801,0.01798621006309986,0.11977409571409225,0.0,1.5011368989944458,1.001880168914795
95,95,19,0,19,10,train_easy_1000019,1000019,easy,labor_dominant,1.0,0.0,0.0,group_anchor_0,130,130,0,0.0,130,0,0.0,0,0.0,1.8082823507601038,1.8707823507601038,-0.0625,1.8082823507601038,1.8707823507601038,0.0,quality,-418.20000000000016,-162.22779292263,-8.243333333333334,1.0,1.0,-0.2584352984797924,0.0,0.0,-0.0625,44,174.20000000000002,True,False,completed,1.0,1.0,418.20000000000016,418.20000000000016,162.22779292263,8.243333333333334,0.1993992215167112,0.2584352984797924,0.12600000000000003,0.09061867383333333,0.75,0,0.0,0,0,0,0.0,2,26,0,0,1621,162.10000000000002,0,0,0,0.0,0,0.0,0,0,11,0.0,0,{},0.0,5,1.0,39,5,66,10,10,74,64,10,0,74,0,64,0,10,0,0,0,74,5,5,0,10,0,74,0,0,64,0,10,53,4,1.3962264150943395,0,10,1791,9.29416919999494,7.282307000023138,0.13649189999705413,0.1533068000280764,12.89787150000484,parallel_episode_batch,pending,-9.356382569032056e-06,0.013957189907419629,0.5381869833384242,0.0015873694459774665,3.853140888005717e-06,0.0,1.0000119571174895,0.3388971902563104,0.16071428571428573,1.0614392757415771,1.048743724822998,0.2663606107234955,0.09456589818000793,0.14956556260585785,0.954177737236023,0.23507316410541534,0.6847004890441895,0.0001,-0.29893121123313904,-0.300967276096344,-0.20113088190555573,-0.20074893534183502,-0.2008114606142044,0.299545556306839,-0.30131521821022034,-0.3007194995880127,-0.2001943737268448,-0.20078487694263458,-0.20151963829994202,0.01798621006309986,0.12007210403680801,0.01798621006309986,0.11977409571409225,0.0,1.5011368989944458,1.001880168914795
96,96,19,1,19,10,train_easy_1000019,1000019,easy,labor_dominant,0.0,1.0,0.0,group_anchor_1,148,148,0,0.0,148,0,0.0,0,0.0,1.8327332897284854,1.8952332897284854,-0.0625,1.8327332897284854,1.895233289728485,4.440892098500626e-16,quality,-498.09999999999997,-265.07562240895004,-17.62472222222223,1.0,1.0,-0.20953342054303006,0.0,0.0,-0.0625,44,192.20000000000002,True,False,completed,1.0,1.0,498.09999999999997,498.09999999999997,265.07562240895004,17.62472222222223,0.26164903040696497,0.20953342054303006,0.13300000000000003,0.10904367995000001,0.75,0,0.0,0,0,0,0.0,2,47,0,2,1649,164.9,0,0,0,0.0,0,0.0,0,0,12,0.0,0,{},0.0,8,1.0,36,8,73,16,15,65,50,15,0,65,0,50,0,15,0,0,0,65,7,7,0,14,0,65,0,0,50,0,15,44,4,1.4772727272727273,0,10,1791,9.29416919999494,7.282307000023138,0.112892400000419,0.27080649996059947,12.89787150000484,parallel_episode_batch,pending,-9.356382569032056e-06,0.013957189907419629,0.5381869833384242,0.0015873694459774665,3.853140888005717e-06,0.0,1.0000119571174895,0.3388971902563104,0.16071428571428573,1.0614392757415771,1.048743724822998,0.2663606107234955,0.09456589818000793,0.14956556260585785,0.954177737236023,0.23507316410541534,0.6847004890441895,0.0001,-0.29893121123313904,-0.300967276096344,-0.20113088190555573,-0.20074893534183502,-0.2008114606142044,0.299545556306839,-0.30131521821022034,-0.3007194995880127,-0.2001943737268448,-0.20078487694263458,-0.20151963829994202,0.01798621006309986,0.12007210403680801,0.01798621006309986,0.11977409571409225,0.0,1.5011368989944458,1.001880168914795
97,97,19,2,19,10,train_easy_1000019,1000019,easy,labor_dominant,0.0,0.0,1.0,group_anchor_2,152,152,0,0.0,152,0,0.0,0,0.0,1.9096212407346198,1.9721212407346198,-0.0625,1.9096212407346198,1.9721212407346207,-8.881784197001252e-16,quality,-666.5000000000001,-311.55680797917995,-2.9524999999999992,1.0,1.0,-0.055757518530758686,0.0,0.0,-0.0625,44,180.70000000000002,True,False,completed,1.0,1.0,666.5000000000001,666.5000000000001,311.55680797917995,2.9524999999999992,0.26095842747095854,0.055757518530758686,0.165,0.12429367995,0.75,0,0.0,0,0,0,0.0,2,53,0,0,1536,153.60000000000002,0,0,0,0.0,0,0.0,0,0,16,0.0,0,{},0.0,9,1.0,35,9,73,18,17,72,55,17,0,72,0,55,0,17,0,0,0,72,8,9,0,17,0,72,0,0,55,0,17,46,4,1.565217391304348,0,10,1791,9.29416919999494,7.282307000023138,0.14359529999637743,0.21099370006413665,12.89787150000484,parallel_episode_batch,pending,-9.356382569032056e-06,0.013957189907419629,0.5381869833384242,0.0015873694459774665,3.853140888005717e-06,0.0,1.0000119571174895,0.3388971902563104,0.16071428571428573,1.0614392757415771,1.048743724822998,0.2663606107234955,0.09456589818000793,0.14956556260585785,0.954177737236023,0.23507316410541534,0.6847004890441895,0.0001,-0.29893121123313904,-0.300967276096344,-0.20113088190555573,-0.20074893534183502,-0.2008114606142044,0.299545556306839,-0.30131521821022034,-0.3007194995880127,-0.2001943737268448,-0.20078487694263458,-0.20151963829994202,0.01798621006309986,0.12007210403680801,0.01798621006309986,0.11977409571409225,0.0,1.5011368989944458,1.001880168914795
98,98,19,3,19,10,train_easy_1000019,1000019,easy,labor_dominant,0.3333333333333333,0.3333333333333333,0.3333333333333333,group_anchor_3,136,136,0,0.0,136,0,0.0,0,0.0,1.8497183932254107,1.9122183932254107,-0.0625,1.8497183932254107,1.9122183932254113,-6.661338147750939e-16,quality,-491.80000000000007,-216.08897323666002,-3.0955555555555554,1.0,1.0,-0.17556321354917737,0.0,0.0,-0.0625,44,174.8,True,False,completed,1.0,1.0,491.80000000000007,491.80000000000007,216.08897323666002,3.095555555555555,0.21031599269313578,0.17556321354917737,0.15400000000000003,0.12004367995000002,0.75,0,0.0,0,0,0,0.0,2,35,0,0,1573,157.3,0,0,0,0.0,0,0.0,0,0,13,0.0,0,{},0.0,6,1.0,38,6,68,12,12,67,55,12,0,67,0,55,0,12,0,0,0,67,6,6,0,12,0,67,0,0,55,0,12,48,5,1.3958333333333333,0,10,1791,9.29416919999494,7.282307000023138,0.14589259999775095,0.19718989999819314,12.89787150000484,parallel_episode_batch,pending,-9.356382569032056e-06,0.013957189907419629,0.5381869833384242,0.0015873694459774665,3.853140888005717e-06,0.0,1.0000119571174895,0.3388971902563104,0.16071428571428573,1.0614392757415771,1.048743724822998,0.2663606107234955,0.09456589818000793,0.14956556260585785,0.954177737236023,0.23507316410541534,0.6847004890441895,0.0001,-0.29893121123313904,-0.300967276096344,-0.20113088190555573,-0.20074893534183502,-0.2008114606142044,0.299545556306839,-0.30131521821022034,-0.3007194995880127,-0.2001943737268448,-0.20078487694263458,-0.20151963829994202,0.01798621006309986,0.12007210403680801,0.01798621006309986,0.11977409571409225,0.0,1.5011368989944458,1.001880168914795
99,99,19,4,19,10,train_easy_1000019,1000019,easy,labor_dominant,0.5,0.3,0.2,group_anchor_4,135,135,0,0.0,135,0,0.0,0,0.0,1.8229140311291263,1.8854140311291263,-0.0625,1.8229140311291263,1.885414031129127,-6.661338147750939e-16,quality,-470.0,-198.93721888742004,-11.986666666666672,1.0,1.0,-0.2291719377417461,0.0,0.0,-0.0625,44,180.20000000000002,True,False,completed,1.0,1.0,470.0,470.0,198.93721888742004,11.98666666666667,0.2291719377417461,0.2291719377417461,0.12600000000000003,0.09558059288333336,0.75,0,0.0,0,0,0,0.0,2,34,0,0,1571,157.10000000000002,0,0,0,0.0,0,0.0,0,0,12,0.0,0,{},0.0,6,1.0,38,6,67,12,12,63,51,12,0,63,0,51,0,12,0,0,0,63,6,6,0,12,0,63,0,0,51,0,12,44,4,1.4318181818181819,0,10,1791,9.29416919999494,7.282307000023138,0.11597629999596393,0.15919849996862467,12.89787150000484,parallel_episode_batch,pending,-9.356382569032056e-06,0.013957189907419629,0.5381869833384242,0.0015873694459774665,3.853140888005717e-06,0.0,1.0000119571174895,0.3388971902563104,0.16071428571428573,1.0614392757415771,1.048743724822998,0.2663606107234955,0.09456589818000793,0.14956556260585785,0.954177737236023,0.23507316410541534,0.6847004890441895,0.0001,-0.29893121123313904,-0.300967276096344,-0.20113088190555573,-0.20074893534183502,-0.2008114606142044,0.299545556306839,-0.30131521821022034,-0.3007194995880127,-0.2001943737268448,-0.20078487694263458,-0.20151963829994202,0.01798621006309986,0.12007210403680801,0.01798621006309986,0.11977409571409225,0.0,1.5011368989944458,1.001880168914795
100,100,20,0,20,11,train_fatigue_bottleneck_1000020,1000020,fatigue_bottleneck,balanced_cost,1.0,0.0,0.0,group_anchor_0,305,305,0,0.0,305,0,0.0,0,0.0,1.6511904337915806,1.7136904337915806,-0.06249999999999997,1.6511904337915806,1.7136904337915806,0.0,quality,-1607.8000000000002,-1102.2862014665795,-24.931388888888893,1.0000000000000002,1.0,-0.5726191324168388,0.0,0.0,-0.06249999999999997,82,165.0,True,False,completed,1.0,1.0,1607.8000000000002,1607.8000000000002,1102.2862014665795,24.931388888888893,0.5101523578019215,0.5726191324168388,0.7007595030000002,0.6027630086500002,0.75,6,0.05504587155963303,0,0,5,0.03164556962025317,1,102,2,0,1167,116.7,0,0,0,0.0,0,0.0,0,0,49,0.0,0,{},0.0,22,0.9545454545454546,60,22,137,44,42,183,133,50,8,175,0,133,8,42,8,8,0,175,27,24,1,42,7,175,0,0,133,8,42,114,8,1.605263157894737,0,10,2264,12.407634099996358,9.606418199997279,0.17921790000400506,0.1959207999825594,17.785466900000756,parallel_episode_batch,pending,-0.003070309719381233,0.001808036194739139,0.5434339265856478,-0.007600631066856699,7.041878469572617e-06,0.0,1.0000555059976048,0.15452627622936335,0.06944444444444445,0.9461266994476318,1.1561535596847534,0.2301035374403,0.08440755307674408,0.06144446134567261,1.0717461109161377,0.2173454463481903,0.9286952018737793,0.0001,-0.29872605204582214,-0.30116620659828186,-0.20140589773654938,-0.20088940858840942,-0.20118962228298187,0.29972490668296814,-0.30165737867355347,-0.30097290873527527,-0.1998254507780075,-0.20104654133319855,-0.2019960582256317,0.01798621006309986,0.12037672102451324,0.01798621006309986,0.11972352862358093,0.0,1.5015928745269775,1.0030800104141235
101,101,20,1,20,11,train_fatigue_bottleneck_1000020,1000020,fatigue_bottleneck,balanced_cost,0.0,1.0,0.0,group_anchor_1,263,263,0,0.0,263,0,0.0,0,0.0,1.7294287400359436,1.7919287400359436,-0.0625,1.7294287400359436,1.791928740035944,-4.440892098500626e-16,quality,-1998.3999999999996,-712.7467475057,-10.375555555555552,1.0000000000000002,1.0,-0.41614251992811213,0.0,0.0,-0.0625,82,176.4,True,False,completed,1.0,1.0,1998.3999999999996,1998.3999999999996,712.7467475057,10.375555555555552,0.4716190131857667,0.41614251992811213,0.5464282266000002,0.4464296753166668,0.75,0,0.0,0,0,0,0.0,1,76,0,6,1410,141.0,0,0,0,0.0,0,0.0,0,0,61,0.0,0,{},0.0,14,1.0,68,14,128,28,25,95,68,27,2,93,0,68,2,25,2,2,0,93,12,13,1,22,0,93,0,0,68,2,25,66,6,1.4393939393939394,0,10,2264,12.407634099996358,9.606418199997279,0.1611025000020163,0.3583840000355849,17.785466900000756,parallel_episode_batch,pending,-0.003070309719381233,0.001808036194739139,0.5434339265856478,-0.007600631066856699,7.041878469572617e-06,0.0,1.0000555059976048,0.15452627622936335,0.06944444444444445,0.9461266994476318,1.1561535596847534,0.2301035374403,0.08440755307674408,0.06144446134567261,1.0717461109161377,0.2173454463481903,0.9286952018737793,0.0001,-0.29872605204582214,-0.30116620659828186,-0.20140589773654938,-0.20088940858840942,-0.20118962228298187,0.29972490668296814,-0.30165737867355347,-0.30097290873527527,-0.1998254507780075,-0.20104654133319855,-0.2019960582256317,0.01798621006309986,0.12037672102451324,0.01798621006309986,0.11972352862358093,0.0,1.5015928745269775,1.0030800104141235
102,102,20,2,20,11,train_fatigue_bottleneck_1000020,1000020,fatigue_bottleneck,balanced_cost,0.0,0.0,1.0,group_anchor_2,301,301,0,0.0,301,0,0.0,0,0.0,1.8382962485471137,1.9007962485471137,-0.0625,1.8382962485471137,1.9007962485471137,0.0,quality,-1699.3,-1059.45571869104,-12.375833333333325,1.0000000000000002,1.0,-0.19840750290577272,0.0,0.0,-0.0625,82,167.5,True,False,completed,1.0,1.0,1699.3,1699.3,1059.45571869104,12.375833333333325,0.4870654403221461,0.1984075029057727,0.6140104329000002,0.5409130086499999,0.75,0,0.0,0,0,0,0.0,1,106,0,5,1288,128.8,0,0,0,0.0,0,0.0,0,0,50,0.0,0,{},0.0,21,0.9523809523809523,61,21,141,42,36,143,103,40,4,139,0,103,4,36,4,4,0,139,21,21,4,34,0,139,0,0,103,4,36,94,6,1.5212765957446808,0,10,2264,12.407634099996358,9.606418199997279,0.17289500000333646,0.2448361000570003,17.785466900000756,parallel_episode_batch,pending,-0.003070309719381233,0.001808036194739139,0.5434339265856478,-0.007600631066856699,7.041878469572617e-06,0.0,1.0000555059976048,0.15452627622936335,0.06944444444444445,0.9461266994476318,1.1561535596847534,0.2301035374403,0.08440755307674408,0.06144446134567261,1.0717461109161377,0.2173454463481903,0.9286952018737793,0.0001,-0.29872605204582214,-0.30116620659828186,-0.20140589773654938,-0.20088940858840942,-0.20118962228298187,0.29972490668296814,-0.30165737867355347,-0.30097290873527527,-0.1998254507780075,-0.20104654133319855,-0.2019960582256317,0.01798621006309986,0.12037672102451324,0.01798621006309986,0.11972352862358093,0.0,1.5015928745269775,1.0030800104141235
103,103,20,3,20,11,train_fatigue_bottleneck_1000020,1000020,fatigue_bottleneck,balanced_cost,0.3333333333333333,0.3333333333333333,0.3333333333333333,group_anchor_3,297,297,0,0.0,297,0,0.0,0,0.0,1.6903283420721984,1.7528283420721984,-0.0625,1.6903283420721984,1.7528283420721984,0.0,quality,-1647.3,-1028.58170287732,-32.97888888888888,1.0000000000000002,1.0,-0.4943433158556032,0.0,0.0,-0.0625,82,165.70000000000002,True,False,completed,1.0,1.0,1647.3,1647.3,1028.58170287732,32.97888888888888,0.5208748939968724,0.4943433158556032,0.7169994947,0.6560463419833333,0.75,6,0.06315789473684211,0,0,37,0.13602941176470587,1,89,1,4,1290,129.0,0,0,0,0.0,0,0.0,0,0,45,0.0,0,{},0.0,20,1.0,62,20,138,40,37,147,102,45,8,139,0,102,8,37,8,8,0,139,21,23,2,34,7,139,0,0,102,8,37,89,5,1.651685393258427,0,10,2264,12.407634099996358,9.606418199997279,0.18677690000185976,0.2499739000122645,17.785466900000756,parallel_episode_batch,pending,-0.003070309719381233,0.001808036194739139,0.5434339265856478,-0.007600631066856699,7.041878469572617e-06,0.0,1.0000555059976048,0.15452627622936335,0.06944444444444445,0.9461266994476318,1.1561535596847534,0.2301035374403,0.08440755307674408,0.06144446134567261,1.0717461109161377,0.2173454463481903,0.9286952018737793,0.0001,-0.29872605204582214,-0.30116620659828186,-0.20140589773654938,-0.20088940858840942,-0.20118962228298187,0.29972490668296814,-0.30165737867355347,-0.30097290873527527,-0.1998254507780075,-0.20104654133319855,-0.2019960582256317,0.01798621006309986,0.12037672102451324,0.01798621006309986,0.11972352862358093,0.0,1.5015928745269775,1.0030800104141235
104,104,20,4,20,11,train_fatigue_bottleneck_1000020,1000020,fatigue_bottleneck,balanced_cost,0.5,0.3,0.2,group_anchor_4,340,340,0,0.0,340,0,0.0,0,0.0,1.6910281364318058,1.7535281364318058,-0.0625,1.6910281364318058,1.7535281364318054,4.440892098500626e-16,quality,-1734.9999999999995,-1383.1728435710995,-6.57888888888888,1.0000000000000002,1.0,-0.49294372713638923,0.0,0.0,-0.0625,82,181.60000000000002,True,False,completed,1.0,1.0,1734.9999999999995,1734.9999999999995,1383.1728435710995,6.578888888888879,0.49294372713638923,0.49294372713638923,0.7498071828999999,0.71151300865,0.75,29,0.22137404580152673,5,5,6,0.02857142857142857,0,102,1,3,1263,126.30000000000001,0,0,0,0.0,0,0.0,0,0,51,0.0,0,{},7.7,26,0.9230769230769231,56,26,153,52,53,199,129,70,17,182,0,129,17,53,17,17,0,182,32,44,2,52,23,182,0,0,129,17,53,106,10,1.8773584905660377,0,10,2264,12.407634099996358,9.606418199997279,0.19566080000367947,0.26333649984007934,17.785466900000756,parallel_episode_batch,pending,-0.003070309719381233,0.001808036194739139,0.5434339265856478,-0.007600631066856699,7.041878469572617e-06,0.0,1.0000555059976048,0.15452627622936335,0.06944444444444445,0.9461266994476318,1.1561535596847534,0.2301035374403,0.08440755307674408,0.06144446134567261,1.0717461109161377,0.2173454463481903,0.9286952018737793,0.0001,-0.29872605204582214,-0.30116620659828186,-0.20140589773654938,-0.20088940858840942,-0.20118962228298187,0.29972490668296814,-0.30165737867355347,-0.30097290873527527,-0.1998254507780075,-0.20104654133319855,-0.2019960582256317,0.01798621006309986,0.12037672102451324,0.01798621006309986,0.11972352862358093,0.0,1.5015928745269775,1.0030800104141235
105,105,21,0,21,11,train_balanced_1000021,1000021,balanced,fixed_cost_dominant,1.0,0.0,0.0,group_anchor_0,145,145,0,0.0,145,0,0.0,0,0.0,1.7815958880541376,1.8440958880541376,-0.0625,1.7815958880541376,1.8440958880541378,-2.220446049250313e-16,quality,-543.6999999999999,-264.7248867123599,-3.345555555555556,1.0,1.0,-0.31180822389172447,0.0,0.0,-0.0625,47,199.0,True,False,completed,1.0,1.0,543.6999999999999,543.6999999999999,264.7248867123599,3.345555555555556,0.23124133294565674,0.31180822389172447,0.1487753623,0.13310484023333335,0.75,0,0.0,0,0,0,0.0,2,40,0,0,1704,170.4,0,0,0,0.0,0,0.0,0,0,20,0.0,0,{},0.0,7,1.0,40,7,70,14,14,81,67,14,0,81,0,67,0,14,0,0,0,81,7,7,0,14,0,81,0,0,67,0,14,59,3,1.3728813559322033,0,10,2264,12.407634099996358,9.606418199997279,0.13223160000052303,0.1738127999997232,17.785466900000756,parallel_episode_batch,pending,-0.003070309719381233,0.001808036194739139,0.5434339265856478,-0.007600631066856699,7.041878469572617e-06,0.0,1.0000555059976048,0.15452627622936335,0.06944444444444445,0.9461266994476318,1.1561535596847534,0.2301035374403,0.08440755307674408,0.06144446134567261,1.0717461109161377,0.2173454463481903,0.9286952018737793,0.0001,-0.29872605204582214,-0.30116620659828186,-0.20140589773654938,-0.20088940858840942,-0.20118962228298187,0.29972490668296814,-0.30165737867355347,-0.30097290873527527,-0.1998254507780075,-0.20104654133319855,-0.2019960582256317,0.01798621006309986,0.12037672102451324,0.01798621006309986,0.11972352862358093,0.0,1.5015928745269775,1.0030800104141235
106,106,21,1,21,11,train_balanced_1000021,1000021,balanced,fixed_cost_dominant,0.0,1.0,0.0,group_anchor_1,153,153,0,0.0,153,0,0.0,0,0.0,1.825151224316993,1.887651224316993,-0.0625,1.825151224316993,1.8876512243169934,-4.440892098500626e-16,quality,-611.9999999999999,-289.819220566,-4.285833333333336,1.0,1.0,-0.2246975513660133,0.0,0.0,-0.0625,47,219.8,True,False,completed,1.0,1.0,611.9999999999999,611.9999999999999,289.819220566,4.285833333333335,0.2520733152490115,0.2246975513660133,0.1487753623,0.12439410966666668,0.75,0,0.0,0,0,0,0.0,2,47,0,0,1928,192.8,0,0,0,0.0,0,0.0,0,0,14,0.0,0,{},0.0,8,1.0,39,8,74,16,16,72,56,16,0,72,0,56,0,16,0,0,0,72,8,8,0,16,0,72,0,0,56,0,16,49,3,1.469387755102041,0,10,2264,12.407634099996358,9.606418199997279,0.13625670000328682,0.3339781999893603,17.785466900000756,parallel_episode_batch,pending,-0.003070309719381233,0.001808036194739139,0.5434339265856478,-0.007600631066856699,7.041878469572617e-06,0.0,1.0000555059976048,0.15452627622936335,0.06944444444444445,0.9461266994476318,1.1561535596847534,0.2301035374403,0.08440755307674408,0.06144446134567261,1.0717461109161377,0.2173454463481903,0.9286952018737793,0.0001,-0.29872605204582214,-0.30116620659828186,-0.20140589773654938,-0.20088940858840942,-0.20118962228298187,0.29972490668296814,-0.30165737867355347,-0.30097290873527527,-0.1998254507780075,-0.20104654133319855,-0.2019960582256317,0.01798621006309986,0.12037672102451324,0.01798621006309986,0.11972352862358093,0.0,1.5015928745269775,1.0030800104141235
107,107,21,2,21,11,train_balanced_1000021,1000021,balanced,fixed_cost_dominant,0.0,0.0,1.0,group_anchor_2,150,150,0,0.0,150,0,0.0,0,0.0,1.9121409868313493,1.9746409868313493,-0.0625,1.9121409868313493,1.9746409868313495,-2.220446049250313e-16,quality,-687.3000000000001,-283.84464533384005,-2.6713888888888886,1.0,1.0,-0.05071802633730097,0.0,0.0,-0.0625,47,196.5,True,False,completed,1.0,1.0,687.3000000000001,687.3000000000001,283.84464533384005,2.6713888888888886,0.258555991699377,0.05071802633730097,0.20750000000000002,0.1419381735666667,0.75,0,0.0,0,0,0,0.0,3,42,0,2,1649,164.9,0,0,0,0.0,0,0.0,0,0,18,0.0,0,{},0.0,7,0.8571428571428571,40,7,75,14,14,50,36,14,0,50,0,36,0,14,0,0,0,50,5,5,0,10,0,50,0,0,36,0,14,37,3,1.3513513513513513,0,10,2264,12.407634099996358,9.606418199997279,0.09918399999878602,0.37109240009158384,17.785466900000756,parallel_episode_batch,pending,-0.003070309719381233,0.001808036194739139,0.5434339265856478,-0.007600631066856699,7.041878469572617e-06,0.0,1.0000555059976048,0.15452627622936335,0.06944444444444445,0.9461266994476318,1.1561535596847534,0.2301035374403,0.08440755307674408,0.06144446134567261,1.0717461109161377,0.2173454463481903,0.9286952018737793,0.0001,-0.29872605204582214,-0.30116620659828186,-0.20140589773654938,-0.20088940858840942,-0.20118962228298187,0.29972490668296814,-0.30165737867355347,-0.30097290873527527,-0.1998254507780075,-0.20104654133319855,-0.2019960582256317,0.01798621006309986,0.12037672102451324,0.01798621006309986,0.11972352862358093,0.0,1.5015928745269775,1.0030800104141235
108,108,21,3,21,11,train_balanced_1000021,1000021,balanced,fixed_cost_dominant,0.3333333333333333,0.3333333333333333,0.3333333333333333,group_anchor_3,152,152,0,0.0,152,0,0.0,0,0.0,1.8290843940038188,1.8915843940038188,-0.0625,1.8290843940038188,1.8915843940038193,-4.440892098500626e-16,quality,-641.6000000000003,-306.54502819331003,-3.618055555555556,1.0,1.0,-0.2168312119923615,0.0,0.0,-0.0625,47,196.9,True,False,completed,1.0,1.0,641.6000000000003,641.6000000000003,306.54502819331003,3.618055555555556,0.2580788006008856,0.2168312119923615,0.1487753623,0.133977443,0.75,0,0.0,0,0,0,0.0,2,47,0,1,1656,165.60000000000002,0,0,0,0.0,0,0.0,0,0,19,0.0,0,{},0.0,8,1.0,39,8,74,16,15,66,51,15,0,66,0,51,0,15,0,0,0,66,7,6,0,13,0,66,0,0,51,0,15,50,3,1.32,0,10,2264,12.407634099996358,9.606418199997279,0.0959117000020342,0.2591321000363678,17.785466900000756,parallel_episode_batch,pending,-0.003070309719381233,0.001808036194739139,0.5434339265856478,-0.007600631066856699,7.041878469572617e-06,0.0,1.0000555059976048,0.15452627622936335,0.06944444444444445,0.9461266994476318,1.1561535596847534,0.2301035374403,0.08440755307674408,0.06144446134567261,1.0717461109161377,0.2173454463481903,0.9286952018737793,0.0001,-0.29872605204582214,-0.30116620659828186,-0.20140589773654938,-0.20088940858840942,-0.20118962228298187,0.29972490668296814,-0.30165737867355347,-0.30097290873527527,-0.1998254507780075,-0.20104654133319855,-0.2019960582256317,0.01798621006309986,0.12037672102451324,0.01798621006309986,0.11972352862358093,0.0,1.5015928745269775,1.0030800104141235
109,109,21,4,21,11,train_balanced_1000021,1000021,balanced,fixed_cost_dominant,0.5,0.3,0.2,group_anchor_4,158,158,0,0.0,158,0,0.0,0,0.0,1.79434220886914,1.85684220886914,-0.0625,1.79434220886914,1.8568422088691403,-2.220446049250313e-16,quality,-582.9000000000001,-338.32694879496995,-15.362222222222224,1.0,1.0,-0.2863155822617193,0.0,0.0,-0.0625,47,201.9,True,False,completed,1.0,1.0,582.9000000000001,582.9000000000001,338.32694879496995,15.362222222222224,0.2863155822617193,0.2863155822617193,0.2075,0.14242739723333336,0.75,0,0.0,0,0,0,0.0,2,53,0,0,1675,167.5,0,0,0,0.0,0,0.0,0,0,17,0.0,0,{},0.0,9,1.0,38,9,75,18,18,79,61,18,0,79,0,61,0,18,0,0,0,79,9,9,0,18,0,79,0,0,61,0,18,55,4,1.4363636363636363,0,10,2264,12.407634099996358,9.606418199997279,0.11685769999894546,0.18253179999737768,17.785466900000756,parallel_episode_batch,pending,-0.003070309719381233,0.001808036194739139,0.5434339265856478,-0.007600631066856699,7.041878469572617e-06,0.0,1.0000555059976048,0.15452627622936335,0.06944444444444445,0.9461266994476318,1.1561535596847534,0.2301035374403,0.08440755307674408,0.06144446134567261,1.0717461109161377,0.2173454463481903,0.9286952018737793,0.0001,-0.29872605204582214,-0.30116620659828186,-0.20140589773654938,-0.20088940858840942,-0.20118962228298187,0.29972490668296814,-0.30165737867355347,-0.30097290873527527,-0.1998254507780075,-0.20104654133319855,-0.2019960582256317,0.01798621006309986,0.12037672102451324,0.01798621006309986,0.11972352862358093,0.0,1.5015928745269775,1.0030800104141235
110,110,22,0,22,12,train_balanced_1000022,1000022,balanced,downtime_dominant,1.0,0.0,0.0,group_anchor_0,296,296,0,0.0,296,0,0.0,0,0.0,1.712363713408768,1.774863713408768,-0.0625,1.712363713408768,1.7748637134087681,-2.220446049250313e-16,quality,-982.9000000000007,-1045.2555724616097,-6.6988888888888924,1.0000000000000002,1.0,-0.4502725731824639,0.0,0.0,-0.0625,77,199.8,True,False,completed,1.0,1.0,982.9000000000007,982.9000000000007,1045.2555724616097,6.6988888888888924,0.4020850521944501,0.4502725731824639,0.30290000000000017,0.2524041309666667,0.75,0,0.0,0,0,0,0.0,1,114,0,0,1511,151.1,0,0,0,0.0,0,0.0,0,0,43,0.0,0,{},0.0,21,0.9523809523809523,56,21,136,42,41,176,133,43,2,174,0,133,2,41,2,2,0,174,23,21,1,41,0,174,0,0,133,2,41,113,7,1.5575221238938053,0,10,2789,14.768755099998089,11.754544299990812,0.12441499999840744,0.15768050001497613,22.419948800001293,parallel_episode_batch,pending,-0.00041911237746138465,0.008084969699583862,0.41537064517086203,-0.0005303340413692323,6.590738656608863e-06,0.0,1.000012450597503,0.37106568421321834,0.26136363636363635,0.8037253022193909,1.158305048942566,0.2181784212589264,0.05849923565983772,0.10659176111221313,1.0998059511184692,0.1861882209777832,0.7613158226013184,0.0001,-0.2988627254962921,-0.3012992739677429,-0.20148861408233643,-0.2009911686182022,-0.20126353204250336,0.299906462430954,-0.3016529977321625,-0.30078500509262085,-0.19963295757770538,-0.2009725123643875,-0.20214955508708954,0.01798621006309986,0.1202273741364479,0.01798621006309986,0.1196863055229187,0.0,1.5019067525863647,1.0033857822418213
111,111,22,1,22,12,train_balanced_1000022,1000022,balanced,downtime_dominant,0.0,1.0,0.0,group_anchor_1,252,252,0,0.0,252,0,0.0,0,0.0,0.011231504441316487,0.07373150444131649,-0.0625,0.011231504441316487,0.07373150444131615,3.3306690738754696e-16,quality,-1748.5999999999995,-689.4532994627099,-4.042500000000003,0.8888888888888891,0.0,-0.40809254667292316,-1.0,-0.1111111111111111,-0.0625,75,240.0,False,True,horizon,0.8888888888888888,0.974025974025974,,1748.5999999999995,689.4532994627099,4.042500000000001,0.43390181147201495,0.40809254667292316,0.24630000000000005,0.18027224241666664,0.75,0,0.0,0,0,22,0.10679611650485436,2,76,0,0,1992,199.20000000000002,0,0,0,0.0,0,0.0,0,0,43,0.0,0,{},0.0,14,1.0,63,14,119,28,28,101,73,28,0,101,0,73,0,28,0,0,0,101,14,13,0,27,0,101,0,0,73,0,28,70,5,1.4428571428571428,0,10,2789,14.768755099998089,11.754544299990812,0.11850549999508075,0.4161597999773221,22.419948800001293,parallel_episode_batch,pending,-0.00041911237746138465,0.008084969699583862,0.41537064517086203,-0.0005303340413692323,6.590738656608863e-06,0.0,1.000012450597503,0.37106568421321834,0.26136363636363635,0.8037253022193909,1.158305048942566,0.2181784212589264,0.05849923565983772,0.10659176111221313,1.0998059511184692,0.1861882209777832,0.7613158226013184,0.0001,-0.2988627254962921,-0.3012992739677429,-0.20148861408233643,-0.2009911686182022,-0.20126353204250336,0.299906462430954,-0.3016529977321625,-0.30078500509262085,-0.19963295757770538,-0.2009725123643875,-0.20214955508708954,0.01798621006309986,0.1202273741364479,0.01798621006309986,0.1196863055229187,0.0,1.5019067525863647,1.0033857822418213
112,112,22,2,22,12,train_balanced_1000022,1000022,balanced,downtime_dominant,0.0,0.0,1.0,group_anchor_2,293,293,0,0.0,293,0,0.0,0,0.0,1.8983082576839778,1.9608082576839778,-0.0625,1.8983082576839778,1.9608082576839776,2.220446049250313e-16,quality,-1071.3999999999996,-1036.0101214281503,-4.252500000000001,1.0000000000000002,1.0,-0.07838348463204463,0.0,0.0,-0.0625,77,202.9,True,False,completed,1.0,1.0,1071.3999999999996,1071.3999999999996,1036.0101214281503,4.252500000000001,0.4041754226631826,0.07838348463204463,0.2534,0.19833562513333336,0.75,0,0.0,0,0,0,0.0,1,111,0,4,1517,151.70000000000002,0,0,0,0.0,0,0.0,0,0,42,0.0,0,{},0.0,21,0.9523809523809523,56,21,136,42,38,145,100,45,7,138,0,100,7,38,7,7,0,138,19,24,1,35,0,138,0,0,100,7,38,85,11,1.7058823529411764,0,10,2789,14.768755099998089,11.754544299990812,0.12967339999886462,0.24512550007057143,22.419948800001293,parallel_episode_batch,pending,-0.00041911237746138465,0.008084969699583862,0.41537064517086203,-0.0005303340413692323,6.590738656608863e-06,0.0,1.000012450597503,0.37106568421321834,0.26136363636363635,0.8037253022193909,1.158305048942566,0.2181784212589264,0.05849923565983772,0.10659176111221313,1.0998059511184692,0.1861882209777832,0.7613158226013184,0.0001,-0.2988627254962921,-0.3012992739677429,-0.20148861408233643,-0.2009911686182022,-0.20126353204250336,0.299906462430954,-0.3016529977321625,-0.30078500509262085,-0.19963295757770538,-0.2009725123643875,-0.20214955508708954,0.01798621006309986,0.1202273741364479,0.01798621006309986,0.1196863055229187,0.0,1.5019067525863647,1.0033857822418213
113,113,22,3,22,12,train_balanced_1000022,1000022,balanced,downtime_dominant,0.3333333333333333,0.3333333333333333,0.3333333333333333,group_anchor_3,284,284,0,0.0,284,0,0.0,0,0.0,1.7724910845470416,1.8349910845470416,-0.0625,1.7724910845470416,1.8349910845470414,2.220446049250313e-16,quality,-1019.2000000000005,-1023.2189226892799,-1.2847222222222228,1.0000000000000002,1.0,-0.330017830905917,0.0,0.0,-0.0625,77,200.5,True,False,completed,1.0,1.0,1019.2000000000005,1019.2000000000005,1023.2189226892799,1.2847222222222225,0.386363889925958,0.330017830905917,0.2526,0.19069749195,0.75,0,0.0,0,0,0,0.0,1,110,0,0,1494,149.4,0,0,0,0.0,0,0.0,0,0,40,0.0,0,{},0.0,20,1.0,57,20,131,40,36,137,100,37,1,136,0,100,1,36,1,1,0,136,17,17,1,32,0,136,0,0,100,1,36,97,5,1.4123711340206186,0,10,2789,14.768755099998089,11.754544299990812,0.16932359999918845,0.18966610004281392,22.419948800001293,parallel_episode_batch,pending,-0.00041911237746138465,0.008084969699583862,0.41537064517086203,-0.0005303340413692323,6.590738656608863e-06,0.0,1.000012450597503,0.37106568421321834,0.26136363636363635,0.8037253022193909,1.158305048942566,0.2181784212589264,0.05849923565983772,0.10659176111221313,1.0998059511184692,0.1861882209777832,0.7613158226013184,0.0001,-0.2988627254962921,-0.3012992739677429,-0.20148861408233643,-0.2009911686182022,-0.20126353204250336,0.299906462430954,-0.3016529977321625,-0.30078500509262085,-0.19963295757770538,-0.2009725123643875,-0.20214955508708954,0.01798621006309986,0.1202273741364479,0.01798621006309986,0.1196863055229187,0.0,1.5019067525863647,1.0033857822418213
114,114,22,4,22,12,train_balanced_1000022,1000022,balanced,downtime_dominant,0.5,0.3,0.2,group_anchor_4,300,300,0,0.0,300,0,0.0,0,0.0,1.7373886691797564,1.7998886691797564,-0.0625,1.7373886691797564,1.7998886691797564,0.0,quality,-1005.1000000000001,-1103.0096892503793,-4.045833333333335,1.0000000000000002,1.0,-0.40022266164048725,0.0,0.0,-0.0625,77,202.5,True,False,completed,1.0,1.0,1005.1000000000001,1005.1000000000001,1103.0096892503793,4.045833333333335,0.40022266164048725,0.40022266164048725,0.2877,0.23476826875000004,0.75,0,0.0,0,0,0,0.0,1,120,0,1,1530,153.0,0,0,0,0.0,0,0.0,0,0,44,0.0,0,{},0.0,22,0.9545454545454546,55,22,136,44,43,165,120,45,2,163,0,120,2,43,2,2,0,163,22,24,1,43,0,163,0,0,120,2,43,108,8,1.5277777777777777,0,10,2789,14.768755099998089,11.754544299990812,0.1194409000017913,0.23316110009182012,22.419948800001293,parallel_episode_batch,pending,-0.00041911237746138465,0.008084969699583862,0.41537064517086203,-0.0005303340413692323,6.590738656608863e-06,0.0,1.000012450597503,0.37106568421321834,0.26136363636363635,0.8037253022193909,1.158305048942566,0.2181784212589264,0.05849923565983772,0.10659176111221313,1.0998059511184692,0.1861882209777832,0.7613158226013184,0.0001,-0.2988627254962921,-0.3012992739677429,-0.20148861408233643,-0.2009911686182022,-0.20126353204250336,0.299906462430954,-0.3016529977321625,-0.30078500509262085,-0.19963295757770538,-0.2009725123643875,-0.20214955508708954,0.01798621006309986,0.1202273741364479,0.01798621006309986,0.1196863055229187,0.0,1.5019067525863647,1.0033857822418213
115,115,23,0,23,12,train_balanced_1000023,1000023,balanced,balanced_cost,1.0,0.0,0.0,group_anchor_0,254,254,0,0.0,254,0,0.0,0,0.0,1.7227388875683385,1.7852388875683385,-0.06250000000000003,1.7227388875683385,1.7852388875683385,0.0,quality,-903.4999999999999,-738.5429176192004,-19.271388888888886,1.0,1.0,-0.429522224863323,0.0,0.0,-0.06250000000000003,71,218.10000000000002,True,False,completed,1.0,1.0,903.4999999999999,903.4999999999999,738.5429176192004,19.271388888888886,0.397843073896729,0.429522224863323,0.3047,0.21481666666666666,0.75,0,0.0,0,0,0,0.0,1,78,0,0,1769,176.9,0,0,0,0.0,0,0.0,0,0,44,0.0,0,{},0.0,17,0.8823529411764706,54,17,116,34,33,147,108,39,6,141,0,108,6,33,6,6,0,141,18,22,1,33,0,140,0,0,108,6,33,89,8,1.651685393258427,0,10,2789,14.768755099998089,11.754544299990812,0.16607310000108555,0.25432400000136113,22.419948800001293,parallel_episode_batch,pending,-0.00041911237746138465,0.008084969699583862,0.41537064517086203,-0.0005303340413692323,6.590738656608863e-06,0.0,1.000012450597503,0.37106568421321834,0.26136363636363635,0.8037253022193909,1.158305048942566,0.2181784212589264,0.05849923565983772,0.10659176111221313,1.0998059511184692,0.1861882209777832,0.7613158226013184,0.0001,-0.2988627254962921,-0.3012992739677429,-0.20148861408233643,-0.2009911686182022,-0.20126353204250336,0.299906462430954,-0.3016529977321625,-0.30078500509262085,-0.19963295757770538,-0.2009725123643875,-0.20214955508708954,0.01798621006309986,0.1202273741364479,0.01798621006309986,0.1196863055229187,0.0,1.5019067525863647,1.0033857822418213
116,116,23,1,23,12,train_balanced_1000023,1000023,balanced,balanced_cost,0.0,1.0,0.0,group_anchor_1,272,272,0,0.0,272,0,0.0,0,0.0,1.7040338482338746,1.7665338482338746,-0.0625,1.7040338482338746,1.7665338482338746,0.0,quality,-1087.9,-875.9343449739505,-17.725555555555562,1.0,1.0,-0.4669323035322507,0.0,0.0,-0.0625,71,221.60000000000002,True,False,completed,1.0,1.0,1087.9,1087.9,875.9343449739505,17.725555555555562,0.43017571649885533,0.4669323035322507,0.44340000000000007,0.2866,0.75,0,0.0,0,0,2,0.012121212121212121,1,105,0,1,1787,178.70000000000002,0,0,0,0.0,0,0.0,0,0,44,0.0,0,{},0.0,20,0.8,51,20,125,40,36,127,88,39,3,124,0,88,3,36,3,3,0,124,17,21,0,35,0,124,0,0,88,3,36,81,10,1.5679012345679013,0,10,2789,14.768755099998089,11.754544299990812,0.15630270000110613,0.3193524999951478,22.419948800001293,parallel_episode_batch,pending,-0.00041911237746138465,0.008084969699583862,0.41537064517086203,-0.0005303340413692323,6.590738656608863e-06,0.0,1.000012450597503,0.37106568421321834,0.26136363636363635,0.8037253022193909,1.158305048942566,0.2181784212589264,0.05849923565983772,0.10659176111221313,1.0998059511184692,0.1861882209777832,0.7613158226013184,0.0001,-0.2988627254962921,-0.3012992739677429,-0.20148861408233643,-0.2009911686182022,-0.20126353204250336,0.299906462430954,-0.3016529977321625,-0.30078500509262085,-0.19963295757770538,-0.2009725123643875,-0.20214955508708954,0.01798621006309986,0.1202273741364479,0.01798621006309986,0.1196863055229187,0.0,1.5019067525863647,1.0033857822418213
117,117,23,2,23,12,train_balanced_1000023,1000023,balanced,balanced_cost,0.0,0.0,1.0,group_anchor_2,283,283,0,0.0,283,0,0.0,0,0.0,1.925291658762635,1.987791658762635,-0.0625,1.925291658762635,1.9877916587626352,-2.220446049250313e-16,quality,-1064.6000000000001,-929.4861348904304,-1.251388888888889,1.0,1.0,-0.024416682474729688,0.0,0.0,-0.0625,71,239.3,True,False,completed,1.0,1.0,1064.6000000000001,1064.6000000000001,929.4861348904304,1.2513888888888893,0.384454072655898,0.02441668247472969,0.2681,0.21541666666666667,0.75,0,0.0,0,0,5,0.0273224043715847,1,107,0,6,1924,192.4,0,0,0,0.0,0,0.0,0,0,41,0.0,0,{},0.0,21,1.0,50,21,133,42,37,137,97,40,3,134,0,97,3,37,3,3,0,134,15,23,1,34,0,134,0,0,97,3,37,85,8,1.611764705882353,0,10,2789,14.768755099998089,11.754544299990812,0.15034190000005765,0.45352749997982755,22.419948800001293,parallel_episode_batch,pending,-0.00041911237746138465,0.008084969699583862,0.41537064517086203,-0.0005303340413692323,6.590738656608863e-06,0.0,1.000012450597503,0.37106568421321834,0.26136363636363635,0.8037253022193909,1.158305048942566,0.2181784212589264,0.05849923565983772,0.10659176111221313,1.0998059511184692,0.1861882209777832,0.7613158226013184,0.0001,-0.2988627254962921,-0.3012992739677429,-0.20148861408233643,-0.2009911686182022,-0.20126353204250336,0.299906462430954,-0.3016529977321625,-0.30078500509262085,-0.19963295757770538,-0.2009725123643875,-0.20214955508708954,0.01798621006309986,0.1202273741364479,0.01798621006309986,0.1196863055229187,0.0,1.5019067525863647,1.0033857822418213
118,118,23,3,23,12,train_balanced_1000023,1000023,balanced,balanced_cost,0.3333333333333333,0.3333333333333333,0.3333333333333333,group_anchor_3,277,277,0,0.0,277,0,0.0,0,0.0,1.7538896285394452,1.8163896285394452,-0.0625,1.7538896285394452,1.816389628539445,2.220446049250313e-16,quality,-991.3999999999997,-892.3289718969306,-10.805555555555564,1.0,1.0,-0.36722074292111007,0.0,0.0,-0.0625,71,209.0,True,False,completed,1.0,1.0,991.3999999999997,991.3999999999997,892.3289718969306,10.805555555555564,0.40320896815820656,0.36722074292111007,0.27430000000000004,0.23306666666666667,0.75,0,0.0,0,0,0,0.0,1,105,0,1,1660,166.0,0,0,0,0.0,0,0.0,0,0,40,0.0,0,{},0.0,21,0.9047619047619048,50,21,127,42,37,134,93,41,4,130,0,93,4,37,4,4,0,130,17,24,3,34,0,130,0,0,93,4,37,80,10,1.675,0,10,2789,14.768755099998089,11.754544299990812,0.1773049000039464,0.3164690999983577,22.419948800001293,parallel_episode_batch,pending,-0.00041911237746138465,0.008084969699583862,0.41537064517086203,-0.0005303340413692323,6.590738656608863e-06,0.0,1.000012450597503,0.37106568421321834,0.26136363636363635,0.8037253022193909,1.158305048942566,0.2181784212589264,0.05849923565983772,0.10659176111221313,1.0998059511184692,0.1861882209777832,0.7613158226013184,0.0001,-0.2988627254962921,-0.3012992739677429,-0.20148861408233643,-0.2009911686182022,-0.20126353204250336,0.299906462430954,-0.3016529977321625,-0.30078500509262085,-0.19963295757770538,-0.2009725123643875,-0.20214955508708954,0.01798621006309986,0.1202273741364479,0.01798621006309986,0.1196863055229187,0.0,1.5019067525863647,1.0033857822418213
119,119,23,4,23,12,train_balanced_1000023,1000023,balanced,balanced_cost,0.5,0.3,0.2,group_anchor_4,278,278,0,0.0,278,0,0.0,0,0.0,1.7484953841976334,1.8109953841976334,-0.0625,1.7484953841976334,1.8109953841976336,-2.220446049250313e-16,quality,-980.9,-901.1364280292403,-2.8891666666666693,1.0,1.0,-0.3780092316047326,0.0,0.0,-0.0625,71,224.60000000000002,True,False,completed,1.0,1.0,980.9,980.9,901.1364280292403,2.8891666666666693,0.3780092316047326,0.3780092316047326,0.2739,0.2270833333333334,0.75,0,0.0,0,0,0,0.0,1,108,0,2,1771,177.10000000000002,0,0,0,0.0,0,0.0,0,0,40,0.0,0,{},0.0,21,1.0,50,21,125,42,40,145,103,42,2,143,0,103,2,40,2,2,0,143,20,22,0,40,0,143,0,0,103,2,40,95,5,1.5263157894736843,0,10,2789,14.768755099998089,11.754544299990812,0.15679600000294158,0.27239970003574854,22.419948800001293,parallel_episode_batch,pending,-0.00041911237746138465,0.008084969699583862,0.41537064517086203,-0.0005303340413692323,6.590738656608863e-06,0.0,1.000012450597503,0.37106568421321834,0.26136363636363635,0.8037253022193909,1.158305048942566,0.2181784212589264,0.05849923565983772,0.10659176111221313,1.0998059511184692,0.1861882209777832,0.7613158226013184,0.0001,-0.2988627254962921,-0.3012992739677429,-0.20148861408233643,-0.2009911686182022,-0.20126353204250336,0.299906462430954,-0.3016529977321625,-0.30078500509262085,-0.19963295757770538,-0.2009725123643875,-0.20214955508708954,0.01798621006309986,0.1202273741364479,0.01798621006309986,0.1196863055229187,0.0,1.5019067525863647,1.0033857822418213
120,120,24,0,24,13,train_balanced_1000024,1000024,balanced,downtime_dominant,1.0,0.0,0.0,group_anchor_0,224,224,0,0.0,224,0,0.0,0,0.0,1.7390226895823913,1.8015226895823913,-0.0625,1.7390226895823913,1.801522689582391,2.220446049250313e-16,quality,-789.9000000000002,-598.1044905220103,-25.526666666666674,1.0,1.0,-0.39695462083521793,0.0,0.0,-0.0625,70,206.0,True,False,completed,1.0,1.0,789.9000000000002,789.9000000000002,598.1044905220103,25.526666666666674,0.3783513508631784,0.39695462083521793,0.19300000000000003,0.14191666666666672,0.75,0,0.0,0,0,0,0.0,2,69,0,0,1731,173.10000000000002,0,0,0,0.0,0,0.0,0,0,32,0.0,0,{},0.0,12,1.0,58,12,107,24,23,128,105,23,0,128,0,105,0,23,0,0,0,128,12,12,1,23,0,128,0,0,105,0,23,93,5,1.3763440860215055,0,10,1902,9.734128799995233,7.73546799999167,0.09016609999525826,0.12296490005974192,13.974850600003265,parallel_episode_batch,pending,0.0020254427567124368,0.0035817771567963064,0.5141615688800811,-0.0013252836962540945,1.1231687460622198e-05,0.0,0.9999360303084056,0.18499384326860308,0.06666666666666667,0.9045761823654175,1.261695146560669,0.2569153606891632,0.0651540756225586,0.07868693768978119,1.1965410709381104,0.2621583640575409,0.9061951637268066,0.0001,-0.29862502217292786,-0.3018522262573242,-0.20181551575660706,-0.20137502253055573,-0.2015676498413086,0.2999641001224518,-0.3017970621585846,-0.30069878697395325,-0.19975106418132782,-0.20108690857887268,-0.20160524547100067,0.01798621006309986,0.12042183429002762,0.01798621006309986,0.11968929320573807,0.0,1.5027493238449097,1.0026946067810059
121,121,24,1,24,13,train_balanced_1000024,1000024,balanced,downtime_dominant,0.0,1.0,0.0,group_anchor_1,223,223,0,0.0,223,0,0.0,0,0.0,1.7498376972205179,1.8123376972205179,-0.0625,1.7498376972205179,1.8123376972205172,6.661338147750939e-16,quality,-910.5000000000002,-600.8314220457003,-1.6291666666666664,1.0,1.0,-0.37532460555896546,0.0,0.0,-0.0625,70,216.60000000000002,True,False,completed,1.0,1.0,910.5000000000002,910.5000000000002,600.8314220457003,1.6291666666666667,0.33461559226222615,0.37532460555896546,0.3155,0.17540000000000003,0.75,0,0.0,0,0,1,0.010101010101010102,1,62,0,0,1848,184.8,0,0,0,0.0,0,0.0,0,0,31,0.0,0,{},0.0,12,0.9166666666666666,58,12,106,24,23,102,77,25,2,100,0,77,2,23,2,2,0,100,13,13,1,23,0,100,0,0,77,2,23,69,5,1.4782608695652173,0,10,1902,9.734128799995233,7.73546799999167,0.12391619999834802,0.16120939995744266,13.974850600003265,parallel_episode_batch,pending,0.0020254427567124368,0.0035817771567963064,0.5141615688800811,-0.0013252836962540945,1.1231687460622198e-05,0.0,0.9999360303084056,0.18499384326860308,0.06666666666666667,0.9045761823654175,1.261695146560669,0.2569153606891632,0.0651540756225586,0.07868693768978119,1.1965410709381104,0.2621583640575409,0.9061951637268066,0.0001,-0.29862502217292786,-0.3018522262573242,-0.20181551575660706,-0.20137502253055573,-0.2015676498413086,0.2999641001224518,-0.3017970621585846,-0.30069878697395325,-0.19975106418132782,-0.20108690857887268,-0.20160524547100067,0.01798621006309986,0.12042183429002762,0.01798621006309986,0.11968929320573807,0.0,1.5027493238449097,1.0026946067810059
122,122,24,2,24,13,train_balanced_1000024,1000024,balanced,downtime_dominant,0.0,0.0,1.0,group_anchor_2,236,236,0,0.0,236,0,0.0,0,0.0,1.915884972333402,1.978384972333402,-0.0625,1.915884972333402,1.9783849723334024,-4.440892098500626e-16,quality,-1008.9,-678.5621190044805,-2.259166666666669,1.0,1.0,-0.043230055333195135,0.0,0.0,-0.0625,70,213.3,True,False,completed,1.0,1.0,1008.9,1008.9,678.5621190044805,2.2591666666666668,0.3582932032515538,0.043230055333195135,0.20590000000000008,0.16563333333333338,0.75,0,0.0,0,0,0,0.0,2,80,0,1,1757,175.70000000000002,0,0,0,0.0,0,0.0,0,0,31,0.0,0,{},0.0,14,1.0,56,14,112,28,26,94,68,26,0,94,0,68,0,26,0,0,0,94,13,12,1,24,0,94,0,0,68,0,26,66,4,1.4242424242424243,0,10,1902,9.734128799995233,7.73546799999167,0.11246910000045318,0.16137950000847923,13.974850600003265,parallel_episode_batch,pending,0.0020254427567124368,0.0035817771567963064,0.5141615688800811,-0.0013252836962540945,1.1231687460622198e-05,0.0,0.9999360303084056,0.18499384326860308,0.06666666666666667,0.9045761823654175,1.261695146560669,0.2569153606891632,0.0651540756225586,0.07868693768978119,1.1965410709381104,0.2621583640575409,0.9061951637268066,0.0001,-0.29862502217292786,-0.3018522262573242,-0.20181551575660706,-0.20137502253055573,-0.2015676498413086,0.2999641001224518,-0.3017970621585846,-0.30069878697395325,-0.19975106418132782,-0.20108690857887268,-0.20160524547100067,0.01798621006309986,0.12042183429002762,0.01798621006309986,0.11968929320573807,0.0,1.5027493238449097,1.0026946067810059
123,123,24,3,24,13,train_balanced_1000024,1000024,balanced,downtime_dominant,0.3333333333333333,0.3333333333333333,0.3333333333333333,group_anchor_3,219,219,0,0.0,219,0,0.0,0,0.0,1.7855954335877449,1.8480954335877449,-0.0625,1.7855954335877449,1.8480954335877449,0.0,quality,-859.4000000000001,-566.13824848536,-7.645833333333333,1.0,1.0,-0.30380913282451044,0.0,0.0,-0.0625,70,207.8,True,False,completed,1.0,1.0,859.4000000000001,859.4000000000001,566.13824848536,7.645833333333333,0.3436259596005232,0.30380913282451044,0.22800000000000004,0.1469,0.75,0,0.0,0,0,0,0.0,1,58,0,1,1847,184.70000000000002,0,0,0,0.0,0,0.0,0,0,34,0.0,0,{},0.0,11,1.0,59,11,106,22,21,103,81,22,1,102,0,81,1,21,1,1,0,102,11,8,1,17,0,102,0,0,81,1,21,74,4,1.3918918918918919,0,10,1902,9.734128799995233,7.73546799999167,0.10773669999616686,0.1435758999432437,13.974850600003265,parallel_episode_batch,pending,0.0020254427567124368,0.0035817771567963064,0.5141615688800811,-0.0013252836962540945,1.1231687460622198e-05,0.0,0.9999360303084056,0.18499384326860308,0.06666666666666667,0.9045761823654175,1.261695146560669,0.2569153606891632,0.0651540756225586,0.07868693768978119,1.1965410709381104,0.2621583640575409,0.9061951637268066,0.0001,-0.29862502217292786,-0.3018522262573242,-0.20181551575660706,-0.20137502253055573,-0.2015676498413086,0.2999641001224518,-0.3017970621585846,-0.30069878697395325,-0.19975106418132782,-0.20108690857887268,-0.20160524547100067,0.01798621006309986,0.12042183429002762,0.01798621006309986,0.11968929320573807,0.0,1.5027493238449097,1.0026946067810059
124,124,24,4,24,13,train_balanced_1000024,1000024,balanced,downtime_dominant,0.5,0.3,0.2,group_anchor_4,222,222,0,0.0,222,0,0.0,0,0.0,1.755215871178501,1.817715871178501,-0.0625,1.755215871178501,1.8177158711785009,2.220446049250313e-16,quality,-833.6,-619.8235888358199,-14.440000000000003,1.0,1.0,-0.3645682576429983,0.0,0.0,-0.0625,70,218.0,True,False,completed,1.0,1.0,833.6,833.6,619.8235888358199,14.440000000000003,0.3645682576429983,0.3645682576429983,0.144,0.1309666666666667,0.75,0,0.0,0,0,0,0.0,2,68,0,0,1854,185.4,0,0,0,0.0,0,0.0,0,0,31,0.0,0,{},0.0,12,1.0,58,12,106,24,22,115,93,22,0,115,0,93,0,22,0,0,0,115,11,12,1,22,0,115,0,0,93,0,22,80,5,1.4375,0,10,1902,9.734128799995233,7.73546799999167,0.10437549999915063,0.17815840001276229,13.974850600003265,parallel_episode_batch,pending,0.0020254427567124368,0.0035817771567963064,0.5141615688800811,-0.0013252836962540945,1.1231687460622198e-05,0.0,0.9999360303084056,0.18499384326860308,0.06666666666666667,0.9045761823654175,1.261695146560669,0.2569153606891632,0.0651540756225586,0.07868693768978119,1.1965410709381104,0.2621583640575409,0.9061951637268066,0.0001,-0.29862502217292786,-0.3018522262573242,-0.20181551575660706,-0.20137502253055573,-0.2015676498413086,0.2999641001224518,-0.3017970621585846,-0.30069878697395325,-0.19975106418132782,-0.20108690857887268,-0.20160524547100067,0.01798621006309986,0.12042183429002762,0.01798621006309986,0.11968929320573807,0.0,1.5027493238449097,1.0026946067810059
125,125,25,0,25,13,train_balanced_1000025,1000025,balanced,downtime_dominant,1.0,0.0,0.0,group_anchor_0,147,147,0,0.0,147,0,0.0,0,0.0,1.783760387811634,1.846260387811634,-0.0625,1.783760387811634,1.8462603878116344,-4.440892098500626e-16,quality,-532.8,-318.3326848016799,-4.4588888888888905,1.0,1.0,-0.3074792243767313,0.0,0.0,-0.0625,50,211.5,True,False,completed,1.0,1.0,532.8,532.8,318.3326848016799,4.4588888888888905,0.2425546970584625,0.3074792243767313,0.201,0.15391272343333337,0.75,0,0.0,0,0,0,0.0,3,36,0,0,1909,190.9,0,0,0,0.0,0,0.0,0,0,17,0.0,0,{},0.0,6,1.0,44,6,73,12,12,84,72,12,0,84,0,72,0,12,0,0,0,84,6,6,0,12,0,84,0,0,72,0,12,61,3,1.3770491803278688,0,10,1902,9.734128799995233,7.73546799999167,0.11205219999828842,0.15894149996165652,13.974850600003265,parallel_episode_batch,pending,0.0020254427567124368,0.0035817771567963064,0.5141615688800811,-0.0013252836962540945,1.1231687460622198e-05,0.0,0.9999360303084056,0.18499384326860308,0.06666666666666667,0.9045761823654175,1.261695146560669,0.2569153606891632,0.0651540756225586,0.07868693768978119,1.1965410709381104,0.2621583640575409,0.9061951637268066,0.0001,-0.29862502217292786,-0.3018522262573242,-0.20181551575660706,-0.20137502253055573,-0.2015676498413086,0.2999641001224518,-0.3017970621585846,-0.30069878697395325,-0.19975106418132782,-0.20108690857887268,-0.20160524547100067,0.01798621006309986,0.12042183429002762,0.01798621006309986,0.11968929320573807,0.0,1.5027493238449097,1.0026946067810059
126,126,25,1,25,13,train_balanced_1000025,1000025,balanced,downtime_dominant,0.0,1.0,0.0,group_anchor_1,170,170,0,0.0,170,0,0.0,0,0.0,1.7623369375758315,1.8248369375758315,-0.0625,1.7623369375758315,1.8248369375758318,-2.220446049250313e-16,quality,-675.0999999999999,-539.23381907046,-8.735555555555557,1.0,1.0,-0.35032612484833664,0.0,0.0,-0.0625,50,225.70000000000002,True,False,completed,1.0,1.0,675.0999999999999,675.0999999999999,539.23381907046,8.735555555555557,0.31486027796034133,0.35032612484833664,0.3007000000000001,0.22976272343333334,0.75,0,0.0,0,0,0,0.0,1,54,0,1,1998,199.8,0,0,0,0.0,0,0.0,0,0,20,0.0,0,{},0.0,10,1.0,40,10,82,20,18,83,64,19,1,82,0,64,1,18,1,1,0,82,10,9,1,17,0,82,0,0,64,1,18,55,5,1.509090909090909,0,10,1902,9.734128799995233,7.73546799999167,0.09125409999978729,0.2135441999998875,13.974850600003265,parallel_episode_batch,pending,0.0020254427567124368,0.0035817771567963064,0.5141615688800811,-0.0013252836962540945,1.1231687460622198e-05,0.0,0.9999360303084056,0.18499384326860308,0.06666666666666667,0.9045761823654175,1.261695146560669,0.2569153606891632,0.0651540756225586,0.07868693768978119,1.1965410709381104,0.2621583640575409,0.9061951637268066,0.0001,-0.29862502217292786,-0.3018522262573242,-0.20181551575660706,-0.20137502253055573,-0.2015676498413086,0.2999641001224518,-0.3017970621585846,-0.30069878697395325,-0.19975106418132782,-0.20108690857887268,-0.20160524547100067,0.01798621006309986,0.12042183429002762,0.01798621006309986,0.11968929320573807,0.0,1.5027493238449097,1.0026946067810059
127,127,25,2,25,13,train_balanced_1000025,1000025,balanced,downtime_dominant,0.0,0.0,1.0,group_anchor_2,164,164,0,0.0,164,0,0.0,0,0.0,1.9330919846256354,1.9955919846256354,-0.0625,1.9330919846256354,1.9955919846256354,0.0,quality,-629.4,-496.5032553851802,-0.444722222222222,1.0,1.0,-0.008816030748729352,0.0,0.0,-0.0625,50,222.5,True,False,completed,1.0,1.0,629.4,629.4,496.5032553851802,0.444722222222222,0.273319498430371,0.008816030748729352,0.1773,0.14832884793333337,0.75,0,0.0,0,0,0,0.0,2,53,0,0,1909,190.9,0,0,0,0.0,0,0.0,0,0,17,0.0,0,{},0.0,9,1.0,41,9,78,18,18,83,65,18,0,83,0,65,0,18,0,0,0,83,8,8,0,16,0,83,0,0,65,0,18,62,3,1.3387096774193548,0,10,1902,9.734128799995233,7.73546799999167,0.09927230000175769,0.21551950005232356,13.974850600003265,parallel_episode_batch,pending,0.0020254427567124368,0.0035817771567963064,0.5141615688800811,-0.0013252836962540945,1.1231687460622198e-05,0.0,0.9999360303084056,0.18499384326860308,0.06666666666666667,0.9045761823654175,1.261695146560669,0.2569153606891632,0.0651540756225586,0.07868693768978119,1.1965410709381104,0.2621583640575409,0.9061951637268066,0.0001,-0.29862502217292786,-0.3018522262573242,-0.20181551575660706,-0.20137502253055573,-0.2015676498413086,0.2999641001224518,-0.3017970621585846,-0.30069878697395325,-0.19975106418132782,-0.20108690857887268,-0.20160524547100067,0.01798621006309986,0.12042183429002762,0.01798621006309986,0.11968929320573807,0.0,1.5027493238449097,1.0026946067810059
128,128,25,3,25,13,train_balanced_1000025,1000025,balanced,downtime_dominant,0.3333333333333333,0.3333333333333333,0.3333333333333333,group_anchor_3,147,147,0,0.0,147,0,0.0,0,0.0,1.832847192197616,1.895347192197616,-0.0625,1.832847192197616,1.8953471921976162,-2.220446049250313e-16,quality,-611.0000000000001,-304.35483617640995,-3.0333333333333337,1.0,1.0,-0.20930561560476746,0.0,0.0,-0.0625,50,223.5,True,False,completed,1.0,1.0,611.0000000000001,611.0000000000001,304.35483617640995,3.0333333333333337,0.2501319131853524,0.20930561560476746,0.1488,0.13156272343333333,0.75,0,0.0,0,0,0,0.0,2,35,0,0,2060,206.0,0,0,0,0.0,0,0.0,0,0,17,0.0,0,{},0.0,6,1.0,44,6,73,12,12,61,49,12,0,61,0,49,0,12,0,0,0,61,6,3,0,9,0,61,0,0,49,0,12,47,3,1.297872340425532,0,10,1902,9.734128799995233,7.73546799999167,0.09657349999906728,0.22040349998133024,13.974850600003265,parallel_episode_batch,pending,0.0020254427567124368,0.0035817771567963064,0.5141615688800811,-0.0013252836962540945,1.1231687460622198e-05,0.0,0.9999360303084056,0.18499384326860308,0.06666666666666667,0.9045761823654175,1.261695146560669,0.2569153606891632,0.0651540756225586,0.07868693768978119,1.1965410709381104,0.2621583640575409,0.9061951637268066,0.0001,-0.29862502217292786,-0.3018522262573242,-0.20181551575660706,-0.20137502253055573,-0.2015676498413086,0.2999641001224518,-0.3017970621585846,-0.30069878697395325,-0.19975106418132782,-0.20108690857887268,-0.20160524547100067,0.01798621006309986,0.12042183429002762,0.01798621006309986,0.11968929320573807,0.0,1.5027493238449097,1.0026946067810059
129,129,25,4,25,13,train_balanced_1000025,1000025,balanced,downtime_dominant,0.5,0.3,0.2,group_anchor_4,150,150,0,0.0,150,0,0.0,0,0.0,1.807047414775507,1.869547414775507,-0.0625,1.807047414775507,1.8695474147755073,-4.440892098500626e-16,quality,-612.3999999999999,-353.25107584948006,-3.66138888888889,1.0,1.0,-0.26090517044898537,0.0,0.0,-0.0625,50,225.60000000000002,True,False,completed,1.0,1.0,612.3999999999999,612.3999999999999,353.25107584948006,3.66138888888889,0.26090517044898537,0.26090517044898537,0.29270000000000007,0.17724956606666672,0.75,0,0.0,0,0,0,0.0,1,36,0,0,2107,210.70000000000002,0,0,0,0.0,0,0.0,0,0,19,0.0,0,{},0.0,7,1.0,43,7,74,14,12,71,58,13,1,70,0,58,1,12,1,1,0,70,6,7,0,12,0,70,0,0,58,1,12,50,4,1.42,0,10,1902,9.734128799995233,7.73546799999167,0.09640590000344673,0.1768555999151431,13.974850600003265,parallel_episode_batch,pending,0.0020254427567124368,0.0035817771567963064,0.5141615688800811,-0.0013252836962540945,1.1231687460622198e-05,0.0,0.9999360303084056,0.18499384326860308,0.06666666666666667,0.9045761823654175,1.261695146560669,0.2569153606891632,0.0651540756225586,0.07868693768978119,1.1965410709381104,0.2621583640575409,0.9061951637268066,0.0001,-0.29862502217292786,-0.3018522262573242,-0.20181551575660706,-0.20137502253055573,-0.2015676498413086,0.2999641001224518,-0.3017970621585846,-0.30069878697395325,-0.19975106418132782,-0.20108690857887268,-0.20160524547100067,0.01798621006309986,0.12042183429002762,0.01798621006309986,0.11968929320573807,0.0,1.5027493238449097,1.0026946067810059
130,130,26,0,26,14,train_balanced_1000026,1000026,balanced,downtime_dominant,1.0,0.0,0.0,group_anchor_0,169,169,0,0.0,169,0,0.0,0,0.0,1.7593193520703712,1.8218193520703712,-0.0625,1.7593193520703712,1.8218193520703712,0.0,quality,-664.4000000000001,-365.94040678494014,-3.7447222222222227,0.9999999999999999,1.0,-0.3563612958592577,0.0,0.0,-0.0625,56,213.8,True,False,completed,1.0,1.0,664.4000000000001,664.4000000000001,365.94040678494014,3.7447222222222227,0.27248695832744924,0.3563612958592577,0.2165,0.1707404964,0.75,0,0.0,0,0,0,0.0,1,33,0,0,1950,195.0,0,0,0,0.0,0,0.0,0,0,24,0.0,0,{},0.0,7,0.8571428571428571,49,7,85,14,14,96,81,15,1,95,0,81,1,14,1,1,0,95,7,8,0,14,0,95,0,0,81,1,14,66,7,1.4545454545454546,0,10,1996,10.248598500002117,8.14770119987952,0.12150239999755286,0.11364829999365611,14.784648699998797,parallel_episode_batch,pending,0.0025302341382484883,0.0016516920031790505,0.5257688798010349,-0.0019016087608179078,6.005206311443523e-06,0.0,1.0000313725322485,0.1451430166780483,0.015625,0.6380118131637573,1.2667198181152344,0.17576369643211365,0.05663392320275307,0.05392531678080559,1.2100859880447388,0.18434756994247437,0.9058701992034912,0.0001,-0.2986392080783844,-0.30132028460502625,-0.20194734632968903,-0.20100639760494232,-0.20107226073741913,0.2998369336128235,-0.3019620180130005,-0.3007260262966156,-0.19962657988071442,-0.2012014091014862,-0.20190565288066864,0.01798621006309986,0.12055379897356033,0.01798621006309986,0.11968475580215454,0.0,1.502713918685913,1.003852367401123
131,131,26,1,26,14,train_balanced_1000026,1000026,balanced,downtime_dominant,0.0,1.0,0.0,group_anchor_1,168,168,0,0.0,168,0,0.0,0,0.0,1.8034424358487677,1.8659424358487677,-0.0625,1.8034424358487677,1.8659424358487673,4.440892098500626e-16,quality,-711.1000000000001,-366.33511453871,-6.825555555555556,0.9999999999999999,1.0,-0.2681151283024654,0.0,0.0,-0.0625,56,212.3,True,False,completed,1.0,1.0,711.1000000000001,711.1000000000001,366.33511453871,6.825555555555556,0.2905020627220891,0.2681151283024654,0.1673,0.14509106581666667,0.75,0,0.0,0,0,0,0.0,1,38,0,1,1907,190.70000000000002,0,0,0,0.0,0,0.0,0,0,25,0.0,0,{},0.0,7,1.0,49,7,85,14,13,72,58,14,1,71,0,58,1,13,1,1,0,71,6,7,0,12,0,71,0,0,58,1,13,48,8,1.5,0,10,1996,10.248598500002117,8.14770119987952,0.099774599999364,0.1503747000315343,14.784648699998797,parallel_episode_batch,pending,0.0025302341382484883,0.0016516920031790505,0.5257688798010349,-0.0019016087608179078,6.005206311443523e-06,0.0,1.0000313725322485,0.1451430166780483,0.015625,0.6380118131637573,1.2667198181152344,0.17576369643211365,0.05663392320275307,0.05392531678080559,1.2100859880447388,0.18434756994247437,0.9058701992034912,0.0001,-0.2986392080783844,-0.30132028460502625,-0.20194734632968903,-0.20100639760494232,-0.20107226073741913,0.2998369336128235,-0.3019620180130005,-0.3007260262966156,-0.19962657988071442,-0.2012014091014862,-0.20190565288066864,0.01798621006309986,0.12055379897356033,0.01798621006309986,0.11968475580215454,0.0,1.502713918685913,1.003852367401123
132,132,26,2,26,14,train_balanced_1000026,1000026,balanced,downtime_dominant,0.0,0.0,1.0,group_anchor_2,194,194,0,0.0,194,0,0.0,0,0.0,1.8694612962678545,1.9319612962678545,-0.0625,1.8694612962678545,1.9319612962678545,0.0,quality,-1159.2000000000003,-631.89840302664,-7.8755555555555565,0.9999999999999999,1.0,-0.1360774074642912,0.0,0.0,-0.0625,56,216.60000000000002,True,False,completed,1.0,1.0,1159.2000000000003,1159.2000000000003,631.89840302664,7.8755555555555565,0.38905700830240875,0.1360774074642912,0.23520000000000002,0.17906408421666667,0.75,0,0.0,0,0,0,0.0,1,65,0,1,1803,180.3,0,0,0,0.0,0,0.0,0,0,26,0.0,0,{},0.0,12,0.9166666666666666,44,12,93,24,21,70,47,23,2,68,0,47,2,21,2,2,0,68,8,10,0,16,0,68,0,0,47,2,21,45,7,1.5555555555555556,0,10,1996,10.248598500002117,8.14770119987952,0.08733919999940554,0.2551545000169426,14.784648699998797,parallel_episode_batch,pending,0.0025302341382484883,0.0016516920031790505,0.5257688798010349,-0.0019016087608179078,6.005206311443523e-06,0.0,1.0000313725322485,0.1451430166780483,0.015625,0.6380118131637573,1.2667198181152344,0.17576369643211365,0.05663392320275307,0.05392531678080559,1.2100859880447388,0.18434756994247437,0.9058701992034912,0.0001,-0.2986392080783844,-0.30132028460502625,-0.20194734632968903,-0.20100639760494232,-0.20107226073741913,0.2998369336128235,-0.3019620180130005,-0.3007260262966156,-0.19962657988071442,-0.2012014091014862,-0.20190565288066864,0.01798621006309986,0.12055379897356033,0.01798621006309986,0.11968475580215454,0.0,1.502713918685913,1.003852367401123
133,133,26,3,26,14,train_balanced_1000026,1000026,balanced,downtime_dominant,0.3333333333333333,0.3333333333333333,0.3333333333333333,group_anchor_3,190,190,0,0.0,190,0,0.0,0,0.0,1.7621923602848995,1.8246923602848995,-0.0625,1.7621923602848995,1.8246923602848995,0.0,quality,-693.6999999999997,-565.61321100497,-23.992222222222228,0.9999999999999999,1.0,-0.350615279430201,0.0,0.0,-0.0625,56,216.4,True,False,completed,1.0,1.0,693.6999999999997,693.6999999999997,565.61321100497,23.992222222222228,0.3563924020646859,0.350615279430201,0.28230000000000005,0.18728075088333332,0.75,0,0.0,0,0,0,0.0,1,59,0,0,1811,181.10000000000002,0,0,0,0.0,0,0.0,0,0,25,0.0,0,{},0.0,11,0.9090909090909091,45,11,91,22,21,103,80,23,2,101,0,80,2,21,2,2,0,101,11,13,1,21,0,101,0,0,80,2,21,69,10,1.4927536231884058,0,10,1996,10.248598500002117,8.14770119987952,0.08654189999651862,0.13859779999620514,14.784648699998797,parallel_episode_batch,pending,0.0025302341382484883,0.0016516920031790505,0.5257688798010349,-0.0019016087608179078,6.005206311443523e-06,0.0,1.0000313725322485,0.1451430166780483,0.015625,0.6380118131637573,1.2667198181152344,0.17576369643211365,0.05663392320275307,0.05392531678080559,1.2100859880447388,0.18434756994247437,0.9058701992034912,0.0001,-0.2986392080783844,-0.30132028460502625,-0.20194734632968903,-0.20100639760494232,-0.20107226073741913,0.2998369336128235,-0.3019620180130005,-0.3007260262966156,-0.19962657988071442,-0.2012014091014862,-0.20190565288066864,0.01798621006309986,0.12055379897356033,0.01798621006309986,0.11968475580215454,0.0,1.502713918685913,1.003852367401123
134,134,26,4,26,14,train_balanced_1000026,1000026,balanced,downtime_dominant,0.5,0.3,0.2,group_anchor_4,172,172,0,0.0,172,0,0.0,0,0.0,1.78404441113083,1.84654441113083,-0.0625,1.78404441113083,1.8465444111308302,-2.220446049250313e-16,quality,-701.9000000000002,-431.33417508995,-9.516666666666666,0.9999999999999999,1.0,-0.30691117773833954,0.0,0.0,-0.0625,56,211.5,True,False,completed,1.0,1.0,701.9000000000002,701.9000000000002,431.33417508995,9.516666666666666,0.30691117773833954,0.30691117773833954,0.2266,0.17502641218333334,0.75,0,0.0,0,0,0,0.0,1,42,0,0,1897,189.70000000000002,0,0,0,0.0,0,0.0,0,0,25,0.0,0,{},0.0,8,1.0,48,8,86,16,14,86,71,15,1,85,0,71,1,14,1,1,0,85,8,7,1,13,0,85,0,0,71,1,14,60,5,1.4333333333333333,0,10,1996,10.248598500002117,8.14770119987952,0.11525439999968512,0.16297899998608045,14.784648699998797,parallel_episode_batch,pending,0.0025302341382484883,0.0016516920031790505,0.5257688798010349,-0.0019016087608179078,6.005206311443523e-06,0.0,1.0000313725322485,0.1451430166780483,0.015625,0.6380118131637573,1.2667198181152344,0.17576369643211365,0.05663392320275307,0.05392531678080559,1.2100859880447388,0.18434756994247437,0.9058701992034912,0.0001,-0.2986392080783844,-0.30132028460502625,-0.20194734632968903,-0.20100639760494232,-0.20107226073741913,0.2998369336128235,-0.3019620180130005,-0.3007260262966156,-0.19962657988071442,-0.2012014091014862,-0.20190565288066864,0.01798621006309986,0.12055379897356033,0.01798621006309986,0.11968475580215454,0.0,1.502713918685913,1.003852367401123
135,135,27,0,27,14,train_balanced_1000027,1000027,balanced,balanced_cost,1.0,0.0,0.0,group_anchor_0,209,209,0,0.0,209,0,0.0,0,0.0,1.7442484662576683,1.8067484662576683,-0.0625,1.7442484662576683,1.8067484662576687,-4.440892098500626e-16,quality,-755.9999999999998,-445.1166093923702,-6.614722222222226,1.0,1.0,-0.3865030674846625,0.0,0.0,-0.0625,65,202.20000000000002,True,False,completed,1.0,1.0,755.9999999999998,755.9999999999998,445.1166093923702,6.614722222222226,0.30902332830391094,0.3865030674846625,0.2258,0.18183721885,0.75,0,0.0,0,0,0,0.0,2,60,0,0,1732,173.20000000000002,0,0,0,0.0,0,0.0,0,0,38,0.0,0,{},0.0,11,0.9090909090909091,54,11,100,22,22,117,95,22,0,117,0,95,0,22,0,0,0,117,11,11,0,22,0,117,0,0,95,0,22,83,3,1.4096385542168675,0,10,1996,10.248598500002117,8.14770119987952,0.11177049999969313,0.20899309999367688,14.784648699998797,parallel_episode_batch,pending,0.0025302341382484883,0.0016516920031790505,0.5257688798010349,-0.0019016087608179078,6.005206311443523e-06,0.0,1.0000313725322485,0.1451430166780483,0.015625,0.6380118131637573,1.2667198181152344,0.17576369643211365,0.05663392320275307,0.05392531678080559,1.2100859880447388,0.18434756994247437,0.9058701992034912,0.0001,-0.2986392080783844,-0.30132028460502625,-0.20194734632968903,-0.20100639760494232,-0.20107226073741913,0.2998369336128235,-0.3019620180130005,-0.3007260262966156,-0.19962657988071442,-0.2012014091014862,-0.20190565288066864,0.01798621006309986,0.12055379897356033,0.01798621006309986,0.11968475580215454,0.0,1.502713918685913,1.003852367401123
136,136,27,1,27,14,train_balanced_1000027,1000027,balanced,balanced_cost,0.0,1.0,0.0,group_anchor_1,230,230,0,0.0,230,0,0.0,0,0.0,1.755245204800876,1.817745204800876,-0.0625,1.755245204800876,1.817745204800876,0.0,quality,-923.4000000000001,-573.5878699202999,-15.365555555555558,1.0,1.0,-0.3645095903982479,0.0,0.0,-0.0625,65,238.4,True,False,completed,1.0,1.0,923.4000000000001,923.4000000000001,573.5878699202999,15.365555555555558,0.3738014082718585,0.3645095903982479,0.27307604520000006,0.1692159265666667,0.75,0,0.0,0,0,3,0.013157894736842105,1,75,0,2,2020,202.0,0,0,0,0.0,0,0.0,0,0,33,0.0,0,{},0.0,14,1.0,51,14,111,28,26,91,64,27,1,90,0,64,1,26,1,1,0,90,10,11,1,19,0,90,0,0,64,1,26,63,4,1.4444444444444444,0,10,1996,10.248598500002117,8.14770119987952,0.143670800003747,0.3269566000526538,14.784648699998797,parallel_episode_batch,pending,0.0025302341382484883,0.0016516920031790505,0.5257688798010349,-0.0019016087608179078,6.005206311443523e-06,0.0,1.0000313725322485,0.1451430166780483,0.015625,0.6380118131637573,1.2667198181152344,0.17576369643211365,0.05663392320275307,0.05392531678080559,1.2100859880447388,0.18434756994247437,0.9058701992034912,0.0001,-0.2986392080783844,-0.30132028460502625,-0.20194734632968903,-0.20100639760494232,-0.20107226073741913,0.2998369336128235,-0.3019620180130005,-0.3007260262966156,-0.19962657988071442,-0.2012014091014862,-0.20190565288066864,0.01798621006309986,0.12055379897356033,0.01798621006309986,0.11968475580215454,0.0,1.502713918685913,1.003852367401123
137,137,27,2,27,14,train_balanced_1000027,1000027,balanced,balanced_cost,0.0,0.0,1.0,group_anchor_2,217,217,0,0.0,217,0,0.0,0,0.0,1.9271387010429302,1.9896387010429302,-0.0625,1.9271387010429302,1.9896387010429304,-2.220446049250313e-16,quality,-976.1999999999999,-482.1925782635803,-1.0580555555555562,1.0,1.0,-0.020722597914139145,0.0,0.0,-0.0625,65,216.20000000000002,True,False,completed,1.0,1.0,976.1999999999999,976.1999999999999,482.1925782635803,1.0580555555555562,0.326031717863186,0.020722597914139145,0.20897604520000002,0.15572715173333337,0.75,0,0.0,0,0,0,0.0,2,70,0,3,1763,176.3,0,0,0,0.0,0,0.0,0,0,34,0.0,0,{},0.0,12,1.0,53,12,104,24,24,83,59,24,0,83,0,59,0,24,0,0,0,83,9,11,0,20,0,83,0,0,59,0,24,55,4,1.509090909090909,0,10,1996,10.248598500002117,8.14770119987952,0.145013100001961,0.36259169999539154,14.784648699998797,parallel_episode_batch,pending,0.0025302341382484883,0.0016516920031790505,0.5257688798010349,-0.0019016087608179078,6.005206311443523e-06,0.0,1.0000313725322485,0.1451430166780483,0.015625,0.6380118131637573,1.2667198181152344,0.17576369643211365,0.05663392320275307,0.05392531678080559,1.2100859880447388,0.18434756994247437,0.9058701992034912,0.0001,-0.2986392080783844,-0.30132028460502625,-0.20194734632968903,-0.20100639760494232,-0.20107226073741913,0.2998369336128235,-0.3019620180130005,-0.3007260262966156,-0.19962657988071442,-0.2012014091014862,-0.20190565288066864,0.01798621006309986,0.12055379897356033,0.01798621006309986,0.11968475580215454,0.0,1.502713918685913,1.003852367401123
138,138,27,3,27,14,train_balanced_1000027,1000027,balanced,balanced_cost,0.3333333333333333,0.3333333333333333,0.3333333333333333,group_anchor_3,224,224,0,0.0,224,0,0.0,0,0.0,1.776883701146331,1.839383701146331,-0.0625,1.776883701146331,1.8393837011463317,-6.661338147750939e-16,quality,-857.8999999999999,-548.1318197230698,-11.939166666666667,1.0,1.0,-0.32123259770733664,0.0,0.0,-0.0625,65,224.10000000000002,True,False,completed,1.0,1.0,857.8999999999999,857.8999999999999,548.1318197230698,11.939166666666667,0.35320996193640175,0.32123259770733664,0.2382760452,0.17695053325000007,0.75,0,0.0,0,0,0,0.0,2,71,0,2,1897,189.70000000000002,0,0,0,0.0,0,0.0,0,0,37,0.0,0,{},0.0,13,1.0,52,13,108,26,25,108,83,25,0,108,0,83,0,25,0,0,0,108,12,12,0,24,0,108,0,0,83,0,25,76,4,1.4210526315789473,0,10,1996,10.248598500002117,8.14770119987952,0.13164949999918463,0.29534159995091613,14.784648699998797,parallel_episode_batch,pending,0.0025302341382484883,0.0016516920031790505,0.5257688798010349,-0.0019016087608179078,6.005206311443523e-06,0.0,1.0000313725322485,0.1451430166780483,0.015625,0.6380118131637573,1.2667198181152344,0.17576369643211365,0.05663392320275307,0.05392531678080559,1.2100859880447388,0.18434756994247437,0.9058701992034912,0.0001,-0.2986392080783844,-0.30132028460502625,-0.20194734632968903,-0.20100639760494232,-0.20107226073741913,0.2998369336128235,-0.3019620180130005,-0.3007260262966156,-0.19962657988071442,-0.2012014091014862,-0.20190565288066864,0.01798621006309986,0.12055379897356033,0.01798621006309986,0.11968475580215454,0.0,1.502713918685913,1.003852367401123
139,139,27,4,27,14,train_balanced_1000027,1000027,balanced,balanced_cost,0.5,0.3,0.2,group_anchor_4,223,223,0,0.0,223,0,0.0,0,0.0,1.7801587588159977,1.8426587588159977,-0.0625,1.7801587588159977,1.842658758815998,-2.220446049250313e-16,quality,-785.7999999999998,-523.5300278196298,-3.688055555555558,1.0,1.0,-0.314682482368004,0.0,0.0,-0.0625,65,204.4,True,False,completed,1.0,1.0,785.7999999999998,785.7999999999998,523.5300278196298,3.688055555555558,0.314682482368004,0.314682482368004,0.2082,0.16566501349999999,0.75,0,0.0,0,0,0,0.0,2,76,0,1,1720,172.0,0,0,0,0.0,0,0.0,0,0,37,0.0,0,{},0.0,13,1.0,52,13,107,26,25,120,95,25,0,120,0,95,0,25,0,0,0,120,12,13,0,25,0,120,0,0,95,0,25,80,4,1.5,0,10,1996,10.248598500002117,8.14770119987952,0.10813580000103684,0.19685960001515923,14.784648699998797,parallel_episode_batch,pending,0.0025302341382484883,0.0016516920031790505,0.5257688798010349,-0.0019016087608179078,6.005206311443523e-06,0.0,1.0000313725322485,0.1451430166780483,0.015625,0.6380118131637573,1.2667198181152344,0.17576369643211365,0.05663392320275307,0.05392531678080559,1.2100859880447388,0.18434756994247437,0.9058701992034912,0.0001,-0.2986392080783844,-0.30132028460502625,-0.20194734632968903,-0.20100639760494232,-0.20107226073741913,0.2998369336128235,-0.3019620180130005,-0.3007260262966156,-0.19962657988071442,-0.2012014091014862,-0.20190565288066864,0.01798621006309986,0.12055379897356033,0.01798621006309986,0.11968475580215454,0.0,1.502713918685913,1.003852367401123
140,140,28,0,28,15,train_easy_1000028,1000028,easy,fixed_cost_dominant,1.0,0.0,0.0,group_anchor_0,148,148,0,0.0,148,0,0.0,0,0.0,1.797903652090341,1.860403652090341,-0.0625,1.797903652090341,1.860403652090341,0.0,quality,-464.79999999999995,-237.03711903487007,-7.311388888888888,0.9999999999999998,1.0,-0.2791926958193176,0.0,0.0,-0.0625,47,170.60000000000002,True,False,completed,1.0,1.0,464.79999999999995,464.79999999999995,237.03711903487007,7.311388888888888,0.22259600465298893,0.2791926958193176,0.12950000000000003,0.10201044816666667,0.75,0,0.0,0,0,0,0.0,2,41,0,0,1455,145.5,0,0,0,0.0,0,0.0,0,0,11,0.0,0,{},0.0,7,1.0,40,7,73,14,14,83,69,14,0,83,0,69,0,14,0,0,0,83,7,7,0,14,0,83,0,0,69,0,14,60,4,1.3833333333333333,0,10,1616,8.211680599997635,6.376997799969104,0.08489600000029895,0.10011970007326454,10.626279399999476,parallel_episode_batch,pending,-0.0006541469707511938,0.0013109232811704995,0.5033136485860898,-0.0050318218731822874,2.5617733067170216e-06,0.0,1.0000007977852454,0.1259761222351629,0.0,0.41746652126312256,1.4493589401245117,0.2286725491285324,0.030668815597891808,0.058967676013708115,1.4186900854110718,0.19609883427619934,0.9335033297538757,0.0001,-0.29875895380973816,-0.3014910817146301,-0.20188648998737335,-0.20112599432468414,-0.20105203986167908,0.3000427782535553,-0.30214184522628784,-0.3009350299835205,-0.19976261258125305,-0.20139725506305695,-0.20189611613750458,0.01798621006309986,0.12066322565078735,0.01798621006309986,0.11969821900129318,0.0,1.5025277137756348,1.003953456878662
141,141,28,1,28,15,train_easy_1000028,1000028,easy,fixed_cost_dominant,0.0,1.0,0.0,group_anchor_1,147,147,0,0.0,147,0,0.0,0,0.0,1.8387049008914373,1.9012049008914373,-0.0625,1.8387049008914373,1.9012049008914373,0.0,quality,-573.8,-246.2459927310201,-4.062222222222224,0.9999999999999998,1.0,-0.1975901982171251,0.0,0.0,-0.0625,47,188.3,True,False,completed,1.0,1.0,573.8,573.8,246.2459927310201,4.062222222222224,0.23604816109572982,0.1975901982171251,0.18230000000000002,0.11696258256666668,0.75,0,0.0,0,0,0,0.0,3,42,0,0,1659,165.9,0,0,0,0.0,0,0.0,0,0,13,0.0,0,{},0.0,7,1.0,40,7,73,14,13,59,46,13,0,59,0,46,0,13,0,0,0,59,7,6,1,12,0,59,0,0,46,0,13,45,3,1.3111111111111111,0,10,1616,8.211680599997635,6.376997799969104,0.08762379999825498,0.20912580000731396,10.626279399999476,parallel_episode_batch,pending,-0.0006541469707511938,0.0013109232811704995,0.5033136485860898,-0.0050318218731822874,2.5617733067170216e-06,0.0,1.0000007977852454,0.1259761222351629,0.0,0.41746652126312256,1.4493589401245117,0.2286725491285324,0.030668815597891808,0.058967676013708115,1.4186900854110718,0.19609883427619934,0.9335033297538757,0.0001,-0.29875895380973816,-0.3014910817146301,-0.20188648998737335,-0.20112599432468414,-0.20105203986167908,0.3000427782535553,-0.30214184522628784,-0.3009350299835205,-0.19976261258125305,-0.20139725506305695,-0.20189611613750458,0.01798621006309986,0.12066322565078735,0.01798621006309986,0.11969821900129318,0.0,1.5025277137756348,1.003953456878662
142,142,28,2,28,15,train_easy_1000028,1000028,easy,fixed_cost_dominant,0.0,0.0,1.0,group_anchor_2,181,181,0,0.0,181,0,0.0,0,0.0,1.9273305730473451,1.9898305730473451,-0.0625,1.9273305730473451,1.989830573047345,2.220446049250313e-16,quality,-549.0000000000001,-428.38471762215977,-1.0380555555555546,0.9999999999999998,1.0,-0.0203388539053103,0.0,0.0,-0.0625,47,170.4,True,False,completed,1.0,1.0,549.0000000000001,549.0000000000001,428.38471762215977,1.038055555555555,0.2509871474420035,0.0203388539053103,0.20920000000000002,0.15011666666666668,0.75,0,0.0,0,0,0,0.0,2,70,0,2,1369,136.9,0,0,0,0.0,0,0.0,0,0,18,0.0,0,{},0.0,12,1.0,35,12,86,24,24,92,68,24,0,92,0,68,0,24,0,0,0,92,12,11,0,23,0,92,0,0,68,0,24,63,4,1.4603174603174602,0,10,1616,8.211680599997635,6.376997799969104,0.09226300000591436,0.12628889996994985,10.626279399999476,parallel_episode_batch,pending,-0.0006541469707511938,0.0013109232811704995,0.5033136485860898,-0.0050318218731822874,2.5617733067170216e-06,0.0,1.0000007977852454,0.1259761222351629,0.0,0.41746652126312256,1.4493589401245117,0.2286725491285324,0.030668815597891808,0.058967676013708115,1.4186900854110718,0.19609883427619934,0.9335033297538757,0.0001,-0.29875895380973816,-0.3014910817146301,-0.20188648998737335,-0.20112599432468414,-0.20105203986167908,0.3000427782535553,-0.30214184522628784,-0.3009350299835205,-0.19976261258125305,-0.20139725506305695,-0.20189611613750458,0.01798621006309986,0.12066322565078735,0.01798621006309986,0.11969821900129318,0.0,1.5025277137756348,1.003953456878662
143,143,28,3,28,15,train_easy_1000028,1000028,easy,fixed_cost_dominant,0.3333333333333333,0.3333333333333333,0.3333333333333333,group_anchor_3,150,150,0,0.0,150,0,0.0,0,0.0,1.8445832688531023,1.9070832688531023,-0.0625,1.8445832688531023,1.9070832688531025,-2.220446049250313e-16,quality,-501.3000000000002,-237.33049781143015,-3.8233333333333337,0.9999999999999998,1.0,-0.18583346229379477,0.0,0.0,-0.0625,47,171.70000000000002,True,False,completed,1.0,1.0,501.3000000000002,501.3000000000002,237.33049781143015,3.8233333333333337,0.21907803474449047,0.18583346229379477,0.12950000000000003,0.10317711483333332,0.75,0,0.0,0,0,0,0.0,2,40,0,3,1507,150.70000000000002,0,0,0,0.0,0,0.0,0,0,13,0.0,0,{},0.0,7,1.0,40,7,76,14,13,72,59,13,0,72,0,59,0,13,0,0,0,72,6,7,0,13,0,72,0,0,59,0,13,50,4,1.44,0,10,1616,8.211680599997635,6.376997799969104,0.08978570000181207,0.16223830004310003,10.626279399999476,parallel_episode_batch,pending,-0.0006541469707511938,0.0013109232811704995,0.5033136485860898,-0.0050318218731822874,2.5617733067170216e-06,0.0,1.0000007977852454,0.1259761222351629,0.0,0.41746652126312256,1.4493589401245117,0.2286725491285324,0.030668815597891808,0.058967676013708115,1.4186900854110718,0.19609883427619934,0.9335033297538757,0.0001,-0.29875895380973816,-0.3014910817146301,-0.20188648998737335,-0.20112599432468414,-0.20105203986167908,0.3000427782535553,-0.30214184522628784,-0.3009350299835205,-0.19976261258125305,-0.20139725506305695,-0.20189611613750458,0.01798621006309986,0.12066322565078735,0.01798621006309986,0.11969821900129318,0.0,1.5025277137756348,1.003953456878662
144,144,28,4,28,15,train_easy_1000028,1000028,easy,fixed_cost_dominant,0.5,0.3,0.2,group_anchor_4,147,147,0,0.0,147,0,0.0,0,0.0,1.8231053669447106,1.8856053669447106,-0.0625,1.8231053669447106,1.8856053669447113,-6.661338147750939e-16,quality,-545.5999999999999,-238.19101467748,-3.9955555555555557,0.9999999999999998,1.0,-0.22878926611057754,0.0,0.0,-0.0625,47,184.5,True,False,completed,1.0,1.0,545.5999999999999,545.5999999999999,238.19101467748,3.9955555555555553,0.22878926611057754,0.22878926611057754,0.18950000000000003,0.12667662571666669,0.75,0,0.0,0,0,0,0.0,2,39,0,1,1625,162.5,0,0,0,0.0,0,0.0,0,0,11,0.0,0,{},0.0,7,0.8571428571428571,40,7,73,14,13,72,59,13,0,72,0,59,0,13,0,0,0,72,6,7,0,13,0,72,0,0,59,0,13,50,4,1.44,0,10,1616,8.211680599997635,6.376997799969104,0.09520079999492737,0.2533031999337254,10.626279399999476,parallel_episode_batch,pending,-0.0006541469707511938,0.0013109232811704995,0.5033136485860898,-0.0050318218731822874,2.5617733067170216e-06,0.0,1.0000007977852454,0.1259761222351629,0.0,0.41746652126312256,1.4493589401245117,0.2286725491285324,0.030668815597891808,0.058967676013708115,1.4186900854110718,0.19609883427619934,0.9335033297538757,0.0001,-0.29875895380973816,-0.3014910817146301,-0.20188648998737335,-0.20112599432468414,-0.20105203986167908,0.3000427782535553,-0.30214184522628784,-0.3009350299835205,-0.19976261258125305,-0.20139725506305695,-0.20189611613750458,0.01798621006309986,0.12066322565078735,0.01798621006309986,0.11969821900129318,0.0,1.5025277137756348,1.003953456878662
145,145,29,0,29,15,train_easy_1000029,1000029,easy,labor_dominant,1.0,0.0,0.0,group_anchor_0,164,164,0,0.0,164,0,0.0,0,0.0,1.7854672910746388,1.8479672910746388,-0.0625,1.7854672910746388,1.847967291074639,-2.220446049250313e-16,quality,-524.3000000000002,-286.3073696247199,-11.663333333333332,0.9999999999999997,1.0,-0.3040654178507221,0.0,0.0,-0.0625,52,173.5,True,False,completed,1.0,1.0,524.3000000000002,524.3000000000002,286.3073696247199,11.663333333333332,0.2566360315532493,0.3040654178507221,0.22840000000000002,0.14460000000000003,0.75,0,0.0,0,0,0,0.0,2,47,0,0,1478,147.8,0,0,0,0.0,0,0.0,0,0,21,0.0,0,{},0.0,8,1.0,44,8,80,16,16,94,78,16,0,94,0,78,0,16,0,0,0,94,8,8,0,16,0,94,0,0,78,0,16,67,5,1.4029850746268657,0,10,1616,8.211680599997635,6.376997799969104,0.10835560000123223,0.1572185999029898,10.626279399999476,parallel_episode_batch,pending,-0.0006541469707511938,0.0013109232811704995,0.5033136485860898,-0.0050318218731822874,2.5617733067170216e-06,0.0,1.0000007977852454,0.1259761222351629,0.0,0.41746652126312256,1.4493589401245117,0.2286725491285324,0.030668815597891808,0.058967676013708115,1.4186900854110718,0.19609883427619934,0.9335033297538757,0.0001,-0.29875895380973816,-0.3014910817146301,-0.20188648998737335,-0.20112599432468414,-0.20105203986167908,0.3000427782535553,-0.30214184522628784,-0.3009350299835205,-0.19976261258125305,-0.20139725506305695,-0.20189611613750458,0.01798621006309986,0.12066322565078735,0.01798621006309986,0.11969821900129318,0.0,1.5025277137756348,1.003953456878662
146,146,29,1,29,15,train_easy_1000029,1000029,easy,labor_dominant,0.0,1.0,0.0,group_anchor_1,177,177,0,0.0,177,0,0.0,0,0.0,1.8060843644668452,1.8685843644668452,-0.0625,1.8060843644668452,1.8685843644668456,-4.440892098500626e-16,quality,-606.6000000000001,-356.54153621856995,-2.775555555555554,0.9999999999999997,1.0,-0.2628312710663088,0.0,0.0,-0.0625,52,178.8,True,False,completed,1.0,1.0,606.6000000000001,606.6000000000001,356.54153621856995,2.775555555555554,0.25725214271358327,0.2628312710663088,0.3166,0.16305000000000003,0.75,0,0.0,0,0,2,0.01652892561983471,1,53,0,1,1491,149.1,0,0,0,0.0,0,0.0,0,0,23,0.0,0,{},0.0,10,0.9,42,10,86,20,19,84,63,21,2,82,0,63,2,19,2,2,0,82,8,11,0,17,0,82,0,0,63,2,19,50,14,1.68,0,10,1616,8.211680599997635,6.376997799969104,0.08350289999361848,0.1931163999834098,10.626279399999476,parallel_episode_batch,pending,-0.0006541469707511938,0.0013109232811704995,0.5033136485860898,-0.0050318218731822874,2.5617733067170216e-06,0.0,1.0000007977852454,0.1259761222351629,0.0,0.41746652126312256,1.4493589401245117,0.2286725491285324,0.030668815597891808,0.058967676013708115,1.4186900854110718,0.19609883427619934,0.9335033297538757,0.0001,-0.29875895380973816,-0.3014910817146301,-0.20188648998737335,-0.20112599432468414,-0.20105203986167908,0.3000427782535553,-0.30214184522628784,-0.3009350299835205,-0.19976261258125305,-0.20139725506305695,-0.20189611613750458,0.01798621006309986,0.12066322565078735,0.01798621006309986,0.11969821900129318,0.0,1.5025277137756348,1.003953456878662
147,147,29,2,29,15,train_easy_1000029,1000029,easy,labor_dominant,0.0,0.0,1.0,group_anchor_2,178,178,0,0.0,178,0,0.0,0,0.0,1.8909804625500715,1.9534804625500715,-0.0625,1.8909804625500715,1.9534804625500717,-2.220446049250313e-16,quality,-639.2000000000003,-376.6503963732601,-5.129166666666669,0.9999999999999997,1.0,-0.09303907489985644,0.0,0.0,-0.0625,52,195.20000000000002,True,False,completed,1.0,1.0,639.2000000000003,639.2000000000003,376.6503963732601,5.129166666666669,0.2744587687912982,0.09303907489985644,0.276,0.14893333333333333,0.75,0,0.0,0,0,0,0.0,2,56,0,1,1621,162.10000000000002,0,0,0,0.0,0,0.0,0,0,23,0.0,0,{},0.0,10,0.9,42,10,87,20,19,80,61,19,0,80,0,61,0,19,0,0,0,80,10,9,1,18,0,80,0,0,61,0,19,55,5,1.4545454545454546,0,10,1616,8.211680599997635,6.376997799969104,0.09420820000377716,0.28300179993675556,10.626279399999476,parallel_episode_batch,pending,-0.0006541469707511938,0.0013109232811704995,0.5033136485860898,-0.0050318218731822874,2.5617733067170216e-06,0.0,1.0000007977852454,0.1259761222351629,0.0,0.41746652126312256,1.4493589401245117,0.2286725491285324,0.030668815597891808,0.058967676013708115,1.4186900854110718,0.19609883427619934,0.9335033297538757,0.0001,-0.29875895380973816,-0.3014910817146301,-0.20188648998737335,-0.20112599432468414,-0.20105203986167908,0.3000427782535553,-0.30214184522628784,-0.3009350299835205,-0.19976261258125305,-0.20139725506305695,-0.20189611613750458,0.01798621006309986,0.12066322565078735,0.01798621006309986,0.11969821900129318,0.0,1.5025277137756348,1.003953456878662
148,148,29,3,29,15,train_easy_1000029,1000029,easy,labor_dominant,0.3333333333333333,0.3333333333333333,0.3333333333333333,group_anchor_3,153,153,0,0.0,153,0,0.0,0,0.0,1.8343614263735355,1.8968614263735355,-0.0625,1.8343614263735355,1.8968614263735357,-2.220446049250313e-16,quality,-545.5,-220.26085791785005,-7.195833333333332,0.9999999999999997,1.0,-0.20627714725292867,0.0,0.0,-0.0625,52,184.0,True,False,completed,1.0,1.0,545.5,545.5,220.26085791785005,7.195833333333332,0.23557196850704043,0.20627714725292867,0.22650000000000003,0.13041666666666668,0.75,0,0.0,0,0,0,0.0,2,33,0,0,1684,168.4,0,0,0,0.0,0,0.0,0,0,22,0.0,0,{},0.0,6,0.8333333333333334,46,6,77,12,12,75,63,12,0,75,0,63,0,12,0,0,0,75,6,5,0,11,0,75,0,0,63,0,12,55,4,1.3636363636363635,0,10,1616,8.211680599997635,6.376997799969104,0.10754219999944326,0.2029668000395759,10.626279399999476,parallel_episode_batch,pending,-0.0006541469707511938,0.0013109232811704995,0.5033136485860898,-0.0050318218731822874,2.5617733067170216e-06,0.0,1.0000007977852454,0.1259761222351629,0.0,0.41746652126312256,1.4493589401245117,0.2286725491285324,0.030668815597891808,0.058967676013708115,1.4186900854110718,0.19609883427619934,0.9335033297538757,0.0001,-0.29875895380973816,-0.3014910817146301,-0.20188648998737335,-0.20112599432468414,-0.20105203986167908,0.3000427782535553,-0.30214184522628784,-0.3009350299835205,-0.19976261258125305,-0.20139725506305695,-0.20189611613750458,0.01798621006309986,0.12066322565078735,0.01798621006309986,0.11969821900129318,0.0,1.5025277137756348,1.003953456878662
149,149,29,4,29,15,train_easy_1000029,1000029,easy,labor_dominant,0.5,0.3,0.2,group_anchor_4,171,171,0,0.0,171,0,0.0,0,0.0,1.8073372418251141,1.8698372418251141,-0.0625,1.8073372418251141,1.8698372418251143,-2.220446049250313e-16,quality,-559.7999999999998,-358.27153242231,-6.224722222222224,0.9999999999999997,1.0,-0.26032551634977147,0.0,0.0,-0.0625,52,176.8,True,False,completed,1.0,1.0,559.7999999999998,559.7999999999998,358.27153242231,6.224722222222224,0.26032551634977147,0.26032551634977147,0.21570000000000003,0.1614833333333333,0.75,0,0.0,0,0,0,0.0,2,56,0,0,1458,145.8,0,0,0,0.0,0,0.0,0,0,24,0.0,0,{},0.0,10,0.8,42,10,82,20,17,85,68,17,0,85,0,68,0,17,0,0,0,85,9,9,2,16,0,85,0,0,68,0,17,57,4,1.4912280701754386,0,10,1616,8.211680599997635,6.376997799969104,0.09757340000214754,0.15653680006653303,10.626279399999476,parallel_episode_batch,pending,-0.0006541469707511938,0.0013109232811704995,0.5033136485860898,-0.0050318218731822874,2.5617733067170216e-06,0.0,1.0000007977852454,0.1259761222351629,0.0,0.41746652126312256,1.4493589401245117,0.2286725491285324,0.030668815597891808,0.058967676013708115,1.4186900854110718,0.19609883427619934,0.9335033297538757,0.0001,-0.29875895380973816,-0.3014910817146301,-0.20188648998737335,-0.20112599432468414,-0.20105203986167908,0.3000427782535553,-0.30214184522628784,-0.3009350299835205,-0.19976261258125305,-0.20139725506305695,-0.20189611613750458,0.01798621006309986,0.12066322565078735,0.01798621006309986,0.11969821900129318,0.0,1.5025277137756348,1.003953456878662
150,150,30,0,30,16,train_balanced_1000030,1000030,balanced,labor_dominant,1.0,0.0,0.0,group_anchor_0,271,271,0,0.0,271,0,0.0,0,0.0,1.7206657935721366,1.7831657935721366,-0.06250000000000003,1.7206657935721366,1.7831657935721366,0.0,quality,-918.9000000000001,-752.9313672186701,-32.908055555555556,1.0000000000000002,1.0,-0.43366841285572705,0.0,0.0,-0.06250000000000003,71,211.4,True,False,completed,1.0,1.0,918.9000000000001,918.9000000000001,752.9313672186701,32.908055555555556,0.42507676782819315,0.43366841285572705,0.3834000000000001,0.2944666666666667,0.75,0,0.0,0,0,0,0.0,1,96,0,0,1642,164.20000000000002,0,0,0,0.0,0,0.0,0,0,36,0.0,0,{},0.0,19,0.8947368421052632,52,19,124,38,38,162,120,42,4,158,0,120,4,38,4,4,0,158,23,19,0,38,0,158,0,0,120,4,38,102,5,1.588235294117647,0,10,2670,14.053180700000667,11.407304200001818,0.15700419999484438,0.16687650005042087,22.240325799997663,parallel_episode_batch,pending,-7.986037858894893e-05,0.0062881550679559865,0.5498086916548865,-0.0024338695830443784,2.587043601514389e-05,0.0,1.0000246302002953,0.2535678208583877,0.07142857142857142,0.7337321639060974,1.309403657913208,0.21870304644107819,0.025904245674610138,0.09012824296951294,1.2834994792938232,0.17925499379634857,0.8301708698272705,0.0001,-0.29864218831062317,-0.3015410304069519,-0.20183108747005463,-0.20116227865219116,-0.20106984674930573,0.30003243684768677,-0.30208221077919006,-0.3012729287147522,-0.19952289760112762,-0.20135535299777985,-0.2020253837108612,0.01798621006309986,0.12080173939466476,0.01798621006309986,0.11978604644536972,0.0,1.5028053522109985,1.0040992498397827
151,151,30,1,30,16,train_balanced_1000030,1000030,balanced,labor_dominant,0.0,1.0,0.0,group_anchor_1,213,213,0,0.0,213,0,0.0,0,0.0,0.1789060133465631,0.2414060133465631,-0.0625,0.1789060133465631,0.24140601334656284,2.498001805406602e-16,quality,-1881.3000000000004,-418.37081182713996,-42.2113888888889,0.9444444444444448,0.0,-0.294965751084652,-1.0,-0.05555555555555555,-0.0625,70,240.0,False,True,horizon,0.9444444444444444,0.9859154929577465,,1881.3000000000004,418.37081182713996,42.2113888888889,0.48532024466816526,0.294965751084652,0.3144,0.1832166666666667,0.75,0,0.0,0,0,9,0.013782542113323124,1,49,1,2,2165,216.5,0,0,0,0.0,0,0.0,0,0,30,0.0,0,{},0.0,10,1.0,61,10,107,20,15,61,42,19,4,57,0,42,4,15,4,4,0,57,8,11,3,12,1,57,0,0,42,4,15,38,8,1.605263157894737,0,10,2670,14.053180700000667,11.407304200001818,0.14552639999601524,0.46972410002490506,22.240325799997663,parallel_episode_batch,pending,-7.986037858894893e-05,0.0062881550679559865,0.5498086916548865,-0.0024338695830443784,2.587043601514389e-05,0.0,1.0000246302002953,0.2535678208583877,0.07142857142857142,0.7337321639060974,1.309403657913208,0.21870304644107819,0.025904245674610138,0.09012824296951294,1.2834994792938232,0.17925499379634857,0.8301708698272705,0.0001,-0.29864218831062317,-0.3015410304069519,-0.20183108747005463,-0.20116227865219116,-0.20106984674930573,0.30003243684768677,-0.30208221077919006,-0.3012729287147522,-0.19952289760112762,-0.20135535299777985,-0.2020253837108612,0.01798621006309986,0.12080173939466476,0.01798621006309986,0.11978604644536972,0.0,1.5028053522109985,1.0040992498397827
152,152,30,2,30,16,train_balanced_1000030,1000030,balanced,labor_dominant,0.0,0.0,1.0,group_anchor_2,277,277,0,0.0,277,0,0.0,0,0.0,1.8497521334047904,1.9122521334047904,-0.06250000000000003,1.8497521334047904,1.9122521334047904,0.0,quality,-1054.9999999999993,-790.8122805252701,-10.642500000000004,1.0000000000000002,1.0,-0.17549573319041933,0.0,0.0,-0.06250000000000003,71,210.20000000000002,True,False,completed,1.0,1.0,1054.9999999999993,1054.9999999999993,790.8122805252701,10.642500000000005,0.4015020126069169,0.17549573319041933,0.44960000000000006,0.2601,0.75,0,0.0,0,0,0,0.0,1,102,0,3,1605,160.5,0,0,0,0.0,0,0.0,0,0,36,0.0,0,{},0.0,20,0.95,51,20,129,40,37,126,85,41,4,122,0,85,4,37,4,4,0,122,21,18,1,34,0,122,0,0,85,4,37,81,8,1.5555555555555556,0,10,2670,14.053180700000667,11.407304200001818,0.14960029999929247,0.210618400000385,22.240325799997663,parallel_episode_batch,pending,-7.986037858894893e-05,0.0062881550679559865,0.5498086916548865,-0.0024338695830443784,2.587043601514389e-05,0.0,1.0000246302002953,0.2535678208583877,0.07142857142857142,0.7337321639060974,1.309403657913208,0.21870304644107819,0.025904245674610138,0.09012824296951294,1.2834994792938232,0.17925499379634857,0.8301708698272705,0.0001,-0.29864218831062317,-0.3015410304069519,-0.20183108747005463,-0.20116227865219116,-0.20106984674930573,0.30003243684768677,-0.30208221077919006,-0.3012729287147522,-0.19952289760112762,-0.20135535299777985,-0.2020253837108612,0.01798621006309986,0.12080173939466476,0.01798621006309986,0.11978604644536972,0.0,1.5028053522109985,1.0040992498397827
153,153,30,3,30,16,train_balanced_1000030,1000030,balanced,labor_dominant,0.3333333333333333,0.3333333333333333,0.3333333333333333,group_anchor_3,268,268,0,0.0,268,0,0.0,0,0.0,1.7581384223795091,1.8206384223795091,-0.0625,1.7581384223795091,1.8206384223795091,0.0,quality,-1061.8,-752.3587091642402,-10.78138888888889,1.0000000000000002,1.0,-0.3587231552409816,0.0,0.0,-0.0625,71,209.8,True,False,completed,1.0,1.0,1061.8,1061.8,752.3587091642402,10.781388888888886,0.39900268480547696,0.3587231552409816,0.31799999999999995,0.24365,0.75,0,0.0,0,0,0,0.0,1,106,0,1,1564,156.4,0,0,0,0.0,0,0.0,0,0,35,0.0,0,{},0.0,19,0.9473684210526315,52,19,124,38,35,130,94,36,1,129,0,94,1,35,1,1,0,129,17,17,1,32,0,129,0,0,94,1,35,87,4,1.4942528735632183,0,10,2670,14.053180700000667,11.407304200001818,0.12119720000191592,0.24843640004837653,22.240325799997663,parallel_episode_batch,pending,-7.986037858894893e-05,0.0062881550679559865,0.5498086916548865,-0.0024338695830443784,2.587043601514389e-05,0.0,1.0000246302002953,0.2535678208583877,0.07142857142857142,0.7337321639060974,1.309403657913208,0.21870304644107819,0.025904245674610138,0.09012824296951294,1.2834994792938232,0.17925499379634857,0.8301708698272705,0.0001,-0.29864218831062317,-0.3015410304069519,-0.20183108747005463,-0.20116227865219116,-0.20106984674930573,0.30003243684768677,-0.30208221077919006,-0.3012729287147522,-0.19952289760112762,-0.20135535299777985,-0.2020253837108612,0.01798621006309986,0.12080173939466476,0.01798621006309986,0.11978604644536972,0.0,1.5028053522109985,1.0040992498397827
154,154,30,4,30,16,train_balanced_1000030,1000030,balanced,labor_dominant,0.5,0.3,0.2,group_anchor_4,273,273,0,0.0,273,0,0.0,0,0.0,1.729180446283535,1.791680446283535,-0.0625,1.729180446283535,1.7916804462835345,4.440892098500626e-16,quality,-1003.9999999999998,-804.7830139359696,-19.0113888888889,1.0000000000000002,1.0,-0.4166391074329311,0.0,0.0,-0.0625,71,228.60000000000002,True,False,completed,1.0,1.0,1003.9999999999998,1003.9999999999998,804.7830139359696,19.0113888888889,0.4166391074329311,0.4166391074329311,0.3663,0.32660000000000006,0.75,0,0.0,0,0,0,0.0,1,101,0,1,1863,186.3,0,0,0,0.0,0,0.0,0,0,33,0.0,0,{},0.0,20,0.95,51,20,126,40,36,145,107,38,2,143,0,107,2,36,2,2,0,143,19,21,2,36,0,143,0,0,107,2,36,94,8,1.5425531914893618,0,10,2670,14.053180700000667,11.407304200001818,0.17088040000089677,0.24350390001927735,22.240325799997663,parallel_episode_batch,pending,-7.986037858894893e-05,0.0062881550679559865,0.5498086916548865,-0.0024338695830443784,2.587043601514389e-05,0.0,1.0000246302002953,0.2535678208583877,0.07142857142857142,0.7337321639060974,1.309403657913208,0.21870304644107819,0.025904245674610138,0.09012824296951294,1.2834994792938232,0.17925499379634857,0.8301708698272705,0.0001,-0.29864218831062317,-0.3015410304069519,-0.20183108747005463,-0.20116227865219116,-0.20106984674930573,0.30003243684768677,-0.30208221077919006,-0.3012729287147522,-0.19952289760112762,-0.20135535299777985,-0.2020253837108612,0.01798621006309986,0.12080173939466476,0.01798621006309986,0.11978604644536972,0.0,1.5028053522109985,1.0040992498397827
155,155,31,0,31,16,train_high_arrival_pressure_1000031,1000031,high_arrival_pressure,balanced_cost,1.0,0.0,0.0,group_anchor_0,276,276,0,0.0,276,0,0.0,0,0.0,1.6494392440833625,1.7119392440833625,-0.0625,1.6494392440833625,1.7119392440833627,-2.220446049250313e-16,quality,-1631.0000000000002,-760.82776522933,-5.868888888888885,1.0000000000000002,1.0,-0.5761215118332745,0.0,0.0,-0.0625,82,159.8,True,False,completed,1.0,1.0,1631.0000000000002,1631.0000000000002,760.82776522933,5.868888888888886,0.4386958475372841,0.5761215118332745,0.33703418270000013,0.2829848935833334,0.75,0,0.0,0,0,0,0.0,1,83,0,0,1195,119.5,0,0,0,0.0,0,0.0,0,0,47,0.0,0,{},0.0,16,1.0,66,16,130,32,32,158,124,34,2,156,0,124,2,32,2,2,0,156,17,17,0,32,0,156,0,0,124,2,32,107,6,1.4766355140186915,0,10,2670,14.053180700000667,11.407304200001818,0.16577369999868097,0.25351770000270335,22.240325799997663,parallel_episode_batch,pending,-7.986037858894893e-05,0.0062881550679559865,0.5498086916548865,-0.0024338695830443784,2.587043601514389e-05,0.0,1.0000246302002953,0.2535678208583877,0.07142857142857142,0.7337321639060974,1.309403657913208,0.21870304644107819,0.025904245674610138,0.09012824296951294,1.2834994792938232,0.17925499379634857,0.8301708698272705,0.0001,-0.29864218831062317,-0.3015410304069519,-0.20183108747005463,-0.20116227865219116,-0.20106984674930573,0.30003243684768677,-0.30208221077919006,-0.3012729287147522,-0.19952289760112762,-0.20135535299777985,-0.2020253837108612,0.01798621006309986,0.12080173939466476,0.01798621006309986,0.11978604644536972,0.0,1.5028053522109985,1.0040992498397827
156,156,31,1,31,16,train_high_arrival_pressure_1000031,1000031,high_arrival_pressure,balanced_cost,0.0,1.0,0.0,group_anchor_1,258,258,0,0.0,258,0,0.0,0,0.0,1.7481108989763432,1.8106108989763432,-0.0625,1.7481108989763432,1.8106108989763436,-4.440892098500626e-16,quality,-1799.3000000000002,-609.7310224715599,-18.298888888888893,1.0000000000000002,1.0,-0.3787782020473128,0.0,0.0,-0.0625,82,175.70000000000002,True,False,completed,1.0,1.0,1799.3000000000002,1799.3000000000002,609.7310224715599,18.298888888888893,0.4671715168243379,0.3787782020473128,0.3854629834999999,0.30123713365,0.75,0,0.0,0,0,0,0.0,2,66,0,3,1471,147.1,0,0,0,0.0,0,0.0,0,0,46,0.0,0,{},0.0,13,0.8461538461538461,69,13,126,26,24,92,68,24,0,92,0,68,0,24,0,0,0,92,11,13,1,23,0,92,0,0,68,0,24,62,4,1.4838709677419355,0,10,2670,14.053180700000667,11.407304200001818,0.15073280000069644,0.4787818999684532,22.240325799997663,parallel_episode_batch,pending,-7.986037858894893e-05,0.0062881550679559865,0.5498086916548865,-0.0024338695830443784,2.587043601514389e-05,0.0,1.0000246302002953,0.2535678208583877,0.07142857142857142,0.7337321639060974,1.309403657913208,0.21870304644107819,0.025904245674610138,0.09012824296951294,1.2834994792938232,0.17925499379634857,0.8301708698272705,0.0001,-0.29864218831062317,-0.3015410304069519,-0.20183108747005463,-0.20116227865219116,-0.20106984674930573,0.30003243684768677,-0.30208221077919006,-0.3012729287147522,-0.19952289760112762,-0.20135535299777985,-0.2020253837108612,0.01798621006309986,0.12080173939466476,0.01798621006309986,0.11978604644536972,0.0,1.5028053522109985,1.0040992498397827
157,157,31,2,31,16,train_high_arrival_pressure_1000031,1000031,high_arrival_pressure,balanced_cost,0.0,0.0,1.0,group_anchor_2,284,284,0,0.0,284,0,0.0,0,0.0,1.9140712288653896,1.9765712288653896,-0.0625,1.9140712288653896,1.9765712288653898,-2.220446049250313e-16,quality,-1757.9999999999995,-771.3222653139799,-2.4580555555555574,1.0000000000000002,1.0,-0.04685754226922041,0.0,0.0,-0.0625,82,170.9,True,False,completed,1.0,1.0,1757.9999999999995,1757.9999999999995,771.3222653139799,2.4580555555555574,0.4371667493012625,0.04685754226922041,0.35806298350000004,0.2839920568833334,0.75,0,0.0,0,0,0,0.0,1,88,0,2,1311,131.1,0,0,0,0.0,0,0.0,0,0,51,0.0,0,{},0.0,17,0.9411764705882353,65,17,134,34,34,128,93,35,1,127,0,93,1,34,1,1,0,127,17,14,0,30,0,127,0,0,93,1,34,89,5,1.4382022471910112,0,10,2670,14.053180700000667,11.407304200001818,0.17667210000217892,0.38770839993230766,22.240325799997663,parallel_episode_batch,pending,-7.986037858894893e-05,0.0062881550679559865,0.5498086916548865,-0.0024338695830443784,2.587043601514389e-05,0.0,1.0000246302002953,0.2535678208583877,0.07142857142857142,0.7337321639060974,1.309403657913208,0.21870304644107819,0.025904245674610138,0.09012824296951294,1.2834994792938232,0.17925499379634857,0.8301708698272705,0.0001,-0.29864218831062317,-0.3015410304069519,-0.20183108747005463,-0.20116227865219116,-0.20106984674930573,0.30003243684768677,-0.30208221077919006,-0.3012729287147522,-0.19952289760112762,-0.20135535299777985,-0.2020253837108612,0.01798621006309986,0.12080173939466476,0.01798621006309986,0.11978604644536972,0.0,1.5028053522109985,1.0040992498397827
158,158,31,3,31,16,train_high_arrival_pressure_1000031,1000031,high_arrival_pressure,balanced_cost,0.3333333333333333,0.3333333333333333,0.3333333333333333,group_anchor_3,273,273,0,0.0,273,0,0.0,0,0.0,1.727269647810136,1.789769647810136,-0.0625,1.727269647810136,1.7897696478101361,-2.220446049250313e-16,quality,-1643.600000000001,-757.39056266834,-16.881388888888893,1.0000000000000002,1.0,-0.42046070437972755,0.0,0.0,-0.0625,82,157.9,True,False,completed,1.0,1.0,1643.600000000001,1643.600000000001,757.39056266834,16.881388888888893,0.4687737907097348,0.42046070437972755,0.38464297980000006,0.3171664139166668,0.75,0,0.0,0,0,0,0.0,1,88,0,1,1220,122.0,0,0,0,0.0,0,0.0,0,0,46,0.0,0,{},0.0,16,0.9375,66,16,128,32,31,128,96,32,1,127,0,96,1,31,1,1,0,127,15,15,1,28,0,127,0,0,96,1,31,91,4,1.4065934065934067,0,10,2670,14.053180700000667,11.407304200001818,0.13822390000132145,0.32807300004787976,22.240325799997663,parallel_episode_batch,pending,-7.986037858894893e-05,0.0062881550679559865,0.5498086916548865,-0.0024338695830443784,2.587043601514389e-05,0.0,1.0000246302002953,0.2535678208583877,0.07142857142857142,0.7337321639060974,1.309403657913208,0.21870304644107819,0.025904245674610138,0.09012824296951294,1.2834994792938232,0.17925499379634857,0.8301708698272705,0.0001,-0.29864218831062317,-0.3015410304069519,-0.20183108747005463,-0.20116227865219116,-0.20106984674930573,0.30003243684768677,-0.30208221077919006,-0.3012729287147522,-0.19952289760112762,-0.20135535299777985,-0.2020253837108612,0.01798621006309986,0.12080173939466476,0.01798621006309986,0.11978604644536972,0.0,1.5028053522109985,1.0040992498397827
159,159,31,4,31,16,train_high_arrival_pressure_1000031,1000031,high_arrival_pressure,balanced_cost,0.5,0.3,0.2,group_anchor_4,277,277,0,0.0,277,0,0.0,0,0.0,1.6952586901610753,1.7577586901610753,-0.0625,1.6952586901610753,1.7577586901610756,-2.220446049250313e-16,quality,-1649.6,-779.1366026236999,-23.345833333333335,1.0000000000000002,1.0,-0.4844826196778489,0.0,0.0,-0.0625,82,178.5,True,False,completed,1.0,1.0,1649.6,1649.6,779.1366026236999,23.345833333333335,0.4844826196778489,0.4844826196778489,0.4706629835000001,0.29125233413333335,0.75,0,0.0,0,0,0,0.0,1,83,0,0,1375,137.5,0,0,0,0.0,0,0.0,0,0,46,0.0,0,{},0.0,17,0.8823529411764706,65,17,128,34,33,142,106,36,3,139,0,106,3,33,3,3,0,139,17,19,0,33,0,139,0,0,106,3,33,94,6,1.5106382978723405,0,10,2670,14.053180700000667,11.407304200001818,0.16930390000197804,0.2613759999658214,22.240325799997663,parallel_episode_batch,pending,-7.986037858894893e-05,0.0062881550679559865,0.5498086916548865,-0.0024338695830443784,2.587043601514389e-05,0.0,1.0000246302002953,0.2535678208583877,0.07142857142857142,0.7337321639060974,1.309403657913208,0.21870304644107819,0.025904245674610138,0.09012824296951294,1.2834994792938232,0.17925499379634857,0.8301708698272705,0.0001,-0.29864218831062317,-0.3015410304069519,-0.20183108747005463,-0.20116227865219116,-0.20106984674930573,0.30003243684768677,-0.30208221077919006,-0.3012729287147522,-0.19952289760112762,-0.20135535299777985,-0.2020253837108612,0.01798621006309986,0.12080173939466476,0.01798621006309986,0.11978604644536972,0.0,1.5028053522109985,1.0040992498397827
160,160,32,0,32,17,train_balanced_1000032,1000032,balanced,labor_dominant,1.0,0.0,0.0,group_anchor_0,184,184,0,0.0,184,0,0.0,0,0.0,1.7614041243791836,1.8239041243791836,-0.0625,1.7614041243791836,1.8239041243791838,-2.220446049250313e-16,quality,-652.3999999999997,-382.6134368916001,-1.8999999999999997,0.9999999999999997,1.0,-0.35219175124163243,0.0,0.0,-0.0625,55,210.10000000000002,True,False,completed,1.0,1.0,652.3999999999997,652.3999999999997,382.6134368916001,1.9000000000000001,0.26643726025381975,0.35219175124163243,0.22616561980000005,0.19385447366666675,0.75,0,0.0,0,0,0,0.0,1,60,0,0,1798,179.8,0,0,0,0.0,0,0.0,0,0,37,0.0,0,{},0.0,11,1.0,44,11,86,22,21,102,80,22,1,101,0,80,1,21,1,1,0,101,11,12,1,21,0,101,0,0,80,1,21,69,5,1.4782608695652173,0,10,2439,13.492272999996203,10.292522900010226,0.14997059999586781,0.137684299981629,19.002903199994762,parallel_episode_batch,pending,0.0018023969963766062,0.0012847925916923066,0.49298682388586873,-0.0024850739924332653,6.127167379904454e-06,0.0,1.0000161750194354,0.15560043681986058,0.0,0.4498971998691559,1.3845601081848145,0.1868065595626831,0.03447922319173813,0.04428374394774437,1.3500808477401733,0.17661651968955994,0.943804144859314,0.0001,-0.2985529899597168,-0.3014739751815796,-0.20175457000732422,-0.2011251598596573,-0.2011040300130844,0.3000967502593994,-0.3018907308578491,-0.3007827401161194,-0.1997164785861969,-0.20123861730098724,-0.20170548558235168,0.01798621006309986,0.1208401620388031,0.01798621006309986,0.11960932612419128,0.0,1.5030572414398193,1.0029340982437134
161,161,32,1,32,17,train_balanced_1000032,1000032,balanced,labor_dominant,0.0,1.0,0.0,group_anchor_1,188,188,0,0.0,188,0,0.0,0,0.0,1.7990327744437327,1.8615327744437327,-0.0625,1.7990327744437327,1.8615327744437322,4.440892098500626e-16,quality,-820.6999999999999,-383.00047836415007,-10.654722222222217,0.9999999999999997,1.0,-0.2769344511125356,0.0,0.0,-0.0625,55,228.9,True,False,completed,1.0,1.0,820.6999999999999,820.6999999999999,383.00047836415007,10.654722222222217,0.3212859027557549,0.2769344511125356,0.32230000000000003,0.20832650035000003,0.75,0,0.0,0,0,0,0.0,1,61,0,1,1981,198.10000000000002,0,0,0,0.0,0,0.0,0,0,36,0.0,0,{},0.0,11,0.9090909090909091,44,11,92,22,19,76,56,20,1,75,0,56,1,19,1,1,0,75,9,11,1,18,0,75,0,0,56,1,19,52,5,1.4615384615384615,0,10,2439,13.492272999996203,10.292522900010226,0.14506299999629846,0.2746149000740843,19.002903199994762,parallel_episode_batch,pending,0.0018023969963766062,0.0012847925916923066,0.49298682388586873,-0.0024850739924332653,6.127167379904454e-06,0.0,1.0000161750194354,0.15560043681986058,0.0,0.4498971998691559,1.3845601081848145,0.1868065595626831,0.03447922319173813,0.04428374394774437,1.3500808477401733,0.17661651968955994,0.943804144859314,0.0001,-0.2985529899597168,-0.3014739751815796,-0.20175457000732422,-0.2011251598596573,-0.2011040300130844,0.3000967502593994,-0.3018907308578491,-0.3007827401161194,-0.1997164785861969,-0.20123861730098724,-0.20170548558235168,0.01798621006309986,0.1208401620388031,0.01798621006309986,0.11960932612419128,0.0,1.5030572414398193,1.0029340982437134
162,162,32,2,32,17,train_balanced_1000032,1000032,balanced,labor_dominant,0.0,0.0,1.0,group_anchor_2,181,181,0,0.0,181,0,0.0,0,0.0,1.9263620920038456,1.9888620920038456,-0.0625,1.9263620920038456,1.9888620920038458,-2.220446049250313e-16,quality,-1316.8000000000004,-350.6913163226801,-1.1391666666666667,0.9999999999999997,1.0,-0.022275815992308576,0.0,0.0,-0.0625,55,220.8,True,False,completed,1.0,1.0,1316.8000000000004,1316.8000000000004,350.6913163226801,1.139166666666667,0.3439487139870855,0.022275815992308576,0.20240000000000002,0.15599353703333335,0.75,0,0.0,0,0,13,0.0456140350877193,1,53,0,3,2012,201.20000000000002,0,0,0,0.0,0,0.0,0,0,23,0.0,0,{},0.0,10,1.0,45,10,89,20,17,78,59,19,2,76,0,59,2,17,2,2,0,76,9,11,1,17,1,76,0,0,59,2,17,53,5,1.471698113207547,0,10,2439,13.492272999996203,10.292522900010226,0.14346189999923809,0.4115291000343859,19.002903199994762,parallel_episode_batch,pending,0.0018023969963766062,0.0012847925916923066,0.49298682388586873,-0.0024850739924332653,6.127167379904454e-06,0.0,1.0000161750194354,0.15560043681986058,0.0,0.4498971998691559,1.3845601081848145,0.1868065595626831,0.03447922319173813,0.04428374394774437,1.3500808477401733,0.17661651968955994,0.943804144859314,0.0001,-0.2985529899597168,-0.3014739751815796,-0.20175457000732422,-0.2011251598596573,-0.2011040300130844,0.3000967502593994,-0.3018907308578491,-0.3007827401161194,-0.1997164785861969,-0.20123861730098724,-0.20170548558235168,0.01798621006309986,0.1208401620388031,0.01798621006309986,0.11960932612419128,0.0,1.5030572414398193,1.0029340982437134
163,163,32,3,32,17,train_balanced_1000032,1000032,balanced,labor_dominant,0.3333333333333333,0.3333333333333333,0.3333333333333333,group_anchor_3,189,189,0,0.0,189,0,0.0,0,0.0,1.8118806782179813,1.8743806782179813,-0.0625,1.8118806782179813,1.874380678217982,-6.661338147750939e-16,quality,-683.6999999999998,-377.6253755586199,-6.602500000000004,0.9999999999999997,1.0,-0.2512386435640361,0.0,0.0,-0.0625,55,218.5,True,False,completed,1.0,1.0,683.6999999999998,683.6999999999998,377.6253755586199,6.602500000000004,0.2870412770246885,0.2512386435640361,0.29196122220000004,0.1858408375166667,0.75,0,0.0,0,0,0,0.0,1,60,0,2,1881,188.10000000000002,0,0,0,0.0,0,0.0,0,0,38,0.0,0,{},0.0,11,1.0,44,11,92,22,20,90,69,21,1,89,0,69,1,20,1,1,0,89,11,10,1,19,0,89,0,0,69,1,20,57,4,1.5789473684210527,0,10,2439,13.492272999996203,10.292522900010226,0.1401661999989301,0.2223440999587183,19.002903199994762,parallel_episode_batch,pending,0.0018023969963766062,0.0012847925916923066,0.49298682388586873,-0.0024850739924332653,6.127167379904454e-06,0.0,1.0000161750194354,0.15560043681986058,0.0,0.4498971998691559,1.3845601081848145,0.1868065595626831,0.03447922319173813,0.04428374394774437,1.3500808477401733,0.17661651968955994,0.943804144859314,0.0001,-0.2985529899597168,-0.3014739751815796,-0.20175457000732422,-0.2011251598596573,-0.2011040300130844,0.3000967502593994,-0.3018907308578491,-0.3007827401161194,-0.1997164785861969,-0.20123861730098724,-0.20170548558235168,0.01798621006309986,0.1208401620388031,0.01798621006309986,0.11960932612419128,0.0,1.5030572414398193,1.0029340982437134
164,164,32,4,32,17,train_balanced_1000032,1000032,balanced,labor_dominant,0.5,0.3,0.2,group_anchor_4,193,193,0,0.0,193,0,0.0,0,0.0,1.7975786242607976,1.8600786242607976,-0.0625,1.7975786242607976,1.8600786242607983,-6.661338147750939e-16,quality,-661.4999999999995,-405.94198133707005,-4.213333333333335,0.9999999999999997,1.0,-0.27984275147840365,0.0,0.0,-0.0625,55,226.9,True,False,completed,1.0,1.0,661.4999999999995,661.4999999999995,405.94198133707005,4.213333333333335,0.27984275147840365,0.27984275147840365,0.39530000000000004,0.21436536953333332,0.75,0,0.0,0,0,0,0.0,1,63,0,0,1946,194.60000000000002,0,0,0,0.0,0,0.0,0,0,38,0.0,0,{},0.0,12,0.6666666666666666,43,12,90,24,24,108,82,26,2,106,0,82,2,24,2,2,0,106,12,14,0,24,0,106,0,0,82,2,24,72,9,1.5,0,10,2439,13.492272999996203,10.292522900010226,0.11934409999958007,0.21139030007179826,19.002903199994762,parallel_episode_batch,pending,0.0018023969963766062,0.0012847925916923066,0.49298682388586873,-0.0024850739924332653,6.127167379904454e-06,0.0,1.0000161750194354,0.15560043681986058,0.0,0.4498971998691559,1.3845601081848145,0.1868065595626831,0.03447922319173813,0.04428374394774437,1.3500808477401733,0.17661651968955994,0.943804144859314,0.0001,-0.2985529899597168,-0.3014739751815796,-0.20175457000732422,-0.2011251598596573,-0.2011040300130844,0.3000967502593994,-0.3018907308578491,-0.3007827401161194,-0.1997164785861969,-0.20123861730098724,-0.20170548558235168,0.01798621006309986,0.1208401620388031,0.01798621006309986,0.11960932612419128,0.0,1.5030572414398193,1.0029340982437134
165,165,33,0,33,17,train_fatigue_bottleneck_1000033,1000033,fatigue_bottleneck,fixed_cost_dominant,1.0,0.0,0.0,group_anchor_0,267,267,0,0.0,267,0,0.0,0,0.0,1.6722142354183782,1.7347142354183782,-0.06249999999999997,1.6722142354183782,1.7347142354183782,0.0,quality,-1356.3,-822.9983737498999,-19.04888888888889,1.0,1.0,-0.5305715291632437,0.0,0.0,-0.06249999999999997,77,169.4,True,False,completed,1.0,1.0,1356.3,1356.3,822.9983737498999,19.04888888888889,0.45589678936831307,0.5305715291632437,0.6946916864,0.5760913799833335,0.75,5,0.060240963855421686,0,0,8,0.053691275167785234,1,78,2,1,1356,135.6,0,0,0,0.0,0,0.0,0,0,45,0.0,0,{},0.0,17,1.0,60,17,124,34,32,158,119,39,7,151,0,119,7,32,7,7,0,151,20,20,1,32,7,150,0,0,119,7,32,100,9,1.58,0,10,2439,13.492272999996203,10.292522900010226,0.14658930000587134,0.22062049987289356,19.002903199994762,parallel_episode_batch,pending,0.0018023969963766062,0.0012847925916923066,0.49298682388586873,-0.0024850739924332653,6.127167379904454e-06,0.0,1.0000161750194354,0.15560043681986058,0.0,0.4498971998691559,1.3845601081848145,0.1868065595626831,0.03447922319173813,0.04428374394774437,1.3500808477401733,0.17661651968955994,0.943804144859314,0.0001,-0.2985529899597168,-0.3014739751815796,-0.20175457000732422,-0.2011251598596573,-0.2011040300130844,0.3000967502593994,-0.3018907308578491,-0.3007827401161194,-0.1997164785861969,-0.20123861730098724,-0.20170548558235168,0.01798621006309986,0.1208401620388031,0.01798621006309986,0.11960932612419128,0.0,1.5030572414398193,1.0029340982437134
166,166,33,1,33,17,train_fatigue_bottleneck_1000033,1000033,fatigue_bottleneck,fixed_cost_dominant,0.0,1.0,0.0,group_anchor_1,282,282,0,0.0,282,0,0.0,0,0.0,1.6985599405959797,1.7610599405959797,-0.0625,1.6985599405959797,1.7610599405959793,4.440892098500626e-16,quality,-1609.6999999999996,-915.2689564647092,-3.145833333333332,1.0,1.0,-0.47788011880804165,0.0,0.0,-0.0625,77,153.0,True,False,completed,1.0,1.0,1609.6999999999996,1609.6999999999996,915.2689564647092,3.145833333333332,0.4416566001798892,0.47788011880804165,0.7494840662,0.6452247133166668,0.75,25,0.2631578947368421,4,4,49,0.11951219512195121,0,69,5,5,1252,125.2,0,0,0,0.0,0,0.0,0,0,46,0.0,0,{},1.9000000000000001,19,0.9473684210526315,58,19,131,38,36,137,87,50,14,123,0,87,14,36,14,14,0,123,24,29,4,31,18,123,0,0,87,14,36,76,11,1.8026315789473684,0,10,2439,13.492272999996203,10.292522900010226,0.18304689999786206,0.35759970000071917,19.002903199994762,parallel_episode_batch,pending,0.0018023969963766062,0.0012847925916923066,0.49298682388586873,-0.0024850739924332653,6.127167379904454e-06,0.0,1.0000161750194354,0.15560043681986058,0.0,0.4498971998691559,1.3845601081848145,0.1868065595626831,0.03447922319173813,0.04428374394774437,1.3500808477401733,0.17661651968955994,0.943804144859314,0.0001,-0.2985529899597168,-0.3014739751815796,-0.20175457000732422,-0.2011251598596573,-0.2011040300130844,0.3000967502593994,-0.3018907308578491,-0.3007827401161194,-0.1997164785861969,-0.20123861730098724,-0.20170548558235168,0.01798621006309986,0.1208401620388031,0.01798621006309986,0.11960932612419128,0.0,1.5030572414398193,1.0029340982437134
167,167,33,2,33,17,train_fatigue_bottleneck_1000033,1000033,fatigue_bottleneck,fixed_cost_dominant,0.0,0.0,1.0,group_anchor_2,415,415,0,0.0,415,0,0.0,0,0.0,1.8207641328649002,1.8832641328649002,-0.06249999999999997,1.8207641328649002,1.8832641328648996,6.661338147750939e-16,quality,-1790.400000000002,-1327.2813241056954,-15.22916666666665,1.0,1.0,-0.23347173427020101,0.0,0.0,-0.06249999999999997,77,222.0,True,False,completed,1.0,1.0,1790.400000000002,1790.400000000002,1327.2813241056954,15.229166666666652,0.5171465184510994,0.23347173427020101,0.749948025499998,0.7413080466499994,0.75,266,0.6584158415841584,52,52,217,0.37608318890814557,0,93,5,7,1581,158.10000000000002,0,0,0,0.0,0,0.0,0,0,41,0.0,0,{},20.6,26,0.9615384615384616,51,26,192,52,94,258,145,113,19,239,0,145,19,94,19,19,0,239,32,131,5,87,120,237,0,0,145,19,94,85,42,3.0352941176470587,0,10,2439,13.492272999996203,10.292522900010226,0.1633460000011837,0.5302498000382911,19.002903199994762,parallel_episode_batch,pending,0.0018023969963766062,0.0012847925916923066,0.49298682388586873,-0.0024850739924332653,6.127167379904454e-06,0.0,1.0000161750194354,0.15560043681986058,0.0,0.4498971998691559,1.3845601081848145,0.1868065595626831,0.03447922319173813,0.04428374394774437,1.3500808477401733,0.17661651968955994,0.943804144859314,0.0001,-0.2985529899597168,-0.3014739751815796,-0.20175457000732422,-0.2011251598596573,-0.2011040300130844,0.3000967502593994,-0.3018907308578491,-0.3007827401161194,-0.1997164785861969,-0.20123861730098724,-0.20170548558235168,0.01798621006309986,0.1208401620388031,0.01798621006309986,0.11960932612419128,0.0,1.5030572414398193,1.0029340982437134
168,168,33,3,33,17,train_fatigue_bottleneck_1000033,1000033,fatigue_bottleneck,fixed_cost_dominant,0.3333333333333333,0.3333333333333333,0.3333333333333333,group_anchor_3,278,278,0,0.0,278,0,0.0,0,0.0,1.7616881785016787,1.8241881785016787,-0.0625,1.7616881785016787,1.8241881785016787,0.0,quality,-1421.4000000000003,-841.2946897709196,-2.951388888888886,1.0,1.0,-0.35162364299664284,0.0,0.0,-0.0625,77,159.60000000000002,True,False,completed,1.0,1.0,1421.4000000000003,1421.4000000000003,841.2946897709196,2.951388888888888,0.4193333768249967,0.35162364299664284,0.5901916864000002,0.51055804665,0.75,0,0.0,0,0,1,0.003355704697986577,1,94,1,5,1247,124.7,0,0,0,0.0,0,0.0,0,0,41,0.0,0,{},0.0,18,0.9444444444444444,59,18,132,36,33,127,91,36,3,124,0,91,3,33,3,3,0,124,18,16,1,30,1,124,0,0,91,3,33,87,5,1.4597701149425288,0,10,2439,13.492272999996203,10.292522900010226,0.17687380000279518,0.31750879998435266,19.002903199994762,parallel_episode_batch,pending,0.0018023969963766062,0.0012847925916923066,0.49298682388586873,-0.0024850739924332653,6.127167379904454e-06,0.0,1.0000161750194354,0.15560043681986058,0.0,0.4498971998691559,1.3845601081848145,0.1868065595626831,0.03447922319173813,0.04428374394774437,1.3500808477401733,0.17661651968955994,0.943804144859314,0.0001,-0.2985529899597168,-0.3014739751815796,-0.20175457000732422,-0.2011251598596573,-0.2011040300130844,0.3000967502593994,-0.3018907308578491,-0.3007827401161194,-0.1997164785861969,-0.20123861730098724,-0.20170548558235168,0.01798621006309986,0.1208401620388031,0.01798621006309986,0.11960932612419128,0.0,1.5030572414398193,1.0029340982437134
169,169,33,4,33,17,train_fatigue_bottleneck_1000033,1000033,fatigue_bottleneck,fixed_cost_dominant,0.5,0.3,0.2,group_anchor_4,262,262,0,0.0,262,0,0.0,0,0.0,1.70689239948421,1.76939239948421,-0.0625,1.70689239948421,1.7693923994842096,4.440892098500626e-16,quality,-1390.2999999999997,-747.21793106122,-23.82805555555556,1.0,1.0,-0.4612152010315807,0.0,0.0,-0.0625,77,160.4,True,False,completed,1.0,1.0,1390.2999999999997,1390.2999999999997,747.21793106122,23.82805555555556,0.4612152010315807,0.4612152010315807,0.5414840662000002,0.46890804665,0.75,0,0.0,0,0,0,0.0,1,84,0,3,1232,123.2,0,0,0,0.0,0,0.0,0,0,39,0.0,0,{},0.0,16,0.9375,61,16,121,32,32,135,102,33,1,134,0,102,1,32,1,1,0,134,16,15,0,30,0,134,0,0,102,1,32,93,5,1.4516129032258065,0,10,2439,13.492272999996203,10.292522900010226,0.14993800000229385,0.22288029997434933,19.002903199994762,parallel_episode_batch,pending,0.0018023969963766062,0.0012847925916923066,0.49298682388586873,-0.0024850739924332653,6.127167379904454e-06,0.0,1.0000161750194354,0.15560043681986058,0.0,0.4498971998691559,1.3845601081848145,0.1868065595626831,0.03447922319173813,0.04428374394774437,1.3500808477401733,0.17661651968955994,0.943804144859314,0.0001,-0.2985529899597168,-0.3014739751815796,-0.20175457000732422,-0.2011251598596573,-0.2011040300130844,0.3000967502593994,-0.3018907308578491,-0.3007827401161194,-0.1997164785861969,-0.20123861730098724,-0.20170548558235168,0.01798621006309986,0.1208401620388031,0.01798621006309986,0.11960932612419128,0.0,1.5030572414398193,1.0029340982437134
170,170,34,0,34,18,train_balanced_1000034,1000034,balanced,downtime_dominant,1.0,0.0,0.0,group_anchor_0,183,183,0,0.0,183,0,0.0,0,0.0,1.7583041490669948,1.8208041490669948,-0.0625,1.7583041490669948,1.8208041490669946,2.220446049250313e-16,quality,-670.3,-474.9022915073499,-18.683333333333337,0.9999999999999997,1.0,-0.35839170186601077,0.0,0.0,-0.0625,58,221.8,True,False,completed,1.0,1.0,670.3,670.3,474.9022915073499,18.683333333333337,0.33019681717815397,0.35839170186601077,0.22044552790000005,0.16520255075000004,0.75,0,0.0,0,0,0,0.0,2,52,0,0,1859,185.9,0,0,0,0.0,0,0.0,0,0,24,0.0,0,{},0.0,9,1.0,49,9,89,18,18,105,87,18,0,105,0,87,0,18,0,0,0,105,9,9,0,18,0,105,0,0,87,0,18,75,3,1.4,0,10,2830,15.937388499994995,12.141364099952625,0.12721080000483198,0.1436679999169428,22.96387720000348,parallel_episode_batch,pending,-0.0005822646121184031,0.0008856448477470419,0.42154149860143664,-0.004354857565421197,6.0438262731092134e-06,0.0,1.000020518567827,0.11639797861377398,0.0,0.2849942743778229,1.3717327117919922,0.19827021658420563,0.025589797645807266,0.037083402276039124,1.3461428880691528,0.2007555067539215,0.9650180339813232,0.0001,-0.29870346188545227,-0.3023236095905304,-0.20199650526046753,-0.2017306238412857,-0.2019159495830536,0.3005537688732147,-0.30171024799346924,-0.30068278312683105,-0.19937162101268768,-0.20102278888225555,-0.20161336660385132,0.01798621006309986,0.12103697657585144,0.01798621006309986,0.11977703869342804,0.0,1.5035382509231567,1.0022510290145874
171,171,34,1,34,18,train_balanced_1000034,1000034,balanced,downtime_dominant,0.0,1.0,0.0,group_anchor_1,197,197,0,0.0,197,0,0.0,0,0.0,1.7524440878801508,1.8149440878801508,-0.0625,1.7524440878801508,1.8149440878801513,-4.440892098500626e-16,quality,-807.6999999999998,-587.5833814358498,-4.644722222222222,0.9999999999999997,1.0,-0.37011182423969746,0.0,0.0,-0.0625,58,227.3,True,False,completed,1.0,1.0,807.6999999999998,807.6999999999998,587.5833814358498,4.644722222222222,0.32918382782577876,0.37011182423969746,0.21840000000000004,0.18270669515000004,0.75,0,0.0,0,0,0,0.0,2,62,0,3,1973,197.3,0,0,0,0.0,0,0.0,0,0,28,0.0,0,{},0.0,11,1.0,47,11,96,22,21,92,71,21,0,92,0,71,0,21,0,0,0,92,11,11,1,21,0,92,0,0,71,0,21,63,4,1.4603174603174602,0,10,2830,15.937388499994995,12.141364099952625,0.14751370000158204,0.25851700003113365,22.96387720000348,parallel_episode_batch,pending,-0.0005822646121184031,0.0008856448477470419,0.42154149860143664,-0.004354857565421197,6.0438262731092134e-06,0.0,1.000020518567827,0.11639797861377398,0.0,0.2849942743778229,1.3717327117919922,0.19827021658420563,0.025589797645807266,0.037083402276039124,1.3461428880691528,0.2007555067539215,0.9650180339813232,0.0001,-0.29870346188545227,-0.3023236095905304,-0.20199650526046753,-0.2017306238412857,-0.2019159495830536,0.3005537688732147,-0.30171024799346924,-0.30068278312683105,-0.19937162101268768,-0.20102278888225555,-0.20161336660385132,0.01798621006309986,0.12103697657585144,0.01798621006309986,0.11977703869342804,0.0,1.5035382509231567,1.0022510290145874
172,172,34,2,34,18,train_balanced_1000034,1000034,balanced,downtime_dominant,0.0,0.0,1.0,group_anchor_2,199,199,0,0.0,199,0,0.0,0,0.0,1.7800948131145293,1.8425948131145293,-0.0625,1.7800948131145293,1.8425948131145293,0.0,quality,-834.5000000000002,-611.6138574450903,-22.972500000000007,0.9999999999999997,1.0,-0.3148103737709412,0.0,0.0,-0.0625,58,231.0,True,False,completed,1.0,1.0,834.5000000000002,834.5000000000002,611.6138574450903,22.972500000000007,0.3819005108590063,0.3148103737709412,0.2772,0.19858094980000005,0.75,0,0.0,0,0,1,0.004291845493562232,1,67,0,2,1912,191.20000000000002,0,0,0,0.0,0,0.0,0,0,23,0.0,0,{},0.0,12,1.0,46,12,96,24,21,90,68,22,1,89,0,68,1,21,1,1,0,89,10,11,1,19,0,89,0,0,68,1,21,63,4,1.4285714285714286,0,10,2830,15.937388499994995,12.141364099952625,0.12615930000174558,0.24784610002825502,22.96387720000348,parallel_episode_batch,pending,-0.0005822646121184031,0.0008856448477470419,0.42154149860143664,-0.004354857565421197,6.0438262731092134e-06,0.0,1.000020518567827,0.11639797861377398,0.0,0.2849942743778229,1.3717327117919922,0.19827021658420563,0.025589797645807266,0.037083402276039124,1.3461428880691528,0.2007555067539215,0.9650180339813232,0.0001,-0.29870346188545227,-0.3023236095905304,-0.20199650526046753,-0.2017306238412857,-0.2019159495830536,0.3005537688732147,-0.30171024799346924,-0.30068278312683105,-0.19937162101268768,-0.20102278888225555,-0.20161336660385132,0.01798621006309986,0.12103697657585144,0.01798621006309986,0.11977703869342804,0.0,1.5035382509231567,1.0022510290145874
173,173,34,3,34,18,train_balanced_1000034,1000034,balanced,downtime_dominant,0.3333333333333333,0.3333333333333333,0.3333333333333333,group_anchor_3,199,199,0,0.0,199,0,0.0,0,0.0,1.7812185615794636,1.8437185615794636,-0.0625,1.7812185615794636,1.8437185615794636,0.0,quality,-780.6999999999998,-650.7445613982203,-8.776666666666666,0.9999999999999997,1.0,-0.31256287684107276,0.0,0.0,-0.0625,58,229.4,True,False,completed,1.0,1.0,780.6999999999998,780.6999999999998,650.7445613982203,8.776666666666666,0.34520507622764496,0.31256287684107276,0.2532,0.18704002848333334,0.75,0,0.0,0,0,0,0.0,2,70,0,1,1769,176.9,0,0,0,0.0,0,0.0,0,0,26,0.0,0,{},0.0,12,1.0,46,12,94,24,23,88,65,23,0,88,0,65,0,23,0,0,0,88,12,11,1,22,0,88,0,0,65,0,23,64,4,1.375,0,10,2830,15.937388499994995,12.141364099952625,0.11651449999772012,0.2236223999861977,22.96387720000348,parallel_episode_batch,pending,-0.0005822646121184031,0.0008856448477470419,0.42154149860143664,-0.004354857565421197,6.0438262731092134e-06,0.0,1.000020518567827,0.11639797861377398,0.0,0.2849942743778229,1.3717327117919922,0.19827021658420563,0.025589797645807266,0.037083402276039124,1.3461428880691528,0.2007555067539215,0.9650180339813232,0.0001,-0.29870346188545227,-0.3023236095905304,-0.20199650526046753,-0.2017306238412857,-0.2019159495830536,0.3005537688732147,-0.30171024799346924,-0.30068278312683105,-0.19937162101268768,-0.20102278888225555,-0.20161336660385132,0.01798621006309986,0.12103697657585144,0.01798621006309986,0.11977703869342804,0.0,1.5035382509231567,1.0022510290145874
174,174,34,4,34,18,train_balanced_1000034,1000034,balanced,downtime_dominant,0.5,0.3,0.2,group_anchor_4,177,177,0,0.0,177,0,0.0,0,0.0,1.788687848862966,1.851187848862966,-0.0625,1.788687848862966,1.851187848862966,0.0,quality,-728.2999999999998,-410.7907058091199,-5.999166666666668,0.9999999999999997,1.0,-0.29762430227406805,0.0,0.0,-0.0625,58,234.10000000000002,True,False,completed,1.0,1.0,728.2999999999998,728.2999999999998,410.7907058091199,5.999166666666667,0.29762430227406805,0.29762430227406805,0.2075296057,0.16436487855,0.75,0,0.0,0,0,2,0.013513513513513514,2,46,0,1,2039,203.9,0,0,0,0.0,0,0.0,0,0,21,0.0,0,{},0.0,8,1.0,50,8,87,16,16,88,72,16,0,88,0,72,0,16,0,0,0,88,8,6,0,14,0,88,0,0,72,0,16,65,3,1.353846153846154,0,10,2830,15.937388499994995,12.141364099952625,0.1280410000035772,0.2536565999253071,22.96387720000348,parallel_episode_batch,pending,-0.0005822646121184031,0.0008856448477470419,0.42154149860143664,-0.004354857565421197,6.0438262731092134e-06,0.0,1.000020518567827,0.11639797861377398,0.0,0.2849942743778229,1.3717327117919922,0.19827021658420563,0.025589797645807266,0.037083402276039124,1.3461428880691528,0.2007555067539215,0.9650180339813232,0.0001,-0.29870346188545227,-0.3023236095905304,-0.20199650526046753,-0.2017306238412857,-0.2019159495830536,0.3005537688732147,-0.30171024799346924,-0.30068278312683105,-0.19937162101268768,-0.20102278888225555,-0.20161336660385132,0.01798621006309986,0.12103697657585144,0.01798621006309986,0.11977703869342804,0.0,1.5035382509231567,1.0022510290145874
175,175,35,0,35,18,train_reconfiguration_bottleneck_1000035,1000035,reconfiguration_bottleneck,labor_dominant,1.0,0.0,0.0,group_anchor_0,328,328,0,0.0,328,0,0.0,0,0.0,1.6731915583140198,1.7356915583140198,-0.0625,1.6731915583140198,1.7356915583140198,0.0,quality,-1345.7000000000005,-1183.0473247915293,-10.302222222222227,1.0000000000000002,1.0,-0.5286168833719606,0.0,0.0,-0.0625,84,183.10000000000002,True,False,completed,1.0,1.0,1345.7000000000005,1345.7000000000005,1183.0473247915293,10.302222222222229,0.4610544917619305,0.5286168833719606,0.749453283,0.6983963811666666,0.75,12,0.10344827586206896,0,0,35,0.24475524475524477,1,104,2,0,1260,126.0,0,0,0,0.0,0,0.0,0,0,53,0.0,0,{},0.0,25,0.96,59,25,146,50,48,201,141,60,12,189,0,141,12,48,12,12,0,189,33,28,1,48,16,189,0,0,141,12,48,116,8,1.7327586206896552,0,10,2830,15.937388499994995,12.141364099952625,0.5154741000005743,0.2503914000481018,22.96387720000348,parallel_episode_batch,pending,-0.0005822646121184031,0.0008856448477470419,0.42154149860143664,-0.004354857565421197,6.0438262731092134e-06,0.0,1.000020518567827,0.11639797861377398,0.0,0.2849942743778229,1.3717327117919922,0.19827021658420563,0.025589797645807266,0.037083402276039124,1.3461428880691528,0.2007555067539215,0.9650180339813232,0.0001,-0.29870346188545227,-0.3023236095905304,-0.20199650526046753,-0.2017306238412857,-0.2019159495830536,0.3005537688732147,-0.30171024799346924,-0.30068278312683105,-0.19937162101268768,-0.20102278888225555,-0.20161336660385132,0.01798621006309986,0.12103697657585144,0.01798621006309986,0.11977703869342804,0.0,1.5035382509231567,1.0022510290145874
176,176,35,1,35,18,train_reconfiguration_bottleneck_1000035,1000035,reconfiguration_bottleneck,labor_dominant,0.0,1.0,0.0,group_anchor_1,327,327,0,0.0,327,0,0.0,0,0.0,1.664169112037889,1.726669112037889,-0.0625,1.664169112037889,1.7266691120378892,-2.220446049250313e-16,quality,-1505.5000000000002,-1205.8585552513302,-2.52472222222223,1.0000000000000002,1.0,-0.5466617759242217,0.0,0.0,-0.0625,84,196.0,True,False,completed,1.0,1.0,1505.5000000000002,1505.5000000000002,1205.8585552513302,2.5247222222222283,0.4518415276548087,0.5466617759242217,0.7404999999999998,0.6969833333333333,0.75,23,0.17829457364341086,2,2,55,0.13480392156862744,0,102,3,5,1373,137.3,0,0,0,0.0,0,0.0,0,0,48,0.0,0,{},1.8,25,0.92,59,25,151,50,42,159,99,60,18,141,0,99,18,42,18,18,0,141,27,35,4,38,20,141,0,0,99,18,42,83,12,1.9156626506024097,0,10,2830,15.937388499994995,12.141364099952625,0.5136601999984123,0.3924564999542781,22.96387720000348,parallel_episode_batch,pending,-0.0005822646121184031,0.0008856448477470419,0.42154149860143664,-0.004354857565421197,6.0438262731092134e-06,0.0,1.000020518567827,0.11639797861377398,0.0,0.2849942743778229,1.3717327117919922,0.19827021658420563,0.025589797645807266,0.037083402276039124,1.3461428880691528,0.2007555067539215,0.9650180339813232,0.0001,-0.29870346188545227,-0.3023236095905304,-0.20199650526046753,-0.2017306238412857,-0.2019159495830536,0.3005537688732147,-0.30171024799346924,-0.30068278312683105,-0.19937162101268768,-0.20102278888225555,-0.20161336660385132,0.01798621006309986,0.12103697657585144,0.01798621006309986,0.11977703869342804,0.0,1.5035382509231567,1.0022510290145874
177,177,35,2,35,18,train_reconfiguration_bottleneck_1000035,1000035,reconfiguration_bottleneck,labor_dominant,0.0,0.0,1.0,group_anchor_2,529,529,0,0.0,529,0,0.0,0,0.0,1.9121234653841288,1.9746234653841288,-0.0625,1.9121234653841288,1.9746234653841286,2.220446049250313e-16,quality,-1729.1999999999991,-1407.6629383421316,-2.673333333333337,1.0000000000000002,1.0,-0.05075306923174292,0.0,0.0,-0.0625,84,236.5,True,False,completed,1.0,1.0,1729.1999999999991,1729.1999999999991,1407.6629383421316,2.673333333333338,0.480714370563406,0.050753069231742894,0.7498999999999985,0.7066465099166653,0.75,386,0.658703071672355,100,100,114,0.30978260869565216,0,111,5,5,1503,150.3,0,0,0,0.0,0,0.0,0,0,52,0.0,0,{},32.2,27,0.9629629629629629,57,27,242,54,149,355,189,166,17,338,0,189,17,149,17,17,0,338,33,225,1,140,215,338,0,0,189,17,149,94,108,3.776595744680851,0,10,2830,15.937388499994995,12.141364099952625,0.5226352000026964,0.47538680005527567,22.96387720000348,parallel_episode_batch,pending,-0.0005822646121184031,0.0008856448477470419,0.42154149860143664,-0.004354857565421197,6.0438262731092134e-06,0.0,1.000020518567827,0.11639797861377398,0.0,0.2849942743778229,1.3717327117919922,0.19827021658420563,0.025589797645807266,0.037083402276039124,1.3461428880691528,0.2007555067539215,0.9650180339813232,0.0001,-0.29870346188545227,-0.3023236095905304,-0.20199650526046753,-0.2017306238412857,-0.2019159495830536,0.3005537688732147,-0.30171024799346924,-0.30068278312683105,-0.19937162101268768,-0.20102278888225555,-0.20161336660385132,0.01798621006309986,0.12103697657585144,0.01798621006309986,0.11977703869342804,0.0,1.5035382509231567,1.0022510290145874
178,178,35,3,35,18,train_reconfiguration_bottleneck_1000035,1000035,reconfiguration_bottleneck,labor_dominant,0.3333333333333333,0.3333333333333333,0.3333333333333333,group_anchor_3,339,339,0,0.0,339,0,0.0,0,0.0,1.7300728644895227,1.7925728644895227,-0.0625,1.7300728644895227,1.7925728644895225,2.220446049250313e-16,quality,-1414.6999999999998,-1256.4482920855105,-8.594722222222222,1.0000000000000002,1.0,-0.414854271020955,0.0,0.0,-0.0625,84,184.70000000000002,True,False,completed,1.0,1.0,1414.6999999999998,1414.6999999999998,1256.4482920855105,8.594722222222222,0.466912028441419,0.414854271020955,0.7348651226,0.6472905682666666,0.75,10,0.08130081300813008,4,4,2,0.009950248756218905,0,113,1,2,1293,129.3,0,0,0,0.0,0,0.0,0,0,51,0.0,0,{},3.6,26,0.9615384615384616,58,26,152,52,51,181,117,64,13,168,0,117,13,51,13,13,0,168,29,38,1,49,12,168,0,0,117,13,51,101,12,1.7920792079207921,0,10,2830,15.937388499994995,12.141364099952625,0.5144476999994367,0.30338759998994647,22.96387720000348,parallel_episode_batch,pending,-0.0005822646121184031,0.0008856448477470419,0.42154149860143664,-0.004354857565421197,6.0438262731092134e-06,0.0,1.000020518567827,0.11639797861377398,0.0,0.2849942743778229,1.3717327117919922,0.19827021658420563,0.025589797645807266,0.037083402276039124,1.3461428880691528,0.2007555067539215,0.9650180339813232,0.0001,-0.29870346188545227,-0.3023236095905304,-0.20199650526046753,-0.2017306238412857,-0.2019159495830536,0.3005537688732147,-0.30171024799346924,-0.30068278312683105,-0.19937162101268768,-0.20102278888225555,-0.20161336660385132,0.01798621006309986,0.12103697657585144,0.01798621006309986,0.11977703869342804,0.0,1.5035382509231567,1.0022510290145874
179,179,35,4,35,18,train_reconfiguration_bottleneck_1000035,1000035,reconfiguration_bottleneck,labor_dominant,0.5,0.3,0.2,group_anchor_4,352,352,0,0.0,352,0,0.0,0,0.0,1.698520840069065,1.761020840069065,-0.0625,1.698520840069065,1.761020840069065,0.0,quality,-1511.2000000000003,-1272.5119743430903,-9.268055555555566,1.0000000000000002,1.0,-0.4779583198618699,0.0,0.0,-0.0625,84,190.70000000000002,True,False,completed,1.0,1.0,1511.2000000000003,1511.2000000000003,1272.5119743430903,9.268055555555566,0.4779583198618699,0.4779583198618699,0.7499459445,0.7242041673333336,0.75,22,0.16058394160583941,4,4,50,0.21645021645021645,0,115,3,3,1186,118.60000000000001,0,0,0,0.0,0,0.0,0,0,51,0.0,0,{},0.9,27,1.0,57,27,158,54,56,204,139,65,9,195,0,139,9,56,9,9,0,195,30,38,1,54,27,195,0,0,139,9,56,120,7,1.7,0,10,2830,15.937388499994995,12.141364099952625,0.514374600003066,0.2735168000435806,22.96387720000348,parallel_episode_batch,pending,-0.0005822646121184031,0.0008856448477470419,0.42154149860143664,-0.004354857565421197,6.0438262731092134e-06,0.0,1.000020518567827,0.11639797861377398,0.0,0.2849942743778229,1.3717327117919922,0.19827021658420563,0.025589797645807266,0.037083402276039124,1.3461428880691528,0.2007555067539215,0.9650180339813232,0.0001,-0.29870346188545227,-0.3023236095905304,-0.20199650526046753,-0.2017306238412857,-0.2019159495830536,0.3005537688732147,-0.30171024799346924,-0.30068278312683105,-0.19937162101268768,-0.20102278888225555,-0.20161336660385132,0.01798621006309986,0.12103697657585144,0.01798621006309986,0.11977703869342804,0.0,1.5035382509231567,1.0022510290145874
180,180,36,0,36,19,train_balanced_1000036,1000036,balanced,labor_dominant,1.0,0.0,0.0,group_anchor_0,190,190,0,0.0,190,0,0.0,0,0.0,1.7441230580539655,1.8066230580539655,-0.0625,1.7441230580539655,1.8066230580539657,-2.220446049250313e-16,quality,-756.8000000000001,-353.96149544415,-5.604722222222223,0.9999999999999999,1.0,-0.38675388389206866,0.0,0.0,-0.0625,63,212.70000000000002,True,False,completed,1.0,1.0,756.8000000000001,756.8000000000001,353.96149544415,5.604722222222223,0.2919640689390199,0.38675388389206866,0.24080000000000007,0.17474939946666668,0.75,0,0.0,0,0,0,0.0,2,50,0,0,1832,183.20000000000002,0,0,0,0.0,0,0.0,0,0,21,0.0,0,{},0.0,9,1.0,54,9,92,18,17,101,84,17,0,101,0,84,0,17,0,0,0,101,8,9,1,16,0,101,0,0,84,0,17,74,4,1.364864864864865,0,10,2083,10.493168199995125,8.55095769995387,0.13353929999721004,0.14216149992716964,15.452001400000881,parallel_episode_batch,pending,0.002103631483447371,0.007024378208866851,0.5089126974344254,0.0005266942281388875,4.036768294471668e-05,0.0,0.9999466800328457,0.20244516068222848,0.030303030303030304,0.6155751347541809,1.3438525199890137,0.25543636083602905,0.011470302939414978,0.09690065681934357,1.3323822021484375,0.20254027843475342,0.8560909628868103,0.0001,-0.2986418306827545,-0.30239632725715637,-0.20207728445529938,-0.20178623497486115,-0.20198598504066467,0.30041393637657166,-0.3018075227737427,-0.300915390253067,-0.1992572546005249,-0.20107442140579224,-0.20159631967544556,0.01798621006309986,0.1212424486875534,0.01798621006309986,0.11986356228590012,0.0,1.5039386749267578,1.0023303031921387
181,181,36,1,36,19,train_balanced_1000036,1000036,balanced,labor_dominant,0.0,1.0,0.0,group_anchor_1,188,188,0,0.0,188,0,0.0,0,0.0,0.1736112272871455,0.2361112272871455,-0.0625,0.1736112272871455,0.23611122728714562,-1.1102230246251565e-16,quality,-1392.7999999999995,-353.3830330598299,-4.664722222222221,0.9333333333333332,0.0,-0.26111087875904215,-1.0,-0.06666666666666667,-0.0625,62,240.0,False,True,horizon,0.9333333333333333,0.9841269841269841,,1392.7999999999995,353.3830330598299,4.664722222222221,0.3639898689603743,0.26111087875904215,0.255,0.21705000000000005,0.75,0,0.0,0,0,20,0.07272727272727272,2,46,0,1,2234,223.4,0,0,0,0.0,0,0.0,0,0,18,0.0,0,{},0.0,9,1.0,54,9,93,18,14,63,49,14,1,62,1,48,0,14,0,0,1,62,6,8,3,11,0,62,1,0,48,0,14,48,4,1.3125,0,10,2083,10.493168199995125,8.55095769995387,0.1334978000013507,0.28064729999459814,15.452001400000881,parallel_episode_batch,pending,0.002103631483447371,0.007024378208866851,0.5089126974344254,0.0005266942281388875,4.036768294471668e-05,0.0,0.9999466800328457,0.20244516068222848,0.030303030303030304,0.6155751347541809,1.3438525199890137,0.25543636083602905,0.011470302939414978,0.09690065681934357,1.3323822021484375,0.20254027843475342,0.8560909628868103,0.0001,-0.2986418306827545,-0.30239632725715637,-0.20207728445529938,-0.20178623497486115,-0.20198598504066467,0.30041393637657166,-0.3018075227737427,-0.300915390253067,-0.1992572546005249,-0.20107442140579224,-0.20159631967544556,0.01798621006309986,0.1212424486875534,0.01798621006309986,0.11986356228590012,0.0,1.5039386749267578,1.0023303031921387
182,182,36,2,36,19,train_balanced_1000036,1000036,balanced,labor_dominant,0.0,0.0,1.0,group_anchor_2,212,212,0,0.0,212,0,0.0,0,0.0,1.9289165902240861,1.9914165902240861,-0.0625,1.9289165902240861,1.991416590224086,2.220446049250313e-16,quality,-854.9000000000002,-459.20582528258996,-0.873333333333334,0.9999999999999999,1.0,-0.017166819551828083,0.0,0.0,-0.0625,63,220.20000000000002,True,False,completed,1.0,1.0,854.9000000000002,854.9000000000002,459.20582528258996,0.873333333333334,0.30585706795354206,0.017166819551828083,0.231,0.1823851305666667,0.75,0,0.0,0,0,0,0.0,1,64,0,1,1755,175.5,0,0,0,0.0,0,0.0,0,0,19,0.0,0,{},0.0,12,0.9166666666666666,51,12,101,24,24,87,62,25,1,86,0,62,1,24,1,1,0,86,10,11,0,20,0,86,0,0,62,1,24,62,4,1.403225806451613,0,10,2083,10.493168199995125,8.55095769995387,0.14837419999821577,0.2252706000363105,15.452001400000881,parallel_episode_batch,pending,0.002103631483447371,0.007024378208866851,0.5089126974344254,0.0005266942281388875,4.036768294471668e-05,0.0,0.9999466800328457,0.20244516068222848,0.030303030303030304,0.6155751347541809,1.3438525199890137,0.25543636083602905,0.011470302939414978,0.09690065681934357,1.3323822021484375,0.20254027843475342,0.8560909628868103,0.0001,-0.2986418306827545,-0.30239632725715637,-0.20207728445529938,-0.20178623497486115,-0.20198598504066467,0.30041393637657166,-0.3018075227737427,-0.300915390253067,-0.1992572546005249,-0.20107442140579224,-0.20159631967544556,0.01798621006309986,0.1212424486875534,0.01798621006309986,0.11986356228590012,0.0,1.5039386749267578,1.0023303031921387
183,183,36,3,36,19,train_balanced_1000036,1000036,balanced,labor_dominant,0.3333333333333333,0.3333333333333333,0.3333333333333333,group_anchor_3,206,206,0,0.0,206,0,0.0,0,0.0,1.8105756965006696,1.8730756965006696,-0.0625,1.8105756965006696,1.8730756965006696,0.0,quality,-794.7,-416.86139497267004,-3.7013888888888893,0.9999999999999999,1.0,-0.2538486069986608,0.0,0.0,-0.0625,63,226.8,True,False,completed,1.0,1.0,794.7,794.7,416.86139497267004,3.7013888888888893,0.3012523628882204,0.2538486069986608,0.2948,0.22278333333333333,0.75,0,0.0,0,0,0,0.0,2,62,0,2,1996,199.60000000000002,0,0,0,0.0,0,0.0,0,0,22,0.0,0,{},0.0,11,0.9090909090909091,52,11,100,22,21,98,77,21,0,98,0,77,0,21,0,0,0,98,11,9,1,19,0,98,0,0,77,0,21,73,3,1.3424657534246576,0,10,2083,10.493168199995125,8.55095769995387,0.12699499999871477,0.2029903999864473,15.452001400000881,parallel_episode_batch,pending,0.002103631483447371,0.007024378208866851,0.5089126974344254,0.0005266942281388875,4.036768294471668e-05,0.0,0.9999466800328457,0.20244516068222848,0.030303030303030304,0.6155751347541809,1.3438525199890137,0.25543636083602905,0.011470302939414978,0.09690065681934357,1.3323822021484375,0.20254027843475342,0.8560909628868103,0.0001,-0.2986418306827545,-0.30239632725715637,-0.20207728445529938,-0.20178623497486115,-0.20198598504066467,0.30041393637657166,-0.3018075227737427,-0.300915390253067,-0.1992572546005249,-0.20107442140579224,-0.20159631967544556,0.01798621006309986,0.1212424486875534,0.01798621006309986,0.11986356228590012,0.0,1.5039386749267578,1.0023303031921387
184,184,36,4,36,19,train_balanced_1000036,1000036,balanced,labor_dominant,0.5,0.3,0.2,group_anchor_4,204,204,0,0.0,204,0,0.0,0,0.0,1.7889484204844033,1.8514484204844033,-0.0625,1.7889484204844033,1.8514484204844033,0.0,quality,-812.5000000000001,-426.73210014065995,-1.4166666666666663,0.9999999999999999,1.0,-0.29710315903119344,0.0,0.0,-0.0625,63,215.3,True,False,completed,1.0,1.0,812.5000000000001,812.5000000000001,426.73210014065995,1.4166666666666667,0.29710315903119344,0.29710315903119344,0.2385,0.16163453003333336,0.75,0,0.0,0,0,0,0.0,2,64,0,0,1828,182.8,0,0,0,0.0,0,0.0,0,0,27,0.0,0,{},0.0,11,1.0,52,11,98,22,21,101,80,21,0,101,0,80,0,21,0,0,0,101,10,10,0,20,0,101,0,0,80,0,21,70,3,1.4428571428571428,0,10,2083,10.493168199995125,8.55095769995387,0.12581280000449624,0.2269221999522415,15.452001400000881,parallel_episode_batch,pending,0.002103631483447371,0.007024378208866851,0.5089126974344254,0.0005266942281388875,4.036768294471668e-05,0.0,0.9999466800328457,0.20244516068222848,0.030303030303030304,0.6155751347541809,1.3438525199890137,0.25543636083602905,0.011470302939414978,0.09690065681934357,1.3323822021484375,0.20254027843475342,0.8560909628868103,0.0001,-0.2986418306827545,-0.30239632725715637,-0.20207728445529938,-0.20178623497486115,-0.20198598504066467,0.30041393637657166,-0.3018075227737427,-0.300915390253067,-0.1992572546005249,-0.20107442140579224,-0.20159631967544556,0.01798621006309986,0.1212424486875534,0.01798621006309986,0.11986356228590012,0.0,1.5039386749267578,1.0023303031921387
185,185,37,0,37,19,train_balanced_1000037,1000037,balanced,downtime_dominant,1.0,0.0,0.0,group_anchor_0,196,196,0,0.0,196,0,0.0,0,0.0,1.7435599877575998,1.8060599877575998,-0.0625,1.7435599877575998,1.8060599877576005,-6.661338147750939e-16,quality,-760.4000000000002,-489.71904398446,-3.3622222222222233,1.0,1.0,-0.3878800244847991,0.0,0.0,-0.0625,62,185.4,True,False,completed,1.0,1.0,760.4000000000002,760.4000000000002,489.71904398446,3.3622222222222233,0.3051612654008573,0.3878800244847991,0.2305,0.15329477308333336,0.75,0,0.0,0,0,0,0.0,2,60,0,0,1465,146.5,0,0,0,0.0,0,0.0,0,0,16,0.0,0,{},0.0,10,0.9,52,10,95,20,19,110,91,19,0,110,0,91,0,19,0,0,0,110,9,10,0,19,0,110,0,0,91,0,19,77,5,1.4285714285714286,0,10,2083,10.493168199995125,8.55095769995387,0.12784340000507655,0.1738081999719725,15.452001400000881,parallel_episode_batch,pending,0.002103631483447371,0.007024378208866851,0.5089126974344254,0.0005266942281388875,4.036768294471668e-05,0.0,0.9999466800328457,0.20244516068222848,0.030303030303030304,0.6155751347541809,1.3438525199890137,0.25543636083602905,0.011470302939414978,0.09690065681934357,1.3323822021484375,0.20254027843475342,0.8560909628868103,0.0001,-0.2986418306827545,-0.30239632725715637,-0.20207728445529938,-0.20178623497486115,-0.20198598504066467,0.30041393637657166,-0.3018075227737427,-0.300915390253067,-0.1992572546005249,-0.20107442140579224,-0.20159631967544556,0.01798621006309986,0.1212424486875534,0.01798621006309986,0.11986356228590012,0.0,1.5039386749267578,1.0023303031921387
186,186,37,1,37,19,train_balanced_1000037,1000037,balanced,downtime_dominant,0.0,1.0,0.0,group_anchor_1,210,210,0,0.0,210,0,0.0,0,0.0,1.752081983553622,1.814581983553622,-0.0625,1.752081983553622,1.8145819835536223,-2.220446049250313e-16,quality,-843.5999999999998,-589.4107931796799,-7.288888888888887,1.0,1.0,-0.37083603289275524,0.0,0.0,-0.0625,62,183.5,True,False,completed,1.0,1.0,843.5999999999998,843.5999999999998,589.4107931796799,7.288888888888887,0.343097361861365,0.37083603289275524,0.2227,0.15263274873333335,0.75,0,0.0,0,0,0,0.0,1,67,0,1,1463,146.3,0,0,0,0.0,0,0.0,0,0,27,0.0,0,{},0.0,12,1.0,50,12,101,24,23,93,69,24,1,92,0,69,1,23,1,1,0,92,12,8,0,19,0,92,0,0,69,1,23,67,8,1.3880597014925373,0,10,2083,10.493168199995125,8.55095769995387,0.14303020000079414,0.25193859998398693,15.452001400000881,parallel_episode_batch,pending,0.002103631483447371,0.007024378208866851,0.5089126974344254,0.0005266942281388875,4.036768294471668e-05,0.0,0.9999466800328457,0.20244516068222848,0.030303030303030304,0.6155751347541809,1.3438525199890137,0.25543636083602905,0.011470302939414978,0.09690065681934357,1.3323822021484375,0.20254027843475342,0.8560909628868103,0.0001,-0.2986418306827545,-0.30239632725715637,-0.20207728445529938,-0.20178623497486115,-0.20198598504066467,0.30041393637657166,-0.3018075227737427,-0.300915390253067,-0.1992572546005249,-0.20107442140579224,-0.20159631967544556,0.01798621006309986,0.1212424486875534,0.01798621006309986,0.11986356228590012,0.0,1.5039386749267578,1.0023303031921387
187,187,37,2,37,19,train_balanced_1000037,1000037,balanced,downtime_dominant,0.0,0.0,1.0,group_anchor_2,241,241,0,0.0,241,0,0.0,0,0.0,1.9236396192986625,1.9861396192986625,-0.0625,1.9236396192986625,1.9861396192986627,-2.220446049250313e-16,quality,-925.4999999999999,-808.9490899100194,-1.4255555555555564,1.0,1.0,-0.02772076140267485,0.0,0.0,-0.0625,62,190.60000000000002,True,False,completed,1.0,1.0,925.4999999999999,925.4999999999999,808.9490899100194,1.4255555555555555,0.3574154849507921,0.02772076140267485,0.21140000000000003,0.15970438975,0.75,0,0.0,0,0,0,0.0,2,99,0,3,1416,141.6,0,0,0,0.0,0,0.0,0,0,26,0.0,0,{},0.0,17,1.0,45,17,111,34,34,114,80,34,0,114,0,80,0,34,0,0,0,114,15,15,0,30,0,114,0,0,80,0,34,73,4,1.5616438356164384,0,10,2083,10.493168199995125,8.55095769995387,0.12279950000083772,0.25995509994390886,15.452001400000881,parallel_episode_batch,pending,0.002103631483447371,0.007024378208866851,0.5089126974344254,0.0005266942281388875,4.036768294471668e-05,0.0,0.9999466800328457,0.20244516068222848,0.030303030303030304,0.6155751347541809,1.3438525199890137,0.25543636083602905,0.011470302939414978,0.09690065681934357,1.3323822021484375,0.20254027843475342,0.8560909628868103,0.0001,-0.2986418306827545,-0.30239632725715637,-0.20207728445529938,-0.20178623497486115,-0.20198598504066467,0.30041393637657166,-0.3018075227737427,-0.300915390253067,-0.1992572546005249,-0.20107442140579224,-0.20159631967544556,0.01798621006309986,0.1212424486875534,0.01798621006309986,0.11986356228590012,0.0,1.5039386749267578,1.0023303031921387
188,188,37,3,37,19,train_balanced_1000037,1000037,balanced,downtime_dominant,0.3333333333333333,0.3333333333333333,0.3333333333333333,group_anchor_3,227,227,0,0.0,227,0,0.0,0,0.0,1.7760636342816811,1.8385636342816811,-0.0625,1.7760636342816811,1.8385636342816811,0.0,quality,-854.5000000000003,-712.3982230222899,-7.915833333333338,1.0,1.0,-0.32287273143663797,0.0,0.0,-0.0625,62,186.70000000000002,True,False,completed,1.0,1.0,854.5000000000003,854.5000000000003,712.3982230222899,7.915833333333338,0.3601008920011078,0.32287273143663797,0.2068,0.14772047181666667,0.75,0,0.0,0,0,0,0.0,2,87,0,2,1482,148.20000000000002,0,0,0,0.0,0,0.0,0,0,27,0.0,0,{},0.0,15,1.0,47,15,106,30,29,115,86,29,0,115,0,86,0,29,0,0,0,115,14,15,0,29,0,115,0,0,86,0,29,76,4,1.513157894736842,0,10,2083,10.493168199995125,8.55095769995387,0.09931269999651704,0.2298462000399013,15.452001400000881,parallel_episode_batch,pending,0.002103631483447371,0.007024378208866851,0.5089126974344254,0.0005266942281388875,4.036768294471668e-05,0.0,0.9999466800328457,0.20244516068222848,0.030303030303030304,0.6155751347541809,1.3438525199890137,0.25543636083602905,0.011470302939414978,0.09690065681934357,1.3323822021484375,0.20254027843475342,0.8560909628868103,0.0001,-0.2986418306827545,-0.30239632725715637,-0.20207728445529938,-0.20178623497486115,-0.20198598504066467,0.30041393637657166,-0.3018075227737427,-0.300915390253067,-0.1992572546005249,-0.20107442140579224,-0.20159631967544556,0.01798621006309986,0.1212424486875534,0.01798621006309986,0.11986356228590012,0.0,1.5039386749267578,1.0023303031921387
189,189,37,4,37,19,train_balanced_1000037,1000037,balanced,downtime_dominant,0.5,0.3,0.2,group_anchor_4,209,209,0,0.0,209,0,0.0,0,0.0,1.770057441118355,1.832557441118355,-0.0625,1.770057441118355,1.8325574411183547,2.220446049250313e-16,quality,-782.5999999999997,-595.3216708674897,-7.328888888888891,1.0,1.0,-0.33488511776329044,0.0,0.0,-0.0625,62,184.8,True,False,completed,1.0,1.0,782.5999999999997,782.5999999999997,595.3216708674897,7.328888888888891,0.33488511776329044,0.33488511776329044,0.1715,0.13139038333333333,0.75,0,0.0,0,0,0,0.0,2,71,0,0,1499,149.9,0,0,0,0.0,0,0.0,0,0,21,0.0,0,{},0.0,12,0.9166666666666666,50,12,100,24,23,111,88,23,0,111,0,88,0,23,0,0,0,111,11,12,0,23,0,111,0,0,88,0,23,77,4,1.4415584415584415,0,10,2083,10.493168199995125,8.55095769995387,0.10822509999707108,0.15812399999413174,15.452001400000881,parallel_episode_batch,pending,0.002103631483447371,0.007024378208866851,0.5089126974344254,0.0005266942281388875,4.036768294471668e-05,0.0,0.9999466800328457,0.20244516068222848,0.030303030303030304,0.6155751347541809,1.3438525199890137,0.25543636083602905,0.011470302939414978,0.09690065681934357,1.3323822021484375,0.20254027843475342,0.8560909628868103,0.0001,-0.2986418306827545,-0.30239632725715637,-0.20207728445529938,-0.20178623497486115,-0.20198598504066467,0.30041393637657166,-0.3018075227737427,-0.300915390253067,-0.1992572546005249,-0.20107442140579224,-0.20159631967544556,0.01798621006309986,0.1212424486875534,0.01798621006309986,0.11986356228590012,0.0,1.5039386749267578,1.0023303031921387
190,190,38,0,38,20,train_worker_bottleneck_1000038,1000038,worker_bottleneck,balanced_cost,1.0,0.0,0.0,group_anchor_0,297,297,0,0.0,297,0,0.0,0,0.0,1.6801104888601353,1.7426104888601353,-0.0625,1.6801104888601353,1.742610488860135,2.220446049250313e-16,quality,-1273.1000000000006,-1076.15474625092,-3.771388888888886,1.0,1.0,-0.51477902227973,0.0,0.0,-0.0625,74,141.5,True,False,completed,1.0,1.0,1273.1000000000006,1273.1000000000006,1076.15474625092,3.7713888888888865,0.42691910451297976,0.51477902227973,0.5692011499000003,0.5093533863333337,0.75,0,0.0,0,0,4,0.0273972602739726,1,118,1,0,1018,101.80000000000001,0,0,0,0.0,0,0.0,0,0,45,0.0,0,{},0.0,24,0.9166666666666666,50,24,128,48,47,177,124,53,6,171,0,124,6,47,6,6,0,171,25,28,0,47,2,171,0,0,124,6,47,109,8,1.6238532110091743,0,10,2599,13.190912300000491,10.805797900015023,0.1551084999955492,0.16908479996345704,19.979069500004698,parallel_episode_batch,pending,0.0008777145568917437,0.0007896095506489141,0.49893635366021133,-0.003716844735985122,1.6559907768479626e-05,0.0,0.999927950341527,0.10451239011273152,0.0,0.301527202129364,1.4781742095947266,0.2019999772310257,0.025444723665714264,0.03923296183347702,1.452729344367981,0.18325217068195343,0.9622775912284851,0.0001,-0.29879748821258545,-0.3023636043071747,-0.20191062986850739,-0.20176145434379578,-0.20187337696552277,0.3005673289299011,-0.3017040193080902,-0.30097296833992004,-0.19928492605686188,-0.20099642872810364,-0.20180436968803406,0.01798621006309986,0.12100782245397568,0.01798621006309986,0.1197904646396637,0.0,1.503607988357544,1.0021382570266724
191,191,38,1,38,20,train_worker_bottleneck_1000038,1000038,worker_bottleneck,balanced_cost,0.0,1.0,0.0,group_anchor_1,258,258,0,0.0,258,0,0.0,0,0.0,1.7187044579477395,1.7812044579477395,-0.0625,1.7187044579477395,1.7812044579477395,0.0,quality,-1252.2999999999997,-778.0656951495499,-4.965555555555555,1.0,1.0,-0.4375910841045208,0.0,0.0,-0.0625,74,153.8,True,False,completed,1.0,1.0,1252.2999999999997,1252.2999999999997,778.0656951495499,4.965555555555555,0.40467693552335493,0.4375910841045208,0.35422153370000004,0.2999858735166667,0.75,0,0.0,0,0,0,0.0,1,92,0,1,1239,123.9,0,0,0,0.0,0,0.0,0,0,47,0.0,0,{},0.0,18,0.9444444444444444,56,18,117,36,31,116,84,32,1,115,0,84,1,31,1,1,0,115,15,18,2,30,0,115,0,0,84,1,31,81,6,1.4320987654320987,0,10,2599,13.190912300000491,10.805797900015023,0.14482090000092285,0.20590660000016214,19.979069500004698,parallel_episode_batch,pending,0.0008777145568917437,0.0007896095506489141,0.49893635366021133,-0.003716844735985122,1.6559907768479626e-05,0.0,0.999927950341527,0.10451239011273152,0.0,0.301527202129364,1.4781742095947266,0.2019999772310257,0.025444723665714264,0.03923296183347702,1.452729344367981,0.18325217068195343,0.9622775912284851,0.0001,-0.29879748821258545,-0.3023636043071747,-0.20191062986850739,-0.20176145434379578,-0.20187337696552277,0.3005673289299011,-0.3017040193080902,-0.30097296833992004,-0.19928492605686188,-0.20099642872810364,-0.20180436968803406,0.01798621006309986,0.12100782245397568,0.01798621006309986,0.1197904646396637,0.0,1.503607988357544,1.0021382570266724
192,192,38,2,38,20,train_worker_bottleneck_1000038,1000038,worker_bottleneck,balanced_cost,0.0,0.0,1.0,group_anchor_2,272,272,0,0.0,272,0,0.0,0,0.0,1.9169170288928663,1.9794170288928663,-0.0625,1.9169170288928663,1.9794170288928663,0.0,quality,-1716.7999999999997,-812.6341383414599,-2.1466666666666696,1.0,1.0,-0.04116594221426749,0.0,0.0,-0.0625,74,169.5,True,False,completed,1.0,1.0,1716.7999999999997,1716.7999999999997,812.6341383414599,2.1466666666666687,0.4370233135887255,0.04116594221426749,0.4566144563,0.3766884855166667,0.75,0,0.0,0,0,4,0.007259528130671506,1,92,1,9,1310,131.0,0,0,0,0.0,0,0.0,0,0,50,0.0,0,{},0.0,19,1.0,55,19,129,38,31,97,60,37,6,91,0,60,6,31,6,6,0,91,19,16,1,28,0,91,0,0,60,6,31,53,8,1.830188679245283,0,10,2599,13.190912300000491,10.805797900015023,0.1611133000042173,0.3725599000681541,19.979069500004698,parallel_episode_batch,pending,0.0008777145568917437,0.0007896095506489141,0.49893635366021133,-0.003716844735985122,1.6559907768479626e-05,0.0,0.999927950341527,0.10451239011273152,0.0,0.301527202129364,1.4781742095947266,0.2019999772310257,0.025444723665714264,0.03923296183347702,1.452729344367981,0.18325217068195343,0.9622775912284851,0.0001,-0.29879748821258545,-0.3023636043071747,-0.20191062986850739,-0.20176145434379578,-0.20187337696552277,0.3005673289299011,-0.3017040193080902,-0.30097296833992004,-0.19928492605686188,-0.20099642872810364,-0.20180436968803406,0.01798621006309986,0.12100782245397568,0.01798621006309986,0.1197904646396637,0.0,1.503607988357544,1.0021382570266724
193,193,38,3,38,20,train_worker_bottleneck_1000038,1000038,worker_bottleneck,balanced_cost,0.3333333333333333,0.3333333333333333,0.3333333333333333,group_anchor_3,297,297,0,0.0,297,0,0.0,0,0.0,1.7519735382447243,1.8144735382447243,-0.06250000000000003,1.7519735382447243,1.8144735382447243,0.0,quality,-1335.999999999999,-1043.7628445292598,-4.091388888888886,1.0,1.0,-0.3710529235105513,0.0,0.0,-0.06250000000000003,74,139.20000000000002,True,False,completed,1.0,1.0,1335.999999999999,1335.999999999999,1043.7628445292598,4.091388888888885,0.4317465620461041,0.3710529235105513,0.6169949231000003,0.4607858735166668,0.75,0,0.0,0,0,2,0.01020408163265306,1,126,1,1,1003,100.30000000000001,0,0,0,0.0,0,0.0,0,0,44,0.0,0,{},0.0,24,1.0,50,24,132,48,43,157,111,46,3,154,0,111,3,43,3,3,0,154,22,26,2,43,1,154,0,0,111,3,43,97,6,1.6185567010309279,0,10,2599,13.190912300000491,10.805797900015023,0.15420809999341145,0.2039058000591467,19.979069500004698,parallel_episode_batch,pending,0.0008777145568917437,0.0007896095506489141,0.49893635366021133,-0.003716844735985122,1.6559907768479626e-05,0.0,0.999927950341527,0.10451239011273152,0.0,0.301527202129364,1.4781742095947266,0.2019999772310257,0.025444723665714264,0.03923296183347702,1.452729344367981,0.18325217068195343,0.9622775912284851,0.0001,-0.29879748821258545,-0.3023636043071747,-0.20191062986850739,-0.20176145434379578,-0.20187337696552277,0.3005673289299011,-0.3017040193080902,-0.30097296833992004,-0.19928492605686188,-0.20099642872810364,-0.20180436968803406,0.01798621006309986,0.12100782245397568,0.01798621006309986,0.1197904646396637,0.0,1.503607988357544,1.0021382570266724
194,194,38,4,38,20,train_worker_bottleneck_1000038,1000038,worker_bottleneck,balanced_cost,0.5,0.3,0.2,group_anchor_4,269,269,0,0.0,269,0,0.0,0,0.0,1.7436056141285667,1.8061056141285667,-0.0625,1.7436056141285667,1.8061056141285667,0.0,quality,-1195.0000000000002,-762.0318825280604,-2.238055555555554,1.0,1.0,-0.38778877174286663,0.0,0.0,-0.0625,74,144.70000000000002,True,False,completed,1.0,1.0,1195.0000000000002,1195.0000000000002,762.0318825280604,2.2380555555555555,0.38778877174286663,0.38778877174286663,0.3929,0.33001901520000004,0.75,0,0.0,0,0,0,0.0,1,92,0,1,1078,107.80000000000001,0,0,0,0.0,0,0.0,0,0,47,0.0,0,{},0.0,18,0.9444444444444444,56,18,124,36,35,145,107,38,3,142,0,107,3,35,3,3,0,142,16,20,0,33,0,140,0,0,107,3,35,93,7,1.5591397849462365,0,10,2599,13.190912300000491,10.805797900015023,0.1496904000014183,0.2827293000300415,19.979069500004698,parallel_episode_batch,pending,0.0008777145568917437,0.0007896095506489141,0.49893635366021133,-0.003716844735985122,1.6559907768479626e-05,0.0,0.999927950341527,0.10451239011273152,0.0,0.301527202129364,1.4781742095947266,0.2019999772310257,0.025444723665714264,0.03923296183347702,1.452729344367981,0.18325217068195343,0.9622775912284851,0.0001,-0.29879748821258545,-0.3023636043071747,-0.20191062986850739,-0.20176145434379578,-0.20187337696552277,0.3005673289299011,-0.3017040193080902,-0.30097296833992004,-0.19928492605686188,-0.20099642872810364,-0.20180436968803406,0.01798621006309986,0.12100782245397568,0.01798621006309986,0.1197904646396637,0.0,1.503607988357544,1.0021382570266724
195,195,39,0,39,20,train_balanced_1000039,1000039,balanced,fixed_cost_dominant,1.0,0.0,0.0,group_anchor_0,241,241,0,0.0,241,0,0.0,0,0.0,1.741251328912064,1.803751328912064,-0.0625,1.741251328912064,1.803751328912064,0.0,quality,-775.3000000000001,-662.9654578106702,-6.571388888888892,1.0000000000000002,1.0,-0.392497342175872,0.0,0.0,-0.0625,62,192.4,True,False,completed,1.0,1.0,775.3000000000001,775.3000000000001,662.9654578106702,6.571388888888891,0.3390802501009683,0.392497342175872,0.31387182659999996,0.24015601083333335,0.75,0,0.0,0,0,0,0.0,1,96,0,0,1403,140.3,0,0,0,0.0,0,0.0,0,0,45,0.0,0,{},0.0,17,1.0,45,17,111,34,34,141,106,35,1,140,0,106,1,34,1,1,0,140,17,18,0,34,0,140,0,0,106,1,34,91,7,1.5494505494505495,0,10,2599,13.190912300000491,10.805797900015023,0.11897799999860581,0.22026109989383258,19.979069500004698,parallel_episode_batch,pending,0.0008777145568917437,0.0007896095506489141,0.49893635366021133,-0.003716844735985122,1.6559907768479626e-05,0.0,0.999927950341527,0.10451239011273152,0.0,0.301527202129364,1.4781742095947266,0.2019999772310257,0.025444723665714264,0.03923296183347702,1.452729344367981,0.18325217068195343,0.9622775912284851,0.0001,-0.29879748821258545,-0.3023636043071747,-0.20191062986850739,-0.20176145434379578,-0.20187337696552277,0.3005673289299011,-0.3017040193080902,-0.30097296833992004,-0.19928492605686188,-0.20099642872810364,-0.20180436968803406,0.01798621006309986,0.12100782245397568,0.01798621006309986,0.1197904646396637,0.0,1.503607988357544,1.0021382570266724
196,196,39,1,39,20,train_balanced_1000039,1000039,balanced,fixed_cost_dominant,0.0,1.0,0.0,group_anchor_1,245,245,0,0.0,245,0,0.0,0,0.0,1.7327484701123237,1.7952484701123237,-0.0625,1.7327484701123237,1.7952484701123237,0.0,quality,-864.0000000000005,-693.4888767070703,-5.458888888888889,1.0000000000000002,1.0,-0.40950305977535273,0.0,0.0,-0.0625,62,197.0,True,False,completed,1.0,1.0,864.0000000000005,864.0000000000005,693.4888767070703,5.458888888888889,0.35183949759610406,0.40950305977535273,0.3090718266,0.2339807797833334,0.75,0,0.0,0,0,0,0.0,1,97,0,2,1441,144.1,0,0,0,0.0,0,0.0,0,0,44,0.0,0,{},0.0,18,0.9444444444444444,44,18,114,36,33,118,84,34,1,117,0,84,1,33,1,1,0,117,18,15,1,31,0,117,0,0,84,1,33,76,6,1.5526315789473684,0,10,2599,13.190912300000491,10.805797900015023,0.11260400000173831,0.27138619995093904,19.979069500004698,parallel_episode_batch,pending,0.0008777145568917437,0.0007896095506489141,0.49893635366021133,-0.003716844735985122,1.6559907768479626e-05,0.0,0.999927950341527,0.10451239011273152,0.0,0.301527202129364,1.4781742095947266,0.2019999772310257,0.025444723665714264,0.03923296183347702,1.452729344367981,0.18325217068195343,0.9622775912284851,0.0001,-0.29879748821258545,-0.3023636043071747,-0.20191062986850739,-0.20176145434379578,-0.20187337696552277,0.3005673289299011,-0.3017040193080902,-0.30097296833992004,-0.19928492605686188,-0.20099642872810364,-0.20180436968803406,0.01798621006309986,0.12100782245397568,0.01798621006309986,0.1197904646396637,0.0,1.503607988357544,1.0021382570266724
197,197,39,2,39,20,train_balanced_1000039,1000039,balanced,fixed_cost_dominant,0.0,0.0,1.0,group_anchor_2,248,248,0,0.0,248,0,0.0,0,0.0,1.9127349772943285,1.9752349772943285,-0.0625,1.9127349772943285,1.975234977294329,-4.440892098500626e-16,quality,-1030.6999999999996,-751.3929495623297,-2.6055555555555565,1.0000000000000002,1.0,-0.04953004541134231,0.0,0.0,-0.0625,62,195.3,True,False,completed,1.0,1.0,1030.6999999999996,1030.6999999999996,751.3929495623297,2.6055555555555565,0.36963991662393825,0.049530045411342295,0.3241326521000001,0.23126741311666668,0.75,0,0.0,0,0,0,0.0,1,100,0,3,1501,150.1,0,0,0,0.0,0,0.0,0,0,43,0.0,0,{},0.0,19,0.8947368421052632,43,19,115,38,33,109,74,35,2,107,0,74,2,33,2,2,0,107,15,19,3,29,0,107,0,0,74,2,33,71,11,1.5352112676056338,0,10,2599,13.190912300000491,10.805797900015023,0.13005640000483254,0.38934840000001714,19.979069500004698,parallel_episode_batch,pending,0.0008777145568917437,0.0007896095506489141,0.49893635366021133,-0.003716844735985122,1.6559907768479626e-05,0.0,0.999927950341527,0.10451239011273152,0.0,0.301527202129364,1.4781742095947266,0.2019999772310257,0.025444723665714264,0.03923296183347702,1.452729344367981,0.18325217068195343,0.9622775912284851,0.0001,-0.29879748821258545,-0.3023636043071747,-0.20191062986850739,-0.20176145434379578,-0.20187337696552277,0.3005673289299011,-0.3017040193080902,-0.30097296833992004,-0.19928492605686188,-0.20099642872810364,-0.20180436968803406,0.01798621006309986,0.12100782245397568,0.01798621006309986,0.1197904646396637,0.0,1.503607988357544,1.0021382570266724
198,198,39,3,39,20,train_balanced_1000039,1000039,balanced,fixed_cost_dominant,0.3333333333333333,0.3333333333333333,0.3333333333333333,group_anchor_3,236,236,0,0.0,236,0,0.0,0,0.0,1.7829718507362409,1.8454718507362409,-0.0625,1.7829718507362409,1.845471850736241,-2.220446049250313e-16,quality,-801.3000000000001,-660.4972906830999,-7.405833333333338,1.0000000000000002,1.0,-0.309056298527518,0.0,0.0,-0.0625,62,192.10000000000002,True,False,completed,1.0,1.0,801.3000000000001,801.3000000000001,660.4972906830999,7.405833333333337,0.34532778040408807,0.309056298527518,0.3365326521,0.2285740730666667,0.75,0,0.0,0,0,0,0.0,1,93,0,0,1481,148.1,0,0,0,0.0,0,0.0,0,0,45,0.0,0,{},0.0,17,0.8823529411764706,45,17,110,34,30,123,91,32,2,121,0,91,2,30,2,2,0,121,16,17,1,30,0,121,0,0,91,2,30,78,6,1.5769230769230769,0,10,2599,13.190912300000491,10.805797900015023,0.10353449999820441,0.2327741999470163,19.979069500004698,parallel_episode_batch,pending,0.0008777145568917437,0.0007896095506489141,0.49893635366021133,-0.003716844735985122,1.6559907768479626e-05,0.0,0.999927950341527,0.10451239011273152,0.0,0.301527202129364,1.4781742095947266,0.2019999772310257,0.025444723665714264,0.03923296183347702,1.452729344367981,0.18325217068195343,0.9622775912284851,0.0001,-0.29879748821258545,-0.3023636043071747,-0.20191062986850739,-0.20176145434379578,-0.20187337696552277,0.3005673289299011,-0.3017040193080902,-0.30097296833992004,-0.19928492605686188,-0.20099642872810364,-0.20180436968803406,0.01798621006309986,0.12100782245397568,0.01798621006309986,0.1197904646396637,0.0,1.503607988357544,1.0021382570266724
199,199,39,4,39,20,train_balanced_1000039,1000039,balanced,fixed_cost_dominant,0.5,0.3,0.2,group_anchor_4,236,236,0,0.0,236,0,0.0,0,0.0,1.7647226631677837,1.8272226631677837,-0.0625,1.7647226631677837,1.8272226631677837,0.0,quality,-790.9999999999999,-616.21105426264,-9.712222222222222,1.0000000000000002,1.0,-0.3455546736644328,0.0,0.0,-0.0625,62,191.8,True,False,completed,1.0,1.0,790.9999999999999,790.9999999999999,616.21105426264,9.712222222222223,0.3455546736644328,0.3455546736644328,0.2808718266,0.21955056444999999,0.75,0,0.0,0,0,0,0.0,1,86,0,1,1444,144.4,0,0,0,0.0,0,0.0,0,0,46,0.0,0,{},0.0,16,0.9375,46,16,111,32,31,127,94,33,2,125,0,94,2,31,2,2,0,125,15,17,0,30,0,125,0,0,94,2,31,82,10,1.548780487804878,0,10,2599,13.190912300000491,10.805797900015023,0.13273620000109076,0.18704530005925335,19.979069500004698,parallel_episode_batch,pending,0.0008777145568917437,0.0007896095506489141,0.49893635366021133,-0.003716844735985122,1.6559907768479626e-05,0.0,0.999927950341527,0.10451239011273152,0.0,0.301527202129364,1.4781742095947266,0.2019999772310257,0.025444723665714264,0.03923296183347702,1.452729344367981,0.18325217068195343,0.9622775912284851,0.0001,-0.29879748821258545,-0.3023636043071747,-0.20191062986850739,-0.20176145434379578,-0.20187337696552277,0.3005673289299011,-0.3017040193080902,-0.30097296833992004,-0.19928492605686188,-0.20099642872810364,-0.20180436968803406,0.01798621006309986,0.12100782245397568,0.01798621006309986,0.1197904646396637,0.0,1.503607988357544,1.0021382570266724
200,200,40,0,40,21,train_fatigue_bottleneck_1000040,1000040,fatigue_bottleneck,labor_dominant,1.0,0.0,0.0,group_anchor_0,292,292,0,0.0,292,0,0.0,0,0.0,1.641491432359841,1.703991432359841,-0.0625,1.641491432359841,1.7039914323598409,2.220446049250313e-16,quality,-1741.3,-984.1050835367893,-7.572222222222225,1.0000000000000002,1.0,-0.5920171352803182,0.0,0.0,-0.0625,79,162.0,True,False,completed,1.0,1.0,1741.3,1741.3,984.1050835367893,7.57222222222223,0.4711120226904838,0.5920171352803182,0.7498209281000001,0.7016881199666667,0.75,17,0.17346938775510204,1,1,85,0.3346456692913386,0,81,3,0,1055,105.5,0,0,0,0.0,0,0.0,0,0,57,0.0,0,{},0.2,21,0.9047619047619048,58,21,132,42,39,177,127,50,11,166,0,127,11,39,11,11,0,166,27,27,3,39,22,166,0,0,127,11,39,95,8,1.8631578947368421,0,10,3294,18.411020399995323,14.363056399895868,0.2261653000023216,0.21049549999588635,27.48246189999918,parallel_episode_batch,pending,-0.0006738328285372028,0.0006448405361320161,0.4948473366407248,-0.005299885385633947,1.294223605660031e-05,0.0,1.0000061066104815,0.106485205102497,0.0,0.29702115058898926,1.4731335639953613,0.20365983247756958,0.023036492988467216,0.027813903987407684,1.450096845626831,0.2074650526046753,0.9813485145568848,0.0001,-0.2988038957118988,-0.30267244577407837,-0.2021750956773758,-0.20198440551757812,-0.20197218656539917,0.3008052110671997,-0.3023008406162262,-0.30136895179748535,-0.19932425022125244,-0.20133954286575317,-0.20184974372386932,0.01798621006309986,0.12088460475206375,0.01798621006309986,0.12013442069292068,0.0,1.50396728515625,1.002967119216919
201,201,40,1,40,21,train_fatigue_bottleneck_1000040,1000040,fatigue_bottleneck,labor_dominant,0.0,1.0,0.0,group_anchor_1,284,284,0,0.0,284,0,0.0,0,0.0,1.7033898887345231,1.7658898887345231,-0.0625,1.7033898887345231,1.765889888734523,2.220446049250313e-16,quality,-2014.099999999999,-880.4776758518395,-1.9266666666666659,1.0000000000000002,1.0,-0.468220222530954,0.0,0.0,-0.0625,79,193.70000000000002,True,False,completed,1.0,1.0,2014.099999999999,2014.099999999999,880.4776758518395,1.926666666666666,0.46120933581461765,0.468220222530954,0.6297802914000001,0.5230547866333336,0.75,1,0.010752688172043012,0,0,27,0.0313588850174216,1,92,3,8,1614,161.4,0,0,0,0.0,0,0.0,0,0,57,0.0,0,{},0.0,19,0.9473684210526315,60,19,137,38,30,112,76,36,6,106,0,76,6,30,6,6,0,106,18,15,4,23,7,106,0,0,76,6,30,69,9,1.6231884057971016,0,10,3294,18.411020399995323,14.363056399895868,0.22389280000061262,0.4230515999661293,27.48246189999918,parallel_episode_batch,pending,-0.0006738328285372028,0.0006448405361320161,0.4948473366407248,-0.005299885385633947,1.294223605660031e-05,0.0,1.0000061066104815,0.106485205102497,0.0,0.29702115058898926,1.4731335639953613,0.20365983247756958,0.023036492988467216,0.027813903987407684,1.450096845626831,0.2074650526046753,0.9813485145568848,0.0001,-0.2988038957118988,-0.30267244577407837,-0.2021750956773758,-0.20198440551757812,-0.20197218656539917,0.3008052110671997,-0.3023008406162262,-0.30136895179748535,-0.19932425022125244,-0.20133954286575317,-0.20184974372386932,0.01798621006309986,0.12088460475206375,0.01798621006309986,0.12013442069292068,0.0,1.50396728515625,1.002967119216919
202,202,40,2,40,21,train_fatigue_bottleneck_1000040,1000040,fatigue_bottleneck,labor_dominant,0.0,0.0,1.0,group_anchor_2,663,663,0,0.0,663,0,0.0,0,0.0,1.8485170846101509,1.9110170846101509,-0.06249999999999997,1.8485170846101509,1.9110170846101504,4.440892098500626e-16,quality,-1901.6999999999946,-1135.414623827669,-10.824722222222212,1.0000000000000002,1.0,-0.17796583077969927,0.0,0.0,-0.06249999999999997,79,186.8,True,False,completed,1.0,1.0,1901.6999999999946,1901.6999999999946,1135.414623827669,10.824722222222212,0.5016629210483021,0.17796583077969927,0.7498802913999925,0.7098714532999976,0.75,631,0.5096930533117933,195,195,427,0.5581699346405229,0,76,3,2,1243,124.30000000000001,0,0,0,0.0,0,0.0,0,0,58,0.0,0,{},42.0,21,0.8571428571428571,58,21,315,42,227,509,265,244,17,492,0,265,17,227,17,17,0,492,25,405,3,215,388,492,0,0,265,17,227,81,68,6.283950617283951,0,10,3294,18.411020399995323,14.363056399895868,0.2171223999976064,0.54024849995767,27.48246189999918,parallel_episode_batch,pending,-0.0006738328285372028,0.0006448405361320161,0.4948473366407248,-0.005299885385633947,1.294223605660031e-05,0.0,1.0000061066104815,0.106485205102497,0.0,0.29702115058898926,1.4731335639953613,0.20365983247756958,0.023036492988467216,0.027813903987407684,1.450096845626831,0.2074650526046753,0.9813485145568848,0.0001,-0.2988038957118988,-0.30267244577407837,-0.2021750956773758,-0.20198440551757812,-0.20197218656539917,0.3008052110671997,-0.3023008406162262,-0.30136895179748535,-0.19932425022125244,-0.20133954286575317,-0.20184974372386932,0.01798621006309986,0.12088460475206375,0.01798621006309986,0.12013442069292068,0.0,1.50396728515625,1.002967119216919
203,203,40,3,40,21,train_fatigue_bottleneck_1000040,1000040,fatigue_bottleneck,labor_dominant,0.3333333333333333,0.3333333333333333,0.3333333333333333,group_anchor_3,274,274,0,0.0,274,0,0.0,0,0.0,1.7444463661944463,1.8069463661944463,-0.0625,1.7444463661944463,1.806946366194446,2.220446049250313e-16,quality,-1792.6,-816.3449530015196,-6.171388888888892,1.0000000000000002,1.0,-0.386107267611108,0.0,0.0,-0.0625,79,187.4,True,False,completed,1.0,1.0,1792.6,1792.6,816.3449530015196,6.171388888888892,0.45631200726325705,0.386107267611108,0.6625209875999999,0.5885381199666666,0.75,4,0.046511627906976744,0,0,28,0.08211143695014662,1,82,0,1,1503,150.3,0,0,0,0.0,0,0.0,0,0,59,0.0,0,{},0.0,18,1.0,61,18,125,36,34,136,97,39,5,131,0,97,5,34,5,5,0,131,20,17,2,30,4,131,0,0,97,5,34,87,10,1.5632183908045978,0,10,3294,18.411020399995323,14.363056399895868,0.18112440000550123,0.24835360004362883,27.48246189999918,parallel_episode_batch,pending,-0.0006738328285372028,0.0006448405361320161,0.4948473366407248,-0.005299885385633947,1.294223605660031e-05,0.0,1.0000061066104815,0.106485205102497,0.0,0.29702115058898926,1.4731335639953613,0.20365983247756958,0.023036492988467216,0.027813903987407684,1.450096845626831,0.2074650526046753,0.9813485145568848,0.0001,-0.2988038957118988,-0.30267244577407837,-0.2021750956773758,-0.20198440551757812,-0.20197218656539917,0.3008052110671997,-0.3023008406162262,-0.30136895179748535,-0.19932425022125244,-0.20133954286575317,-0.20184974372386932,0.01798621006309986,0.12088460475206375,0.01798621006309986,0.12013442069292068,0.0,1.50396728515625,1.002967119216919
204,204,40,4,40,21,train_fatigue_bottleneck_1000040,1000040,fatigue_bottleneck,labor_dominant,0.5,0.3,0.2,group_anchor_4,296,296,0,0.0,296,0,0.0,0,0.0,1.7181361760144536,1.7806361760144536,-0.06249999999999997,1.7181361760144536,1.7806361760144538,-2.220446049250313e-16,quality,-1673.8999999999999,-914.0709974882595,-1.082222222222224,1.0000000000000002,1.0,-0.43872764797109254,0.0,0.0,-0.06249999999999997,79,172.5,True,False,completed,1.0,1.0,1673.8999999999999,1673.8999999999999,914.0709974882595,1.082222222222224,0.43872764797109254,0.43872764797109254,0.7165802914,0.6252714532999999,0.75,5,0.053763440860215055,0,0,22,0.08178438661710037,1,88,2,3,1327,132.70000000000002,0,0,0,0.0,0,0.0,0,0,56,0.0,0,{},0.0,20,0.95,59,20,139,40,38,163,117,46,8,155,0,117,8,38,8,8,0,155,22,25,1,38,9,155,0,0,117,8,38,93,9,1.7526881720430108,0,10,3294,18.411020399995323,14.363056399895868,0.19805489999998827,0.32398599999578437,27.48246189999918,parallel_episode_batch,pending,-0.0006738328285372028,0.0006448405361320161,0.4948473366407248,-0.005299885385633947,1.294223605660031e-05,0.0,1.0000061066104815,0.106485205102497,0.0,0.29702115058898926,1.4731335639953613,0.20365983247756958,0.023036492988467216,0.027813903987407684,1.450096845626831,0.2074650526046753,0.9813485145568848,0.0001,-0.2988038957118988,-0.30267244577407837,-0.2021750956773758,-0.20198440551757812,-0.20197218656539917,0.3008052110671997,-0.3023008406162262,-0.30136895179748535,-0.19932425022125244,-0.20133954286575317,-0.20184974372386932,0.01798621006309986,0.12088460475206375,0.01798621006309986,0.12013442069292068,0.0,1.50396728515625,1.002967119216919
205,205,41,0,41,21,train_high_arrival_pressure_1000041,1000041,high_arrival_pressure,fixed_cost_dominant,1.0,0.0,0.0,group_anchor_0,299,299,0,0.0,299,0,0.0,0,0.0,1.6461448516882844,1.7086448516882844,-0.06250000000000003,1.6461448516882844,1.7086448516882846,-2.220446049250313e-16,quality,-1675.7,-892.6467297200599,-6.216666666666664,1.0000000000000002,1.0,-0.5827102966234309,0.0,0.0,-0.06250000000000003,80,174.70000000000002,True,False,completed,1.0,1.0,1675.7,1675.7,892.6467297200599,6.216666666666664,0.4549637722027748,0.5827102966234309,0.701606603,0.4488718728500001,0.75,1,0.009523809523809525,0,0,2,0.007662835249042145,1,104,0,0,1363,136.3,0,0,0,0.0,0,0.0,0,0,56,0.0,0,{},0.0,21,0.9523809523809523,59,21,137,42,40,173,130,43,3,170,0,130,3,40,3,3,0,170,21,23,1,40,1,170,0,0,130,3,40,111,9,1.5585585585585586,0,10,3294,18.411020399995323,14.363056399895868,0.19183979999797884,0.30129149997083005,27.48246189999918,parallel_episode_batch,pending,-0.0006738328285372028,0.0006448405361320161,0.4948473366407248,-0.005299885385633947,1.294223605660031e-05,0.0,1.0000061066104815,0.106485205102497,0.0,0.29702115058898926,1.4731335639953613,0.20365983247756958,0.023036492988467216,0.027813903987407684,1.450096845626831,0.2074650526046753,0.9813485145568848,0.0001,-0.2988038957118988,-0.30267244577407837,-0.2021750956773758,-0.20198440551757812,-0.20197218656539917,0.3008052110671997,-0.3023008406162262,-0.30136895179748535,-0.19932425022125244,-0.20133954286575317,-0.20184974372386932,0.01798621006309986,0.12088460475206375,0.01798621006309986,0.12013442069292068,0.0,1.50396728515625,1.002967119216919
206,206,41,1,41,21,train_high_arrival_pressure_1000041,1000041,high_arrival_pressure,fixed_cost_dominant,0.0,1.0,0.0,group_anchor_1,283,283,0,0.0,283,0,0.0,0,0.0,1.7127388364318934,1.7752388364318934,-0.0625,1.7127388364318934,1.7752388364318934,0.0,quality,-1781.1999999999998,-816.6041045727299,-47.74222222222223,1.0000000000000002,1.0,-0.449522327136213,0.0,0.0,-0.0625,80,149.70000000000002,True,False,completed,1.0,1.0,1781.1999999999998,1781.1999999999998,816.6041045727299,47.74222222222223,0.5312855301711688,0.449522327136213,0.5284696108,0.4031827275666666,0.75,0,0.0,1,1,6,0.013888888888888888,0,95,2,2,1115,111.5,0,0,0,0.0,0,0.0,0,0,47,0.0,0,{},0.5,19,0.8947368421052632,61,19,132,38,33,130,92,38,5,125,0,92,5,33,5,5,0,125,18,20,2,30,2,125,0,0,92,5,33,82,9,1.5853658536585367,0,10,3294,18.411020399995323,14.363056399895868,0.1930616999961785,0.39638360006938456,27.48246189999918,parallel_episode_batch,pending,-0.0006738328285372028,0.0006448405361320161,0.4948473366407248,-0.005299885385633947,1.294223605660031e-05,0.0,1.0000061066104815,0.106485205102497,0.0,0.29702115058898926,1.4731335639953613,0.20365983247756958,0.023036492988467216,0.027813903987407684,1.450096845626831,0.2074650526046753,0.9813485145568848,0.0001,-0.2988038957118988,-0.30267244577407837,-0.2021750956773758,-0.20198440551757812,-0.20197218656539917,0.3008052110671997,-0.3023008406162262,-0.30136895179748535,-0.19932425022125244,-0.20133954286575317,-0.20184974372386932,0.01798621006309986,0.12088460475206375,0.01798621006309986,0.12013442069292068,0.0,1.50396728515625,1.002967119216919
207,207,41,2,41,21,train_high_arrival_pressure_1000041,1000041,high_arrival_pressure,fixed_cost_dominant,0.0,0.0,1.0,group_anchor_2,332,332,0,0.0,332,0,0.0,0,0.0,1.926779345887879,1.989279345887879,-0.0625,1.926779345887879,1.9892793458878788,2.220446049250313e-16,quality,-1916.1,-1107.5902840026808,-1.0955555555555554,1.0000000000000002,1.0,-0.021441308224242193,0.0,0.0,-0.0625,80,199.4,True,False,completed,1.0,1.0,1916.1,1916.1,1107.5902840026808,1.0955555555555572,0.4693972272883181,0.021441308224242193,0.6165066030000002,0.4708385395166668,0.75,1,0.007575757575757576,0,0,0,0.0,1,131,0,9,1483,148.3,0,0,0,0.0,0,0.0,0,0,52,0.0,0,{},0.0,26,0.9615384615384616,54,26,153,52,47,158,106,52,5,153,0,106,5,47,5,5,0,153,27,26,3,45,1,153,0,0,106,5,47,97,9,1.6288659793814433,0,10,3294,18.411020399995323,14.363056399895868,0.1872042999966652,0.43731230000412324,27.48246189999918,parallel_episode_batch,pending,-0.0006738328285372028,0.0006448405361320161,0.4948473366407248,-0.005299885385633947,1.294223605660031e-05,0.0,1.0000061066104815,0.106485205102497,0.0,0.29702115058898926,1.4731335639953613,0.20365983247756958,0.023036492988467216,0.027813903987407684,1.450096845626831,0.2074650526046753,0.9813485145568848,0.0001,-0.2988038957118988,-0.30267244577407837,-0.2021750956773758,-0.20198440551757812,-0.20197218656539917,0.3008052110671997,-0.3023008406162262,-0.30136895179748535,-0.19932425022125244,-0.20133954286575317,-0.20184974372386932,0.01798621006309986,0.12088460475206375,0.01798621006309986,0.12013442069292068,0.0,1.50396728515625,1.002967119216919
208,208,41,3,41,21,train_high_arrival_pressure_1000041,1000041,high_arrival_pressure,fixed_cost_dominant,0.3333333333333333,0.3333333333333333,0.3333333333333333,group_anchor_3,282,282,0,0.0,282,0,0.0,0,0.0,1.7109137946457191,1.7734137946457191,-0.0625,1.7109137946457191,1.773413794645719,2.220446049250313e-16,quality,-1772.4,-818.0520409013499,-22.808888888888877,1.0000000000000002,1.0,-0.4531724107085623,0.0,0.0,-0.0625,80,166.20000000000002,True,False,completed,1.0,1.0,1772.4,1772.4,818.0520409013499,22.808888888888877,0.4957852692719581,0.4531724107085623,0.424206603,0.3538052061833333,0.75,0,0.0,0,0,2,0.0048543689320388345,1,96,0,3,1326,132.6,0,0,0,0.0,0,0.0,0,0,51,0.0,0,{},0.0,19,0.8947368421052632,61,19,132,38,32,127,93,34,2,125,0,93,2,32,2,2,0,125,15,17,3,27,0,125,0,0,93,2,32,84,8,1.5119047619047619,0,10,3294,18.411020399995323,14.363056399895868,0.17527439999685157,0.43721680001181085,27.48246189999918,parallel_episode_batch,pending,-0.0006738328285372028,0.0006448405361320161,0.4948473366407248,-0.005299885385633947,1.294223605660031e-05,0.0,1.0000061066104815,0.106485205102497,0.0,0.29702115058898926,1.4731335639953613,0.20365983247756958,0.023036492988467216,0.027813903987407684,1.450096845626831,0.2074650526046753,0.9813485145568848,0.0001,-0.2988038957118988,-0.30267244577407837,-0.2021750956773758,-0.20198440551757812,-0.20197218656539917,0.3008052110671997,-0.3023008406162262,-0.30136895179748535,-0.19932425022125244,-0.20133954286575317,-0.20184974372386932,0.01798621006309986,0.12088460475206375,0.01798621006309986,0.12013442069292068,0.0,1.50396728515625,1.002967119216919
209,209,41,4,41,21,train_high_arrival_pressure_1000041,1000041,high_arrival_pressure,fixed_cost_dominant,0.5,0.3,0.2,group_anchor_4,289,289,0,0.0,289,0,0.0,0,0.0,1.7203983286421307,1.7828983286421307,-0.06250000000000003,1.7203983286421307,1.7828983286421307,0.0,quality,-1655.3,-832.1736789002903,-2.104722222222221,1.0000000000000002,1.0,-0.43420334271573857,0.0,0.0,-0.06250000000000003,80,157.5,True,False,completed,1.0,1.0,1655.3,1655.3,832.1736789002903,2.1047222222222213,0.43420334271573857,0.43420334271573857,0.44220660300000014,0.3725827275666667,0.75,0,0.0,0,0,0,0.0,1,90,0,0,1277,127.7,0,0,0,0.0,0,0.0,0,0,50,0.0,0,{},0.0,19,0.8421052631578947,61,19,134,38,37,162,119,43,6,156,0,119,6,37,6,6,0,156,21,23,1,37,0,156,0,0,119,6,37,97,12,1.6701030927835052,0,10,3294,18.411020399995323,14.363056399895868,0.16495160000340547,0.24511250000068685,27.48246189999918,parallel_episode_batch,pending,-0.0006738328285372028,0.0006448405361320161,0.4948473366407248,-0.005299885385633947,1.294223605660031e-05,0.0,1.0000061066104815,0.106485205102497,0.0,0.29702115058898926,1.4731335639953613,0.20365983247756958,0.023036492988467216,0.027813903987407684,1.450096845626831,0.2074650526046753,0.9813485145568848,0.0001,-0.2988038957118988,-0.30267244577407837,-0.2021750956773758,-0.20198440551757812,-0.20197218656539917,0.3008052110671997,-0.3023008406162262,-0.30136895179748535,-0.19932425022125244,-0.20133954286575317,-0.20184974372386932,0.01798621006309986,0.12088460475206375,0.01798621006309986,0.12013442069292068,0.0,1.50396728515625,1.002967119216919
210,210,42,0,42,22,train_balanced_1000042,1000042,balanced,labor_dominant,1.0,0.0,0.0,group_anchor_0,200,200,0,0.0,200,0,0.0,0,0.0,1.7499674513071555,1.8124674513071555,-0.0625,1.7499674513071555,1.8124674513071555,0.0,quality,-720.1999999999999,-385.12424267720013,-18.57555555555556,0.9999999999999999,1.0,-0.375065097385689,0.0,0.0,-0.0625,60,211.10000000000002,True,False,completed,1.0,1.0,720.1999999999999,720.1999999999999,385.12424267720013,18.57555555555556,0.32512092278137367,0.375065097385689,0.29250000000000004,0.20317057518333334,0.75,0,0.0,0,0,0,0.0,2,59,0,0,1781,178.10000000000002,0,0,0,0.0,0,0.0,0,0,25,0.0,0,{},0.0,11,0.9090909090909091,49,11,96,22,22,115,93,22,0,115,0,93,0,22,0,0,0,115,11,11,0,22,0,115,0,0,93,0,22,79,5,1.4556962025316456,0,10,1947,10.48327319999953,7.924377499977709,0.12884959999792045,0.13979800004017306,14.073794299998553,parallel_episode_batch,pending,-0.0035646851625173322,0.027452947992470958,0.5229038451948473,0.004932749701002913,1.4434917393061603e-05,0.0,1.0001003847968193,0.3690068348040504,0.27419354838709675,1.039534091949463,1.4140079021453857,0.4136299788951874,-0.036462608724832535,0.1978394240140915,1.4504704475402832,0.28871122002601624,0.7712286114692688,0.0001,-0.29908958077430725,-0.302381694316864,-0.202005997300148,-0.2017798274755478,-0.20180703699588776,0.3013153672218323,-0.3021870255470276,-0.30131831765174866,-0.1994679570198059,-0.20128367841243744,-0.2018745392560959,0.01798621006309986,0.12096545845270157,0.01798621006309986,0.1201263815164566,0.0,1.5036938190460205,1.0034867525100708
211,211,42,1,42,22,train_balanced_1000042,1000042,balanced,labor_dominant,0.0,1.0,0.0,group_anchor_1,163,163,0,0.0,163,0,0.0,0,0.0,-0.0532511589045187,0.009248841095481297,-0.0625,-0.0532511589045187,0.009248841095481034,2.636779683484747e-16,quality,-1788.2000000000003,-221.75055807511995,-14.408055555555558,0.7999999999999999,0.0,-0.181502317809038,-1.0,-0.2,-0.0625,55,240.0,False,True,horizon,0.8,0.9166666666666666,,1788.2000000000003,221.75055807511995,14.408055555555558,0.39840084003356707,0.181502317809038,0.234,0.14025653033333335,0.75,0,0.0,0,0,9,0.03272727272727273,2,34,0,1,2299,229.9,0,0,0,0.0,0,0.0,0,0,21,0.0,0,{},0.0,6,1.0,52,6,83,12,10,54,44,10,0,54,0,44,0,10,0,0,0,54,5,6,1,10,0,54,0,0,44,0,10,39,4,1.3846153846153846,0,10,1947,10.48327319999953,7.924377499977709,0.10435480000160169,0.35020230002555763,14.073794299998553,parallel_episode_batch,pending,-0.0035646851625173322,0.027452947992470958,0.5229038451948473,0.004932749701002913,1.4434917393061603e-05,0.0,1.0001003847968193,0.3690068348040504,0.27419354838709675,1.039534091949463,1.4140079021453857,0.4136299788951874,-0.036462608724832535,0.1978394240140915,1.4504704475402832,0.28871122002601624,0.7712286114692688,0.0001,-0.29908958077430725,-0.302381694316864,-0.202005997300148,-0.2017798274755478,-0.20180703699588776,0.3013153672218323,-0.3021870255470276,-0.30131831765174866,-0.1994679570198059,-0.20128367841243744,-0.2018745392560959,0.01798621006309986,0.12096545845270157,0.01798621006309986,0.1201263815164566,0.0,1.5036938190460205,1.0034867525100708
212,212,42,2,42,22,train_balanced_1000042,1000042,balanced,labor_dominant,0.0,0.0,1.0,group_anchor_2,222,222,0,0.0,222,0,0.0,0,0.0,0.29377340365536797,0.35627340365536797,-0.0625,0.29377340365536797,0.35627340365536764,3.3306690738754696e-16,quality,-1265.8000000000004,-527.0956411607699,-1.0613888888888885,0.9333333333333332,0.0,-0.02078652602259808,-1.0,-0.06666666666666667,-0.0625,59,240.0,False,True,horizon,0.9333333333333333,0.9833333333333333,,1265.8000000000004,527.0956411607699,1.0613888888888894,0.36437721826739156,0.02078652602259808,0.2009,0.16252103248333336,0.75,0,0.0,0,0,5,0.021739130434782608,2,85,0,2,1856,185.60000000000002,0,0,0,0.0,0,0.0,0,0,28,0.0,0,{},0.0,15,1.0,45,15,104,30,28,95,67,28,0,95,0,67,0,28,0,0,0,95,12,13,1,24,0,95,0,0,67,0,28,70,4,1.3571428571428572,0,10,1947,10.48327319999953,7.924377499977709,0.12853669999458361,0.40738889997737715,14.073794299998553,parallel_episode_batch,pending,-0.0035646851625173322,0.027452947992470958,0.5229038451948473,0.004932749701002913,1.4434917393061603e-05,0.0,1.0001003847968193,0.3690068348040504,0.27419354838709675,1.039534091949463,1.4140079021453857,0.4136299788951874,-0.036462608724832535,0.1978394240140915,1.4504704475402832,0.28871122002601624,0.7712286114692688,0.0001,-0.29908958077430725,-0.302381694316864,-0.202005997300148,-0.2017798274755478,-0.20180703699588776,0.3013153672218323,-0.3021870255470276,-0.30131831765174866,-0.1994679570198059,-0.20128367841243744,-0.2018745392560959,0.01798621006309986,0.12096545845270157,0.01798621006309986,0.1201263815164566,0.0,1.5036938190460205,1.0034867525100708
213,213,42,3,42,22,train_balanced_1000042,1000042,balanced,labor_dominant,0.3333333333333333,0.3333333333333333,0.3333333333333333,group_anchor_3,208,208,0,0.0,208,0,0.0,0,0.0,1.787555466393508,1.850055466393508,-0.062499999999999986,1.787555466393508,1.850055466393508,0.0,quality,-807.1999999999995,-440.61036239885993,-11.855555555555561,0.9999999999999999,1.0,-0.2998890672129837,0.0,0.0,-0.062499999999999986,60,229.60000000000002,True,False,completed,1.0,1.0,807.1999999999995,807.1999999999995,440.61036239885993,11.85555555555556,0.3311640938952907,0.2998890672129837,0.22500000000000003,0.16477057518333332,0.75,0,0.0,0,0,0,0.0,2,74,0,0,1952,195.20000000000002,0,0,0,0.0,0,0.0,0,0,18,0.0,0,{},0.0,13,1.0,47,13,99,26,23,101,78,23,0,101,0,78,0,23,0,0,0,101,12,12,2,22,0,101,0,0,78,0,23,69,5,1.463768115942029,0,10,1947,10.48327319999953,7.924377499977709,0.131514500004414,0.21430559999134857,14.073794299998553,parallel_episode_batch,pending,-0.0035646851625173322,0.027452947992470958,0.5229038451948473,0.004932749701002913,1.4434917393061603e-05,0.0,1.0001003847968193,0.3690068348040504,0.27419354838709675,1.039534091949463,1.4140079021453857,0.4136299788951874,-0.036462608724832535,0.1978394240140915,1.4504704475402832,0.28871122002601624,0.7712286114692688,0.0001,-0.29908958077430725,-0.302381694316864,-0.202005997300148,-0.2017798274755478,-0.20180703699588776,0.3013153672218323,-0.3021870255470276,-0.30131831765174866,-0.1994679570198059,-0.20128367841243744,-0.2018745392560959,0.01798621006309986,0.12096545845270157,0.01798621006309986,0.1201263815164566,0.0,1.5036938190460205,1.0034867525100708
214,214,42,4,42,22,train_balanced_1000042,1000042,balanced,labor_dominant,0.5,0.3,0.2,group_anchor_4,197,197,0,0.0,197,0,0.0,0,0.0,1.7693906617234525,1.8318906617234525,-0.06249999999999997,1.7693906617234525,1.8318906617234527,-2.220446049250313e-16,quality,-718.6999999999998,-354.11387904334987,-27.206666666666667,0.9999999999999999,1.0,-0.33621867655309456,0.0,0.0,-0.06249999999999997,60,211.8,True,False,completed,1.0,1.0,718.6999999999998,718.6999999999998,354.11387904334987,27.206666666666667,0.33621867655309456,0.33621867655309456,0.20810000000000003,0.14462494100000003,0.75,0,0.0,0,0,0,0.0,2,65,0,1,1708,170.8,0,0,0,0.0,0,0.0,0,0,28,0.0,0,{},0.0,11,1.0,49,11,94,22,21,104,83,21,0,104,0,83,0,21,0,0,0,104,10,11,0,21,0,104,0,0,83,0,21,72,5,1.4444444444444444,0,10,1947,10.48327319999953,7.924377499977709,0.13746240000182297,0.21885490004206076,14.073794299998553,parallel_episode_batch,pending,-0.0035646851625173322,0.027452947992470958,0.5229038451948473,0.004932749701002913,1.4434917393061603e-05,0.0,1.0001003847968193,0.3690068348040504,0.27419354838709675,1.039534091949463,1.4140079021453857,0.4136299788951874,-0.036462608724832535,0.1978394240140915,1.4504704475402832,0.28871122002601624,0.7712286114692688,0.0001,-0.29908958077430725,-0.302381694316864,-0.202005997300148,-0.2017798274755478,-0.20180703699588776,0.3013153672218323,-0.3021870255470276,-0.30131831765174866,-0.1994679570198059,-0.20128367841243744,-0.2018745392560959,0.01798621006309986,0.12096545845270157,0.01798621006309986,0.1201263815164566,0.0,1.5036938190460205,1.0034867525100708
215,215,43,0,43,22,train_balanced_1000043,1000043,balanced,labor_dominant,1.0,0.0,0.0,group_anchor_0,184,184,0,0.0,184,0,0.0,0,0.0,1.7513567766909033,1.8138567766909033,-0.0625,1.7513567766909033,1.8138567766909033,0.0,quality,-711.7,-322.71693698489,-4.632222222222223,0.9999999999999998,1.0,-0.37228644661819327,0.0,0.0,-0.0625,60,222.20000000000002,True,False,completed,1.0,1.0,711.7,711.7,322.71693698489,4.632222222222223,0.276295166633789,0.37228644661819327,0.1674,0.14108504145,0.75,0,0.0,0,0,0,0.0,2,49,0,0,2027,202.70000000000002,0,0,0,0.0,0,0.0,0,0,17,0.0,0,{},0.0,9,1.0,51,9,88,18,18,102,84,18,0,102,0,84,0,18,0,0,0,102,9,9,0,18,0,102,0,0,84,0,18,73,4,1.3972602739726028,0,10,1947,10.48327319999953,7.924377499977709,0.10316859999875305,0.18890520006243605,14.073794299998553,parallel_episode_batch,pending,-0.0035646851625173322,0.027452947992470958,0.5229038451948473,0.004932749701002913,1.4434917393061603e-05,0.0,1.0001003847968193,0.3690068348040504,0.27419354838709675,1.039534091949463,1.4140079021453857,0.4136299788951874,-0.036462608724832535,0.1978394240140915,1.4504704475402832,0.28871122002601624,0.7712286114692688,0.0001,-0.29908958077430725,-0.302381694316864,-0.202005997300148,-0.2017798274755478,-0.20180703699588776,0.3013153672218323,-0.3021870255470276,-0.30131831765174866,-0.1994679570198059,-0.20128367841243744,-0.2018745392560959,0.01798621006309986,0.12096545845270157,0.01798621006309986,0.1201263815164566,0.0,1.5036938190460205,1.0034867525100708
216,216,43,1,43,22,train_balanced_1000043,1000043,balanced,labor_dominant,0.0,1.0,0.0,group_anchor_1,210,210,0,0.0,210,0,0.0,0,0.0,1.777785414310338,1.840285414310338,-0.0625,1.777785414310338,1.8402854143103378,2.220446049250313e-16,quality,-945.5000000000002,-469.35477976144983,-5.665833333333336,0.9999999999999998,1.0,-0.31942917137932453,0.0,0.0,-0.0625,60,234.10000000000002,True,False,completed,1.0,1.0,945.5000000000002,945.5000000000002,469.35477976144983,5.665833333333336,0.3365302515252163,0.31942917137932453,0.2419,0.20465,0.75,0,0.0,0,0,4,0.026490066225165563,2,72,0,3,1975,197.5,0,0,0,0.0,0,0.0,0,0,32,0.0,0,{},0.0,13,1.0,47,13,99,26,25,102,77,25,0,102,0,77,0,25,0,0,0,102,12,12,0,24,0,102,0,0,77,0,25,69,5,1.4782608695652173,0,10,1947,10.48327319999953,7.924377499977709,0.11579790000541834,0.27764519997435855,14.073794299998553,parallel_episode_batch,pending,-0.0035646851625173322,0.027452947992470958,0.5229038451948473,0.004932749701002913,1.4434917393061603e-05,0.0,1.0001003847968193,0.3690068348040504,0.27419354838709675,1.039534091949463,1.4140079021453857,0.4136299788951874,-0.036462608724832535,0.1978394240140915,1.4504704475402832,0.28871122002601624,0.7712286114692688,0.0001,-0.29908958077430725,-0.302381694316864,-0.202005997300148,-0.2017798274755478,-0.20180703699588776,0.3013153672218323,-0.3021870255470276,-0.30131831765174866,-0.1994679570198059,-0.20128367841243744,-0.2018745392560959,0.01798621006309986,0.12096545845270157,0.01798621006309986,0.1201263815164566,0.0,1.5036938190460205,1.0034867525100708
217,217,43,2,43,22,train_balanced_1000043,1000043,balanced,labor_dominant,0.0,0.0,1.0,group_anchor_2,196,196,0,0.0,196,0,0.0,0,0.0,0.25569584740213525,0.31819584740213525,-0.0625,0.25569584740213525,0.318195847402135,2.220446049250313e-16,quality,-1150.1999999999998,-389.78785801814996,-2.9613888888888886,0.9230769230769229,0.0,-0.0559159975034223,-1.0,-0.07692307692307693,-0.0625,59,240.0,False,True,horizon,0.9230769230769231,0.9833333333333333,,1150.1999999999998,389.78785801814996,2.9613888888888886,0.3400254952505508,0.0559159975034223,0.15030000000000004,0.12548633231666667,0.75,0,0.0,0,0,7,0.045454545454545456,2,63,0,1,2010,201.0,0,0,0,0.0,0,0.0,0,0,24,0.0,0,{},0.0,11,1.0,49,11,92,22,22,79,57,22,0,79,0,57,0,22,0,0,0,79,9,9,0,18,0,79,0,0,57,0,22,56,3,1.4107142857142858,0,10,1947,10.48327319999953,7.924377499977709,0.13524519999918994,0.30504489990562433,14.073794299998553,parallel_episode_batch,pending,-0.0035646851625173322,0.027452947992470958,0.5229038451948473,0.004932749701002913,1.4434917393061603e-05,0.0,1.0001003847968193,0.3690068348040504,0.27419354838709675,1.039534091949463,1.4140079021453857,0.4136299788951874,-0.036462608724832535,0.1978394240140915,1.4504704475402832,0.28871122002601624,0.7712286114692688,0.0001,-0.29908958077430725,-0.302381694316864,-0.202005997300148,-0.2017798274755478,-0.20180703699588776,0.3013153672218323,-0.3021870255470276,-0.30131831765174866,-0.1994679570198059,-0.20128367841243744,-0.2018745392560959,0.01798621006309986,0.12096545845270157,0.01798621006309986,0.1201263815164566,0.0,1.5036938190460205,1.0034867525100708
218,218,43,3,43,22,train_balanced_1000043,1000043,balanced,labor_dominant,0.3333333333333333,0.3333333333333333,0.3333333333333333,group_anchor_3,186,186,0,0.0,186,0,0.0,0,0.0,1.800296876514032,1.862796876514032,-0.0625,1.800296876514032,1.8627968765140321,-2.220446049250313e-16,quality,-809.5000000000003,-309.98882338914,-11.255555555555555,0.9999999999999998,1.0,-0.27440624697193583,0.0,0.0,-0.0625,60,239.10000000000002,True,False,completed,1.0,1.0,809.5000000000003,809.5000000000003,309.98882338914,11.255555555555555,0.3091581769850524,0.27440624697193583,0.24130000000000001,0.16576662068333337,0.75,0,0.0,0,0,8,0.05714285714285714,2,49,0,1,2213,221.3,0,0,0,0.0,0,0.0,0,0,19,0.0,0,{},0.0,9,1.0,51,9,90,18,18,86,68,18,0,86,0,68,0,18,0,0,0,86,9,9,0,18,0,86,0,0,68,0,18,61,4,1.4098360655737705,0,10,1947,10.48327319999953,7.924377499977709,0.1388821000000462,0.26678919999540085,14.073794299998553,parallel_episode_batch,pending,-0.0035646851625173322,0.027452947992470958,0.5229038451948473,0.004932749701002913,1.4434917393061603e-05,0.0,1.0001003847968193,0.3690068348040504,0.27419354838709675,1.039534091949463,1.4140079021453857,0.4136299788951874,-0.036462608724832535,0.1978394240140915,1.4504704475402832,0.28871122002601624,0.7712286114692688,0.0001,-0.29908958077430725,-0.302381694316864,-0.202005997300148,-0.2017798274755478,-0.20180703699588776,0.3013153672218323,-0.3021870255470276,-0.30131831765174866,-0.1994679570198059,-0.20128367841243744,-0.2018745392560959,0.01798621006309986,0.12096545845270157,0.01798621006309986,0.1201263815164566,0.0,1.5036938190460205,1.0034867525100708
219,219,43,4,43,22,train_balanced_1000043,1000043,balanced,labor_dominant,0.5,0.3,0.2,group_anchor_4,181,181,0,0.0,181,0,0.0,0,0.0,1.7906445744530035,1.8531445744530035,-0.0625,1.7906445744530035,1.853144574453004,-4.440892098500626e-16,quality,-749.9,-301.5998484195599,-9.49,0.9999999999999998,1.0,-0.293710851093992,0.0,0.0,-0.0625,60,226.3,True,False,completed,1.0,1.0,749.9,749.9,301.5998484195599,9.49,0.293710851093992,0.293710851093992,0.21180000000000002,0.13563628633333333,0.75,0,0.0,0,0,0,0.0,1,49,0,0,2083,208.3,0,0,0,0.0,0,0.0,0,0,21,0.0,0,{},0.0,9,1.0,51,9,88,18,15,87,71,16,1,86,0,71,1,15,1,1,0,86,7,10,1,15,0,86,0,0,71,1,15,59,6,1.4745762711864407,0,10,1947,10.48327319999953,7.924377499977709,0.11657630000263453,0.235459899995476,14.073794299998553,parallel_episode_batch,pending,-0.0035646851625173322,0.027452947992470958,0.5229038451948473,0.004932749701002913,1.4434917393061603e-05,0.0,1.0001003847968193,0.3690068348040504,0.27419354838709675,1.039534091949463,1.4140079021453857,0.4136299788951874,-0.036462608724832535,0.1978394240140915,1.4504704475402832,0.28871122002601624,0.7712286114692688,0.0001,-0.29908958077430725,-0.302381694316864,-0.202005997300148,-0.2017798274755478,-0.20180703699588776,0.3013153672218323,-0.3021870255470276,-0.30131831765174866,-0.1994679570198059,-0.20128367841243744,-0.2018745392560959,0.01798621006309986,0.12096545845270157,0.01798621006309986,0.1201263815164566,0.0,1.5036938190460205,1.0034867525100708
220,220,44,0,44,23,train_balanced_1000044,1000044,balanced,balanced_cost,1.0,0.0,0.0,group_anchor_0,209,209,0,0.0,209,0,0.0,0,0.0,1.7539223183208523,1.8164223183208523,-0.0625,1.7539223183208523,1.816422318320852,2.220446049250313e-16,quality,-696.2000000000003,-596.7734422335701,-14.668055555555563,0.9999999999999999,1.0,-0.3671553633582956,0.0,0.0,-0.0625,59,206.70000000000002,True,False,completed,1.0,1.0,696.2000000000003,696.2000000000003,596.7734422335701,14.668055555555563,0.34106295135858217,0.3671553633582956,0.31210000000000004,0.1972666666666667,0.75,0,0.0,0,0,0,0.0,1,70,0,0,1690,169.0,0,0,0,0.0,0,0.0,0,0,33,0.0,0,{},0.0,13,1.0,46,13,98,26,26,121,94,27,1,120,0,94,1,26,1,1,0,120,14,13,0,26,0,120,0,0,94,1,26,82,4,1.475609756097561,0,10,2224,12.735709900000074,9.371292900024855,0.11584469999797875,0.1340629000114859,17.64565389999916,parallel_episode_batch,pending,-0.0003167540167591402,0.0018722961831372231,0.5688916717256819,-0.005069522526381271,4.5982317650279066e-06,0.0,1.0000144686017718,0.1527997761964798,0.0,0.44347015023231506,1.523181438446045,0.3012832701206207,0.013288668356835842,0.05237909033894539,1.5098925828933716,0.30417242646217346,0.9697750210762024,0.0001,-0.29917263984680176,-0.3023289144039154,-0.20197650790214539,-0.20174722373485565,-0.20172074437141418,0.30149364471435547,-0.30266812443733215,-0.30176639556884766,-0.1994626224040985,-0.20160701870918274,-0.2023387998342514,0.017986226826906204,0.1210135892033577,0.01798621006309986,0.12028725445270538,0.0,1.503889799118042,1.0042617321014404
221,221,44,1,44,23,train_balanced_1000044,1000044,balanced,balanced_cost,0.0,1.0,0.0,group_anchor_1,192,192,0,0.0,192,0,0.0,0,0.0,1.779694320109204,1.842194320109204,-0.0625,1.779694320109204,1.842194320109204,0.0,quality,-746.4000000000001,-461.1580923974299,-23.9825,0.9999999999999999,1.0,-0.31561135978159194,0.0,0.0,-0.0625,59,227.3,True,False,completed,1.0,1.0,746.4000000000001,746.4000000000001,461.1580923974299,23.9825,0.3512549019346875,0.315611359781592,0.23950000000000005,0.18610000000000004,0.75,0,0.0,0,0,0,0.0,2,56,0,1,1898,189.8,0,0,0,0.0,0,0.0,0,0,29,0.0,0,{},0.0,10,0.8,49,10,94,20,19,83,64,19,0,83,0,64,0,19,0,0,0,83,8,9,0,17,0,83,0,0,64,0,19,61,4,1.360655737704918,0,10,2224,12.735709900000074,9.371292900024855,0.09669980000035139,0.23134930002561305,17.64565389999916,parallel_episode_batch,pending,-0.0003167540167591402,0.0018722961831372231,0.5688916717256819,-0.005069522526381271,4.5982317650279066e-06,0.0,1.0000144686017718,0.1527997761964798,0.0,0.44347015023231506,1.523181438446045,0.3012832701206207,0.013288668356835842,0.05237909033894539,1.5098925828933716,0.30417242646217346,0.9697750210762024,0.0001,-0.29917263984680176,-0.3023289144039154,-0.20197650790214539,-0.20174722373485565,-0.20172074437141418,0.30149364471435547,-0.30266812443733215,-0.30176639556884766,-0.1994626224040985,-0.20160701870918274,-0.2023387998342514,0.017986226826906204,0.1210135892033577,0.01798621006309986,0.12028725445270538,0.0,1.503889799118042,1.0042617321014404
222,222,44,2,44,23,train_balanced_1000044,1000044,balanced,balanced_cost,0.0,0.0,1.0,group_anchor_2,206,206,0,0.0,206,0,0.0,0,0.0,1.8579821528686224,1.9204821528686224,-0.0625,1.8579821528686224,1.9204821528686227,-2.220446049250313e-16,quality,-780.1000000000001,-566.7358326370801,-9.45555555555556,0.9999999999999999,1.0,-0.15903569426275466,0.0,0.0,-0.0625,59,214.3,True,False,completed,1.0,1.0,780.1000000000001,780.1000000000001,566.7358326370801,9.45555555555556,0.33731123150125336,0.15903569426275466,0.22350000000000003,0.17675,0.75,0,0.0,0,0,0,0.0,1,65,0,3,1707,170.70000000000002,0,0,0,0.0,0,0.0,0,0,29,0.0,0,{},0.0,12,1.0,47,12,99,24,24,96,70,26,2,94,0,70,2,24,2,2,0,94,13,12,0,23,0,94,0,0,70,2,24,63,5,1.5238095238095237,0,10,2224,12.735709900000074,9.371292900024855,0.10537209999893093,0.20963729999493808,17.64565389999916,parallel_episode_batch,pending,-0.0003167540167591402,0.0018722961831372231,0.5688916717256819,-0.005069522526381271,4.5982317650279066e-06,0.0,1.0000144686017718,0.1527997761964798,0.0,0.44347015023231506,1.523181438446045,0.3012832701206207,0.013288668356835842,0.05237909033894539,1.5098925828933716,0.30417242646217346,0.9697750210762024,0.0001,-0.29917263984680176,-0.3023289144039154,-0.20197650790214539,-0.20174722373485565,-0.20172074437141418,0.30149364471435547,-0.30266812443733215,-0.30176639556884766,-0.1994626224040985,-0.20160701870918274,-0.2023387998342514,0.017986226826906204,0.1210135892033577,0.01798621006309986,0.12028725445270538,0.0,1.503889799118042,1.0042617321014404
223,223,44,3,44,23,train_balanced_1000044,1000044,balanced,balanced_cost,0.3333333333333333,0.3333333333333333,0.3333333333333333,group_anchor_3,209,209,0,0.0,209,0,0.0,0,0.0,1.7717561115859333,1.8342561115859333,-0.0625,1.7717561115859333,1.8342561115859333,0.0,quality,-783.1999999999999,-583.8627945551899,-15.01222222222223,0.9999999999999999,1.0,-0.3314877768281337,0.0,0.0,-0.0625,59,219.0,True,False,completed,1.0,1.0,783.1999999999999,783.1999999999999,583.8627945551899,15.01222222222223,0.35423107569234713,0.3314877768281337,0.2398,0.16977440423333334,0.75,0,0.0,0,0,0,0.0,1,73,0,2,1804,180.4,0,0,0,0.0,0,0.0,0,0,29,0.0,0,{},0.0,13,0.9230769230769231,46,13,101,26,23,98,74,24,1,97,0,74,1,23,1,1,0,97,12,13,1,23,0,97,0,0,74,1,23,68,4,1.4411764705882353,0,10,2224,12.735709900000074,9.371292900024855,0.10887270000239369,0.21385939996980596,17.64565389999916,parallel_episode_batch,pending,-0.0003167540167591402,0.0018722961831372231,0.5688916717256819,-0.005069522526381271,4.5982317650279066e-06,0.0,1.0000144686017718,0.1527997761964798,0.0,0.44347015023231506,1.523181438446045,0.3012832701206207,0.013288668356835842,0.05237909033894539,1.5098925828933716,0.30417242646217346,0.9697750210762024,0.0001,-0.29917263984680176,-0.3023289144039154,-0.20197650790214539,-0.20174722373485565,-0.20172074437141418,0.30149364471435547,-0.30266812443733215,-0.30176639556884766,-0.1994626224040985,-0.20160701870918274,-0.2023387998342514,0.017986226826906204,0.1210135892033577,0.01798621006309986,0.12028725445270538,0.0,1.503889799118042,1.0042617321014404
224,224,44,4,44,23,train_balanced_1000044,1000044,balanced,balanced_cost,0.5,0.3,0.2,group_anchor_4,199,199,0,0.0,199,0,0.0,0,0.0,1.7637699575901962,1.8262699575901962,-0.0625,1.7637699575901962,1.8262699575901962,0.0,quality,-717.0,-508.72894696616993,-21.06916666666667,0.9999999999999999,1.0,-0.3474600848196078,0.0,0.0,-0.0625,59,220.3,True,False,completed,1.0,1.0,717.0,717.0,508.72894696616993,21.06916666666667,0.3474600848196078,0.3474600848196078,0.26789999999999997,0.19717975328333334,0.75,0,0.0,0,0,0,0.0,1,61,0,1,1873,187.3,0,0,0,0.0,0,0.0,0,0,34,0.0,0,{},0.0,11,1.0,48,11,97,22,21,107,85,22,1,106,0,85,1,21,1,1,0,106,10,12,0,21,0,106,0,0,85,1,21,75,6,1.4266666666666667,0,10,2224,12.735709900000074,9.371292900024855,0.1263494000013452,0.24255729997094022,17.64565389999916,parallel_episode_batch,pending,-0.0003167540167591402,0.0018722961831372231,0.5688916717256819,-0.005069522526381271,4.5982317650279066e-06,0.0,1.0000144686017718,0.1527997761964798,0.0,0.44347015023231506,1.523181438446045,0.3012832701206207,0.013288668356835842,0.05237909033894539,1.5098925828933716,0.30417242646217346,0.9697750210762024,0.0001,-0.29917263984680176,-0.3023289144039154,-0.20197650790214539,-0.20174722373485565,-0.20172074437141418,0.30149364471435547,-0.30266812443733215,-0.30176639556884766,-0.1994626224040985,-0.20160701870918274,-0.2023387998342514,0.017986226826906204,0.1210135892033577,0.01798621006309986,0.12028725445270538,0.0,1.503889799118042,1.0042617321014404
225,225,45,0,45,23,train_high_arrival_pressure_1000045,1000045,high_arrival_pressure,labor_dominant,1.0,0.0,0.0,group_anchor_0,248,248,0,0.0,248,0,0.0,0,0.0,1.6666475710357473,1.7291475710357473,-0.0625,1.6666475710357473,1.729147571035747,4.440892098500626e-16,quality,-1418.3999999999999,-506.0402353129301,-13.109166666666667,1.0,1.0,-0.541704857928506,0.0,0.0,-0.0625,78,146.1,True,False,completed,1.0,1.0,1418.3999999999999,1418.3999999999999,506.0402353129301,13.109166666666667,0.4131989773982906,0.541704857928506,0.31310000000000004,0.21242492321666673,0.75,0,0.0,0,0,0,0.0,2,78,0,1,1163,116.30000000000001,0,0,0,0.0,0,0.0,0,0,38,0.0,0,{},0.0,14,1.0,64,14,114,28,28,136,108,28,0,136,0,108,0,28,0,0,0,136,14,14,0,28,0,136,0,0,108,0,28,97,5,1.402061855670103,0,10,2224,12.735709900000074,9.371292900024855,0.1362306000009994,0.2053334999436629,17.64565389999916,parallel_episode_batch,pending,-0.0003167540167591402,0.0018722961831372231,0.5688916717256819,-0.005069522526381271,4.5982317650279066e-06,0.0,1.0000144686017718,0.1527997761964798,0.0,0.44347015023231506,1.523181438446045,0.3012832701206207,0.013288668356835842,0.05237909033894539,1.5098925828933716,0.30417242646217346,0.9697750210762024,0.0001,-0.29917263984680176,-0.3023289144039154,-0.20197650790214539,-0.20174722373485565,-0.20172074437141418,0.30149364471435547,-0.30266812443733215,-0.30176639556884766,-0.1994626224040985,-0.20160701870918274,-0.2023387998342514,0.017986226826906204,0.1210135892033577,0.01798621006309986,0.12028725445270538,0.0,1.503889799118042,1.0042617321014404
226,226,45,1,45,23,train_high_arrival_pressure_1000045,1000045,high_arrival_pressure,labor_dominant,0.0,1.0,0.0,group_anchor_1,239,239,0,0.0,239,0,0.0,0,0.0,1.7916346014576412,1.8541346014576412,-0.0625,1.7916346014576412,1.854134601457641,2.220446049250313e-16,quality,-1991.6000000000001,-411.89253448255994,-11.363333333333337,1.0,1.0,-0.291730797084718,0.0,0.0,-0.0625,78,190.20000000000002,True,False,completed,1.0,1.0,1991.6000000000001,1991.6000000000001,411.89253448255994,11.363333333333335,0.43656198851051264,0.291730797084718,0.253,0.1832001977166667,0.75,0,0.0,0,0,9,0.012465373961218837,1,59,0,3,1646,164.60000000000002,0,0,0,0.0,0,0.0,0,0,37,0.0,0,{},0.0,11,0.9090909090909091,67,11,118,22,21,84,61,23,2,82,0,61,2,21,2,2,0,82,8,13,1,18,0,82,0,0,61,2,21,54,10,1.5555555555555556,0,10,2224,12.735709900000074,9.371292900024855,0.1478075999984867,0.9841347999827121,17.64565389999916,parallel_episode_batch,pending,-0.0003167540167591402,0.0018722961831372231,0.5688916717256819,-0.005069522526381271,4.5982317650279066e-06,0.0,1.0000144686017718,0.1527997761964798,0.0,0.44347015023231506,1.523181438446045,0.3012832701206207,0.013288668356835842,0.05237909033894539,1.5098925828933716,0.30417242646217346,0.9697750210762024,0.0001,-0.29917263984680176,-0.3023289144039154,-0.20197650790214539,-0.20174722373485565,-0.20172074437141418,0.30149364471435547,-0.30266812443733215,-0.30176639556884766,-0.1994626224040985,-0.20160701870918274,-0.2023387998342514,0.017986226826906204,0.1210135892033577,0.01798621006309986,0.12028725445270538,0.0,1.503889799118042,1.0042617321014404
227,227,45,2,45,23,train_high_arrival_pressure_1000045,1000045,high_arrival_pressure,labor_dominant,0.0,0.0,1.0,group_anchor_2,259,259,0,0.0,259,0,0.0,0,0.0,1.9070301047052138,1.9695301047052138,-0.0625,1.9070301047052138,1.9695301047052134,4.440892098500626e-16,quality,-1599.3000000000004,-589.7115868982901,-3.2447222222222205,1.0,1.0,-0.060939790589573266,0.0,0.0,-0.0625,78,166.20000000000002,True,False,completed,1.0,1.0,1599.3000000000004,1599.3000000000004,589.7115868982901,3.2447222222222205,0.40913518263065785,0.060939790589573266,0.266,0.19736257341666671,0.75,0,0.0,0,0,0,0.0,1,86,0,3,1377,137.70000000000002,0,0,0,0.0,0,0.0,0,0,35,0.0,0,{},0.0,16,1.0,62,16,121,32,28,100,69,31,3,97,0,69,3,28,3,3,0,97,14,15,3,23,0,97,0,0,69,3,28,66,7,1.5151515151515151,0,10,2224,12.735709900000074,9.371292900024855,0.14832980000210227,0.34196589997736737,17.64565389999916,parallel_episode_batch,pending,-0.0003167540167591402,0.0018722961831372231,0.5688916717256819,-0.005069522526381271,4.5982317650279066e-06,0.0,1.0000144686017718,0.1527997761964798,0.0,0.44347015023231506,1.523181438446045,0.3012832701206207,0.013288668356835842,0.05237909033894539,1.5098925828933716,0.30417242646217346,0.9697750210762024,0.0001,-0.29917263984680176,-0.3023289144039154,-0.20197650790214539,-0.20174722373485565,-0.20172074437141418,0.30149364471435547,-0.30266812443733215,-0.30176639556884766,-0.1994626224040985,-0.20160701870918274,-0.2023387998342514,0.017986226826906204,0.1210135892033577,0.01798621006309986,0.12028725445270538,0.0,1.503889799118042,1.0042617321014404
228,228,45,3,45,23,train_high_arrival_pressure_1000045,1000045,high_arrival_pressure,labor_dominant,0.3333333333333333,0.3333333333333333,0.3333333333333333,group_anchor_3,240,240,0,0.0,240,0,0.0,0,0.0,1.7317240166655936,1.7942240166655936,-0.0625,1.7317240166655936,1.7942240166655934,2.220446049250313e-16,quality,-1574.9000000000003,-446.4080763905001,-27.938888888888908,1.0,1.0,-0.4115519666688133,0.0,0.0,-0.0625,78,159.3,True,False,completed,1.0,1.0,1574.9000000000003,1574.9000000000003,446.4080763905001,27.938888888888908,0.4480599930613894,0.4115519666688133,0.27809199370000004,0.19276533228333337,0.75,0,0.0,0,0,0,0.0,2,68,0,0,1282,128.20000000000002,0,0,0,0.0,0,0.0,0,0,39,0.0,0,{},0.0,12,0.8333333333333334,66,12,116,24,22,103,81,22,0,103,0,81,0,22,0,0,0,103,9,9,1,17,0,103,0,0,81,0,22,74,6,1.3918918918918919,0,10,2224,12.735709900000074,9.371292900024855,0.16045659999508644,0.31016319999616826,17.64565389999916,parallel_episode_batch,pending,-0.0003167540167591402,0.0018722961831372231,0.5688916717256819,-0.005069522526381271,4.5982317650279066e-06,0.0,1.0000144686017718,0.1527997761964798,0.0,0.44347015023231506,1.523181438446045,0.3012832701206207,0.013288668356835842,0.05237909033894539,1.5098925828933716,0.30417242646217346,0.9697750210762024,0.0001,-0.29917263984680176,-0.3023289144039154,-0.20197650790214539,-0.20174722373485565,-0.20172074437141418,0.30149364471435547,-0.30266812443733215,-0.30176639556884766,-0.1994626224040985,-0.20160701870918274,-0.2023387998342514,0.017986226826906204,0.1210135892033577,0.01798621006309986,0.12028725445270538,0.0,1.503889799118042,1.0042617321014404
229,229,45,4,45,23,train_high_arrival_pressure_1000045,1000045,high_arrival_pressure,labor_dominant,0.5,0.3,0.2,group_anchor_4,223,223,0,0.0,223,0,0.0,0,0.0,1.7513776904771352,1.8138776904771352,-0.0625,1.7513776904771352,1.813877690477135,2.220446049250313e-16,quality,-1464.7000000000003,-336.60590988654013,-6.135555555555556,1.0,1.0,-0.3722446190457301,0.0,0.0,-0.0625,78,153.9,True,False,completed,1.0,1.0,1464.7000000000003,1464.7000000000003,336.60590988654013,6.135555555555556,0.3722446190457301,0.3722446190457301,0.25189199370000004,0.18414025550000002,0.75,0,0.0,0,0,0,0.0,2,53,0,1,1224,122.4,0,0,0,0.0,0,0.0,0,0,35,0.0,0,{},0.0,9,0.8888888888888888,69,9,110,18,17,106,89,17,0,106,0,89,0,17,0,0,0,106,8,9,0,17,0,106,0,0,89,0,17,76,3,1.394736842105263,0,10,2224,12.735709900000074,9.371292900024855,0.1735910999996122,0.2018824999977369,17.64565389999916,parallel_episode_batch,pending,-0.0003167540167591402,0.0018722961831372231,0.5688916717256819,-0.005069522526381271,4.5982317650279066e-06,0.0,1.0000144686017718,0.1527997761964798,0.0,0.44347015023231506,1.523181438446045,0.3012832701206207,0.013288668356835842,0.05237909033894539,1.5098925828933716,0.30417242646217346,0.9697750210762024,0.0001,-0.29917263984680176,-0.3023289144039154,-0.20197650790214539,-0.20174722373485565,-0.20172074437141418,0.30149364471435547,-0.30266812443733215,-0.30176639556884766,-0.1994626224040985,-0.20160701870918274,-0.2023387998342514,0.017986226826906204,0.1210135892033577,0.01798621006309986,0.12028725445270538,0.0,1.503889799118042,1.0042617321014404
230,230,46,0,46,24,train_fatigue_bottleneck_1000046,1000046,fatigue_bottleneck,balanced_cost,1.0,0.0,0.0,group_anchor_0,299,299,0,0.0,299,0,0.0,0,0.0,1.641186729809553,1.703686729809553,-0.0625,1.641186729809553,1.7036867298095528,2.220446049250313e-16,quality,-1745.7,-1182.5111151544802,-20.97888888888889,1.0,1.0,-0.5926265403808942,0.0,0.0,-0.0625,79,158.0,True,False,completed,1.0,1.0,1745.7,1745.7,1182.5111151544802,20.978888888888886,0.5179699638676409,0.5926265403808942,0.7497049689999999,0.72773443255,0.75,41,0.3445378151260504,10,10,140,0.5185185185185185,0,78,1,0,1133,113.30000000000001,0,0,0,0.0,0,0.0,0,0,58,0.0,0,{},9.0,20,1.0,59,20,132,40,48,191,126,65,17,174,0,126,17,48,17,17,0,174,27,48,0,48,46,174,0,0,126,17,48,92,11,2.0760869565217392,0,10,2930,16.17522939999617,12.532535300022573,0.16153300000587478,0.21961770000780234,24.132745799994154,parallel_episode_batch,pending,-0.0004262976935538261,0.000921979415579699,0.5095475432665452,-0.005060783660788413,1.315185762220865e-05,0.0,1.0001603520434836,0.09866528927712985,0.0,0.2348938137292862,1.6534793376922607,0.23376193642616272,0.008711596950888634,0.03430674225091934,1.6447677612304688,0.23474039137363434,0.9784616827964783,0.0001,-0.2985990345478058,-0.3022478520870209,-0.2020675092935562,-0.20169229805469513,-0.2017849236726761,0.3010861873626709,-0.3022685647010803,-0.30142468214035034,-0.19945000112056732,-0.20128099620342255,-0.2023048847913742,0.017986226826906204,0.12082821130752563,0.01798621006309986,0.12012942880392075,0.0,1.5032482147216797,1.0042892694473267
231,231,46,1,46,24,train_fatigue_bottleneck_1000046,1000046,fatigue_bottleneck,balanced_cost,0.0,1.0,0.0,group_anchor_1,284,284,0,0.0,284,0,0.0,0,0.0,1.677165175360075,1.739665175360075,-0.0625,1.677165175360075,1.7396651753600747,2.220446049250313e-16,quality,-1989.0999999999995,-1086.2438577018802,-5.482222222222223,1.0,1.0,-0.5206696492798505,0.0,0.0,-0.0625,79,182.70000000000002,True,False,completed,1.0,1.0,1989.0999999999995,1989.0999999999995,1086.2438577018802,5.482222222222224,0.4878221259507967,0.5206696492798505,0.7437178537,0.59358443255,0.75,4,0.04395604395604396,0,0,10,0.013755158184319119,1,86,1,9,1484,148.4,0,0,0,0.0,0,0.0,0,0,52,0.0,0,{},0.0,19,1.0,60,19,135,38,32,120,82,38,6,114,0,82,6,32,6,6,0,114,18,19,3,28,5,114,0,0,82,6,32,72,8,1.6666666666666667,0,10,2930,16.17522939999617,12.532535300022573,0.18293219999759458,0.3931749999028398,24.132745799994154,parallel_episode_batch,pending,-0.0004262976935538261,0.000921979415579699,0.5095475432665452,-0.005060783660788413,1.315185762220865e-05,0.0,1.0001603520434836,0.09866528927712985,0.0,0.2348938137292862,1.6534793376922607,0.23376193642616272,0.008711596950888634,0.03430674225091934,1.6447677612304688,0.23474039137363434,0.9784616827964783,0.0001,-0.2985990345478058,-0.3022478520870209,-0.2020675092935562,-0.20169229805469513,-0.2017849236726761,0.3010861873626709,-0.3022685647010803,-0.30142468214035034,-0.19945000112056732,-0.20128099620342255,-0.2023048847913742,0.017986226826906204,0.12082821130752563,0.01798621006309986,0.12012942880392075,0.0,1.5032482147216797,1.0042892694473267
232,232,46,2,46,24,train_fatigue_bottleneck_1000046,1000046,fatigue_bottleneck,balanced_cost,0.0,0.0,1.0,group_anchor_2,316,316,0,0.0,316,0,0.0,0,0.0,1.9203740664434716,1.9828740664434716,-0.0625,1.9203740664434716,1.9828740664434714,2.220446049250313e-16,quality,-1692.6,-1310.999048340291,-1.773333333333337,1.0,1.0,-0.03425186711305694,0.0,0.0,-0.0625,79,169.20000000000002,True,False,completed,1.0,1.0,1692.6,1692.6,1310.999048340291,1.773333333333336,0.4696105413432782,0.034251867113056965,0.7281178536999997,0.6960956125166665,0.75,5,0.04424778761061947,0,0,15,0.04120879120879121,1,107,1,5,1264,126.4,0,0,0,0.0,0,0.0,0,0,50,0.0,0,{},0.0,24,0.9166666666666666,55,24,147,48,42,151,98,53,11,140,0,98,11,42,11,11,0,140,25,26,3,37,4,140,0,0,98,11,42,88,7,1.7159090909090908,0,10,2930,16.17522939999617,12.532535300022573,0.15577280000434257,0.29327029994601617,24.132745799994154,parallel_episode_batch,pending,-0.0004262976935538261,0.000921979415579699,0.5095475432665452,-0.005060783660788413,1.315185762220865e-05,0.0,1.0001603520434836,0.09866528927712985,0.0,0.2348938137292862,1.6534793376922607,0.23376193642616272,0.008711596950888634,0.03430674225091934,1.6447677612304688,0.23474039137363434,0.9784616827964783,0.0001,-0.2985990345478058,-0.3022478520870209,-0.2020675092935562,-0.20169229805469513,-0.2017849236726761,0.3010861873626709,-0.3022685647010803,-0.30142468214035034,-0.19945000112056732,-0.20128099620342255,-0.2023048847913742,0.017986226826906204,0.12082821130752563,0.01798621006309986,0.12012942880392075,0.0,1.5032482147216797,1.0042892694473267
233,233,46,3,46,24,train_fatigue_bottleneck_1000046,1000046,fatigue_bottleneck,balanced_cost,0.3333333333333333,0.3333333333333333,0.3333333333333333,group_anchor_3,272,272,0,0.0,272,0,0.0,0,0.0,1.7459484066319986,1.8084484066319986,-0.06249999999999997,1.7459484066319986,1.8084484066319984,2.220446049250313e-16,quality,-1967.9,-939.3026586483907,-2.2880555555555584,1.0,1.0,-0.38310318673600313,0.0,0.0,-0.06249999999999997,79,168.20000000000002,True,False,completed,1.0,1.0,1967.9,1967.9,939.3026586483907,2.2880555555555575,0.4646570342980129,0.38310318673600313,0.7223471316999999,0.6541010992166668,0.75,5,0.058823529411764705,0,0,13,0.030952380952380953,1,78,0,6,1327,132.70000000000002,0,0,0,0.0,0,0.0,0,0,61,0.0,0,{},0.0,17,1.0,62,17,130,34,29,124,89,35,6,118,0,89,6,29,6,6,0,118,18,18,4,26,4,118,0,0,89,6,29,77,8,1.6103896103896105,0,10,2930,16.17522939999617,12.532535300022573,0.1832808999970439,0.30645909996383125,24.132745799994154,parallel_episode_batch,pending,-0.0004262976935538261,0.000921979415579699,0.5095475432665452,-0.005060783660788413,1.315185762220865e-05,0.0,1.0001603520434836,0.09866528927712985,0.0,0.2348938137292862,1.6534793376922607,0.23376193642616272,0.008711596950888634,0.03430674225091934,1.6447677612304688,0.23474039137363434,0.9784616827964783,0.0001,-0.2985990345478058,-0.3022478520870209,-0.2020675092935562,-0.20169229805469513,-0.2017849236726761,0.3010861873626709,-0.3022685647010803,-0.30142468214035034,-0.19945000112056732,-0.20128099620342255,-0.2023048847913742,0.017986226826906204,0.12082821130752563,0.01798621006309986,0.12012942880392075,0.0,1.5032482147216797,1.0042892694473267
234,234,46,4,46,24,train_fatigue_bottleneck_1000046,1000046,fatigue_bottleneck,balanced_cost,0.5,0.3,0.2,group_anchor_4,295,295,0,0.0,295,0,0.0,0,0.0,1.7020759179106242,1.7645759179106242,-0.0625,1.7020759179106242,1.7645759179106242,0.0,quality,-1717.3000000000006,-1111.8402231283299,-5.118888888888885,1.0,1.0,-0.4708481641787518,0.0,0.0,-0.0625,79,157.9,True,False,completed,1.0,1.0,1717.3000000000006,1717.3000000000006,1111.8402231283299,5.118888888888885,0.4708481641787518,0.4708481641787518,0.7496041657000001,0.7104010992166668,0.75,35,0.3181818181818182,9,9,117,0.33238636363636365,0,73,4,1,1121,112.10000000000001,0,0,0,0.0,0,0.0,0,0,59,0.0,0,{},7.6000000000000005,19,0.7894736842105263,60,19,135,38,43,167,113,54,11,156,0,113,11,43,11,11,0,156,22,43,3,42,36,156,0,0,113,11,43,94,7,1.7765957446808511,0,10,2930,16.17522939999617,12.532535300022573,0.1480935999934445,0.35522550002497155,24.132745799994154,parallel_episode_batch,pending,-0.0004262976935538261,0.000921979415579699,0.5095475432665452,-0.005060783660788413,1.315185762220865e-05,0.0,1.0001603520434836,0.09866528927712985,0.0,0.2348938137292862,1.6534793376922607,0.23376193642616272,0.008711596950888634,0.03430674225091934,1.6447677612304688,0.23474039137363434,0.9784616827964783,0.0001,-0.2985990345478058,-0.3022478520870209,-0.2020675092935562,-0.20169229805469513,-0.2017849236726761,0.3010861873626709,-0.3022685647010803,-0.30142468214035034,-0.19945000112056732,-0.20128099620342255,-0.2023048847913742,0.017986226826906204,0.12082821130752563,0.01798621006309986,0.12012942880392075,0.0,1.5032482147216797,1.0042892694473267
235,235,47,0,47,24,train_worker_bottleneck_1000047,1000047,worker_bottleneck,downtime_dominant,1.0,0.0,0.0,group_anchor_0,326,326,0,0.0,326,0,0.0,0,0.0,1.663021518511558,1.725521518511558,-0.0625,1.663021518511558,1.725521518511558,0.0,quality,-1460.4999999999998,-1609.8568606119695,-4.248888888888891,1.0,1.0,-0.548956962976884,0.0,0.0,-0.0625,75,149.3,True,False,completed,1.0,1.0,1460.4999999999998,1460.4999999999998,1609.8568606119695,4.248888888888891,0.4751940759818732,0.548956962976884,0.7496518316000003,0.6771322926833334,0.75,33,0.24812030075187969,6,6,25,0.16891891891891891,0,100,1,0,944,94.4,0,0,0,0.0,0,0.0,0,0,42,0.0,0,{},7.5,27,0.9629629629629629,48,27,138,54,59,215,136,79,20,195,0,136,20,59,20,20,0,195,38,46,0,58,24,195,0,0,136,20,59,104,12,2.0673076923076925,0,10,2930,16.17522939999617,12.532535300022573,1.0357794000010472,0.27975390004576184,24.132745799994154,parallel_episode_batch,pending,-0.0004262976935538261,0.000921979415579699,0.5095475432665452,-0.005060783660788413,1.315185762220865e-05,0.0,1.0001603520434836,0.09866528927712985,0.0,0.2348938137292862,1.6534793376922607,0.23376193642616272,0.008711596950888634,0.03430674225091934,1.6447677612304688,0.23474039137363434,0.9784616827964783,0.0001,-0.2985990345478058,-0.3022478520870209,-0.2020675092935562,-0.20169229805469513,-0.2017849236726761,0.3010861873626709,-0.3022685647010803,-0.30142468214035034,-0.19945000112056732,-0.20128099620342255,-0.2023048847913742,0.017986226826906204,0.12082821130752563,0.01798621006309986,0.12012942880392075,0.0,1.5032482147216797,1.0042892694473267
236,236,47,1,47,24,train_worker_bottleneck_1000047,1000047,worker_bottleneck,downtime_dominant,0.0,1.0,0.0,group_anchor_1,283,283,0,0.0,283,0,0.0,0,0.0,1.6576630661810858,1.7201630661810858,-0.0625,1.6576630661810858,1.7201630661810856,2.220446049250313e-16,quality,-1587.7999999999997,-1271.0439524345404,-2.975555555555554,1.0,1.0,-0.5596738676378288,0.0,0.0,-0.0625,75,174.60000000000002,True,False,completed,1.0,1.0,1587.7999999999997,1587.7999999999997,1271.0439524345404,2.975555555555554,0.46391237927293466,0.5596738676378288,0.7413189961000002,0.6620822926833333,0.75,6,0.056074766355140186,0,0,37,0.14682539682539683,1,101,2,4,1391,139.1,0,0,0,0.0,0,0.0,0,0,43,0.0,0,{},0.0,22,1.0,53,22,128,44,36,127,83,44,8,119,0,83,8,36,8,8,0,119,22,22,4,32,4,119,0,0,83,8,36,78,6,1.6282051282051282,0,10,2930,16.17522939999617,12.532535300022573,1.0059417000011308,0.36781969994626706,24.132745799994154,parallel_episode_batch,pending,-0.0004262976935538261,0.000921979415579699,0.5095475432665452,-0.005060783660788413,1.315185762220865e-05,0.0,1.0001603520434836,0.09866528927712985,0.0,0.2348938137292862,1.6534793376922607,0.23376193642616272,0.008711596950888634,0.03430674225091934,1.6447677612304688,0.23474039137363434,0.9784616827964783,0.0001,-0.2985990345478058,-0.3022478520870209,-0.2020675092935562,-0.20169229805469513,-0.2017849236726761,0.3010861873626709,-0.3022685647010803,-0.30142468214035034,-0.19945000112056732,-0.20128099620342255,-0.2023048847913742,0.017986226826906204,0.12082821130752563,0.01798621006309986,0.12012942880392075,0.0,1.5032482147216797,1.0042892694473267
237,237,47,2,47,24,train_worker_bottleneck_1000047,1000047,worker_bottleneck,downtime_dominant,0.0,0.0,1.0,group_anchor_2,272,272,0,0.0,272,0,0.0,0,0.0,1.9019058700901983,1.9644058700901983,-0.0625,1.9019058700901983,1.9644058700901978,4.440892098500626e-16,quality,-1510.8000000000002,-1096.5451392129207,-3.832222222222225,1.0,1.0,-0.07118825981960417,0.0,0.0,-0.0625,75,155.20000000000002,True,False,completed,1.0,1.0,1510.8000000000002,1510.8000000000002,1096.5451392129207,3.832222222222225,0.44980822254719516,0.07118825981960417,0.4299980995,0.3705156260166666,0.75,0,0.0,0,0,0,0.0,1,98,0,4,1173,117.30000000000001,0,0,0,0.0,0,0.0,0,0,49,0.0,0,{},0.0,19,1.0,56,19,124,38,35,126,89,37,2,124,0,89,2,35,2,2,0,124,17,19,0,34,0,124,0,0,89,2,35,82,5,1.5365853658536586,0,10,2930,16.17522939999617,12.532535300022573,1.0347689999980503,0.31865179990563774,24.132745799994154,parallel_episode_batch,pending,-0.0004262976935538261,0.000921979415579699,0.5095475432665452,-0.005060783660788413,1.315185762220865e-05,0.0,1.0001603520434836,0.09866528927712985,0.0,0.2348938137292862,1.6534793376922607,0.23376193642616272,0.008711596950888634,0.03430674225091934,1.6447677612304688,0.23474039137363434,0.9784616827964783,0.0001,-0.2985990345478058,-0.3022478520870209,-0.2020675092935562,-0.20169229805469513,-0.2017849236726761,0.3010861873626709,-0.3022685647010803,-0.30142468214035034,-0.19945000112056732,-0.20128099620342255,-0.2023048847913742,0.017986226826906204,0.12082821130752563,0.01798621006309986,0.12012942880392075,0.0,1.5032482147216797,1.0042892694473267
238,238,47,3,47,24,train_worker_bottleneck_1000047,1000047,worker_bottleneck,downtime_dominant,0.3333333333333333,0.3333333333333333,0.3333333333333333,group_anchor_3,274,274,0,0.0,274,0,0.0,0,0.0,1.7340826261427438,1.7965826261427438,-0.0625,1.7340826261427438,1.7965826261427433,4.440892098500626e-16,quality,-1540.799999999999,-1190.9016109706101,-6.482222222222226,1.0,1.0,-0.4068347477145131,0.0,0.0,-0.0625,75,162.0,True,False,completed,1.0,1.0,1540.799999999999,1540.799999999999,1190.9016109706101,6.482222222222224,0.46710902788829856,0.4068347477145131,0.7017189961000001,0.5070322926833335,0.75,0,0.0,0,0,20,0.08163265306122448,1,91,2,1,1266,126.60000000000001,0,0,0,0.0,0,0.0,0,0,50,0.0,0,{},0.0,20,0.95,55,20,126,40,33,140,102,38,5,135,0,102,5,33,5,5,0,135,20,22,4,33,1,135,0,0,102,5,33,85,6,1.6470588235294117,0,10,2930,16.17522939999617,12.532535300022573,1.0463411000018823,0.3031410000476171,24.132745799994154,parallel_episode_batch,pending,-0.0004262976935538261,0.000921979415579699,0.5095475432665452,-0.005060783660788413,1.315185762220865e-05,0.0,1.0001603520434836,0.09866528927712985,0.0,0.2348938137292862,1.6534793376922607,0.23376193642616272,0.008711596950888634,0.03430674225091934,1.6447677612304688,0.23474039137363434,0.9784616827964783,0.0001,-0.2985990345478058,-0.3022478520870209,-0.2020675092935562,-0.20169229805469513,-0.2017849236726761,0.3010861873626709,-0.3022685647010803,-0.30142468214035034,-0.19945000112056732,-0.20128099620342255,-0.2023048847913742,0.017986226826906204,0.12082821130752563,0.01798621006309986,0.12012942880392075,0.0,1.5032482147216797,1.0042892694473267
239,239,47,4,47,24,train_worker_bottleneck_1000047,1000047,worker_bottleneck,downtime_dominant,0.5,0.3,0.2,group_anchor_4,309,309,0,0.0,309,0,0.0,0,0.0,1.6942407780141235,1.7567407780141235,-0.0625,1.6942407780141235,1.7567407780141238,-2.220446049250313e-16,quality,-1521.0000000000002,-1574.1633612450419,-6.67916666666667,1.0,1.0,-0.4865184439717524,0.0,0.0,-0.0625,75,153.4,True,False,completed,1.0,1.0,1521.0000000000002,1521.0000000000002,1574.1633612450419,6.67916666666667,0.4865184439717524,0.4865184439717524,0.7456518316,0.68599895935,0.75,14,0.11764705882352941,0,0,6,0.03508771929824561,1,105,2,0,1027,102.7,0,0,0,0.0,0,0.0,0,0,41,0.0,0,{},0.0,26,0.9615384615384616,49,26,135,52,47,185,122,63,16,169,0,122,16,47,16,16,0,169,35,30,4,45,13,169,0,0,122,16,47,96,10,1.9270833333333333,0,10,2930,16.17522939999617,12.532535300022573,1.029494499998691,0.2360802999828593,24.132745799994154,parallel_episode_batch,pending,-0.0004262976935538261,0.000921979415579699,0.5095475432665452,-0.005060783660788413,1.315185762220865e-05,0.0,1.0001603520434836,0.09866528927712985,0.0,0.2348938137292862,1.6534793376922607,0.23376193642616272,0.008711596950888634,0.03430674225091934,1.6447677612304688,0.23474039137363434,0.9784616827964783,0.0001,-0.2985990345478058,-0.3022478520870209,-0.2020675092935562,-0.20169229805469513,-0.2017849236726761,0.3010861873626709,-0.3022685647010803,-0.30142468214035034,-0.19945000112056732,-0.20128099620342255,-0.2023048847913742,0.017986226826906204,0.12082821130752563,0.01798621006309986,0.12012942880392075,0.0,1.5032482147216797,1.0042892694473267
240,240,48,0,48,25,train_balanced_1000048,1000048,balanced,fixed_cost_dominant,1.0,0.0,0.0,group_anchor_0,175,175,0,0.0,175,0,0.0,0,0.0,1.7636401315431862,1.8261401315431862,-0.0625,1.7636401315431862,1.8261401315431864,-2.220446049250313e-16,quality,-639.7,-332.7166268647202,-11.382500000000002,0.9999999999999998,1.0,-0.34771973691362723,0.0,0.0,-0.0625,55,198.4,True,False,completed,1.0,1.0,639.7,639.7,332.7166268647202,11.382500000000002,0.2858428687466709,0.34771973691362723,0.20250000000000004,0.13460000000000003,0.75,0,0.0,0,0,0,0.0,2,47,0,0,1762,176.20000000000002,0,0,0,0.0,0,0.0,0,0,20,0.0,0,{},0.0,9,0.8888888888888888,46,9,84,18,18,99,81,18,0,99,0,81,0,18,0,0,0,99,9,9,0,18,0,99,0,0,81,0,18,71,4,1.3943661971830985,0,10,2521,13.100748299999395,10.57029840004543,0.11396250000689179,0.1138784999930067,19.559021600005508,parallel_episode_batch,pending,9.223981760442256e-06,0.0008364713787159417,0.4689426012337208,-0.004261965694604441,1.90047244075231e-06,0.0,1.0000329568982125,0.0780394926900044,0.0,0.18454749882221222,1.4930543899536133,0.3275526463985443,0.004660588689148426,0.037565164268016815,1.4883936643600464,0.32537171244621277,0.9868475198745728,0.0001,-0.2985415458679199,-0.3029610216617584,-0.20230312645435333,-0.2021726667881012,-0.20195452868938446,0.30132874846458435,-0.30247658491134644,-0.30178144574165344,-0.19977176189422607,-0.2013648897409439,-0.2022409439086914,0.017986226826906204,0.1208348423242569,0.01798621006309986,0.12014119327068329,0.0,1.5029467344284058,1.0042901039123535
241,241,48,1,48,25,train_balanced_1000048,1000048,balanced,fixed_cost_dominant,0.0,1.0,0.0,group_anchor_1,185,185,0,0.0,185,0,0.0,0,0.0,1.789744850093876,1.852244850093876,-0.0625,1.789744850093876,1.8522448500938762,-2.220446049250313e-16,quality,-738.9999999999999,-419.4671685526298,-4.091388888888891,0.9999999999999998,1.0,-0.2955102998122476,0.0,0.0,-0.0625,55,201.5,True,False,completed,1.0,1.0,738.9999999999999,738.9999999999999,419.4671685526298,4.091388888888891,0.29434292565672304,0.2955102998122476,0.258,0.15958333333333333,0.75,0,0.0,0,0,0,0.0,1,59,0,2,1775,177.5,0,0,0,0.0,0,0.0,0,0,23,0.0,0,{},0.0,11,0.9090909090909091,44,11,91,22,17,84,65,19,2,82,0,65,2,17,2,2,0,82,8,13,3,16,0,82,0,0,65,2,17,53,6,1.5849056603773586,0,10,2521,13.100748299999395,10.57029840004543,0.10996809999778634,0.17131670001981547,19.559021600005508,parallel_episode_batch,pending,9.223981760442256e-06,0.0008364713787159417,0.4689426012337208,-0.004261965694604441,1.90047244075231e-06,0.0,1.0000329568982125,0.0780394926900044,0.0,0.18454749882221222,1.4930543899536133,0.3275526463985443,0.004660588689148426,0.037565164268016815,1.4883936643600464,0.32537171244621277,0.9868475198745728,0.0001,-0.2985415458679199,-0.3029610216617584,-0.20230312645435333,-0.2021726667881012,-0.20195452868938446,0.30132874846458435,-0.30247658491134644,-0.30178144574165344,-0.19977176189422607,-0.2013648897409439,-0.2022409439086914,0.017986226826906204,0.1208348423242569,0.01798621006309986,0.12014119327068329,0.0,1.5029467344284058,1.0042901039123535
242,242,48,2,48,25,train_balanced_1000048,1000048,balanced,fixed_cost_dominant,0.0,0.0,1.0,group_anchor_2,181,181,0,0.0,181,0,0.0,0,0.0,1.8674041313787024,1.9299041313787024,-0.0625,1.8674041313787024,1.9299041313787024,0.0,quality,-808.0999999999999,-357.1789448006199,-8.152500000000003,0.9999999999999998,1.0,-0.14019173724259495,0.0,0.0,-0.0625,55,206.8,True,False,completed,1.0,1.0,808.0999999999999,808.0999999999999,357.1789448006199,8.152500000000003,0.3082016928016106,0.14019173724259495,0.14700000000000002,0.12641666666666668,0.75,0,0.0,0,0,0,0.0,2,52,0,4,1789,178.9,0,0,0,0.0,0,0.0,0,0,17,0.0,0,{},0.0,9,1.0,46,9,90,18,18,68,50,18,0,68,0,50,0,18,0,0,0,68,9,9,0,18,0,68,0,0,50,0,18,49,3,1.3877551020408163,0,10,2521,13.100748299999395,10.57029840004543,0.08849929999996675,0.21745010004087817,19.559021600005508,parallel_episode_batch,pending,9.223981760442256e-06,0.0008364713787159417,0.4689426012337208,-0.004261965694604441,1.90047244075231e-06,0.0,1.0000329568982125,0.0780394926900044,0.0,0.18454749882221222,1.4930543899536133,0.3275526463985443,0.004660588689148426,0.037565164268016815,1.4883936643600464,0.32537171244621277,0.9868475198745728,0.0001,-0.2985415458679199,-0.3029610216617584,-0.20230312645435333,-0.2021726667881012,-0.20195452868938446,0.30132874846458435,-0.30247658491134644,-0.30178144574165344,-0.19977176189422607,-0.2013648897409439,-0.2022409439086914,0.017986226826906204,0.1208348423242569,0.01798621006309986,0.12014119327068329,0.0,1.5029467344284058,1.0042901039123535
243,243,48,3,48,25,train_balanced_1000048,1000048,balanced,fixed_cost_dominant,0.3333333333333333,0.3333333333333333,0.3333333333333333,group_anchor_3,197,197,0,0.0,197,0,0.0,0,0.0,1.8093128902343725,1.8718128902343725,-0.0625,1.8093128902343725,1.8718128902343727,-2.220446049250313e-16,quality,-698.7000000000002,-511.39747182491,-3.3488888888888924,0.9999999999999998,1.0,-0.25637421953125444,0.0,0.0,-0.0625,55,207.20000000000002,True,False,completed,1.0,1.0,698.7000000000002,698.7000000000002,511.39747182491,3.3488888888888924,0.2980571865601096,0.25637421953125444,0.29020000000000007,0.20266666666666666,0.75,0,0.0,0,0,0,0.0,1,71,0,0,1754,175.4,0,0,0,0.0,0,0.0,0,0,22,0.0,0,{},0.0,13,0.9230769230769231,42,13,92,26,24,104,79,25,1,103,0,79,1,24,1,1,0,103,14,12,2,23,0,103,0,0,79,1,24,72,5,1.4444444444444444,0,10,2521,13.100748299999395,10.57029840004543,0.0853932000027271,0.13372209991212003,19.559021600005508,parallel_episode_batch,pending,9.223981760442256e-06,0.0008364713787159417,0.4689426012337208,-0.004261965694604441,1.90047244075231e-06,0.0,1.0000329568982125,0.0780394926900044,0.0,0.18454749882221222,1.4930543899536133,0.3275526463985443,0.004660588689148426,0.037565164268016815,1.4883936643600464,0.32537171244621277,0.9868475198745728,0.0001,-0.2985415458679199,-0.3029610216617584,-0.20230312645435333,-0.2021726667881012,-0.20195452868938446,0.30132874846458435,-0.30247658491134644,-0.30178144574165344,-0.19977176189422607,-0.2013648897409439,-0.2022409439086914,0.017986226826906204,0.1208348423242569,0.01798621006309986,0.12014119327068329,0.0,1.5029467344284058,1.0042901039123535
244,244,48,4,48,25,train_balanced_1000048,1000048,balanced,fixed_cost_dominant,0.5,0.3,0.2,group_anchor_4,189,189,0,0.0,189,0,0.0,0,0.0,1.7961865570947262,1.8586865570947262,-0.0625,1.7961865570947262,1.858686557094726,2.220446049250313e-16,quality,-728.4999999999999,-429.43888271504994,-0.9222222222222243,0.9999999999999998,1.0,-0.282626885810548,0.0,0.0,-0.0625,55,193.9,True,False,completed,1.0,1.0,728.4999999999999,728.4999999999999,429.43888271504994,0.9222222222222228,0.282626885810548,0.282626885810548,0.20240000000000002,0.16123333333333337,0.75,0,0.0,0,0,0,0.0,2,62,0,0,1597,159.70000000000002,0,0,0,0.0,0,0.0,0,0,18,0.0,0,{},0.0,11,1.0,44,11,90,22,22,89,67,22,0,89,0,67,0,22,0,0,0,89,11,9,0,20,0,89,0,0,67,0,22,62,5,1.435483870967742,0,10,2521,13.100748299999395,10.57029840004543,0.09760999999707565,0.20928229996934533,19.559021600005508,parallel_episode_batch,pending,9.223981760442256e-06,0.0008364713787159417,0.4689426012337208,-0.004261965694604441,1.90047244075231e-06,0.0,1.0000329568982125,0.0780394926900044,0.0,0.18454749882221222,1.4930543899536133,0.3275526463985443,0.004660588689148426,0.037565164268016815,1.4883936643600464,0.32537171244621277,0.9868475198745728,0.0001,-0.2985415458679199,-0.3029610216617584,-0.20230312645435333,-0.2021726667881012,-0.20195452868938446,0.30132874846458435,-0.30247658491134644,-0.30178144574165344,-0.19977176189422607,-0.2013648897409439,-0.2022409439086914,0.017986226826906204,0.1208348423242569,0.01798621006309986,0.12014119327068329,0.0,1.5029467344284058,1.0042901039123535
245,245,49,0,49,25,train_balanced_1000049,1000049,balanced,balanced_cost,1.0,0.0,0.0,group_anchor_0,313,313,0,0.0,313,0,0.0,0,0.0,1.711197655323419,1.773697655323419,-0.0625,1.711197655323419,1.7736976553234194,-4.440892098500626e-16,quality,-992.1999999999997,-1107.1322547375808,-3.94138888888889,1.0000000000000002,1.0,-0.4526046893531611,0.0,0.0,-0.0625,77,220.10000000000002,True,False,completed,1.0,1.0,992.1999999999997,992.1999999999997,1107.1322547375808,3.94138888888889,0.39854234503912067,0.4526046893531611,0.3753384947,0.3157613485,0.75,0,0.0,0,0,0,0.0,1,127,0,0,1577,157.70000000000002,0,0,0,0.0,0,0.0,0,0,50,0.0,0,{},0.0,24,0.9166666666666666,53,24,140,48,48,185,136,49,1,184,0,136,1,48,1,1,0,184,24,25,0,48,0,184,0,0,136,1,48,121,9,1.5289256198347108,0,10,2521,13.100748299999395,10.57029840004543,0.1482051999992109,0.22822400002041832,19.559021600005508,parallel_episode_batch,pending,9.223981760442256e-06,0.0008364713787159417,0.4689426012337208,-0.004261965694604441,1.90047244075231e-06,0.0,1.0000329568982125,0.0780394926900044,0.0,0.18454749882221222,1.4930543899536133,0.3275526463985443,0.004660588689148426,0.037565164268016815,1.4883936643600464,0.32537171244621277,0.9868475198745728,0.0001,-0.2985415458679199,-0.3029610216617584,-0.20230312645435333,-0.2021726667881012,-0.20195452868938446,0.30132874846458435,-0.30247658491134644,-0.30178144574165344,-0.19977176189422607,-0.2013648897409439,-0.2022409439086914,0.017986226826906204,0.1208348423242569,0.01798621006309986,0.12014119327068329,0.0,1.5029467344284058,1.0042901039123535
246,246,49,1,49,25,train_balanced_1000049,1000049,balanced,balanced_cost,0.0,1.0,0.0,group_anchor_1,317,317,0,0.0,317,0,0.0,0,0.0,1.669680479333695,1.732180479333695,-0.0625,1.669680479333695,1.732180479333695,0.0,quality,-1123.8999999999999,-1153.4971477140805,-19.684722222222216,1.0000000000000002,1.0,-0.5356390413326101,0.0,0.0,-0.0625,77,227.5,True,False,completed,1.0,1.0,1123.8999999999999,1123.8999999999999,1153.4971477140805,19.684722222222216,0.4590015654718869,0.5356390413326101,0.4510384947,0.32901134849999997,0.75,0,0.0,0,0,0,0.0,1,133,0,6,1627,162.70000000000002,0,0,0,0.0,0,0.0,0,0,49,0.0,0,{},0.0,25,0.92,52,25,145,50,45,146,100,46,1,145,0,100,1,45,1,1,0,145,22,25,2,44,0,145,0,0,100,1,45,94,4,1.553191489361702,0,10,2521,13.100748299999395,10.57029840004543,0.12915629999770317,0.3283836999544292,19.559021600005508,parallel_episode_batch,pending,9.223981760442256e-06,0.0008364713787159417,0.4689426012337208,-0.004261965694604441,1.90047244075231e-06,0.0,1.0000329568982125,0.0780394926900044,0.0,0.18454749882221222,1.4930543899536133,0.3275526463985443,0.004660588689148426,0.037565164268016815,1.4883936643600464,0.32537171244621277,0.9868475198745728,0.0001,-0.2985415458679199,-0.3029610216617584,-0.20230312645435333,-0.2021726667881012,-0.20195452868938446,0.30132874846458435,-0.30247658491134644,-0.30178144574165344,-0.19977176189422607,-0.2013648897409439,-0.2022409439086914,0.017986226826906204,0.1208348423242569,0.01798621006309986,0.12014119327068329,0.0,1.5029467344284058,1.0042901039123535
247,247,49,2,49,25,train_balanced_1000049,1000049,balanced,balanced_cost,0.0,0.0,1.0,group_anchor_2,325,325,0,0.0,325,0,0.0,0,0.0,1.788229517396184,1.850729517396184,-0.0625,1.788229517396184,1.8507295173961842,-2.220446049250313e-16,quality,-1318.4000000000003,-1227.2550867526102,-21.27999999999999,1.0000000000000002,1.0,-0.2985409652076318,0.0,0.0,-0.0625,77,236.8,True,False,completed,1.0,1.0,1318.4000000000003,1318.4000000000003,1227.2550867526102,21.27999999999999,0.4867667429571762,0.2985409652076318,0.41593849470000005,0.3268191300666667,0.75,0,0.0,0,0,5,0.014164305949008499,1,143,1,5,1741,174.10000000000002,0,0,0,0.0,0,0.0,0,0,48,0.0,0,{},0.0,27,0.9629629629629629,50,27,148,54,46,136,86,50,4,132,0,86,4,46,4,4,0,132,22,24,3,39,1,132,0,0,86,4,46,90,6,1.511111111111111,0,10,2521,13.100748299999395,10.57029840004543,0.14416679999703774,0.4470803000513115,19.559021600005508,parallel_episode_batch,pending,9.223981760442256e-06,0.0008364713787159417,0.4689426012337208,-0.004261965694604441,1.90047244075231e-06,0.0,1.0000329568982125,0.0780394926900044,0.0,0.18454749882221222,1.4930543899536133,0.3275526463985443,0.004660588689148426,0.037565164268016815,1.4883936643600464,0.32537171244621277,0.9868475198745728,0.0001,-0.2985415458679199,-0.3029610216617584,-0.20230312645435333,-0.2021726667881012,-0.20195452868938446,0.30132874846458435,-0.30247658491134644,-0.30178144574165344,-0.19977176189422607,-0.2013648897409439,-0.2022409439086914,0.017986226826906204,0.1208348423242569,0.01798621006309986,0.12014119327068329,0.0,1.5029467344284058,1.0042901039123535
248,248,49,3,49,25,train_balanced_1000049,1000049,balanced,balanced_cost,0.3333333333333333,0.3333333333333333,0.3333333333333333,group_anchor_3,312,312,0,0.0,312,0,0.0,0,0.0,1.7680695409821232,1.8305695409821232,-0.0625,1.7680695409821232,1.8305695409821232,0.0,quality,-1022.9,-1087.8933332865004,-1.833333333333342,1.0000000000000002,1.0,-0.33886091803575347,0.0,0.0,-0.0625,77,224.20000000000002,True,False,completed,1.0,1.0,1022.9,1022.9,1087.8933332865004,1.833333333333342,0.3934707786965801,0.33886091803575347,0.3172354910000001,0.24542751455000003,0.75,0,0.0,0,0,0,0.0,2,133,0,2,1551,155.10000000000002,0,0,0,0.0,0,0.0,0,0,49,0.0,0,{},0.0,24,0.9583333333333334,53,24,142,48,45,158,113,45,0,158,0,113,0,45,0,0,0,158,21,22,1,42,0,158,0,0,113,0,45,108,4,1.462962962962963,0,10,2521,13.100748299999395,10.57029840004543,0.14566309999645455,0.27352359999349574,19.559021600005508,parallel_episode_batch,pending,9.223981760442256e-06,0.0008364713787159417,0.4689426012337208,-0.004261965694604441,1.90047244075231e-06,0.0,1.0000329568982125,0.0780394926900044,0.0,0.18454749882221222,1.4930543899536133,0.3275526463985443,0.004660588689148426,0.037565164268016815,1.4883936643600464,0.32537171244621277,0.9868475198745728,0.0001,-0.2985415458679199,-0.3029610216617584,-0.20230312645435333,-0.2021726667881012,-0.20195452868938446,0.30132874846458435,-0.30247658491134644,-0.30178144574165344,-0.19977176189422607,-0.2013648897409439,-0.2022409439086914,0.017986226826906204,0.1208348423242569,0.01798621006309986,0.12014119327068329,0.0,1.5029467344284058,1.0042901039123535
249,249,49,4,49,25,train_balanced_1000049,1000049,balanced,balanced_cost,0.5,0.3,0.2,group_anchor_4,327,327,0,0.0,327,0,0.0,0,0.0,1.7230587657810068,1.7855587657810068,-0.0625,1.7230587657810068,1.7855587657810066,2.220446049250313e-16,quality,-1083.1000000000006,-1226.4108308246296,-7.61333333333333,1.0000000000000002,1.0,-0.42888246843798705,0.0,0.0,-0.0625,77,233.4,True,False,completed,1.0,1.0,1083.1000000000006,1083.1000000000006,1226.4108308246296,7.61333333333333,0.42888246843798705,0.42888246843798705,0.4630295963000002,0.3707941812166668,0.75,0,0.0,0,0,2,0.014084507042253521,1,141,0,4,1755,175.5,0,0,0,0.0,0,0.0,0,0,47,0.0,0,{},0.0,27,0.9629629629629629,50,27,147,54,49,173,120,53,4,169,0,120,4,49,4,4,0,169,26,28,2,48,0,169,0,0,120,4,49,105,5,1.6476190476190475,0,10,2521,13.100748299999395,10.57029840004543,0.1483144000012544,0.24932950006768806,19.559021600005508,parallel_episode_batch,pending,9.223981760442256e-06,0.0008364713787159417,0.4689426012337208,-0.004261965694604441,1.90047244075231e-06,0.0,1.0000329568982125,0.0780394926900044,0.0,0.18454749882221222,1.4930543899536133,0.3275526463985443,0.004660588689148426,0.037565164268016815,1.4883936643600464,0.32537171244621277,0.9868475198745728,0.0001,-0.2985415458679199,-0.3029610216617584,-0.20230312645435333,-0.2021726667881012,-0.20195452868938446,0.30132874846458435,-0.30247658491134644,-0.30178144574165344,-0.19977176189422607,-0.2013648897409439,-0.2022409439086914,0.017986226826906204,0.1208348423242569,0.01798621006309986,0.12014119327068329,0.0,1.5029467344284058,1.0042901039123535
250,250,50,0,50,26,train_balanced_1000050,1000050,balanced,labor_dominant,1.0,0.0,0.0,group_anchor_0,247,247,0,0.0,247,0,0.0,0,0.0,1.7288469942701754,1.7913469942701754,-0.0625,1.7288469942701754,1.7913469942701759,-4.440892098500626e-16,quality,-859.4000000000001,-491.49951741398996,-9.270000000000001,1.0000000000000002,1.0,-0.41730601145964846,0.0,0.0,-0.0625,74,210.70000000000002,True,False,completed,1.0,1.0,859.4000000000001,859.4000000000001,491.49951741398996,9.270000000000001,0.33879372888877035,0.41730601145964846,0.19480000000000003,0.16130453253333335,0.75,0,0.0,0,0,0,0.0,2,82,0,1,1697,169.70000000000002,0,0,0,0.0,0,0.0,0,0,30,0.0,0,{},0.0,14,1.0,60,14,117,28,28,143,115,28,0,143,0,115,0,28,0,0,0,143,14,14,0,28,0,143,0,0,115,0,28,100,6,1.43,0,10,2717,13.988290800007235,11.482715899961477,0.11897139999928186,0.15077119995839894,21.852610000001732,parallel_episode_batch,not_promoted,-0.000499103927638295,0.0007619350897500205,0.5155855077643727,-0.005273991697576157,8.1480105764904e-06,0.0,0.9999829710916032,0.11923338639614887,0.0,0.2876216173171997,1.4758400917053223,0.3112090528011322,0.008858931250870228,0.03385361656546593,1.466981291770935,0.31418555974960327,0.9881666898727417,0.0001,-0.2986741364002228,-0.3027813136577606,-0.202410027384758,-0.20205342769622803,-0.2017839103937149,0.3014354407787323,-0.3023800253868103,-0.3023811876773834,-0.20011955499649048,-0.201276034116745,-0.20238938927650452,0.017986226826906204,0.1209416538476944,0.01798621006309986,0.12020275741815567,0.0,1.5020318031311035,1.0038539171218872
251,251,50,1,50,26,train_balanced_1000050,1000050,balanced,labor_dominant,0.0,1.0,0.0,group_anchor_1,230,230,0,0.0,230,0,0.0,0,0.0,1.7934971077332804,1.8559971077332804,-0.0625,1.7934971077332804,1.8559971077332804,0.0,quality,-1008.9000000000003,-404.50579271169,-11.25666666666667,1.0000000000000002,1.0,-0.28800578453343906,0.0,0.0,-0.0625,74,223.5,True,False,completed,1.0,1.0,1008.9000000000003,1008.9000000000003,404.50579271169,11.25666666666667,0.3515257853451285,0.28800578453343906,0.14700000000000002,0.13130337828333336,0.75,0,0.0,0,0,0,0.0,1,65,0,1,1837,183.70000000000002,0,0,0,0.0,0,0.0,0,0,35,0.0,0,{},0.0,11,1.0,63,11,114,22,20,91,70,21,1,90,0,70,1,20,1,1,0,90,10,10,1,18,0,89,0,0,70,1,20,60,4,1.5166666666666666,0,10,2717,13.988290800007235,11.482715899961477,0.1195025999986683,0.20896109993191203,21.852610000001732,parallel_episode_batch,not_promoted,-0.000499103927638295,0.0007619350897500205,0.5155855077643727,-0.005273991697576157,8.1480105764904e-06,0.0,0.9999829710916032,0.11923338639614887,0.0,0.2876216173171997,1.4758400917053223,0.3112090528011322,0.008858931250870228,0.03385361656546593,1.466981291770935,0.31418555974960327,0.9881666898727417,0.0001,-0.2986741364002228,-0.3027813136577606,-0.202410027384758,-0.20205342769622803,-0.2017839103937149,0.3014354407787323,-0.3023800253868103,-0.3023811876773834,-0.20011955499649048,-0.201276034116745,-0.20238938927650452,0.017986226826906204,0.1209416538476944,0.01798621006309986,0.12020275741815567,0.0,1.5020318031311035,1.0038539171218872
252,252,50,2,50,26,train_balanced_1000050,1000050,balanced,labor_dominant,0.0,0.0,1.0,group_anchor_2,269,269,0,0.0,269,0,0.0,0,0.0,1.8763338721238092,1.9388338721238092,-0.0625,1.8763338721238092,1.9388338721238096,-4.440892098500626e-16,quality,-1032.9,-695.1907511457899,-6.96916666666667,1.0000000000000002,1.0,-0.12233225575238073,0.0,0.0,-0.0625,74,220.60000000000002,True,False,completed,1.0,1.0,1032.9,1032.9,695.1907511457899,6.96916666666667,0.37878636266026283,0.12233225575238073,0.34110000000000007,0.2664833333333334,0.75,0,0.0,0,0,0,0.0,2,102,0,3,1693,169.3,0,0,0,0.0,0,0.0,0,0,27,0.0,0,{},0.0,18,1.0,56,18,127,36,32,117,85,32,0,117,0,85,0,32,0,0,0,117,13,14,1,26,0,117,0,0,85,0,32,80,6,1.4625,0,10,2717,13.988290800007235,11.482715899961477,0.10386879999714438,0.25426040008460404,21.852610000001732,parallel_episode_batch,not_promoted,-0.000499103927638295,0.0007619350897500205,0.5155855077643727,-0.005273991697576157,8.1480105764904e-06,0.0,0.9999829710916032,0.11923338639614887,0.0,0.2876216173171997,1.4758400917053223,0.3112090528011322,0.008858931250870228,0.03385361656546593,1.466981291770935,0.31418555974960327,0.9881666898727417,0.0001,-0.2986741364002228,-0.3027813136577606,-0.202410027384758,-0.20205342769622803,-0.2017839103937149,0.3014354407787323,-0.3023800253868103,-0.3023811876773834,-0.20011955499649048,-0.201276034116745,-0.20238938927650452,0.017986226826906204,0.1209416538476944,0.01798621006309986,0.12020275741815567,0.0,1.5020318031311035,1.0038539171218872
253,253,50,3,50,26,train_balanced_1000050,1000050,balanced,labor_dominant,0.3333333333333333,0.3333333333333333,0.3333333333333333,group_anchor_3,221,221,0,0.0,221,0,0.0,0,0.0,1.8035730840664321,1.8660730840664321,-0.0625,1.8035730840664321,1.8660730840664317,4.440892098500626e-16,quality,-937.4999999999997,-378.93931142894985,-4.9547222222222205,1.0000000000000002,1.0,-0.26785383186713674,0.0,0.0,-0.0625,74,233.10000000000002,True,False,completed,1.0,1.0,937.4999999999997,937.4999999999997,378.93931142894985,4.9547222222222205,0.3197717387981338,0.26785383186713674,0.20790000000000003,0.14518841633333335,0.75,0,0.0,0,0,1,0.007352941176470588,2,54,0,0,2030,203.0,0,0,0,0.0,0,0.0,0,0,35,0.0,0,{},0.0,10,1.0,64,10,107,20,20,96,76,20,0,96,0,76,0,20,0,0,0,96,9,10,0,19,0,96,0,0,76,0,20,73,4,1.3150684931506849,0,10,2717,13.988290800007235,11.482715899961477,0.13881209999817656,0.20012710001901723,21.852610000001732,parallel_episode_batch,not_promoted,-0.000499103927638295,0.0007619350897500205,0.5155855077643727,-0.005273991697576157,8.1480105764904e-06,0.0,0.9999829710916032,0.11923338639614887,0.0,0.2876216173171997,1.4758400917053223,0.3112090528011322,0.008858931250870228,0.03385361656546593,1.466981291770935,0.31418555974960327,0.9881666898727417,0.0001,-0.2986741364002228,-0.3027813136577606,-0.202410027384758,-0.20205342769622803,-0.2017839103937149,0.3014354407787323,-0.3023800253868103,-0.3023811876773834,-0.20011955499649048,-0.201276034116745,-0.20238938927650452,0.017986226826906204,0.1209416538476944,0.01798621006309986,0.12020275741815567,0.0,1.5020318031311035,1.0038539171218872
254,254,50,4,50,26,train_balanced_1000050,1000050,balanced,labor_dominant,0.5,0.3,0.2,group_anchor_4,249,249,0,0.0,249,0,0.0,0,0.0,1.7637935528906792,1.8262935528906792,-0.0625,1.7637935528906792,1.8262935528906794,-2.220446049250313e-16,quality,-913.2,-528.8914347586898,-7.99222222222222,1.0000000000000002,1.0,-0.3474128942186412,0.0,0.0,-0.0625,74,222.60000000000002,True,False,completed,1.0,1.0,913.2,913.2,528.8914347586898,7.99222222222222,0.3474128942186412,0.3474128942186412,0.19800000000000004,0.15710802753333333,0.75,0,0.0,0,0,0,0.0,2,86,0,0,1760,176.0,0,0,0,0.0,0,0.0,0,0,31,0.0,0,{},0.0,15,1.0,59,15,116,30,29,120,91,29,0,120,0,91,0,29,0,0,0,120,13,15,0,28,0,119,0,0,91,0,29,81,5,1.4814814814814814,0,10,2717,13.988290800007235,11.482715899961477,0.12780849999398924,0.2551080999619444,21.852610000001732,parallel_episode_batch,not_promoted,-0.000499103927638295,0.0007619350897500205,0.5155855077643727,-0.005273991697576157,8.1480105764904e-06,0.0,0.9999829710916032,0.11923338639614887,0.0,0.2876216173171997,1.4758400917053223,0.3112090528011322,0.008858931250870228,0.03385361656546593,1.466981291770935,0.31418555974960327,0.9881666898727417,0.0001,-0.2986741364002228,-0.3027813136577606,-0.202410027384758,-0.20205342769622803,-0.2017839103937149,0.3014354407787323,-0.3023800253868103,-0.3023811876773834,-0.20011955499649048,-0.201276034116745,-0.20238938927650452,0.017986226826906204,0.1209416538476944,0.01798621006309986,0.12020275741815567,0.0,1.5020318031311035,1.0038539171218872
255,255,51,0,51,26,train_high_arrival_pressure_1000051,1000051,high_arrival_pressure,downtime_dominant,1.0,0.0,0.0,group_anchor_0,298,298,0,0.0,298,0,0.0,0,0.0,1.6652472006073258,1.7277472006073258,-0.0625,1.6652472006073258,1.7277472006073258,0.0,quality,-1434.4999999999998,-1130.5376172887795,-2.7958333333333267,1.0,1.0,-0.5445055987853482,0.0,0.0,-0.0625,76,148.5,True,False,completed,1.0,1.0,1434.4999999999998,1434.4999999999998,1130.5376172887795,2.7958333333333285,0.442034383211488,0.5445055987853482,0.39046402989999995,0.2984783672333333,0.75,0,0.0,0,0,0,0.0,1,107,0,0,1060,106.0,0,0,0,0.0,0,0.0,0,0,47,0.0,0,{},0.0,22,0.9090909090909091,54,22,135,44,43,177,129,48,5,172,0,129,5,43,5,5,0,172,24,24,0,43,0,172,0,0,129,5,43,107,10,1.6542056074766356,0,10,2717,13.988290800007235,11.482715899961477,0.1488009999957285,0.2388154999280232,21.852610000001732,parallel_episode_batch,not_promoted,-0.000499103927638295,0.0007619350897500205,0.5155855077643727,-0.005273991697576157,8.1480105764904e-06,0.0,0.9999829710916032,0.11923338639614887,0.0,0.2876216173171997,1.4758400917053223,0.3112090528011322,0.008858931250870228,0.03385361656546593,1.466981291770935,0.31418555974960327,0.9881666898727417,0.0001,-0.2986741364002228,-0.3027813136577606,-0.202410027384758,-0.20205342769622803,-0.2017839103937149,0.3014354407787323,-0.3023800253868103,-0.3023811876773834,-0.20011955499649048,-0.201276034116745,-0.20238938927650452,0.017986226826906204,0.1209416538476944,0.01798621006309986,0.12020275741815567,0.0,1.5020318031311035,1.0038539171218872
256,256,51,1,51,26,train_high_arrival_pressure_1000051,1000051,high_arrival_pressure,downtime_dominant,0.0,1.0,0.0,group_anchor_1,285,285,0,0.0,285,0,0.0,0,0.0,1.6868498102539018,1.7493498102539018,-0.0625,1.6868498102539018,1.7493498102539018,0.0,quality,-1585.9000000000003,-1005.2150811379101,-29.022222222222233,1.0,1.0,-0.5013003794921966,0.0,0.0,-0.0625,76,158.60000000000002,True,False,completed,1.0,1.0,1585.9000000000003,1585.9000000000003,1005.2150811379101,29.022222222222236,0.5084731748154095,0.5013003794921966,0.38297007110000003,0.27691620921666676,0.75,0,0.0,0,0,0,0.0,1,101,0,4,1208,120.80000000000001,0,0,0,0.0,0,0.0,0,0,44,0.0,0,{},0.0,20,0.95,56,20,134,40,35,116,77,39,4,112,0,77,4,35,4,4,0,112,15,16,1,26,0,112,0,0,77,4,35,75,7,1.5466666666666666,0,10,2717,13.988290800007235,11.482715899961477,0.1434296000006725,0.4190285999138723,21.852610000001732,parallel_episode_batch,not_promoted,-0.000499103927638295,0.0007619350897500205,0.5155855077643727,-0.005273991697576157,8.1480105764904e-06,0.0,0.9999829710916032,0.11923338639614887,0.0,0.2876216173171997,1.4758400917053223,0.3112090528011322,0.008858931250870228,0.03385361656546593,1.466981291770935,0.31418555974960327,0.9881666898727417,0.0001,-0.2986741364002228,-0.3027813136577606,-0.202410027384758,-0.20205342769622803,-0.2017839103937149,0.3014354407787323,-0.3023800253868103,-0.3023811876773834,-0.20011955499649048,-0.201276034116745,-0.20238938927650452,0.017986226826906204,0.1209416538476944,0.01798621006309986,0.12020275741815567,0.0,1.5020318031311035,1.0038539171218872
257,257,51,2,51,26,train_high_arrival_pressure_1000051,1000051,high_arrival_pressure,downtime_dominant,0.0,0.0,1.0,group_anchor_2,304,304,0,0.0,304,0,0.0,0,0.0,1.9239444156181085,1.9864444156181085,-0.06250000000000003,1.9239444156181085,1.9864444156181087,-2.220446049250313e-16,quality,-1650.2000000000005,-1159.10281148579,-1.3933333333333313,1.0,1.0,-0.02711116876378255,0.0,0.0,-0.06250000000000003,76,175.20000000000002,True,False,completed,1.0,1.0,1650.2000000000005,1650.2000000000005,1159.10281148579,1.393333333333331,0.4559640882513829,0.02711116876378255,0.34472718420000004,0.2929027882,0.75,0,0.0,0,0,2,0.00411522633744856,1,118,2,2,1454,145.4,0,0,0,0.0,0,0.0,0,0,46,0.0,0,{},0.0,23,0.8695652173913043,53,23,141,46,41,129,86,43,2,127,0,86,2,41,2,2,0,127,19,22,3,36,0,127,0,0,86,2,41,82,5,1.5731707317073171,0,10,2717,13.988290800007235,11.482715899961477,0.17714410000189673,0.4521762999575003,21.852610000001732,parallel_episode_batch,not_promoted,-0.000499103927638295,0.0007619350897500205,0.5155855077643727,-0.005273991697576157,8.1480105764904e-06,0.0,0.9999829710916032,0.11923338639614887,0.0,0.2876216173171997,1.4758400917053223,0.3112090528011322,0.008858931250870228,0.03385361656546593,1.466981291770935,0.31418555974960327,0.9881666898727417,0.0001,-0.2986741364002228,-0.3027813136577606,-0.202410027384758,-0.20205342769622803,-0.2017839103937149,0.3014354407787323,-0.3023800253868103,-0.3023811876773834,-0.20011955499649048,-0.201276034116745,-0.20238938927650452,0.017986226826906204,0.1209416538476944,0.01798621006309986,0.12020275741815567,0.0,1.5020318031311035,1.0038539171218872
258,258,51,3,51,26,train_high_arrival_pressure_1000051,1000051,high_arrival_pressure,downtime_dominant,0.3333333333333333,0.3333333333333333,0.3333333333333333,group_anchor_3,299,299,0,0.0,299,0,0.0,0,0.0,1.747192409116051,1.809692409116051,-0.0625,1.747192409116051,1.8096924091160504,4.440892098500626e-16,quality,-1639.1000000000004,-1186.70293499102,-1.115555555555552,1.0,1.0,-0.3806151817678989,0.0,0.0,-0.0625,76,174.10000000000002,True,False,completed,1.0,1.0,1639.1000000000004,1639.1000000000004,1186.70293499102,1.115555555555553,0.45583741352734286,0.3806151817678989,0.3101700711000001,0.2757283672333333,0.75,0,0.0,0,0,0,0.0,1,110,0,0,1355,135.5,0,0,0,0.0,0,0.0,0,0,48,0.0,0,{},0.0,23,0.9130434782608695,53,23,134,46,43,158,112,46,3,155,0,112,3,43,3,3,0,155,25,22,2,42,0,155,0,0,112,3,43,101,6,1.5643564356435644,0,10,2717,13.988290800007235,11.482715899961477,0.16219390000333078,0.32390160003706114,21.852610000001732,parallel_episode_batch,not_promoted,-0.000499103927638295,0.0007619350897500205,0.5155855077643727,-0.005273991697576157,8.1480105764904e-06,0.0,0.9999829710916032,0.11923338639614887,0.0,0.2876216173171997,1.4758400917053223,0.3112090528011322,0.008858931250870228,0.03385361656546593,1.466981291770935,0.31418555974960327,0.9881666898727417,0.0001,-0.2986741364002228,-0.3027813136577606,-0.202410027384758,-0.20205342769622803,-0.2017839103937149,0.3014354407787323,-0.3023800253868103,-0.3023811876773834,-0.20011955499649048,-0.201276034116745,-0.20238938927650452,0.017986226826906204,0.1209416538476944,0.01798621006309986,0.12020275741815567,0.0,1.5020318031311035,1.0038539171218872
259,259,51,4,51,26,train_high_arrival_pressure_1000051,1000051,high_arrival_pressure,downtime_dominant,0.5,0.3,0.2,group_anchor_4,315,315,0,0.0,315,0,0.0,0,0.0,1.6881927133856496,1.7506927133856496,-0.0625,1.6881927133856496,1.7506927133856494,2.220446049250313e-16,quality,-1557.3000000000006,-1283.3464754895797,-15.618888888888884,1.0,1.0,-0.49861457322870134,0.0,0.0,-0.0625,76,162.3,True,False,completed,1.0,1.0,1557.3000000000006,1557.3000000000006,1283.3464754895797,15.618888888888884,0.49861457322870134,0.49861457322870134,0.3954000000000001,0.32888579323333333,0.75,0,0.0,3,3,0,0.0,0,125,0,0,1161,116.10000000000001,0,0,0,0.0,0,0.0,0,0,48,0.0,0,{},1.8,25,0.96,51,25,140,50,49,171,118,53,4,167,0,118,4,49,4,4,0,167,25,30,1,47,0,167,0,0,118,4,49,106,11,1.6132075471698113,0,10,2717,13.988290800007235,11.482715899961477,0.13321929999801796,0.28109280001808656,21.852610000001732,parallel_episode_batch,not_promoted,-0.000499103927638295,0.0007619350897500205,0.5155855077643727,-0.005273991697576157,8.1480105764904e-06,0.0,0.9999829710916032,0.11923338639614887,0.0,0.2876216173171997,1.4758400917053223,0.3112090528011322,0.008858931250870228,0.03385361656546593,1.466981291770935,0.31418555974960327,0.9881666898727417,0.0001,-0.2986741364002228,-0.3027813136577606,-0.202410027384758,-0.20205342769622803,-0.2017839103937149,0.3014354407787323,-0.3023800253868103,-0.3023811876773834,-0.20011955499649048,-0.201276034116745,-0.20238938927650452,0.017986226826906204,0.1209416538476944,0.01798621006309986,0.12020275741815567,0.0,1.5020318031311035,1.0038539171218872
260,260,52,0,52,27,train_machine_bottleneck_1000052,1000052,machine_bottleneck,downtime_dominant,1.0,0.0,0.0,group_anchor_0,295,295,0,0.0,295,0,0.0,0,0.0,1.6832404980340765,1.7457404980340765,-0.0625,1.6832404980340765,1.745740498034076,4.440892098500626e-16,quality,-1241.6000000000001,-1136.4929228969206,-3.391388888888888,1.0000000000000002,1.0,-0.5085190039318479,0.0,0.0,-0.0625,80,202.10000000000002,True,False,completed,1.0,1.0,1241.6000000000001,1241.6000000000001,1136.4929228969206,3.391388888888889,0.4265463473138588,0.5085190039318479,0.32530000000000003,0.2821833333333333,0.75,0,0.0,1,1,0,0.0,0,101,0,1,1550,155.0,0,0,0,0.0,0,0.0,0,0,44,0.0,0,{},0.30000000000000004,20,1.0,60,20,136,40,39,175,133,42,3,172,0,133,3,39,3,3,0,172,21,23,1,39,0,172,0,0,133,3,39,113,8,1.5486725663716814,0,10,2957,15.602058200005558,12.787742700005765,0.16378800000529736,0.1853905000461964,25.4919430000009,parallel_episode_batch,pending,0.0006717959062216129,0.0004877042093597838,0.5152726975527215,-0.00423707890056787,1.0457187717621947e-05,0.0,1.0000613388863016,0.09717793225687235,0.0,0.24727748334407806,1.539230465888977,0.242559015750885,0.008471925742924213,0.023635659366846085,1.5307583808898926,0.24768929183483124,0.9905048608779907,0.0001,-0.2984115183353424,-0.30276039242744446,-0.20275388658046722,-0.2020331770181656,-0.20183065533638,0.3010130822658539,-0.30264830589294434,-0.3021697700023651,-0.2005430907011032,-0.20150253176689148,-0.2030303180217743,0.017986226826906204,0.1209304928779602,0.01798621006309986,0.12088022381067276,0.0,1.4998352527618408,1.005178689956665
261,261,52,1,52,27,train_machine_bottleneck_1000052,1000052,machine_bottleneck,downtime_dominant,0.0,1.0,0.0,group_anchor_1,282,282,0,0.0,282,0,0.0,0,0.0,1.6805875891102886,1.7430875891102886,-0.0625,1.6805875891102886,1.7430875891102888,-2.220446049250313e-16,quality,-1384.4999999999995,-1056.87177132334,-31.15555555555555,1.0000000000000002,1.0,-0.5138248217794223,0.0,0.0,-0.0625,80,186.10000000000002,True,False,completed,1.0,1.0,1384.4999999999995,1384.4999999999995,1056.87177132334,31.15555555555555,0.4987740720672483,0.5138248217794223,0.38239999999999996,0.24386549038333336,0.75,0,0.0,0,0,2,0.010050251256281407,1,100,1,2,1437,143.70000000000002,0,0,0,0.0,0,0.0,0,0,44,0.0,0,{},0.0,19,0.9473684210526315,61,19,130,38,34,127,90,37,3,124,0,90,3,34,3,3,0,124,16,20,2,31,0,124,0,0,90,3,34,82,4,1.548780487804878,0,10,2957,15.602058200005558,12.787742700005765,0.14000309999391902,0.23604709997744067,25.4919430000009,parallel_episode_batch,pending,0.0006717959062216129,0.0004877042093597838,0.5152726975527215,-0.00423707890056787,1.0457187717621947e-05,0.0,1.0000613388863016,0.09717793225687235,0.0,0.24727748334407806,1.539230465888977,0.242559015750885,0.008471925742924213,0.023635659366846085,1.5307583808898926,0.24768929183483124,0.9905048608779907,0.0001,-0.2984115183353424,-0.30276039242744446,-0.20275388658046722,-0.2020331770181656,-0.20183065533638,0.3010130822658539,-0.30264830589294434,-0.3021697700023651,-0.2005430907011032,-0.20150253176689148,-0.2030303180217743,0.017986226826906204,0.1209304928779602,0.01798621006309986,0.12088022381067276,0.0,1.4998352527618408,1.005178689956665
262,262,52,2,52,27,train_machine_bottleneck_1000052,1000052,machine_bottleneck,downtime_dominant,0.0,0.0,1.0,group_anchor_2,289,289,0,0.0,289,0,0.0,0,0.0,1.8583754208754208,1.9208754208754208,-0.0625,1.8583754208754208,1.9208754208754208,0.0,quality,-1485.8999999999987,-1106.14424902927,-9.399999999999993,1.0000000000000002,1.0,-0.1582491582491582,0.0,0.0,-0.0625,80,217.70000000000002,True,False,completed,1.0,1.0,1485.8999999999987,1485.8999999999987,1106.14424902927,9.399999999999995,0.4658206373357819,0.1582491582491582,0.28180000000000005,0.23051429695000003,0.75,0,0.0,0,0,0,0.0,1,106,0,3,1679,167.9,0,0,0,0.0,0,0.0,0,0,43,0.0,0,{},0.0,19,1.0,61,19,135,38,36,128,91,37,1,127,0,91,1,36,1,1,0,127,16,16,1,30,0,125,0,0,91,1,36,88,5,1.4545454545454546,0,10,2957,15.602058200005558,12.787742700005765,0.13209839999763062,0.25435329999163514,25.4919430000009,parallel_episode_batch,pending,0.0006717959062216129,0.0004877042093597838,0.5152726975527215,-0.00423707890056787,1.0457187717621947e-05,0.0,1.0000613388863016,0.09717793225687235,0.0,0.24727748334407806,1.539230465888977,0.242559015750885,0.008471925742924213,0.023635659366846085,1.5307583808898926,0.24768929183483124,0.9905048608779907,0.0001,-0.2984115183353424,-0.30276039242744446,-0.20275388658046722,-0.2020331770181656,-0.20183065533638,0.3010130822658539,-0.30264830589294434,-0.3021697700023651,-0.2005430907011032,-0.20150253176689148,-0.2030303180217743,0.017986226826906204,0.1209304928779602,0.01798621006309986,0.12088022381067276,0.0,1.4998352527618408,1.005178689956665
263,263,52,3,52,27,train_machine_bottleneck_1000052,1000052,machine_bottleneck,downtime_dominant,0.3333333333333333,0.3333333333333333,0.3333333333333333,group_anchor_3,271,271,0,0.0,271,0,0.0,0,0.0,1.751553737388749,1.814053737388749,-0.0625,1.751553737388749,1.8140537373887493,-2.220446049250313e-16,quality,-1328.0,-897.17352331623,-6.654722222222227,1.0000000000000002,1.0,-0.3718925252225014,0.0,0.0,-0.0625,80,202.60000000000002,True,False,completed,1.0,1.0,1328.0,1328.0,897.17352331623,6.654722222222227,0.4280204604941788,0.3718925252225014,0.2637857817000001,0.2121791667,0.75,0,0.0,0,0,0,0.0,1,90,0,2,1597,159.70000000000002,0,0,0,0.0,0,0.0,0,0,43,0.0,0,{},0.0,16,0.9375,64,16,128,32,31,130,98,32,1,129,0,98,1,31,1,1,0,129,14,13,0,26,0,129,0,0,98,1,31,87,5,1.4942528735632183,0,10,2957,15.602058200005558,12.787742700005765,0.15309759999945527,0.21027380003215512,25.4919430000009,parallel_episode_batch,pending,0.0006717959062216129,0.0004877042093597838,0.5152726975527215,-0.00423707890056787,1.0457187717621947e-05,0.0,1.0000613388863016,0.09717793225687235,0.0,0.24727748334407806,1.539230465888977,0.242559015750885,0.008471925742924213,0.023635659366846085,1.5307583808898926,0.24768929183483124,0.9905048608779907,0.0001,-0.2984115183353424,-0.30276039242744446,-0.20275388658046722,-0.2020331770181656,-0.20183065533638,0.3010130822658539,-0.30264830589294434,-0.3021697700023651,-0.2005430907011032,-0.20150253176689148,-0.2030303180217743,0.017986226826906204,0.1209304928779602,0.01798621006309986,0.12088022381067276,0.0,1.4998352527618408,1.005178689956665
264,264,52,4,52,27,train_machine_bottleneck_1000052,1000052,machine_bottleneck,downtime_dominant,0.5,0.3,0.2,group_anchor_4,270,270,0,0.0,270,0,0.0,0,0.0,1.6970288889496228,1.7595288889496228,-0.0625,1.6970288889496228,1.7595288889496228,0.0,quality,-1371.4999999999995,-917.5873804072296,-27.348888888888908,1.0000000000000002,1.0,-0.48094222210075444,0.0,0.0,-0.0625,80,195.70000000000002,True,False,completed,1.0,1.0,1371.4999999999995,1371.4999999999995,917.5873804072296,27.348888888888908,0.48094222210075444,0.48094222210075444,0.26970000000000005,0.2028636763166667,0.75,0,0.0,0,0,0,0.0,1,83,0,1,1510,151.0,0,0,0,0.0,0,0.0,0,0,33,0.0,0,{},0.0,16,1.0,64,16,127,32,31,133,100,33,2,131,0,100,2,31,2,2,0,131,14,15,1,26,0,131,0,0,100,2,31,90,5,1.4777777777777779,0,10,2957,15.602058200005558,12.787742700005765,0.15540540000074543,0.29335070000524865,25.4919430000009,parallel_episode_batch,pending,0.0006717959062216129,0.0004877042093597838,0.5152726975527215,-0.00423707890056787,1.0457187717621947e-05,0.0,1.0000613388863016,0.09717793225687235,0.0,0.24727748334407806,1.539230465888977,0.242559015750885,0.008471925742924213,0.023635659366846085,1.5307583808898926,0.24768929183483124,0.9905048608779907,0.0001,-0.2984115183353424,-0.30276039242744446,-0.20275388658046722,-0.2020331770181656,-0.20183065533638,0.3010130822658539,-0.30264830589294434,-0.3021697700023651,-0.2005430907011032,-0.20150253176689148,-0.2030303180217743,0.017986226826906204,0.1209304928779602,0.01798621006309986,0.12088022381067276,0.0,1.4998352527618408,1.005178689956665
265,265,53,0,53,27,train_fatigue_bottleneck_1000053,1000053,fatigue_bottleneck,balanced_cost,1.0,0.0,0.0,group_anchor_0,302,302,0,0.0,302,0,0.0,0,0.0,1.6359455101703324,1.6984455101703324,-0.0625,1.6359455101703324,1.6984455101703324,0.0,quality,-1823.4999999999993,-1020.1697997245703,-4.104722222222223,1.0000000000000002,1.0,-0.6031089796593352,0.0,0.0,-0.0625,84,174.20000000000002,True,False,completed,1.0,1.0,1823.4999999999993,1823.4999999999993,1020.1697997245703,4.104722222222223,0.46822537075344384,0.6031089796593352,0.7497489680999998,0.6526450353333332,0.75,10,0.11235955056179775,3,3,81,0.3632286995515695,0,78,2,0,1314,131.4,0,0,0,0.0,0,0.0,0,0,51,0.0,0,{},2.2,20,0.85,64,20,137,40,41,191,136,55,14,177,0,136,14,41,14,14,0,177,27,33,2,41,20,177,0,0,136,14,41,107,10,1.7850467289719627,0,10,2957,15.602058200005558,12.787742700005765,0.22815999999875203,0.3101486000523437,25.4919430000009,parallel_episode_batch,pending,0.0006717959062216129,0.0004877042093597838,0.5152726975527215,-0.00423707890056787,1.0457187717621947e-05,0.0,1.0000613388863016,0.09717793225687235,0.0,0.24727748334407806,1.539230465888977,0.242559015750885,0.008471925742924213,0.023635659366846085,1.5307583808898926,0.24768929183483124,0.9905048608779907,0.0001,-0.2984115183353424,-0.30276039242744446,-0.20275388658046722,-0.2020331770181656,-0.20183065533638,0.3010130822658539,-0.30264830589294434,-0.3021697700023651,-0.2005430907011032,-0.20150253176689148,-0.2030303180217743,0.017986226826906204,0.1209304928779602,0.01798621006309986,0.12088022381067276,0.0,1.4998352527618408,1.005178689956665
266,266,53,1,53,27,train_fatigue_bottleneck_1000053,1000053,fatigue_bottleneck,balanced_cost,0.0,1.0,0.0,group_anchor_1,303,303,0,0.0,303,0,0.0,0,0.0,1.683456308744677,1.745956308744677,-0.0625,1.683456308744677,1.7459563087446772,-2.220446049250313e-16,quality,-2040.2000000000005,-1032.8813786152596,-17.364722222222223,1.0000000000000002,1.0,-0.5080873825106454,0.0,0.0,-0.0625,84,186.4,True,False,completed,1.0,1.0,2040.2000000000005,2040.2000000000005,1032.8813786152596,17.364722222222223,0.5188068097104234,0.5080873825106454,0.6298435265000001,0.5520178142,0.75,0,0.0,0,0,0,0.0,1,103,0,6,1482,148.20000000000002,0,0,0,0.0,0,0.0,0,0,56,0.0,0,{},0.0,20,1.0,64,20,143,40,36,122,83,39,3,119,0,83,3,36,3,3,0,119,16,18,1,30,0,119,0,0,83,3,36,79,8,1.5443037974683544,0,10,2957,15.602058200005558,12.787742700005765,0.2466948000001139,0.4503571000750526,25.4919430000009,parallel_episode_batch,pending,0.0006717959062216129,0.0004877042093597838,0.5152726975527215,-0.00423707890056787,1.0457187717621947e-05,0.0,1.0000613388863016,0.09717793225687235,0.0,0.24727748334407806,1.539230465888977,0.242559015750885,0.008471925742924213,0.023635659366846085,1.5307583808898926,0.24768929183483124,0.9905048608779907,0.0001,-0.2984115183353424,-0.30276039242744446,-0.20275388658046722,-0.2020331770181656,-0.20183065533638,0.3010130822658539,-0.30264830589294434,-0.3021697700023651,-0.2005430907011032,-0.20150253176689148,-0.2030303180217743,0.017986226826906204,0.1209304928779602,0.01798621006309986,0.12088022381067276,0.0,1.4998352527618408,1.005178689956665
267,267,53,2,53,27,train_fatigue_bottleneck_1000053,1000053,fatigue_bottleneck,balanced_cost,0.0,0.0,1.0,group_anchor_2,312,312,0,0.0,312,0,0.0,0,0.0,1.9266517022479235,1.9891517022479235,-0.0625,1.9266517022479235,1.989151702247924,-4.440892098500626e-16,quality,-2165.7999999999997,-1171.8323994523207,-1.1088888888888853,1.0000000000000002,1.0,-0.021696595504152285,0.0,0.0,-0.0625,84,228.10000000000002,True,False,completed,1.0,1.0,2165.7999999999997,2165.7999999999997,1171.8323994523207,1.1088888888888853,0.4879434018338999,0.021696595504152285,0.7280435264999998,0.6653950353333332,0.75,5,0.04854368932038835,0,0,54,0.11297071129707113,1,97,4,10,1758,175.8,0,0,0,0.0,0,0.0,0,0,56,0.0,0,{},0.0,22,0.9090909090909091,62,22,146,44,38,137,90,47,9,128,0,90,9,38,9,9,0,128,26,22,3,36,7,128,0,0,90,9,38,82,10,1.670731707317073,0,10,2957,15.602058200005558,12.787742700005765,0.21640919999481412,0.45898040002794005,25.4919430000009,parallel_episode_batch,pending,0.0006717959062216129,0.0004877042093597838,0.5152726975527215,-0.00423707890056787,1.0457187717621947e-05,0.0,1.0000613388863016,0.09717793225687235,0.0,0.24727748334407806,1.539230465888977,0.242559015750885,0.008471925742924213,0.023635659366846085,1.5307583808898926,0.24768929183483124,0.9905048608779907,0.0001,-0.2984115183353424,-0.30276039242744446,-0.20275388658046722,-0.2020331770181656,-0.20183065533638,0.3010130822658539,-0.30264830589294434,-0.3021697700023651,-0.2005430907011032,-0.20150253176689148,-0.2030303180217743,0.017986226826906204,0.1209304928779602,0.01798621006309986,0.12088022381067276,0.0,1.4998352527618408,1.005178689956665
268,268,53,3,53,27,train_fatigue_bottleneck_1000053,1000053,fatigue_bottleneck,balanced_cost,0.3333333333333333,0.3333333333333333,0.3333333333333333,group_anchor_3,309,309,0,0.0,309,0,0.0,0,0.0,1.7138678327837642,1.7763678327837642,-0.0625,1.7138678327837642,1.7763678327837646,-4.440892098500626e-16,quality,-1935.1000000000001,-1098.0952182001902,-12.592222222222224,1.0000000000000002,1.0,-0.44726433443247077,0.0,0.0,-0.0625,84,177.60000000000002,True,False,completed,1.0,1.0,1935.1000000000001,1935.1000000000001,1098.0952182001902,12.592222222222224,0.505867448414481,0.44726433443247077,0.7497489681000002,0.6962783686666668,0.75,8,0.08247422680412371,0,0,17,0.06007067137809187,1,89,1,1,1361,136.1,0,0,0,0.0,0,0.0,0,0,58,0.0,0,{},0.0,21,0.9523809523809523,63,21,142,42,41,164,114,50,9,155,0,114,9,41,9,9,0,155,25,25,1,40,8,155,0,0,114,9,41,99,6,1.6565656565656566,0,10,2957,15.602058200005558,12.787742700005765,0.2392787999997381,0.3446453999422374,25.4919430000009,parallel_episode_batch,pending,0.0006717959062216129,0.0004877042093597838,0.5152726975527215,-0.00423707890056787,1.0457187717621947e-05,0.0,1.0000613388863016,0.09717793225687235,0.0,0.24727748334407806,1.539230465888977,0.242559015750885,0.008471925742924213,0.023635659366846085,1.5307583808898926,0.24768929183483124,0.9905048608779907,0.0001,-0.2984115183353424,-0.30276039242744446,-0.20275388658046722,-0.2020331770181656,-0.20183065533638,0.3010130822658539,-0.30264830589294434,-0.3021697700023651,-0.2005430907011032,-0.20150253176689148,-0.2030303180217743,0.017986226826906204,0.1209304928779602,0.01798621006309986,0.12088022381067276,0.0,1.4998352527618408,1.005178689956665
269,269,53,4,53,27,train_fatigue_bottleneck_1000053,1000053,fatigue_bottleneck,balanced_cost,0.5,0.3,0.2,group_anchor_4,324,324,0,0.0,324,0,0.0,0,0.0,1.6940861574418975,1.7565861574418975,-0.0625,1.6940861574418975,1.7565861574418973,2.220446049250313e-16,quality,-1919.2000000000003,-1255.1353432548708,-3.2522222222222172,1.0000000000000002,1.0,-0.48682768511620556,0.0,0.0,-0.0625,84,186.70000000000002,True,False,completed,1.0,1.0,1919.2000000000003,1919.2000000000003,1255.1353432548708,3.2522222222222172,0.48682768511620556,0.48682768511620556,0.7499489681,0.7347450353333332,0.75,28,0.25225225225225223,2,2,71,0.27413127413127414,0,83,6,0,1374,137.4,0,0,0,0.0,0,0.0,0,0,54,0.0,0,{},2.0,24,0.9166666666666666,60,24,146,48,46,188,120,68,22,166,0,120,22,46,22,22,0,166,35,37,3,45,33,166,0,0,120,22,46,92,8,2.0434782608695654,0,10,2957,15.602058200005558,12.787742700005765,0.23407600000064122,0.3012692999764113,25.4919430000009,parallel_episode_batch,pending,0.0006717959062216129,0.0004877042093597838,0.5152726975527215,-0.00423707890056787,1.0457187717621947e-05,0.0,1.0000613388863016,0.09717793225687235,0.0,0.24727748334407806,1.539230465888977,0.242559015750885,0.008471925742924213,0.023635659366846085,1.5307583808898926,0.24768929183483124,0.9905048608779907,0.0001,-0.2984115183353424,-0.30276039242744446,-0.20275388658046722,-0.2020331770181656,-0.20183065533638,0.3010130822658539,-0.30264830589294434,-0.3021697700023651,-0.2005430907011032,-0.20150253176689148,-0.2030303180217743,0.017986226826906204,0.1209304928779602,0.01798621006309986,0.12088022381067276,0.0,1.4998352527618408,1.005178689956665
270,270,54,0,54,28,train_reconfiguration_bottleneck_1000054,1000054,reconfiguration_bottleneck,fixed_cost_dominant,1.0,0.0,0.0,group_anchor_0,306,306,0,0.0,306,0,0.0,0,0.0,1.6852905344015858,1.7477905344015858,-0.0625,1.6852905344015858,1.7477905344015858,0.0,quality,-1221.3999999999999,-1321.9592397613417,-7.903333333333335,1.0,1.0,-0.5044189311968283,0.0,0.0,-0.0625,75,208.20000000000002,True,False,completed,1.0,1.0,1221.3999999999999,1221.3999999999999,1321.9592397613417,7.903333333333337,0.45030660204795153,0.5044189311968283,0.7499638980000001,0.7386725212333333,0.75,57,0.41007194244604317,12,12,75,0.4934210526315789,0,81,4,0,1253,125.30000000000001,0,0,0,0.0,0,0.0,0,0,47,0.0,0,{},23.3,22,0.9090909090909091,53,22,135,44,52,204,133,71,19,185,0,133,19,52,19,19,0,185,30,54,2,51,54,185,0,0,133,19,52,95,12,2.1473684210526316,0,10,2919,15.912949199999275,12.220518899899616,0.3437172999983886,0.21919219996925676,21.68320859999949,parallel_episode_batch,pending,-0.000521718797719349,0.0005200663757062538,0.3051867557932501,-0.003313553227243297,6.397312955394464e-06,0.0,0.999988018170647,0.07039968143014805,0.0,0.2671787440776825,1.5391789674758911,0.26974207162857056,-0.0027477205730974674,0.02750002220273018,1.541926622390747,0.269557386636734,0.9896063208580017,0.0001,-0.29857850074768066,-0.30262356996536255,-0.20260699093341827,-0.20192761719226837,-0.20169085264205933,0.30108657479286194,-0.30255162715911865,-0.3019507825374603,-0.2005392163991928,-0.20142334699630737,-0.20300644636154175,0.017986226826906204,0.12083522975444794,0.01798621006309986,0.12046665698289871,0.0,1.4989490509033203,1.0054987668991089
271,271,54,1,54,28,train_reconfiguration_bottleneck_1000054,1000054,reconfiguration_bottleneck,fixed_cost_dominant,0.0,1.0,0.0,group_anchor_1,625,625,0,0.0,625,0,0.0,0,0.0,1.6465746211627375,1.7090746211627375,-0.06250000000000003,1.6465746211627375,1.709074621162737,4.440892098500626e-16,quality,-1374.7000000000023,-1391.4906420460081,-5.431388888888894,1.0,1.0,-0.5818507576745258,0.0,0.0,-0.06250000000000003,75,202.9,True,False,completed,1.0,1.0,1374.7000000000023,1374.7000000000023,1391.4906420460081,5.431388888888894,0.4611151674846322,0.5818507576745258,0.75,0.710254972483331,0.75,936,0.6219269102990034,180,180,114,0.4418604651162791,0,97,3,5,1254,125.4,0,0,0,0.0,0,0.0,0,0,47,0.0,0,{},70.7,21,1.0,54,21,291,42,217,480,254,226,9,471,0,254,9,217,9,9,0,471,24,370,1,204,359,471,0,0,254,9,217,103,134,4.660194174757281,0,10,2919,15.912949199999275,12.220518899899616,0.3353704999972251,0.4658334000923787,21.68320859999949,parallel_episode_batch,pending,-0.000521718797719349,0.0005200663757062538,0.3051867557932501,-0.003313553227243297,6.397312955394464e-06,0.0,0.999988018170647,0.07039968143014805,0.0,0.2671787440776825,1.5391789674758911,0.26974207162857056,-0.0027477205730974674,0.02750002220273018,1.541926622390747,0.269557386636734,0.9896063208580017,0.0001,-0.29857850074768066,-0.30262356996536255,-0.20260699093341827,-0.20192761719226837,-0.20169085264205933,0.30108657479286194,-0.30255162715911865,-0.3019507825374603,-0.2005392163991928,-0.20142334699630737,-0.20300644636154175,0.017986226826906204,0.12083522975444794,0.01798621006309986,0.12046665698289871,0.0,1.4989490509033203,1.0054987668991089
272,272,54,2,54,28,train_reconfiguration_bottleneck_1000054,1000054,reconfiguration_bottleneck,fixed_cost_dominant,0.0,0.0,1.0,group_anchor_2,508,508,0,0.0,508,0,0.0,0,0.0,1.9223824429455003,1.9848824429455003,-0.0625,1.9223824429455003,1.9848824429454992,1.1102230246251565e-15,quality,-1224.3999999999987,-1287.4963337797165,-1.558888888888881,1.0,1.0,-0.03023511410900153,0.0,0.0,-0.0625,75,198.60000000000002,True,False,completed,1.0,1.0,1224.3999999999987,1224.3999999999987,1287.4963337797165,1.5588888888888845,0.4274153580995487,0.03023511410900149,0.7496999999999958,0.7041285382333311,0.75,508,0.6414141414141414,124,124,92,0.4623115577889447,0,75,4,2,1301,130.1,0,0,0,0.0,0,0.0,0,0,47,0.0,0,{},46.6,20,0.9,55,20,236,40,157,377,207,170,13,364,0,207,13,157,13,13,0,364,25,267,3,152,257,364,0,0,207,13,157,89,54,4.235955056179775,0,10,2919,15.912949199999275,12.220518899899616,0.35172350000357255,0.37140579996048473,21.68320859999949,parallel_episode_batch,pending,-0.000521718797719349,0.0005200663757062538,0.3051867557932501,-0.003313553227243297,6.397312955394464e-06,0.0,0.999988018170647,0.07039968143014805,0.0,0.2671787440776825,1.5391789674758911,0.26974207162857056,-0.0027477205730974674,0.02750002220273018,1.541926622390747,0.269557386636734,0.9896063208580017,0.0001,-0.29857850074768066,-0.30262356996536255,-0.20260699093341827,-0.20192761719226837,-0.20169085264205933,0.30108657479286194,-0.30255162715911865,-0.3019507825374603,-0.2005392163991928,-0.20142334699630737,-0.20300644636154175,0.017986226826906204,0.12083522975444794,0.01798621006309986,0.12046665698289871,0.0,1.4989490509033203,1.0054987668991089
273,273,54,3,54,28,train_reconfiguration_bottleneck_1000054,1000054,reconfiguration_bottleneck,fixed_cost_dominant,0.3333333333333333,0.3333333333333333,0.3333333333333333,group_anchor_3,283,283,0,0.0,283,0,0.0,0,0.0,1.7477139529696908,1.8102139529696908,-0.0625,1.7477139529696908,1.8102139529696903,4.440892098500626e-16,quality,-1113.1,-1113.1831661007702,-7.518888888888906,1.0,1.0,-0.3795720940606192,0.0,0.0,-0.0625,75,196.0,True,False,completed,1.0,1.0,1113.1,1113.1,1113.1831661007702,7.518888888888907,0.424785987262814,0.3795720940606192,0.7488012323,0.64926687205,0.75,7,0.0707070707070707,0,0,4,0.031007751937984496,1,92,0,3,1481,148.1,0,0,0,0.0,0,0.0,0,0,45,0.0,0,{},0.0,20,0.95,55,20,129,40,39,149,103,46,7,142,0,103,7,39,7,7,0,142,24,20,1,36,5,142,0,0,103,7,39,89,8,1.6741573033707866,0,10,2919,15.912949199999275,12.220518899899616,0.3382394000000204,0.20452889995794976,21.68320859999949,parallel_episode_batch,pending,-0.000521718797719349,0.0005200663757062538,0.3051867557932501,-0.003313553227243297,6.397312955394464e-06,0.0,0.999988018170647,0.07039968143014805,0.0,0.2671787440776825,1.5391789674758911,0.26974207162857056,-0.0027477205730974674,0.02750002220273018,1.541926622390747,0.269557386636734,0.9896063208580017,0.0001,-0.29857850074768066,-0.30262356996536255,-0.20260699093341827,-0.20192761719226837,-0.20169085264205933,0.30108657479286194,-0.30255162715911865,-0.3019507825374603,-0.2005392163991928,-0.20142334699630737,-0.20300644636154175,0.017986226826906204,0.12083522975444794,0.01798621006309986,0.12046665698289871,0.0,1.4989490509033203,1.0054987668991089
274,274,54,4,54,28,train_reconfiguration_bottleneck_1000054,1000054,reconfiguration_bottleneck,fixed_cost_dominant,0.5,0.3,0.2,group_anchor_4,302,302,0,0.0,302,0,0.0,0,0.0,1.6982986004531733,1.7607986004531733,-0.0625,1.6982986004531733,1.7607986004531728,4.440892098500626e-16,quality,-1255.0,-1341.7838545398095,-17.073333333333345,1.0,1.0,-0.47840279909365413,0.0,0.0,-0.0625,75,208.10000000000002,True,False,completed,1.0,1.0,1255.0,1255.0,1341.7838545398095,17.073333333333334,0.47840279909365413,0.47840279909365413,0.7498,0.7402775217166665,0.75,52,0.40625,10,10,64,0.3878787878787879,0,76,4,0,1335,133.5,0,0,0,0.0,0,0.0,0,0,41,0.0,0,{},23.5,22,1.0,53,22,132,44,51,187,116,71,20,167,0,116,20,51,20,20,0,167,33,50,2,51,49,167,0,0,116,20,51,88,8,2.125,0,10,2919,15.912949199999275,12.220518899899616,0.35409449999860954,0.2837082999976701,21.68320859999949,parallel_episode_batch,pending,-0.000521718797719349,0.0005200663757062538,0.3051867557932501,-0.003313553227243297,6.397312955394464e-06,0.0,0.999988018170647,0.07039968143014805,0.0,0.2671787440776825,1.5391789674758911,0.26974207162857056,-0.0027477205730974674,0.02750002220273018,1.541926622390747,0.269557386636734,0.9896063208580017,0.0001,-0.29857850074768066,-0.30262356996536255,-0.20260699093341827,-0.20192761719226837,-0.20169085264205933,0.30108657479286194,-0.30255162715911865,-0.3019507825374603,-0.2005392163991928,-0.20142334699630737,-0.20300644636154175,0.017986226826906204,0.12083522975444794,0.01798621006309986,0.12046665698289871,0.0,1.4989490509033203,1.0054987668991089
275,275,55,0,55,28,train_balanced_1000055,1000055,balanced,downtime_dominant,1.0,0.0,0.0,group_anchor_0,174,174,0,0.0,174,0,0.0,0,0.0,1.7705188155630793,1.8330188155630793,-0.06250000000000003,1.7705188155630793,1.8330188155630793,0.0,quality,-601.7000000000002,-522.9474079392202,-10.278055555555559,0.9999999999999998,1.0,-0.3339623688738414,0.0,0.0,-0.06250000000000003,51,204.10000000000002,True,False,completed,1.0,1.0,601.7000000000002,601.7000000000002,522.9474079392202,10.278055555555559,0.3040968836816463,0.3339623688738414,0.18271790749999997,0.1464529845833333,0.75,0,0.0,0,0,0,0.0,2,58,0,0,1636,163.60000000000002,0,0,0,0.0,0,0.0,0,0,18,0.0,0,{},0.0,10,1.0,41,10,83,20,20,101,81,20,0,101,0,81,0,20,0,0,0,101,10,10,0,20,0,101,0,0,81,0,20,71,4,1.4225352112676057,0,10,2919,15.912949199999275,12.220518899899616,0.12727869999798713,0.17603519991098437,21.68320859999949,parallel_episode_batch,pending,-0.000521718797719349,0.0005200663757062538,0.3051867557932501,-0.003313553227243297,6.397312955394464e-06,0.0,0.999988018170647,0.07039968143014805,0.0,0.2671787440776825,1.5391789674758911,0.26974207162857056,-0.0027477205730974674,0.02750002220273018,1.541926622390747,0.269557386636734,0.9896063208580017,0.0001,-0.29857850074768066,-0.30262356996536255,-0.20260699093341827,-0.20192761719226837,-0.20169085264205933,0.30108657479286194,-0.30255162715911865,-0.3019507825374603,-0.2005392163991928,-0.20142334699630737,-0.20300644636154175,0.017986226826906204,0.12083522975444794,0.01798621006309986,0.12046665698289871,0.0,1.4989490509033203,1.0054987668991089
276,276,55,1,55,28,train_balanced_1000055,1000055,balanced,downtime_dominant,0.0,1.0,0.0,group_anchor_1,175,175,0,0.0,175,0,0.0,0,0.0,1.7674852582394496,1.8299852582394496,-0.06250000000000003,1.7674852582394496,1.8299852582394496,0.0,quality,-681.0999999999997,-515.21920302628,-19.200000000000003,0.9999999999999998,1.0,-0.3400294835211008,0.0,0.0,-0.06250000000000003,51,216.70000000000002,True,False,completed,1.0,1.0,681.0999999999997,681.0999999999997,515.21920302628,19.200000000000003,0.3385378652489797,0.3400294835211008,0.16171790749999998,0.13515258176666664,0.75,0,0.0,0,0,0,0.0,2,58,0,1,1785,178.5,0,0,0,0.0,0,0.0,0,0,20,0.0,0,{},0.0,10,1.0,41,10,84,20,20,79,59,20,0,79,0,59,0,20,0,0,0,79,10,8,0,18,0,79,0,0,59,0,20,56,3,1.4107142857142858,0,10,2919,15.912949199999275,12.220518899899616,0.14009939999959897,0.2474691999668721,21.68320859999949,parallel_episode_batch,pending,-0.000521718797719349,0.0005200663757062538,0.3051867557932501,-0.003313553227243297,6.397312955394464e-06,0.0,0.999988018170647,0.07039968143014805,0.0,0.2671787440776825,1.5391789674758911,0.26974207162857056,-0.0027477205730974674,0.02750002220273018,1.541926622390747,0.269557386636734,0.9896063208580017,0.0001,-0.29857850074768066,-0.30262356996536255,-0.20260699093341827,-0.20192761719226837,-0.20169085264205933,0.30108657479286194,-0.30255162715911865,-0.3019507825374603,-0.2005392163991928,-0.20142334699630737,-0.20300644636154175,0.017986226826906204,0.12083522975444794,0.01798621006309986,0.12046665698289871,0.0,1.4989490509033203,1.0054987668991089
277,277,55,2,55,28,train_balanced_1000055,1000055,balanced,downtime_dominant,0.0,0.0,1.0,group_anchor_2,188,188,0,0.0,188,0,0.0,0,0.0,1.9025465821659802,1.9650465821659802,-0.06250000000000003,1.9025465821659802,1.9650465821659804,-2.220446049250313e-16,quality,-649.2000000000002,-665.93988583734,-3.758055555555555,0.9999999999999998,1.0,-0.06990683566803942,0.0,0.0,-0.06250000000000003,51,204.8,True,False,completed,1.0,1.0,649.2000000000002,649.2000000000002,665.93988583734,3.758055555555556,0.3094382072061118,0.06990683566803942,0.20400000000000004,0.16580298458333334,0.75,0,0.0,0,0,0,0.0,2,69,0,3,1615,161.5,0,0,0,0.0,0,0.0,0,0,16,0.0,0,{},0.0,12,1.0,39,12,89,24,24,96,72,24,0,96,0,72,0,24,0,0,0,96,12,12,0,24,0,96,0,0,72,0,24,69,3,1.391304347826087,0,10,2919,15.912949199999275,12.220518899899616,0.11545549999573268,0.20707550002407515,21.68320859999949,parallel_episode_batch,pending,-0.000521718797719349,0.0005200663757062538,0.3051867557932501,-0.003313553227243297,6.397312955394464e-06,0.0,0.999988018170647,0.07039968143014805,0.0,0.2671787440776825,1.5391789674758911,0.26974207162857056,-0.0027477205730974674,0.02750002220273018,1.541926622390747,0.269557386636734,0.9896063208580017,0.0001,-0.29857850074768066,-0.30262356996536255,-0.20260699093341827,-0.20192761719226837,-0.20169085264205933,0.30108657479286194,-0.30255162715911865,-0.3019507825374603,-0.2005392163991928,-0.20142334699630737,-0.20300644636154175,0.017986226826906204,0.12083522975444794,0.01798621006309986,0.12046665698289871,0.0,1.4989490509033203,1.0054987668991089
278,278,55,3,55,28,train_balanced_1000055,1000055,balanced,downtime_dominant,0.3333333333333333,0.3333333333333333,0.3333333333333333,group_anchor_3,182,182,0,0.0,182,0,0.0,0,0.0,1.8065465839135504,1.8690465839135504,-0.06250000000000003,1.8065465839135504,1.8690465839135502,2.220446049250313e-16,quality,-628.6,-577.8634812928102,-4.0966666666666685,0.9999999999999998,1.0,-0.2619068321728996,0.0,0.0,-0.06250000000000003,51,212.70000000000002,True,False,completed,1.0,1.0,628.6,628.6,577.8634812928102,4.0966666666666685,0.29689533631212456,0.2619068321728996,0.2232,0.15761666666666665,0.75,0,0.0,0,0,0,0.0,2,66,0,4,1743,174.3,0,0,0,0.0,0,0.0,0,0,24,0.0,0,{},0.0,11,1.0,40,11,88,22,21,93,72,21,0,93,0,72,0,21,0,0,0,93,11,11,1,21,0,93,0,0,72,0,21,66,3,1.4090909090909092,0,10,2919,15.912949199999275,12.220518899899616,0.12099069999385392,0.22546490006061504,21.68320859999949,parallel_episode_batch,pending,-0.000521718797719349,0.0005200663757062538,0.3051867557932501,-0.003313553227243297,6.397312955394464e-06,0.0,0.999988018170647,0.07039968143014805,0.0,0.2671787440776825,1.5391789674758911,0.26974207162857056,-0.0027477205730974674,0.02750002220273018,1.541926622390747,0.269557386636734,0.9896063208580017,0.0001,-0.29857850074768066,-0.30262356996536255,-0.20260699093341827,-0.20192761719226837,-0.20169085264205933,0.30108657479286194,-0.30255162715911865,-0.3019507825374603,-0.2005392163991928,-0.20142334699630737,-0.20300644636154175,0.017986226826906204,0.12083522975444794,0.01798621006309986,0.12046665698289871,0.0,1.4989490509033203,1.0054987668991089
279,279,55,4,55,28,train_balanced_1000055,1000055,balanced,downtime_dominant,0.5,0.3,0.2,group_anchor_4,176,176,0,0.0,176,0,0.0,0,0.0,1.7881222169335511,1.8506222169335511,-0.0625,1.7881222169335511,1.8506222169335511,0.0,quality,-640.6999999999997,-507.96847862914035,-6.709166666666669,0.9999999999999998,1.0,-0.2987555661328977,0.0,0.0,-0.0625,51,204.10000000000002,True,False,completed,1.0,1.0,640.6999999999997,640.6999999999997,507.96847862914035,6.709166666666669,0.2987555661328977,0.2987555661328977,0.1737179075,0.15590298458333332,0.75,0,0.0,0,0,0,0.0,2,58,0,2,1686,168.60000000000002,0,0,0,0.0,0,0.0,0,0,20,0.0,0,{},0.0,10,1.0,41,10,86,20,19,93,74,19,0,93,0,74,0,19,0,0,0,93,9,10,0,19,0,93,0,0,74,0,19,63,3,1.4761904761904763,0,10,2919,15.912949199999275,12.220518899899616,0.12415789999795379,0.1760714999763877,21.68320859999949,parallel_episode_batch,pending,-0.000521718797719349,0.0005200663757062538,0.3051867557932501,-0.003313553227243297,6.397312955394464e-06,0.0,0.999988018170647,0.07039968143014805,0.0,0.2671787440776825,1.5391789674758911,0.26974207162857056,-0.0027477205730974674,0.02750002220273018,1.541926622390747,0.269557386636734,0.9896063208580017,0.0001,-0.29857850074768066,-0.30262356996536255,-0.20260699093341827,-0.20192761719226837,-0.20169085264205933,0.30108657479286194,-0.30255162715911865,-0.3019507825374603,-0.2005392163991928,-0.20142334699630737,-0.20300644636154175,0.017986226826906204,0.12083522975444794,0.01798621006309986,0.12046665698289871,0.0,1.4989490509033203,1.0054987668991089
280,280,56,0,56,29,train_easy_1000056,1000056,easy,labor_dominant,1.0,0.0,0.0,group_anchor_0,197,197,0,0.0,197,0,0.0,0,0.0,1.7867636358344487,1.8492636358344487,-0.0625,1.7867636358344487,1.849263635834449,-2.220446049250313e-16,quality,-517.9,-444.4760234662401,-4.345555555555557,0.9999999999999997,1.0,-0.3014727283311019,0.0,0.0,-0.0625,50,161.3,True,False,completed,1.0,1.0,517.9,517.9,444.4760234662401,4.345555555555557,0.25904090959394727,0.3014727283311019,0.2999,0.16453284553333333,0.75,0,0.0,0,0,0,0.0,1,75,0,0,1282,128.20000000000002,0,0,0,0.0,0,0.0,0,0,21,0.0,0,{},0.0,14,1.0,36,14,91,28,28,120,90,30,2,118,0,90,2,28,2,2,0,118,16,14,0,28,0,118,0,0,90,2,28,76,5,1.5789473684210527,0,10,1617,8.275032099998498,6.341062599938596,0.1815035000036005,0.10791989997233031,10.158881700001075,parallel_episode_batch,pending,-0.010889731240100585,0.0013643489902068933,0.4864697869007404,-0.01507225433865992,1.5573508733541967e-06,0.0,1.0000471323728561,0.13645104555269846,0.0,0.3526078164577484,1.6357173919677734,0.3601785898208618,-0.031085509806871414,0.04362836852669716,1.6668031215667725,0.3534308969974518,0.9853275418281555,5e-05,-0.2984607517719269,-0.3027571141719818,-0.2026696801185608,-0.2020200937986374,-0.20176950097084045,0.3010757565498352,-0.30276206135749817,-0.3019806444644928,-0.2005995661020279,-0.20153750479221344,-0.20315809547901154,0.017986226826906204,0.12080613523721695,0.01798621006309986,0.12045918405056,0.0,1.4989311695098877,1.005383014678955
281,281,56,1,56,29,train_easy_1000056,1000056,easy,labor_dominant,0.0,1.0,0.0,group_anchor_1,161,161,0,0.0,161,0,0.0,0,0.0,1.823173043532065,1.885673043532065,-0.0625,1.823173043532065,1.885673043532065,0.0,quality,-629.2,-296.43491653165,-4.595555555555557,0.9999999999999997,1.0,-0.22865391293587015,0.0,0.0,-0.0625,50,182.4,True,False,completed,1.0,1.0,629.2,629.2,296.43491653165,4.595555555555557,0.25741883528660453,0.22865391293587015,0.174,0.12697077226666667,0.75,0,0.0,0,0,0,0.0,2,50,0,0,1615,161.5,0,0,0,0.0,0,0.0,0,0,20,0.0,0,{},0.0,9,1.0,41,9,80,18,13,58,45,13,0,58,0,45,0,13,0,0,0,58,5,7,1,11,0,58,0,0,45,0,13,39,4,1.4871794871794872,0,10,1617,8.275032099998498,6.341062599938596,0.22033709999959683,0.2616289000143297,10.158881700001075,parallel_episode_batch,pending,-0.010889731240100585,0.0013643489902068933,0.4864697869007404,-0.01507225433865992,1.5573508733541967e-06,0.0,1.0000471323728561,0.13645104555269846,0.0,0.3526078164577484,1.6357173919677734,0.3601785898208618,-0.031085509806871414,0.04362836852669716,1.6668031215667725,0.3534308969974518,0.9853275418281555,5e-05,-0.2984607517719269,-0.3027571141719818,-0.2026696801185608,-0.2020200937986374,-0.20176950097084045,0.3010757565498352,-0.30276206135749817,-0.3019806444644928,-0.2005995661020279,-0.20153750479221344,-0.20315809547901154,0.017986226826906204,0.12080613523721695,0.01798621006309986,0.12045918405056,0.0,1.4989311695098877,1.005383014678955
282,282,56,2,56,29,train_easy_1000056,1000056,easy,labor_dominant,0.0,0.0,1.0,group_anchor_2,199,199,0,0.0,199,0,0.0,0,0.0,1.9254000780640126,1.9879000780640126,-0.0625,1.9254000780640126,1.9879000780640126,0.0,quality,-592.7,-449.1573483296399,-1.2400000000000007,0.9999999999999997,1.0,-0.024199843871975033,0.0,0.0,-0.0625,50,188.5,True,False,completed,1.0,1.0,592.7,592.7,449.1573483296399,1.2400000000000007,0.26313242144299326,0.024199843871975033,0.1902,0.13021666666666668,0.75,0,0.0,0,0,0,0.0,2,80,0,1,1475,147.5,0,0,0,0.0,0,0.0,0,0,19,0.0,0,{},0.0,14,1.0,36,14,93,28,28,102,74,28,0,102,0,74,0,28,0,0,0,102,14,13,0,27,0,100,0,0,74,0,28,69,7,1.4782608695652173,0,10,1617,8.275032099998498,6.341062599938596,0.18769910000264645,0.16693510006007273,10.158881700001075,parallel_episode_batch,pending,-0.010889731240100585,0.0013643489902068933,0.4864697869007404,-0.01507225433865992,1.5573508733541967e-06,0.0,1.0000471323728561,0.13645104555269846,0.0,0.3526078164577484,1.6357173919677734,0.3601785898208618,-0.031085509806871414,0.04362836852669716,1.6668031215667725,0.3534308969974518,0.9853275418281555,5e-05,-0.2984607517719269,-0.3027571141719818,-0.2026696801185608,-0.2020200937986374,-0.20176950097084045,0.3010757565498352,-0.30276206135749817,-0.3019806444644928,-0.2005995661020279,-0.20153750479221344,-0.20315809547901154,0.017986226826906204,0.12080613523721695,0.01798621006309986,0.12045918405056,0.0,1.4989311695098877,1.005383014678955
283,283,56,3,56,29,train_easy_1000056,1000056,easy,labor_dominant,0.3333333333333333,0.3333333333333333,0.3333333333333333,group_anchor_3,181,181,0,0.0,181,0,0.0,0,0.0,1.8145843868352096,1.8770843868352096,-0.0625,1.8145843868352096,1.8770843868352098,-2.220446049250313e-16,quality,-569.7,-377.3038664883001,-8.249999999999998,0.9999999999999997,1.0,-0.24583122632958015,0.0,0.0,-0.0625,50,166.9,True,False,completed,1.0,1.0,569.7,569.7,377.3038664883001,8.249999999999998,0.27146880743123347,0.24583122632958015,0.23450000000000004,0.15198333333333333,0.75,0,0.0,0,0,0,0.0,1,64,0,0,1391,139.1,0,0,0,0.0,0,0.0,0,0,22,0.0,0,{},0.0,12,0.9166666666666666,38,12,85,24,22,94,69,25,3,91,0,69,3,22,3,3,0,91,10,13,0,20,0,91,0,0,69,3,22,57,10,1.6491228070175439,0,10,1617,8.275032099998498,6.341062599938596,0.19568579999759095,0.18802220000361558,10.158881700001075,parallel_episode_batch,pending,-0.010889731240100585,0.0013643489902068933,0.4864697869007404,-0.01507225433865992,1.5573508733541967e-06,0.0,1.0000471323728561,0.13645104555269846,0.0,0.3526078164577484,1.6357173919677734,0.3601785898208618,-0.031085509806871414,0.04362836852669716,1.6668031215667725,0.3534308969974518,0.9853275418281555,5e-05,-0.2984607517719269,-0.3027571141719818,-0.2026696801185608,-0.2020200937986374,-0.20176950097084045,0.3010757565498352,-0.30276206135749817,-0.3019806444644928,-0.2005995661020279,-0.20153750479221344,-0.20315809547901154,0.017986226826906204,0.12080613523721695,0.01798621006309986,0.12045918405056,0.0,1.4989311695098877,1.005383014678955
284,284,56,4,56,29,train_easy_1000056,1000056,easy,labor_dominant,0.5,0.3,0.2,group_anchor_4,170,170,0,0.0,170,0,0.0,0,0.0,1.8135904569713328,1.8760904569713328,-0.0625,1.8135904569713328,1.8760904569713328,0.0,quality,-525.3,-325.52555745024995,-6.151388888888886,0.9999999999999997,1.0,-0.24781908605733444,0.0,0.0,-0.0625,50,169.10000000000002,True,False,completed,1.0,1.0,525.3,525.3,325.52555745024995,6.151388888888886,0.24781908605733444,0.24781908605733444,0.2697,0.1521166666666667,0.75,0,0.0,0,0,0,0.0,1,52,0,0,1514,151.4,0,0,0,0.0,0,0.0,0,0,22,0.0,0,{},0.0,10,0.8,40,10,82,20,18,95,76,19,1,94,0,76,1,18,1,1,0,94,8,11,0,18,0,94,0,0,76,1,18,63,5,1.507936507936508,0,10,1617,8.275032099998498,6.341062599938596,0.18882360000134213,0.1588608999591088,10.158881700001075,parallel_episode_batch,pending,-0.010889731240100585,0.0013643489902068933,0.4864697869007404,-0.01507225433865992,1.5573508733541967e-06,0.0,1.0000471323728561,0.13645104555269846,0.0,0.3526078164577484,1.6357173919677734,0.3601785898208618,-0.031085509806871414,0.04362836852669716,1.6668031215667725,0.3534308969974518,0.9853275418281555,5e-05,-0.2984607517719269,-0.3027571141719818,-0.2026696801185608,-0.2020200937986374,-0.20176950097084045,0.3010757565498352,-0.30276206135749817,-0.3019806444644928,-0.2005995661020279,-0.20153750479221344,-0.20315809547901154,0.017986226826906204,0.12080613523721695,0.01798621006309986,0.12045918405056,0.0,1.4989311695098877,1.005383014678955
285,285,57,0,57,29,train_easy_1000057,1000057,easy,balanced_cost,1.0,0.0,0.0,group_anchor_0,142,142,0,0.0,142,0,0.0,0,0.0,1.8038003663003659,1.8663003663003659,-0.0625,1.8038003663003659,1.8663003663003663,-4.440892098500626e-16,quality,-438.0,-265.0973603868099,-5.271388888888891,0.9999999999999998,1.0,-0.2673992673992674,0.0,0.0,-0.0625,44,168.10000000000002,True,False,completed,1.0,1.0,438.0,438.0,265.0973603868099,5.271388888888891,0.21563830101025505,0.2673992673992674,0.14850000000000002,0.11283333333333335,0.75,0,0.0,0,0,0,0.0,2,41,0,0,1489,148.9,0,0,0,0.0,0,0.0,0,0,11,0.0,0,{},0.0,7,0.8571428571428571,37,7,71,14,13,83,70,13,0,83,0,70,0,13,0,0,0,83,7,7,1,13,0,83,0,0,70,0,13,58,6,1.4310344827586208,0,10,1617,8.275032099998498,6.341062599938596,0.11418099999718834,0.13553929998306558,10.158881700001075,parallel_episode_batch,pending,-0.010889731240100585,0.0013643489902068933,0.4864697869007404,-0.01507225433865992,1.5573508733541967e-06,0.0,1.0000471323728561,0.13645104555269846,0.0,0.3526078164577484,1.6357173919677734,0.3601785898208618,-0.031085509806871414,0.04362836852669716,1.6668031215667725,0.3534308969974518,0.9853275418281555,5e-05,-0.2984607517719269,-0.3027571141719818,-0.2026696801185608,-0.2020200937986374,-0.20176950097084045,0.3010757565498352,-0.30276206135749817,-0.3019806444644928,-0.2005995661020279,-0.20153750479221344,-0.20315809547901154,0.017986226826906204,0.12080613523721695,0.01798621006309986,0.12045918405056,0.0,1.4989311695098877,1.005383014678955
286,286,57,1,57,29,train_easy_1000057,1000057,easy,balanced_cost,0.0,1.0,0.0,group_anchor_1,141,141,0,0.0,141,0,0.0,0,0.0,1.829856034745411,1.892356034745411,-0.0625,1.829856034745411,1.8923560347454105,4.440892098500626e-16,quality,-765.5000000000001,-274.35277075434,-4.446666666666666,0.9999999999999998,1.0,-0.21528793050917897,0.0,0.0,-0.0625,44,184.9,True,False,completed,1.0,1.0,765.5000000000001,765.5000000000001,274.35277075434,4.446666666666666,0.2756545706700926,0.21528793050917897,0.14,0.11428333333333336,0.75,0,0.0,0,0,0,0.0,2,38,0,0,1648,164.8,0,0,0,0.0,0,0.0,0,0,15,0.0,0,{},0.0,7,1.0,37,7,70,14,13,55,42,13,0,55,0,42,0,13,0,0,0,55,6,7,0,13,0,55,0,0,42,0,13,36,7,1.5277777777777777,0,10,1617,8.275032099998498,6.341062599938596,0.08187550000002375,0.28187909994449,10.158881700001075,parallel_episode_batch,pending,-0.010889731240100585,0.0013643489902068933,0.4864697869007404,-0.01507225433865992,1.5573508733541967e-06,0.0,1.0000471323728561,0.13645104555269846,0.0,0.3526078164577484,1.6357173919677734,0.3601785898208618,-0.031085509806871414,0.04362836852669716,1.6668031215667725,0.3534308969974518,0.9853275418281555,5e-05,-0.2984607517719269,-0.3027571141719818,-0.2026696801185608,-0.2020200937986374,-0.20176950097084045,0.3010757565498352,-0.30276206135749817,-0.3019806444644928,-0.2005995661020279,-0.20153750479221344,-0.20315809547901154,0.017986226826906204,0.12080613523721695,0.01798621006309986,0.12045918405056,0.0,1.4989311695098877,1.005383014678955
287,287,57,2,57,29,train_easy_1000057,1000057,easy,balanced_cost,0.0,0.0,1.0,group_anchor_2,141,141,0,0.0,141,0,0.0,0,0.0,1.9341750365608013,1.9966750365608013,-0.0625,1.9341750365608013,1.9966750365608013,0.0,quality,-473.8000000000002,-273.17716567258,-0.33472222222222214,0.9999999999999998,1.0,-0.0066499268783973935,0.0,0.0,-0.0625,44,168.5,True,False,completed,1.0,1.0,473.8000000000002,473.8000000000002,273.17716567258,0.3347222222222222,0.20723322570899927,0.006649926878397394,0.15090000000000003,0.1273166666666667,0.75,0,0.0,0,0,0,0.0,2,38,0,1,1532,153.20000000000002,0,0,0,0.0,0,0.0,0,0,18,0.0,0,{},0.0,7,1.0,37,7,71,14,12,64,52,12,0,64,0,52,0,12,0,0,0,64,6,6,1,11,0,64,0,0,52,0,12,46,8,1.391304347826087,0,10,1617,8.275032099998498,6.341062599938596,0.07873819999804255,0.16782319998310413,10.158881700001075,parallel_episode_batch,pending,-0.010889731240100585,0.0013643489902068933,0.4864697869007404,-0.01507225433865992,1.5573508733541967e-06,0.0,1.0000471323728561,0.13645104555269846,0.0,0.3526078164577484,1.6357173919677734,0.3601785898208618,-0.031085509806871414,0.04362836852669716,1.6668031215667725,0.3534308969974518,0.9853275418281555,5e-05,-0.2984607517719269,-0.3027571141719818,-0.2026696801185608,-0.2020200937986374,-0.20176950097084045,0.3010757565498352,-0.30276206135749817,-0.3019806444644928,-0.2005995661020279,-0.20153750479221344,-0.20315809547901154,0.017986226826906204,0.12080613523721695,0.01798621006309986,0.12045918405056,0.0,1.4989311695098877,1.005383014678955
288,288,57,3,57,29,train_easy_1000057,1000057,easy,balanced_cost,0.3333333333333333,0.3333333333333333,0.3333333333333333,group_anchor_3,142,142,0,0.0,142,0,0.0,0,0.0,1.828324428455971,1.890824428455971,-0.0625,1.828324428455971,1.8908244284559712,-2.220446049250313e-16,quality,-476.79999999999995,-263.44876696640995,-9.679166666666667,0.9999999999999998,1.0,-0.21835114308805742,0.0,0.0,-0.0625,44,170.4,True,False,completed,1.0,1.0,476.79999999999995,476.79999999999995,263.44876696640995,9.679166666666667,0.23716758851368833,0.21835114308805742,0.13650000000000004,0.09783905853333334,0.75,0,0.0,0,0,0,0.0,2,39,0,0,1481,148.1,0,0,0,0.0,0,0.0,0,0,13,0.0,0,{},0.0,7,1.0,37,7,71,14,13,68,55,13,0,68,0,55,0,13,0,0,0,68,6,7,0,13,0,68,0,0,55,0,13,47,5,1.446808510638298,0,10,1617,8.275032099998498,6.341062599938596,0.09447519999957876,0.17226070002652705,10.158881700001075,parallel_episode_batch,pending,-0.010889731240100585,0.0013643489902068933,0.4864697869007404,-0.01507225433865992,1.5573508733541967e-06,0.0,1.0000471323728561,0.13645104555269846,0.0,0.3526078164577484,1.6357173919677734,0.3601785898208618,-0.031085509806871414,0.04362836852669716,1.6668031215667725,0.3534308969974518,0.9853275418281555,5e-05,-0.2984607517719269,-0.3027571141719818,-0.2026696801185608,-0.2020200937986374,-0.20176950097084045,0.3010757565498352,-0.30276206135749817,-0.3019806444644928,-0.2005995661020279,-0.20153750479221344,-0.20315809547901154,0.017986226826906204,0.12080613523721695,0.01798621006309986,0.12045918405056,0.0,1.4989311695098877,1.005383014678955
289,289,57,4,57,29,train_easy_1000057,1000057,easy,balanced_cost,0.5,0.3,0.2,group_anchor_4,143,143,0,0.0,143,0,0.0,0,0.0,1.8257947396908913,1.8882947396908913,-0.0625,1.8257947396908913,1.8882947396908916,-2.220446049250313e-16,quality,-474.69999999999993,-264.05311123996,-5.253333333333333,0.9999999999999998,1.0,-0.22341052061821667,0.0,0.0,-0.0625,44,173.0,True,False,completed,1.0,1.0,474.69999999999993,474.69999999999993,264.05311123996,5.253333333333333,0.22341052061821667,0.22341052061821667,0.12950000000000003,0.10700000000000003,0.75,0,0.0,0,0,0,0.0,2,40,0,1,1538,153.8,0,0,0,0.0,0,0.0,0,0,17,0.0,0,{},0.0,7,1.0,37,7,71,14,14,75,61,14,0,75,0,61,0,14,0,0,0,75,7,7,0,14,0,75,0,0,61,0,14,54,7,1.3888888888888888,0,10,1617,8.275032099998498,6.341062599938596,0.10710480000125244,0.12894000003143447,10.158881700001075,parallel_episode_batch,pending,-0.010889731240100585,0.0013643489902068933,0.4864697869007404,-0.01507225433865992,1.5573508733541967e-06,0.0,1.0000471323728561,0.13645104555269846,0.0,0.3526078164577484,1.6357173919677734,0.3601785898208618,-0.031085509806871414,0.04362836852669716,1.6668031215667725,0.3534308969974518,0.9853275418281555,5e-05,-0.2984607517719269,-0.3027571141719818,-0.2026696801185608,-0.2020200937986374,-0.20176950097084045,0.3010757565498352,-0.30276206135749817,-0.3019806444644928,-0.2005995661020279,-0.20153750479221344,-0.20315809547901154,0.017986226826906204,0.12080613523721695,0.01798621006309986,0.12045918405056,0.0,1.4989311695098877,1.005383014678955
290,290,58,0,58,30,train_reconfiguration_bottleneck_1000058,1000058,reconfiguration_bottleneck,balanced_cost,1.0,0.0,0.0,group_anchor_0,374,374,0,0.0,374,0,0.0,0,0.0,1.688116097907356,1.750616097907356,-0.0625,1.688116097907356,1.7506160979073557,2.220446049250313e-16,quality,-1194.0999999999988,-1577.8906289539193,-3.918055555555556,0.9999999999999999,1.0,-0.4987678041852886,0.0,0.0,-0.0625,68,202.10000000000002,True,False,completed,1.0,1.0,1194.0999999999988,1194.0999999999988,1577.8906289539193,3.918055555555556,0.447543057546906,0.4987678041852886,0.7498098264999987,0.718417307066666,0.75,106,0.3045977011494253,41,41,297,0.7714285714285715,0,95,8,0,1398,139.8,0,0,0,0.0,0,0.0,0,0,37,0.0,0,{},11.700000000000001,25,0.92,43,25,170,50,86,270,166,104,18,252,0,166,18,86,18,18,0,252,35,112,2,86,119,252,0,0,166,18,86,93,80,2.903225806451613,0,10,2347,12.486259799996333,9.717498000005435,0.22017929999856278,0.36464759991213214,16.91400959999737,parallel_episode_batch,pending,-9.602091803744033e-05,0.0005830555980808001,0.4196514430883768,-0.004001007490866893,3.8599808499742653e-07,0.0,1.0000071267823916,0.07337272121898226,0.0,0.18941497802734375,1.6167283058166504,0.300025075674057,-0.011220612563192844,0.029144039377570152,1.6279488801956177,0.2984461188316345,0.9905640482902527,5e-05,-0.2987934648990631,-0.3026452660560608,-0.2026192992925644,-0.20194199681282043,-0.20165812969207764,0.30115342140197754,-0.302844762802124,-0.3021320104598999,-0.20059086382389069,-0.20159435272216797,-0.20335569977760315,0.017986226826906204,0.1208190843462944,0.01798621006309986,0.12042418122291565,0.0,1.498907208442688,1.0057525634765625
291,291,58,1,58,30,train_reconfiguration_bottleneck_1000058,1000058,reconfiguration_bottleneck,balanced_cost,0.0,1.0,0.0,group_anchor_1,286,286,0,0.0,286,0,0.0,0,0.0,1.6491770989008847,1.7116770989008847,-0.0625,1.6491770989008847,1.711677098900885,-2.220446049250313e-16,quality,-1171.999999999999,-1362.08830618053,-2.621388888888888,0.9999999999999999,1.0,-0.57664580219823,0.0,0.0,-0.0625,68,180.0,True,False,completed,1.0,1.0,1171.999999999999,1171.999999999999,1362.08830618053,2.6213888888888905,0.4300058513033623,0.57664580219823,0.7188098265000001,0.6564339737333336,0.75,8,0.07017543859649122,0,0,45,0.16728624535315986,1,106,2,4,1248,124.80000000000001,0,0,0,0.0,0,0.0,0,0,39,0.0,0,{},0.0,23,1.0,45,23,132,46,40,129,82,47,7,122,0,82,7,40,7,7,0,122,20,21,3,31,13,122,0,0,82,7,40,77,7,1.6753246753246753,0,10,2347,12.486259799996333,9.717498000005435,0.20003780000115512,0.2840635000829934,16.91400959999737,parallel_episode_batch,pending,-9.602091803744033e-05,0.0005830555980808001,0.4196514430883768,-0.004001007490866893,3.8599808499742653e-07,0.0,1.0000071267823916,0.07337272121898226,0.0,0.18941497802734375,1.6167283058166504,0.300025075674057,-0.011220612563192844,0.029144039377570152,1.6279488801956177,0.2984461188316345,0.9905640482902527,5e-05,-0.2987934648990631,-0.3026452660560608,-0.2026192992925644,-0.20194199681282043,-0.20165812969207764,0.30115342140197754,-0.302844762802124,-0.3021320104598999,-0.20059086382389069,-0.20159435272216797,-0.20335569977760315,0.017986226826906204,0.1208190843462944,0.01798621006309986,0.12042418122291565,0.0,1.498907208442688,1.0057525634765625
292,292,58,2,58,30,train_reconfiguration_bottleneck_1000058,1000058,reconfiguration_bottleneck,balanced_cost,0.0,0.0,1.0,group_anchor_2,283,283,0,0.0,283,0,0.0,0,0.0,1.8887725887001339,1.9512725887001339,-0.0625,1.8887725887001339,1.9512725887001343,-4.440892098500626e-16,quality,-1339.3000000000002,-1392.94232969212,-5.3988888888889,0.9999999999999999,1.0,-0.09745482259973139,0.0,0.0,-0.0625,68,200.3,True,False,completed,1.0,1.0,1339.3000000000002,1339.3000000000002,1392.94232969212,5.398888888888898,0.45783670285792544,0.09745482259973139,0.7497999999999999,0.7025666666666667,0.75,13,0.12037037037037036,0,0,28,0.08695652173913043,1,95,4,1,1543,154.3,0,0,0,0.0,0,0.0,0,0,39,0.0,0,{},0.0,23,1.0,45,23,129,46,40,126,73,53,13,113,0,73,13,40,13,13,0,113,21,23,2,29,13,113,0,0,73,13,40,67,10,1.8805970149253732,0,10,2347,12.486259799996333,9.717498000005435,0.15949550000368617,0.30815160000202013,16.91400959999737,parallel_episode_batch,pending,-9.602091803744033e-05,0.0005830555980808001,0.4196514430883768,-0.004001007490866893,3.8599808499742653e-07,0.0,1.0000071267823916,0.07337272121898226,0.0,0.18941497802734375,1.6167283058166504,0.300025075674057,-0.011220612563192844,0.029144039377570152,1.6279488801956177,0.2984461188316345,0.9905640482902527,5e-05,-0.2987934648990631,-0.3026452660560608,-0.2026192992925644,-0.20194199681282043,-0.20165812969207764,0.30115342140197754,-0.302844762802124,-0.3021320104598999,-0.20059086382389069,-0.20159435272216797,-0.20335569977760315,0.017986226826906204,0.1208190843462944,0.01798621006309986,0.12042418122291565,0.0,1.498907208442688,1.0057525634765625
293,293,58,3,58,30,train_reconfiguration_bottleneck_1000058,1000058,reconfiguration_bottleneck,balanced_cost,0.3333333333333333,0.3333333333333333,0.3333333333333333,group_anchor_3,298,298,0,0.0,298,0,0.0,0,0.0,1.7280367038670592,1.7905367038670592,-0.0625,1.7280367038670592,1.7905367038670594,-2.220446049250313e-16,quality,-1285.1,-1363.3015442422397,-9.722500000000002,0.9999999999999999,1.0,-0.41892659226588114,0.0,0.0,-0.0625,68,193.60000000000002,True,False,completed,1.0,1.0,1285.1,1285.1,1363.3015442422397,9.722500000000002,0.4641788833544906,0.41892659226588114,0.7500000000000002,0.6471251149333336,0.75,42,0.32558139534883723,10,10,297,0.6955503512880562,0,87,4,3,1317,131.70000000000002,0,0,0,0.0,0,0.0,0,0,40,0.0,0,{},15.8,22,0.9545454545454546,46,22,133,44,53,186,118,68,15,171,0,118,15,53,15,15,0,171,26,51,0,52,44,171,0,0,118,15,53,83,13,2.2409638554216866,0,10,2347,12.486259799996333,9.717498000005435,0.20727410000108648,0.29755460011801915,16.91400959999737,parallel_episode_batch,pending,-9.602091803744033e-05,0.0005830555980808001,0.4196514430883768,-0.004001007490866893,3.8599808499742653e-07,0.0,1.0000071267823916,0.07337272121898226,0.0,0.18941497802734375,1.6167283058166504,0.300025075674057,-0.011220612563192844,0.029144039377570152,1.6279488801956177,0.2984461188316345,0.9905640482902527,5e-05,-0.2987934648990631,-0.3026452660560608,-0.2026192992925644,-0.20194199681282043,-0.20165812969207764,0.30115342140197754,-0.302844762802124,-0.3021320104598999,-0.20059086382389069,-0.20159435272216797,-0.20335569977760315,0.017986226826906204,0.1208190843462944,0.01798621006309986,0.12042418122291565,0.0,1.498907208442688,1.0057525634765625
294,294,58,4,58,30,train_reconfiguration_bottleneck_1000058,1000058,reconfiguration_bottleneck,balanced_cost,0.5,0.3,0.2,group_anchor_4,294,294,0,0.0,294,0,0.0,0,0.0,1.7062414616770893,1.7687414616770893,-0.0625,1.7062414616770893,1.7687414616770891,2.220446049250313e-16,quality,-1176.2,-1396.0347188694714,-12.589166666666658,0.9999999999999999,1.0,-0.4625170766458218,0.0,0.0,-0.0625,68,196.9,True,False,completed,1.0,1.0,1176.2,1176.2,1396.0347188694714,12.589166666666658,0.4625170766458218,0.4625170766458218,0.7498098265000002,0.7275084482666667,0.75,18,0.15384615384615385,0,0,121,0.5062761506276151,1,99,2,4,1388,138.8,0,0,0,0.0,0,0.0,0,0,39,0.0,0,{},0.0,24,0.9166666666666666,44,24,133,48,45,173,116,57,12,161,0,116,12,45,12,12,0,161,30,26,1,43,26,161,0,0,116,12,45,93,8,1.8602150537634408,0,10,2347,12.486259799996333,9.717498000005435,0.18727729999955045,0.2727377999617602,16.91400959999737,parallel_episode_batch,pending,-9.602091803744033e-05,0.0005830555980808001,0.4196514430883768,-0.004001007490866893,3.8599808499742653e-07,0.0,1.0000071267823916,0.07337272121898226,0.0,0.18941497802734375,1.6167283058166504,0.300025075674057,-0.011220612563192844,0.029144039377570152,1.6279488801956177,0.2984461188316345,0.9905640482902527,5e-05,-0.2987934648990631,-0.3026452660560608,-0.2026192992925644,-0.20194199681282043,-0.20165812969207764,0.30115342140197754,-0.302844762802124,-0.3021320104598999,-0.20059086382389069,-0.20159435272216797,-0.20335569977760315,0.017986226826906204,0.1208190843462944,0.01798621006309986,0.12042418122291565,0.0,1.498907208442688,1.0057525634765625
295,295,59,0,59,30,train_easy_1000059,1000059,easy,balanced_cost,1.0,0.0,0.0,group_anchor_0,162,162,0,0.0,162,0,0.0,0,0.0,1.79200516986706,1.85450516986706,-0.0625,1.79200516986706,1.8545051698670605,-4.440892098500626e-16,quality,-492.49999999999994,-317.8452529387801,-15.808888888888893,0.9999999999999997,1.0,-0.29098966026587886,0.0,0.0,-0.0625,50,166.4,True,False,completed,1.0,1.0,492.49999999999994,492.49999999999994,317.8452529387801,15.808888888888893,0.26589534352156985,0.29098966026587886,0.2426000000000001,0.13854102715000002,0.75,0,0.0,0,0,0,0.0,2,44,0,0,1460,146.0,0,0,0,0.0,0,0.0,0,0,24,0.0,0,{},0.0,8,1.0,42,8,80,16,16,95,79,16,0,95,0,79,0,16,0,0,0,95,8,8,0,16,0,95,0,0,79,0,16,66,4,1.4393939393939394,0,10,2347,12.486259799996333,9.717498000005435,0.193979900002887,0.14439780000247993,16.91400959999737,parallel_episode_batch,pending,-9.602091803744033e-05,0.0005830555980808001,0.4196514430883768,-0.004001007490866893,3.8599808499742653e-07,0.0,1.0000071267823916,0.07337272121898226,0.0,0.18941497802734375,1.6167283058166504,0.300025075674057,-0.011220612563192844,0.029144039377570152,1.6279488801956177,0.2984461188316345,0.9905640482902527,5e-05,-0.2987934648990631,-0.3026452660560608,-0.2026192992925644,-0.20194199681282043,-0.20165812969207764,0.30115342140197754,-0.302844762802124,-0.3021320104598999,-0.20059086382389069,-0.20159435272216797,-0.20335569977760315,0.017986226826906204,0.1208190843462944,0.01798621006309986,0.12042418122291565,0.0,1.498907208442688,1.0057525634765625
296,296,59,1,59,30,train_easy_1000059,1000059,easy,balanced_cost,0.0,1.0,0.0,group_anchor_1,169,169,0,0.0,169,0,0.0,0,0.0,1.8056385508032888,1.8681385508032888,-0.0625,1.8056385508032888,1.868138550803289,-2.220446049250313e-16,quality,-598.5000000000001,-358.18430020161003,-10.93888888888889,0.9999999999999997,1.0,-0.2637228983934219,0.0,0.0,-0.0625,50,180.4,True,False,completed,1.0,1.0,598.5000000000001,598.5000000000001,358.18430020161003,10.93888888888889,0.2814067027739436,0.2637228983934219,0.2525,0.15798333333333334,0.75,0,0.0,0,0,2,0.01092896174863388,1,44,0,3,1614,161.4,0,0,0,0.0,0,0.0,0,0,24,0.0,0,{},0.0,9,0.7777777777777778,41,9,85,18,16,69,52,17,1,68,0,52,1,16,1,1,0,68,6,6,0,11,0,68,0,0,52,1,16,49,4,1.4081632653061225,0,10,2347,12.486259799996333,9.717498000005435,0.20473759999731556,0.2946362000220688,16.91400959999737,parallel_episode_batch,pending,-9.602091803744033e-05,0.0005830555980808001,0.4196514430883768,-0.004001007490866893,3.8599808499742653e-07,0.0,1.0000071267823916,0.07337272121898226,0.0,0.18941497802734375,1.6167283058166504,0.300025075674057,-0.011220612563192844,0.029144039377570152,1.6279488801956177,0.2984461188316345,0.9905640482902527,5e-05,-0.2987934648990631,-0.3026452660560608,-0.2026192992925644,-0.20194199681282043,-0.20165812969207764,0.30115342140197754,-0.302844762802124,-0.3021320104598999,-0.20059086382389069,-0.20159435272216797,-0.20335569977760315,0.017986226826906204,0.1208190843462944,0.01798621006309986,0.12042418122291565,0.0,1.498907208442688,1.0057525634765625
297,297,59,2,59,30,train_easy_1000059,1000059,easy,balanced_cost,0.0,0.0,1.0,group_anchor_2,165,165,0,0.0,165,0,0.0,0,0.0,1.9132776321075893,1.9757776321075893,-0.0625,1.9132776321075893,1.9757776321075893,0.0,quality,-685.5999999999998,-355.37781919181015,-2.5455555555555556,0.9999999999999997,1.0,-0.04844473578482164,0.0,0.0,-0.0625,50,184.20000000000002,True,False,completed,1.0,1.0,685.5999999999998,685.5999999999998,355.37781919181015,2.5455555555555556,0.2701473471503288,0.04844473578482164,0.13650000000000004,0.1155,0.75,0,0.0,0,0,0,0.0,2,54,0,1,1489,148.9,0,0,0,0.0,0,0.0,0,0,23,0.0,0,{},0.0,9,1.0,41,9,81,18,16,65,49,16,0,65,0,49,0,16,0,0,0,65,7,6,0,13,0,65,0,0,49,0,16,45,4,1.4444444444444444,0,10,2347,12.486259799996333,9.717498000005435,0.1852121000047191,0.34237780007970287,16.91400959999737,parallel_episode_batch,pending,-9.602091803744033e-05,0.0005830555980808001,0.4196514430883768,-0.004001007490866893,3.8599808499742653e-07,0.0,1.0000071267823916,0.07337272121898226,0.0,0.18941497802734375,1.6167283058166504,0.300025075674057,-0.011220612563192844,0.029144039377570152,1.6279488801956177,0.2984461188316345,0.9905640482902527,5e-05,-0.2987934648990631,-0.3026452660560608,-0.2026192992925644,-0.20194199681282043,-0.20165812969207764,0.30115342140197754,-0.302844762802124,-0.3021320104598999,-0.20059086382389069,-0.20159435272216797,-0.20335569977760315,0.017986226826906204,0.1208190843462944,0.01798621006309986,0.12042418122291565,0.0,1.498907208442688,1.0057525634765625
298,298,59,3,59,30,train_easy_1000059,1000059,easy,balanced_cost,0.3333333333333333,0.3333333333333333,0.3333333333333333,group_anchor_3,161,161,0,0.0,161,0,0.0,0,0.0,1.8346881206572248,1.8971881206572248,-0.0625,1.8346881206572248,1.8971881206572248,0.0,quality,-546.6,-317.27025152032996,-3.3655555555555554,0.9999999999999997,1.0,-0.20562375868555052,0.0,0.0,-0.0625,50,174.3,True,False,completed,1.0,1.0,546.6,546.6,317.27025152032996,3.3655555555555554,0.2413449515892374,0.20562375868555052,0.1674,0.1274,0.75,0,0.0,0,0,0,0.0,2,46,0,1,1542,154.20000000000002,0,0,0,0.0,0,0.0,0,0,24,0.0,0,{},0.0,8,1.0,42,8,79,16,16,78,62,16,0,78,0,62,0,16,0,0,0,78,8,8,0,16,0,78,0,0,62,0,16,54,4,1.4444444444444444,0,10,2347,12.486259799996333,9.717498000005435,0.17418769999494543,0.22367980003764387,16.91400959999737,parallel_episode_batch,pending,-9.602091803744033e-05,0.0005830555980808001,0.4196514430883768,-0.004001007490866893,3.8599808499742653e-07,0.0,1.0000071267823916,0.07337272121898226,0.0,0.18941497802734375,1.6167283058166504,0.300025075674057,-0.011220612563192844,0.029144039377570152,1.6279488801956177,0.2984461188316345,0.9905640482902527,5e-05,-0.2987934648990631,-0.3026452660560608,-0.2026192992925644,-0.20194199681282043,-0.20165812969207764,0.30115342140197754,-0.302844762802124,-0.3021320104598999,-0.20059086382389069,-0.20159435272216797,-0.20335569977760315,0.017986226826906204,0.1208190843462944,0.01798621006309986,0.12042418122291565,0.0,1.498907208442688,1.0057525634765625
299,299,59,4,59,30,train_easy_1000059,1000059,easy,balanced_cost,0.5,0.3,0.2,group_anchor_4,155,155,0,0.0,155,0,0.0,0,0.0,1.7989412768512834,1.8614412768512834,-0.0625,1.7989412768512834,1.8614412768512836,-2.220446049250313e-16,quality,-513.0999999999999,-282.55423612168016,-22.081388888888892,0.9999999999999997,1.0,-0.2771174462974328,0.0,0.0,-0.0625,50,169.10000000000002,True,False,completed,1.0,1.0,513.0999999999999,513.0999999999999,282.55423612168016,22.081388888888892,0.2771174462974328,0.2771174462974328,0.13650000000000004,0.11071418293333335,0.75,0,0.0,0,0,0,0.0,2,40,0,0,1479,147.9,0,0,0,0.0,0,0.0,0,0,20,0.0,0,{},0.0,7,1.0,43,7,77,14,14,79,65,14,0,79,0,65,0,14,0,0,0,79,6,6,0,12,0,79,0,0,65,0,14,54,5,1.462962962962963,0,10,2347,12.486259799996333,9.717498000005435,0.21186019999731798,0.1392337999859592,16.91400959999737,parallel_episode_batch,pending,-9.602091803744033e-05,0.0005830555980808001,0.4196514430883768,-0.004001007490866893,3.8599808499742653e-07,0.0,1.0000071267823916,0.07337272121898226,0.0,0.18941497802734375,1.6167283058166504,0.300025075674057,-0.011220612563192844,0.029144039377570152,1.6279488801956177,0.2984461188316345,0.9905640482902527,5e-05,-0.2987934648990631,-0.3026452660560608,-0.2026192992925644,-0.20194199681282043,-0.20165812969207764,0.30115342140197754,-0.302844762802124,-0.3021320104598999,-0.20059086382389069,-0.20159435272216797,-0.20335569977760315,0.017986226826906204,0.1208190843462944,0.01798621006309986,0.12042418122291565,0.0,1.498907208442688,1.0057525634765625
300,300,60,0,60,31,train_high_arrival_pressure_1000060,1000060,high_arrival_pressure,fixed_cost_dominant,1.0,0.0,0.0,group_anchor_0,289,289,0,0.0,289,0,0.0,0,0.0,1.6606561721277944,1.7231561721277944,-0.0625,1.6606561721277944,1.7231561721277942,2.220446049250313e-16,quality,-1488.7,-801.9632487348,-3.368055555555553,1.0000000000000002,1.0,-0.5536876557444118,0.0,0.0,-0.0625,79,150.70000000000002,True,False,completed,1.0,1.0,1488.7,1488.7,801.9632487348,3.368055555555554,0.42298073633435385,0.5536876557444118,0.3584979807,0.29209016275,0.75,0,0.0,0,0,0,0.0,1,97,0,0,1090,109.0,0,0,0,0.0,0,0.0,0,0,42,0.0,0,{},0.0,20,0.9,59,20,132,40,38,172,129,43,5,167,0,129,5,38,5,5,0,167,22,21,0,38,0,167,0,0,129,5,38,108,6,1.5925925925925926,0,10,2329,12.070911100003286,9.795468600037566,0.18741980000049807,0.17187709995050682,18.277574799998547,parallel_episode_batch,pending,-0.0028218639435598977,0.007455448504392612,0.5247574009605356,-0.00434171233477222,2.663979884687251e-06,0.0,1.0000467002391815,0.21982968173216325,0.06756756756756757,0.7086532115936279,1.5150024890899658,0.32327577471733093,-0.01327801775187254,0.09478040784597397,1.5282807350158691,0.2872319221496582,0.9140411019325256,5e-05,-0.2988092005252838,-0.3026590347290039,-0.20261235535144806,-0.20195148885250092,-0.20167426764965057,0.3010574281215668,-0.3028489649295807,-0.302129864692688,-0.20061680674552917,-0.2015882134437561,-0.20339615643024445,0.017986226826906204,0.12086115032434464,0.01798621006309986,0.12040723115205765,0.0,1.4987478256225586,1.0058187246322632
301,301,60,1,60,31,train_high_arrival_pressure_1000060,1000060,high_arrival_pressure,fixed_cost_dominant,0.0,1.0,0.0,group_anchor_1,276,276,0,0.0,276,0,0.0,0,0.0,1.7281326858555424,1.7906326858555424,-0.0625,1.7281326858555424,1.7906326858555426,-2.220446049250313e-16,quality,-1808.7999999999995,-720.3846103136605,-5.974722222222219,1.0000000000000002,1.0,-0.418734628288915,0.0,0.0,-0.0625,79,172.0,True,False,completed,1.0,1.0,1808.7999999999995,1808.7999999999995,720.3846103136605,5.974722222222219,0.4475532691667664,0.418734628288915,0.3056000000000001,0.23816029316666668,0.75,0,0.0,0,0,0,0.0,1,90,0,4,1457,145.70000000000002,0,0,0,0.0,0,0.0,0,0,46,0.0,0,{},0.0,18,0.8888888888888888,61,18,131,36,30,126,92,34,4,122,0,92,4,30,4,4,0,122,14,19,1,28,0,122,0,0,92,4,30,76,10,1.6578947368421053,0,10,2329,12.070911100003286,9.795468600037566,0.17715409999800613,0.2903887999491417,18.277574799998547,parallel_episode_batch,pending,-0.0028218639435598977,0.007455448504392612,0.5247574009605356,-0.00434171233477222,2.663979884687251e-06,0.0,1.0000467002391815,0.21982968173216325,0.06756756756756757,0.7086532115936279,1.5150024890899658,0.32327577471733093,-0.01327801775187254,0.09478040784597397,1.5282807350158691,0.2872319221496582,0.9140411019325256,5e-05,-0.2988092005252838,-0.3026590347290039,-0.20261235535144806,-0.20195148885250092,-0.20167426764965057,0.3010574281215668,-0.3028489649295807,-0.302129864692688,-0.20061680674552917,-0.2015882134437561,-0.20339615643024445,0.017986226826906204,0.12086115032434464,0.01798621006309986,0.12040723115205765,0.0,1.4987478256225586,1.0058187246322632
302,302,60,2,60,31,train_high_arrival_pressure_1000060,1000060,high_arrival_pressure,fixed_cost_dominant,0.0,0.0,1.0,group_anchor_2,268,268,0,0.0,268,0,0.0,0,0.0,1.9288387890136653,1.9913387890136653,-0.0625,1.9288387890136653,1.9913387890136647,6.661338147750939e-16,quality,-1632.7000000000012,-645.8599162421602,-0.8813888888888882,1.0000000000000002,1.0,-0.017322421972670633,0.0,0.0,-0.0625,79,172.5,True,False,completed,1.0,1.0,1632.7000000000012,1632.7000000000012,645.8599162421602,0.8813888888888882,0.409376895325112,0.017322421972670633,0.29245831180000004,0.21968504820000004,0.75,0,0.0,0,0,0,0.0,1,87,0,3,1345,134.5,0,0,0,0.0,0,0.0,0,0,42,0.0,0,{},0.0,16,0.9375,63,16,128,32,29,103,73,30,1,102,0,73,1,29,1,1,0,102,13,11,0,23,0,102,0,0,73,1,29,69,4,1.4927536231884058,0,10,2329,12.070911100003286,9.795468600037566,0.1769133000052534,0.298766399944725,18.277574799998547,parallel_episode_batch,pending,-0.0028218639435598977,0.007455448504392612,0.5247574009605356,-0.00434171233477222,2.663979884687251e-06,0.0,1.0000467002391815,0.21982968173216325,0.06756756756756757,0.7086532115936279,1.5150024890899658,0.32327577471733093,-0.01327801775187254,0.09478040784597397,1.5282807350158691,0.2872319221496582,0.9140411019325256,5e-05,-0.2988092005252838,-0.3026590347290039,-0.20261235535144806,-0.20195148885250092,-0.20167426764965057,0.3010574281215668,-0.3028489649295807,-0.302129864692688,-0.20061680674552917,-0.2015882134437561,-0.20339615643024445,0.017986226826906204,0.12086115032434464,0.01798621006309986,0.12040723115205765,0.0,1.4987478256225586,1.0058187246322632
303,303,60,3,60,31,train_high_arrival_pressure_1000060,1000060,high_arrival_pressure,fixed_cost_dominant,0.3333333333333333,0.3333333333333333,0.3333333333333333,group_anchor_3,288,288,0,0.0,288,0,0.0,0,0.0,1.7510882511377543,1.8135882511377543,-0.0625,1.7510882511377543,1.8135882511377541,2.220446049250313e-16,quality,-1608.2999999999993,-762.1989817921502,-6.385555555555555,1.0000000000000002,1.0,-0.37282349772449186,0.0,0.0,-0.0625,79,148.3,True,False,completed,1.0,1.0,1608.2999999999993,1608.2999999999993,762.1989817921502,6.385555555555555,0.43875538554809423,0.37282349772449186,0.33525379459999993,0.27409046561666667,0.75,0,0.0,0,0,1,0.003215434083601286,1,96,0,2,1108,110.80000000000001,0,0,0,0.0,0,0.0,0,0,44,0.0,0,{},0.0,19,0.9473684210526315,60,19,134,38,37,146,107,39,2,144,0,107,2,37,2,2,0,144,16,21,0,35,0,144,0,0,107,2,37,96,5,1.5208333333333333,0,10,2329,12.070911100003286,9.795468600037566,0.18786720000207424,0.2302748000365682,18.277574799998547,parallel_episode_batch,pending,-0.0028218639435598977,0.007455448504392612,0.5247574009605356,-0.00434171233477222,2.663979884687251e-06,0.0,1.0000467002391815,0.21982968173216325,0.06756756756756757,0.7086532115936279,1.5150024890899658,0.32327577471733093,-0.01327801775187254,0.09478040784597397,1.5282807350158691,0.2872319221496582,0.9140411019325256,5e-05,-0.2988092005252838,-0.3026590347290039,-0.20261235535144806,-0.20195148885250092,-0.20167426764965057,0.3010574281215668,-0.3028489649295807,-0.302129864692688,-0.20061680674552917,-0.2015882134437561,-0.20339615643024445,0.017986226826906204,0.12086115032434464,0.01798621006309986,0.12040723115205765,0.0,1.4987478256225586,1.0058187246322632
304,304,60,4,60,31,train_high_arrival_pressure_1000060,1000060,high_arrival_pressure,fixed_cost_dominant,0.5,0.3,0.2,group_anchor_4,279,279,0,0.0,279,0,0.0,0,0.0,1.7099037692906964,1.7724037692906964,-0.0625,1.7099037692906964,1.7724037692906964,0.0,quality,-1683.1999999999996,-729.7257168757297,-11.249166666666666,1.0000000000000002,1.0,-0.45519246141860714,0.0,0.0,-0.0625,79,152.5,True,False,completed,1.0,1.0,1683.1999999999996,1683.1999999999996,729.7257168757297,11.249166666666666,0.45519246141860714,0.45519246141860714,0.3451979807000001,0.24086861951666672,0.75,0,0.0,0,0,0,0.0,2,96,0,0,1220,122.0,0,0,0,0.0,0,0.0,0,0,45,0.0,0,{},0.0,18,0.8888888888888888,61,18,129,36,35,142,107,35,0,142,0,107,0,35,0,0,0,142,18,18,1,35,0,142,0,0,107,0,35,102,4,1.392156862745098,0,10,2329,12.070911100003286,9.795468600037566,0.190192100002605,0.2666049999606912,18.277574799998547,parallel_episode_batch,pending,-0.0028218639435598977,0.007455448504392612,0.5247574009605356,-0.00434171233477222,2.663979884687251e-06,0.0,1.0000467002391815,0.21982968173216325,0.06756756756756757,0.7086532115936279,1.5150024890899658,0.32327577471733093,-0.01327801775187254,0.09478040784597397,1.5282807350158691,0.2872319221496582,0.9140411019325256,5e-05,-0.2988092005252838,-0.3026590347290039,-0.20261235535144806,-0.20195148885250092,-0.20167426764965057,0.3010574281215668,-0.3028489649295807,-0.302129864692688,-0.20061680674552917,-0.2015882134437561,-0.20339615643024445,0.017986226826906204,0.12086115032434464,0.01798621006309986,0.12040723115205765,0.0,1.4987478256225586,1.0058187246322632
305,305,61,0,61,31,train_balanced_1000061,1000061,balanced,labor_dominant,1.0,0.0,0.0,group_anchor_0,179,179,0,0.0,179,0,0.0,0,0.0,1.7628090435914112,1.8253090435914112,-0.0625,1.7628090435914112,1.8253090435914119,-6.661338147750939e-16,quality,-644.4000000000002,-364.99713178319996,-20.92916666666667,0.9999999999999997,1.0,-0.3493819128171764,0.0,0.0,-0.0625,56,214.8,True,False,completed,1.0,1.0,644.4000000000002,644.4000000000002,364.99713178319996,20.92916666666667,0.3139245496171885,0.3493819128171764,0.24530000000000002,0.18453333333333335,0.75,0,0.0,0,0,0,0.0,1,49,0,0,1916,191.60000000000002,0,0,0,0.0,0,0.0,0,0,19,0.0,0,{},0.0,9,0.8888888888888888,47,9,88,18,17,104,86,18,1,103,0,86,1,17,1,1,0,103,8,10,0,17,0,103,0,0,86,1,17,72,6,1.4444444444444444,0,10,2329,12.070911100003286,9.795468600037566,0.13165619999927003,0.16199280005821493,18.277574799998547,parallel_episode_batch,pending,-0.0028218639435598977,0.007455448504392612,0.5247574009605356,-0.00434171233477222,2.663979884687251e-06,0.0,1.0000467002391815,0.21982968173216325,0.06756756756756757,0.7086532115936279,1.5150024890899658,0.32327577471733093,-0.01327801775187254,0.09478040784597397,1.5282807350158691,0.2872319221496582,0.9140411019325256,5e-05,-0.2988092005252838,-0.3026590347290039,-0.20261235535144806,-0.20195148885250092,-0.20167426764965057,0.3010574281215668,-0.3028489649295807,-0.302129864692688,-0.20061680674552917,-0.2015882134437561,-0.20339615643024445,0.017986226826906204,0.12086115032434464,0.01798621006309986,0.12040723115205765,0.0,1.4987478256225586,1.0058187246322632
306,306,61,1,61,31,train_balanced_1000061,1000061,balanced,labor_dominant,0.0,1.0,0.0,group_anchor_1,163,163,0,0.0,163,0,0.0,0,0.0,0.18449555389178696,0.24699555389178696,-0.0625,0.18449555389178696,0.24699555389178676,1.942890293094024e-16,quality,-1077.4,-282.53569660955,-13.111388888888891,0.9285714285714283,0.0,-0.2202946065021409,-1.0,-0.07142857142857142,-0.0625,54,240.0,False,True,horizon,0.9285714285714286,0.9642857142857143,,1077.4,282.53569660955,13.111388888888891,0.34418004545429937,0.2202946065021409,0.22240000000000004,0.1527942632166667,0.75,0,0.0,0,0,2,0.011494252873563218,2,40,0,1,2029,202.9,0,0,0,0.0,0,0.0,0,0,21,0.0,0,{},0.0,7,1.0,48,7,80,14,14,69,55,14,0,69,0,55,0,14,0,0,0,69,7,6,0,13,0,69,0,0,55,0,14,50,4,1.38,0,10,2329,12.070911100003286,9.795468600037566,0.13089700000273297,0.3217915000132052,18.277574799998547,parallel_episode_batch,pending,-0.0028218639435598977,0.007455448504392612,0.5247574009605356,-0.00434171233477222,2.663979884687251e-06,0.0,1.0000467002391815,0.21982968173216325,0.06756756756756757,0.7086532115936279,1.5150024890899658,0.32327577471733093,-0.01327801775187254,0.09478040784597397,1.5282807350158691,0.2872319221496582,0.9140411019325256,5e-05,-0.2988092005252838,-0.3026590347290039,-0.20261235535144806,-0.20195148885250092,-0.20167426764965057,0.3010574281215668,-0.3028489649295807,-0.302129864692688,-0.20061680674552917,-0.2015882134437561,-0.20339615643024445,0.017986226826906204,0.12086115032434464,0.01798621006309986,0.12040723115205765,0.0,1.4987478256225586,1.0058187246322632
307,307,61,2,61,31,train_balanced_1000061,1000061,balanced,labor_dominant,0.0,0.0,1.0,group_anchor_2,198,198,0,0.0,198,0,0.0,0,0.0,1.9096905971112428,1.9721905971112428,-0.0625,1.9096905971112428,1.9721905971112428,0.0,quality,-756.9000000000001,-517.5612056235301,-2.9447222222222234,0.9999999999999997,1.0,-0.0556188057775143,0.0,0.0,-0.0625,56,215.60000000000002,True,False,completed,1.0,1.0,756.9000000000001,756.9000000000001,517.5612056235301,2.9447222222222234,0.3068307702505444,0.0556188057775143,0.35320000000000007,0.1991166666666667,0.75,0,0.0,0,0,0,0.0,1,74,0,2,1719,171.9,0,0,0,0.0,0,0.0,0,0,25,0.0,0,{},0.0,13,1.0,43,13,93,26,23,92,68,24,1,91,0,68,1,23,1,1,0,91,12,11,0,22,0,91,0,0,68,1,23,61,4,1.5081967213114753,0,10,2329,12.070911100003286,9.795468600037566,0.14566620000550756,0.25136480000946904,18.277574799998547,parallel_episode_batch,pending,-0.0028218639435598977,0.007455448504392612,0.5247574009605356,-0.00434171233477222,2.663979884687251e-06,0.0,1.0000467002391815,0.21982968173216325,0.06756756756756757,0.7086532115936279,1.5150024890899658,0.32327577471733093,-0.01327801775187254,0.09478040784597397,1.5282807350158691,0.2872319221496582,0.9140411019325256,5e-05,-0.2988092005252838,-0.3026590347290039,-0.20261235535144806,-0.20195148885250092,-0.20167426764965057,0.3010574281215668,-0.3028489649295807,-0.302129864692688,-0.20061680674552917,-0.2015882134437561,-0.20339615643024445,0.017986226826906204,0.12086115032434464,0.01798621006309986,0.12040723115205765,0.0,1.4987478256225586,1.0058187246322632
308,308,61,3,61,31,train_balanced_1000061,1000061,balanced,labor_dominant,0.3333333333333333,0.3333333333333333,0.3333333333333333,group_anchor_3,198,198,0,0.0,198,0,0.0,0,0.0,1.7842105104024801,1.8467105104024801,-0.0625,1.7842105104024801,1.84671051040248,2.220446049250313e-16,quality,-702.6999999999999,-510.1269214332102,-13.501388888888892,0.9999999999999997,1.0,-0.30657897919504024,0.0,0.0,-0.0625,56,215.70000000000002,True,False,completed,1.0,1.0,702.6999999999999,702.6999999999999,510.1269214332102,13.501388888888892,0.32852297376026346,0.30657897919504024,0.2801,0.1971166666666667,0.75,0,0.0,0,0,0,0.0,2,70,0,0,1815,181.5,0,0,0,0.0,0,0.0,0,0,19,0.0,0,{},0.0,13,0.8461538461538461,43,13,92,26,24,103,79,24,0,103,0,79,0,24,0,0,0,103,12,12,1,23,0,103,0,0,79,0,24,73,3,1.4109589041095891,0,10,2329,12.070911100003286,9.795468600037566,0.1566979999988689,0.17932060001476202,18.277574799998547,parallel_episode_batch,pending,-0.0028218639435598977,0.007455448504392612,0.5247574009605356,-0.00434171233477222,2.663979884687251e-06,0.0,1.0000467002391815,0.21982968173216325,0.06756756756756757,0.7086532115936279,1.5150024890899658,0.32327577471733093,-0.01327801775187254,0.09478040784597397,1.5282807350158691,0.2872319221496582,0.9140411019325256,5e-05,-0.2988092005252838,-0.3026590347290039,-0.20261235535144806,-0.20195148885250092,-0.20167426764965057,0.3010574281215668,-0.3028489649295807,-0.302129864692688,-0.20061680674552917,-0.2015882134437561,-0.20339615643024445,0.017986226826906204,0.12086115032434464,0.01798621006309986,0.12040723115205765,0.0,1.4987478256225586,1.0058187246322632
309,309,61,4,61,31,train_balanced_1000061,1000061,balanced,labor_dominant,0.5,0.3,0.2,group_anchor_4,191,191,0,0.0,191,0,0.0,0,0.0,1.7757895338880816,1.8382895338880816,-0.0625,1.7757895338880816,1.8382895338880816,0.0,quality,-679.8000000000003,-434.32414279737003,-17.45888888888889,0.9999999999999997,1.0,-0.3234209322238367,0.0,0.0,-0.0625,56,215.0,True,False,completed,1.0,1.0,679.8000000000003,679.8000000000003,434.32414279737003,17.45888888888889,0.3234209322238367,0.3234209322238367,0.26300000000000007,0.18885000000000005,0.75,0,0.0,0,0,0,0.0,1,58,0,1,1886,188.60000000000002,0,0,0,0.0,0,0.0,0,0,18,0.0,0,{},0.0,11,1.0,45,11,92,22,21,103,81,22,1,102,0,81,1,21,1,1,0,102,11,12,1,21,0,102,0,0,81,1,21,69,4,1.4927536231884058,0,10,2329,12.070911100003286,9.795468600037566,0.1287058000016259,0.1617967000202043,18.277574799998547,parallel_episode_batch,pending,-0.0028218639435598977,0.007455448504392612,0.5247574009605356,-0.00434171233477222,2.663979884687251e-06,0.0,1.0000467002391815,0.21982968173216325,0.06756756756756757,0.7086532115936279,1.5150024890899658,0.32327577471733093,-0.01327801775187254,0.09478040784597397,1.5282807350158691,0.2872319221496582,0.9140411019325256,5e-05,-0.2988092005252838,-0.3026590347290039,-0.20261235535144806,-0.20195148885250092,-0.20167426764965057,0.3010574281215668,-0.3028489649295807,-0.302129864692688,-0.20061680674552917,-0.2015882134437561,-0.20339615643024445,0.017986226826906204,0.12086115032434464,0.01798621006309986,0.12040723115205765,0.0,1.4987478256225586,1.0058187246322632
310,310,62,0,62,32,train_fatigue_bottleneck_1000062,1000062,fatigue_bottleneck,balanced_cost,1.0,0.0,0.0,group_anchor_0,416,416,0,0.0,416,0,0.0,0,0.0,1.6601758211170905,1.7226758211170905,-0.06249999999999997,1.6601758211170905,1.7226758211170905,0.0,quality,-1494.5,-1344.94645462693,-7.53888888888889,0.9999999999999999,1.0,-0.5546483577658192,0.0,0.0,-0.06249999999999997,68,158.60000000000002,True,False,completed,1.0,1.0,1494.5,1494.5,1344.94645462693,7.538888888888888,0.47559398729123964,0.5546483577658192,0.7497371710999972,0.7107330355499982,0.75,348,0.6578449905482041,79,79,1514,0.9316923076923077,0,78,2,0,957,95.7,0,0,0,0.0,0,0.0,0,0,39,0.0,0,{},35.300000000000004,21,0.9047619047619048,47,21,188,42,118,314,185,129,11,303,0,185,11,118,11,11,0,303,26,183,2,117,170,303,0,0,185,11,118,93,130,3.3763440860215055,0,10,2726,14.320681899996998,11.344539099984104,0.1930860000065877,0.42267220007488504,20.83069329999853,parallel_episode_batch,pending,0.00046110220340102217,0.005710438783226405,0.43884022741816764,-0.0010720804160417512,5.364081794352895e-07,0.0,0.9999974737333697,0.18888498446362656,0.023255813953488372,0.5343713760375977,1.6019141674041748,0.36522772908210754,-0.016480648890137672,0.08134143054485321,1.6183949708938599,0.3308829665184021,0.950398325920105,5e-05,-0.2986799478530884,-0.30256739258766174,-0.20252835750579834,-0.20188601315021515,-0.2016020119190216,0.30084341764450073,-0.3029407262802124,-0.30228132009506226,-0.20059943199157715,-0.2016763985157013,-0.20356091856956482,0.017986226826906204,0.1208745688199997,0.01798621006309986,0.12048014253377914,0.0,1.4984663724899292,1.005796194076538
311,311,62,1,62,32,train_fatigue_bottleneck_1000062,1000062,fatigue_bottleneck,balanced_cost,0.0,1.0,0.0,group_anchor_1,253,253,0,0.0,253,0,0.0,0,0.0,1.695884838095661,1.758384838095661,-0.0625,1.695884838095661,1.7583848380956613,-2.220446049250313e-16,quality,-1470.0999999999995,-935.0980641320997,-27.682222222222226,0.9999999999999999,1.0,-0.4832303238086776,0.0,0.0,-0.0625,68,180.0,True,False,completed,1.0,1.0,1470.0999999999995,1470.0999999999995,935.0980641320997,27.682222222222226,0.4915288300915749,0.4832303238086776,0.7156388005999997,0.56503303555,0.75,6,0.07058823529411765,0,0,5,0.01567398119122257,1,78,1,8,1332,133.20000000000002,0,0,0,0.0,0,0.0,0,0,40,0.0,0,{},0.0,17,0.9411764705882353,51,17,119,34,32,103,67,36,4,99,0,67,4,32,4,4,0,99,19,12,2,25,7,99,0,0,67,4,32,68,5,1.5147058823529411,0,10,2726,14.320681899996998,11.344539099984104,0.1995893999992404,0.2967677999768057,20.83069329999853,parallel_episode_batch,pending,0.00046110220340102217,0.005710438783226405,0.43884022741816764,-0.0010720804160417512,5.364081794352895e-07,0.0,0.9999974737333697,0.18888498446362656,0.023255813953488372,0.5343713760375977,1.6019141674041748,0.36522772908210754,-0.016480648890137672,0.08134143054485321,1.6183949708938599,0.3308829665184021,0.950398325920105,5e-05,-0.2986799478530884,-0.30256739258766174,-0.20252835750579834,-0.20188601315021515,-0.2016020119190216,0.30084341764450073,-0.3029407262802124,-0.30228132009506226,-0.20059943199157715,-0.2016763985157013,-0.20356091856956482,0.017986226826906204,0.1208745688199997,0.01798621006309986,0.12048014253377914,0.0,1.4984663724899292,1.005796194076538
312,312,62,2,62,32,train_fatigue_bottleneck_1000062,1000062,fatigue_bottleneck,balanced_cost,0.0,0.0,1.0,group_anchor_2,302,302,0,0.0,302,0,0.0,0,0.0,1.88251362236144,1.94501362236144,-0.0625,1.88251362236144,1.94501362236144,0.0,quality,-1536.3,-1360.3173444009194,-6.178055555555563,0.9999999999999999,1.0,-0.10997275527712,0.0,0.0,-0.0625,68,171.4,True,False,completed,1.0,1.0,1536.3,1536.3,1360.3173444009194,6.178055555555563,0.4756187956849057,0.10997275527712,0.7499371711,0.7126497022166666,0.75,18,0.1592920353982301,0,0,48,0.1103448275862069,1,95,1,9,1170,117.0,0,0,0,0.0,0,0.0,0,0,36,0.0,0,{},0.0,25,1.0,43,25,140,50,44,156,91,65,21,135,0,91,21,44,21,21,0,135,29,30,0,38,21,135,0,0,91,21,44,68,17,2.2941176470588234,0,10,2726,14.320681899996998,11.344539099984104,0.18793350000487408,0.35207139989506686,20.83069329999853,parallel_episode_batch,pending,0.00046110220340102217,0.005710438783226405,0.43884022741816764,-0.0010720804160417512,5.364081794352895e-07,0.0,0.9999974737333697,0.18888498446362656,0.023255813953488372,0.5343713760375977,1.6019141674041748,0.36522772908210754,-0.016480648890137672,0.08134143054485321,1.6183949708938599,0.3308829665184021,0.950398325920105,5e-05,-0.2986799478530884,-0.30256739258766174,-0.20252835750579834,-0.20188601315021515,-0.2016020119190216,0.30084341764450073,-0.3029407262802124,-0.30228132009506226,-0.20059943199157715,-0.2016763985157013,-0.20356091856956482,0.017986226826906204,0.1208745688199997,0.01798621006309986,0.12048014253377914,0.0,1.4984663724899292,1.005796194076538
313,313,62,3,62,32,train_fatigue_bottleneck_1000062,1000062,fatigue_bottleneck,balanced_cost,0.3333333333333333,0.3333333333333333,0.3333333333333333,group_anchor_3,289,289,0,0.0,289,0,0.0,0,0.0,1.728182146848634,1.790682146848634,-0.0625,1.728182146848634,1.790682146848634,0.0,quality,-1389.1999999999998,-1232.2704693722103,-10.048888888888879,0.9999999999999999,1.0,-0.41863570630273184,0.0,0.0,-0.0625,68,166.20000000000002,True,False,completed,1.0,1.0,1389.1999999999998,1389.1999999999998,1232.2704693722103,10.048888888888877,0.46734489943191576,0.41863570630273184,0.7497867781000003,0.7396663688833335,0.75,40,0.34782608695652173,7,7,98,0.3288590604026846,0,75,5,3,1126,112.60000000000001,0,0,0,0.0,0,0.0,0,0,41,0.0,0,{},5.5,22,0.9090909090909091,46,22,130,44,47,159,97,62,15,144,0,97,15,47,15,15,0,144,31,37,2,44,38,144,0,0,97,15,47,75,10,2.12,0,10,2726,14.320681899996998,11.344539099984104,0.16761789999873145,0.25785939995694207,20.83069329999853,parallel_episode_batch,pending,0.00046110220340102217,0.005710438783226405,0.43884022741816764,-0.0010720804160417512,5.364081794352895e-07,0.0,0.9999974737333697,0.18888498446362656,0.023255813953488372,0.5343713760375977,1.6019141674041748,0.36522772908210754,-0.016480648890137672,0.08134143054485321,1.6183949708938599,0.3308829665184021,0.950398325920105,5e-05,-0.2986799478530884,-0.30256739258766174,-0.20252835750579834,-0.20188601315021515,-0.2016020119190216,0.30084341764450073,-0.3029407262802124,-0.30228132009506226,-0.20059943199157715,-0.2016763985157013,-0.20356091856956482,0.017986226826906204,0.1208745688199997,0.01798621006309986,0.12048014253377914,0.0,1.4984663724899292,1.005796194076538
314,314,62,4,62,32,train_fatigue_bottleneck_1000062,1000062,fatigue_bottleneck,balanced_cost,0.5,0.3,0.2,group_anchor_4,339,339,0,0.0,339,0,0.0,0,0.0,1.7039217935469746,1.7664217935469746,-0.0625,1.7039217935469746,1.7664217935469748,-2.220446049250313e-16,quality,-1452.800000000001,-1393.2774837835589,-5.1522222222222185,0.9999999999999999,1.0,-0.4671564129060504,0.0,0.0,-0.0625,68,166.0,True,False,completed,1.0,1.0,1452.800000000001,1452.800000000001,1393.2774837835589,5.152222222222217,0.4671564129060504,0.4671564129060504,0.7499867781,0.74978303555,0.75,135,0.5421686746987951,31,31,130,0.4676258992805755,0,81,5,0,971,97.10000000000001,0,0,0,0.0,0,0.0,0,0,39,0.0,0,{},23.3,23,1.0,45,23,153,46,72,228,140,88,16,212,0,140,16,72,16,16,0,212,30,89,2,70,87,212,0,0,140,16,72,88,37,2.590909090909091,0,10,2726,14.320681899996998,11.344539099984104,0.19518409999727737,0.3277108999536722,20.83069329999853,parallel_episode_batch,pending,0.00046110220340102217,0.005710438783226405,0.43884022741816764,-0.0010720804160417512,5.364081794352895e-07,0.0,0.9999974737333697,0.18888498446362656,0.023255813953488372,0.5343713760375977,1.6019141674041748,0.36522772908210754,-0.016480648890137672,0.08134143054485321,1.6183949708938599,0.3308829665184021,0.950398325920105,5e-05,-0.2986799478530884,-0.30256739258766174,-0.20252835750579834,-0.20188601315021515,-0.2016020119190216,0.30084341764450073,-0.3029407262802124,-0.30228132009506226,-0.20059943199157715,-0.2016763985157013,-0.20356091856956482,0.017986226826906204,0.1208745688199997,0.01798621006309986,0.12048014253377914,0.0,1.4984663724899292,1.005796194076538
315,315,63,0,63,32,train_balanced_1000063,1000063,balanced,downtime_dominant,1.0,0.0,0.0,group_anchor_0,221,221,0,0.0,221,0,0.0,0,0.0,1.740806035790113,1.803306035790113,-0.0625,1.740806035790113,1.8033060357901123,6.661338147750939e-16,quality,-778.1999999999996,-647.5298996927403,-15.621388888888887,1.0,1.0,-0.39338792841977543,0.0,0.0,-0.0625,66,207.3,True,False,completed,1.0,1.0,778.1999999999996,778.1999999999996,647.5298996927403,15.621388888888887,0.36221384912033466,0.39338792841977543,0.2063342224,0.15405850701666668,0.75,0,0.0,0,0,0,0.0,2,66,0,1,1628,162.8,0,0,0,0.0,0,0.0,0,0,36,0.0,0,{},0.0,12,1.0,54,12,107,24,24,129,105,24,0,129,0,105,0,24,0,0,0,129,12,12,0,24,0,129,0,0,105,0,24,91,4,1.4175824175824177,0,10,2726,14.320681899996998,11.344539099984104,0.14477510000142502,0.20825050000712508,20.83069329999853,parallel_episode_batch,pending,0.00046110220340102217,0.005710438783226405,0.43884022741816764,-0.0010720804160417512,5.364081794352895e-07,0.0,0.9999974737333697,0.18888498446362656,0.023255813953488372,0.5343713760375977,1.6019141674041748,0.36522772908210754,-0.016480648890137672,0.08134143054485321,1.6183949708938599,0.3308829665184021,0.950398325920105,5e-05,-0.2986799478530884,-0.30256739258766174,-0.20252835750579834,-0.20188601315021515,-0.2016020119190216,0.30084341764450073,-0.3029407262802124,-0.30228132009506226,-0.20059943199157715,-0.2016763985157013,-0.20356091856956482,0.017986226826906204,0.1208745688199997,0.01798621006309986,0.12048014253377914,0.0,1.4984663724899292,1.005796194076538
316,316,63,1,63,32,train_balanced_1000063,1000063,balanced,downtime_dominant,0.0,1.0,0.0,group_anchor_1,213,213,0,0.0,213,0,0.0,0,0.0,0.12944334010577196,0.19194334010577196,-0.0625,0.12944334010577196,0.1919433401057718,1.6653345369377348e-16,quality,-1184.4,-577.5690375230402,-14.740000000000002,0.9375,0.0,-0.3661133197884564,-1.0,-0.0625,-0.0625,65,240.0,False,True,horizon,0.9375,0.9848484848484849,,1184.4,577.5690375230402,14.740000000000002,0.403734354445405,0.3661133197884564,0.16100000000000003,0.14032854348333337,0.75,0,0.0,0,0,9,0.034482758620689655,2,64,0,4,1943,194.3,0,0,0,0.0,0,0.0,0,0,38,0.0,0,{},0.0,11,1.0,55,11,104,22,21,85,64,21,0,85,0,64,0,21,0,0,0,85,10,10,1,19,0,85,0,0,64,0,21,60,4,1.4166666666666667,0,10,2726,14.320681899996998,11.344539099984104,0.11182820000249194,0.4518436000071233,20.83069329999853,parallel_episode_batch,pending,0.00046110220340102217,0.005710438783226405,0.43884022741816764,-0.0010720804160417512,5.364081794352895e-07,0.0,0.9999974737333697,0.18888498446362656,0.023255813953488372,0.5343713760375977,1.6019141674041748,0.36522772908210754,-0.016480648890137672,0.08134143054485321,1.6183949708938599,0.3308829665184021,0.950398325920105,5e-05,-0.2986799478530884,-0.30256739258766174,-0.20252835750579834,-0.20188601315021515,-0.2016020119190216,0.30084341764450073,-0.3029407262802124,-0.30228132009506226,-0.20059943199157715,-0.2016763985157013,-0.20356091856956482,0.017986226826906204,0.1208745688199997,0.01798621006309986,0.12048014253377914,0.0,1.4984663724899292,1.005796194076538
317,317,63,2,63,32,train_balanced_1000063,1000063,balanced,downtime_dominant,0.0,0.0,1.0,group_anchor_2,249,249,0,0.0,249,0,0.0,0,0.0,1.8916119840152588,1.9541119840152588,-0.0625,1.8916119840152588,1.954111984015258,6.661338147750939e-16,quality,-950.1999999999999,-904.2890860265201,-5.052500000000001,1.0,1.0,-0.09177603196948368,0.0,0.0,-0.0625,66,218.4,True,False,completed,1.0,1.0,950.1999999999999,950.1999999999999,904.2890860265201,5.052500000000001,0.38177229060931106,0.0917760319694837,0.25124583660000005,0.18699097276666674,0.75,0,0.0,0,0,0,0.0,2,97,0,4,1669,166.9,0,0,0,0.0,0,0.0,0,0,40,0.0,0,{},0.0,17,1.0,49,17,118,34,31,114,83,31,0,114,0,83,0,31,0,0,0,114,16,14,1,29,0,114,0,0,83,0,31,79,3,1.4430379746835442,0,10,2726,14.320681899996998,11.344539099984104,0.1304113999940455,0.3102613000155543,20.83069329999853,parallel_episode_batch,pending,0.00046110220340102217,0.005710438783226405,0.43884022741816764,-0.0010720804160417512,5.364081794352895e-07,0.0,0.9999974737333697,0.18888498446362656,0.023255813953488372,0.5343713760375977,1.6019141674041748,0.36522772908210754,-0.016480648890137672,0.08134143054485321,1.6183949708938599,0.3308829665184021,0.950398325920105,5e-05,-0.2986799478530884,-0.30256739258766174,-0.20252835750579834,-0.20188601315021515,-0.2016020119190216,0.30084341764450073,-0.3029407262802124,-0.30228132009506226,-0.20059943199157715,-0.2016763985157013,-0.20356091856956482,0.017986226826906204,0.1208745688199997,0.01798621006309986,0.12048014253377914,0.0,1.4984663724899292,1.005796194076538
318,318,63,3,63,32,train_balanced_1000063,1000063,balanced,downtime_dominant,0.3333333333333333,0.3333333333333333,0.3333333333333333,group_anchor_3,218,218,0,0.0,218,0,0.0,0,0.0,1.7905228515087597,1.8530228515087597,-0.0625,1.7905228515087597,1.8530228515087601,-4.440892098500626e-16,quality,-836.8999999999997,-637.27647014939,-4.452222222222223,1.0,1.0,-0.2939542969824796,0.0,0.0,-0.0625,66,225.8,True,False,completed,1.0,1.0,836.8999999999997,836.8999999999997,637.27647014939,4.452222222222222,0.33855637601670163,0.2939542969824796,0.18060000000000004,0.14458992646666669,0.75,0,0.0,0,0,0,0.0,2,68,0,2,1846,184.60000000000002,0,0,0,0.0,0,0.0,0,0,37,0.0,0,{},0.0,12,1.0,54,12,105,24,23,102,79,23,0,102,0,79,0,23,0,0,0,102,11,11,0,22,0,102,0,0,79,0,23,75,5,1.36,0,10,2726,14.320681899996998,11.344539099984104,0.13767130000633188,0.26846299998578615,20.83069329999853,parallel_episode_batch,pending,0.00046110220340102217,0.005710438783226405,0.43884022741816764,-0.0010720804160417512,5.364081794352895e-07,0.0,0.9999974737333697,0.18888498446362656,0.023255813953488372,0.5343713760375977,1.6019141674041748,0.36522772908210754,-0.016480648890137672,0.08134143054485321,1.6183949708938599,0.3308829665184021,0.950398325920105,5e-05,-0.2986799478530884,-0.30256739258766174,-0.20252835750579834,-0.20188601315021515,-0.2016020119190216,0.30084341764450073,-0.3029407262802124,-0.30228132009506226,-0.20059943199157715,-0.2016763985157013,-0.20356091856956482,0.017986226826906204,0.1208745688199997,0.01798621006309986,0.12048014253377914,0.0,1.4984663724899292,1.005796194076538
319,319,63,4,63,32,train_balanced_1000063,1000063,balanced,downtime_dominant,0.5,0.3,0.2,group_anchor_4,226,226,0,0.0,226,0,0.0,0,0.0,1.7428088397579442,1.8053088397579442,-0.0625,1.7428088397579442,1.8053088397579447,-4.440892098500626e-16,quality,-832.1,-692.2575136600201,-22.422500000000003,1.0,1.0,-0.3893823204841106,0.0,0.0,-0.0625,66,225.20000000000002,True,False,completed,1.0,1.0,832.1,832.1,692.2575136600201,22.422500000000003,0.3893823204841106,0.3893823204841106,0.19950000000000004,0.1575,0.75,0,0.0,0,0,0,0.0,2,74,0,1,1908,190.8,0,0,0,0.0,0,0.0,0,0,35,0.0,0,{},0.0,13,1.0,53,13,109,26,25,113,88,25,0,113,0,88,0,25,0,0,0,113,12,13,0,25,0,113,0,0,88,0,25,81,4,1.3950617283950617,0,10,2726,14.320681899996998,11.344539099984104,0.1430504000018118,0.21034230002987897,20.83069329999853,parallel_episode_batch,pending,0.00046110220340102217,0.005710438783226405,0.43884022741816764,-0.0010720804160417512,5.364081794352895e-07,0.0,0.9999974737333697,0.18888498446362656,0.023255813953488372,0.5343713760375977,1.6019141674041748,0.36522772908210754,-0.016480648890137672,0.08134143054485321,1.6183949708938599,0.3308829665184021,0.950398325920105,5e-05,-0.2986799478530884,-0.30256739258766174,-0.20252835750579834,-0.20188601315021515,-0.2016020119190216,0.30084341764450073,-0.3029407262802124,-0.30228132009506226,-0.20059943199157715,-0.2016763985157013,-0.20356091856956482,0.017986226826906204,0.1208745688199997,0.01798621006309986,0.12048014253377914,0.0,1.4984663724899292,1.005796194076538
320,320,64,0,64,33,train_balanced_1000064,1000064,balanced,downtime_dominant,1.0,0.0,0.0,group_anchor_0,159,159,0,0.0,159,0,0.0,0,0.0,1.7683519437551696,1.8308519437551696,-0.0625,1.7683519437551696,1.8308519437551696,0.0,quality,-613.4999999999999,-293.6555512154301,-3.248055555555555,0.9999999999999997,1.0,-0.3382961124896608,0.0,0.0,-0.0625,55,218.4,True,False,completed,1.0,1.0,613.4999999999999,613.4999999999999,293.6555512154301,3.248055555555555,0.24944678376885351,0.3382961124896608,0.14700000000000002,0.11991118080000002,0.75,0,0.0,0,0,0,0.0,2,34,0,0,1952,195.20000000000002,0,0,0,0.0,0,0.0,0,0,23,0.0,0,{},0.0,6,1.0,49,6,80,12,12,88,76,12,0,88,0,76,0,12,0,0,0,88,6,6,0,12,0,88,0,0,76,0,12,65,4,1.353846153846154,0,10,2676,14.889984100002039,11.23052389996883,0.09589779999805614,0.11641240000608377,20.109933399995498,parallel_episode_batch,pending,0.0005546791833781061,0.0013555183198020262,0.41730943215744837,-0.002940656675491482,1.4788935015444406e-06,0.0,0.999990069440433,0.09419139164189498,0.0,0.22990261018276215,1.4530797004699707,0.3178466260433197,-0.003945507574826479,0.055879078805446625,1.4570252895355225,0.3444555401802063,0.9690925478935242,5e-05,-0.2987366318702698,-0.30253511667251587,-0.20239996910095215,-0.20188400149345398,-0.2015899270772934,0.30090317130088806,-0.30272582173347473,-0.3022577464580536,-0.20047864317893982,-0.20150497555732727,-0.20366397500038147,0.017986226826906204,0.12082375586032867,0.01798621006309986,0.12051724642515182,0.0,1.4984562397003174,1.0058075189590454
321,321,64,1,64,33,train_balanced_1000064,1000064,balanced,downtime_dominant,0.0,1.0,0.0,group_anchor_1,180,180,0,0.0,180,0,0.0,0,0.0,1.7696518065816167,1.8321518065816167,-0.0625,1.7696518065816167,1.8321518065816165,2.220446049250313e-16,quality,-1037.2000000000005,-505.33578349555023,-20.83555555555556,0.9999999999999997,1.0,-0.33569638683676717,0.0,0.0,-0.0625,55,221.0,True,False,completed,1.0,1.0,1037.2000000000005,1037.2000000000005,505.33578349555023,20.83555555555556,0.39134449105327884,0.33569638683676717,0.3417,0.21386236345,0.75,0,0.0,0,0,0,0.0,1,50,0,0,1952,195.20000000000002,0,0,0,0.0,0,0.0,0,0,22,0.0,0,{},0.0,10,0.9,45,10,87,20,18,75,54,21,3,72,0,54,3,18,3,3,0,72,8,8,0,13,0,72,0,0,54,3,18,48,11,1.5625,0,10,2676,14.889984100002039,11.23052389996883,0.09725459999754094,0.33183589996770024,20.109933399995498,parallel_episode_batch,pending,0.0005546791833781061,0.0013555183198020262,0.41730943215744837,-0.002940656675491482,1.4788935015444406e-06,0.0,0.999990069440433,0.09419139164189498,0.0,0.22990261018276215,1.4530797004699707,0.3178466260433197,-0.003945507574826479,0.055879078805446625,1.4570252895355225,0.3444555401802063,0.9690925478935242,5e-05,-0.2987366318702698,-0.30253511667251587,-0.20239996910095215,-0.20188400149345398,-0.2015899270772934,0.30090317130088806,-0.30272582173347473,-0.3022577464580536,-0.20047864317893982,-0.20150497555732727,-0.20366397500038147,0.017986226826906204,0.12082375586032867,0.01798621006309986,0.12051724642515182,0.0,1.4984562397003174,1.0058075189590454
322,322,64,2,64,33,train_balanced_1000064,1000064,balanced,downtime_dominant,0.0,0.0,1.0,group_anchor_2,174,174,0,0.0,174,0,0.0,0,0.0,1.8937205674370037,1.9562205674370037,-0.0625,1.8937205674370037,1.9562205674370035,2.220446049250313e-16,quality,-959.9,-450.37720020361036,-4.798055555555553,0.9999999999999997,1.0,-0.08755886512599287,0.0,0.0,-0.0625,55,218.70000000000002,True,False,completed,1.0,1.0,959.9,959.9,450.37720020361036,4.798055555555553,0.3328783905181087,0.08755886512599288,0.20160000000000006,0.15663006836666668,0.75,0,0.0,0,0,0,0.0,2,52,0,0,1928,192.8,0,0,0,0.0,0,0.0,0,0,24,0.0,0,{},0.0,9,1.0,46,9,84,18,17,67,50,17,0,67,0,50,0,17,0,0,0,67,8,8,1,15,0,67,0,0,50,0,17,46,4,1.4565217391304348,0,10,2676,14.889984100002039,11.23052389996883,0.12440489999426063,0.22272329997940687,20.109933399995498,parallel_episode_batch,pending,0.0005546791833781061,0.0013555183198020262,0.41730943215744837,-0.002940656675491482,1.4788935015444406e-06,0.0,0.999990069440433,0.09419139164189498,0.0,0.22990261018276215,1.4530797004699707,0.3178466260433197,-0.003945507574826479,0.055879078805446625,1.4570252895355225,0.3444555401802063,0.9690925478935242,5e-05,-0.2987366318702698,-0.30253511667251587,-0.20239996910095215,-0.20188400149345398,-0.2015899270772934,0.30090317130088806,-0.30272582173347473,-0.3022577464580536,-0.20047864317893982,-0.20150497555732727,-0.20366397500038147,0.017986226826906204,0.12082375586032867,0.01798621006309986,0.12051724642515182,0.0,1.4984562397003174,1.0058075189590454
323,323,64,3,64,33,train_balanced_1000064,1000064,balanced,downtime_dominant,0.3333333333333333,0.3333333333333333,0.3333333333333333,group_anchor_3,166,166,0,0.0,166,0,0.0,0,0.0,1.8045781086811272,1.8670781086811272,-0.0625,1.8045781086811272,1.8670781086811274,-2.220446049250313e-16,quality,-652.8000000000002,-355.33432196558016,-11.201388888888891,0.9999999999999997,1.0,-0.265843782637745,0.0,0.0,-0.0625,55,223.3,True,False,completed,1.0,1.0,652.8000000000002,652.8000000000002,355.33432196558016,11.201388888888891,0.29142321795835396,0.265843782637745,0.18510000000000004,0.12537250600000002,0.75,0,0.0,0,0,0,0.0,2,41,0,0,1972,197.20000000000002,0,0,0,0.0,0,0.0,0,0,24,0.0,0,{},0.0,7,1.0,48,7,83,14,14,85,71,14,0,85,0,71,0,14,0,0,0,85,7,7,0,14,0,85,0,0,71,0,14,59,3,1.4406779661016949,0,10,2676,14.889984100002039,11.23052389996883,0.10636279999744147,0.14173360003042035,20.109933399995498,parallel_episode_batch,pending,0.0005546791833781061,0.0013555183198020262,0.41730943215744837,-0.002940656675491482,1.4788935015444406e-06,0.0,0.999990069440433,0.09419139164189498,0.0,0.22990261018276215,1.4530797004699707,0.3178466260433197,-0.003945507574826479,0.055879078805446625,1.4570252895355225,0.3444555401802063,0.9690925478935242,5e-05,-0.2987366318702698,-0.30253511667251587,-0.20239996910095215,-0.20188400149345398,-0.2015899270772934,0.30090317130088806,-0.30272582173347473,-0.3022577464580536,-0.20047864317893982,-0.20150497555732727,-0.20366397500038147,0.017986226826906204,0.12082375586032867,0.01798621006309986,0.12051724642515182,0.0,1.4984562397003174,1.0058075189590454
324,324,64,4,64,33,train_balanced_1000064,1000064,balanced,downtime_dominant,0.5,0.3,0.2,group_anchor_4,161,161,0,0.0,161,0,0.0,0,0.0,1.8014701288321433,1.8639701288321433,-0.0625,1.8014701288321433,1.8639701288321433,0.0,quality,-625.2,-301.0187829197,-9.304722222222223,0.9999999999999997,1.0,-0.2720597423357135,0.0,0.0,-0.0625,55,225.10000000000002,True,False,completed,1.0,1.0,625.2,625.2,301.0187829197,9.304722222222223,0.2720597423357135,0.2720597423357135,0.14700000000000002,0.12076025625000002,0.75,0,0.0,0,0,0,0.0,2,34,0,1,2099,209.9,0,0,0,0.0,0,0.0,0,0,25,0.0,0,{},0.0,6,1.0,49,6,82,12,12,84,72,12,0,84,0,72,0,12,0,0,0,84,6,6,0,12,0,84,0,0,72,0,12,61,4,1.3770491803278688,0,10,2676,14.889984100002039,11.23052389996883,0.11259260000224458,0.19068030000198632,20.109933399995498,parallel_episode_batch,pending,0.0005546791833781061,0.0013555183198020262,0.41730943215744837,-0.002940656675491482,1.4788935015444406e-06,0.0,0.999990069440433,0.09419139164189498,0.0,0.22990261018276215,1.4530797004699707,0.3178466260433197,-0.003945507574826479,0.055879078805446625,1.4570252895355225,0.3444555401802063,0.9690925478935242,5e-05,-0.2987366318702698,-0.30253511667251587,-0.20239996910095215,-0.20188400149345398,-0.2015899270772934,0.30090317130088806,-0.30272582173347473,-0.3022577464580536,-0.20047864317893982,-0.20150497555732727,-0.20366397500038147,0.017986226826906204,0.12082375586032867,0.01798621006309986,0.12051724642515182,0.0,1.4984562397003174,1.0058075189590454
325,325,65,0,65,33,train_reconfiguration_bottleneck_1000065,1000065,reconfiguration_bottleneck,balanced_cost,1.0,0.0,0.0,group_anchor_0,290,290,0,0.0,290,0,0.0,0,0.0,1.678077385725742,1.740577385725742,-0.0625,1.678077385725742,1.7405773857257416,4.440892098500626e-16,quality,-1294.0000000000002,-1366.5455553713102,-3.434722222222215,1.0,1.0,-0.5188452285485166,0.0,0.0,-0.0625,74,189.5,True,False,completed,1.0,1.0,1294.0000000000002,1294.0000000000002,1366.5455553713102,3.434722222222215,0.445511332724807,0.5188452285485166,0.7495856620999997,0.6818358927499997,0.75,16,0.15384615384615385,0,0,21,0.1794871794871795,1,88,2,0,1333,133.3,0,0,0,0.0,0,0.0,0,0,48,0.0,0,{},0.0,21,1.0,53,21,132,42,42,182,128,54,12,170,0,128,12,42,12,12,0,170,27,27,0,42,16,170,0,0,128,12,42,95,10,1.9157894736842105,0,10,2676,14.889984100002039,11.23052389996883,0.1561509000021033,0.20467239995923592,20.109933399995498,parallel_episode_batch,pending,0.0005546791833781061,0.0013555183198020262,0.41730943215744837,-0.002940656675491482,1.4788935015444406e-06,0.0,0.999990069440433,0.09419139164189498,0.0,0.22990261018276215,1.4530797004699707,0.3178466260433197,-0.003945507574826479,0.055879078805446625,1.4570252895355225,0.3444555401802063,0.9690925478935242,5e-05,-0.2987366318702698,-0.30253511667251587,-0.20239996910095215,-0.20188400149345398,-0.2015899270772934,0.30090317130088806,-0.30272582173347473,-0.3022577464580536,-0.20047864317893982,-0.20150497555732727,-0.20366397500038147,0.017986226826906204,0.12082375586032867,0.01798621006309986,0.12051724642515182,0.0,1.4984562397003174,1.0058075189590454
326,326,65,1,65,33,train_reconfiguration_bottleneck_1000065,1000065,reconfiguration_bottleneck,balanced_cost,0.0,1.0,0.0,group_anchor_1,554,554,0,0.0,554,0,0.0,0,0.0,1.6152641427488041,1.6777641427488041,-0.0625,1.6152641427488041,1.6777641427488041,0.0,quality,-1627.7999999999997,-1812.7157269649288,-2.792500000000006,1.0,1.0,-0.6444717145023917,0.0,0.0,-0.0625,74,226.20000000000002,True,False,completed,1.0,1.0,1627.7999999999997,1627.7999999999997,1812.7157269649288,2.7925000000000026,0.4917415894438446,0.6444717145023917,0.7496999999999949,0.7285127126499958,0.75,747,0.7507537688442211,131,131,1294,0.8620919387075283,0,99,7,7,1506,150.6,0,0,0,0.0,0,0.0,0,0,45,0.0,0,{},52.7,24,0.9583333333333334,50,24,263,48,169,392,212,180,11,381,0,212,11,169,11,11,0,381,27,285,5,165,283,381,0,0,212,11,169,78,124,5.0256410256410255,0,10,2676,14.889984100002039,11.23052389996883,0.14088330000231508,0.7246368999913102,20.109933399995498,parallel_episode_batch,pending,0.0005546791833781061,0.0013555183198020262,0.41730943215744837,-0.002940656675491482,1.4788935015444406e-06,0.0,0.999990069440433,0.09419139164189498,0.0,0.22990261018276215,1.4530797004699707,0.3178466260433197,-0.003945507574826479,0.055879078805446625,1.4570252895355225,0.3444555401802063,0.9690925478935242,5e-05,-0.2987366318702698,-0.30253511667251587,-0.20239996910095215,-0.20188400149345398,-0.2015899270772934,0.30090317130088806,-0.30272582173347473,-0.3022577464580536,-0.20047864317893982,-0.20150497555732727,-0.20366397500038147,0.017986226826906204,0.12082375586032867,0.01798621006309986,0.12051724642515182,0.0,1.4984562397003174,1.0058075189590454
327,327,65,2,65,33,train_reconfiguration_bottleneck_1000065,1000065,reconfiguration_bottleneck,balanced_cost,0.0,0.0,1.0,group_anchor_2,313,313,0,0.0,313,0,0.0,0,0.0,1.8977144599383309,1.9602144599383309,-0.0625,1.8977144599383309,1.960214459938331,-2.220446049250313e-16,quality,-1606.6000000000004,-1634.1366123676298,-4.322500000000008,1.0,1.0,-0.07957108012333765,0.0,0.0,-0.0625,74,228.9,True,False,completed,1.0,1.0,1606.6000000000004,1606.6000000000004,1634.1366123676298,4.322500000000009,0.48824310644820695,0.07957108012333763,0.7497826202000002,0.7365360206833332,0.75,39,0.2867647058823529,5,5,218,0.4458077709611452,0,97,6,1,1587,158.70000000000002,0,0,0,0.0,0,0.0,0,0,46,0.0,0,{},13.700000000000001,24,0.9583333333333334,50,24,144,48,47,162,104,58,11,151,0,104,11,47,11,11,0,151,26,35,4,41,30,151,0,0,104,11,47,85,6,1.9058823529411764,0,10,2676,14.889984100002039,11.23052389996883,0.16602309999871068,0.35608599995612167,20.109933399995498,parallel_episode_batch,pending,0.0005546791833781061,0.0013555183198020262,0.41730943215744837,-0.002940656675491482,1.4788935015444406e-06,0.0,0.999990069440433,0.09419139164189498,0.0,0.22990261018276215,1.4530797004699707,0.3178466260433197,-0.003945507574826479,0.055879078805446625,1.4570252895355225,0.3444555401802063,0.9690925478935242,5e-05,-0.2987366318702698,-0.30253511667251587,-0.20239996910095215,-0.20188400149345398,-0.2015899270772934,0.30090317130088806,-0.30272582173347473,-0.3022577464580536,-0.20047864317893982,-0.20150497555732727,-0.20366397500038147,0.017986226826906204,0.12082375586032867,0.01798621006309986,0.12051724642515182,0.0,1.4984562397003174,1.0058075189590454
328,328,65,3,65,33,train_reconfiguration_bottleneck_1000065,1000065,reconfiguration_bottleneck,balanced_cost,0.3333333333333333,0.3333333333333333,0.3333333333333333,group_anchor_3,381,381,0,0.0,381,0,0.0,0,0.0,1.7256491526833422,1.7881491526833422,-0.0625,1.7256491526833422,1.788149152683342,2.220446049250313e-16,quality,-1483.6000000000001,-1724.2930546361704,-4.664722222222227,1.0,1.0,-0.423701694633316,0.0,0.0,-0.0625,74,225.5,True,False,completed,1.0,1.0,1483.6000000000001,1483.6000000000001,1724.2930546361704,4.664722222222227,0.48336608706561357,0.423701694633316,0.749899999999999,0.7483554560499995,0.75,162,0.5724381625441696,46,46,266,0.6768447837150128,0,92,3,4,1408,140.8,0,0,0,0.0,0,0.0,0,0,45,0.0,0,{},26.5,24,1.0,50,24,170,48,89,253,149,104,15,238,0,149,15,89,15,15,0,238,33,114,2,84,115,238,0,0,149,15,89,101,22,2.504950495049505,0,10,2676,14.889984100002039,11.23052389996883,0.18354379999800585,0.37750009995215805,20.109933399995498,parallel_episode_batch,pending,0.0005546791833781061,0.0013555183198020262,0.41730943215744837,-0.002940656675491482,1.4788935015444406e-06,0.0,0.999990069440433,0.09419139164189498,0.0,0.22990261018276215,1.4530797004699707,0.3178466260433197,-0.003945507574826479,0.055879078805446625,1.4570252895355225,0.3444555401802063,0.9690925478935242,5e-05,-0.2987366318702698,-0.30253511667251587,-0.20239996910095215,-0.20188400149345398,-0.2015899270772934,0.30090317130088806,-0.30272582173347473,-0.3022577464580536,-0.20047864317893982,-0.20150497555732727,-0.20366397500038147,0.017986226826906204,0.12082375586032867,0.01798621006309986,0.12051724642515182,0.0,1.4984562397003174,1.0058075189590454
329,329,65,4,65,33,train_reconfiguration_bottleneck_1000065,1000065,reconfiguration_bottleneck,balanced_cost,0.5,0.3,0.2,group_anchor_4,298,298,0,0.0,298,0,0.0,0,0.0,1.6996974248231798,1.7621974248231798,-0.0625,1.6996974248231798,1.7621974248231798,0.0,quality,-1438.6,-1437.5371370993503,-7.495555555555558,1.0,1.0,-0.4756051503536403,0.0,0.0,-0.0625,74,205.20000000000002,True,False,completed,1.0,1.0,1438.6,1438.6,1437.5371370993503,7.495555555555558,0.4756051503536403,0.4756051503536403,0.7497856621,0.68662079045,0.75,18,0.16071428571428573,2,2,37,0.2,0,94,3,2,1371,137.1,0,0,0,0.0,0,0.0,0,0,47,0.0,0,{},1.8,22,0.9545454545454546,52,22,137,44,43,167,114,53,10,157,0,114,10,43,10,10,0,157,27,28,2,41,20,157,0,0,114,10,43,97,7,1.7216494845360826,0,10,2676,14.889984100002039,11.23052389996883,0.15924510000331793,0.23986099997273413,20.109933399995498,parallel_episode_batch,pending,0.0005546791833781061,0.0013555183198020262,0.41730943215744837,-0.002940656675491482,1.4788935015444406e-06,0.0,0.999990069440433,0.09419139164189498,0.0,0.22990261018276215,1.4530797004699707,0.3178466260433197,-0.003945507574826479,0.055879078805446625,1.4570252895355225,0.3444555401802063,0.9690925478935242,5e-05,-0.2987366318702698,-0.30253511667251587,-0.20239996910095215,-0.20188400149345398,-0.2015899270772934,0.30090317130088806,-0.30272582173347473,-0.3022577464580536,-0.20047864317893982,-0.20150497555732727,-0.20366397500038147,0.017986226826906204,0.12082375586032867,0.01798621006309986,0.12051724642515182,0.0,1.4984562397003174,1.0058075189590454
330,330,66,0,66,34,train_fatigue_bottleneck_1000066,1000066,fatigue_bottleneck,fixed_cost_dominant,1.0,0.0,0.0,group_anchor_0,262,262,0,0.0,262,0,0.0,0,0.0,1.6861016159105033,1.7486016159105033,-0.0625,1.6861016159105033,1.7486016159105033,0.0,quality,-1213.5000000000002,-883.3639558285206,-2.595833333333333,0.9999999999999999,1.0,-0.5027967681789932,0.0,0.0,-0.0625,66,136.5,True,False,completed,1.0,1.0,1213.5000000000002,1213.5000000000002,883.3639558285206,2.595833333333334,0.4019798093279239,0.5027967681789932,0.7250499323999998,0.5911164084166666,0.75,15,0.14150943396226415,4,4,42,0.2916666666666667,0,91,1,0,953,95.30000000000001,0,0,0,0.0,0,0.0,0,0,43,0.0,0,{},3.0,20,0.9,46,20,117,40,39,157,110,47,8,149,0,110,8,39,8,8,0,149,22,32,3,39,13,149,0,0,110,8,39,94,6,1.6702127659574468,0,10,2460,12.447255700004462,10.130974800005788,0.13729749999765772,0.17219410000689095,18.451466999998956,parallel_episode_batch,pending,-0.002052116601799543,0.0007810010556101751,0.444390044762538,-0.0061055161357403565,3.6340518115652326e-06,0.0,1.0000443504406855,0.0782041787289274,0.0,0.1877768635749817,1.565137267112732,0.3000367283821106,0.000783129537012428,0.033055756241083145,1.5643541812896729,0.30310681462287903,0.9878620505332947,5e-05,-0.29864737391471863,-0.3022732138633728,-0.20220351219177246,-0.201704740524292,-0.2014043629169464,0.30078819394111633,-0.3027564287185669,-0.30247771739959717,-0.20052361488342285,-0.2015053927898407,-0.2036159783601761,0.017986226826906204,0.12076947093009949,0.01798621006309986,0.12047746777534485,0.0,1.4977302551269531,1.0060145854949951
331,331,66,1,66,34,train_fatigue_bottleneck_1000066,1000066,fatigue_bottleneck,fixed_cost_dominant,0.0,1.0,0.0,group_anchor_1,269,269,0,0.0,269,0,0.0,0,0.0,1.7023349430806625,1.7648349430806625,-0.0625,1.7023349430806625,1.7648349430806622,2.220446049250313e-16,quality,-1221.4,-887.96838583235,-7.5058333333333325,0.9999999999999999,1.0,-0.4703301138386757,0.0,0.0,-0.0625,66,142.8,True,False,completed,1.0,1.0,1221.4,1221.4,887.96838583235,7.5058333333333325,0.4194130978342692,0.4703301138386757,0.5449283973000001,0.44364974175000005,0.75,0,0.0,0,0,10,0.04201680672268908,1,95,1,7,1099,109.9,0,0,0,0.0,0,0.0,0,0,38,0.0,0,{},0.0,21,0.8095238095238095,45,21,123,42,38,130,84,46,8,122,0,84,8,38,8,8,0,122,19,23,0,34,2,122,0,0,84,8,38,77,7,1.6883116883116882,0,10,2460,12.447255700004462,10.130974800005788,0.13406430000031833,0.22367559999111108,18.451466999998956,parallel_episode_batch,pending,-0.002052116601799543,0.0007810010556101751,0.444390044762538,-0.0061055161357403565,3.6340518115652326e-06,0.0,1.0000443504406855,0.0782041787289274,0.0,0.1877768635749817,1.565137267112732,0.3000367283821106,0.000783129537012428,0.033055756241083145,1.5643541812896729,0.30310681462287903,0.9878620505332947,5e-05,-0.29864737391471863,-0.3022732138633728,-0.20220351219177246,-0.201704740524292,-0.2014043629169464,0.30078819394111633,-0.3027564287185669,-0.30247771739959717,-0.20052361488342285,-0.2015053927898407,-0.2036159783601761,0.017986226826906204,0.12076947093009949,0.01798621006309986,0.12047746777534485,0.0,1.4977302551269531,1.0060145854949951
332,332,66,2,66,34,train_fatigue_bottleneck_1000066,1000066,fatigue_bottleneck,fixed_cost_dominant,0.0,0.0,1.0,group_anchor_2,253,253,0,0.0,253,0,0.0,0,0.0,1.9254424011103404,1.9879424011103404,-0.0625,1.9254424011103404,1.98794240111034,4.440892098500626e-16,quality,-1258.9000000000005,-820.9804081681398,-1.2355555555555564,0.9999999999999999,1.0,-0.024115197779319964,0.0,0.0,-0.0625,66,144.5,True,False,completed,1.0,1.0,1258.9000000000005,1258.9000000000005,820.9804081681398,1.2355555555555573,0.39606507139789765,0.02411519777931995,0.5127499323999999,0.46548307508333325,0.75,0,0.0,0,0,11,0.04435483870967742,1,91,1,3,1047,104.7,0,0,0,0.0,0,0.0,0,0,43,0.0,0,{},0.0,19,0.8947368421052632,47,19,117,38,32,114,77,37,5,109,0,77,5,32,5,5,0,109,17,18,3,27,1,109,0,0,77,5,32,72,8,1.5833333333333333,0,10,2460,12.447255700004462,10.130974800005788,0.12155690000508912,0.23106739992363146,18.451466999998956,parallel_episode_batch,pending,-0.002052116601799543,0.0007810010556101751,0.444390044762538,-0.0061055161357403565,3.6340518115652326e-06,0.0,1.0000443504406855,0.0782041787289274,0.0,0.1877768635749817,1.565137267112732,0.3000367283821106,0.000783129537012428,0.033055756241083145,1.5643541812896729,0.30310681462287903,0.9878620505332947,5e-05,-0.29864737391471863,-0.3022732138633728,-0.20220351219177246,-0.201704740524292,-0.2014043629169464,0.30078819394111633,-0.3027564287185669,-0.30247771739959717,-0.20052361488342285,-0.2015053927898407,-0.2036159783601761,0.017986226826906204,0.12076947093009949,0.01798621006309986,0.12047746777534485,0.0,1.4977302551269531,1.0060145854949951
333,333,66,3,66,34,train_fatigue_bottleneck_1000066,1000066,fatigue_bottleneck,fixed_cost_dominant,0.3333333333333333,0.3333333333333333,0.3333333333333333,group_anchor_3,281,281,0,0.0,281,0,0.0,0,0.0,1.755720061500597,1.818220061500597,-0.0625,1.755720061500597,1.8182200615005968,2.220446049250313e-16,quality,-1253.8999999999996,-989.76333493147,-4.482222222222224,0.9999999999999999,1.0,-0.36355987699880626,0.0,0.0,-0.0625,66,153.60000000000002,True,False,completed,1.0,1.0,1253.8999999999996,1253.8999999999996,989.76333493147,4.4822222222222265,0.42117344825485215,0.36355987699880626,0.7414248179999999,0.6429497417500002,0.75,7,0.06363636363636363,0,0,19,0.07692307692307693,1,103,2,2,1116,111.60000000000001,0,0,0,0.0,0,0.0,0,0,42,0.0,0,{},0.0,23,0.9130434782608695,43,23,127,46,42,148,101,47,5,143,0,101,5,42,5,5,0,143,23,23,2,39,9,143,0,0,101,5,42,85,10,1.7411764705882353,0,10,2460,12.447255700004462,10.130974800005788,0.15184259999659844,0.24530340005003382,18.451466999998956,parallel_episode_batch,pending,-0.002052116601799543,0.0007810010556101751,0.444390044762538,-0.0061055161357403565,3.6340518115652326e-06,0.0,1.0000443504406855,0.0782041787289274,0.0,0.1877768635749817,1.565137267112732,0.3000367283821106,0.000783129537012428,0.033055756241083145,1.5643541812896729,0.30310681462287903,0.9878620505332947,5e-05,-0.29864737391471863,-0.3022732138633728,-0.20220351219177246,-0.201704740524292,-0.2014043629169464,0.30078819394111633,-0.3027564287185669,-0.30247771739959717,-0.20052361488342285,-0.2015053927898407,-0.2036159783601761,0.017986226826906204,0.12076947093009949,0.01798621006309986,0.12047746777534485,0.0,1.4977302551269531,1.0060145854949951
334,334,66,4,66,34,train_fatigue_bottleneck_1000066,1000066,fatigue_bottleneck,fixed_cost_dominant,0.5,0.3,0.2,group_anchor_4,237,237,0,0.0,237,0,0.0,0,0.0,1.7398879792756377,1.8023879792756377,-0.0625,1.7398879792756377,1.8023879792756374,2.220446049250313e-16,quality,-1270.0,-726.8960968680997,-3.1522222222222207,0.9999999999999999,1.0,-0.3952240414487249,0.0,0.0,-0.0625,66,163.60000000000002,True,False,completed,1.0,1.0,1270.0,1270.0,726.8960968680997,3.1522222222222207,0.3952240414487249,0.3952240414487249,0.6271695534000001,0.5695664084166667,0.75,0,0.0,0,0,13,0.07738095238095238,1,81,1,2,1322,132.20000000000002,0,0,0,0.0,0,0.0,0,0,47,0.0,0,{},0.0,17,1.0,49,17,109,34,28,128,94,34,6,122,0,94,6,28,6,6,0,122,17,16,1,26,1,122,0,0,94,6,28,78,9,1.641025641025641,0,10,2460,12.447255700004462,10.130974800005788,0.1137864999982412,0.2634456000087084,18.451466999998956,parallel_episode_batch,pending,-0.002052116601799543,0.0007810010556101751,0.444390044762538,-0.0061055161357403565,3.6340518115652326e-06,0.0,1.0000443504406855,0.0782041787289274,0.0,0.1877768635749817,1.565137267112732,0.3000367283821106,0.000783129537012428,0.033055756241083145,1.5643541812896729,0.30310681462287903,0.9878620505332947,5e-05,-0.29864737391471863,-0.3022732138633728,-0.20220351219177246,-0.201704740524292,-0.2014043629169464,0.30078819394111633,-0.3027564287185669,-0.30247771739959717,-0.20052361488342285,-0.2015053927898407,-0.2036159783601761,0.017986226826906204,0.12076947093009949,0.01798621006309986,0.12047746777534485,0.0,1.4977302551269531,1.0060145854949951
335,335,67,0,67,34,train_balanced_1000067,1000067,balanced,balanced_cost,1.0,0.0,0.0,group_anchor_0,242,242,0,0.0,242,0,0.0,0,0.0,1.736334545273434,1.798834545273434,-0.0625,1.736334545273434,1.7988345452734336,4.440892098500626e-16,quality,-807.8,-658.2296326919497,-13.963333333333333,1.0000000000000002,1.0,-0.40233090945313277,0.0,0.0,-0.0625,66,204.60000000000002,True,False,completed,1.0,1.0,807.8,807.8,658.2296326919497,13.963333333333333,0.3639100493494268,0.40233090945313277,0.3511000000000001,0.20019730831666668,0.75,0,0.0,0,0,0,0.0,1,86,0,1,1643,164.3,0,0,0,0.0,0,0.0,0,0,27,0.0,0,{},0.0,16,0.9375,50,16,112,32,32,140,107,33,1,139,0,107,1,32,1,1,0,139,17,16,0,32,0,139,0,0,107,1,32,94,5,1.4893617021276595,0,10,2460,12.447255700004462,10.130974800005788,0.1463478000005125,0.2162169999719481,18.451466999998956,parallel_episode_batch,pending,-0.002052116601799543,0.0007810010556101751,0.444390044762538,-0.0061055161357403565,3.6340518115652326e-06,0.0,1.0000443504406855,0.0782041787289274,0.0,0.1877768635749817,1.565137267112732,0.3000367283821106,0.000783129537012428,0.033055756241083145,1.5643541812896729,0.30310681462287903,0.9878620505332947,5e-05,-0.29864737391471863,-0.3022732138633728,-0.20220351219177246,-0.201704740524292,-0.2014043629169464,0.30078819394111633,-0.3027564287185669,-0.30247771739959717,-0.20052361488342285,-0.2015053927898407,-0.2036159783601761,0.017986226826906204,0.12076947093009949,0.01798621006309986,0.12047746777534485,0.0,1.4977302551269531,1.0060145854949951
336,336,67,1,67,34,train_balanced_1000067,1000067,balanced,balanced_cost,0.0,1.0,0.0,group_anchor_1,227,227,0,0.0,227,0,0.0,0,0.0,1.750915940926161,1.813415940926161,-0.0625,1.750915940926161,1.813415940926161,0.0,quality,-934.4999999999998,-595.3240876085403,-9.579999999999998,1.0000000000000002,1.0,-0.373168118147678,0.0,0.0,-0.0625,66,204.5,True,False,completed,1.0,1.0,934.4999999999998,934.4999999999998,595.3240876085403,9.579999999999998,0.36301260240029914,0.373168118147678,0.2136,0.16346666666666668,0.75,0,0.0,0,0,0,0.0,1,79,0,1,1608,160.8,0,0,0,0.0,0,0.0,0,0,26,0.0,0,{},0.0,14,0.9285714285714286,52,14,109,28,24,107,81,26,2,105,0,81,2,24,2,2,0,105,12,13,1,22,0,105,0,0,81,2,24,74,5,1.445945945945946,0,10,2460,12.447255700004462,10.130974800005788,0.15176330000394955,0.318544500049029,18.451466999998956,parallel_episode_batch,pending,-0.002052116601799543,0.0007810010556101751,0.444390044762538,-0.0061055161357403565,3.6340518115652326e-06,0.0,1.0000443504406855,0.0782041787289274,0.0,0.1877768635749817,1.565137267112732,0.3000367283821106,0.000783129537012428,0.033055756241083145,1.5643541812896729,0.30310681462287903,0.9878620505332947,5e-05,-0.29864737391471863,-0.3022732138633728,-0.20220351219177246,-0.201704740524292,-0.2014043629169464,0.30078819394111633,-0.3027564287185669,-0.30247771739959717,-0.20052361488342285,-0.2015053927898407,-0.2036159783601761,0.017986226826906204,0.12076947093009949,0.01798621006309986,0.12047746777534485,0.0,1.4977302551269531,1.0060145854949951
337,337,67,2,67,34,train_balanced_1000067,1000067,balanced,balanced_cost,0.0,0.0,1.0,group_anchor_2,248,248,0,0.0,248,0,0.0,0,0.0,1.9076482011607443,1.9701482011607443,-0.0625,1.9076482011607443,1.9701482011607436,6.661338147750939e-16,quality,-974.8000000000003,-742.28124646077,-3.1747222222222224,1.0000000000000002,1.0,-0.05970359767851263,0.0,0.0,-0.0625,66,207.70000000000002,True,False,completed,1.0,1.0,974.8000000000003,974.8000000000003,742.28124646077,3.1747222222222207,0.3638652375678812,0.05970359767851263,0.34330000000000005,0.24375000000000002,0.75,0,0.0,0,0,0,0.0,1,83,0,4,1735,173.5,0,0,0,0.0,0,0.0,0,0,34,0.0,0,{},0.0,17,0.9411764705882353,49,17,117,34,31,110,75,35,4,106,0,75,4,31,4,4,0,106,17,19,3,29,0,106,0,0,75,4,31,67,7,1.6417910447761195,0,10,2460,12.447255700004462,10.130974800005788,0.13900269999430748,0.3227399000170408,18.451466999998956,parallel_episode_batch,pending,-0.002052116601799543,0.0007810010556101751,0.444390044762538,-0.0061055161357403565,3.6340518115652326e-06,0.0,1.0000443504406855,0.0782041787289274,0.0,0.1877768635749817,1.565137267112732,0.3000367283821106,0.000783129537012428,0.033055756241083145,1.5643541812896729,0.30310681462287903,0.9878620505332947,5e-05,-0.29864737391471863,-0.3022732138633728,-0.20220351219177246,-0.201704740524292,-0.2014043629169464,0.30078819394111633,-0.3027564287185669,-0.30247771739959717,-0.20052361488342285,-0.2015053927898407,-0.2036159783601761,0.017986226826906204,0.12076947093009949,0.01798621006309986,0.12047746777534485,0.0,1.4977302551269531,1.0060145854949951
338,338,67,3,67,34,train_balanced_1000067,1000067,balanced,balanced_cost,0.3333333333333333,0.3333333333333333,0.3333333333333333,group_anchor_3,219,219,0,0.0,219,0,0.0,0,0.0,1.7940028928340415,1.8565028928340415,-0.0625,1.7940028928340415,1.8565028928340415,0.0,quality,-860.1999999999998,-504.94590184777013,-6.049166666666671,1.0000000000000002,1.0,-0.28699421433191713,0.0,0.0,-0.0625,66,204.8,True,False,completed,1.0,1.0,860.1999999999998,860.1999999999998,504.94590184777013,6.049166666666671,0.33100864090188314,0.28699421433191713,0.19810000000000003,0.14981666666666668,0.75,0,0.0,0,0,0,0.0,2,65,0,0,1744,174.4,0,0,0,0.0,0,0.0,0,0,32,0.0,0,{},0.0,12,0.9166666666666666,54,12,106,24,23,105,82,23,0,105,0,82,0,23,0,0,0,105,10,12,1,21,0,105,0,0,82,0,23,70,3,1.5,0,10,2460,12.447255700004462,10.130974800005788,0.1499487000037334,0.2911703999634483,18.451466999998956,parallel_episode_batch,pending,-0.002052116601799543,0.0007810010556101751,0.444390044762538,-0.0061055161357403565,3.6340518115652326e-06,0.0,1.0000443504406855,0.0782041787289274,0.0,0.1877768635749817,1.565137267112732,0.3000367283821106,0.000783129537012428,0.033055756241083145,1.5643541812896729,0.30310681462287903,0.9878620505332947,5e-05,-0.29864737391471863,-0.3022732138633728,-0.20220351219177246,-0.201704740524292,-0.2014043629169464,0.30078819394111633,-0.3027564287185669,-0.30247771739959717,-0.20052361488342285,-0.2015053927898407,-0.2036159783601761,0.017986226826906204,0.12076947093009949,0.01798621006309986,0.12047746777534485,0.0,1.4977302551269531,1.0060145854949951
339,339,67,4,67,34,train_balanced_1000067,1000067,balanced,balanced_cost,0.5,0.3,0.2,group_anchor_4,222,222,0,0.0,222,0,0.0,0,0.0,1.7676216648587408,1.8301216648587408,-0.0625,1.7676216648587408,1.8301216648587404,4.440892098500626e-16,quality,-836.9999999999999,-498.9772606953301,-10.402500000000005,1.0000000000000002,1.0,-0.33975667028251905,0.0,0.0,-0.0625,66,210.3,True,False,completed,1.0,1.0,836.9999999999999,836.9999999999999,498.9772606953301,10.402500000000005,0.33975667028251905,0.33975667028251905,0.23350000000000004,0.14573064165000002,0.75,0,0.0,0,0,0,0.0,2,62,0,2,1771,177.10000000000002,0,0,0,0.0,0,0.0,0,0,20,0.0,0,{},0.0,12,0.9166666666666666,54,12,108,24,24,112,88,24,0,112,0,88,0,24,0,0,0,112,12,12,0,24,0,112,0,0,88,0,24,81,7,1.382716049382716,0,10,2460,12.447255700004462,10.130974800005788,0.1503408999997191,0.2152733999391785,18.451466999998956,parallel_episode_batch,pending,-0.002052116601799543,0.0007810010556101751,0.444390044762538,-0.0061055161357403565,3.6340518115652326e-06,0.0,1.0000443504406855,0.0782041787289274,0.0,0.1877768635749817,1.565137267112732,0.3000367283821106,0.000783129537012428,0.033055756241083145,1.5643541812896729,0.30310681462287903,0.9878620505332947,5e-05,-0.29864737391471863,-0.3022732138633728,-0.20220351219177246,-0.201704740524292,-0.2014043629169464,0.30078819394111633,-0.3027564287185669,-0.30247771739959717,-0.20052361488342285,-0.2015053927898407,-0.2036159783601761,0.017986226826906204,0.12076947093009949,0.01798621006309986,0.12047746777534485,0.0,1.4977302551269531,1.0060145854949951
340,340,68,0,68,35,train_reconfiguration_bottleneck_1000068,1000068,reconfiguration_bottleneck,fixed_cost_dominant,1.0,0.0,0.0,group_anchor_0,320,320,0,0.0,320,0,0.0,0,0.0,1.6774520095980805,1.7399520095980805,-0.0625,1.6774520095980805,1.7399520095980805,0.0,quality,-1300.4999999999995,-1269.25072850164,-1.6013888888888834,1.0000000000000002,1.0,-0.5200959808038391,0.0,0.0,-0.0625,84,196.20000000000002,True,False,completed,1.0,1.0,1300.4999999999995,1300.4999999999995,1269.25072850164,1.6013888888888834,0.43405252998449145,0.5200959808038391,0.7436470898,0.6850007753999999,0.75,15,0.12195121951219512,0,0,11,0.10185185185185185,1,108,1,1,1423,142.3,0,0,0,0.0,0,0.0,0,0,48,0.0,0,{},0.0,24,0.9166666666666666,60,24,141,48,47,191,135,56,9,182,0,135,9,47,9,9,0,182,30,27,1,47,16,182,0,0,135,9,47,115,9,1.6608695652173913,0,10,2860,15.731355700001586,12.347339500047383,0.3841649000023608,0.18509429997357074,24.292898899999273,parallel_episode_batch,pending,0.00015915908540288607,0.0006043614858450989,0.4743120183547338,-0.004281780162515739,1.1119894528140624e-06,0.0,0.99998699426651,0.060726494217912354,0.0,0.1579471379518509,1.5218276977539062,0.2495943009853363,0.008752057328820229,0.02921818196773529,1.5130757093429565,0.2537182569503784,0.9862962961196899,5e-05,-0.2987128794193268,-0.3022373616695404,-0.20220942795276642,-0.2016829252243042,-0.2013937085866928,0.3009780943393707,-0.30283549427986145,-0.3024485111236572,-0.20050396025180817,-0.20147402584552765,-0.20352521538734436,0.017986226826906204,0.1207408681511879,0.01798621006309986,0.12058264017105103,0.0,1.4972621202468872,1.0063016414642334
341,341,68,1,68,35,train_reconfiguration_bottleneck_1000068,1000068,reconfiguration_bottleneck,fixed_cost_dominant,0.0,1.0,0.0,group_anchor_1,294,294,0,0.0,294,0,0.0,0,0.0,1.6777450448302529,1.7402450448302529,-0.0625,1.6777450448302529,1.7402450448302527,2.220446049250313e-16,quality,-1383.5,-1081.2083776931993,-9.368888888888884,1.0000000000000002,1.0,-0.5195099103394947,0.0,0.0,-0.0625,84,195.10000000000002,True,False,completed,1.0,1.0,1383.5,1383.5,1081.2083776931993,9.368888888888884,0.45517150302991966,0.5195099103394947,0.6436000000000001,0.5755612490500001,0.75,1,0.009615384615384616,0,0,6,0.031914893617021274,1,102,1,2,1476,147.6,0,0,0,0.0,0,0.0,0,0,40,0.0,0,{},0.0,21,0.9523809523809523,63,21,134,42,34,136,97,39,5,131,0,97,5,34,5,5,0,131,20,19,6,28,1,131,0,0,97,5,34,91,7,1.4945054945054945,0,10,2860,15.731355700001586,12.347339500047383,0.32765540000400506,0.2308270000066841,24.292898899999273,parallel_episode_batch,pending,0.00015915908540288607,0.0006043614858450989,0.4743120183547338,-0.004281780162515739,1.1119894528140624e-06,0.0,0.99998699426651,0.060726494217912354,0.0,0.1579471379518509,1.5218276977539062,0.2495943009853363,0.008752057328820229,0.02921818196773529,1.5130757093429565,0.2537182569503784,0.9862962961196899,5e-05,-0.2987128794193268,-0.3022373616695404,-0.20220942795276642,-0.2016829252243042,-0.2013937085866928,0.3009780943393707,-0.30283549427986145,-0.3024485111236572,-0.20050396025180817,-0.20147402584552765,-0.20352521538734436,0.017986226826906204,0.1207408681511879,0.01798621006309986,0.12058264017105103,0.0,1.4972621202468872,1.0063016414642334
342,342,68,2,68,35,train_reconfiguration_bottleneck_1000068,1000068,reconfiguration_bottleneck,fixed_cost_dominant,0.0,0.0,1.0,group_anchor_2,264,264,0,0.0,264,0,0.0,0,0.0,1.9031746072810813,1.9656746072810813,-0.0625,1.9031746072810813,1.9656746072810811,2.220446049250313e-16,quality,-1317.9999999999995,-681.3736091408001,-3.6855555555555566,1.0000000000000002,1.0,-0.06865078543783763,0.0,0.0,-0.0625,84,198.9,True,False,completed,1.0,1.0,1317.9999999999995,1317.9999999999995,681.3736091408001,3.6855555555555566,0.39702026094903103,0.06865078543783763,0.34292040450000005,0.27172626043333337,0.75,0,0.0,0,0,0,0.0,1,75,0,3,1587,158.70000000000002,0,0,0,0.0,0,0.0,0,0,46,0.0,0,{},0.0,13,1.0,71,13,129,26,25,108,82,26,1,107,0,82,1,25,1,1,0,107,12,12,0,23,0,107,0,0,82,1,25,73,5,1.4794520547945205,0,10,2860,15.731355700001586,12.347339500047383,0.4320616999975755,0.2646659999300027,24.292898899999273,parallel_episode_batch,pending,0.00015915908540288607,0.0006043614858450989,0.4743120183547338,-0.004281780162515739,1.1119894528140624e-06,0.0,0.99998699426651,0.060726494217912354,0.0,0.1579471379518509,1.5218276977539062,0.2495943009853363,0.008752057328820229,0.02921818196773529,1.5130757093429565,0.2537182569503784,0.9862962961196899,5e-05,-0.2987128794193268,-0.3022373616695404,-0.20220942795276642,-0.2016829252243042,-0.2013937085866928,0.3009780943393707,-0.30283549427986145,-0.3024485111236572,-0.20050396025180817,-0.20147402584552765,-0.20352521538734436,0.017986226826906204,0.1207408681511879,0.01798621006309986,0.12058264017105103,0.0,1.4972621202468872,1.0063016414642334
343,343,68,3,68,35,train_reconfiguration_bottleneck_1000068,1000068,reconfiguration_bottleneck,fixed_cost_dominant,0.3333333333333333,0.3333333333333333,0.3333333333333333,group_anchor_3,308,308,0,0.0,308,0,0.0,0,0.0,1.675367572409665,1.737867572409665,-0.0625,1.675367572409665,1.7378675724096648,2.220446049250313e-16,quality,-1298.2,-1111.5083960362115,-55.649166666666666,1.0000000000000002,1.0,-0.5242648551806702,0.0,0.0,-0.0625,84,204.3,True,False,completed,1.0,1.0,1298.2,1298.2,1111.5083960362115,55.649166666666666,0.5230956498244563,0.5242648551806702,0.6797470898000001,0.5230174420666668,0.75,5,0.047619047619047616,0,0,11,0.06043956043956044,1,100,2,3,1501,150.1,0,0,0,0.0,0,0.0,0,0,39,0.0,0,{},0.0,21,1.0,63,21,144,42,38,152,107,45,7,145,0,107,7,38,7,7,0,145,24,19,2,34,7,145,0,0,107,7,38,93,5,1.6344086021505377,0,10,2860,15.731355700001586,12.347339500047383,0.3605618000001414,0.26193100001546554,24.292898899999273,parallel_episode_batch,pending,0.00015915908540288607,0.0006043614858450989,0.4743120183547338,-0.004281780162515739,1.1119894528140624e-06,0.0,0.99998699426651,0.060726494217912354,0.0,0.1579471379518509,1.5218276977539062,0.2495943009853363,0.008752057328820229,0.02921818196773529,1.5130757093429565,0.2537182569503784,0.9862962961196899,5e-05,-0.2987128794193268,-0.3022373616695404,-0.20220942795276642,-0.2016829252243042,-0.2013937085866928,0.3009780943393707,-0.30283549427986145,-0.3024485111236572,-0.20050396025180817,-0.20147402584552765,-0.20352521538734436,0.017986226826906204,0.1207408681511879,0.01798621006309986,0.12058264017105103,0.0,1.4972621202468872,1.0063016414642334
344,344,68,4,68,35,train_reconfiguration_bottleneck_1000068,1000068,reconfiguration_bottleneck,fixed_cost_dominant,0.5,0.3,0.2,group_anchor_4,301,301,0,0.0,301,0,0.0,0,0.0,1.693010929720671,1.755510929720671,-0.0625,1.693010929720671,1.7555109297206708,2.220446049250313e-16,quality,-1316.5000000000005,-1034.3072565233508,-29.920000000000005,1.0000000000000002,1.0,-0.48897814055865857,0.0,0.0,-0.0625,84,179.9,True,False,completed,1.0,1.0,1316.5000000000005,1316.5000000000005,1034.3072565233508,29.920000000000005,0.48897814055865857,0.48897814055865857,0.6614371581,0.49429292710000006,0.75,2,0.019230769230769232,0,0,5,0.03816793893129771,1,102,0,1,1297,129.70000000000002,0,0,0,0.0,0,0.0,0,0,54,0.0,0,{},0.0,20,1.0,64,20,138,40,39,159,117,42,3,156,0,117,3,39,3,3,0,156,21,20,0,38,2,156,0,0,117,3,39,103,5,1.5436893203883495,0,10,2860,15.731355700001586,12.347339500047383,0.3994133000014699,0.2551759000198217,24.292898899999273,parallel_episode_batch,pending,0.00015915908540288607,0.0006043614858450989,0.4743120183547338,-0.004281780162515739,1.1119894528140624e-06,0.0,0.99998699426651,0.060726494217912354,0.0,0.1579471379518509,1.5218276977539062,0.2495943009853363,0.008752057328820229,0.02921818196773529,1.5130757093429565,0.2537182569503784,0.9862962961196899,5e-05,-0.2987128794193268,-0.3022373616695404,-0.20220942795276642,-0.2016829252243042,-0.2013937085866928,0.3009780943393707,-0.30283549427986145,-0.3024485111236572,-0.20050396025180817,-0.20147402584552765,-0.20352521538734436,0.017986226826906204,0.1207408681511879,0.01798621006309986,0.12058264017105103,0.0,1.4972621202468872,1.0063016414642334
345,345,69,0,69,35,train_worker_bottleneck_1000069,1000069,worker_bottleneck,fixed_cost_dominant,1.0,0.0,0.0,group_anchor_0,278,278,0,0.0,278,0,0.0,0,0.0,1.6587307805759377,1.7212307805759377,-0.06249999999999997,1.6587307805759377,1.7212307805759375,2.220446049250313e-16,quality,-1512.0999999999992,-805.2374581817701,-6.032222222222224,1.0,1.0,-0.5575384388481249,0.0,0.0,-0.06249999999999997,76,165.4,True,False,completed,1.0,1.0,1512.0999999999992,1512.0999999999992,805.2374581817701,6.032222222222224,0.4341173573988274,0.5575384388481249,0.5945667687000001,0.4471168142,0.75,0,0.0,0,0,15,0.09933774834437085,1,91,2,0,1362,136.20000000000002,0,0,0,0.0,0,0.0,0,0,49,0.0,0,{},0.0,20,0.9,56,20,125,40,37,167,123,44,7,160,0,123,7,37,7,7,0,160,23,22,2,36,3,160,0,0,123,7,37,104,6,1.6057692307692308,0,10,2860,15.731355700001586,12.347339500047383,1.0132718000022578,0.26543649998347973,24.292898899999273,parallel_episode_batch,pending,0.00015915908540288607,0.0006043614858450989,0.4743120183547338,-0.004281780162515739,1.1119894528140624e-06,0.0,0.99998699426651,0.060726494217912354,0.0,0.1579471379518509,1.5218276977539062,0.2495943009853363,0.008752057328820229,0.02921818196773529,1.5130757093429565,0.2537182569503784,0.9862962961196899,5e-05,-0.2987128794193268,-0.3022373616695404,-0.20220942795276642,-0.2016829252243042,-0.2013937085866928,0.3009780943393707,-0.30283549427986145,-0.3024485111236572,-0.20050396025180817,-0.20147402584552765,-0.20352521538734436,0.017986226826906204,0.1207408681511879,0.01798621006309986,0.12058264017105103,0.0,1.4972621202468872,1.0063016414642334
346,346,69,1,69,35,train_worker_bottleneck_1000069,1000069,worker_bottleneck,fixed_cost_dominant,0.0,1.0,0.0,group_anchor_1,266,266,0,0.0,266,0,0.0,0,0.0,1.7257631496257233,1.7882631496257233,-0.0625,1.7257631496257233,1.7882631496257233,0.0,quality,-1692.0000000000002,-734.5262502307098,-3.146666666666665,1.0,1.0,-0.4234737007485533,0.0,0.0,-0.0625,76,146.6,True,False,completed,1.0,1.0,1692.0000000000002,1692.0000000000002,734.5262502307098,3.146666666666665,0.43141467561421815,0.4234737007485533,0.44716206699999994,0.3812334808666667,0.75,0,0.0,0,0,15,0.040983606557377046,1,82,1,0,1163,116.30000000000001,0,0,0,0.0,0,0.0,0,0,45,0.0,0,{},0.0,18,0.9444444444444444,58,18,123,36,31,121,85,36,5,116,0,85,5,31,5,5,0,116,19,19,3,30,3,116,0,0,85,5,31,74,8,1.635135135135135,0,10,2860,15.731355700001586,12.347339500047383,1.06305070000235,0.37634090003120946,24.292898899999273,parallel_episode_batch,pending,0.00015915908540288607,0.0006043614858450989,0.4743120183547338,-0.004281780162515739,1.1119894528140624e-06,0.0,0.99998699426651,0.060726494217912354,0.0,0.1579471379518509,1.5218276977539062,0.2495943009853363,0.008752057328820229,0.02921818196773529,1.5130757093429565,0.2537182569503784,0.9862962961196899,5e-05,-0.2987128794193268,-0.3022373616695404,-0.20220942795276642,-0.2016829252243042,-0.2013937085866928,0.3009780943393707,-0.30283549427986145,-0.3024485111236572,-0.20050396025180817,-0.20147402584552765,-0.20352521538734436,0.017986226826906204,0.1207408681511879,0.01798621006309986,0.12058264017105103,0.0,1.4972621202468872,1.0063016414642334
347,347,69,2,69,35,train_worker_bottleneck_1000069,1000069,worker_bottleneck,fixed_cost_dominant,0.0,0.0,1.0,group_anchor_2,303,303,0,0.0,303,0,0.0,0,0.0,1.9166515822650025,1.9791515822650025,-0.0625,1.9166515822650025,1.9791515822650028,-2.220446049250313e-16,quality,-1643.5000000000007,-913.6308545535395,-2.175555555555557,1.0,1.0,-0.04169683546999448,0.0,0.0,-0.0625,76,154.4,True,False,completed,1.0,1.0,1643.5000000000007,1643.5000000000007,913.6308545535395,2.1755555555555572,0.4405617584718668,0.041696835469994496,0.6017411533000001,0.5637834808666666,0.75,0,0.0,1,1,30,0.10638297872340426,0,108,1,3,1142,114.2,0,0,0,0.0,0,0.0,0,0,48,0.0,0,{},1.8,23,0.9565217391304348,53,23,137,46,44,157,107,50,6,151,0,107,6,44,6,6,0,151,22,27,2,40,1,151,0,0,107,6,44,93,4,1.6881720430107527,0,10,2860,15.731355700001586,12.347339500047383,1.0767135999994935,0.3831886999687413,24.292898899999273,parallel_episode_batch,pending,0.00015915908540288607,0.0006043614858450989,0.4743120183547338,-0.004281780162515739,1.1119894528140624e-06,0.0,0.99998699426651,0.060726494217912354,0.0,0.1579471379518509,1.5218276977539062,0.2495943009853363,0.008752057328820229,0.02921818196773529,1.5130757093429565,0.2537182569503784,0.9862962961196899,5e-05,-0.2987128794193268,-0.3022373616695404,-0.20220942795276642,-0.2016829252243042,-0.2013937085866928,0.3009780943393707,-0.30283549427986145,-0.3024485111236572,-0.20050396025180817,-0.20147402584552765,-0.20352521538734436,0.017986226826906204,0.1207408681511879,0.01798621006309986,0.12058264017105103,0.0,1.4972621202468872,1.0063016414642334
348,348,69,3,69,35,train_worker_bottleneck_1000069,1000069,worker_bottleneck,fixed_cost_dominant,0.3333333333333333,0.3333333333333333,0.3333333333333333,group_anchor_3,240,240,0,0.0,240,0,0.0,0,0.0,1.7693922277432654,1.8318922277432654,-0.0625,1.7693922277432654,1.8318922277432654,0.0,quality,-1449.2,-511.5472888315299,-7.0247222222222225,1.0,1.0,-0.33621554451346913,0.0,0.0,-0.0625,76,144.0,True,False,completed,1.0,1.0,1449.2,1449.2,511.5472888315299,7.0247222222222225,0.39968187222473384,0.33621554451346913,0.4961620670000001,0.3339834808666667,0.75,0,0.0,0,0,26,0.09774436090225563,1,57,1,3,1316,131.6,0,0,0,0.0,0,0.0,0,0,50,0.0,0,{},0.0,13,0.9230769230769231,63,13,116,26,22,119,93,26,4,115,0,93,4,22,4,4,0,115,14,13,2,21,1,115,0,0,93,4,22,78,5,1.5256410256410255,0,10,2860,15.731355700001586,12.347339500047383,1.070291999996698,0.3061555000967928,24.292898899999273,parallel_episode_batch,pending,0.00015915908540288607,0.0006043614858450989,0.4743120183547338,-0.004281780162515739,1.1119894528140624e-06,0.0,0.99998699426651,0.060726494217912354,0.0,0.1579471379518509,1.5218276977539062,0.2495943009853363,0.008752057328820229,0.02921818196773529,1.5130757093429565,0.2537182569503784,0.9862962961196899,5e-05,-0.2987128794193268,-0.3022373616695404,-0.20220942795276642,-0.2016829252243042,-0.2013937085866928,0.3009780943393707,-0.30283549427986145,-0.3024485111236572,-0.20050396025180817,-0.20147402584552765,-0.20352521538734436,0.017986226826906204,0.1207408681511879,0.01798621006309986,0.12058264017105103,0.0,1.4972621202468872,1.0063016414642334
349,349,69,4,69,35,train_worker_bottleneck_1000069,1000069,worker_bottleneck,fixed_cost_dominant,0.5,0.3,0.2,group_anchor_4,286,286,0,0.0,286,0,0.0,0,0.0,1.7094386790892186,1.7719386790892186,-0.0625,1.7094386790892186,1.7719386790892184,2.220446049250313e-16,quality,-1581.3999999999996,-871.3553020372899,-9.578055555555556,1.0,1.0,-0.45612264182156326,0.0,0.0,-0.0625,76,169.4,True,False,completed,1.0,1.0,1581.3999999999996,1581.3999999999996,871.3553020372899,9.578055555555558,0.45612264182156326,0.45612264182156326,0.5797688438000002,0.4766668142000001,0.75,0,0.0,1,1,14,0.060085836909871244,0,97,0,0,1296,129.6,0,0,0,0.0,0,0.0,0,0,49,0.0,0,{},0.2,21,1.0,55,21,130,42,38,156,112,44,6,150,0,112,6,38,6,6,0,150,20,24,1,36,0,150,0,0,112,6,38,95,11,1.6421052631578947,0,10,2860,15.731355700001586,12.347339500047383,1.0532545000023674,0.24946880002244143,24.292898899999273,parallel_episode_batch,pending,0.00015915908540288607,0.0006043614858450989,0.4743120183547338,-0.004281780162515739,1.1119894528140624e-06,0.0,0.99998699426651,0.060726494217912354,0.0,0.1579471379518509,1.5218276977539062,0.2495943009853363,0.008752057328820229,0.02921818196773529,1.5130757093429565,0.2537182569503784,0.9862962961196899,5e-05,-0.2987128794193268,-0.3022373616695404,-0.20220942795276642,-0.2016829252243042,-0.2013937085866928,0.3009780943393707,-0.30283549427986145,-0.3024485111236572,-0.20050396025180817,-0.20147402584552765,-0.20352521538734436,0.017986226826906204,0.1207408681511879,0.01798621006309986,0.12058264017105103,0.0,1.4972621202468872,1.0063016414642334
350,350,70,0,70,36,train_high_arrival_pressure_1000070,1000070,high_arrival_pressure,balanced_cost,1.0,0.0,0.0,group_anchor_0,250,250,0,0.0,250,0,0.0,0,0.0,1.6668577981651373,1.7293577981651373,-0.0625,1.6668577981651373,1.7293577981651376,-2.220446049250313e-16,quality,-1416.0000000000007,-606.44071018211,-18.685555555555563,1.0,1.0,-0.5412844036697249,0.0,0.0,-0.0625,79,142.0,True,False,completed,1.0,1.0,1416.0000000000007,1416.0000000000007,606.44071018211,18.685555555555563,0.43830292780173874,0.5412844036697249,0.32510000000000006,0.21005000000000004,0.75,0,0.0,0,0,0,0.0,1,66,0,0,1194,119.4,0,0,0,0.0,0,0.0,0,0,34,0.0,0,{},0.0,13,0.9230769230769231,66,13,119,26,26,143,115,28,2,141,0,115,2,26,2,2,0,141,14,14,0,26,0,141,0,0,115,2,26,99,5,1.4444444444444444,0,10,2227,11.567686999995203,9.393608699916513,0.13128010000218637,0.15476460000354564,17.5940042000002,parallel_episode_batch,pending,-0.00030079106135027747,0.0007388487562171316,0.5286422512360982,-0.005217788887343236,4.42436841662389e-06,0.0,0.9999913437025888,0.07981241385319403,0.0,0.22385039925575256,1.5279667377471924,0.2609620690345764,-3.124179784208536e-05,0.034732386469841,1.5279979705810547,0.2677251696586609,0.9822860956192017,5e-05,-0.2988724410533905,-0.3022514879703522,-0.20221392810344696,-0.20169301331043243,-0.20136846601963043,0.30110493302345276,-0.3030322194099426,-0.30253416299819946,-0.20056195557117462,-0.2016260176897049,-0.2035721093416214,0.017986226826906204,0.12077068537473679,0.01798621006309986,0.1206849217414856,0.0,1.497483730316162,1.0064996480941772
351,351,70,1,70,36,train_high_arrival_pressure_1000070,1000070,high_arrival_pressure,balanced_cost,0.0,1.0,0.0,group_anchor_1,271,271,0,0.0,271,0,0.0,0,0.0,1.7188987404361304,1.7813987404361304,-0.0625,1.7188987404361304,1.7813987404361307,-2.220446049250313e-16,quality,-1594.8000000000006,-776.8380882766799,-3.7158333333333373,1.0,1.0,-0.4372025191277387,0.0,0.0,-0.0625,79,154.60000000000002,True,False,completed,1.0,1.0,1594.8000000000006,1594.8000000000006,776.8380882766799,3.7158333333333373,0.43031149285300535,0.4372025191277387,0.2912,0.2225,0.75,0,0.0,0,0,0,0.0,2,96,0,0,1188,118.80000000000001,0,0,0,0.0,0,0.0,0,0,35,0.0,0,{},0.0,17,1.0,62,17,128,34,30,105,75,30,0,105,0,75,0,30,0,0,0,105,14,12,3,23,0,105,0,0,75,0,30,76,6,1.381578947368421,0,10,2227,11.567686999995203,9.393608699916513,0.1588536999988719,0.22308929996506777,17.5940042000002,parallel_episode_batch,pending,-0.00030079106135027747,0.0007388487562171316,0.5286422512360982,-0.005217788887343236,4.42436841662389e-06,0.0,0.9999913437025888,0.07981241385319403,0.0,0.22385039925575256,1.5279667377471924,0.2609620690345764,-3.124179784208536e-05,0.034732386469841,1.5279979705810547,0.2677251696586609,0.9822860956192017,5e-05,-0.2988724410533905,-0.3022514879703522,-0.20221392810344696,-0.20169301331043243,-0.20136846601963043,0.30110493302345276,-0.3030322194099426,-0.30253416299819946,-0.20056195557117462,-0.2016260176897049,-0.2035721093416214,0.017986226826906204,0.12077068537473679,0.01798621006309986,0.1206849217414856,0.0,1.497483730316162,1.0064996480941772
352,352,70,2,70,36,train_high_arrival_pressure_1000070,1000070,high_arrival_pressure,balanced_cost,0.0,0.0,1.0,group_anchor_2,288,288,0,0.0,288,0,0.0,0,0.0,1.9232827579506444,1.9857827579506444,-0.0625,1.9232827579506444,1.9857827579506444,0.0,quality,-1689.3999999999996,-944.5610842589799,-1.4633333333333345,1.0,1.0,-0.02843448409871107,0.0,0.0,-0.0625,79,174.0,True,False,completed,1.0,1.0,1689.3999999999996,1689.3999999999996,944.5610842589799,1.463333333333334,0.4437548683609456,0.02843448409871107,0.3921000000000001,0.31350000000000006,0.75,0,0.0,0,0,0,0.0,1,100,0,2,1274,127.4,0,0,0,0.0,0,0.0,0,0,33,0.0,0,{},0.0,20,1.0,59,20,132,40,37,126,86,40,3,123,0,86,3,37,3,3,0,123,16,17,0,30,0,123,0,0,86,3,37,85,8,1.4823529411764707,0,10,2227,11.567686999995203,9.393608699916513,0.14463370000157738,0.2316435000175261,17.5940042000002,parallel_episode_batch,pending,-0.00030079106135027747,0.0007388487562171316,0.5286422512360982,-0.005217788887343236,4.42436841662389e-06,0.0,0.9999913437025888,0.07981241385319403,0.0,0.22385039925575256,1.5279667377471924,0.2609620690345764,-3.124179784208536e-05,0.034732386469841,1.5279979705810547,0.2677251696586609,0.9822860956192017,5e-05,-0.2988724410533905,-0.3022514879703522,-0.20221392810344696,-0.20169301331043243,-0.20136846601963043,0.30110493302345276,-0.3030322194099426,-0.30253416299819946,-0.20056195557117462,-0.2016260176897049,-0.2035721093416214,0.017986226826906204,0.12077068537473679,0.01798621006309986,0.1206849217414856,0.0,1.497483730316162,1.0064996480941772
353,353,70,3,70,36,train_high_arrival_pressure_1000070,1000070,high_arrival_pressure,balanced_cost,0.3333333333333333,0.3333333333333333,0.3333333333333333,group_anchor_3,265,265,0,0.0,265,0,0.0,0,0.0,1.7450094423984868,1.8075094423984868,-0.0625,1.7450094423984868,1.8075094423984859,8.881784197001252e-16,quality,-1438.099999999999,-717.7162920526996,-11.880000000000003,1.0,1.0,-0.384981115203028,0.0,0.0,-0.0625,79,157.8,True,False,completed,1.0,1.0,1438.099999999999,1438.099999999999,717.7162920526996,11.880000000000003,0.43630999004465093,0.384981115203028,0.3712000000000001,0.22795000000000007,0.75,0,0.0,0,0,0,0.0,1,81,0,2,1170,117.0,0,0,0,0.0,0,0.0,0,0,31,0.0,0,{},0.0,16,1.0,63,16,123,32,31,133,99,34,3,130,0,99,3,31,3,3,0,130,18,15,1,29,0,130,0,0,99,3,31,92,4,1.4456521739130435,0,10,2227,11.567686999995203,9.393608699916513,0.13802700000087498,0.20200079993810505,17.5940042000002,parallel_episode_batch,pending,-0.00030079106135027747,0.0007388487562171316,0.5286422512360982,-0.005217788887343236,4.42436841662389e-06,0.0,0.9999913437025888,0.07981241385319403,0.0,0.22385039925575256,1.5279667377471924,0.2609620690345764,-3.124179784208536e-05,0.034732386469841,1.5279979705810547,0.2677251696586609,0.9822860956192017,5e-05,-0.2988724410533905,-0.3022514879703522,-0.20221392810344696,-0.20169301331043243,-0.20136846601963043,0.30110493302345276,-0.3030322194099426,-0.30253416299819946,-0.20056195557117462,-0.2016260176897049,-0.2035721093416214,0.017986226826906204,0.12077068537473679,0.01798621006309986,0.1206849217414856,0.0,1.497483730316162,1.0064996480941772
354,354,70,4,70,36,train_high_arrival_pressure_1000070,1000070,high_arrival_pressure,balanced_cost,0.5,0.3,0.2,group_anchor_4,266,266,0,0.0,266,0,0.0,0,0.0,1.7298485116563767,1.7923485116563767,-0.0625,1.7298485116563767,1.7923485116563769,-2.220446049250313e-16,quality,-1489.7,-754.0612187132399,-2.468055555555559,1.0,1.0,-0.41530297668724603,0.0,0.0,-0.0625,79,148.20000000000002,True,False,completed,1.0,1.0,1489.7,1489.7,754.0612187132399,2.468055555555559,0.41530297668724603,0.41530297668724603,0.3556,0.25901666666666673,0.75,0,0.0,0,0,0,0.0,1,85,0,0,1039,103.9,0,0,0,0.0,0,0.0,0,0,37,0.0,0,{},0.0,16,0.9375,63,16,126,32,29,134,103,31,2,132,0,103,2,29,2,2,0,132,17,16,2,29,0,132,0,0,103,2,29,88,4,1.5227272727272727,0,10,2227,11.567686999995203,9.393608699916513,0.1414539999968838,0.25148830002581235,17.5940042000002,parallel_episode_batch,pending,-0.00030079106135027747,0.0007388487562171316,0.5286422512360982,-0.005217788887343236,4.42436841662389e-06,0.0,0.9999913437025888,0.07981241385319403,0.0,0.22385039925575256,1.5279667377471924,0.2609620690345764,-3.124179784208536e-05,0.034732386469841,1.5279979705810547,0.2677251696586609,0.9822860956192017,5e-05,-0.2988724410533905,-0.3022514879703522,-0.20221392810344696,-0.20169301331043243,-0.20136846601963043,0.30110493302345276,-0.3030322194099426,-0.30253416299819946,-0.20056195557117462,-0.2016260176897049,-0.2035721093416214,0.017986226826906204,0.12077068537473679,0.01798621006309986,0.1206849217414856,0.0,1.497483730316162,1.0064996480941772
355,355,71,0,71,36,train_balanced_1000071,1000071,balanced,balanced_cost,1.0,0.0,0.0,group_anchor_0,162,162,0,0.0,162,0,0.0,0,0.0,1.7682060574326184,1.8307060574326184,-0.0625,1.7682060574326184,1.8307060574326186,-2.220446049250313e-16,quality,-614.3000000000002,-275.57978298227994,-16.842222222222222,0.9999999999999999,1.0,-0.3385878851347628,0.0,0.0,-0.0625,56,191.10000000000002,True,False,completed,1.0,1.0,614.3000000000002,614.3000000000002,275.57978298227994,16.842222222222222,0.2845007345594097,0.3385878851347628,0.18567028240000003,0.14439094724999998,0.75,0,0.0,0,0,0,0.0,3,36,0,0,1630,163.0,0,0,0,0.0,0,0.0,0,0,16,0.0,0,{},0.0,6,1.0,50,6,82,12,12,91,79,12,0,91,0,79,0,12,0,0,0,91,6,6,0,12,0,91,0,0,79,0,12,67,4,1.3582089552238805,0,10,2227,11.567686999995203,9.393608699916513,0.09901979999995092,0.16225260000646813,17.5940042000002,parallel_episode_batch,pending,-0.00030079106135027747,0.0007388487562171316,0.5286422512360982,-0.005217788887343236,4.42436841662389e-06,0.0,0.9999913437025888,0.07981241385319403,0.0,0.22385039925575256,1.5279667377471924,0.2609620690345764,-3.124179784208536e-05,0.034732386469841,1.5279979705810547,0.2677251696586609,0.9822860956192017,5e-05,-0.2988724410533905,-0.3022514879703522,-0.20221392810344696,-0.20169301331043243,-0.20136846601963043,0.30110493302345276,-0.3030322194099426,-0.30253416299819946,-0.20056195557117462,-0.2016260176897049,-0.2035721093416214,0.017986226826906204,0.12077068537473679,0.01798621006309986,0.1206849217414856,0.0,1.497483730316162,1.0064996480941772
356,356,71,1,71,36,train_balanced_1000071,1000071,balanced,balanced_cost,0.0,1.0,0.0,group_anchor_1,181,181,0,0.0,181,0,0.0,0,0.0,1.7980927391847372,1.8605927391847372,-0.0625,1.7980927391847372,1.860592739184737,2.220446049250313e-16,quality,-755.2999999999998,-386.60584550440007,-7.204722222222223,0.9999999999999999,1.0,-0.2788145216305258,0.0,0.0,-0.0625,56,204.3,True,False,completed,1.0,1.0,755.2999999999998,755.2999999999998,386.60584550440007,7.204722222222223,0.3019753307813457,0.2788145216305258,0.3269000000000001,0.17490792943333333,0.75,0,0.0,0,0,0,0.0,2,53,0,4,1817,181.70000000000002,0,0,0,0.0,0,0.0,0,0,31,0.0,0,{},0.0,9,1.0,47,9,91,18,16,79,63,16,0,79,0,63,0,16,0,0,0,79,8,8,1,15,0,79,0,0,63,0,16,57,4,1.3859649122807018,0,10,2227,11.567686999995203,9.393608699916513,0.09876229999645147,0.28321340004185913,17.5940042000002,parallel_episode_batch,pending,-0.00030079106135027747,0.0007388487562171316,0.5286422512360982,-0.005217788887343236,4.42436841662389e-06,0.0,0.9999913437025888,0.07981241385319403,0.0,0.22385039925575256,1.5279667377471924,0.2609620690345764,-3.124179784208536e-05,0.034732386469841,1.5279979705810547,0.2677251696586609,0.9822860956192017,5e-05,-0.2988724410533905,-0.3022514879703522,-0.20221392810344696,-0.20169301331043243,-0.20136846601963043,0.30110493302345276,-0.3030322194099426,-0.30253416299819946,-0.20056195557117462,-0.2016260176897049,-0.2035721093416214,0.017986226826906204,0.12077068537473679,0.01798621006309986,0.1206849217414856,0.0,1.497483730316162,1.0064996480941772
357,357,71,2,71,36,train_balanced_1000071,1000071,balanced,balanced_cost,0.0,0.0,1.0,group_anchor_2,192,192,0,0.0,192,0,0.0,0,0.0,1.9117733078982315,1.9742733078982315,-0.0625,1.9117733078982315,1.9742733078982315,0.0,quality,-745.4000000000003,-474.6750968975999,-2.7122222222222216,0.9999999999999999,1.0,-0.05145338420353701,0.0,0.0,-0.0625,56,197.10000000000002,True,False,completed,1.0,1.0,745.4000000000003,745.4000000000003,474.6750968975999,2.7122222222222216,0.29843617287531987,0.05145338420353701,0.20270619960000003,0.1490527917166667,0.75,0,0.0,0,0,0,0.0,2,66,0,2,1627,162.70000000000002,0,0,0,0.0,0,0.0,0,0,18,0.0,0,{},0.0,11,1.0,45,11,93,22,21,87,66,21,0,87,0,66,0,21,0,0,0,87,10,10,0,20,0,87,0,0,66,0,21,59,4,1.4745762711864407,0,10,2227,11.567686999995203,9.393608699916513,0.11632629999803612,0.30039539994322695,17.5940042000002,parallel_episode_batch,pending,-0.00030079106135027747,0.0007388487562171316,0.5286422512360982,-0.005217788887343236,4.42436841662389e-06,0.0,0.9999913437025888,0.07981241385319403,0.0,0.22385039925575256,1.5279667377471924,0.2609620690345764,-3.124179784208536e-05,0.034732386469841,1.5279979705810547,0.2677251696586609,0.9822860956192017,5e-05,-0.2988724410533905,-0.3022514879703522,-0.20221392810344696,-0.20169301331043243,-0.20136846601963043,0.30110493302345276,-0.3030322194099426,-0.30253416299819946,-0.20056195557117462,-0.2016260176897049,-0.2035721093416214,0.017986226826906204,0.12077068537473679,0.01798621006309986,0.1206849217414856,0.0,1.497483730316162,1.0064996480941772
358,358,71,3,71,36,train_balanced_1000071,1000071,balanced,balanced_cost,0.3333333333333333,0.3333333333333333,0.3333333333333333,group_anchor_3,183,183,0,0.0,183,0,0.0,0,0.0,1.7995702714931752,1.8620702714931752,-0.0625,1.7995702714931752,1.862070271493175,2.220446049250313e-16,quality,-706.3999999999999,-414.40031418281,-9.812222222222225,0.9999999999999999,1.0,-0.27585945701364994,0.0,0.0,-0.0625,56,189.10000000000002,True,False,completed,1.0,1.0,706.3999999999999,706.3999999999999,414.40031418281,9.812222222222225,0.3059767327828338,0.27585945701364994,0.18150000000000002,0.13182324731666667,0.75,0,0.0,0,0,0,0.0,1,57,0,2,1559,155.9,0,0,0,0.0,0,0.0,0,0,21,0.0,0,{},0.0,10,0.9,46,10,90,20,17,88,70,18,1,87,0,70,1,17,1,1,0,87,9,10,1,17,0,87,0,0,70,1,17,60,5,1.4666666666666666,0,10,2227,11.567686999995203,9.393608699916513,0.12638859999424312,0.23617860001104418,17.5940042000002,parallel_episode_batch,pending,-0.00030079106135027747,0.0007388487562171316,0.5286422512360982,-0.005217788887343236,4.42436841662389e-06,0.0,0.9999913437025888,0.07981241385319403,0.0,0.22385039925575256,1.5279667377471924,0.2609620690345764,-3.124179784208536e-05,0.034732386469841,1.5279979705810547,0.2677251696586609,0.9822860956192017,5e-05,-0.2988724410533905,-0.3022514879703522,-0.20221392810344696,-0.20169301331043243,-0.20136846601963043,0.30110493302345276,-0.3030322194099426,-0.30253416299819946,-0.20056195557117462,-0.2016260176897049,-0.2035721093416214,0.017986226826906204,0.12077068537473679,0.01798621006309986,0.1206849217414856,0.0,1.497483730316162,1.0064996480941772
359,359,71,4,71,36,train_balanced_1000071,1000071,balanced,balanced_cost,0.5,0.3,0.2,group_anchor_4,169,169,0,0.0,169,0,0.0,0,0.0,1.8038665945383991,1.8663665945383991,-0.0625,1.8038665945383991,1.8663665945383998,-6.661338147750939e-16,quality,-652.1,-299.03881422201,-6.231388888888891,0.9999999999999999,1.0,-0.26726681092320037,0.0,0.0,-0.0625,56,190.3,True,False,completed,1.0,1.0,652.1,652.1,299.03881422201,6.231388888888891,0.26726681092320037,0.26726681092320037,0.1646702824,0.1314854974,0.75,0,0.0,0,0,0,0.0,3,42,0,1,1674,167.4,0,0,0,0.0,0,0.0,0,0,17,0.0,0,{},0.0,7,1.0,49,7,85,14,14,89,75,14,0,89,0,75,0,14,0,0,0,89,7,7,0,14,0,89,0,0,75,0,14,63,4,1.4126984126984128,0,10,2227,11.567686999995203,9.393608699916513,0.11999430000287248,0.16367100002389634,17.5940042000002,parallel_episode_batch,pending,-0.00030079106135027747,0.0007388487562171316,0.5286422512360982,-0.005217788887343236,4.42436841662389e-06,0.0,0.9999913437025888,0.07981241385319403,0.0,0.22385039925575256,1.5279667377471924,0.2609620690345764,-3.124179784208536e-05,0.034732386469841,1.5279979705810547,0.2677251696586609,0.9822860956192017,5e-05,-0.2988724410533905,-0.3022514879703522,-0.20221392810344696,-0.20169301331043243,-0.20136846601963043,0.30110493302345276,-0.3030322194099426,-0.30253416299819946,-0.20056195557117462,-0.2016260176897049,-0.2035721093416214,0.017986226826906204,0.12077068537473679,0.01798621006309986,0.1206849217414856,0.0,1.497483730316162,1.0064996480941772
360,360,72,0,72,37,train_balanced_1000072,1000072,balanced,balanced_cost,1.0,0.0,0.0,group_anchor_0,115,115,0,0.0,115,0,0.0,0,0.0,1.8017323802586054,1.8642323802586054,-0.0625,1.8017323802586054,1.864232380258605,4.440892098500626e-16,quality,-447.29999999999984,-161.56733980101004,-1.0822222222222222,1.0,1.0,-0.27153523948278996,0.0,0.0,-0.0625,40,209.0,True,False,completed,1.0,1.0,447.29999999999984,447.29999999999984,161.56733980101004,1.0822222222222224,0.18173307275352388,0.27153523948278996,0.1404,0.11331960965,0.75,0,0.0,0,0,0,0.0,3,24,0,0,1931,193.10000000000002,0,0,0,0.0,0,0.0,0,0,4,0.0,0,{},0.0,4,1.0,36,4,59,8,8,67,59,8,0,67,0,59,0,8,0,0,0,67,4,4,0,8,0,67,0,0,59,0,8,48,3,1.3958333333333333,0,10,1921,10.294430900001316,7.998118900039117,0.09425789999659173,0.090670699995826,14.391096000006655,parallel_episode_batch,pending,-0.007109399058765942,0.010672229724737154,0.5006399053719736,-0.006779682739908176,1.3048857762177865e-05,0.0,0.9999145971190545,0.278491398319602,0.06451612903225806,1.598039150238037,1.3830962181091309,0.31371545791625977,-0.01583687588572502,0.11110401898622513,1.3989330530166626,0.28353583812713623,0.8745739459991455,5e-05,-0.2989206612110138,-0.3021479547023773,-0.20214134454727173,-0.20161989331245422,-0.201284259557724,0.3010883331298828,-0.30297744274139404,-0.30249452590942383,-0.20047715306282043,-0.20160162448883057,-0.20357953011989594,0.017986223101615906,0.12074364721775055,0.01798621006309986,0.1206885352730751,0.0,1.4973727464675903,1.0064767599105835
361,361,72,1,72,37,train_balanced_1000072,1000072,balanced,balanced_cost,0.0,1.0,0.0,group_anchor_1,110,110,0,0.0,110,0,0.0,0,0.0,0.2176580932697183,0.2801580932697183,-0.0625,0.2176580932697183,0.2801580932697185,-2.220446049250313e-16,quality,-857.1000000000001,-119.00692358943,-5.145555555555557,0.9166666666666667,0.0,-0.1063504801272296,-1.0,-0.08333333333333333,-0.0625,39,240.0,False,True,horizon,0.9166666666666666,0.975,,857.1000000000001,119.00692358943,5.145555555555557,0.2588941243755937,0.1063504801272296,0.13650000000000004,0.10296780405,0.75,0,0.0,0,0,11,0.0625,2,17,0,2,2276,227.60000000000002,0,0,0,0.0,0,0.0,0,0,6,0.0,0,{},0.0,3,1.0,37,3,59,6,5,44,39,5,1,43,1,38,0,5,0,0,1,43,2,3,0,5,0,43,1,0,38,0,5,31,3,1.4193548387096775,0,10,1921,10.294430900001316,7.998118900039117,0.08335830000578426,0.22933689998899354,14.391096000006655,parallel_episode_batch,pending,-0.007109399058765942,0.010672229724737154,0.5006399053719736,-0.006779682739908176,1.3048857762177865e-05,0.0,0.9999145971190545,0.278491398319602,0.06451612903225806,1.598039150238037,1.3830962181091309,0.31371545791625977,-0.01583687588572502,0.11110401898622513,1.3989330530166626,0.28353583812713623,0.8745739459991455,5e-05,-0.2989206612110138,-0.3021479547023773,-0.20214134454727173,-0.20161989331245422,-0.201284259557724,0.3010883331298828,-0.30297744274139404,-0.30249452590942383,-0.20047715306282043,-0.20160162448883057,-0.20357953011989594,0.017986223101615906,0.12074364721775055,0.01798621006309986,0.1206885352730751,0.0,1.4973727464675903,1.0064767599105835
362,362,72,2,72,37,train_balanced_1000072,1000072,balanced,balanced_cost,0.0,0.0,1.0,group_anchor_2,156,156,0,0.0,156,0,0.0,0,0.0,1.9027701668768995,1.9652701668768995,-0.0625,1.9027701668768995,1.9652701668769,-4.440892098500626e-16,quality,-535.2000000000002,-444.0467032077799,-3.7322222222222243,1.0,1.0,-0.06945966624620027,0.0,0.0,-0.0625,40,217.8,True,False,completed,1.0,1.0,535.2000000000002,535.2000000000002,444.0467032077799,3.7322222222222226,0.26036095367924006,0.0694596662462003,0.22800000000000004,0.14334590070000003,0.75,0,0.0,0,0,0,0.0,2,64,0,0,1696,169.60000000000002,0,0,0,0.0,0,0.0,0,0,13,0.0,0,{},0.0,11,1.0,29,11,73,22,21,82,61,21,0,82,0,61,0,21,0,0,0,82,10,11,1,20,0,82,0,0,61,0,21,53,4,1.5471698113207548,0,10,1921,10.294430900001316,7.998118900039117,0.08327479999570642,0.1446149999901536,14.391096000006655,parallel_episode_batch,pending,-0.007109399058765942,0.010672229724737154,0.5006399053719736,-0.006779682739908176,1.3048857762177865e-05,0.0,0.9999145971190545,0.278491398319602,0.06451612903225806,1.598039150238037,1.3830962181091309,0.31371545791625977,-0.01583687588572502,0.11110401898622513,1.3989330530166626,0.28353583812713623,0.8745739459991455,5e-05,-0.2989206612110138,-0.3021479547023773,-0.20214134454727173,-0.20161989331245422,-0.201284259557724,0.3010883331298828,-0.30297744274139404,-0.30249452590942383,-0.20047715306282043,-0.20160162448883057,-0.20357953011989594,0.017986223101615906,0.12074364721775055,0.01798621006309986,0.1206885352730751,0.0,1.4973727464675903,1.0064767599105835
363,363,72,3,72,37,train_balanced_1000072,1000072,balanced,balanced_cost,0.3333333333333333,0.3333333333333333,0.3333333333333333,group_anchor_3,116,116,0,0.0,116,0,0.0,0,0.0,1.861953200641639,1.924453200641639,-0.0625,1.861953200641639,1.924453200641639,0.0,quality,-507.4000000000001,-151.71471328049,-1.2491666666666672,1.0,1.0,-0.15109359871672193,0.0,0.0,-0.0625,40,211.60000000000002,True,False,completed,1.0,1.0,507.4000000000001,507.4000000000001,151.71471328049,1.2491666666666672,0.19298219968998342,0.15109359871672193,0.13650000000000004,0.10952347026666666,0.75,0,0.0,0,0,0,0.0,2,22,0,0,1977,197.70000000000002,0,0,0,0.0,0,0.0,0,0,6,0.0,0,{},0.0,4,1.0,36,4,60,8,8,54,46,8,0,54,0,46,0,8,0,0,0,54,4,4,0,8,0,54,0,0,46,0,8,38,3,1.4210526315789473,0,10,1921,10.294430900001316,7.998118900039117,0.10133689999929629,0.1602253999953973,14.391096000006655,parallel_episode_batch,pending,-0.007109399058765942,0.010672229724737154,0.5006399053719736,-0.006779682739908176,1.3048857762177865e-05,0.0,0.9999145971190545,0.278491398319602,0.06451612903225806,1.598039150238037,1.3830962181091309,0.31371545791625977,-0.01583687588572502,0.11110401898622513,1.3989330530166626,0.28353583812713623,0.8745739459991455,5e-05,-0.2989206612110138,-0.3021479547023773,-0.20214134454727173,-0.20161989331245422,-0.201284259557724,0.3010883331298828,-0.30297744274139404,-0.30249452590942383,-0.20047715306282043,-0.20160162448883057,-0.20357953011989594,0.017986223101615906,0.12074364721775055,0.01798621006309986,0.1206885352730751,0.0,1.4973727464675903,1.0064767599105835
364,364,72,4,72,37,train_balanced_1000072,1000072,balanced,balanced_cost,0.5,0.3,0.2,group_anchor_4,112,112,0,0.0,112,0,0.0,0,0.0,1.8386328794142792,1.9011328794142792,-0.0625,1.8386328794142792,1.901132879414279,2.220446049250313e-16,quality,-524.4000000000001,-151.39006576719004,-1.6091666666666669,1.0,1.0,-0.197734241171442,0.0,0.0,-0.0625,40,217.9,True,False,completed,1.0,1.0,524.4000000000001,524.4000000000001,151.39006576719004,1.6091666666666669,0.197734241171442,0.197734241171442,0.13650000000000004,0.10471780404999999,0.75,0,0.0,0,0,0,0.0,2,23,0,0,2063,206.3,0,0,0,0.0,0,0.0,0,0,7,0.0,0,{},0.0,4,1.0,36,4,57,8,7,56,49,7,0,56,0,49,0,7,0,0,0,56,3,4,0,7,0,56,0,0,49,0,7,41,3,1.3658536585365855,0,10,1921,10.294430900001316,7.998118900039117,0.11294919999636477,0.17755379997834098,14.391096000006655,parallel_episode_batch,pending,-0.007109399058765942,0.010672229724737154,0.5006399053719736,-0.006779682739908176,1.3048857762177865e-05,0.0,0.9999145971190545,0.278491398319602,0.06451612903225806,1.598039150238037,1.3830962181091309,0.31371545791625977,-0.01583687588572502,0.11110401898622513,1.3989330530166626,0.28353583812713623,0.8745739459991455,5e-05,-0.2989206612110138,-0.3021479547023773,-0.20214134454727173,-0.20161989331245422,-0.201284259557724,0.3010883331298828,-0.30297744274139404,-0.30249452590942383,-0.20047715306282043,-0.20160162448883057,-0.20357953011989594,0.017986223101615906,0.12074364721775055,0.01798621006309986,0.1206885352730751,0.0,1.4973727464675903,1.0064767599105835
365,365,73,0,73,37,train_balanced_1000073,1000073,balanced,balanced_cost,1.0,0.0,0.0,group_anchor_0,266,266,0,0.0,266,0,0.0,0,0.0,1.7237458852154002,1.7862458852154002,-0.0625,1.7237458852154002,1.7862458852154,2.220446049250313e-16,quality,-896.1,-686.2111846225198,-15.09472222222222,1.0000000000000002,1.0,-0.4275082295692,0.0,0.0,-0.0625,76,224.0,True,False,completed,1.0,1.0,896.1,896.1,686.2111846225198,15.094722222222224,0.38221817132162805,0.4275082295692,0.3135,0.17097375541666668,0.75,0,0.0,0,0,0,0.0,1,86,0,0,1791,179.10000000000002,0,0,0,0.0,0,0.0,0,0,30,0.0,0,{},0.0,16,0.9375,60,16,126,32,32,158,124,34,2,156,0,124,2,32,2,2,0,156,16,18,0,32,0,155,0,0,124,2,32,105,8,1.5047619047619047,0,10,1921,10.294430900001316,7.998118900039117,0.16752269999415148,0.18980829999782145,14.391096000006655,parallel_episode_batch,pending,-0.007109399058765942,0.010672229724737154,0.5006399053719736,-0.006779682739908176,1.3048857762177865e-05,0.0,0.9999145971190545,0.278491398319602,0.06451612903225806,1.598039150238037,1.3830962181091309,0.31371545791625977,-0.01583687588572502,0.11110401898622513,1.3989330530166626,0.28353583812713623,0.8745739459991455,5e-05,-0.2989206612110138,-0.3021479547023773,-0.20214134454727173,-0.20161989331245422,-0.201284259557724,0.3010883331298828,-0.30297744274139404,-0.30249452590942383,-0.20047715306282043,-0.20160162448883057,-0.20357953011989594,0.017986223101615906,0.12074364721775055,0.01798621006309986,0.1206885352730751,0.0,1.4973727464675903,1.0064767599105835
366,366,73,1,73,37,train_balanced_1000073,1000073,balanced,balanced_cost,0.0,1.0,0.0,group_anchor_1,248,248,0,0.0,248,0,0.0,0,0.0,1.7548005059503544,1.8173005059503544,-0.0625,1.7548005059503544,1.8173005059503542,2.220446049250313e-16,quality,-1054.0999999999997,-575.7932641879602,-13.51222222222222,1.0000000000000002,1.0,-0.3653989880992915,0.0,0.0,-0.0625,76,221.60000000000002,True,False,completed,1.0,1.0,1054.0999999999997,1054.0999999999997,575.7932641879602,13.51222222222222,0.3859880622126603,0.3653989880992915,0.25550000000000006,0.18320000000000003,0.75,0,0.0,0,0,0,0.0,1,72,0,4,1818,181.8,0,0,0,0.0,0,0.0,0,0,36,0.0,0,{},0.0,13,1.0,63,13,122,26,24,102,77,25,1,101,0,77,1,24,1,1,0,101,12,14,1,24,0,101,0,0,77,1,24,70,6,1.457142857142857,0,10,1921,10.294430900001316,7.998118900039117,0.12904140000318876,0.2959040999048739,14.391096000006655,parallel_episode_batch,pending,-0.007109399058765942,0.010672229724737154,0.5006399053719736,-0.006779682739908176,1.3048857762177865e-05,0.0,0.9999145971190545,0.278491398319602,0.06451612903225806,1.598039150238037,1.3830962181091309,0.31371545791625977,-0.01583687588572502,0.11110401898622513,1.3989330530166626,0.28353583812713623,0.8745739459991455,5e-05,-0.2989206612110138,-0.3021479547023773,-0.20214134454727173,-0.20161989331245422,-0.201284259557724,0.3010883331298828,-0.30297744274139404,-0.30249452590942383,-0.20047715306282043,-0.20160162448883057,-0.20357953011989594,0.017986223101615906,0.12074364721775055,0.01798621006309986,0.1206885352730751,0.0,1.4973727464675903,1.0064767599105835
367,367,73,2,73,37,train_balanced_1000073,1000073,balanced,balanced_cost,0.0,0.0,1.0,group_anchor_2,274,274,0,0.0,274,0,0.0,0,0.0,1.9243733534213674,1.9868733534213674,-0.0625,1.9243733534213674,1.9868733534213672,2.220446049250313e-16,quality,-1119.9999999999998,-755.6183709160898,-1.3480555555555571,1.0000000000000002,1.0,-0.02625329315726553,0.0,0.0,-0.0625,76,224.4,True,False,completed,1.0,1.0,1119.9999999999998,1119.9999999999998,755.6183709160898,1.3480555555555576,0.3757500072660038,0.026253293157265538,0.27,0.20786666666666664,0.75,0,0.0,0,0,0,0.0,2,98,0,7,1774,177.4,0,0,0,0.0,0,0.0,0,0,37,0.0,0,{},0.0,17,0.9411764705882353,59,17,133,34,31,98,67,31,0,98,0,67,0,31,0,0,0,98,10,12,2,20,0,98,0,0,67,0,31,68,4,1.4411764705882353,0,10,1921,10.294430900001316,7.998118900039117,0.1518244999970193,0.38791649996710476,14.391096000006655,parallel_episode_batch,pending,-0.007109399058765942,0.010672229724737154,0.5006399053719736,-0.006779682739908176,1.3048857762177865e-05,0.0,0.9999145971190545,0.278491398319602,0.06451612903225806,1.598039150238037,1.3830962181091309,0.31371545791625977,-0.01583687588572502,0.11110401898622513,1.3989330530166626,0.28353583812713623,0.8745739459991455,5e-05,-0.2989206612110138,-0.3021479547023773,-0.20214134454727173,-0.20161989331245422,-0.201284259557724,0.3010883331298828,-0.30297744274139404,-0.30249452590942383,-0.20047715306282043,-0.20160162448883057,-0.20357953011989594,0.017986223101615906,0.12074364721775055,0.01798621006309986,0.1206885352730751,0.0,1.4973727464675903,1.0064767599105835
368,368,73,3,73,37,train_balanced_1000073,1000073,balanced,balanced_cost,0.3333333333333333,0.3333333333333333,0.3333333333333333,group_anchor_3,230,230,0,0.0,230,0,0.0,0,0.0,1.801073034852275,1.863573034852275,-0.0625,1.801073034852275,1.8635730348522752,-2.220446049250313e-16,quality,-992.4000000000001,-425.13670270657,-3.6247222222222235,1.0000000000000002,1.0,-0.27285393029544946,0.0,0.0,-0.0625,76,227.60000000000002,True,False,completed,1.0,1.0,992.4000000000001,992.4000000000001,425.13670270657,3.6247222222222235,0.32934003850634924,0.27285393029544946,0.15400000000000003,0.13523549110000002,0.75,0,0.0,0,0,0,0.0,1,53,0,2,2050,205.0,0,0,0,0.0,0,0.0,0,0,22,0.0,0,{},0.0,10,1.0,66,10,115,20,19,100,80,20,1,99,0,80,1,19,1,1,0,99,9,11,0,19,0,99,0,0,80,1,19,67,6,1.492537313432836,0,10,1921,10.294430900001316,7.998118900039117,0.1506844000032288,0.3181174999990617,14.391096000006655,parallel_episode_batch,pending,-0.007109399058765942,0.010672229724737154,0.5006399053719736,-0.006779682739908176,1.3048857762177865e-05,0.0,0.9999145971190545,0.278491398319602,0.06451612903225806,1.598039150238037,1.3830962181091309,0.31371545791625977,-0.01583687588572502,0.11110401898622513,1.3989330530166626,0.28353583812713623,0.8745739459991455,5e-05,-0.2989206612110138,-0.3021479547023773,-0.20214134454727173,-0.20161989331245422,-0.201284259557724,0.3010883331298828,-0.30297744274139404,-0.30249452590942383,-0.20047715306282043,-0.20160162448883057,-0.20357953011989594,0.017986223101615906,0.12074364721775055,0.01798621006309986,0.1206885352730751,0.0,1.4973727464675903,1.0064767599105835
369,369,73,4,73,37,train_balanced_1000073,1000073,balanced,balanced_cost,0.5,0.3,0.2,group_anchor_4,294,294,0,0.0,294,0,0.0,0,0.0,1.7200104014217408,1.7825104014217408,-0.06249999999999997,1.7200104014217408,1.7825104014217408,0.0,quality,-969.3000000000002,-929.7681279057402,-25.202222222222222,1.0000000000000002,1.0,-0.43497919715651845,0.0,0.0,-0.06249999999999997,76,224.4,True,False,completed,1.0,1.0,969.3000000000002,969.3000000000002,929.7681279057402,25.202222222222222,0.43497919715651845,0.43497919715651845,0.34840000000000004,0.24729884233333332,0.75,0,0.0,0,0,0,0.0,1,107,0,2,1657,165.70000000000002,0,0,0,0.0,0,0.0,0,0,35,0.0,0,{},0.0,21,0.9047619047619048,55,21,135,42,41,160,115,45,4,156,0,115,4,41,4,4,0,156,22,22,0,40,0,156,0,0,115,4,41,100,7,1.6,0,10,1921,10.294430900001316,7.998118900039117,0.1598322999998345,0.2279372000193689,14.391096000006655,parallel_episode_batch,pending,-0.007109399058765942,0.010672229724737154,0.5006399053719736,-0.006779682739908176,1.3048857762177865e-05,0.0,0.9999145971190545,0.278491398319602,0.06451612903225806,1.598039150238037,1.3830962181091309,0.31371545791625977,-0.01583687588572502,0.11110401898622513,1.3989330530166626,0.28353583812713623,0.8745739459991455,5e-05,-0.2989206612110138,-0.3021479547023773,-0.20214134454727173,-0.20161989331245422,-0.201284259557724,0.3010883331298828,-0.30297744274139404,-0.30249452590942383,-0.20047715306282043,-0.20160162448883057,-0.20357953011989594,0.017986223101615906,0.12074364721775055,0.01798621006309986,0.1206885352730751,0.0,1.4973727464675903,1.0064767599105835
370,370,74,0,74,38,train_machine_bottleneck_1000074,1000074,machine_bottleneck,fixed_cost_dominant,1.0,0.0,0.0,group_anchor_0,255,255,0,0.0,255,0,0.0,0,0.0,1.706811908074869,1.769311908074869,-0.0625,1.706811908074869,1.7693119080748687,2.220446049250313e-16,quality,-1027.8999999999996,-632.86638277862,-22.91222222222223,1.0,1.0,-0.46137618385026247,0.0,0.0,-0.0625,73,178.8,True,False,completed,1.0,1.0,1027.8999999999996,1027.8999999999996,632.86638277862,22.91222222222223,0.40981088062679455,0.46137618385026247,0.32850000000000007,0.24215,0.75,0,0.0,1,1,3,0.04918032786885246,0,83,1,0,1390,139.0,0,0,0,0.0,0,0.0,0,0,36,0.0,0,{},1.2000000000000002,16,1.0,57,16,119,32,31,147,113,34,3,144,0,113,3,31,3,3,0,144,17,19,1,31,1,144,0,0,113,3,31,94,7,1.5638297872340425,0,10,2942,16.036561599998095,12.566599100035091,0.13129099999787286,0.1532181999500608,23.577794200005883,parallel_episode_batch,pending,3.380842668854672e-06,0.0009153090137735252,0.4097397126581358,-0.0036363605986875686,1.5840416903964307e-06,0.0,1.0000638074201087,0.10620305353127744,0.0,0.36706674098968506,1.4810370206832886,0.2521159052848816,0.007999339140951633,0.03392404317855835,1.473037600517273,0.2592993974685669,0.981894314289093,5e-05,-0.29892244935035706,-0.30213046073913574,-0.20207680761814117,-0.2016003131866455,-0.2012680619955063,0.30106648802757263,-0.3031068742275238,-0.30292072892189026,-0.20049172639846802,-0.20169098675251007,-0.20362669229507446,0.017986223101615906,0.12074403464794159,0.01798621006309986,0.12071915715932846,0.0,1.4973080158233643,1.0065760612487793
371,371,74,1,74,38,train_machine_bottleneck_1000074,1000074,machine_bottleneck,fixed_cost_dominant,0.0,1.0,0.0,group_anchor_1,262,262,0,0.0,262,0,0.0,0,0.0,1.7375152058202334,1.8000152058202334,-0.0625,1.7375152058202334,1.8000152058202337,-2.220446049250313e-16,quality,-1234.9999999999998,-666.5821941691696,-12.985555555555559,1.0,1.0,-0.3999695883595327,0.0,0.0,-0.0625,73,195.9,True,False,completed,1.0,1.0,1234.9999999999998,1234.9999999999998,666.5821941691696,12.985555555555559,0.4148177454317018,0.3999695883595327,0.23740000000000006,0.20456666666666667,0.75,0,0.0,0,0,0,0.0,2,95,0,6,1645,164.5,0,0,0,0.0,0,0.0,0,0,35,0.0,0,{},0.0,17,0.9411764705882353,56,17,124,34,31,102,71,31,0,102,0,71,0,31,0,0,0,102,14,12,2,24,0,102,0,0,71,0,31,74,4,1.3783783783783783,0,10,2942,16.036561599998095,12.566599100035091,0.12138750000303844,0.2709091000142507,23.577794200005883,parallel_episode_batch,pending,3.380842668854672e-06,0.0009153090137735252,0.4097397126581358,-0.0036363605986875686,1.5840416903964307e-06,0.0,1.0000638074201087,0.10620305353127744,0.0,0.36706674098968506,1.4810370206832886,0.2521159052848816,0.007999339140951633,0.03392404317855835,1.473037600517273,0.2592993974685669,0.981894314289093,5e-05,-0.29892244935035706,-0.30213046073913574,-0.20207680761814117,-0.2016003131866455,-0.2012680619955063,0.30106648802757263,-0.3031068742275238,-0.30292072892189026,-0.20049172639846802,-0.20169098675251007,-0.20362669229507446,0.017986223101615906,0.12074403464794159,0.01798621006309986,0.12071915715932846,0.0,1.4973080158233643,1.0065760612487793
372,372,74,2,74,38,train_machine_bottleneck_1000074,1000074,machine_bottleneck,fixed_cost_dominant,0.0,0.0,1.0,group_anchor_2,257,257,0,0.0,257,0,0.0,0,0.0,1.8795171699114,1.9420171699114,-0.0625,1.8795171699114,1.9420171699114002,-2.220446049250313e-16,quality,-1232.5000000000007,-652.8002256731099,-6.558888888888887,1.0,1.0,-0.11596566017719975,0.0,0.0,-0.0625,73,193.0,True,False,completed,1.0,1.0,1232.5000000000007,1232.5000000000007,652.8002256731099,6.558888888888887,0.3950231772444576,0.11596566017719975,0.27580000000000005,0.22412981443333338,0.75,0,0.0,0,0,0,0.0,1,88,0,2,1619,161.9,0,0,0,0.0,0,0.0,0,0,41,0.0,0,{},0.0,17,1.0,56,17,121,34,29,119,85,34,5,114,0,85,5,29,5,5,0,114,16,16,2,25,0,114,0,0,85,5,29,74,11,1.6081081081081081,0,10,2942,16.036561599998095,12.566599100035091,0.10800239999662153,0.19231289997696877,23.577794200005883,parallel_episode_batch,pending,3.380842668854672e-06,0.0009153090137735252,0.4097397126581358,-0.0036363605986875686,1.5840416903964307e-06,0.0,1.0000638074201087,0.10620305353127744,0.0,0.36706674098968506,1.4810370206832886,0.2521159052848816,0.007999339140951633,0.03392404317855835,1.473037600517273,0.2592993974685669,0.981894314289093,5e-05,-0.29892244935035706,-0.30213046073913574,-0.20207680761814117,-0.2016003131866455,-0.2012680619955063,0.30106648802757263,-0.3031068742275238,-0.30292072892189026,-0.20049172639846802,-0.20169098675251007,-0.20362669229507446,0.017986223101615906,0.12074403464794159,0.01798621006309986,0.12071915715932846,0.0,1.4973080158233643,1.0065760612487793
373,373,74,3,74,38,train_machine_bottleneck_1000074,1000074,machine_bottleneck,fixed_cost_dominant,0.3333333333333333,0.3333333333333333,0.3333333333333333,group_anchor_3,259,259,0,0.0,259,0,0.0,0,0.0,1.7774985017108176,1.8399985017108176,-0.0625,1.7774985017108176,1.8399985017108176,0.0,quality,-1086.0000000000002,-650.9090040785499,-4.985555555555555,1.0,1.0,-0.3200029965783649,0.0,0.0,-0.0625,73,190.20000000000002,True,False,completed,1.0,1.0,1086.0000000000002,1086.0000000000002,650.9090040785499,4.985555555555554,0.37394879257586294,0.3200029965783649,0.2526001265,0.20521160251666667,0.75,0,0.0,0,0,0,0.0,1,86,0,0,1606,160.60000000000002,0,0,0,0.0,0,0.0,0,0,36,0.0,0,{},0.0,17,1.0,56,17,120,34,32,135,102,33,1,134,0,102,1,32,1,1,0,134,17,17,1,32,0,134,0,0,102,1,32,91,4,1.4835164835164836,0,10,2942,16.036561599998095,12.566599100035091,0.10655129999940982,0.16786089995730435,23.577794200005883,parallel_episode_batch,pending,3.380842668854672e-06,0.0009153090137735252,0.4097397126581358,-0.0036363605986875686,1.5840416903964307e-06,0.0,1.0000638074201087,0.10620305353127744,0.0,0.36706674098968506,1.4810370206832886,0.2521159052848816,0.007999339140951633,0.03392404317855835,1.473037600517273,0.2592993974685669,0.981894314289093,5e-05,-0.29892244935035706,-0.30213046073913574,-0.20207680761814117,-0.2016003131866455,-0.2012680619955063,0.30106648802757263,-0.3031068742275238,-0.30292072892189026,-0.20049172639846802,-0.20169098675251007,-0.20362669229507446,0.017986223101615906,0.12074403464794159,0.01798621006309986,0.12071915715932846,0.0,1.4973080158233643,1.0065760612487793
374,374,74,4,74,38,train_machine_bottleneck_1000074,1000074,machine_bottleneck,fixed_cost_dominant,0.5,0.3,0.2,group_anchor_4,266,266,0,0.0,266,0,0.0,0,0.0,1.7426876252038488,1.8051876252038488,-0.0625,1.7426876252038488,1.8051876252038492,-4.440892098500626e-16,quality,-1089.9,-742.8356493917593,-6.746666666666669,1.0,1.0,-0.38962474959230153,0.0,0.0,-0.0625,73,181.9,True,False,completed,1.0,1.0,1089.9,1089.9,742.8356493917593,6.746666666666669,0.38962474959230153,0.38962474959230153,0.33220000000000005,0.2348949147666667,0.75,0,0.0,0,0,0,0.0,1,101,0,0,1447,144.70000000000002,0,0,0,0.0,0,0.0,0,0,37,0.0,0,{},0.0,19,0.9473684210526315,54,19,121,38,34,141,104,37,3,138,0,104,3,34,3,3,0,138,19,20,2,34,0,138,0,0,104,3,34,94,8,1.5,0,10,2942,16.036561599998095,12.566599100035091,0.0988701999958721,0.21795310002198676,23.577794200005883,parallel_episode_batch,pending,3.380842668854672e-06,0.0009153090137735252,0.4097397126581358,-0.0036363605986875686,1.5840416903964307e-06,0.0,1.0000638074201087,0.10620305353127744,0.0,0.36706674098968506,1.4810370206832886,0.2521159052848816,0.007999339140951633,0.03392404317855835,1.473037600517273,0.2592993974685669,0.981894314289093,5e-05,-0.29892244935035706,-0.30213046073913574,-0.20207680761814117,-0.2016003131866455,-0.2012680619955063,0.30106648802757263,-0.3031068742275238,-0.30292072892189026,-0.20049172639846802,-0.20169098675251007,-0.20362669229507446,0.017986223101615906,0.12074403464794159,0.01798621006309986,0.12071915715932846,0.0,1.4973080158233643,1.0065760612487793
375,375,75,0,75,38,train_reconfiguration_bottleneck_1000075,1000075,reconfiguration_bottleneck,balanced_cost,1.0,0.0,0.0,group_anchor_0,415,415,0,0.0,415,0,0.0,0,0.0,1.677548009601921,1.740048009601921,-0.06249999999999997,1.677548009601921,1.7400480096019202,8.881784197001252e-16,quality,-1299.5000000000016,-1694.797575873913,-11.294722222222234,1.0,1.0,-0.5199039807961595,0.0,0.0,-0.06249999999999997,76,203.60000000000002,True,False,completed,1.0,1.0,1299.5000000000016,1299.5000000000016,1694.797575873913,11.294722222222234,0.4854801909338588,0.5199039807961595,0.7499999999999986,0.6928333333333324,0.75,250,0.6188118811881188,48,48,309,0.7822784810126582,0,118,2,0,1064,106.4,0,0,0,0.0,0,0.0,0,0,45,0.0,0,{},29.1,29,0.8620689655172413,47,29,181,58,100,295,178,117,17,278,0,178,17,100,17,17,0,278,36,133,4,100,117,278,0,0,178,17,100,109,73,2.706422018348624,0,10,2942,16.036561599998095,12.566599100035091,0.7001114000013331,0.3970362999243662,23.577794200005883,parallel_episode_batch,pending,3.380842668854672e-06,0.0009153090137735252,0.4097397126581358,-0.0036363605986875686,1.5840416903964307e-06,0.0,1.0000638074201087,0.10620305353127744,0.0,0.36706674098968506,1.4810370206832886,0.2521159052848816,0.007999339140951633,0.03392404317855835,1.473037600517273,0.2592993974685669,0.981894314289093,5e-05,-0.29892244935035706,-0.30213046073913574,-0.20207680761814117,-0.2016003131866455,-0.2012680619955063,0.30106648802757263,-0.3031068742275238,-0.30292072892189026,-0.20049172639846802,-0.20169098675251007,-0.20362669229507446,0.017986223101615906,0.12074403464794159,0.01798621006309986,0.12071915715932846,0.0,1.4973080158233643,1.0065760612487793
376,376,75,1,75,38,train_reconfiguration_bottleneck_1000075,1000075,reconfiguration_bottleneck,balanced_cost,0.0,1.0,0.0,group_anchor_1,287,287,0,0.0,287,0,0.0,0,0.0,1.6736994713649311,1.7361994713649311,-0.0625,1.6736994713649311,1.7361994713649307,4.440892098500626e-16,quality,-1343.1000000000004,-1116.8548647066802,-5.0713888888888805,1.0,1.0,-0.5276010572701384,0.0,0.0,-0.0625,76,192.5,True,False,completed,1.0,1.0,1343.1000000000004,1343.1000000000004,1116.8548647066802,5.071388888888884,0.44076530247004353,0.5276010572701384,0.6395,0.4991230680000001,0.75,2,0.019230769230769232,0,0,1,0.005988023952095809,1,102,1,2,1392,139.20000000000002,0,0,0,0.0,0,0.0,0,0,53,0.0,0,{},0.0,21,0.9523809523809523,55,21,130,42,39,133,88,45,6,127,0,88,6,39,6,6,0,127,21,22,1,36,3,127,0,0,88,6,39,88,6,1.5113636363636365,0,10,2942,16.036561599998095,12.566599100035091,0.708707300000242,0.3059210000283201,23.577794200005883,parallel_episode_batch,pending,3.380842668854672e-06,0.0009153090137735252,0.4097397126581358,-0.0036363605986875686,1.5840416903964307e-06,0.0,1.0000638074201087,0.10620305353127744,0.0,0.36706674098968506,1.4810370206832886,0.2521159052848816,0.007999339140951633,0.03392404317855835,1.473037600517273,0.2592993974685669,0.981894314289093,5e-05,-0.29892244935035706,-0.30213046073913574,-0.20207680761814117,-0.2016003131866455,-0.2012680619955063,0.30106648802757263,-0.3031068742275238,-0.30292072892189026,-0.20049172639846802,-0.20169098675251007,-0.20362669229507446,0.017986223101615906,0.12074403464794159,0.01798621006309986,0.12071915715932846,0.0,1.4973080158233643,1.0065760612487793
377,377,75,2,75,38,train_reconfiguration_bottleneck_1000075,1000075,reconfiguration_bottleneck,balanced_cost,0.0,0.0,1.0,group_anchor_2,300,300,0,0.0,300,0,0.0,0,0.0,1.8992468395994089,1.9617468395994089,-0.0625,1.8992468395994089,1.9617468395994089,0.0,quality,-1444.0999999999992,-1251.30381166904,-4.142222222222222,1.0,1.0,-0.07650632080118214,0.0,0.0,-0.0625,76,195.20000000000002,True,False,completed,1.0,1.0,1444.0999999999992,1444.0999999999992,1251.30381166904,4.142222222222224,0.4551248358448368,0.07650632080118211,0.6328,0.5711166666666667,0.75,1,0.009009009009009009,0,0,2,0.00684931506849315,1,110,1,6,1423,142.3,0,0,0,0.0,0,0.0,0,0,52,0.0,0,{},0.0,23,0.9565217391304348,53,23,139,46,39,133,86,47,8,125,0,86,8,39,8,8,0,125,19,18,1,28,1,125,0,0,86,8,39,82,6,1.6219512195121952,0,10,2942,16.036561599998095,12.566599100035091,0.7220718999960809,0.4155243999121012,23.577794200005883,parallel_episode_batch,pending,3.380842668854672e-06,0.0009153090137735252,0.4097397126581358,-0.0036363605986875686,1.5840416903964307e-06,0.0,1.0000638074201087,0.10620305353127744,0.0,0.36706674098968506,1.4810370206832886,0.2521159052848816,0.007999339140951633,0.03392404317855835,1.473037600517273,0.2592993974685669,0.981894314289093,5e-05,-0.29892244935035706,-0.30213046073913574,-0.20207680761814117,-0.2016003131866455,-0.2012680619955063,0.30106648802757263,-0.3031068742275238,-0.30292072892189026,-0.20049172639846802,-0.20169098675251007,-0.20362669229507446,0.017986223101615906,0.12074403464794159,0.01798621006309986,0.12071915715932846,0.0,1.4973080158233643,1.0065760612487793
378,378,75,3,75,38,train_reconfiguration_bottleneck_1000075,1000075,reconfiguration_bottleneck,balanced_cost,0.3333333333333333,0.3333333333333333,0.3333333333333333,group_anchor_3,323,323,0,0.0,323,0,0.0,0,0.0,1.7471164217766568,1.8096164217766568,-0.0625,1.7471164217766568,1.8096164217766577,-8.881784197001252e-16,quality,-1295.3000000000002,-1430.3661221398208,-1.7955555555555627,1.0,1.0,-0.38076715644668463,0.0,0.0,-0.0625,76,199.4,True,False,completed,1.0,1.0,1295.3000000000002,1295.3000000000002,1430.3661221398208,1.7955555555555618,0.44304299995783186,0.38076715644668463,0.7124999999999999,0.6422666666666667,0.75,3,0.023076923076923078,0,0,11,0.06470588235294118,1,127,2,4,1441,144.1,0,0,0,0.0,0,0.0,0,0,48,0.0,0,{},0.0,27,1.0,49,27,145,54,48,174,119,55,7,167,0,119,7,48,7,7,0,167,32,27,5,47,6,167,0,0,119,7,48,106,7,1.6415094339622642,0,10,2942,16.036561599998095,12.566599100035091,0.7171527000027709,0.31752129994129064,23.577794200005883,parallel_episode_batch,pending,3.380842668854672e-06,0.0009153090137735252,0.4097397126581358,-0.0036363605986875686,1.5840416903964307e-06,0.0,1.0000638074201087,0.10620305353127744,0.0,0.36706674098968506,1.4810370206832886,0.2521159052848816,0.007999339140951633,0.03392404317855835,1.473037600517273,0.2592993974685669,0.981894314289093,5e-05,-0.29892244935035706,-0.30213046073913574,-0.20207680761814117,-0.2016003131866455,-0.2012680619955063,0.30106648802757263,-0.3031068742275238,-0.30292072892189026,-0.20049172639846802,-0.20169098675251007,-0.20362669229507446,0.017986223101615906,0.12074403464794159,0.01798621006309986,0.12071915715932846,0.0,1.4973080158233643,1.0065760612487793
379,379,75,4,75,38,train_reconfiguration_bottleneck_1000075,1000075,reconfiguration_bottleneck,balanced_cost,0.5,0.3,0.2,group_anchor_4,318,318,0,0.0,318,0,0.0,0,0.0,1.7190204868888523,1.7815204868888523,-0.0625,1.7190204868888523,1.7815204868888523,0.0,quality,-1195.3,-1332.0633689316319,-4.374722222222224,1.0,1.0,-0.4369590262222953,0.0,0.0,-0.0625,76,191.3,True,False,completed,1.0,1.0,1195.3,1195.3,1332.0633689316319,4.374722222222224,0.4369590262222953,0.4369590262222953,0.6859000000000001,0.6344833333333334,0.75,4,0.032520325203252036,0,0,1,0.008771929824561403,1,119,1,3,1312,131.20000000000002,0,0,0,0.0,0,0.0,0,0,50,0.0,0,{},0.0,25,0.96,51,25,142,50,50,177,121,56,6,171,0,121,6,50,6,6,0,171,26,28,0,48,5,171,0,0,121,6,50,106,8,1.669811320754717,0,10,2942,16.036561599998095,12.566599100035091,0.7151337999966927,0.22562510003626812,23.577794200005883,parallel_episode_batch,pending,3.380842668854672e-06,0.0009153090137735252,0.4097397126581358,-0.0036363605986875686,1.5840416903964307e-06,0.0,1.0000638074201087,0.10620305353127744,0.0,0.36706674098968506,1.4810370206832886,0.2521159052848816,0.007999339140951633,0.03392404317855835,1.473037600517273,0.2592993974685669,0.981894314289093,5e-05,-0.29892244935035706,-0.30213046073913574,-0.20207680761814117,-0.2016003131866455,-0.2012680619955063,0.30106648802757263,-0.3031068742275238,-0.30292072892189026,-0.20049172639846802,-0.20169098675251007,-0.20362669229507446,0.017986223101615906,0.12074403464794159,0.01798621006309986,0.12071915715932846,0.0,1.4973080158233643,1.0065760612487793
380,380,76,0,76,39,train_machine_bottleneck_1000076,1000076,machine_bottleneck,labor_dominant,1.0,0.0,0.0,group_anchor_0,243,243,0,0.0,243,0,0.0,0,0.0,1.7003811777076763,1.7628811777076763,-0.0625,1.7003811777076763,1.762881177707676,2.220446049250313e-16,quality,-1082.3999999999999,-538.67741559479,-20.224722222222226,1.0,1.0,-0.47423764458464773,0.0,0.0,-0.0625,70,187.3,True,False,completed,1.0,1.0,1082.3999999999999,1082.3999999999999,538.67741559479,20.224722222222226,0.3997461872088913,0.47423764458464773,0.28440000000000004,0.19657480505000002,0.75,0,0.0,0,0,0,0.0,1,75,0,0,1563,156.3,0,0,0,0.0,0,0.0,0,0,38,0.0,0,{},0.0,15,0.9333333333333333,55,15,114,30,29,146,114,32,3,143,0,114,3,29,3,3,0,143,15,17,0,29,0,143,0,0,114,3,29,92,10,1.5869565217391304,0,10,3141,17.6174450000035,13.512376300037431,0.14597529999446124,0.13538119997974718,25.848964500000875,parallel_episode_batch,pending,0.0030818537808954714,0.0006261941625416512,0.3986323956400156,-0.0005913731676992029,4.365812055784346e-07,0.0,0.9999973785877228,0.06601085105910898,0.0,0.14806410670280457,1.4562196731567383,0.2500609755516052,0.008140932768583298,0.03067409247159958,1.4480787515640259,0.25859203934669495,0.9849529266357422,5e-05,-0.2990044057369232,-0.30190813541412354,-0.201943039894104,-0.20144937932491302,-0.20113183557987213,0.30109843611717224,-0.3027231991291046,-0.30265361070632935,-0.20056700706481934,-0.20147117972373962,-0.20364587008953094,0.017986223101615906,0.12071368098258972,0.01798621006309986,0.12068972736597061,0.0,1.496790885925293,1.0068062543869019
381,381,76,1,76,39,train_machine_bottleneck_1000076,1000076,machine_bottleneck,labor_dominant,0.0,1.0,0.0,group_anchor_1,253,253,0,0.0,253,0,0.0,0,0.0,1.7536069871381312,1.8161069871381312,-0.0625,1.7536069871381312,1.8161069871381315,-2.220446049250313e-16,quality,-1169.0000000000002,-581.7429552150699,-4.87222222222223,1.0,1.0,-0.36778602572373725,0.0,0.0,-0.0625,70,190.70000000000002,True,False,completed,1.0,1.0,1169.0000000000002,1169.0000000000002,581.7429552150699,4.87222222222223,0.3748228138486385,0.36778602572373725,0.27880000000000005,0.21757480505000004,0.75,0,0.0,0,0,0,0.0,1,77,0,3,1559,155.9,0,0,0,0.0,0,0.0,0,0,33,0.0,0,{},0.0,16,0.8125,54,16,120,32,31,116,80,36,5,111,0,80,5,31,5,5,0,111,15,17,0,27,0,111,0,0,80,5,31,72,9,1.6111111111111112,0,10,3141,17.6174450000035,13.512376300037431,0.13983230000303593,0.19007860004057875,25.848964500000875,parallel_episode_batch,pending,0.0030818537808954714,0.0006261941625416512,0.3986323956400156,-0.0005913731676992029,4.365812055784346e-07,0.0,0.9999973785877228,0.06601085105910898,0.0,0.14806410670280457,1.4562196731567383,0.2500609755516052,0.008140932768583298,0.03067409247159958,1.4480787515640259,0.25859203934669495,0.9849529266357422,5e-05,-0.2990044057369232,-0.30190813541412354,-0.201943039894104,-0.20144937932491302,-0.20113183557987213,0.30109843611717224,-0.3027231991291046,-0.30265361070632935,-0.20056700706481934,-0.20147117972373962,-0.20364587008953094,0.017986223101615906,0.12071368098258972,0.01798621006309986,0.12068972736597061,0.0,1.496790885925293,1.0068062543869019
382,382,76,2,76,39,train_machine_bottleneck_1000076,1000076,machine_bottleneck,labor_dominant,0.0,0.0,1.0,group_anchor_2,249,249,0,0.0,249,0,0.0,0,0.0,1.9137610333806068,1.9762610333806068,-0.0625,1.9137610333806068,1.9762610333806065,2.220446049250313e-16,quality,-1142.5000000000002,-586.6473052845201,-2.492222222222222,1.0,1.0,-0.047477933238786706,0.0,0.0,-0.0625,70,184.70000000000002,True,False,completed,1.0,1.0,1142.5000000000002,1142.5000000000002,586.6473052845201,2.492222222222223,0.36428104297236724,0.047477933238786706,0.19619999999999999,0.16085,0.75,0,0.0,0,0,0,0.0,2,89,0,4,1467,146.70000000000002,0,0,0,0.0,0,0.0,0,0,39,0.0,0,{},0.0,16,1.0,54,16,116,32,31,108,77,31,0,108,0,77,0,31,0,0,0,108,15,13,1,27,0,108,0,0,77,0,31,78,3,1.3846153846153846,0,10,3141,17.6174450000035,13.512376300037431,0.1222769000014523,0.19149159998778487,25.848964500000875,parallel_episode_batch,pending,0.0030818537808954714,0.0006261941625416512,0.3986323956400156,-0.0005913731676992029,4.365812055784346e-07,0.0,0.9999973785877228,0.06601085105910898,0.0,0.14806410670280457,1.4562196731567383,0.2500609755516052,0.008140932768583298,0.03067409247159958,1.4480787515640259,0.25859203934669495,0.9849529266357422,5e-05,-0.2990044057369232,-0.30190813541412354,-0.201943039894104,-0.20144937932491302,-0.20113183557987213,0.30109843611717224,-0.3027231991291046,-0.30265361070632935,-0.20056700706481934,-0.20147117972373962,-0.20364587008953094,0.017986223101615906,0.12071368098258972,0.01798621006309986,0.12068972736597061,0.0,1.496790885925293,1.0068062543869019
383,383,76,3,76,39,train_machine_bottleneck_1000076,1000076,machine_bottleneck,labor_dominant,0.3333333333333333,0.3333333333333333,0.3333333333333333,group_anchor_3,234,234,0,0.0,234,0,0.0,0,0.0,1.7952935278501996,1.8577935278501996,-0.0625,1.7952935278501996,1.8577935278501996,0.0,quality,-1099.6,-530.47484360457,-1.4647222222222211,1.0,1.0,-0.2844129442996006,0.0,0.0,-0.0625,70,195.10000000000002,True,False,completed,1.0,1.0,1099.6,1099.6,530.47484360457,1.4647222222222211,0.3487596027846226,0.2844129442996006,0.21660000000000004,0.15470040240000002,0.75,0,0.0,0,0,0,0.0,2,79,0,3,1607,160.70000000000002,0,0,0,0.0,0,0.0,0,0,40,0.0,0,{},0.0,14,1.0,56,14,109,28,27,109,82,27,0,109,0,82,0,27,0,0,0,109,14,13,1,26,0,109,0,0,82,0,27,79,4,1.379746835443038,0,10,3141,17.6174450000035,13.512376300037431,0.14042029999836814,0.18635530001483858,25.848964500000875,parallel_episode_batch,pending,0.0030818537808954714,0.0006261941625416512,0.3986323956400156,-0.0005913731676992029,4.365812055784346e-07,0.0,0.9999973785877228,0.06601085105910898,0.0,0.14806410670280457,1.4562196731567383,0.2500609755516052,0.008140932768583298,0.03067409247159958,1.4480787515640259,0.25859203934669495,0.9849529266357422,5e-05,-0.2990044057369232,-0.30190813541412354,-0.201943039894104,-0.20144937932491302,-0.20113183557987213,0.30109843611717224,-0.3027231991291046,-0.30265361070632935,-0.20056700706481934,-0.20147117972373962,-0.20364587008953094,0.017986223101615906,0.12071368098258972,0.01798621006309986,0.12068972736597061,0.0,1.496790885925293,1.0068062543869019
384,384,76,4,76,39,train_machine_bottleneck_1000076,1000076,machine_bottleneck,labor_dominant,0.5,0.3,0.2,group_anchor_4,250,250,0,0.0,250,0,0.0,0,0.0,1.750624679215513,1.813124679215513,-0.0625,1.750624679215513,1.813124679215513,0.0,quality,-1190.7,-590.64875462587,-3.569166666666669,1.0,1.0,-0.37375064156897425,0.0,0.0,-0.0625,70,204.60000000000002,True,False,completed,1.0,1.0,1190.7,1190.7,590.64875462587,3.569166666666669,0.37375064156897425,0.37375064156897425,0.26054641590000005,0.20415813838333338,0.75,0,0.0,0,0,1,0.007692307692307693,1,82,1,1,1591,159.10000000000002,0,0,0,0.0,0,0.0,0,0,37,0.0,0,{},0.0,16,0.9375,54,16,116,32,32,130,94,36,4,126,0,94,4,32,4,4,0,126,18,17,0,31,0,126,0,0,94,4,32,84,10,1.5476190476190477,0,10,3141,17.6174450000035,13.512376300037431,0.1183212000032654,0.24583659999916563,25.848964500000875,parallel_episode_batch,pending,0.0030818537808954714,0.0006261941625416512,0.3986323956400156,-0.0005913731676992029,4.365812055784346e-07,0.0,0.9999973785877228,0.06601085105910898,0.0,0.14806410670280457,1.4562196731567383,0.2500609755516052,0.008140932768583298,0.03067409247159958,1.4480787515640259,0.25859203934669495,0.9849529266357422,5e-05,-0.2990044057369232,-0.30190813541412354,-0.201943039894104,-0.20144937932491302,-0.20113183557987213,0.30109843611717224,-0.3027231991291046,-0.30265361070632935,-0.20056700706481934,-0.20147117972373962,-0.20364587008953094,0.017986223101615906,0.12071368098258972,0.01798621006309986,0.12068972736597061,0.0,1.496790885925293,1.0068062543869019
385,385,77,0,77,39,train_reconfiguration_bottleneck_1000077,1000077,reconfiguration_bottleneck,labor_dominant,1.0,0.0,0.0,group_anchor_0,329,329,0,0.0,329,0,0.0,0,0.0,1.6907179784764712,1.7532179784764712,-0.0625,1.6907179784764712,1.7532179784764719,-6.661338147750939e-16,quality,-1169.5,-1160.1886994557206,-18.568888888888893,1.0000000000000002,1.0,-0.49356404304705637,0.0,0.0,-0.0625,81,194.5,True,False,completed,1.0,1.0,1169.5,1169.5,1160.1886994557206,18.568888888888893,0.4620665302594456,0.49356404304705637,0.7495,0.6559036510500001,0.75,27,0.19014084507042253,5,5,31,0.2672413793103448,0,115,2,0,1244,124.4,0,0,0,0.0,0,0.0,0,0,51,0.0,0,{},5.300000000000001,25,1.0,56,25,144,50,54,204,140,64,10,194,0,140,10,54,10,10,0,194,33,37,1,54,22,194,0,0,140,10,54,109,10,1.871559633027523,0,10,3141,17.6174450000035,13.512376300037431,0.19629189999977825,0.2600865000640624,25.848964500000875,parallel_episode_batch,pending,0.0030818537808954714,0.0006261941625416512,0.3986323956400156,-0.0005913731676992029,4.365812055784346e-07,0.0,0.9999973785877228,0.06601085105910898,0.0,0.14806410670280457,1.4562196731567383,0.2500609755516052,0.008140932768583298,0.03067409247159958,1.4480787515640259,0.25859203934669495,0.9849529266357422,5e-05,-0.2990044057369232,-0.30190813541412354,-0.201943039894104,-0.20144937932491302,-0.20113183557987213,0.30109843611717224,-0.3027231991291046,-0.30265361070632935,-0.20056700706481934,-0.20147117972373962,-0.20364587008953094,0.017986223101615906,0.12071368098258972,0.01798621006309986,0.12068972736597061,0.0,1.496790885925293,1.0068062543869019
386,386,77,1,77,39,train_reconfiguration_bottleneck_1000077,1000077,reconfiguration_bottleneck,labor_dominant,0.0,1.0,0.0,group_anchor_1,277,277,0,0.0,277,0,0.0,0,0.0,1.72051371036929,1.78301371036929,-0.0625,1.72051371036929,1.7830137103692905,-4.440892098500626e-16,quality,-2104.9000000000005,-766.6988618592897,-80.31666666666668,1.0000000000000002,1.0,-0.43397257926141924,0.0,0.0,-0.0625,81,233.4,True,False,completed,1.0,1.0,2104.9000000000005,2104.9000000000005,766.6988618592897,80.31666666666668,0.5719070086195861,0.43397257926141924,0.6296,0.33795807271666667,0.75,0,0.0,0,0,21,0.02766798418972332,1,86,0,4,1887,188.70000000000002,0,0,0,0.0,0,0.0,0,0,41,0.0,0,{},0.0,17,0.9411764705882353,64,17,132,34,30,119,84,35,5,114,0,84,5,30,5,5,0,114,16,18,0,29,1,114,0,0,84,5,30,77,8,1.5454545454545454,0,10,3141,17.6174450000035,13.512376300037431,0.20240460000059102,0.6528871999980765,25.848964500000875,parallel_episode_batch,pending,0.0030818537808954714,0.0006261941625416512,0.3986323956400156,-0.0005913731676992029,4.365812055784346e-07,0.0,0.9999973785877228,0.06601085105910898,0.0,0.14806410670280457,1.4562196731567383,0.2500609755516052,0.008140932768583298,0.03067409247159958,1.4480787515640259,0.25859203934669495,0.9849529266357422,5e-05,-0.2990044057369232,-0.30190813541412354,-0.201943039894104,-0.20144937932491302,-0.20113183557987213,0.30109843611717224,-0.3027231991291046,-0.30265361070632935,-0.20056700706481934,-0.20147117972373962,-0.20364587008953094,0.017986223101615906,0.12071368098258972,0.01798621006309986,0.12068972736597061,0.0,1.496790885925293,1.0068062543869019
387,387,77,2,77,39,train_reconfiguration_bottleneck_1000077,1000077,reconfiguration_bottleneck,labor_dominant,0.0,0.0,1.0,group_anchor_2,338,338,0,0.0,338,0,0.0,0,0.0,1.834947503808872,1.897447503808872,-0.0625,1.834947503808872,1.8974475038088718,2.220446049250313e-16,quality,-1547.3000000000004,-1268.36863825267,-12.901388888888887,1.0000000000000002,1.0,-0.20510499238225616,0.0,0.0,-0.0625,81,202.60000000000002,True,False,completed,1.0,1.0,1547.3000000000004,1547.3000000000004,1268.36863825267,12.901388888888887,0.4903711189788128,0.20510499238225616,0.7499999999999999,0.7001333333333334,0.75,34,0.23776223776223776,10,10,24,0.057279236276849645,0,109,3,3,1230,123.0,0,0,0,0.0,0,0.0,0,0,46,0.0,0,{},14.100000000000001,26,0.9615384615384616,55,26,147,52,58,161,89,72,14,147,0,89,14,58,14,14,0,147,30,46,1,51,26,147,0,0,89,14,58,87,13,1.8505747126436782,0,10,3141,17.6174450000035,13.512376300037431,0.20933309999963967,0.5118090000178199,25.848964500000875,parallel_episode_batch,pending,0.0030818537808954714,0.0006261941625416512,0.3986323956400156,-0.0005913731676992029,4.365812055784346e-07,0.0,0.9999973785877228,0.06601085105910898,0.0,0.14806410670280457,1.4562196731567383,0.2500609755516052,0.008140932768583298,0.03067409247159958,1.4480787515640259,0.25859203934669495,0.9849529266357422,5e-05,-0.2990044057369232,-0.30190813541412354,-0.201943039894104,-0.20144937932491302,-0.20113183557987213,0.30109843611717224,-0.3027231991291046,-0.30265361070632935,-0.20056700706481934,-0.20147117972373962,-0.20364587008953094,0.017986223101615906,0.12071368098258972,0.01798621006309986,0.12068972736597061,0.0,1.496790885925293,1.0068062543869019
388,388,77,3,77,39,train_reconfiguration_bottleneck_1000077,1000077,reconfiguration_bottleneck,labor_dominant,0.3333333333333333,0.3333333333333333,0.3333333333333333,group_anchor_3,617,617,0,0.0,617,0,0.0,0,0.0,1.7223606454534652,1.7848606454534652,-0.06249999999999997,1.7223606454534652,1.784860645453465,2.220446049250313e-16,quality,-1448.5999999999888,-1609.8780469507933,-7.278055555555574,1.0000000000000002,1.0,-0.43027870909307,0.0,0.0,-0.06249999999999997,81,205.10000000000002,True,False,completed,1.0,1.0,1448.5999999999888,1448.5999999999888,1609.8780469507933,7.278055555555574,0.48393039503275864,0.43027870909307,0.7498999999999998,0.7241622449999982,0.75,839,0.6380228136882129,147,147,237,0.5710843373493976,0,126,8,1,975,97.5,0,0,0,0.0,0,0.0,0,0,45,0.0,0,{},72.3,30,0.9666666666666667,51,30,278,60,198,456,240,216,18,438,0,240,18,198,18,18,0,438,36,319,2,188,307,438,0,0,240,18,198,93,154,4.903225806451613,0,10,3141,17.6174450000035,13.512376300037431,0.21508010000252398,0.728373900114093,25.848964500000875,parallel_episode_batch,pending,0.0030818537808954714,0.0006261941625416512,0.3986323956400156,-0.0005913731676992029,4.365812055784346e-07,0.0,0.9999973785877228,0.06601085105910898,0.0,0.14806410670280457,1.4562196731567383,0.2500609755516052,0.008140932768583298,0.03067409247159958,1.4480787515640259,0.25859203934669495,0.9849529266357422,5e-05,-0.2990044057369232,-0.30190813541412354,-0.201943039894104,-0.20144937932491302,-0.20113183557987213,0.30109843611717224,-0.3027231991291046,-0.30265361070632935,-0.20056700706481934,-0.20147117972373962,-0.20364587008953094,0.017986223101615906,0.12071368098258972,0.01798621006309986,0.12068972736597061,0.0,1.496790885925293,1.0068062543869019
389,389,77,4,77,39,train_reconfiguration_bottleneck_1000077,1000077,reconfiguration_bottleneck,labor_dominant,0.5,0.3,0.2,group_anchor_4,351,351,0,0.0,351,0,0.0,0,0.0,1.7098812992089556,1.7723812992089556,-0.0625,1.7098812992089556,1.7723812992089554,2.220446049250313e-16,quality,-1276.0,-1316.0107591649698,-7.83583333333334,1.0000000000000002,1.0,-0.4552374015820892,0.0,0.0,-0.0625,81,180.0,True,False,completed,1.0,1.0,1276.0,1276.0,1316.0107591649698,7.83583333333334,0.4552374015820892,0.4552374015820892,0.7498999999999998,0.7237455783333333,0.75,26,0.1780821917808219,2,2,87,0.4306930693069307,0,120,5,0,1176,117.60000000000001,0,0,0,0.0,0,0.0,0,0,46,0.0,0,{},1.4000000000000001,29,0.9310344827586207,52,29,157,58,55,207,138,69,14,193,0,138,14,55,14,14,0,193,33,37,2,52,36,193,0,0,138,14,55,104,8,1.9903846153846154,0,10,3141,17.6174450000035,13.512376300037431,0.21098860000347486,0.27004210009909,25.848964500000875,parallel_episode_batch,pending,0.0030818537808954714,0.0006261941625416512,0.3986323956400156,-0.0005913731676992029,4.365812055784346e-07,0.0,0.9999973785877228,0.06601085105910898,0.0,0.14806410670280457,1.4562196731567383,0.2500609755516052,0.008140932768583298,0.03067409247159958,1.4480787515640259,0.25859203934669495,0.9849529266357422,5e-05,-0.2990044057369232,-0.30190813541412354,-0.201943039894104,-0.20144937932491302,-0.20113183557987213,0.30109843611717224,-0.3027231991291046,-0.30265361070632935,-0.20056700706481934,-0.20147117972373962,-0.20364587008953094,0.017986223101615906,0.12071368098258972,0.01798621006309986,0.12068972736597061,0.0,1.496790885925293,1.0068062543869019
390,390,78,0,78,40,train_machine_bottleneck_1000078,1000078,machine_bottleneck,fixed_cost_dominant,1.0,0.0,0.0,group_anchor_0,288,288,0,0.0,288,0,0.0,0,0.0,1.6759263858533675,1.7384263858533675,-0.0625,1.6759263858533675,1.7384263858533677,-2.220446049250313e-16,quality,-1316.500000000001,-793.61400197733,-29.50666666666667,1.0000000000000002,1.0,-0.5231472282932647,0.0,0.0,-0.0625,81,183.0,True,False,completed,1.0,1.0,1316.500000000001,1316.500000000001,793.61400197733,29.50666666666667,0.4685379298106981,0.5231472282932647,0.4638,0.29780010269999996,0.75,0,0.0,0,0,0,0.0,1,98,0,0,1415,141.5,0,0,0,0.0,0,0.0,0,0,47,0.0,0,{},0.0,19,0.8421052631578947,62,19,132,38,37,169,130,39,2,167,0,130,2,37,2,2,0,167,20,20,1,37,0,167,0,0,130,2,37,111,6,1.5225225225225225,0,10,2535,13.307499599999574,10.692364999988058,0.15189359999931185,0.16670849989168346,20.277715099997295,parallel_episode_batch,pending,-0.0017120874777901917,0.008767528910539113,0.46988359875977037,-0.0020271584740839898,4.1987910570639997e-07,0.0,0.9999892026185989,0.18498481020797045,0.025,0.623050332069397,1.4189034700393677,0.30821898579597473,-0.004955690819770098,0.10312255471944809,1.4238592386245728,0.29007986187934875,0.888059139251709,5e-05,-0.29882222414016724,-0.3016727864742279,-0.2019275426864624,-0.20128418505191803,-0.20097042620182037,0.3007951080799103,-0.302490234375,-0.3025032579898834,-0.20054931938648224,-0.20133282244205475,-0.20371019840240479,0.017986223101615906,0.12070859223604202,0.01798621006309986,0.12064262479543686,0.0,1.496673345565796,1.0071823596954346
391,391,78,1,78,40,train_machine_bottleneck_1000078,1000078,machine_bottleneck,fixed_cost_dominant,0.0,1.0,0.0,group_anchor_1,303,303,0,0.0,303,0,0.0,0,0.0,1.6991799619561507,1.7616799619561507,-0.0625,1.6991799619561507,1.761679961956151,-2.220446049250313e-16,quality,-1467.6999999999998,-910.7309411936697,-30.978888888888914,1.0000000000000002,1.0,-0.4766400760876981,0.0,0.0,-0.0625,81,196.70000000000002,True,False,completed,1.0,1.0,1467.6999999999998,1467.6999999999998,910.7309411936697,30.978888888888914,0.4945902013755239,0.4766400760876981,0.5532,0.3790880276,0.75,0,0.0,0,0,3,0.015789473684210527,1,108,1,3,1529,152.9,0,0,0,0.0,0,0.0,0,0,43,0.0,0,{},0.0,22,0.9545454545454546,59,22,138,44,40,137,93,44,4,133,0,93,4,40,4,4,0,133,22,18,2,34,2,133,0,0,93,4,40,88,5,1.5568181818181819,0,10,2535,13.307499599999574,10.692364999988058,0.1930715999988024,0.23636050002096454,20.277715099997295,parallel_episode_batch,pending,-0.0017120874777901917,0.008767528910539113,0.46988359875977037,-0.0020271584740839898,4.1987910570639997e-07,0.0,0.9999892026185989,0.18498481020797045,0.025,0.623050332069397,1.4189034700393677,0.30821898579597473,-0.004955690819770098,0.10312255471944809,1.4238592386245728,0.29007986187934875,0.888059139251709,5e-05,-0.29882222414016724,-0.3016727864742279,-0.2019275426864624,-0.20128418505191803,-0.20097042620182037,0.3007951080799103,-0.302490234375,-0.3025032579898834,-0.20054931938648224,-0.20133282244205475,-0.20371019840240479,0.017986223101615906,0.12070859223604202,0.01798621006309986,0.12064262479543686,0.0,1.496673345565796,1.0071823596954346
392,392,78,2,78,40,train_machine_bottleneck_1000078,1000078,machine_bottleneck,fixed_cost_dominant,0.0,0.0,1.0,group_anchor_2,307,307,0,0.0,307,0,0.0,0,0.0,0.27487301255091123,0.33737301255091123,-0.0625,0.27487301255091123,0.33737301255091123,0.0,quality,-1830.9000000000005,-907.9161195116,-5.743333333333329,0.9444444444444448,0.0,-0.1030317526759552,-1.0,-0.05555555555555555,-0.0625,80,240.0,False,True,horizon,0.9444444444444444,0.9876543209876543,,1830.9000000000005,907.9161195116,5.743333333333329,0.4654057318001776,0.1030317526759552,0.4408,0.31498333333333334,0.75,0,0.0,0,0,5,0.01858736059479554,1,116,0,5,1946,194.60000000000002,0,0,0,0.0,0,0.0,0,0,43,0.0,0,{},0.0,22,0.9090909090909091,59,22,144,44,38,133,94,39,1,132,0,94,1,38,1,1,0,132,18,16,3,30,0,132,0,0,94,1,38,92,4,1.4456521739130435,0,10,2535,13.307499599999574,10.692364999988058,0.18087379999633413,0.3499143999652006,20.277715099997295,parallel_episode_batch,pending,-0.0017120874777901917,0.008767528910539113,0.46988359875977037,-0.0020271584740839898,4.1987910570639997e-07,0.0,0.9999892026185989,0.18498481020797045,0.025,0.623050332069397,1.4189034700393677,0.30821898579597473,-0.004955690819770098,0.10312255471944809,1.4238592386245728,0.29007986187934875,0.888059139251709,5e-05,-0.29882222414016724,-0.3016727864742279,-0.2019275426864624,-0.20128418505191803,-0.20097042620182037,0.3007951080799103,-0.302490234375,-0.3025032579898834,-0.20054931938648224,-0.20133282244205475,-0.20371019840240479,0.017986223101615906,0.12070859223604202,0.01798621006309986,0.12064262479543686,0.0,1.496673345565796,1.0071823596954346
393,393,78,3,78,40,train_machine_bottleneck_1000078,1000078,machine_bottleneck,fixed_cost_dominant,0.3333333333333333,0.3333333333333333,0.3333333333333333,group_anchor_3,292,292,0,0.0,292,0,0.0,0,0.0,1.7506036031112715,1.8131036031112715,-0.0625,1.7506036031112715,1.8131036031112717,-2.220446049250313e-16,quality,-1465.3000000000004,-828.3508119098996,-6.724722222222227,1.0000000000000002,1.0,-0.3737927937774564,0.0,0.0,-0.0625,81,193.5,True,False,completed,1.0,1.0,1465.3000000000004,1465.3000000000004,828.3508119098996,6.724722222222227,0.4345123544610715,0.3737927937774564,0.35750000000000004,0.24750000000000005,0.75,0,0.0,1,1,16,0.048484848484848485,0,97,2,3,1468,146.8,0,0,0,0.0,0,0.0,0,0,46,0.0,0,{},0.8,20,0.95,61,20,135,40,36,139,98,41,5,134,0,98,5,36,5,5,0,134,19,24,2,35,1,134,0,0,98,5,36,90,7,1.5444444444444445,0,10,2535,13.307499599999574,10.692364999988058,0.14213179999933345,0.29561200003081467,20.277715099997295,parallel_episode_batch,pending,-0.0017120874777901917,0.008767528910539113,0.46988359875977037,-0.0020271584740839898,4.1987910570639997e-07,0.0,0.9999892026185989,0.18498481020797045,0.025,0.623050332069397,1.4189034700393677,0.30821898579597473,-0.004955690819770098,0.10312255471944809,1.4238592386245728,0.29007986187934875,0.888059139251709,5e-05,-0.29882222414016724,-0.3016727864742279,-0.2019275426864624,-0.20128418505191803,-0.20097042620182037,0.3007951080799103,-0.302490234375,-0.3025032579898834,-0.20054931938648224,-0.20133282244205475,-0.20371019840240479,0.017986223101615906,0.12070859223604202,0.01798621006309986,0.12064262479543686,0.0,1.496673345565796,1.0071823596954346
394,394,78,4,78,40,train_machine_bottleneck_1000078,1000078,machine_bottleneck,fixed_cost_dominant,0.5,0.3,0.2,group_anchor_4,311,311,0,0.0,311,0,0.0,0,0.0,1.7141077571545233,1.7766077571545233,-0.0625,1.7141077571545233,1.7766077571545233,0.0,quality,-1443.6000000000004,-911.1015367027296,-9.075555555555548,1.0000000000000002,1.0,-0.44678448569095325,0.0,0.0,-0.0625,81,196.0,True,False,completed,1.0,1.0,1443.6000000000004,1443.6000000000004,911.1015367027296,9.075555555555548,0.44678448569095325,0.44678448569095325,0.5551000000000001,0.3281500000000001,0.75,0,0.0,0,0,0,0.0,1,107,0,1,1408,140.8,0,0,0,0.0,0,0.0,0,0,43,0.0,0,{},0.0,22,0.9090909090909091,59,22,142,44,44,170,120,50,6,164,0,120,6,44,6,6,0,164,24,26,0,44,0,164,0,0,120,6,44,103,17,1.6504854368932038,0,10,2535,13.307499599999574,10.692364999988058,0.1770455999940168,0.25530000000435393,20.277715099997295,parallel_episode_batch,pending,-0.0017120874777901917,0.008767528910539113,0.46988359875977037,-0.0020271584740839898,4.1987910570639997e-07,0.0,0.9999892026185989,0.18498481020797045,0.025,0.623050332069397,1.4189034700393677,0.30821898579597473,-0.004955690819770098,0.10312255471944809,1.4238592386245728,0.29007986187934875,0.888059139251709,5e-05,-0.29882222414016724,-0.3016727864742279,-0.2019275426864624,-0.20128418505191803,-0.20097042620182037,0.3007951080799103,-0.302490234375,-0.3025032579898834,-0.20054931938648224,-0.20133282244205475,-0.20371019840240479,0.017986223101615906,0.12070859223604202,0.01798621006309986,0.12064262479543686,0.0,1.496673345565796,1.0071823596954346
395,395,79,0,79,40,train_balanced_1000079,1000079,balanced,downtime_dominant,1.0,0.0,0.0,group_anchor_0,192,192,0,0.0,192,0,0.0,0,0.0,1.7531731730415108,1.8156731730415108,-0.0625,1.7531731730415108,1.815673173041511,-2.220446049250313e-16,quality,-700.7000000000002,-534.19981259136,-12.905555555555551,0.9999999999999999,1.0,-0.36865365391697796,0.0,0.0,-0.0625,60,222.20000000000002,True,False,completed,1.0,1.0,700.7000000000002,700.7000000000002,534.19981259136,12.905555555555551,0.3298166814475641,0.36865365391697796,0.174,0.14094615166666669,0.75,0,0.0,0,0,0,0.0,2,55,0,0,1918,191.8,0,0,0,0.0,0,0.0,0,0,37,0.0,0,{},0.0,10,1.0,50,10,92,20,20,111,91,20,0,111,0,91,0,20,0,0,0,111,10,10,0,20,0,111,0,0,91,0,20,79,4,1.4050632911392404,0,10,2535,13.307499599999574,10.692364999988058,0.1359976000021561,0.19134139997913735,20.277715099997295,parallel_episode_batch,pending,-0.0017120874777901917,0.008767528910539113,0.46988359875977037,-0.0020271584740839898,4.1987910570639997e-07,0.0,0.9999892026185989,0.18498481020797045,0.025,0.623050332069397,1.4189034700393677,0.30821898579597473,-0.004955690819770098,0.10312255471944809,1.4238592386245728,0.29007986187934875,0.888059139251709,5e-05,-0.29882222414016724,-0.3016727864742279,-0.2019275426864624,-0.20128418505191803,-0.20097042620182037,0.3007951080799103,-0.302490234375,-0.3025032579898834,-0.20054931938648224,-0.20133282244205475,-0.20371019840240479,0.017986223101615906,0.12070859223604202,0.01798621006309986,0.12064262479543686,0.0,1.496673345565796,1.0071823596954346
396,396,79,1,79,40,train_balanced_1000079,1000079,balanced,downtime_dominant,0.0,1.0,0.0,group_anchor_1,224,224,0,0.0,224,0,0.0,0,0.0,1.7097214853201623,1.7722214853201623,-0.0625,1.7097214853201623,1.7722214853201623,0.0,quality,-890.3999999999996,-836.7396659082398,-9.73805555555556,0.9999999999999999,1.0,-0.4555570293596751,0.0,0.0,-0.0625,60,223.9,True,False,completed,1.0,1.0,890.3999999999996,890.3999999999996,836.7396659082398,9.73805555555556,0.38224322171059505,0.4555570293596751,0.28300000000000003,0.2193912223,0.75,0,0.0,0,0,0,0.0,1,88,0,2,1726,172.60000000000002,0,0,0,0.0,0,0.0,0,0,31,0.0,0,{},0.0,16,0.9375,44,16,103,32,29,109,78,31,2,107,0,78,2,29,2,2,0,107,13,16,0,27,0,107,0,0,78,2,29,70,9,1.5571428571428572,0,10,2535,13.307499599999574,10.692364999988058,0.14241949999995995,0.3133280999827548,20.277715099997295,parallel_episode_batch,pending,-0.0017120874777901917,0.008767528910539113,0.46988359875977037,-0.0020271584740839898,4.1987910570639997e-07,0.0,0.9999892026185989,0.18498481020797045,0.025,0.623050332069397,1.4189034700393677,0.30821898579597473,-0.004955690819770098,0.10312255471944809,1.4238592386245728,0.29007986187934875,0.888059139251709,5e-05,-0.29882222414016724,-0.3016727864742279,-0.2019275426864624,-0.20128418505191803,-0.20097042620182037,0.3007951080799103,-0.302490234375,-0.3025032579898834,-0.20054931938648224,-0.20133282244205475,-0.20371019840240479,0.017986223101615906,0.12070859223604202,0.01798621006309986,0.12064262479543686,0.0,1.496673345565796,1.0071823596954346
397,397,79,2,79,40,train_balanced_1000079,1000079,balanced,downtime_dominant,0.0,0.0,1.0,group_anchor_2,209,209,0,0.0,209,0,0.0,0,0.0,1.9044866389933843,1.9669866389933843,-0.0625,1.9044866389933843,1.9669866389933843,0.0,quality,-790.3999999999999,-655.2672902453102,-3.5347222222222228,0.9999999999999999,1.0,-0.0660267220132313,0.0,0.0,-0.0625,60,227.10000000000002,True,False,completed,1.0,1.0,790.3999999999999,790.3999999999999,655.2672902453102,3.5347222222222228,0.3305187879351881,0.0660267220132313,0.2642,0.15714615166666668,0.75,0,0.0,0,0,0,0.0,2,71,0,0,1898,189.8,0,0,0,0.0,0,0.0,0,0,36,0.0,0,{},0.0,13,1.0,47,13,98,26,25,92,67,25,0,92,0,67,0,25,0,0,0,92,11,11,0,22,0,92,0,0,67,0,25,66,4,1.393939393939394,0,10,2535,13.307499599999574,10.692364999988058,0.1669731000001775,0.3133992999792099,20.277715099997295,parallel_episode_batch,pending,-0.0017120874777901917,0.008767528910539113,0.46988359875977037,-0.0020271584740839898,4.1987910570639997e-07,0.0,0.9999892026185989,0.18498481020797045,0.025,0.623050332069397,1.4189034700393677,0.30821898579597473,-0.004955690819770098,0.10312255471944809,1.4238592386245728,0.29007986187934875,0.888059139251709,5e-05,-0.29882222414016724,-0.3016727864742279,-0.2019275426864624,-0.20128418505191803,-0.20097042620182037,0.3007951080799103,-0.302490234375,-0.3025032579898834,-0.20054931938648224,-0.20133282244205475,-0.20371019840240479,0.017986223101615906,0.12070859223604202,0.01798621006309986,0.12064262479543686,0.0,1.496673345565796,1.0071823596954346
398,398,79,3,79,40,train_balanced_1000079,1000079,balanced,downtime_dominant,0.3333333333333333,0.3333333333333333,0.3333333333333333,group_anchor_3,209,209,0,0.0,209,0,0.0,0,0.0,1.7842266964978049,1.8467266964978049,-0.0625,1.7842266964978049,1.8467266964978049,0.0,quality,-766.1000000000003,-593.0759215811805,-9.361388888888888,0.9999999999999999,1.0,-0.30654660700439035,0.0,0.0,-0.0625,60,228.3,True,False,completed,1.0,1.0,766.1000000000003,766.1000000000003,593.0759215811805,9.361388888888888,0.33805271069824727,0.30654660700439035,0.24170000000000003,0.17336204775,0.75,0,0.0,0,0,0,0.0,2,66,0,2,1978,197.8,0,0,0,0.0,0,0.0,0,0,37,0.0,0,{},0.0,12,1.0,48,12,101,24,24,96,72,24,0,96,0,72,0,24,0,0,0,96,12,11,0,23,0,96,0,0,72,0,24,68,4,1.411764705882353,0,10,2535,13.307499599999574,10.692364999988058,0.13745010000275215,0.26122740002028877,20.277715099997295,parallel_episode_batch,pending,-0.0017120874777901917,0.008767528910539113,0.46988359875977037,-0.0020271584740839898,4.1987910570639997e-07,0.0,0.9999892026185989,0.18498481020797045,0.025,0.623050332069397,1.4189034700393677,0.30821898579597473,-0.004955690819770098,0.10312255471944809,1.4238592386245728,0.29007986187934875,0.888059139251709,5e-05,-0.29882222414016724,-0.3016727864742279,-0.2019275426864624,-0.20128418505191803,-0.20097042620182037,0.3007951080799103,-0.302490234375,-0.3025032579898834,-0.20054931938648224,-0.20133282244205475,-0.20371019840240479,0.017986223101615906,0.12070859223604202,0.01798621006309986,0.12064262479543686,0.0,1.496673345565796,1.0071823596954346
399,399,79,4,79,40,train_balanced_1000079,1000079,balanced,downtime_dominant,0.5,0.3,0.2,group_anchor_4,200,200,0,0.0,200,0,0.0,0,0.0,1.7847708072862822,1.8472708072862822,-0.0625,1.7847708072862822,1.8472708072862827,-4.440892098500626e-16,quality,-713.1,-559.1773665497697,-3.0488888888888863,0.9999999999999999,1.0,-0.30545838542743475,0.0,0.0,-0.0625,60,222.8,True,False,completed,1.0,1.0,713.1,713.1,559.1773665497697,3.0488888888888863,0.30545838542743475,0.30545838542743475,0.14700000000000002,0.13767082545,0.75,0,0.0,0,0,0,0.0,2,60,0,0,1922,192.20000000000002,0,0,0,0.0,0,0.0,0,0,35,0.0,0,{},0.0,11,1.0,49,11,96,22,22,110,88,22,0,110,0,88,0,22,0,0,0,110,11,11,0,22,0,110,0,0,88,0,22,76,4,1.4473684210526316,0,10,2535,13.307499599999574,10.692364999988058,0.12853890000405954,0.18602969996572938,20.277715099997295,parallel_episode_batch,pending,-0.0017120874777901917,0.008767528910539113,0.46988359875977037,-0.0020271584740839898,4.1987910570639997e-07,0.0,0.9999892026185989,0.18498481020797045,0.025,0.623050332069397,1.4189034700393677,0.30821898579597473,-0.004955690819770098,0.10312255471944809,1.4238592386245728,0.29007986187934875,0.888059139251709,5e-05,-0.29882222414016724,-0.3016727864742279,-0.2019275426864624,-0.20128418505191803,-0.20097042620182037,0.3007951080799103,-0.302490234375,-0.3025032579898834,-0.20054931938648224,-0.20133282244205475,-0.20371019840240479,0.017986223101615906,0.12070859223604202,0.01798621006309986,0.12064262479543686,0.0,1.496673345565796,1.0071823596954346
400,400,80,0,80,41,train_balanced_1000080,1000080,balanced,downtime_dominant,1.0,0.0,0.0,group_anchor_0,217,217,0,0.0,217,0,0.0,0,0.0,1.744625307125307,1.807125307125307,-0.0625,1.744625307125307,1.807125307125307,0.0,quality,-753.5999999999999,-698.8867721804498,-15.991388888888892,1.0,1.0,-0.3857493857493857,0.0,0.0,-0.0625,65,228.4,True,False,completed,1.0,1.0,753.5999999999999,753.5999999999999,698.8867721804498,15.99138888888889,0.36475354644958047,0.3857493857493857,0.2548,0.19943575575000003,0.75,0,0.0,0,0,0,0.0,1,67,0,0,1879,187.9,0,0,0,0.0,0,0.0,0,0,24,0.0,0,{},0.0,12,0.9166666666666666,53,12,104,24,24,126,101,25,1,125,0,101,1,24,1,1,0,125,13,12,0,24,0,125,0,0,101,1,24,87,5,1.4482758620689655,0,10,2462,12.846394000000146,10.431967200056533,0.1344524999949499,0.14710540003579808,20.09088989999873,parallel_episode_batch,pending,-0.0008270657764604458,0.008389901678012207,0.517257387821491,-0.0018046886230317445,9.336580571692675e-07,0.0,0.9999946531576988,0.24725726019973174,0.0641025641025641,0.6385060548782349,1.408042550086975,0.30724117159843445,-0.0027140462771058083,0.09489879012107849,1.4107567071914673,0.28152236342430115,0.9045968651771545,5e-05,-0.29927799105644226,-0.30173152685165405,-0.20178811252117157,-0.20129577815532684,-0.20095254480838776,0.3011958599090576,-0.302496999502182,-0.3024815618991852,-0.20053769648075104,-0.20133338868618011,-0.20397646725177765,0.017986223101615906,0.1207171380519867,0.01798621006309986,0.12075386941432953,0.0,1.49671471118927,1.0072270631790161
401,401,80,1,80,41,train_balanced_1000080,1000080,balanced,downtime_dominant,0.0,1.0,0.0,group_anchor_1,212,212,0,0.0,212,0,0.0,0,0.0,0.11226068371277553,0.17476068371277553,-0.06250000000000001,0.11226068371277553,0.17476068371277514,3.885780586188048e-16,quality,-1177.0000000000002,-709.9410421320198,-24.71583333333335,0.9411764705882354,0.0,-0.41518451492739084,-1.0,-0.058823529411764705,-0.06250000000000001,64,240.0,False,True,horizon,0.9411764705882353,0.9846153846153847,,1177.0000000000002,709.9410421320199,24.71583333333335,0.4382958990234656,0.41518451492739084,0.22650000000000003,0.16045582565000002,0.75,0,0.0,0,0,3,0.011811023622047244,2,69,0,3,1798,179.8,0,0,0,0.0,0,0.0,0,0,26,0.0,0,{},0.0,12,0.9166666666666666,53,12,103,24,20,76,56,20,0,76,0,56,0,20,0,0,0,76,9,9,0,18,0,76,0,0,56,0,20,57,3,1.3333333333333333,0,10,2462,12.846394000000146,10.431967200056533,0.16119690000050468,0.29043639999144943,20.09088989999873,parallel_episode_batch,pending,-0.0008270657764604458,0.008389901678012207,0.517257387821491,-0.0018046886230317445,9.336580571692675e-07,0.0,0.9999946531576988,0.24725726019973174,0.0641025641025641,0.6385060548782349,1.408042550086975,0.30724117159843445,-0.0027140462771058083,0.09489879012107849,1.4107567071914673,0.28152236342430115,0.9045968651771545,5e-05,-0.29927799105644226,-0.30173152685165405,-0.20178811252117157,-0.20129577815532684,-0.20095254480838776,0.3011958599090576,-0.302496999502182,-0.3024815618991852,-0.20053769648075104,-0.20133338868618011,-0.20397646725177765,0.017986223101615906,0.1207171380519867,0.01798621006309986,0.12075386941432953,0.0,1.49671471118927,1.0072270631790161
402,402,80,2,80,41,train_balanced_1000080,1000080,balanced,downtime_dominant,0.0,0.0,1.0,group_anchor_2,259,259,0,0.0,259,0,0.0,0,0.0,1.9071697699661836,1.9696697699661836,-0.0625,1.9071697699661836,1.9696697699661838,-2.220446049250313e-16,quality,-944.9000000000002,-1079.6637176896202,-3.2288888888888927,1.0,1.0,-0.060660460067632524,0.0,0.0,-0.0625,65,225.70000000000002,True,False,completed,1.0,1.0,944.9000000000002,944.9000000000002,1079.6637176896202,3.2288888888888927,0.38814467971897,0.06066046006763252,0.31500000000000006,0.22827047975000006,0.75,0,0.0,0,0,0,0.0,1,95,0,8,1891,189.10000000000002,0,0,0,0.0,0,0.0,0,0,34,0.0,0,{},0.0,18,0.9444444444444444,47,18,126,36,32,119,84,35,3,116,0,84,3,32,3,3,0,116,14,18,1,28,0,116,0,0,84,3,32,75,7,1.5866666666666667,0,10,2462,12.846394000000146,10.431967200056533,0.149741900000663,0.25956130008853506,20.09088989999873,parallel_episode_batch,pending,-0.0008270657764604458,0.008389901678012207,0.517257387821491,-0.0018046886230317445,9.336580571692675e-07,0.0,0.9999946531576988,0.24725726019973174,0.0641025641025641,0.6385060548782349,1.408042550086975,0.30724117159843445,-0.0027140462771058083,0.09489879012107849,1.4107567071914673,0.28152236342430115,0.9045968651771545,5e-05,-0.29927799105644226,-0.30173152685165405,-0.20178811252117157,-0.20129577815532684,-0.20095254480838776,0.3011958599090576,-0.302496999502182,-0.3024815618991852,-0.20053769648075104,-0.20133338868618011,-0.20397646725177765,0.017986223101615906,0.1207171380519867,0.01798621006309986,0.12075386941432953,0.0,1.49671471118927,1.0072270631790161
403,403,80,3,80,41,train_balanced_1000080,1000080,balanced,downtime_dominant,0.3333333333333333,0.3333333333333333,0.3333333333333333,group_anchor_3,236,236,0,0.0,236,0,0.0,0,0.0,1.7649595047285545,1.8274595047285545,-0.0625,1.7649595047285545,1.8274595047285542,2.220446049250313e-16,quality,-863.4,-882.8365522189096,-8.680000000000001,1.0,1.0,-0.34508099054289143,0.0,0.0,-0.0625,65,218.20000000000002,True,False,completed,1.0,1.0,863.4,863.4,882.8365522189096,8.680000000000001,0.3794679171307562,0.34508099054289143,0.23480848700000007,0.18401824753333337,0.75,0,0.0,0,0,0,0.0,2,83,0,3,1713,171.3,0,0,0,0.0,0,0.0,0,0,32,0.0,0,{},0.0,15,1.0,50,15,112,30,29,113,84,29,0,113,0,84,0,29,0,0,0,113,14,13,0,27,0,113,0,0,84,0,29,80,5,1.4125,0,10,2462,12.846394000000146,10.431967200056533,0.12652269999671262,0.20145949997095158,20.09088989999873,parallel_episode_batch,pending,-0.0008270657764604458,0.008389901678012207,0.517257387821491,-0.0018046886230317445,9.336580571692675e-07,0.0,0.9999946531576988,0.24725726019973174,0.0641025641025641,0.6385060548782349,1.408042550086975,0.30724117159843445,-0.0027140462771058083,0.09489879012107849,1.4107567071914673,0.28152236342430115,0.9045968651771545,5e-05,-0.29927799105644226,-0.30173152685165405,-0.20178811252117157,-0.20129577815532684,-0.20095254480838776,0.3011958599090576,-0.302496999502182,-0.3024815618991852,-0.20053769648075104,-0.20133338868618011,-0.20397646725177765,0.017986223101615906,0.1207171380519867,0.01798621006309986,0.12075386941432953,0.0,1.49671471118927,1.0072270631790161
404,404,80,4,80,41,train_balanced_1000080,1000080,balanced,downtime_dominant,0.5,0.3,0.2,group_anchor_4,224,224,0,0.0,224,0,0.0,0,0.0,1.7596416837416569,1.8221416837416569,-0.0625,1.7596416837416569,1.822141683741657,-2.220446049250313e-16,quality,-816.7,-773.8549131708903,-6.292222222222221,1.0,1.0,-0.3557166325166859,0.0,0.0,-0.0625,65,221.4,True,False,completed,1.0,1.0,816.7,816.7,773.8549131708903,6.292222222222221,0.3557166325166859,0.3557166325166859,0.2795009982000001,0.20627410035000002,0.75,0,0.0,0,0,0,0.0,1,70,0,3,1761,176.10000000000002,0,0,0,0.0,0,0.0,0,0,28,0.0,0,{},0.0,13,1.0,52,13,107,26,26,118,90,28,2,116,0,90,2,26,2,2,0,116,14,13,0,25,0,116,0,0,90,2,26,83,6,1.4216867469879517,0,10,2462,12.846394000000146,10.431967200056533,0.1549968999970588,0.25347000001056585,20.09088989999873,parallel_episode_batch,pending,-0.0008270657764604458,0.008389901678012207,0.517257387821491,-0.0018046886230317445,9.336580571692675e-07,0.0,0.9999946531576988,0.24725726019973174,0.0641025641025641,0.6385060548782349,1.408042550086975,0.30724117159843445,-0.0027140462771058083,0.09489879012107849,1.4107567071914673,0.28152236342430115,0.9045968651771545,5e-05,-0.29927799105644226,-0.30173152685165405,-0.20178811252117157,-0.20129577815532684,-0.20095254480838776,0.3011958599090576,-0.302496999502182,-0.3024815618991852,-0.20053769648075104,-0.20133338868618011,-0.20397646725177765,0.017986223101615906,0.1207171380519867,0.01798621006309986,0.12075386941432953,0.0,1.49671471118927,1.0072270631790161
405,405,81,0,81,41,train_machine_bottleneck_1000081,1000081,machine_bottleneck,balanced_cost,1.0,0.0,0.0,group_anchor_0,269,269,0,0.0,269,0,0.0,0,0.0,1.676810784939375,1.739310784939375,-0.0625,1.676810784939375,1.7393107849393747,2.220446049250313e-16,quality,-1307.1999999999994,-742.0614920946804,-10.104722222222227,1.0000000000000002,1.0,-0.5213784301212506,0.0,0.0,-0.0625,80,192.70000000000002,True,False,completed,1.0,1.0,1307.1999999999994,1307.1999999999994,742.0614920946804,10.104722222222227,0.42210317171779177,0.5213784301212506,0.3868,0.26085853666666664,0.75,0,0.0,0,0,0,0.0,1,84,0,0,1566,156.60000000000002,0,0,0,0.0,0,0.0,0,0,37,0.0,0,{},0.0,16,1.0,64,16,125,32,32,152,119,33,1,151,0,119,1,32,1,1,0,151,16,17,0,32,0,151,0,0,119,1,32,102,6,1.4901960784313726,0,10,2462,12.846394000000146,10.431967200056533,0.11060460000589956,0.20750569996016566,20.09088989999873,parallel_episode_batch,pending,-0.0008270657764604458,0.008389901678012207,0.517257387821491,-0.0018046886230317445,9.336580571692675e-07,0.0,0.9999946531576988,0.24725726019973174,0.0641025641025641,0.6385060548782349,1.408042550086975,0.30724117159843445,-0.0027140462771058083,0.09489879012107849,1.4107567071914673,0.28152236342430115,0.9045968651771545,5e-05,-0.29927799105644226,-0.30173152685165405,-0.20178811252117157,-0.20129577815532684,-0.20095254480838776,0.3011958599090576,-0.302496999502182,-0.3024815618991852,-0.20053769648075104,-0.20133338868618011,-0.20397646725177765,0.017986223101615906,0.1207171380519867,0.01798621006309986,0.12075386941432953,0.0,1.49671471118927,1.0072270631790161
406,406,81,1,81,41,train_machine_bottleneck_1000081,1000081,machine_bottleneck,balanced_cost,0.0,1.0,0.0,group_anchor_1,257,257,0,0.0,257,0,0.0,0,0.0,1.7371472697023407,1.7996472697023407,-0.0625,1.7371472697023407,1.7996472697023405,2.220446049250313e-16,quality,-1501.1000000000004,-668.6285861929698,-67.25250000000001,1.0000000000000002,1.0,-0.4007054605953189,0.0,0.0,-0.0625,80,223.0,True,False,completed,1.0,1.0,1501.1000000000004,1501.1000000000004,668.6285861929698,67.25250000000001,0.5127938860497369,0.4007054605953189,0.4043000000000001,0.27370853666666667,0.75,0,0.0,0,0,0,0.0,1,72,0,1,1926,192.60000000000002,0,0,0,0.0,0,0.0,0,0,32,0.0,0,{},0.0,14,0.7857142857142857,66,14,122,28,27,110,81,29,2,108,0,81,2,27,2,2,0,108,15,12,0,25,0,108,0,0,81,2,27,78,4,1.4102564102564104,0,10,2462,12.846394000000146,10.431967200056533,0.11018940000212751,0.36643029988044873,20.09088989999873,parallel_episode_batch,pending,-0.0008270657764604458,0.008389901678012207,0.517257387821491,-0.0018046886230317445,9.336580571692675e-07,0.0,0.9999946531576988,0.24725726019973174,0.0641025641025641,0.6385060548782349,1.408042550086975,0.30724117159843445,-0.0027140462771058083,0.09489879012107849,1.4107567071914673,0.28152236342430115,0.9045968651771545,5e-05,-0.29927799105644226,-0.30173152685165405,-0.20178811252117157,-0.20129577815532684,-0.20095254480838776,0.3011958599090576,-0.302496999502182,-0.3024815618991852,-0.20053769648075104,-0.20133338868618011,-0.20397646725177765,0.017986223101615906,0.1207171380519867,0.01798621006309986,0.12075386941432953,0.0,1.49671471118927,1.0072270631790161
407,407,81,2,81,41,train_machine_bottleneck_1000081,1000081,machine_bottleneck,balanced_cost,0.0,0.0,1.0,group_anchor_2,269,269,0,0.0,269,0,0.0,0,0.0,1.8953568230841236,1.9578568230841236,-0.0625,1.8953568230841236,1.9578568230841236,0.0,quality,-1575.0000000000002,-730.1293183429698,-4.602222222222225,1.0000000000000002,1.0,-0.08428635383175292,0.0,0.0,-0.0625,80,194.5,True,False,completed,1.0,1.0,1575.0000000000002,1575.0000000000002,730.1293183429698,4.602222222222225,0.42724361146921785,0.08428635383175292,0.30550000000000005,0.2446211401166667,0.75,0,0.0,0,0,0,0.0,1,84,0,6,1476,147.6,0,0,0,0.0,0,0.0,0,0,40,0.0,0,{},0.0,16,0.9375,64,16,128,32,29,107,75,32,3,104,0,75,3,29,3,3,0,104,15,13,1,24,0,104,0,0,75,3,29,71,6,1.5070422535211268,0,10,2462,12.846394000000146,10.431967200056533,0.14119689999643015,0.372812099980365,20.09088989999873,parallel_episode_batch,pending,-0.0008270657764604458,0.008389901678012207,0.517257387821491,-0.0018046886230317445,9.336580571692675e-07,0.0,0.9999946531576988,0.24725726019973174,0.0641025641025641,0.6385060548782349,1.408042550086975,0.30724117159843445,-0.0027140462771058083,0.09489879012107849,1.4107567071914673,0.28152236342430115,0.9045968651771545,5e-05,-0.29927799105644226,-0.30173152685165405,-0.20178811252117157,-0.20129577815532684,-0.20095254480838776,0.3011958599090576,-0.302496999502182,-0.3024815618991852,-0.20053769648075104,-0.20133338868618011,-0.20397646725177765,0.017986223101615906,0.1207171380519867,0.01798621006309986,0.12075386941432953,0.0,1.49671471118927,1.0072270631790161
408,408,81,3,81,41,train_machine_bottleneck_1000081,1000081,machine_bottleneck,balanced_cost,0.3333333333333333,0.3333333333333333,0.3333333333333333,group_anchor_3,252,252,0,0.0,252,0,0.0,0,0.0,1.7708355741984385,1.8333355741984385,-0.0625,1.7708355741984385,1.833335574198439,-4.440892098500626e-16,quality,-1430.2000000000003,-643.8041242721499,-3.4513888888888933,1.0000000000000002,1.0,-0.33332885160312214,0.0,0.0,-0.0625,80,198.8,True,False,completed,1.0,1.0,1430.2000000000003,1430.2000000000003,643.8041242721499,3.451388888888895,0.40229109139567776,0.33332885160312214,0.29400000000000004,0.21558333333333335,0.75,0,0.0,0,0,5,0.022123893805309734,1,67,1,1,1691,169.10000000000002,0,0,0,0.0,0,0.0,0,0,41,0.0,0,{},0.0,14,1.0,66,14,121,28,23,109,83,26,3,106,0,83,3,23,3,3,0,106,12,15,3,21,1,106,0,0,83,3,23,73,7,1.4931506849315068,0,10,2462,12.846394000000146,10.431967200056533,0.14624410000396892,0.32428099995013326,20.09088989999873,parallel_episode_batch,pending,-0.0008270657764604458,0.008389901678012207,0.517257387821491,-0.0018046886230317445,9.336580571692675e-07,0.0,0.9999946531576988,0.24725726019973174,0.0641025641025641,0.6385060548782349,1.408042550086975,0.30724117159843445,-0.0027140462771058083,0.09489879012107849,1.4107567071914673,0.28152236342430115,0.9045968651771545,5e-05,-0.29927799105644226,-0.30173152685165405,-0.20178811252117157,-0.20129577815532684,-0.20095254480838776,0.3011958599090576,-0.302496999502182,-0.3024815618991852,-0.20053769648075104,-0.20133338868618011,-0.20397646725177765,0.017986223101615906,0.1207171380519867,0.01798621006309986,0.12075386941432953,0.0,1.49671471118927,1.0072270631790161
409,409,81,4,81,41,train_machine_bottleneck_1000081,1000081,machine_bottleneck,balanced_cost,0.5,0.3,0.2,group_anchor_4,267,267,0,0.0,267,0,0.0,0,0.0,1.7366376931644747,1.7991376931644747,-0.0625,1.7366376931644747,1.7991376931644747,0.0,quality,-1349.3000000000002,-742.9551508811794,-2.412222222222221,1.0000000000000002,1.0,-0.40172461367105045,0.0,0.0,-0.0625,80,192.4,True,False,completed,1.0,1.0,1349.3000000000002,1349.3000000000002,742.9551508811794,2.412222222222222,0.40172461367105045,0.40172461367105045,0.3561000000000001,0.24150000000000002,0.75,0,0.0,0,0,0,0.0,1,83,0,1,1541,154.10000000000002,0,0,0,0.0,0,0.0,0,0,42,0.0,0,{},0.0,16,1.0,64,16,124,32,31,143,111,32,1,142,0,111,1,31,1,1,0,142,16,15,0,30,0,142,0,0,111,1,31,96,5,1.4895833333333333,0,10,2462,12.846394000000146,10.431967200056533,0.14030110000021523,0.2095469000560115,20.09088989999873,parallel_episode_batch,pending,-0.0008270657764604458,0.008389901678012207,0.517257387821491,-0.0018046886230317445,9.336580571692675e-07,0.0,0.9999946531576988,0.24725726019973174,0.0641025641025641,0.6385060548782349,1.408042550086975,0.30724117159843445,-0.0027140462771058083,0.09489879012107849,1.4107567071914673,0.28152236342430115,0.9045968651771545,5e-05,-0.29927799105644226,-0.30173152685165405,-0.20178811252117157,-0.20129577815532684,-0.20095254480838776,0.3011958599090576,-0.302496999502182,-0.3024815618991852,-0.20053769648075104,-0.20133338868618011,-0.20397646725177765,0.017986223101615906,0.1207171380519867,0.01798621006309986,0.12075386941432953,0.0,1.49671471118927,1.0072270631790161
410,410,82,0,82,42,train_easy_1000082,1000082,easy,downtime_dominant,1.0,0.0,0.0,group_anchor_0,129,129,0,0.0,129,0,0.0,0,0.0,1.8077560937982102,1.8702560937982102,-0.0625,1.8077560937982102,1.8702560937982105,-2.220446049250313e-16,quality,-420.5,-291.87157991270016,-7.705833333333335,1.0,1.0,-0.25948781240357915,0.0,0.0,-0.0625,40,179.9,True,False,completed,1.0,1.0,420.5,420.5,291.87157991270016,7.705833333333335,0.22422997602308728,0.25948781240357915,0.188,0.115621554,0.75,0,0.0,0,0,0,0.0,1,35,0,0,1650,165.0,0,0,0,0.0,0,0.0,0,0,14,0.0,0,{},0.0,7,0.8571428571428571,33,7,63,14,12,72,59,13,1,71,0,59,1,12,1,1,0,71,6,8,1,12,0,71,0,0,59,1,12,46,6,1.565217391304348,0,10,1387,7.392167699996207,5.341013200013549,0.1908878000031109,0.10470670007634908,8.540879699998186,parallel_episode_batch,pending,0.0024666268251497636,0.0018843843380719509,0.5897810675881126,-0.0024889907270500607,8.710928506678266e-06,0.0,1.0002652745355258,0.10641343679956415,0.0,0.21325775980949402,1.465247392654419,0.33934319019317627,-0.012971842661499977,0.054037488996982574,1.4782191514968872,0.3629356026649475,0.9746421575546265,5e-05,-0.2994247376918793,-0.3016842007637024,-0.20177271962165833,-0.20126214623451233,-0.2009330838918686,0.30125221610069275,-0.3024935722351074,-0.30251094698905945,-0.20052623748779297,-0.20133070647716522,-0.20398835837841034,0.017986223101615906,0.12079566717147827,0.01798621006309986,0.12075123935937881,0.0,1.4967224597930908,1.0072647333145142
411,411,82,1,82,42,train_easy_1000082,1000082,easy,downtime_dominant,0.0,1.0,0.0,group_anchor_1,142,142,0,0.0,142,0,0.0,0,0.0,1.7893675764693169,1.8518675764693169,-0.0625,1.7893675764693169,1.851867576469317,-2.220446049250313e-16,quality,-877.0000000000002,-420.98912612825,-9.156666666666668,1.0,1.0,-0.2962648470613659,0.0,0.0,-0.0625,40,215.60000000000002,True,False,completed,1.0,1.0,877.0000000000002,877.0000000000002,420.98912612825,9.156666666666668,0.33095860932509585,0.2962648470613659,0.2795000000000001,0.1680666666666667,0.75,0,0.0,0,0,2,0.011764705882352941,1,41,0,2,2009,200.9,0,0,0,0.0,0,0.0,0,0,18,0.0,0,{},0.0,9,0.7777777777777778,31,9,68,18,16,59,38,21,5,54,0,38,5,16,5,5,0,54,9,10,0,14,0,54,0,0,38,5,16,29,10,2.0344827586206895,0,10,1387,7.392167699996207,5.341013200013549,0.16047599999728845,0.3034521000517998,8.540879699998186,parallel_episode_batch,pending,0.0024666268251497636,0.0018843843380719509,0.5897810675881126,-0.0024889907270500607,8.710928506678266e-06,0.0,1.0002652745355258,0.10641343679956415,0.0,0.21325775980949402,1.465247392654419,0.33934319019317627,-0.012971842661499977,0.054037488996982574,1.4782191514968872,0.3629356026649475,0.9746421575546265,5e-05,-0.2994247376918793,-0.3016842007637024,-0.20177271962165833,-0.20126214623451233,-0.2009330838918686,0.30125221610069275,-0.3024935722351074,-0.30251094698905945,-0.20052623748779297,-0.20133070647716522,-0.20398835837841034,0.017986223101615906,0.12079566717147827,0.01798621006309986,0.12075123935937881,0.0,1.4967224597930908,1.0072647333145142
412,412,82,2,82,42,train_easy_1000082,1000082,easy,downtime_dominant,0.0,0.0,1.0,group_anchor_2,138,138,0,0.0,138,0,0.0,0,0.0,1.9274265654514673,1.9899265654514673,-0.0625,1.9274265654514673,1.9899265654514673,0.0,quality,-466.60000000000014,-333.3993192818701,-1.0280555555555557,1.0,1.0,-0.02014686909706534,0.0,0.0,-0.0625,40,189.3,True,False,completed,1.0,1.0,466.60000000000014,466.60000000000014,333.3993192818701,1.0280555555555557,0.21902610782116136,0.020146869097065343,0.17010000000000003,0.1139507491666667,0.75,0,0.0,0,0,0,0.0,2,45,0,1,1657,165.70000000000002,0,0,0,0.0,0,0.0,0,0,17,0.0,0,{},0.0,8,1.0,32,8,68,16,14,66,52,14,0,66,0,52,0,14,0,0,0,66,5,8,1,12,0,66,0,0,52,0,14,42,3,1.5714285714285714,0,10,1387,7.392167699996207,5.341013200013549,0.16038580000167713,0.18681810004636645,8.540879699998186,parallel_episode_batch,pending,0.0024666268251497636,0.0018843843380719509,0.5897810675881126,-0.0024889907270500607,8.710928506678266e-06,0.0,1.0002652745355258,0.10641343679956415,0.0,0.21325775980949402,1.465247392654419,0.33934319019317627,-0.012971842661499977,0.054037488996982574,1.4782191514968872,0.3629356026649475,0.9746421575546265,5e-05,-0.2994247376918793,-0.3016842007637024,-0.20177271962165833,-0.20126214623451233,-0.2009330838918686,0.30125221610069275,-0.3024935722351074,-0.30251094698905945,-0.20052623748779297,-0.20133070647716522,-0.20398835837841034,0.017986223101615906,0.12079566717147827,0.01798621006309986,0.12075123935937881,0.0,1.4967224597930908,1.0072647333145142
413,413,82,3,82,42,train_easy_1000082,1000082,easy,downtime_dominant,0.3333333333333333,0.3333333333333333,0.3333333333333333,group_anchor_3,131,131,0,0.0,131,0,0.0,0,0.0,1.842369731352587,1.904869731352587,-0.0625,1.842369731352587,1.9048697313525873,-2.220446049250313e-16,quality,-477.00000000000006,-290.70395261681,-3.254722222222223,1.0,1.0,-0.1902605372948255,0.0,0.0,-0.0625,40,189.8,True,False,completed,1.0,1.0,477.00000000000006,477.00000000000006,290.70395261681,3.2547222222222225,0.2220101698843707,0.1902605372948255,0.12600000000000003,0.10141666666666667,0.75,0,0.0,0,0,0,0.0,2,37,0,0,1709,170.9,0,0,0,0.0,0,0.0,0,0,13,0.0,0,{},0.0,7,1.0,33,7,64,14,13,62,49,13,0,62,0,49,0,13,0,0,0,62,6,5,0,11,0,62,0,0,49,0,13,43,5,1.441860465116279,0,10,1387,7.392167699996207,5.341013200013549,0.17378050000115763,0.1912127000032342,8.540879699998186,parallel_episode_batch,pending,0.0024666268251497636,0.0018843843380719509,0.5897810675881126,-0.0024889907270500607,8.710928506678266e-06,0.0,1.0002652745355258,0.10641343679956415,0.0,0.21325775980949402,1.465247392654419,0.33934319019317627,-0.012971842661499977,0.054037488996982574,1.4782191514968872,0.3629356026649475,0.9746421575546265,5e-05,-0.2994247376918793,-0.3016842007637024,-0.20177271962165833,-0.20126214623451233,-0.2009330838918686,0.30125221610069275,-0.3024935722351074,-0.30251094698905945,-0.20052623748779297,-0.20133070647716522,-0.20398835837841034,0.017986223101615906,0.12079566717147827,0.01798621006309986,0.12075123935937881,0.0,1.4967224597930908,1.0072647333145142
414,414,82,4,82,42,train_easy_1000082,1000082,easy,downtime_dominant,0.5,0.3,0.2,group_anchor_4,128,128,0,0.0,128,0,0.0,0,0.0,1.822646218402398,1.885146218402398,-0.0625,1.822646218402398,1.8851462184023977,2.220446049250313e-16,quality,-452.4999999999999,-294.77751093228005,-6.978055555555557,1.0,1.0,-0.22970756319520455,0.0,0.0,-0.0625,40,180.4,True,False,completed,1.0,1.0,452.4999999999999,452.4999999999999,294.77751093228005,6.978055555555557,0.22970756319520455,0.22970756319520455,0.11550000000000002,0.09644534073333334,0.75,0,0.0,0,0,0,0.0,2,42,0,0,1577,157.70000000000002,0,0,0,0.0,0,0.0,0,0,13,0.0,0,{},0.0,7,1.0,33,7,62,14,12,61,49,12,0,61,0,49,0,12,0,0,0,61,6,6,0,12,0,61,0,0,49,0,12,40,3,1.525,0,10,1387,7.392167699996207,5.341013200013549,0.18387559999973746,0.18471869992208667,8.540879699998186,parallel_episode_batch,pending,0.0024666268251497636,0.0018843843380719509,0.5897810675881126,-0.0024889907270500607,8.710928506678266e-06,0.0,1.0002652745355258,0.10641343679956415,0.0,0.21325775980949402,1.465247392654419,0.33934319019317627,-0.012971842661499977,0.054037488996982574,1.4782191514968872,0.3629356026649475,0.9746421575546265,5e-05,-0.2994247376918793,-0.3016842007637024,-0.20177271962165833,-0.20126214623451233,-0.2009330838918686,0.30125221610069275,-0.3024935722351074,-0.30251094698905945,-0.20052623748779297,-0.20133070647716522,-0.20398835837841034,0.017986223101615906,0.12079566717147827,0.01798621006309986,0.12075123935937881,0.0,1.4967224597930908,1.0072647333145142
415,415,83,0,83,42,train_easy_1000083,1000083,easy,balanced_cost,1.0,0.0,0.0,group_anchor_0,129,129,0,0.0,129,0,0.0,0,0.0,1.8047195360793193,1.8672195360793193,-0.0625,1.8047195360793193,1.8672195360793193,0.0,quality,-433.9000000000001,-152.45586216219,-4.888888888888889,0.9999999999999998,1.0,-0.2655609278413612,0.0,0.0,-0.0625,46,176.20000000000002,True,False,completed,1.0,1.0,433.9000000000001,433.9000000000001,152.45586216219,4.888888888888889,0.19028057211200178,0.2655609278413612,0.12950000000000003,0.08682839998333332,0.75,0,0.0,0,0,0,0.0,2,22,0,0,1647,164.70000000000002,0,0,0,0.0,0,0.0,0,0,10,0.0,0,{},0.0,4,1.0,42,4,67,8,8,74,66,8,0,74,0,66,0,8,0,0,0,74,4,4,0,8,0,74,0,0,66,0,8,54,5,1.3703703703703705,0,10,1387,7.392167699996207,5.341013200013549,0.08928870000090683,0.12586249993910315,8.540879699998186,parallel_episode_batch,pending,0.0024666268251497636,0.0018843843380719509,0.5897810675881126,-0.0024889907270500607,8.710928506678266e-06,0.0,1.0002652745355258,0.10641343679956415,0.0,0.21325775980949402,1.465247392654419,0.33934319019317627,-0.012971842661499977,0.054037488996982574,1.4782191514968872,0.3629356026649475,0.9746421575546265,5e-05,-0.2994247376918793,-0.3016842007637024,-0.20177271962165833,-0.20126214623451233,-0.2009330838918686,0.30125221610069275,-0.3024935722351074,-0.30251094698905945,-0.20052623748779297,-0.20133070647716522,-0.20398835837841034,0.017986223101615906,0.12079566717147827,0.01798621006309986,0.12075123935937881,0.0,1.4967224597930908,1.0072647333145142
416,416,83,1,83,42,train_easy_1000083,1000083,easy,balanced_cost,0.0,1.0,0.0,group_anchor_1,139,139,0,0.0,139,0,0.0,0,0.0,1.842109718395608,1.904609718395608,-0.0625,1.842109718395608,1.904609718395608,0.0,quality,-682.9000000000001,-235.75875038948993,-14.89138888888889,0.9999999999999998,1.0,-0.19078056320878392,0.0,0.0,-0.0625,46,195.3,True,False,completed,1.0,1.0,682.9000000000001,682.9000000000001,235.75875038948993,14.89138888888889,0.2844731269381783,0.19078056320878392,0.33020000000000005,0.14414310543333334,0.75,0,0.0,0,0,0,0.0,1,29,0,1,1797,179.70000000000002,0,0,0,0.0,0,0.0,0,0,9,0.0,0,{},0.0,6,0.8333333333333334,40,6,69,12,12,50,36,14,2,48,0,36,2,12,2,2,0,48,4,6,0,8,0,48,0,0,36,2,12,35,7,1.4285714285714286,0,10,1387,7.392167699996207,5.341013200013549,0.08896610000374494,0.31305099997553043,8.540879699998186,parallel_episode_batch,pending,0.0024666268251497636,0.0018843843380719509,0.5897810675881126,-0.0024889907270500607,8.710928506678266e-06,0.0,1.0002652745355258,0.10641343679956415,0.0,0.21325775980949402,1.465247392654419,0.33934319019317627,-0.012971842661499977,0.054037488996982574,1.4782191514968872,0.3629356026649475,0.9746421575546265,5e-05,-0.2994247376918793,-0.3016842007637024,-0.20177271962165833,-0.20126214623451233,-0.2009330838918686,0.30125221610069275,-0.3024935722351074,-0.30251094698905945,-0.20052623748779297,-0.20133070647716522,-0.20398835837841034,0.017986223101615906,0.12079566717147827,0.01798621006309986,0.12075123935937881,0.0,1.4967224597930908,1.0072647333145142
417,417,83,2,83,42,train_easy_1000083,1000083,easy,balanced_cost,0.0,0.0,1.0,group_anchor_2,179,179,0,0.0,179,0,0.0,0,0.0,1.9170805268991387,1.9795805268991387,-0.0625,1.9170805268991387,1.9795805268991389,-2.220446049250313e-16,quality,-662.6999999999999,-521.9053236546704,-2.1288888888888895,0.9999999999999998,1.0,-0.04083894620172224,0.0,0.0,-0.0625,46,184.9,True,False,completed,1.0,1.0,662.6999999999999,662.6999999999999,521.9053236546704,2.1288888888888895,0.2889333985629102,0.04083894620172224,0.27270000000000005,0.20785,0.75,0,0.0,0,0,0,0.0,2,73,0,2,1584,158.4,0,0,0,0.0,0,0.0,0,0,13,0.0,0,{},0.0,13,1.0,33,13,83,26,24,77,53,24,0,77,0,53,0,24,0,0,0,77,10,12,0,22,0,77,0,0,53,0,24,50,5,1.54,0,10,1387,7.392167699996207,5.341013200013549,0.09328220000315923,0.2392580000378075,8.540879699998186,parallel_episode_batch,pending,0.0024666268251497636,0.0018843843380719509,0.5897810675881126,-0.0024889907270500607,8.710928506678266e-06,0.0,1.0002652745355258,0.10641343679956415,0.0,0.21325775980949402,1.465247392654419,0.33934319019317627,-0.012971842661499977,0.054037488996982574,1.4782191514968872,0.3629356026649475,0.9746421575546265,5e-05,-0.2994247376918793,-0.3016842007637024,-0.20177271962165833,-0.20126214623451233,-0.2009330838918686,0.30125221610069275,-0.3024935722351074,-0.30251094698905945,-0.20052623748779297,-0.20133070647716522,-0.20398835837841034,0.017986223101615906,0.12079566717147827,0.01798621006309986,0.12075123935937881,0.0,1.4967224597930908,1.0072647333145142
418,418,83,3,83,42,train_easy_1000083,1000083,easy,balanced_cost,0.3333333333333333,0.3333333333333333,0.3333333333333333,group_anchor_3,140,140,0,0.0,140,0,0.0,0,0.0,1.8562414003638392,1.9187414003638392,-0.0625,1.8562414003638392,1.9187414003638392,0.0,quality,-487.5999999999999,-215.14301945865992,-1.1022222222222224,0.9999999999999998,1.0,-0.16251719927232133,0.0,0.0,-0.0625,46,181.20000000000002,True,False,completed,1.0,1.0,487.5999999999999,487.5999999999999,215.14301945865992,1.1022222222222224,0.20189478775537323,0.16251719927232133,0.12950000000000003,0.10067717051666669,0.75,0,0.0,0,0,0,0.0,2,34,0,0,1615,161.5,0,0,0,0.0,0,0.0,0,0,14,0.0,0,{},0.0,6,1.0,40,6,70,12,12,68,56,12,0,68,0,56,0,12,0,0,0,68,5,6,0,11,0,68,0,0,56,0,12,46,5,1.4782608695652173,0,10,1387,7.392167699996207,5.341013200013549,0.07630909999716096,0.16198179998173146,8.540879699998186,parallel_episode_batch,pending,0.0024666268251497636,0.0018843843380719509,0.5897810675881126,-0.0024889907270500607,8.710928506678266e-06,0.0,1.0002652745355258,0.10641343679956415,0.0,0.21325775980949402,1.465247392654419,0.33934319019317627,-0.012971842661499977,0.054037488996982574,1.4782191514968872,0.3629356026649475,0.9746421575546265,5e-05,-0.2994247376918793,-0.3016842007637024,-0.20177271962165833,-0.20126214623451233,-0.2009330838918686,0.30125221610069275,-0.3024935722351074,-0.30251094698905945,-0.20052623748779297,-0.20133070647716522,-0.20398835837841034,0.017986223101615906,0.12079566717147827,0.01798621006309986,0.12075123935937881,0.0,1.4967224597930908,1.0072647333145142
419,419,83,4,83,42,train_easy_1000083,1000083,easy,balanced_cost,0.5,0.3,0.2,group_anchor_4,132,132,0,0.0,132,0,0.0,0,0.0,1.8383616153346596,1.9008616153346596,-0.0625,1.8383616153346596,1.9008616153346591,4.440892098500626e-16,quality,-497.9000000000001,-186.12787838315,-1.1713888888888884,0.9999999999999998,1.0,-0.19827676933068153,0.0,0.0,-0.0625,46,180.4,True,False,completed,1.0,1.0,497.9000000000001,497.9000000000001,186.12787838315,1.1713888888888893,0.19827676933068153,0.19827676933068153,0.12950000000000003,0.09951050385,0.75,0,0.0,0,0,0,0.0,3,30,0,0,1657,165.70000000000002,0,0,0,0.0,0,0.0,0,0,12,0.0,0,{},0.0,5,1.0,41,5,67,10,9,59,50,9,0,59,0,50,0,9,0,0,0,59,5,5,1,9,0,59,0,0,50,0,9,42,5,1.4047619047619047,0,10,1387,7.392167699996207,5.341013200013549,0.07776600000215694,0.14474470002460293,8.540879699998186,parallel_episode_batch,pending,0.0024666268251497636,0.0018843843380719509,0.5897810675881126,-0.0024889907270500607,8.710928506678266e-06,0.0,1.0002652745355258,0.10641343679956415,0.0,0.21325775980949402,1.465247392654419,0.33934319019317627,-0.012971842661499977,0.054037488996982574,1.4782191514968872,0.3629356026649475,0.9746421575546265,5e-05,-0.2994247376918793,-0.3016842007637024,-0.20177271962165833,-0.20126214623451233,-0.2009330838918686,0.30125221610069275,-0.3024935722351074,-0.30251094698905945,-0.20052623748779297,-0.20133070647716522,-0.20398835837841034,0.017986223101615906,0.12079566717147827,0.01798621006309986,0.12075123935937881,0.0,1.4967224597930908,1.0072647333145142
420,420,84,0,84,43,train_balanced_1000084,1000084,balanced,fixed_cost_dominant,1.0,0.0,0.0,group_anchor_0,206,206,0,0.0,206,0,0.0,0,0.0,1.7510779241141423,1.8135779241141423,-0.0625,1.7510779241141423,1.8135779241141423,0.0,quality,-713.4000000000001,-426.15546507935005,-2.3055555555555562,1.0,1.0,-0.3728441517717153,0.0,0.0,-0.0625,62,210.0,True,False,completed,1.0,1.0,713.4000000000001,713.4000000000001,426.15546507935005,2.305555555555557,0.28488204721653526,0.3728441517717153,0.197,0.16071666666666667,0.75,0,0.0,0,0,0,0.0,2,60,0,1,1833,183.3,0,0,0,0.0,0,0.0,0,0,33,0.0,0,{},0.0,11,0.8181818181818182,51,11,100,22,22,119,97,22,0,119,0,97,0,22,0,0,0,119,11,11,0,22,0,119,0,0,97,0,22,84,4,1.4166666666666667,0,10,2529,13.461722799998824,10.769283499968878,0.14332219999778317,0.13435919997573365,20.267911199996888,parallel_episode_batch,pending,-0.0002542314003221691,0.0006674071650195401,0.44023402184247973,-0.0043228675320278855,4.89509705445812e-06,0.0,0.9999408714473248,0.07437181724235416,0.0,0.18937860429286957,1.3882761001586914,0.2366470992565155,0.014087604358792305,0.03416304290294647,1.3741886615753174,0.2554803192615509,0.9791593551635742,5e-05,-0.299375057220459,-0.3017919063568115,-0.2017441689968109,-0.2013377845287323,-0.20103247463703156,0.3011717200279236,-0.3025411069393158,-0.30251315236091614,-0.20054316520690918,-0.20136094093322754,-0.20402970910072327,0.017986223101615906,0.12073361128568649,0.01798621006309986,0.12075663357973099,0.0,1.497363567352295,1.0075757503509521
421,421,84,1,84,43,train_balanced_1000084,1000084,balanced,fixed_cost_dominant,0.0,1.0,0.0,group_anchor_1,204,204,0,0.0,204,0,0.0,0,0.0,1.790765576311194,1.853265576311194,-0.06250000000000003,1.790765576311194,1.8532655763111943,-2.220446049250313e-16,quality,-838.5000000000005,-415.36575745932976,-27.94805555555556,1.0,1.0,-0.29346884737761164,0.0,0.0,-0.06250000000000003,62,227.3,True,False,completed,1.0,1.0,838.5000000000005,838.5000000000005,415.36575745932976,27.94805555555556,0.3654160211721128,0.29346884737761164,0.22160000000000002,0.14715,0.75,0,0.0,0,0,0,0.0,2,60,0,1,1998,199.8,0,0,0,0.0,0,0.0,0,0,28,0.0,0,{},0.0,11,1.0,51,11,100,22,20,88,68,20,0,88,0,68,0,20,0,0,0,88,9,11,0,20,0,88,0,0,68,0,20,60,4,1.4666666666666666,0,10,2529,13.461722799998824,10.769283499968878,0.1253705999988597,0.2243409999719006,20.267911199996888,parallel_episode_batch,pending,-0.0002542314003221691,0.0006674071650195401,0.44023402184247973,-0.0043228675320278855,4.89509705445812e-06,0.0,0.9999408714473248,0.07437181724235416,0.0,0.18937860429286957,1.3882761001586914,0.2366470992565155,0.014087604358792305,0.03416304290294647,1.3741886615753174,0.2554803192615509,0.9791593551635742,5e-05,-0.299375057220459,-0.3017919063568115,-0.2017441689968109,-0.2013377845287323,-0.20103247463703156,0.3011717200279236,-0.3025411069393158,-0.30251315236091614,-0.20054316520690918,-0.20136094093322754,-0.20402970910072327,0.017986223101615906,0.12073361128568649,0.01798621006309986,0.12075663357973099,0.0,1.497363567352295,1.0075757503509521
422,422,84,2,84,43,train_balanced_1000084,1000084,balanced,fixed_cost_dominant,0.0,0.0,1.0,group_anchor_2,244,244,0,0.0,244,0,0.0,0,0.0,1.9128629924628557,1.9753629924628557,-0.0625,1.9128629924628557,1.9753629924628557,0.0,quality,-869.9999999999999,-733.7115768160901,-2.5913888888888876,1.0,1.0,-0.049274015074288656,0.0,0.0,-0.0625,62,210.70000000000002,True,False,completed,1.0,1.0,869.9999999999999,869.9999999999999,733.7115768160901,2.5913888888888876,0.3469605676293416,0.04927401507428865,0.25510000000000005,0.17665,0.75,0,0.0,0,0,0,0.0,2,107,0,3,1532,153.20000000000002,0,0,0,0.0,0,0.0,0,0,26,0.0,0,{},0.0,19,1.0,43,19,111,38,33,108,75,33,0,108,0,75,0,33,0,0,0,108,13,18,3,28,0,108,0,0,75,0,33,70,5,1.542857142857143,0,10,2529,13.461722799998824,10.769283499968878,0.13931489999959012,0.23503160005930113,20.267911199996888,parallel_episode_batch,pending,-0.0002542314003221691,0.0006674071650195401,0.44023402184247973,-0.0043228675320278855,4.89509705445812e-06,0.0,0.9999408714473248,0.07437181724235416,0.0,0.18937860429286957,1.3882761001586914,0.2366470992565155,0.014087604358792305,0.03416304290294647,1.3741886615753174,0.2554803192615509,0.9791593551635742,5e-05,-0.299375057220459,-0.3017919063568115,-0.2017441689968109,-0.2013377845287323,-0.20103247463703156,0.3011717200279236,-0.3025411069393158,-0.30251315236091614,-0.20054316520690918,-0.20136094093322754,-0.20402970910072327,0.017986223101615906,0.12073361128568649,0.01798621006309986,0.12075663357973099,0.0,1.497363567352295,1.0075757503509521
423,423,84,3,84,43,train_balanced_1000084,1000084,balanced,fixed_cost_dominant,0.3333333333333333,0.3333333333333333,0.3333333333333333,group_anchor_3,186,186,0,0.0,186,0,0.0,0,0.0,1.8211845357544538,1.8836845357544538,-0.0625,1.8211845357544538,1.883684535754454,-2.220446049250313e-16,quality,-704.4000000000001,-298.71889655379994,-5.432500000000001,1.0,1.0,-0.23263092849109174,0.0,0.0,-0.0625,62,214.5,True,False,completed,1.0,1.0,704.4000000000001,704.4000000000001,298.71889655379994,5.432500000000001,0.2735436836329953,0.23263092849109174,0.15820000000000004,0.12386666666666668,0.75,0,0.0,0,0,0,0.0,2,46,0,1,1885,188.5,0,0,0,0.0,0,0.0,0,0,26,0.0,0,{},0.0,8,1.0,54,8,92,16,16,99,83,16,0,99,0,83,0,16,0,0,0,99,8,8,0,16,0,99,0,0,83,0,16,72,3,1.375,0,10,2529,13.461722799998824,10.769283499968878,0.11865860000398243,0.14333520003128797,20.267911199996888,parallel_episode_batch,pending,-0.0002542314003221691,0.0006674071650195401,0.44023402184247973,-0.0043228675320278855,4.89509705445812e-06,0.0,0.9999408714473248,0.07437181724235416,0.0,0.18937860429286957,1.3882761001586914,0.2366470992565155,0.014087604358792305,0.03416304290294647,1.3741886615753174,0.2554803192615509,0.9791593551635742,5e-05,-0.299375057220459,-0.3017919063568115,-0.2017441689968109,-0.2013377845287323,-0.20103247463703156,0.3011717200279236,-0.3025411069393158,-0.30251315236091614,-0.20054316520690918,-0.20136094093322754,-0.20402970910072327,0.017986223101615906,0.12073361128568649,0.01798621006309986,0.12075663357973099,0.0,1.497363567352295,1.0075757503509521
424,424,84,4,84,43,train_balanced_1000084,1000084,balanced,fixed_cost_dominant,0.5,0.3,0.2,group_anchor_4,225,225,0,0.0,225,0,0.0,0,0.0,1.7759402070657293,1.8384402070657293,-0.0625,1.7759402070657293,1.8384402070657293,0.0,quality,-776.2,-531.1170445863798,-6.391388888888887,1.0,1.0,-0.32311958586854134,0.0,0.0,-0.0625,62,219.8,True,False,completed,1.0,1.0,776.2,776.2,531.1170445863798,6.391388888888887,0.32311958586854134,0.32311958586854134,0.20930000000000004,0.15854133260000003,0.75,0,0.0,0,0,0,0.0,1,76,0,3,1802,180.20000000000002,0,0,0,0.0,0,0.0,0,0,21,0.0,0,{},0.0,14,1.0,48,14,107,28,28,121,92,29,1,120,0,92,1,28,1,1,0,120,15,14,0,28,0,120,0,0,92,1,28,81,5,1.4938271604938271,0,10,2529,13.461722799998824,10.769283499968878,0.13158760000078473,0.23912749993178295,20.267911199996888,parallel_episode_batch,pending,-0.0002542314003221691,0.0006674071650195401,0.44023402184247973,-0.0043228675320278855,4.89509705445812e-06,0.0,0.9999408714473248,0.07437181724235416,0.0,0.18937860429286957,1.3882761001586914,0.2366470992565155,0.014087604358792305,0.03416304290294647,1.3741886615753174,0.2554803192615509,0.9791593551635742,5e-05,-0.299375057220459,-0.3017919063568115,-0.2017441689968109,-0.2013377845287323,-0.20103247463703156,0.3011717200279236,-0.3025411069393158,-0.30251315236091614,-0.20054316520690918,-0.20136094093322754,-0.20402970910072327,0.017986223101615906,0.12073361128568649,0.01798621006309986,0.12075663357973099,0.0,1.497363567352295,1.0075757503509521
425,425,85,0,85,43,train_reconfiguration_bottleneck_1000085,1000085,reconfiguration_bottleneck,balanced_cost,1.0,0.0,0.0,group_anchor_0,300,300,0,0.0,300,0,0.0,0,0.0,1.6672618135865818,1.7297618135865818,-0.0625,1.6672618135865818,1.729761813586582,-2.220446049250313e-16,quality,-1411.4000000000005,-1224.3338169205197,-30.1088888888889,1.0000000000000002,1.0,-0.5404763728268362,0.0,0.0,-0.0625,82,197.60000000000002,True,False,completed,1.0,1.0,1411.4000000000005,1411.4000000000005,1224.3338169205197,30.1088888888889,0.510536251639462,0.5404763728268362,0.6847338732000001,0.5748026068666668,0.75,4,0.037037037037037035,0,0,3,0.017543859649122806,1,104,0,0,1393,139.3,0,0,0,0.0,0,0.0,0,0,46,0.0,0,{},0.0,21,0.9523809523809523,61,21,138,42,38,168,129,39,1,167,0,129,1,38,1,1,0,167,20,20,2,37,4,167,0,0,129,1,38,107,5,1.5700934579439252,0,10,2529,13.461722799998824,10.769283499968878,0.43474630000127945,0.2489529000231414,20.267911199996888,parallel_episode_batch,pending,-0.0002542314003221691,0.0006674071650195401,0.44023402184247973,-0.0043228675320278855,4.89509705445812e-06,0.0,0.9999408714473248,0.07437181724235416,0.0,0.18937860429286957,1.3882761001586914,0.2366470992565155,0.014087604358792305,0.03416304290294647,1.3741886615753174,0.2554803192615509,0.9791593551635742,5e-05,-0.299375057220459,-0.3017919063568115,-0.2017441689968109,-0.2013377845287323,-0.20103247463703156,0.3011717200279236,-0.3025411069393158,-0.30251315236091614,-0.20054316520690918,-0.20136094093322754,-0.20402970910072327,0.017986223101615906,0.12073361128568649,0.01798621006309986,0.12075663357973099,0.0,1.497363567352295,1.0075757503509521
426,426,85,1,85,43,train_reconfiguration_bottleneck_1000085,1000085,reconfiguration_bottleneck,balanced_cost,0.0,1.0,0.0,group_anchor_1,255,255,0,0.0,255,0,0.0,0,0.0,1.7223826966939457,1.7848826966939457,-0.0625,1.7223826966939457,1.784882696693946,-2.220446049250313e-16,quality,-1454.7,-755.1083509194597,-9.116666666666665,1.0000000000000002,1.0,-0.4302346066121082,0.0,0.0,-0.0625,82,194.4,True,False,completed,1.0,1.0,1454.7,1454.7,755.1083509194597,9.116666666666665,0.4338991089732468,0.4302346066121082,0.40863387320000005,0.2928585470666667,0.75,0,0.0,0,0,2,0.008888888888888889,1,66,0,0,1558,155.8,0,0,0,0.0,0,0.0,0,0,52,0.0,0,{},0.0,13,0.8461538461538461,69,13,122,26,25,120,92,28,3,117,0,92,3,25,3,3,0,117,11,14,0,22,0,117,0,0,92,3,25,80,10,1.5,0,10,2529,13.461722799998824,10.769283499968878,0.4206198999963817,0.3110417999996571,20.267911199996888,parallel_episode_batch,pending,-0.0002542314003221691,0.0006674071650195401,0.44023402184247973,-0.0043228675320278855,4.89509705445812e-06,0.0,0.9999408714473248,0.07437181724235416,0.0,0.18937860429286957,1.3882761001586914,0.2366470992565155,0.014087604358792305,0.03416304290294647,1.3741886615753174,0.2554803192615509,0.9791593551635742,5e-05,-0.299375057220459,-0.3017919063568115,-0.2017441689968109,-0.2013377845287323,-0.20103247463703156,0.3011717200279236,-0.3025411069393158,-0.30251315236091614,-0.20054316520690918,-0.20136094093322754,-0.20402970910072327,0.017986223101615906,0.12073361128568649,0.01798621006309986,0.12075663357973099,0.0,1.497363567352295,1.0075757503509521
427,427,85,2,85,43,train_reconfiguration_bottleneck_1000085,1000085,reconfiguration_bottleneck,balanced_cost,0.0,0.0,1.0,group_anchor_2,283,283,0,0.0,283,0,0.0,0,0.0,1.8077347699813648,1.8702347699813648,-0.0625,1.8077347699813648,1.8702347699813648,0.0,quality,-1477.1000000000004,-1046.6794369013503,-17.52472222222222,1.0000000000000002,1.0,-0.25953046003727026,0.0,0.0,-0.0625,82,190.70000000000002,True,False,completed,1.0,1.0,1477.1000000000004,1477.1000000000004,1046.6794369013503,17.52472222222222,0.48120408373067997,0.25953046003727026,0.5825,0.4434862348666668,0.75,0,0.0,0,0,2,0.0061162079510703364,1,91,1,5,1411,141.1,0,0,0,0.0,0,0.0,0,0,45,0.0,0,{},0.0,18,0.8888888888888888,64,18,133,36,32,116,82,34,2,114,0,82,2,32,2,2,0,114,18,17,3,30,0,114,0,0,82,2,32,81,5,1.4320987654320987,0,10,2529,13.461722799998824,10.769283499968878,0.3920157999964431,0.3746480999907362,20.267911199996888,parallel_episode_batch,pending,-0.0002542314003221691,0.0006674071650195401,0.44023402184247973,-0.0043228675320278855,4.89509705445812e-06,0.0,0.9999408714473248,0.07437181724235416,0.0,0.18937860429286957,1.3882761001586914,0.2366470992565155,0.014087604358792305,0.03416304290294647,1.3741886615753174,0.2554803192615509,0.9791593551635742,5e-05,-0.299375057220459,-0.3017919063568115,-0.2017441689968109,-0.2013377845287323,-0.20103247463703156,0.3011717200279236,-0.3025411069393158,-0.30251315236091614,-0.20054316520690918,-0.20136094093322754,-0.20402970910072327,0.017986223101615906,0.12073361128568649,0.01798621006309986,0.12075663357973099,0.0,1.497363567352295,1.0075757503509521
428,428,85,3,85,43,train_reconfiguration_bottleneck_1000085,1000085,reconfiguration_bottleneck,balanced_cost,0.3333333333333333,0.3333333333333333,0.3333333333333333,group_anchor_3,305,305,0,0.0,305,0,0.0,0,0.0,1.7347964848364774,1.7972964848364774,-0.0625,1.7347964848364774,1.7972964848364774,0.0,quality,-1428.1999999999998,-1215.4994999048504,-7.088888888888899,1.0000000000000002,1.0,-0.40540703032704506,0.0,0.0,-0.0625,82,202.20000000000002,True,False,completed,1.0,1.0,1428.1999999999998,1428.1999999999998,1215.4994999048504,7.088888888888899,0.46113179295411616,0.40540703032704506,0.5996000000000001,0.5198969613333334,0.75,1,0.009174311926605505,0,0,2,0.010256410256410256,1,108,1,2,1455,145.5,0,0,0,0.0,0,0.0,0,0,46,0.0,0,{},0.0,21,1.0,61,21,140,42,41,142,99,43,2,140,0,99,2,41,2,2,0,140,21,19,0,38,1,140,0,0,99,2,41,100,6,1.42,0,10,2529,13.461722799998824,10.769283499968878,0.4078953000062029,0.2893768999201711,20.267911199996888,parallel_episode_batch,pending,-0.0002542314003221691,0.0006674071650195401,0.44023402184247973,-0.0043228675320278855,4.89509705445812e-06,0.0,0.9999408714473248,0.07437181724235416,0.0,0.18937860429286957,1.3882761001586914,0.2366470992565155,0.014087604358792305,0.03416304290294647,1.3741886615753174,0.2554803192615509,0.9791593551635742,5e-05,-0.299375057220459,-0.3017919063568115,-0.2017441689968109,-0.2013377845287323,-0.20103247463703156,0.3011717200279236,-0.3025411069393158,-0.30251315236091614,-0.20054316520690918,-0.20136094093322754,-0.20402970910072327,0.017986223101615906,0.12073361128568649,0.01798621006309986,0.12075663357973099,0.0,1.497363567352295,1.0075757503509521
429,429,85,4,85,43,train_reconfiguration_bottleneck_1000085,1000085,reconfiguration_bottleneck,balanced_cost,0.5,0.3,0.2,group_anchor_4,321,321,0,0.0,321,0,0.0,0,0.0,1.7026342406033854,1.7651342406033854,-0.0625,1.7026342406033854,1.7651342406033854,0.0,quality,-1400.2000000000003,-1441.4718350440696,-6.612222222222234,1.0000000000000002,1.0,-0.46973151879322894,0.0,0.0,-0.0625,82,188.0,True,False,completed,1.0,1.0,1400.2000000000003,1400.2000000000003,1441.4718350440696,6.612222222222233,0.46973151879322894,0.46973151879322894,0.7495999999999999,0.6706367636833334,0.75,16,0.13675213675213677,1,1,11,0.08333333333333333,0,101,0,1,1253,125.30000000000001,0,0,0,0.0,0,0.0,0,0,50,0.0,0,{},1.0,24,0.9166666666666666,58,24,144,48,47,184,125,59,12,172,0,125,12,47,12,12,0,172,30,31,2,46,11,172,0,0,125,12,47,102,6,1.803921568627451,0,10,2529,13.461722799998824,10.769283499968878,0.42324250000092434,0.22615540003607748,20.267911199996888,parallel_episode_batch,pending,-0.0002542314003221691,0.0006674071650195401,0.44023402184247973,-0.0043228675320278855,4.89509705445812e-06,0.0,0.9999408714473248,0.07437181724235416,0.0,0.18937860429286957,1.3882761001586914,0.2366470992565155,0.014087604358792305,0.03416304290294647,1.3741886615753174,0.2554803192615509,0.9791593551635742,5e-05,-0.299375057220459,-0.3017919063568115,-0.2017441689968109,-0.2013377845287323,-0.20103247463703156,0.3011717200279236,-0.3025411069393158,-0.30251315236091614,-0.20054316520690918,-0.20136094093322754,-0.20402970910072327,0.017986223101615906,0.12073361128568649,0.01798621006309986,0.12075663357973099,0.0,1.497363567352295,1.0075757503509521
430,430,86,0,86,44,train_high_arrival_pressure_1000086,1000086,high_arrival_pressure,downtime_dominant,1.0,0.0,0.0,group_anchor_0,277,277,0,0.0,277,0,0.0,0,0.0,1.6736925756800378,1.7361925756800378,-0.0625,1.6736925756800378,1.7361925756800378,0.0,quality,-1340.3000000000002,-1101.239845012499,-9.120000000000008,1.0,1.0,-0.5276148486399245,0.0,0.0,-0.0625,75,142.70000000000002,True,False,completed,1.0,1.0,1340.3000000000002,1340.3000000000002,1101.239845012499,9.120000000000006,0.4518870782768556,0.5276148486399245,0.41270000000000007,0.3378941106666668,0.75,0,0.0,0,0,0,0.0,1,97,0,0,1004,100.4,0,0,0,0.0,0,0.0,0,0,34,0.0,0,{},0.0,19,0.9473684210526315,56,19,126,38,38,165,123,42,4,161,0,123,4,38,4,4,0,161,21,21,0,38,0,161,0,0,123,4,38,107,8,1.5420560747663552,0,10,3095,16.881815000000643,13.292064300032507,0.1287339000045904,0.16760549999889918,25.293515500001376,parallel_episode_batch,pending,-0.0005393356550484896,0.00045957850418243634,0.4142621688696803,-0.004452168107583967,4.91666115494252e-07,0.0,1.0000107708025952,0.060893889744671026,0.0,0.21715158224105835,1.490865707397461,0.22684286534786224,0.008048596791923046,0.024991607293486595,1.4828170537948608,0.2256585955619812,0.987862229347229,5e-05,-0.2992974519729614,-0.30168652534484863,-0.20164723694324493,-0.20126308500766754,-0.20097216963768005,0.30109360814094543,-0.302711546421051,-0.30278030037879944,-0.20038188993930817,-0.20148847997188568,-0.2042466104030609,0.017986223101615906,0.12074495851993561,0.01798621006309986,0.12079177796840668,0.0,1.4976595640182495,1.0081442594528198
431,431,86,1,86,44,train_high_arrival_pressure_1000086,1000086,high_arrival_pressure,downtime_dominant,0.0,1.0,0.0,group_anchor_1,242,242,0,0.0,242,0,0.0,0,0.0,1.727614144485715,1.790114144485715,-0.0625,1.727614144485715,1.7901141444857147,2.220446049250313e-16,quality,-1338.3000000000006,-723.4595744593901,-9.51583333333334,1.0,1.0,-0.4197717110285704,0.0,0.0,-0.0625,75,155.60000000000002,True,False,completed,1.0,1.0,1338.3000000000006,1338.3000000000006,723.4595744593901,9.515833333333338,0.42153031964837256,0.4197717110285704,0.3662000000000002,0.20768099836666673,0.75,0,0.0,0,0,14,0.06140350877192982,1,65,2,1,1316,131.6,0,0,0,0.0,0,0.0,0,0,31,0.0,0,{},0.0,13,1.0,62,13,117,26,24,111,83,28,4,107,0,83,4,24,4,4,0,107,15,11,1,21,1,107,0,0,83,4,24,78,7,1.4230769230769231,0,10,3095,16.881815000000643,13.292064300032507,0.13306130000273697,0.21006379993923474,25.293515500001376,parallel_episode_batch,pending,-0.0005393356550484896,0.00045957850418243634,0.4142621688696803,-0.004452168107583967,4.91666115494252e-07,0.0,1.0000107708025952,0.060893889744671026,0.0,0.21715158224105835,1.490865707397461,0.22684286534786224,0.008048596791923046,0.024991607293486595,1.4828170537948608,0.2256585955619812,0.987862229347229,5e-05,-0.2992974519729614,-0.30168652534484863,-0.20164723694324493,-0.20126308500766754,-0.20097216963768005,0.30109360814094543,-0.302711546421051,-0.30278030037879944,-0.20038188993930817,-0.20148847997188568,-0.2042466104030609,0.017986223101615906,0.12074495851993561,0.01798621006309986,0.12079177796840668,0.0,1.4976595640182495,1.0081442594528198
432,432,86,2,86,44,train_high_arrival_pressure_1000086,1000086,high_arrival_pressure,downtime_dominant,0.0,0.0,1.0,group_anchor_2,248,248,0,0.0,248,0,0.0,0,0.0,1.9049159170700296,1.9674159170700296,-0.0625,1.9049159170700296,1.9674159170700294,2.220446049250313e-16,quality,-1451.5999999999997,-768.3575172642995,-3.4855555555555537,1.0,1.0,-0.06516816585994138,0.0,0.0,-0.0625,75,150.1,True,False,completed,1.0,1.0,1451.5999999999997,1451.5999999999997,768.3575172642995,3.4855555555555537,0.41710620755155,0.06516816585994138,0.3126000000000001,0.25905000000000006,0.75,0,0.0,0,0,2,0.006329113924050633,1,72,0,1,1227,122.7,0,0,0,0.0,0,0.0,0,0,29,0.0,0,{},0.0,14,0.8571428571428571,61,14,118,28,27,99,70,29,2,97,0,70,2,27,2,2,0,97,12,14,0,24,0,97,0,0,70,2,27,65,6,1.523076923076923,0,10,3095,16.881815000000643,13.292064300032507,0.14340120000269962,0.2558751999895321,25.293515500001376,parallel_episode_batch,pending,-0.0005393356550484896,0.00045957850418243634,0.4142621688696803,-0.004452168107583967,4.91666115494252e-07,0.0,1.0000107708025952,0.060893889744671026,0.0,0.21715158224105835,1.490865707397461,0.22684286534786224,0.008048596791923046,0.024991607293486595,1.4828170537948608,0.2256585955619812,0.987862229347229,5e-05,-0.2992974519729614,-0.30168652534484863,-0.20164723694324493,-0.20126308500766754,-0.20097216963768005,0.30109360814094543,-0.302711546421051,-0.30278030037879944,-0.20038188993930817,-0.20148847997188568,-0.2042466104030609,0.017986223101615906,0.12074495851993561,0.01798621006309986,0.12079177796840668,0.0,1.4976595640182495,1.0081442594528198
433,433,86,3,86,44,train_high_arrival_pressure_1000086,1000086,high_arrival_pressure,downtime_dominant,0.3333333333333333,0.3333333333333333,0.3333333333333333,group_anchor_3,256,256,0,0.0,256,0,0.0,0,0.0,1.7448647650016613,1.8073647650016613,-0.0625,1.7448647650016613,1.8073647650016609,4.440892098500626e-16,quality,-1427.2000000000007,-864.10938630304,-8.755833333333333,1.0,1.0,-0.38527046999667836,0.0,0.0,-0.0625,75,136.4,True,False,completed,1.0,1.0,1427.2000000000007,1427.2000000000007,864.10938630304,8.755833333333333,0.4404893467913101,0.38527046999667836,0.3078,0.24864886338333336,0.75,0,0.0,0,0,0,0.0,1,78,0,4,1064,106.4,0,0,0,0.0,0,0.0,0,0,40,0.0,0,{},0.0,15,1.0,60,15,123,30,28,122,93,29,1,121,0,93,1,28,1,1,0,121,15,15,1,28,0,121,0,0,93,1,28,86,6,1.4186046511627908,0,10,3095,16.881815000000643,13.292064300032507,0.141306400000758,0.1932183000317309,25.293515500001376,parallel_episode_batch,pending,-0.0005393356550484896,0.00045957850418243634,0.4142621688696803,-0.004452168107583967,4.91666115494252e-07,0.0,1.0000107708025952,0.060893889744671026,0.0,0.21715158224105835,1.490865707397461,0.22684286534786224,0.008048596791923046,0.024991607293486595,1.4828170537948608,0.2256585955619812,0.987862229347229,5e-05,-0.2992974519729614,-0.30168652534484863,-0.20164723694324493,-0.20126308500766754,-0.20097216963768005,0.30109360814094543,-0.302711546421051,-0.30278030037879944,-0.20038188993930817,-0.20148847997188568,-0.2042466104030609,0.017986223101615906,0.12074495851993561,0.01798621006309986,0.12079177796840668,0.0,1.4976595640182495,1.0081442594528198
434,434,86,4,86,44,train_high_arrival_pressure_1000086,1000086,high_arrival_pressure,downtime_dominant,0.5,0.3,0.2,group_anchor_4,277,277,0,0.0,277,0,0.0,0,0.0,1.7049340300158229,1.7674340300158229,-0.0625,1.7049340300158229,1.7674340300158227,2.220446049250313e-16,quality,-1383.8999999999996,-1085.1366337533898,-12.978055555555562,1.0,1.0,-0.4651319399683545,0.0,0.0,-0.0625,75,148.6,True,False,completed,1.0,1.0,1383.8999999999996,1383.8999999999996,1085.1366337533898,12.978055555555562,0.4651319399683545,0.4651319399683545,0.45560000000000006,0.3627802988166667,0.75,0,0.0,0,0,0,0.0,1,92,0,1,1073,107.30000000000001,0,0,0,0.0,0,0.0,0,0,28,0.0,0,{},0.0,19,1.0,56,19,127,38,37,159,117,42,5,154,0,117,5,37,5,5,0,154,21,21,0,37,0,154,0,0,117,5,37,98,10,1.6224489795918366,0,10,3095,16.881815000000643,13.292064300032507,0.14144990000204416,0.2503608000697568,25.293515500001376,parallel_episode_batch,pending,-0.0005393356550484896,0.00045957850418243634,0.4142621688696803,-0.004452168107583967,4.91666115494252e-07,0.0,1.0000107708025952,0.060893889744671026,0.0,0.21715158224105835,1.490865707397461,0.22684286534786224,0.008048596791923046,0.024991607293486595,1.4828170537948608,0.2256585955619812,0.987862229347229,5e-05,-0.2992974519729614,-0.30168652534484863,-0.20164723694324493,-0.20126308500766754,-0.20097216963768005,0.30109360814094543,-0.302711546421051,-0.30278030037879944,-0.20038188993930817,-0.20148847997188568,-0.2042466104030609,0.017986223101615906,0.12074495851993561,0.01798621006309986,0.12079177796840668,0.0,1.4976595640182495,1.0081442594528198
435,435,87,0,87,44,train_reconfiguration_bottleneck_1000087,1000087,reconfiguration_bottleneck,fixed_cost_dominant,1.0,0.0,0.0,group_anchor_0,322,322,0,0.0,322,0,0.0,0,0.0,1.6784445024496026,1.7409445024496026,-0.0625,1.6784445024496026,1.7409445024496024,2.220446049250313e-16,quality,-1290.1999999999998,-1263.0635311941708,-3.6166666666666725,1.0,1.0,-0.5181109951007951,0.0,0.0,-0.0625,78,177.8,True,False,completed,1.0,1.0,1290.1999999999998,1290.1999999999998,1263.0635311941708,3.616666666666669,0.43998266067045,0.5181109951007951,0.7499285059999998,0.7375676604833332,0.75,31,0.2818181818181818,4,4,104,0.5621621621621622,0,79,7,1,1268,126.80000000000001,0,0,0,0.0,0,0.0,0,0,51,0.0,0,{},3.5,24,0.875,54,24,147,48,49,214,143,71,22,192,0,143,22,49,22,22,0,192,36,41,2,49,53,192,0,0,143,22,49,100,9,2.14,0,10,3095,16.881815000000643,13.292064300032507,0.6414055999994162,0.2918223000233411,25.293515500001376,parallel_episode_batch,pending,-0.0005393356550484896,0.00045957850418243634,0.4142621688696803,-0.004452168107583967,4.91666115494252e-07,0.0,1.0000107708025952,0.060893889744671026,0.0,0.21715158224105835,1.490865707397461,0.22684286534786224,0.008048596791923046,0.024991607293486595,1.4828170537948608,0.2256585955619812,0.987862229347229,5e-05,-0.2992974519729614,-0.30168652534484863,-0.20164723694324493,-0.20126308500766754,-0.20097216963768005,0.30109360814094543,-0.302711546421051,-0.30278030037879944,-0.20038188993930817,-0.20148847997188568,-0.2042466104030609,0.017986223101615906,0.12074495851993561,0.01798621006309986,0.12079177796840668,0.0,1.4976595640182495,1.0081442594528198
436,436,87,1,87,44,train_reconfiguration_bottleneck_1000087,1000087,reconfiguration_bottleneck,fixed_cost_dominant,0.0,1.0,0.0,group_anchor_1,309,309,0,0.0,309,0,0.0,0,0.0,1.6607011360203259,1.7232011360203259,-0.0625,1.6607011360203259,1.7232011360203257,2.220446049250313e-16,quality,-1302.2999999999997,-1240.131967583121,-1.9988888888888985,1.0,1.0,-0.5535977279593485,0.0,0.0,-0.0625,78,197.4,True,False,completed,1.0,1.0,1302.2999999999997,1302.2999999999997,1240.1319675831207,1.9988888888888985,0.4339881139042971,0.5535977279593485,0.7269000000000003,0.6959975465500001,0.75,17,0.1452991452991453,2,2,6,0.0273972602739726,0,99,1,2,1495,149.5,0,0,0,0.0,0,0.0,0,0,35,0.0,0,{},2.3000000000000003,24,0.9166666666666666,54,24,142,48,41,153,99,54,13,140,0,99,13,41,13,13,0,140,25,33,3,40,15,140,0,0,99,13,41,83,7,1.8433734939759037,0,10,3095,16.881815000000643,13.292064300032507,0.6181136000013794,0.33280789999844274,25.293515500001376,parallel_episode_batch,pending,-0.0005393356550484896,0.00045957850418243634,0.4142621688696803,-0.004452168107583967,4.91666115494252e-07,0.0,1.0000107708025952,0.060893889744671026,0.0,0.21715158224105835,1.490865707397461,0.22684286534786224,0.008048596791923046,0.024991607293486595,1.4828170537948608,0.2256585955619812,0.987862229347229,5e-05,-0.2992974519729614,-0.30168652534484863,-0.20164723694324493,-0.20126308500766754,-0.20097216963768005,0.30109360814094543,-0.302711546421051,-0.30278030037879944,-0.20038188993930817,-0.20148847997188568,-0.2042466104030609,0.017986223101615906,0.12074495851993561,0.01798621006309986,0.12079177796840668,0.0,1.4976595640182495,1.0081442594528198
437,437,87,2,87,44,train_reconfiguration_bottleneck_1000087,1000087,reconfiguration_bottleneck,fixed_cost_dominant,0.0,0.0,1.0,group_anchor_2,392,392,0,0.0,392,0,0.0,0,0.0,1.9030276756203157,1.9655276756203157,-0.0625,1.9030276756203157,1.9655276756203155,2.220446049250313e-16,quality,-1488.5000000000005,-1303.4984994564884,-3.702500000000006,1.0,1.0,-0.06894464875936882,0.0,0.0,-0.0625,78,210.4,True,False,completed,1.0,1.0,1488.5000000000005,1488.5000000000005,1303.4984994564884,3.7025000000000046,0.4603794755079184,0.06894464875936882,0.75,0.7433009938166658,0.75,223,0.6264044943820225,42,42,254,0.5509761388286334,0,96,2,6,1511,151.1,0,0,0,0.0,0,0.0,0,0,47,0.0,0,{},14.5,24,1.0,54,24,183,48,83,231,134,97,14,217,0,134,14,83,14,14,0,217,29,105,2,76,105,217,0,0,134,14,83,84,43,2.75,0,10,3095,16.881815000000643,13.292064300032507,0.6474862999966717,0.5315843999705976,25.293515500001376,parallel_episode_batch,pending,-0.0005393356550484896,0.00045957850418243634,0.4142621688696803,-0.004452168107583967,4.91666115494252e-07,0.0,1.0000107708025952,0.060893889744671026,0.0,0.21715158224105835,1.490865707397461,0.22684286534786224,0.008048596791923046,0.024991607293486595,1.4828170537948608,0.2256585955619812,0.987862229347229,5e-05,-0.2992974519729614,-0.30168652534484863,-0.20164723694324493,-0.20126308500766754,-0.20097216963768005,0.30109360814094543,-0.302711546421051,-0.30278030037879944,-0.20038188993930817,-0.20148847997188568,-0.2042466104030609,0.017986223101615906,0.12074495851993561,0.01798621006309986,0.12079177796840668,0.0,1.4976595640182495,1.0081442594528198
438,438,87,3,87,44,train_reconfiguration_bottleneck_1000087,1000087,reconfiguration_bottleneck,fixed_cost_dominant,0.3333333333333333,0.3333333333333333,0.3333333333333333,group_anchor_3,457,457,0,0.0,457,0,0.0,0,0.0,1.7421417862882609,1.8046417862882609,-0.0625,1.7421417862882609,1.8046417862882604,4.440892098500626e-16,quality,-1450.7000000000028,-1465.7064650042362,-1.5688888888888899,1.0,1.0,-0.390716427423479,0.0,0.0,-0.0625,78,219.9,True,False,completed,1.0,1.0,1450.7000000000028,1450.7000000000028,1465.7064650042362,1.5688888888888888,0.4580603470897003,0.390716427423479,0.7498023568999973,0.7389856308833326,0.75,302,0.5109983079526227,67,67,123,0.3426183844011142,0,109,5,4,1477,147.70000000000002,0,0,0,0.0,0,0.0,0,0,46,0.0,0,{},18.2,27,0.9259259259259259,51,27,211,54,114,306,176,130,16,290,0,176,16,114,16,16,0,290,34,163,1,113,172,290,0,0,176,16,114,95,79,3.221052631578947,0,10,3095,16.881815000000643,13.292064300032507,0.6573504999978468,0.4743243999328115,25.293515500001376,parallel_episode_batch,pending,-0.0005393356550484896,0.00045957850418243634,0.4142621688696803,-0.004452168107583967,4.91666115494252e-07,0.0,1.0000107708025952,0.060893889744671026,0.0,0.21715158224105835,1.490865707397461,0.22684286534786224,0.008048596791923046,0.024991607293486595,1.4828170537948608,0.2256585955619812,0.987862229347229,5e-05,-0.2992974519729614,-0.30168652534484863,-0.20164723694324493,-0.20126308500766754,-0.20097216963768005,0.30109360814094543,-0.302711546421051,-0.30278030037879944,-0.20038188993930817,-0.20148847997188568,-0.2042466104030609,0.017986223101615906,0.12074495851993561,0.01798621006309986,0.12079177796840668,0.0,1.4976595640182495,1.0081442594528198
439,439,87,4,87,44,train_reconfiguration_bottleneck_1000087,1000087,reconfiguration_bottleneck,fixed_cost_dominant,0.5,0.3,0.2,group_anchor_4,315,315,0,0.0,315,0,0.0,0,0.0,1.7140800353025893,1.7765800353025893,-0.0625,1.7140800353025893,1.7765800353025893,0.0,quality,-1308.9,-1252.1516277399999,-5.30805555555555,1.0,1.0,-0.4468399293948211,0.0,0.0,-0.0625,78,203.3,True,False,completed,1.0,1.0,1308.9,1308.9,1252.1516277399999,5.308055555555551,0.4468399293948211,0.4468399293948211,0.7499,0.7240076485666668,0.75,31,0.24031007751937986,1,1,66,0.28205128205128205,0,98,7,0,1416,141.6,0,0,0,0.0,0,0.0,0,0,35,0.0,0,{},1.2000000000000002,24,1.0,54,24,143,48,46,184,123,61,15,169,0,123,15,46,15,15,0,169,35,28,3,44,48,169,0,0,123,15,46,97,12,1.8969072164948453,0,10,3095,16.881815000000643,13.292064300032507,0.6429004000019631,0.31563420000020415,25.293515500001376,parallel_episode_batch,pending,-0.0005393356550484896,0.00045957850418243634,0.4142621688696803,-0.004452168107583967,4.91666115494252e-07,0.0,1.0000107708025952,0.060893889744671026,0.0,0.21715158224105835,1.490865707397461,0.22684286534786224,0.008048596791923046,0.024991607293486595,1.4828170537948608,0.2256585955619812,0.987862229347229,5e-05,-0.2992974519729614,-0.30168652534484863,-0.20164723694324493,-0.20126308500766754,-0.20097216963768005,0.30109360814094543,-0.302711546421051,-0.30278030037879944,-0.20038188993930817,-0.20148847997188568,-0.2042466104030609,0.017986223101615906,0.12074495851993561,0.01798621006309986,0.12079177796840668,0.0,1.4976595640182495,1.0081442594528198
440,440,88,0,88,45,train_balanced_1000088,1000088,balanced,balanced_cost,1.0,0.0,0.0,group_anchor_0,262,262,0,0.0,262,0,0.0,0,0.0,1.7167516056967322,1.7792516056967322,-0.0625,1.7167516056967322,1.7792516056967327,-4.440892098500626e-16,quality,-948.6000000000001,-776.4726953892298,-21.27583333333334,1.0,1.0,-0.44149678860653446,0.0,0.0,-0.0625,73,207.9,True,False,completed,1.0,1.0,948.6000000000001,948.6000000000001,776.4726953892298,21.27583333333334,0.411574414242899,0.44149678860653446,0.5171000000000001,0.26938333333333336,0.75,0,0.0,0,0,5,0.04504504504504504,1,79,1,1,1728,172.8,0,0,0,0.0,0,0.0,0,0,39,0.0,0,{},0.0,17,0.9411764705882353,56,17,122,34,33,158,118,40,7,151,0,118,7,33,7,7,0,151,19,21,1,32,2,151,0,0,118,7,33,94,9,1.6808510638297873,0,10,2577,13.235017700004391,10.88503519997903,0.16839700000127777,0.1718736998955137,20.722406000000774,parallel_episode_batch,pending,0.0014649601255702536,0.0004967022184978194,0.4627920011194741,-0.002914608314224496,3.35858374139606e-06,0.0,1.0000489114261255,0.0723176881807243,0.0,0.2016802877187729,1.488297939300537,0.2682299315929413,0.008463560603559017,0.02531944215297699,1.4798344373703003,0.27054598927497864,0.9910896420478821,5e-05,-0.29933083057403564,-0.30179235339164734,-0.20179305970668793,-0.2013346254825592,-0.20101027190685272,0.30110064148902893,-0.302854061126709,-0.30274659395217896,-0.20037686824798584,-0.20155563950538635,-0.20428013801574707,0.017986223101615906,0.12079436331987381,0.01798621006309986,0.12083152681589127,0.0,1.4979313611984253,1.0082499980926514
441,441,88,1,88,45,train_balanced_1000088,1000088,balanced,balanced_cost,0.0,1.0,0.0,group_anchor_1,271,271,0,0.0,271,0,0.0,0,0.0,1.7073535769171997,1.7698535769171997,-0.0625,1.7073535769171997,1.7698535769171997,0.0,quality,-1095.0000000000005,-852.8566703172397,-5.802499999999998,1.0,1.0,-0.4602928461656004,0.0,0.0,-0.0625,73,221.0,True,False,completed,1.0,1.0,1095.0000000000005,1095.0000000000005,852.8566703172397,5.802499999999998,0.3974465046468866,0.4602928461656004,0.5761000000000001,0.28970000000000007,0.75,0,0.0,0,0,0,0.0,1,97,0,4,1760,176.0,0,0,0,0.0,0,0.0,0,0,43,0.0,0,{},0.0,19,0.8421052631578947,54,19,127,38,33,117,80,37,4,113,0,80,4,33,4,4,0,113,16,19,1,30,0,113,0,0,80,4,33,77,14,1.5194805194805194,0,10,2577,13.235017700004391,10.88503519997903,0.15368979999766452,0.29423139996652026,20.722406000000774,parallel_episode_batch,pending,0.0014649601255702536,0.0004967022184978194,0.4627920011194741,-0.002914608314224496,3.35858374139606e-06,0.0,1.0000489114261255,0.0723176881807243,0.0,0.2016802877187729,1.488297939300537,0.2682299315929413,0.008463560603559017,0.02531944215297699,1.4798344373703003,0.27054598927497864,0.9910896420478821,5e-05,-0.29933083057403564,-0.30179235339164734,-0.20179305970668793,-0.2013346254825592,-0.20101027190685272,0.30110064148902893,-0.302854061126709,-0.30274659395217896,-0.20037686824798584,-0.20155563950538635,-0.20428013801574707,0.017986223101615906,0.12079436331987381,0.01798621006309986,0.12083152681589127,0.0,1.4979313611984253,1.0082499980926514
442,442,88,2,88,45,train_balanced_1000088,1000088,balanced,balanced_cost,0.0,0.0,1.0,group_anchor_2,286,286,0,0.0,286,0,0.0,0,0.0,1.9115634612953516,1.9740634612953516,-0.0625,1.9115634612953516,1.974063461295352,-4.440892098500626e-16,quality,-1119.2,-883.6944341804198,-2.7355555555555533,1.0,1.0,-0.05187307740929581,0.0,0.0,-0.0625,73,229.10000000000002,True,False,completed,1.0,1.0,1119.2,1119.2,883.6944341804198,2.735555555555553,0.39240321611582735,0.05187307740929581,0.33039999999999997,0.25686666666666674,0.75,0,0.0,0,0,0,0.0,1,107,0,7,1833,183.3,0,0,0,0.0,0,0.0,0,0,40,0.0,0,{},0.0,20,1.0,53,20,134,40,39,126,85,41,2,124,0,85,2,39,2,2,0,124,17,18,0,33,0,124,0,0,85,2,39,84,6,1.5,0,10,2577,13.235017700004391,10.88503519997903,0.1599008999983198,0.2566707000078168,20.722406000000774,parallel_episode_batch,pending,0.0014649601255702536,0.0004967022184978194,0.4627920011194741,-0.002914608314224496,3.35858374139606e-06,0.0,1.0000489114261255,0.0723176881807243,0.0,0.2016802877187729,1.488297939300537,0.2682299315929413,0.008463560603559017,0.02531944215297699,1.4798344373703003,0.27054598927497864,0.9910896420478821,5e-05,-0.29933083057403564,-0.30179235339164734,-0.20179305970668793,-0.2013346254825592,-0.20101027190685272,0.30110064148902893,-0.302854061126709,-0.30274659395217896,-0.20037686824798584,-0.20155563950538635,-0.20428013801574707,0.017986223101615906,0.12079436331987381,0.01798621006309986,0.12083152681589127,0.0,1.4979313611984253,1.0082499980926514
443,443,88,3,88,45,train_balanced_1000088,1000088,balanced,balanced_cost,0.3333333333333333,0.3333333333333333,0.3333333333333333,group_anchor_3,283,283,0,0.0,283,0,0.0,0,0.0,1.7510678620419937,1.8135678620419937,-0.0625,1.7510678620419937,1.813567862041994,-2.220446049250313e-16,quality,-1016.4000000000001,-888.0958601509,-11.7013888888889,1.0,1.0,-0.3728642759160122,0.0,0.0,-0.0625,73,215.0,True,False,completed,1.0,1.0,1016.4000000000001,1016.4000000000001,888.0958601509,11.7013888888889,0.40832959803245017,0.3728642759160122,0.37129999999999996,0.2711833333333334,0.75,0,0.0,0,0,1,0.007751937984496124,1,101,0,4,1708,170.8,0,0,0,0.0,0,0.0,0,0,33,0.0,0,{},0.0,20,0.85,53,20,130,40,40,147,106,41,1,146,0,106,1,40,1,1,0,146,21,19,0,39,0,146,0,0,106,1,40,100,4,1.47,0,10,2577,13.235017700004391,10.88503519997903,0.16056149999349145,0.20104279997758567,20.722406000000774,parallel_episode_batch,pending,0.0014649601255702536,0.0004967022184978194,0.4627920011194741,-0.002914608314224496,3.35858374139606e-06,0.0,1.0000489114261255,0.0723176881807243,0.0,0.2016802877187729,1.488297939300537,0.2682299315929413,0.008463560603559017,0.02531944215297699,1.4798344373703003,0.27054598927497864,0.9910896420478821,5e-05,-0.29933083057403564,-0.30179235339164734,-0.20179305970668793,-0.2013346254825592,-0.20101027190685272,0.30110064148902893,-0.302854061126709,-0.30274659395217896,-0.20037686824798584,-0.20155563950538635,-0.20428013801574707,0.017986223101615906,0.12079436331987381,0.01798621006309986,0.12083152681589127,0.0,1.4979313611984253,1.0082499980926514
444,444,88,4,88,45,train_balanced_1000088,1000088,balanced,balanced_cost,0.5,0.3,0.2,group_anchor_4,274,274,0,0.0,274,0,0.0,0,0.0,1.7369443549607788,1.7994443549607788,-0.0625,1.7369443549607788,1.7994443549607784,4.440892098500626e-16,quality,-994.5999999999997,-855.5282649521092,-11.045833333333334,1.0,1.0,-0.40111129007844315,0.0,0.0,-0.0625,73,212.0,True,False,completed,1.0,1.0,994.5999999999997,994.5999999999997,855.5282649521092,11.045833333333334,0.40111129007844315,0.40111129007844315,0.37540000000000007,0.2736555957666667,0.75,0,0.0,0,0,3,0.024193548387096774,1,96,1,2,1695,169.5,0,0,0,0.0,0,0.0,0,0,35,0.0,0,{},0.0,19,0.9473684210526315,54,19,127,38,36,156,116,40,4,152,0,116,4,36,4,4,0,152,21,20,1,36,2,152,0,0,116,4,36,99,6,1.5757575757575757,0,10,2577,13.235017700004391,10.88503519997903,0.18027389999770094,0.2517938000091817,20.722406000000774,parallel_episode_batch,pending,0.0014649601255702536,0.0004967022184978194,0.4627920011194741,-0.002914608314224496,3.35858374139606e-06,0.0,1.0000489114261255,0.0723176881807243,0.0,0.2016802877187729,1.488297939300537,0.2682299315929413,0.008463560603559017,0.02531944215297699,1.4798344373703003,0.27054598927497864,0.9910896420478821,5e-05,-0.29933083057403564,-0.30179235339164734,-0.20179305970668793,-0.2013346254825592,-0.20101027190685272,0.30110064148902893,-0.302854061126709,-0.30274659395217896,-0.20037686824798584,-0.20155563950538635,-0.20428013801574707,0.017986223101615906,0.12079436331987381,0.01798621006309986,0.12083152681589127,0.0,1.4979313611984253,1.0082499980926514
445,445,89,0,89,45,train_high_arrival_pressure_1000089,1000089,high_arrival_pressure,downtime_dominant,1.0,0.0,0.0,group_anchor_0,245,245,0,0.0,245,0,0.0,0,0.0,1.689653813826434,1.752153813826434,-0.0625,1.689653813826434,1.752153813826434,0.0,quality,-1179.5000000000002,-853.3770586727103,-6.508888888888886,1.0,1.0,-0.49569237234713187,0.0,0.0,-0.0625,72,137.6,True,False,completed,1.0,1.0,1179.5000000000002,1179.5000000000002,853.3770586727103,6.508888888888888,0.4090161918590806,0.49569237234713187,0.41410000000000013,0.32241153556666674,0.75,0,0.0,0,0,0,0.0,1,75,0,0,1106,110.60000000000001,0,0,0,0.0,0,0.0,0,0,36,0.0,0,{},0.0,15,0.9333333333333333,57,15,115,30,28,143,112,31,3,140,0,112,3,28,3,3,0,140,15,16,0,28,0,140,0,0,112,3,28,96,7,1.4895833333333333,0,10,2577,13.235017700004391,10.88503519997903,0.1249628000005032,0.205249200007529,20.722406000000774,parallel_episode_batch,pending,0.0014649601255702536,0.0004967022184978194,0.4627920011194741,-0.002914608314224496,3.35858374139606e-06,0.0,1.0000489114261255,0.0723176881807243,0.0,0.2016802877187729,1.488297939300537,0.2682299315929413,0.008463560603559017,0.02531944215297699,1.4798344373703003,0.27054598927497864,0.9910896420478821,5e-05,-0.29933083057403564,-0.30179235339164734,-0.20179305970668793,-0.2013346254825592,-0.20101027190685272,0.30110064148902893,-0.302854061126709,-0.30274659395217896,-0.20037686824798584,-0.20155563950538635,-0.20428013801574707,0.017986223101615906,0.12079436331987381,0.01798621006309986,0.12083152681589127,0.0,1.4979313611984253,1.0082499980926514
446,446,89,1,89,45,train_high_arrival_pressure_1000089,1000089,high_arrival_pressure,downtime_dominant,0.0,1.0,0.0,group_anchor_1,229,229,0,0.0,229,0,0.0,0,0.0,1.735135427025869,1.797635427025869,-0.0625,1.735135427025869,1.7976354270258688,2.220446049250313e-16,quality,-1302.7,-679.90754661253,-20.282222222222227,1.0,1.0,-0.40472914594826237,0.0,0.0,-0.0625,72,146.70000000000002,True,False,completed,1.0,1.0,1302.7,1302.7,679.90754661253,20.282222222222227,0.4393941721974054,0.40472914594826237,0.3148,0.21887737235000004,0.75,0,0.0,0,0,0,0.0,1,59,0,3,1132,113.2,0,0,0,0.0,0,0.0,0,0,39,0.0,0,{},0.0,12,0.8333333333333334,60,12,110,24,23,99,74,25,2,97,0,74,2,23,2,2,0,97,11,13,0,22,0,97,0,0,74,2,23,66,8,1.5,0,10,2577,13.235017700004391,10.88503519997903,0.14995270000508754,0.289012700006424,20.722406000000774,parallel_episode_batch,pending,0.0014649601255702536,0.0004967022184978194,0.4627920011194741,-0.002914608314224496,3.35858374139606e-06,0.0,1.0000489114261255,0.0723176881807243,0.0,0.2016802877187729,1.488297939300537,0.2682299315929413,0.008463560603559017,0.02531944215297699,1.4798344373703003,0.27054598927497864,0.9910896420478821,5e-05,-0.29933083057403564,-0.30179235339164734,-0.20179305970668793,-0.2013346254825592,-0.20101027190685272,0.30110064148902893,-0.302854061126709,-0.30274659395217896,-0.20037686824798584,-0.20155563950538635,-0.20428013801574707,0.017986223101615906,0.12079436331987381,0.01798621006309986,0.12083152681589127,0.0,1.4979313611984253,1.0082499980926514
447,447,89,2,89,45,train_high_arrival_pressure_1000089,1000089,high_arrival_pressure,downtime_dominant,0.0,0.0,1.0,group_anchor_2,229,229,0,0.0,229,0,0.0,0,0.0,1.9262452822504008,1.9887452822504008,-0.0625,1.9262452822504008,1.9887452822504006,2.220446049250313e-16,quality,-1363.6,-705.3816070610297,-1.1513888888888895,1.0,1.0,-0.022509435499199017,0.0,0.0,-0.0625,72,180.9,True,False,completed,1.0,1.0,1363.6,1363.6,705.3816070610297,1.1513888888888895,0.39454230731263107,0.022509435499199013,0.3156049793000001,0.21567820223333337,0.75,0,0.0,0,0,0,0.0,2,68,0,4,1567,156.70000000000002,0,0,0,0.0,0,0.0,0,0,38,0.0,0,{},0.0,12,0.9166666666666666,60,12,110,24,23,92,69,23,0,92,0,69,0,23,0,0,0,92,9,9,1,17,0,92,0,0,69,0,23,69,4,1.3333333333333333,0,10,2577,13.235017700004391,10.88503519997903,0.10530350000044564,0.3361915999194025,20.722406000000774,parallel_episode_batch,pending,0.0014649601255702536,0.0004967022184978194,0.4627920011194741,-0.002914608314224496,3.35858374139606e-06,0.0,1.0000489114261255,0.0723176881807243,0.0,0.2016802877187729,1.488297939300537,0.2682299315929413,0.008463560603559017,0.02531944215297699,1.4798344373703003,0.27054598927497864,0.9910896420478821,5e-05,-0.29933083057403564,-0.30179235339164734,-0.20179305970668793,-0.2013346254825592,-0.20101027190685272,0.30110064148902893,-0.302854061126709,-0.30274659395217896,-0.20037686824798584,-0.20155563950538635,-0.20428013801574707,0.017986223101615906,0.12079436331987381,0.01798621006309986,0.12083152681589127,0.0,1.4979313611984253,1.0082499980926514
448,448,89,3,89,45,train_high_arrival_pressure_1000089,1000089,high_arrival_pressure,downtime_dominant,0.3333333333333333,0.3333333333333333,0.3333333333333333,group_anchor_3,253,253,0,0.0,253,0,0.0,0,0.0,1.7526981730457747,1.8151981730457747,-0.0625,1.7526981730457747,1.8151981730457742,4.440892098500626e-16,quality,-1259.2000000000003,-902.8025237157608,-6.968055555555558,1.0,1.0,-0.3696036539084516,0.0,0.0,-0.0625,72,147.5,True,False,completed,1.0,1.0,1259.2000000000003,1259.2000000000003,902.8025237157608,6.968055555555558,0.42281906167759664,0.3696036539084516,0.25750000000000006,0.2244115355666667,0.75,0,0.0,0,0,0,0.0,1,81,0,3,1152,115.2,0,0,0,0.0,0,0.0,0,0,35,0.0,0,{},0.0,16,1.0,56,16,118,32,31,131,99,32,1,130,0,99,1,31,1,1,0,130,17,15,0,31,0,130,0,0,99,1,31,87,4,1.5057471264367817,0,10,2577,13.235017700004391,10.88503519997903,0.13811980000173207,0.2297595999625628,20.722406000000774,parallel_episode_batch,pending,0.0014649601255702536,0.0004967022184978194,0.4627920011194741,-0.002914608314224496,3.35858374139606e-06,0.0,1.0000489114261255,0.0723176881807243,0.0,0.2016802877187729,1.488297939300537,0.2682299315929413,0.008463560603559017,0.02531944215297699,1.4798344373703003,0.27054598927497864,0.9910896420478821,5e-05,-0.29933083057403564,-0.30179235339164734,-0.20179305970668793,-0.2013346254825592,-0.20101027190685272,0.30110064148902893,-0.302854061126709,-0.30274659395217896,-0.20037686824798584,-0.20155563950538635,-0.20428013801574707,0.017986223101615906,0.12079436331987381,0.01798621006309986,0.12083152681589127,0.0,1.4979313611984253,1.0082499980926514
449,449,89,4,89,45,train_high_arrival_pressure_1000089,1000089,high_arrival_pressure,downtime_dominant,0.5,0.3,0.2,group_anchor_4,245,245,0,0.0,245,0,0.0,0,0.0,1.7259297608237323,1.7884297608237323,-0.0625,1.7259297608237323,1.7884297608237323,0.0,quality,-1182.5999999999997,-910.4714251839406,-9.522222222222227,1.0,1.0,-0.42314047835253565,0.0,0.0,-0.0625,72,145.9,True,False,completed,1.0,1.0,1182.5999999999997,1182.5999999999997,910.4714251839406,9.522222222222227,0.42314047835253565,0.42314047835253565,0.33320000000000005,0.27331153556666676,0.75,0,0.0,0,0,0,0.0,1,82,0,0,1120,112.0,0,0,0,0.0,0,0.0,0,0,35,0.0,0,{},0.0,16,1.0,56,16,112,32,29,126,93,33,4,122,0,93,4,29,4,4,0,122,16,17,0,29,0,122,0,0,93,4,29,88,4,1.4318181818181819,0,10,2577,13.235017700004391,10.88503519997903,0.13817610000114655,0.19021500001690583,20.722406000000774,parallel_episode_batch,pending,0.0014649601255702536,0.0004967022184978194,0.4627920011194741,-0.002914608314224496,3.35858374139606e-06,0.0,1.0000489114261255,0.0723176881807243,0.0,0.2016802877187729,1.488297939300537,0.2682299315929413,0.008463560603559017,0.02531944215297699,1.4798344373703003,0.27054598927497864,0.9910896420478821,5e-05,-0.29933083057403564,-0.30179235339164734,-0.20179305970668793,-0.2013346254825592,-0.20101027190685272,0.30110064148902893,-0.302854061126709,-0.30274659395217896,-0.20037686824798584,-0.20155563950538635,-0.20428013801574707,0.017986223101615906,0.12079436331987381,0.01798621006309986,0.12083152681589127,0.0,1.4979313611984253,1.0082499980926514
450,450,90,0,90,46,train_worker_bottleneck_1000090,1000090,worker_bottleneck,downtime_dominant,1.0,0.0,0.0,group_anchor_0,305,305,0,0.0,305,0,0.0,0,0.0,1.666455201098985,1.728955201098985,-0.0625,1.666455201098985,1.728955201098985,0.0,quality,-1420.6000000000004,-1362.5970451597987,-13.958888888888888,1.0,1.0,-0.5420895978020301,0.0,0.0,-0.0625,75,155.8,True,False,completed,1.0,1.0,1420.6000000000004,1420.6000000000004,1362.5970451597987,13.958888888888888,0.48771545443163605,0.5420895978020301,0.6340678302999999,0.5368454606999998,0.75,1,0.008771929824561403,0,0,7,0.051094890510948905,1,113,2,0,1116,111.60000000000001,0,0,0,0.0,0,0.0,0,0,46,0.0,0,{},0.0,25,0.96,50,25,133,50,47,185,132,53,6,179,0,132,6,47,6,6,0,179,28,26,2,46,3,179,0,0,132,6,47,113,6,1.6371681415929205,0,10,2966,15.543057100003352,12.603907299984712,0.15096189999894705,0.1964292000120622,24.305983699996432,parallel_episode_batch,not_promoted,0.0021320413897170667,0.00037226440466103203,0.45048002549942506,-0.0021866273402454373,2.0557214248036812e-06,0.0,0.9999712978271728,0.059579310998162056,0.0,0.16717012226581573,1.5369759798049927,0.22984741628170013,0.007160964887589216,0.021407393738627434,1.5298150777816772,0.23137876391410828,0.9913254380226135,5e-05,-0.299280047416687,-0.30184438824653625,-0.20178170502185822,-0.20136699080467224,-0.20101970434188843,0.30106016993522644,-0.3029240071773529,-0.3029436469078064,-0.20025774836540222,-0.20157727599143982,-0.2044975906610489,0.017986223101615906,0.12074434757232666,0.01798621006309986,0.12079263478517532,0.0,1.4977214336395264,1.0084375143051147
451,451,90,1,90,46,train_worker_bottleneck_1000090,1000090,worker_bottleneck,downtime_dominant,0.0,1.0,0.0,group_anchor_1,281,281,0,0.0,281,0,0.0,0,0.0,1.6779904767240497,1.7404904767240497,-0.0625,1.6779904767240497,1.7404904767240494,2.220446049250313e-16,quality,-1515.0999999999992,-1079.08440621424,-6.065833333333335,1.0,1.0,-0.519019046551901,0.0,0.0,-0.0625,75,160.20000000000002,True,False,completed,1.0,1.0,1515.0999999999992,1515.0999999999992,1079.08440621424,6.065833333333335,0.4563576309367414,0.519019046551901,0.5134564470000003,0.42659546070000004,0.75,0,0.0,2,2,10,0.04032258064516129,0,99,2,0,1212,121.2,0,0,0,0.0,0,0.0,0,0,49,0.0,0,{},1.6,20,1.0,55,20,128,40,38,128,88,40,2,126,0,88,2,38,2,2,0,126,18,20,2,32,1,126,0,0,88,2,38,87,9,1.471264367816092,0,10,2966,15.543057100003352,12.603907299984712,0.18400839999958407,0.2518640000052983,24.305983699996432,parallel_episode_batch,not_promoted,0.0021320413897170667,0.00037226440466103203,0.45048002549942506,-0.0021866273402454373,2.0557214248036812e-06,0.0,0.9999712978271728,0.059579310998162056,0.0,0.16717012226581573,1.5369759798049927,0.22984741628170013,0.007160964887589216,0.021407393738627434,1.5298150777816772,0.23137876391410828,0.9913254380226135,5e-05,-0.299280047416687,-0.30184438824653625,-0.20178170502185822,-0.20136699080467224,-0.20101970434188843,0.30106016993522644,-0.3029240071773529,-0.3029436469078064,-0.20025774836540222,-0.20157727599143982,-0.2044975906610489,0.017986223101615906,0.12074434757232666,0.01798621006309986,0.12079263478517532,0.0,1.4977214336395264,1.0084375143051147
452,452,90,2,90,46,train_worker_bottleneck_1000090,1000090,worker_bottleneck,downtime_dominant,0.0,0.0,1.0,group_anchor_2,276,276,0,0.0,276,0,0.0,0,0.0,1.929634057317213,1.992134057317213,-0.0625,1.929634057317213,1.9921340573172133,-2.220446049250313e-16,quality,-1569.0000000000007,-1077.6814774441405,-0.7991666666666677,1.0,1.0,-0.015731885365573604,0.0,0.0,-0.0625,75,158.5,True,False,completed,1.0,1.0,1569.0000000000007,1569.0000000000007,1077.6814774441405,0.7991666666666677,0.44206993437627645,0.015731885365573604,0.5119577799000002,0.4362954607000001,0.75,0,0.0,0,0,0,0.0,1,100,0,1,1217,121.7,0,0,0,0.0,0,0.0,0,0,51,0.0,0,{},0.0,20,1.0,55,20,125,40,36,114,77,37,1,113,0,77,1,36,1,1,0,113,19,15,2,31,0,113,0,0,77,1,36,83,4,1.3734939759036144,0,10,2966,15.543057100003352,12.603907299984712,0.13727010000002338,0.2554716000086046,24.305983699996432,parallel_episode_batch,not_promoted,0.0021320413897170667,0.00037226440466103203,0.45048002549942506,-0.0021866273402454373,2.0557214248036812e-06,0.0,0.9999712978271728,0.059579310998162056,0.0,0.16717012226581573,1.5369759798049927,0.22984741628170013,0.007160964887589216,0.021407393738627434,1.5298150777816772,0.23137876391410828,0.9913254380226135,5e-05,-0.299280047416687,-0.30184438824653625,-0.20178170502185822,-0.20136699080467224,-0.20101970434188843,0.30106016993522644,-0.3029240071773529,-0.3029436469078064,-0.20025774836540222,-0.20157727599143982,-0.2044975906610489,0.017986223101615906,0.12074434757232666,0.01798621006309986,0.12079263478517532,0.0,1.4977214336395264,1.0084375143051147
453,453,90,3,90,46,train_worker_bottleneck_1000090,1000090,worker_bottleneck,downtime_dominant,0.3333333333333333,0.3333333333333333,0.3333333333333333,group_anchor_3,258,258,0,0.0,258,0,0.0,0,0.0,1.770056449639502,1.832556449639502,-0.0625,1.770056449639502,1.8325564496395017,2.220446049250313e-16,quality,-1352.7,-823.9289556953402,-1.178055555555554,1.0,1.0,-0.3348871007209967,0.0,0.0,-0.0625,75,154.3,True,False,completed,1.0,1.0,1352.7,1352.7,823.9289556953402,1.178055555555554,0.4050784158181975,0.3348871007209967,0.4931984426,0.32707879403333334,0.75,0,0.0,0,0,8,0.032388663967611336,1,79,1,1,1279,127.9,0,0,0,0.0,0,0.0,0,0,48,0.0,0,{},0.0,16,1.0,59,16,121,32,30,124,91,33,3,121,0,91,3,30,3,3,0,121,15,14,0,26,1,121,0,0,91,3,30,81,5,1.5308641975308641,0,10,2966,15.543057100003352,12.603907299984712,0.16568939999706345,0.24206560004677158,24.305983699996432,parallel_episode_batch,not_promoted,0.0021320413897170667,0.00037226440466103203,0.45048002549942506,-0.0021866273402454373,2.0557214248036812e-06,0.0,0.9999712978271728,0.059579310998162056,0.0,0.16717012226581573,1.5369759798049927,0.22984741628170013,0.007160964887589216,0.021407393738627434,1.5298150777816772,0.23137876391410828,0.9913254380226135,5e-05,-0.299280047416687,-0.30184438824653625,-0.20178170502185822,-0.20136699080467224,-0.20101970434188843,0.30106016993522644,-0.3029240071773529,-0.3029436469078064,-0.20025774836540222,-0.20157727599143982,-0.2044975906610489,0.017986223101615906,0.12074434757232666,0.01798621006309986,0.12079263478517532,0.0,1.4977214336395264,1.0084375143051147
454,454,90,4,90,46,train_worker_bottleneck_1000090,1000090,worker_bottleneck,downtime_dominant,0.5,0.3,0.2,group_anchor_4,304,304,0,0.0,304,0,0.0,0,0.0,1.6966514767292016,1.7591514767292016,-0.06249999999999997,1.6966514767292016,1.7591514767292018,-2.220446049250313e-16,quality,-1397.3999999999999,-1317.2949692513898,-13.354722222222227,1.0,1.0,-0.48169704654159623,0.0,0.0,-0.06249999999999997,75,156.10000000000002,True,False,completed,1.0,1.0,1397.3999999999999,1397.3999999999999,1317.2949692513898,13.354722222222227,0.48169704654159623,0.48169704654159623,0.6124678303,0.5351621273666668,0.75,0,0.0,1,1,3,0.018633540372670808,0,108,1,0,1168,116.80000000000001,0,0,0,0.0,0,0.0,0,0,47,0.0,0,{},1.0,24,0.9166666666666666,51,24,136,48,45,177,123,54,9,168,0,123,9,45,9,9,0,168,26,28,2,42,1,168,0,0,123,9,45,105,12,1.6857142857142857,0,10,2966,15.543057100003352,12.603907299984712,0.15936710000096355,0.27073709996329853,24.305983699996432,parallel_episode_batch,not_promoted,0.0021320413897170667,0.00037226440466103203,0.45048002549942506,-0.0021866273402454373,2.0557214248036812e-06,0.0,0.9999712978271728,0.059579310998162056,0.0,0.16717012226581573,1.5369759798049927,0.22984741628170013,0.007160964887589216,0.021407393738627434,1.5298150777816772,0.23137876391410828,0.9913254380226135,5e-05,-0.299280047416687,-0.30184438824653625,-0.20178170502185822,-0.20136699080467224,-0.20101970434188843,0.30106016993522644,-0.3029240071773529,-0.3029436469078064,-0.20025774836540222,-0.20157727599143982,-0.2044975906610489,0.017986223101615906,0.12074434757232666,0.01798621006309986,0.12079263478517532,0.0,1.4977214336395264,1.0084375143051147
455,455,91,0,91,46,train_reconfiguration_bottleneck_1000091,1000091,reconfiguration_bottleneck,labor_dominant,1.0,0.0,0.0,group_anchor_0,336,336,0,0.0,336,0,0.0,0,0.0,1.6832404980340758,1.7457404980340758,-0.0625,1.6832404980340758,1.745740498034076,-2.220446049250313e-16,quality,-1241.5999999999997,-1307.5959021582305,-15.955833333333315,1.0000000000000002,1.0,-0.5085190039318479,0.0,0.0,-0.0625,77,192.0,True,False,completed,1.0,1.0,1241.5999999999997,1241.5999999999997,1307.5959021582305,15.955833333333318,0.4726374587671486,0.5085190039318479,0.7498999999999996,0.6734852950333331,0.75,22,0.15172413793103448,5,5,33,0.25190839694656486,0,123,1,0,1173,117.30000000000001,0,0,0,0.0,0,0.0,0,0,44,0.0,0,{},10.5,27,1.0,50,27,146,54,59,213,143,70,11,202,0,143,11,59,11,11,0,202,33,42,0,59,23,202,0,0,143,11,59,115,9,1.8521739130434782,0,10,2966,15.543057100003352,12.603907299984712,0.48384039999655215,0.27328949994262075,24.305983699996432,parallel_episode_batch,not_promoted,0.0021320413897170667,0.00037226440466103203,0.45048002549942506,-0.0021866273402454373,2.0557214248036812e-06,0.0,0.9999712978271728,0.059579310998162056,0.0,0.16717012226581573,1.5369759798049927,0.22984741628170013,0.007160964887589216,0.021407393738627434,1.5298150777816772,0.23137876391410828,0.9913254380226135,5e-05,-0.299280047416687,-0.30184438824653625,-0.20178170502185822,-0.20136699080467224,-0.20101970434188843,0.30106016993522644,-0.3029240071773529,-0.3029436469078064,-0.20025774836540222,-0.20157727599143982,-0.2044975906610489,0.017986223101615906,0.12074434757232666,0.01798621006309986,0.12079263478517532,0.0,1.4977214336395264,1.0084375143051147
456,456,91,1,91,46,train_reconfiguration_bottleneck_1000091,1000091,reconfiguration_bottleneck,labor_dominant,0.0,1.0,0.0,group_anchor_1,296,296,0,0.0,296,0,0.0,0,0.0,1.6876317796757407,1.7501317796757407,-0.0625,1.6876317796757407,1.7501317796757405,2.220446049250313e-16,quality,-1351.3,-998.9463180095609,-6.52138888888888,1.0000000000000002,1.0,-0.4997364406485192,0.0,0.0,-0.0625,77,196.20000000000002,True,False,completed,1.0,1.0,1351.3,1351.3,998.9463180095609,6.52138888888888,0.43782253404152316,0.4997364406485192,0.5563765946000002,0.37562130143333344,0.75,0,0.0,0,0,2,0.006493506493506494,1,106,0,3,1519,151.9,0,0,0,0.0,0,0.0,0,0,44,0.0,0,{},0.0,22,0.9090909090909091,55,22,136,44,39,127,84,43,4,123,0,84,4,39,4,4,0,123,19,20,0,35,0,123,0,0,84,4,39,79,11,1.6075949367088607,0,10,2966,15.543057100003352,12.603907299984712,0.48458809999283403,0.41021870002441574,24.305983699996432,parallel_episode_batch,not_promoted,0.0021320413897170667,0.00037226440466103203,0.45048002549942506,-0.0021866273402454373,2.0557214248036812e-06,0.0,0.9999712978271728,0.059579310998162056,0.0,0.16717012226581573,1.5369759798049927,0.22984741628170013,0.007160964887589216,0.021407393738627434,1.5298150777816772,0.23137876391410828,0.9913254380226135,5e-05,-0.299280047416687,-0.30184438824653625,-0.20178170502185822,-0.20136699080467224,-0.20101970434188843,0.30106016993522644,-0.3029240071773529,-0.3029436469078064,-0.20025774836540222,-0.20157727599143982,-0.2044975906610489,0.017986223101615906,0.12074434757232666,0.01798621006309986,0.12079263478517532,0.0,1.4977214336395264,1.0084375143051147
457,457,91,2,91,46,train_reconfiguration_bottleneck_1000091,1000091,reconfiguration_bottleneck,labor_dominant,0.0,0.0,1.0,group_anchor_2,301,301,0,0.0,301,0,0.0,0,0.0,1.9301863449242362,1.9926863449242362,-0.0625,1.9301863449242362,1.9926863449242358,4.440892098500626e-16,quality,-1360.8000000000002,-973.63339563536,-0.7422222222222215,1.0000000000000002,1.0,-0.014627310151528426,0.0,0.0,-0.0625,77,182.60000000000002,True,False,completed,1.0,1.0,1360.8000000000002,1360.8000000000002,973.63339563536,0.7422222222222229,0.41661976781187854,0.014627310151528435,0.4142765946000001,0.3475851477833334,0.75,0,0.0,0,0,0,0.0,1,111,0,5,1348,134.8,0,0,0,0.0,0,0.0,0,0,52,0.0,0,{},0.0,22,1.0,55,22,140,44,40,133,92,41,1,132,0,92,1,40,1,1,0,132,19,17,2,33,0,132,0,0,92,1,40,93,4,1.4301075268817205,0,10,2966,15.543057100003352,12.603907299984712,0.4767113999987487,0.43901540007937,24.305983699996432,parallel_episode_batch,not_promoted,0.0021320413897170667,0.00037226440466103203,0.45048002549942506,-0.0021866273402454373,2.0557214248036812e-06,0.0,0.9999712978271728,0.059579310998162056,0.0,0.16717012226581573,1.5369759798049927,0.22984741628170013,0.007160964887589216,0.021407393738627434,1.5298150777816772,0.23137876391410828,0.9913254380226135,5e-05,-0.299280047416687,-0.30184438824653625,-0.20178170502185822,-0.20136699080467224,-0.20101970434188843,0.30106016993522644,-0.3029240071773529,-0.3029436469078064,-0.20025774836540222,-0.20157727599143982,-0.2044975906610489,0.017986223101615906,0.12074434757232666,0.01798621006309986,0.12079263478517532,0.0,1.4977214336395264,1.0084375143051147
458,458,91,3,91,46,train_reconfiguration_bottleneck_1000091,1000091,reconfiguration_bottleneck,labor_dominant,0.3333333333333333,0.3333333333333333,0.3333333333333333,group_anchor_3,341,341,0,0.0,341,0,0.0,0,0.0,1.7426811528452157,1.8051811528452157,-0.0625,1.7426811528452157,1.8051811528452164,-6.661338147750939e-16,quality,-1296.4999999999995,-1360.099053800351,-3.9547222222222116,1.0000000000000002,1.0,-0.38963769430956724,0.0,0.0,-0.0625,77,192.20000000000002,True,False,completed,1.0,1.0,1296.4999999999995,1296.4999999999995,1360.099053800351,3.954722222222213,0.44720963099190336,0.38963769430956724,0.7498999999999998,0.7177362102166666,0.75,21,0.14685314685314685,2,2,29,0.15263157894736842,0,122,3,1,1192,119.2,0,0,0,0.0,0,0.0,0,0,42,0.0,0,{},1.0,29,1.0,48,29,148,58,58,190,115,75,17,173,0,115,17,58,17,17,0,173,35,36,1,51,17,173,0,0,115,17,58,102,11,1.8627450980392157,0,10,2966,15.543057100003352,12.603907299984712,0.4652533999978914,0.34208189999480965,24.305983699996432,parallel_episode_batch,not_promoted,0.0021320413897170667,0.00037226440466103203,0.45048002549942506,-0.0021866273402454373,2.0557214248036812e-06,0.0,0.9999712978271728,0.059579310998162056,0.0,0.16717012226581573,1.5369759798049927,0.22984741628170013,0.007160964887589216,0.021407393738627434,1.5298150777816772,0.23137876391410828,0.9913254380226135,5e-05,-0.299280047416687,-0.30184438824653625,-0.20178170502185822,-0.20136699080467224,-0.20101970434188843,0.30106016993522644,-0.3029240071773529,-0.3029436469078064,-0.20025774836540222,-0.20157727599143982,-0.2044975906610489,0.017986223101615906,0.12074434757232666,0.01798621006309986,0.12079263478517532,0.0,1.4977214336395264,1.0084375143051147
459,459,91,4,91,46,train_reconfiguration_bottleneck_1000091,1000091,reconfiguration_bottleneck,labor_dominant,0.5,0.3,0.2,group_anchor_4,268,268,0,0.0,268,0,0.0,0,0.0,1.7449667554214816,1.8074667554214816,-0.0625,1.7449667554214816,1.8074667554214816,0.0,quality,-1068.1999999999998,-763.2093163010002,-5.474722222222226,1.0000000000000002,1.0,-0.38506648915703656,0.0,0.0,-0.0625,77,167.10000000000002,True,False,completed,1.0,1.0,1068.1999999999998,1068.1999999999998,763.2093163010002,5.474722222222226,0.38506648915703656,0.38506648915703656,0.48947659460000004,0.34483247471666667,0.75,0,0.0,0,0,0,0.0,1,87,0,3,1255,125.5,0,0,0,0.0,0,0.0,0,0,52,0.0,0,{},0.0,17,1.0,60,17,123,34,34,136,100,36,2,134,0,100,2,34,2,2,0,134,17,16,0,31,0,134,0,0,100,2,34,93,5,1.4623655913978495,0,10,2966,15.543057100003352,12.603907299984712,0.4958535000041593,0.22546899990265956,24.305983699996432,parallel_episode_batch,not_promoted,0.0021320413897170667,0.00037226440466103203,0.45048002549942506,-0.0021866273402454373,2.0557214248036812e-06,0.0,0.9999712978271728,0.059579310998162056,0.0,0.16717012226581573,1.5369759798049927,0.22984741628170013,0.007160964887589216,0.021407393738627434,1.5298150777816772,0.23137876391410828,0.9913254380226135,5e-05,-0.299280047416687,-0.30184438824653625,-0.20178170502185822,-0.20136699080467224,-0.20101970434188843,0.30106016993522644,-0.3029240071773529,-0.3029436469078064,-0.20025774836540222,-0.20157727599143982,-0.2044975906610489,0.017986223101615906,0.12074434757232666,0.01798621006309986,0.12079263478517532,0.0,1.4977214336395264,1.0084375143051147
460,460,92,0,92,47,train_balanced_1000092,1000092,balanced,downtime_dominant,1.0,0.0,0.0,group_anchor_0,174,174,0,0.0,174,0,0.0,0,0.0,1.7585616438356162,1.8210616438356162,-0.0625,1.7585616438356162,1.8210616438356164,-2.220446049250313e-16,quality,-668.8,-437.70701701857985,-11.305555555555555,0.9999999999999997,1.0,-0.3578767123287671,0.0,0.0,-0.0625,56,220.5,True,False,completed,1.0,1.0,668.8,668.8,437.70701701857985,11.305555555555555,0.3071554004334953,0.3578767123287671,0.187,0.15182110443333333,0.75,0,0.0,0,0,0,0.0,3,48,0,0,1854,185.4,0,0,0,0.0,0,0.0,0,0,18,0.0,0,{},0.0,8,1.0,48,8,86,16,16,99,83,16,0,99,0,83,0,16,0,0,0,99,8,8,0,16,0,99,0,0,83,0,16,70,4,1.4142857142857144,0,10,2643,14.187085000005027,10.878744000008737,0.10225279999576742,0.1382544999869424,19.390246099996148,parallel_episode_batch,pending,-0.0058879289620866375,0.0005433254522185529,0.3977198480140595,-0.00959346453947503,1.3617801520754688e-05,0.0,1.000089059273402,0.08003072478320628,0.0,0.20297789573669434,1.423170566558838,0.24766479432582855,0.004931799601763487,0.026363829150795937,1.418238878250122,0.25730568170547485,0.9886685013771057,5e-05,-0.29906582832336426,-0.30190372467041016,-0.20186969637870789,-0.20140938460826874,-0.20116174221038818,0.3008853793144226,-0.3029554486274719,-0.3029475808143616,-0.20016512274742126,-0.2015811651945114,-0.2045430839061737,0.017986223101615906,0.12062852829694748,0.01798621006309986,0.12073316425085068,0.0,1.4978595972061157,1.0087393522262573
461,461,92,1,92,47,train_balanced_1000092,1000092,balanced,downtime_dominant,0.0,1.0,0.0,group_anchor_1,168,168,0,0.0,168,0,0.0,0,0.0,1.7981606762084283,1.8606606762084283,-0.0625,1.7981606762084283,1.8606606762084286,-2.220446049250313e-16,quality,-914.0999999999999,-386.34465297526987,-9.46472222222222,0.9999999999999997,1.0,-0.278678647583143,0.0,0.0,-0.0625,56,238.5,True,False,completed,1.0,1.0,914.0999999999999,914.0999999999999,386.34465297526987,9.464722222222221,0.331627947637927,0.278678647583143,0.20740000000000003,0.16671605625000005,0.75,0,0.0,0,0,4,0.015625,2,41,0,2,2128,212.8,0,0,0,0.0,0,0.0,0,0,15,0.0,0,{},0.0,7,1.0,49,7,85,14,13,55,42,13,0,55,0,42,0,13,0,0,0,55,5,5,0,10,0,55,0,0,42,0,13,41,3,1.3414634146341464,0,10,2643,14.187085000005027,10.878744000008737,0.09839559999818448,0.29959589997451985,19.390246099996148,parallel_episode_batch,pending,-0.0058879289620866375,0.0005433254522185529,0.3977198480140595,-0.00959346453947503,1.3617801520754688e-05,0.0,1.000089059273402,0.08003072478320628,0.0,0.20297789573669434,1.423170566558838,0.24766479432582855,0.004931799601763487,0.026363829150795937,1.418238878250122,0.25730568170547485,0.9886685013771057,5e-05,-0.29906582832336426,-0.30190372467041016,-0.20186969637870789,-0.20140938460826874,-0.20116174221038818,0.3008853793144226,-0.3029554486274719,-0.3029475808143616,-0.20016512274742126,-0.2015811651945114,-0.2045430839061737,0.017986223101615906,0.12062852829694748,0.01798621006309986,0.12073316425085068,0.0,1.4978595972061157,1.0087393522262573
462,462,92,2,92,47,train_balanced_1000092,1000092,balanced,downtime_dominant,0.0,0.0,1.0,group_anchor_2,175,175,0,0.0,175,0,0.0,0,0.0,1.8752410615707122,1.9377410615707122,-0.0625,1.8752410615707122,1.9377410615707122,0.0,quality,-792.5000000000003,-411.5120953383601,-7.1113888888888885,0.9999999999999997,1.0,-0.1245178768585756,0.0,0.0,-0.0625,56,227.4,True,False,completed,1.0,1.0,792.5000000000003,792.5000000000003,411.5120953383601,7.111388888888889,0.311236310787469,0.1245178768585756,0.21800000000000003,0.16337352886666667,0.75,0,0.0,0,0,0,0.0,2,46,0,1,2020,202.0,0,0,0,0.0,0,0.0,0,0,21,0.0,0,{},0.0,8,0.875,48,8,87,16,16,72,56,16,0,72,0,56,0,16,0,0,0,72,7,7,0,14,0,70,0,0,56,0,16,50,4,1.44,0,10,2643,14.187085000005027,10.878744000008737,0.12283310000202619,0.2684527999153943,19.390246099996148,parallel_episode_batch,pending,-0.0058879289620866375,0.0005433254522185529,0.3977198480140595,-0.00959346453947503,1.3617801520754688e-05,0.0,1.000089059273402,0.08003072478320628,0.0,0.20297789573669434,1.423170566558838,0.24766479432582855,0.004931799601763487,0.026363829150795937,1.418238878250122,0.25730568170547485,0.9886685013771057,5e-05,-0.29906582832336426,-0.30190372467041016,-0.20186969637870789,-0.20140938460826874,-0.20116174221038818,0.3008853793144226,-0.3029554486274719,-0.3029475808143616,-0.20016512274742126,-0.2015811651945114,-0.2045430839061737,0.017986223101615906,0.12062852829694748,0.01798621006309986,0.12073316425085068,0.0,1.4978595972061157,1.0087393522262573
463,463,92,3,92,47,train_balanced_1000092,1000092,balanced,downtime_dominant,0.3333333333333333,0.3333333333333333,0.3333333333333333,group_anchor_3,176,176,0,0.0,176,0,0.0,0,0.0,1.8070295203779403,1.8695295203779403,-0.0625,1.8070295203779403,1.86952952037794,2.220446049250313e-16,quality,-794.2000000000002,-480.79602103298004,-3.1847222222222222,0.9999999999999997,1.0,-0.26094095924411975,0.0,0.0,-0.0625,56,225.20000000000002,True,False,completed,1.0,1.0,794.2000000000002,794.2000000000002,480.79602103298004,3.1847222222222222,0.30850981159503466,0.26094095924411975,0.20780000000000004,0.16824019553333336,0.75,0,0.0,0,0,0,0.0,1,50,0,0,2021,202.10000000000002,0,0,0,0.0,0,0.0,0,0,15,0.0,0,{},0.0,9,1.0,47,9,86,18,16,84,66,18,2,82,0,66,2,16,2,2,0,82,8,9,0,15,0,82,0,0,66,2,16,57,7,1.4736842105263157,0,10,2643,14.187085000005027,10.878744000008737,0.10230349999619648,0.19754049995390233,19.390246099996148,parallel_episode_batch,pending,-0.0058879289620866375,0.0005433254522185529,0.3977198480140595,-0.00959346453947503,1.3617801520754688e-05,0.0,1.000089059273402,0.08003072478320628,0.0,0.20297789573669434,1.423170566558838,0.24766479432582855,0.004931799601763487,0.026363829150795937,1.418238878250122,0.25730568170547485,0.9886685013771057,5e-05,-0.29906582832336426,-0.30190372467041016,-0.20186969637870789,-0.20140938460826874,-0.20116174221038818,0.3008853793144226,-0.3029554486274719,-0.3029475808143616,-0.20016512274742126,-0.2015811651945114,-0.2045430839061737,0.017986223101615906,0.12062852829694748,0.01798621006309986,0.12073316425085068,0.0,1.4978595972061157,1.0087393522262573
464,464,92,4,92,47,train_balanced_1000092,1000092,balanced,downtime_dominant,0.5,0.3,0.2,group_anchor_4,196,196,0,0.0,196,0,0.0,0,0.0,1.7610976535866447,1.8235976535866447,-0.0625,1.7610976535866447,1.823597653586644,6.661338147750939e-16,quality,-726.5999999999998,-656.4877705525001,-14.658055555555562,0.9999999999999997,1.0,-0.3528046928267118,0.0,0.0,-0.0625,56,215.20000000000002,True,False,completed,1.0,1.0,726.5999999999998,726.5999999999998,656.4877705525001,14.658055555555562,0.3528046928267118,0.3528046928267118,0.3027,0.2081741392833333,0.75,0,0.0,0,0,0,0.0,2,65,0,0,1806,180.60000000000002,0,0,0,0.0,0,0.0,0,0,16,0.0,0,{},0.0,12,0.8333333333333334,44,12,93,24,23,102,79,23,0,102,0,79,0,23,0,0,0,102,12,11,1,22,0,102,0,0,79,0,23,73,4,1.3972602739726028,0,10,2643,14.187085000005027,10.878744000008737,0.13044239999726415,0.19793080003728392,19.390246099996148,parallel_episode_batch,pending,-0.0058879289620866375,0.0005433254522185529,0.3977198480140595,-0.00959346453947503,1.3617801520754688e-05,0.0,1.000089059273402,0.08003072478320628,0.0,0.20297789573669434,1.423170566558838,0.24766479432582855,0.004931799601763487,0.026363829150795937,1.418238878250122,0.25730568170547485,0.9886685013771057,5e-05,-0.29906582832336426,-0.30190372467041016,-0.20186969637870789,-0.20140938460826874,-0.20116174221038818,0.3008853793144226,-0.3029554486274719,-0.3029475808143616,-0.20016512274742126,-0.2015811651945114,-0.2045430839061737,0.017986223101615906,0.12062852829694748,0.01798621006309986,0.12073316425085068,0.0,1.4978595972061157,1.0087393522262573
465,465,93,0,93,47,train_reconfiguration_bottleneck_1000093,1000093,reconfiguration_bottleneck,fixed_cost_dominant,1.0,0.0,0.0,group_anchor_0,401,401,0,0.0,401,0,0.0,0,0.0,1.703010222143552,1.765510222143552,-0.0625,1.703010222143552,1.7655102221435524,-4.440892098500626e-16,quality,-1059.8000000000013,-1301.708767957754,-3.864722222222215,1.0,1.0,-0.4689795557128953,0.0,0.0,-0.0625,69,191.10000000000002,True,False,completed,1.0,1.0,1059.8000000000013,1059.8000000000013,1301.708767957754,3.864722222222215,0.4185015630203297,0.4689795557128953,0.7499,0.7451523094833329,0.75,197,0.44772727272727275,56,56,203,0.7147887323943662,0,96,4,1,1189,118.9,0,0,0,0.0,0,0.0,0,0,35,0.0,0,{},19.3,25,0.92,44,25,181,50,101,296,176,120,19,277,0,176,19,101,19,19,0,277,34,142,1,100,145,277,0,0,176,19,101,90,100,3.2888888888888888,0,10,2643,14.187085000005027,10.878744000008737,0.5639770999987377,0.42307779985276284,19.390246099996148,parallel_episode_batch,pending,-0.0058879289620866375,0.0005433254522185529,0.3977198480140595,-0.00959346453947503,1.3617801520754688e-05,0.0,1.000089059273402,0.08003072478320628,0.0,0.20297789573669434,1.423170566558838,0.24766479432582855,0.004931799601763487,0.026363829150795937,1.418238878250122,0.25730568170547485,0.9886685013771057,5e-05,-0.29906582832336426,-0.30190372467041016,-0.20186969637870789,-0.20140938460826874,-0.20116174221038818,0.3008853793144226,-0.3029554486274719,-0.3029475808143616,-0.20016512274742126,-0.2015811651945114,-0.2045430839061737,0.017986223101615906,0.12062852829694748,0.01798621006309986,0.12073316425085068,0.0,1.4978595972061157,1.0087393522262573
466,466,93,1,93,47,train_reconfiguration_bottleneck_1000093,1000093,reconfiguration_bottleneck,fixed_cost_dominant,0.0,1.0,0.0,group_anchor_1,294,294,0,0.0,294,0,0.0,0,0.0,1.6720147214812875,1.7345147214812875,-0.0625,1.6720147214812875,1.7345147214812875,0.0,quality,-1226.2,-1132.0623150725999,-3.18916666666667,1.0,1.0,-0.5309705570374249,0.0,0.0,-0.0625,69,189.0,True,False,completed,1.0,1.0,1226.2,1226.2,1132.0623150725999,3.18916666666667,0.4239826524156948,0.5309705570374249,0.6462000000000001,0.5122689761500001,0.75,5,0.045871559633027525,2,2,29,0.08708708708708708,0,104,3,8,1350,135.0,0,0,0,0.0,0,0.0,0,0,34,0.0,0,{},1.1,23,0.8695652173913043,46,23,135,46,44,138,84,54,10,128,0,84,10,44,10,10,0,128,22,30,0,40,8,128,0,0,84,10,44,73,11,1.8904109589041096,0,10,2643,14.187085000005027,10.878744000008737,0.569685100002971,0.3807917000813177,19.390246099996148,parallel_episode_batch,pending,-0.0058879289620866375,0.0005433254522185529,0.3977198480140595,-0.00959346453947503,1.3617801520754688e-05,0.0,1.000089059273402,0.08003072478320628,0.0,0.20297789573669434,1.423170566558838,0.24766479432582855,0.004931799601763487,0.026363829150795937,1.418238878250122,0.25730568170547485,0.9886685013771057,5e-05,-0.29906582832336426,-0.30190372467041016,-0.20186969637870789,-0.20140938460826874,-0.20116174221038818,0.3008853793144226,-0.3029554486274719,-0.3029475808143616,-0.20016512274742126,-0.2015811651945114,-0.2045430839061737,0.017986223101615906,0.12062852829694748,0.01798621006309986,0.12073316425085068,0.0,1.4978595972061157,1.0087393522262573
467,467,93,2,93,47,train_reconfiguration_bottleneck_1000093,1000093,reconfiguration_bottleneck,fixed_cost_dominant,0.0,0.0,1.0,group_anchor_2,367,367,0,0.0,367,0,0.0,0,0.0,1.90794310513358,1.97044310513358,-0.0625,1.90794310513358,1.9704431051335798,2.220446049250313e-16,quality,-1174.2999999999986,-1365.9662062517898,-3.141388888888887,1.0,1.0,-0.05911378973284052,0.0,0.0,-0.0625,69,180.8,True,False,completed,1.0,1.0,1174.2999999999986,1174.2999999999986,1365.9662062517898,3.141388888888885,0.43231860550417783,0.05911378973284052,0.749899999999999,0.7433353121499994,0.75,180,0.5732484076433121,35,35,67,0.3544973544973545,0,108,3,3,1112,111.2,0,0,0,0.0,0,0.0,0,0,35,0.0,0,{},16.400000000000002,26,1.0,43,26,165,52,81,222,127,95,14,208,0,127,14,81,14,14,0,208,29,100,3,77,96,208,0,0,127,14,81,85,44,2.611764705882353,0,10,2643,14.187085000005027,10.878744000008737,0.5706142999988515,0.3411787999502849,19.390246099996148,parallel_episode_batch,pending,-0.0058879289620866375,0.0005433254522185529,0.3977198480140595,-0.00959346453947503,1.3617801520754688e-05,0.0,1.000089059273402,0.08003072478320628,0.0,0.20297789573669434,1.423170566558838,0.24766479432582855,0.004931799601763487,0.026363829150795937,1.418238878250122,0.25730568170547485,0.9886685013771057,5e-05,-0.29906582832336426,-0.30190372467041016,-0.20186969637870789,-0.20140938460826874,-0.20116174221038818,0.3008853793144226,-0.3029554486274719,-0.3029475808143616,-0.20016512274742126,-0.2015811651945114,-0.2045430839061737,0.017986223101615906,0.12062852829694748,0.01798621006309986,0.12073316425085068,0.0,1.4978595972061157,1.0087393522262573
468,468,93,3,93,47,train_reconfiguration_bottleneck_1000093,1000093,reconfiguration_bottleneck,fixed_cost_dominant,0.3333333333333333,0.3333333333333333,0.3333333333333333,group_anchor_3,314,314,0,0.0,314,0,0.0,0,0.0,1.7387027620166235,1.8012027620166235,-0.06249999999999997,1.7387027620166235,1.8012027620166235,0.0,quality,-1094.499999999999,-1378.4548173298006,-7.884722222222231,1.0,1.0,-0.3975944759667531,0.0,0.0,-0.06249999999999997,69,214.70000000000002,True,False,completed,1.0,1.0,1094.499999999999,1094.499999999999,1378.4548173298006,7.884722222222229,0.4396156548592585,0.3975944759667531,0.7496745156999998,0.7419724753166665,0.75,19,0.13286713286713286,2,2,25,0.11682242990654206,0,124,4,2,1409,140.9,0,0,0,0.0,0,0.0,0,0,29,0.0,0,{},8.0,27,0.9259259259259259,42,27,140,54,51,160,100,60,9,151,0,100,9,51,9,9,0,151,29,32,3,47,17,151,0,0,100,9,51,90,11,1.7777777777777777,0,10,2643,14.187085000005027,10.878744000008737,0.5477452999984962,0.33440570013044635,19.390246099996148,parallel_episode_batch,pending,-0.0058879289620866375,0.0005433254522185529,0.3977198480140595,-0.00959346453947503,1.3617801520754688e-05,0.0,1.000089059273402,0.08003072478320628,0.0,0.20297789573669434,1.423170566558838,0.24766479432582855,0.004931799601763487,0.026363829150795937,1.418238878250122,0.25730568170547485,0.9886685013771057,5e-05,-0.29906582832336426,-0.30190372467041016,-0.20186969637870789,-0.20140938460826874,-0.20116174221038818,0.3008853793144226,-0.3029554486274719,-0.3029475808143616,-0.20016512274742126,-0.2015811651945114,-0.2045430839061737,0.017986223101615906,0.12062852829694748,0.01798621006309986,0.12073316425085068,0.0,1.4978595972061157,1.0087393522262573
469,469,93,4,93,47,train_reconfiguration_bottleneck_1000093,1000093,reconfiguration_bottleneck,fixed_cost_dominant,0.5,0.3,0.2,group_anchor_4,378,378,0,0.0,378,0,0.0,0,0.0,1.7312113192456215,1.7937113192456215,-0.06249999999999997,1.7312113192456215,1.7937113192456209,6.661338147750939e-16,quality,-1061.3000000000004,-1320.4282084954818,-1.8666666666666687,1.0,1.0,-0.41257736150875807,0.0,0.0,-0.06249999999999997,69,197.60000000000002,True,False,completed,1.0,1.0,1061.3000000000004,1061.3000000000004,1320.4282084954818,1.8666666666666687,0.41257736150875807,0.41257736150875807,0.7495999999999983,0.7399189761499995,0.75,179,0.5128939828080229,38,38,52,0.41935483870967744,0,95,4,2,1386,138.6,0,0,0,0.0,0,0.0,0,0,37,0.0,0,{},7.6000000000000005,26,0.9230769230769231,43,26,172,52,85,266,162,104,19,247,0,162,19,85,19,19,0,247,37,106,1,85,109,247,0,0,162,19,85,93,67,2.860215053763441,0,10,2643,14.187085000005027,10.878744000008737,0.5566297000041232,0.24835280001570936,19.390246099996148,parallel_episode_batch,pending,-0.0058879289620866375,0.0005433254522185529,0.3977198480140595,-0.00959346453947503,1.3617801520754688e-05,0.0,1.000089059273402,0.08003072478320628,0.0,0.20297789573669434,1.423170566558838,0.24766479432582855,0.004931799601763487,0.026363829150795937,1.418238878250122,0.25730568170547485,0.9886685013771057,5e-05,-0.29906582832336426,-0.30190372467041016,-0.20186969637870789,-0.20140938460826874,-0.20116174221038818,0.3008853793144226,-0.3029554486274719,-0.3029475808143616,-0.20016512274742126,-0.2015811651945114,-0.2045430839061737,0.017986223101615906,0.12062852829694748,0.01798621006309986,0.12073316425085068,0.0,1.4978595972061157,1.0087393522262573
470,470,94,0,94,48,train_worker_bottleneck_1000094,1000094,worker_bottleneck,downtime_dominant,1.0,0.0,0.0,group_anchor_0,242,242,0,0.0,242,0,0.0,0,0.0,1.6970380223202701,1.7595380223202701,-0.0625,1.6970380223202701,1.75953802232027,2.220446049250313e-16,quality,-1111.8,-1026.7219773022712,-5.143333333333332,0.9999999999999999,1.0,-0.4809239553594601,0.0,0.0,-0.0625,63,132.20000000000002,True,False,completed,1.0,1.0,1111.8,1111.8,1026.7219773022712,5.143333333333332,0.41109411739512,0.4809239553594601,0.4340649593,0.37311984793333336,0.75,0,0.0,0,0,0,0.0,1,84,0,1,978,97.80000000000001,0,0,0,0.0,0,0.0,0,0,40,0.0,0,{},0.0,18,0.8333333333333334,45,18,108,36,35,143,103,40,5,138,0,103,5,35,5,5,0,138,21,18,0,34,0,138,0,0,103,5,35,87,6,1.6436781609195403,0,10,2523,13.497362900001463,10.520524700084934,0.27294370000163326,0.14075029998639366,19.618995999997423,parallel_episode_batch,pending,0.002368168591056019,0.0004374247742816806,0.5048815719783306,-0.0024619346106192095,1.9963109849641114e-06,0.0,1.0000341348350048,0.07298294830834492,0.0,0.17679399251937866,1.5557928085327148,0.24881349503993988,0.009306713938713074,0.023468704894185066,1.5464861392974854,0.24700483679771423,0.9911032915115356,5e-05,-0.2989439368247986,-0.30157744884490967,-0.20164036750793457,-0.20118239521980286,-0.20094984769821167,0.30065852403640747,-0.30288416147232056,-0.30305951833724976,-0.2001798003911972,-0.20156636834144592,-0.2046453058719635,0.017986223101615906,0.12058296799659729,0.01798621006309986,0.12084464728832245,0.0,1.497389793395996,1.009221076965332
471,471,94,1,94,48,train_worker_bottleneck_1000094,1000094,worker_bottleneck,downtime_dominant,0.0,1.0,0.0,group_anchor_1,205,205,0,0.0,205,0,0.0,0,0.0,1.7483188002507688,1.8108188002507688,-0.0625,1.7483188002507688,1.8108188002507688,0.0,quality,-1491.8000000000002,-608.6543014663201,-8.511388888888888,0.9999999999999999,1.0,-0.37836239949846256,0.0,0.0,-0.0625,63,173.20000000000002,True,False,completed,1.0,1.0,1491.8000000000002,1491.8000000000002,608.6543014663201,8.511388888888888,0.4197026461094272,0.37836239949846256,0.32296495929999997,0.19008419706666668,0.75,0,0.0,0,0,4,0.008097165991902834,1,64,0,4,1439,143.9,0,0,0,0.0,0,0.0,0,0,28,0.0,0,{},0.0,12,0.9166666666666666,51,12,97,24,21,74,51,23,2,72,0,51,2,21,2,2,0,72,9,12,1,18,0,72,0,0,51,2,21,45,5,1.6444444444444444,0,10,2523,13.497362900001463,10.520524700084934,0.25842370000464143,0.6077751999546308,19.618995999997423,parallel_episode_batch,pending,0.002368168591056019,0.0004374247742816806,0.5048815719783306,-0.0024619346106192095,1.9963109849641114e-06,0.0,1.0000341348350048,0.07298294830834492,0.0,0.17679399251937866,1.5557928085327148,0.24881349503993988,0.009306713938713074,0.023468704894185066,1.5464861392974854,0.24700483679771423,0.9911032915115356,5e-05,-0.2989439368247986,-0.30157744884490967,-0.20164036750793457,-0.20118239521980286,-0.20094984769821167,0.30065852403640747,-0.30288416147232056,-0.30305951833724976,-0.2001798003911972,-0.20156636834144592,-0.2046453058719635,0.017986223101615906,0.12058296799659729,0.01798621006309986,0.12084464728832245,0.0,1.497389793395996,1.009221076965332
472,472,94,2,94,48,train_worker_bottleneck_1000094,1000094,worker_bottleneck,downtime_dominant,0.0,0.0,1.0,group_anchor_2,247,247,0,0.0,247,0,0.0,0,0.0,1.906601826369777,1.969101826369777,-0.0625,1.906601826369777,1.9691018263697773,-2.220446049250313e-16,quality,-1273.9999999999998,-1000.6340013574106,-3.2933333333333388,0.9999999999999999,1.0,-0.06179634726044543,0.0,0.0,-0.0625,63,149.5,True,False,completed,1.0,1.0,1273.9999999999998,1273.9999999999998,1000.6340013574106,3.2933333333333388,0.41988457328073,0.06179634726044543,0.46982267479999995,0.3462048866,0.75,0,0.0,0,0,2,0.006493506493506494,1,92,0,3,1213,121.30000000000001,0,0,0,0.0,0,0.0,0,0,38,0.0,0,{},0.0,19,0.9473684210526315,44,19,114,38,32,110,73,37,5,105,0,73,5,32,5,5,0,105,15,22,2,30,0,105,0,0,73,5,32,65,11,1.6923076923076923,0,10,2523,13.497362900001463,10.520524700084934,0.27738200000021607,0.24321689995849738,19.618995999997423,parallel_episode_batch,pending,0.002368168591056019,0.0004374247742816806,0.5048815719783306,-0.0024619346106192095,1.9963109849641114e-06,0.0,1.0000341348350048,0.07298294830834492,0.0,0.17679399251937866,1.5557928085327148,0.24881349503993988,0.009306713938713074,0.023468704894185066,1.5464861392974854,0.24700483679771423,0.9911032915115356,5e-05,-0.2989439368247986,-0.30157744884490967,-0.20164036750793457,-0.20118239521980286,-0.20094984769821167,0.30065852403640747,-0.30288416147232056,-0.30305951833724976,-0.2001798003911972,-0.20156636834144592,-0.2046453058719635,0.017986223101615906,0.12058296799659729,0.01798621006309986,0.12084464728832245,0.0,1.497389793395996,1.009221076965332
473,473,94,3,94,48,train_worker_bottleneck_1000094,1000094,worker_bottleneck,downtime_dominant,0.3333333333333333,0.3333333333333333,0.3333333333333333,group_anchor_3,248,248,0,0.0,248,0,0.0,0,0.0,1.7497582676594972,1.8122582676594972,-0.0625,1.7497582676594972,1.8122582676594972,0.0,quality,-1122.2,-1006.7647134617808,-8.242222222222228,0.9999999999999999,1.0,-0.3754834646810058,0.0,0.0,-0.0625,63,143.3,True,False,completed,1.0,1.0,1122.2,1122.2,1006.7647134617808,8.242222222222228,0.4204332196148451,0.3754834646810058,0.44510000000000005,0.34372155326666665,0.75,0,0.0,0,0,2,0.011494252873563218,1,85,0,1,1051,105.10000000000001,0,0,0,0.0,0,0.0,0,0,38,0.0,0,{},0.0,19,0.9473684210526315,44,19,110,38,37,131,89,42,5,126,0,89,5,37,5,5,0,126,19,20,0,34,0,126,0,0,89,5,37,79,7,1.6582278481012658,0,10,2523,13.497362900001463,10.520524700084934,0.26435639999544946,0.20049599989579292,19.618995999997423,parallel_episode_batch,pending,0.002368168591056019,0.0004374247742816806,0.5048815719783306,-0.0024619346106192095,1.9963109849641114e-06,0.0,1.0000341348350048,0.07298294830834492,0.0,0.17679399251937866,1.5557928085327148,0.24881349503993988,0.009306713938713074,0.023468704894185066,1.5464861392974854,0.24700483679771423,0.9911032915115356,5e-05,-0.2989439368247986,-0.30157744884490967,-0.20164036750793457,-0.20118239521980286,-0.20094984769821167,0.30065852403640747,-0.30288416147232056,-0.30305951833724976,-0.2001798003911972,-0.20156636834144592,-0.2046453058719635,0.017986223101615906,0.12058296799659729,0.01798621006309986,0.12084464728832245,0.0,1.497389793395996,1.009221076965332
474,474,94,4,94,48,train_worker_bottleneck_1000094,1000094,worker_bottleneck,downtime_dominant,0.5,0.3,0.2,group_anchor_4,273,273,0,0.0,273,0,0.0,0,0.0,1.7320394656303533,1.7945394656303533,-0.0625,1.7320394656303533,1.7945394656303535,-2.220446049250313e-16,quality,-1122.9000000000003,-1250.4878985090504,-0.6388888888888886,0.9999999999999999,1.0,-0.41092106873929307,0.0,0.0,-0.0625,63,142.9,True,False,completed,1.0,1.0,1122.9000000000003,1122.9000000000003,1250.4878985090504,0.6388888888888886,0.41092106873929307,0.41092106873929307,0.44830000000000003,0.4128882199333333,0.75,0,0.0,0,0,5,0.034482758620689655,1,106,0,1,1046,104.60000000000001,0,0,0,0.0,0,0.0,0,0,35,0.0,0,{},0.0,23,1.0,40,23,122,46,42,158,110,48,6,152,0,110,6,42,6,6,0,152,24,26,2,42,0,152,0,0,110,6,42,93,6,1.6989247311827957,0,10,2523,13.497362900001463,10.520524700084934,0.2700836999938474,0.23913929992704652,19.618995999997423,parallel_episode_batch,pending,0.002368168591056019,0.0004374247742816806,0.5048815719783306,-0.0024619346106192095,1.9963109849641114e-06,0.0,1.0000341348350048,0.07298294830834492,0.0,0.17679399251937866,1.5557928085327148,0.24881349503993988,0.009306713938713074,0.023468704894185066,1.5464861392974854,0.24700483679771423,0.9911032915115356,5e-05,-0.2989439368247986,-0.30157744884490967,-0.20164036750793457,-0.20118239521980286,-0.20094984769821167,0.30065852403640747,-0.30288416147232056,-0.30305951833724976,-0.2001798003911972,-0.20156636834144592,-0.2046453058719635,0.017986223101615906,0.12058296799659729,0.01798621006309986,0.12084464728832245,0.0,1.497389793395996,1.009221076965332
475,475,95,0,95,48,train_machine_bottleneck_1000095,1000095,machine_bottleneck,balanced_cost,1.0,0.0,0.0,group_anchor_0,265,265,0,0.0,265,0,0.0,0,0.0,1.6989834829599932,1.7614834829599932,-0.0625,1.6989834829599932,1.761483482959993,2.220446049250313e-16,quality,-1094.6000000000001,-781.7506695700405,-20.98805555555556,1.0,1.0,-0.4770330340800139,0.0,0.0,-0.0625,74,185.9,True,False,completed,1.0,1.0,1094.6000000000001,1094.6000000000001,781.7506695700405,20.98805555555556,0.4292740214977606,0.4770330340800139,0.34450000000000003,0.26847379360000007,0.75,0,0.0,0,0,0,0.0,1,92,0,0,1420,142.0,0,0,0,0.0,0,0.0,0,0,48,0.0,0,{},0.0,18,0.8888888888888888,56,18,120,36,35,154,116,38,3,151,0,116,3,35,3,3,0,151,17,21,0,35,0,151,0,0,116,3,35,92,11,1.673913043478261,0,10,2523,13.497362900001463,10.520524700084934,0.11554299999988871,0.2164990000310354,19.618995999997423,parallel_episode_batch,pending,0.002368168591056019,0.0004374247742816806,0.5048815719783306,-0.0024619346106192095,1.9963109849641114e-06,0.0,1.0000341348350048,0.07298294830834492,0.0,0.17679399251937866,1.5557928085327148,0.24881349503993988,0.009306713938713074,0.023468704894185066,1.5464861392974854,0.24700483679771423,0.9911032915115356,5e-05,-0.2989439368247986,-0.30157744884490967,-0.20164036750793457,-0.20118239521980286,-0.20094984769821167,0.30065852403640747,-0.30288416147232056,-0.30305951833724976,-0.2001798003911972,-0.20156636834144592,-0.2046453058719635,0.017986223101615906,0.12058296799659729,0.01798621006309986,0.12084464728832245,0.0,1.497389793395996,1.009221076965332
476,476,95,1,95,48,train_machine_bottleneck_1000095,1000095,machine_bottleneck,balanced_cost,0.0,1.0,0.0,group_anchor_1,267,267,0,0.0,267,0,0.0,0,0.0,1.7181404479208071,1.7806404479208071,-0.0625,1.7181404479208071,1.7806404479208067,4.440892098500626e-16,quality,-1217.0,-781.6391176124904,-22.112222222222233,1.0,1.0,-0.4387191041583868,0.0,0.0,-0.0625,74,189.0,True,False,completed,1.0,1.0,1217.0,1217.0,781.6391176124904,22.112222222222233,0.4447013616787976,0.4387191041583868,0.3723,0.27135442295,0.75,0,0.0,0,0,0,0.0,1,92,0,1,1471,147.1,0,0,0,0.0,0,0.0,0,0,47,0.0,0,{},0.0,18,0.8333333333333334,56,18,125,36,32,111,77,34,2,109,0,77,2,32,2,2,0,109,13,13,0,24,0,109,0,0,77,2,32,71,5,1.5633802816901408,0,10,2523,13.497362900001463,10.520524700084934,0.14694779999990715,0.2976692000302137,19.618995999997423,parallel_episode_batch,pending,0.002368168591056019,0.0004374247742816806,0.5048815719783306,-0.0024619346106192095,1.9963109849641114e-06,0.0,1.0000341348350048,0.07298294830834492,0.0,0.17679399251937866,1.5557928085327148,0.24881349503993988,0.009306713938713074,0.023468704894185066,1.5464861392974854,0.24700483679771423,0.9911032915115356,5e-05,-0.2989439368247986,-0.30157744884490967,-0.20164036750793457,-0.20118239521980286,-0.20094984769821167,0.30065852403640747,-0.30288416147232056,-0.30305951833724976,-0.2001798003911972,-0.20156636834144592,-0.2046453058719635,0.017986223101615906,0.12058296799659729,0.01798621006309986,0.12084464728832245,0.0,1.497389793395996,1.009221076965332
477,477,95,2,95,48,train_machine_bottleneck_1000095,1000095,machine_bottleneck,balanced_cost,0.0,0.0,1.0,group_anchor_2,254,254,0,0.0,254,0,0.0,0,0.0,1.87582307332658,1.93832307332658,-0.0625,1.87582307332658,1.93832307332658,0.0,quality,-1283.2,-689.3181847382707,-7.035555555555558,1.0,1.0,-0.12335385334684022,0.0,0.0,-0.0625,74,207.60000000000002,True,False,completed,1.0,1.0,1283.2,1283.2,689.3181847382707,7.0355555555555584,0.40546062078237055,0.12335385334684022,0.3723265377,0.2505878386166667,0.75,0,0.0,0,0,0,0.0,1,84,0,4,1759,175.9,0,0,0,0.0,0,0.0,0,0,51,0.0,0,{},0.0,16,0.9375,58,16,121,32,27,108,77,31,4,104,0,77,4,27,4,4,0,104,13,14,1,22,0,104,0,0,77,4,27,67,9,1.6119402985074627,0,10,2523,13.497362900001463,10.520524700084934,0.10324829999444773,0.34834289998252643,19.618995999997423,parallel_episode_batch,pending,0.002368168591056019,0.0004374247742816806,0.5048815719783306,-0.0024619346106192095,1.9963109849641114e-06,0.0,1.0000341348350048,0.07298294830834492,0.0,0.17679399251937866,1.5557928085327148,0.24881349503993988,0.009306713938713074,0.023468704894185066,1.5464861392974854,0.24700483679771423,0.9911032915115356,5e-05,-0.2989439368247986,-0.30157744884490967,-0.20164036750793457,-0.20118239521980286,-0.20094984769821167,0.30065852403640747,-0.30288416147232056,-0.30305951833724976,-0.2001798003911972,-0.20156636834144592,-0.2046453058719635,0.017986223101615906,0.12058296799659729,0.01798621006309986,0.12084464728832245,0.0,1.497389793395996,1.009221076965332
478,478,95,3,95,48,train_machine_bottleneck_1000095,1000095,machine_bottleneck,balanced_cost,0.3333333333333333,0.3333333333333333,0.3333333333333333,group_anchor_3,255,255,0,0.0,255,0,0.0,0,0.0,1.7380928108617857,1.8005928108617857,-0.0625,1.7380928108617857,1.8005928108617855,2.220446049250313e-16,quality,-1188.7,-736.2368722493405,-18.943333333333335,1.0,1.0,-0.3988143782764291,0.0,0.0,-0.0625,74,192.0,True,False,completed,1.0,1.0,1188.7,1188.7,736.2368722493405,18.94333333333333,0.43098320812545765,0.3988143782764291,0.34570000000000006,0.26195454425000003,0.75,0,0.0,0,0,0,0.0,1,86,0,0,1526,152.6,0,0,0,0.0,0,0.0,0,0,50,0.0,0,{},0.0,17,0.9411764705882353,57,17,115,34,32,121,85,36,4,117,0,85,4,32,4,4,0,117,17,19,1,31,0,117,0,0,85,4,32,75,10,1.6133333333333333,0,10,2523,13.497362900001463,10.520524700084934,0.11027800000010757,0.2597227999503957,19.618995999997423,parallel_episode_batch,pending,0.002368168591056019,0.0004374247742816806,0.5048815719783306,-0.0024619346106192095,1.9963109849641114e-06,0.0,1.0000341348350048,0.07298294830834492,0.0,0.17679399251937866,1.5557928085327148,0.24881349503993988,0.009306713938713074,0.023468704894185066,1.5464861392974854,0.24700483679771423,0.9911032915115356,5e-05,-0.2989439368247986,-0.30157744884490967,-0.20164036750793457,-0.20118239521980286,-0.20094984769821167,0.30065852403640747,-0.30288416147232056,-0.30305951833724976,-0.2001798003911972,-0.20156636834144592,-0.2046453058719635,0.017986223101615906,0.12058296799659729,0.01798621006309986,0.12084464728832245,0.0,1.497389793395996,1.009221076965332
479,479,95,4,95,48,train_machine_bottleneck_1000095,1000095,machine_bottleneck,balanced_cost,0.5,0.3,0.2,group_anchor_4,267,267,0,0.0,267,0,0.0,0,0.0,1.7275183843613724,1.7900183843613724,-0.0625,1.7275183843613724,1.790018384361372,4.440892098500626e-16,quality,-1135.4,-822.4270056036404,-13.089166666666666,1.0,1.0,-0.4199632312772561,0.0,0.0,-0.0625,74,184.4,True,False,completed,1.0,1.0,1135.4,1135.4,822.4270056036404,13.089166666666666,0.4199632312772561,0.4199632312772561,0.3842000000000001,0.25728333333333336,0.75,0,0.0,0,0,0,0.0,2,100,0,0,1447,144.70000000000002,0,0,0,0.0,0,0.0,0,0,47,0.0,0,{},0.0,19,0.9473684210526315,55,19,122,38,33,133,100,33,0,133,0,100,0,33,0,0,0,133,16,19,2,33,0,133,0,0,100,0,33,86,4,1.5465116279069768,0,10,2523,13.497362900001463,10.520524700084934,0.12233210000704275,0.220653200034576,19.618995999997423,parallel_episode_batch,pending,0.002368168591056019,0.0004374247742816806,0.5048815719783306,-0.0024619346106192095,1.9963109849641114e-06,0.0,1.0000341348350048,0.07298294830834492,0.0,0.17679399251937866,1.5557928085327148,0.24881349503993988,0.009306713938713074,0.023468704894185066,1.5464861392974854,0.24700483679771423,0.9911032915115356,5e-05,-0.2989439368247986,-0.30157744884490967,-0.20164036750793457,-0.20118239521980286,-0.20094984769821167,0.30065852403640747,-0.30288416147232056,-0.30305951833724976,-0.2001798003911972,-0.20156636834144592,-0.2046453058719635,0.017986223101615906,0.12058296799659729,0.01798621006309986,0.12084464728832245,0.0,1.497389793395996,1.009221076965332
480,480,96,0,96,49,train_balanced_1000096,1000096,balanced,downtime_dominant,1.0,0.0,0.0,group_anchor_0,146,146,0,0.0,146,0,0.0,0,0.0,1.7815366972477062,1.8440366972477062,-0.0625,1.7815366972477062,1.8440366972477065,-2.220446049250313e-16,quality,-544.0000000000002,-360.56623475130004,-4.915555555555557,1.0,1.0,-0.31192660550458723,0.0,0.0,-0.0625,50,180.9,True,False,completed,1.0,1.0,544.0000000000002,544.0000000000002,360.56623475130004,4.915555555555557,0.253369104677707,0.31192660550458723,0.1854,0.16721666666666668,0.75,0,0.0,0,0,0,0.0,2,31,0,0,1718,171.8,0,0,0,0.0,0,0.0,0,0,8,0.0,0,{},0.0,6,1.0,44,6,73,12,11,82,71,11,0,82,0,71,0,11,0,0,0,82,6,6,1,11,0,82,0,0,71,0,11,62,4,1.3225806451612903,0,10,1625,8.21167240000068,6.4795313000213355,0.1048330999983591,0.09563899999193382,10.949619300001359,parallel_episode_batch,pending,-0.0036605094702771078,0.00058427329769564,0.5567091170411843,-0.008935464384893958,6.906656432411532e-07,0.0,0.9999964558161222,0.07149997310569653,0.0,0.15426170825958252,1.418266773223877,0.2350185513496399,0.009550527669489384,0.02850419282913208,1.4087163209915161,0.24813516438007355,0.985289990901947,2.5e-05,-0.2988831400871277,-0.30165547132492065,-0.20168587565422058,-0.2012353539466858,-0.20101802051067352,0.30064499378204346,-0.3029225766658783,-0.3031473457813263,-0.2001841962337494,-0.2016037255525589,-0.2046447992324829,0.017986223101615906,0.12056710571050644,0.01798621006309986,0.12082214653491974,0.0,1.4976165294647217,1.0092405080795288
481,481,96,1,96,49,train_balanced_1000096,1000096,balanced,downtime_dominant,0.0,1.0,0.0,group_anchor_1,152,152,0,0.0,152,0,0.0,0,0.0,1.7859511257444098,1.8484511257444098,-0.0625,1.7859511257444098,1.8484511257444096,2.220446049250313e-16,quality,-673.2000000000002,-434.9214654762001,-14.272222222222227,1.0,1.0,-0.30309774851118065,0.0,0.0,-0.0625,50,202.70000000000002,True,False,completed,1.0,1.0,673.2000000000002,673.2000000000002,434.9214654762001,14.272222222222227,0.3150336194867591,0.30309774851118065,0.31200000000000006,0.16419133705000002,0.75,0,0.0,0,0,0,0.0,2,41,0,0,1840,184.0,0,0,0,0.0,0,0.0,0,0,13,0.0,0,{},0.0,7,0.8571428571428571,43,7,75,14,13,56,43,13,0,56,0,43,0,13,0,0,0,56,6,5,0,11,0,56,0,0,43,0,13,39,5,1.435897435897436,0,10,1625,8.21167240000068,6.4795313000213355,0.08593349999864586,0.1826480999807245,10.949619300001359,parallel_episode_batch,pending,-0.0036605094702771078,0.00058427329769564,0.5567091170411843,-0.008935464384893958,6.906656432411532e-07,0.0,0.9999964558161222,0.07149997310569653,0.0,0.15426170825958252,1.418266773223877,0.2350185513496399,0.009550527669489384,0.02850419282913208,1.4087163209915161,0.24813516438007355,0.985289990901947,2.5e-05,-0.2988831400871277,-0.30165547132492065,-0.20168587565422058,-0.2012353539466858,-0.20101802051067352,0.30064499378204346,-0.3029225766658783,-0.3031473457813263,-0.2001841962337494,-0.2016037255525589,-0.2046447992324829,0.017986223101615906,0.12056710571050644,0.01798621006309986,0.12082214653491974,0.0,1.4976165294647217,1.0092405080795288
482,482,96,2,96,49,train_balanced_1000096,1000096,balanced,downtime_dominant,0.0,0.0,1.0,group_anchor_2,175,175,0,0.0,175,0,0.0,0,0.0,1.910089792060491,1.972589792060491,-0.0625,1.910089792060491,1.9725897920604916,-6.661338147750939e-16,quality,-748.7,-682.1292878996203,-2.8999999999999986,1.0,1.0,-0.054820415879016995,0.0,0.0,-0.0625,50,204.4,True,False,completed,1.0,1.0,748.7,748.7,682.1292878996202,2.8999999999999986,0.3247211227421254,0.05482041587901699,0.22790000000000005,0.1983166666666667,0.75,0,0.0,0,0,0,0.0,2,63,0,1,1643,164.3,0,0,0,0.0,0,0.0,0,0,15,0.0,0,{},0.0,11,1.0,39,11,85,22,18,70,52,18,0,70,0,52,0,18,0,0,0,70,6,10,1,15,0,70,0,0,52,0,18,45,4,1.5555555555555556,0,10,1625,8.21167240000068,6.4795313000213355,0.07772440000553615,0.20688639999571024,10.949619300001359,parallel_episode_batch,pending,-0.0036605094702771078,0.00058427329769564,0.5567091170411843,-0.008935464384893958,6.906656432411532e-07,0.0,0.9999964558161222,0.07149997310569653,0.0,0.15426170825958252,1.418266773223877,0.2350185513496399,0.009550527669489384,0.02850419282913208,1.4087163209915161,0.24813516438007355,0.985289990901947,2.5e-05,-0.2988831400871277,-0.30165547132492065,-0.20168587565422058,-0.2012353539466858,-0.20101802051067352,0.30064499378204346,-0.3029225766658783,-0.3031473457813263,-0.2001841962337494,-0.2016037255525589,-0.2046447992324829,0.017986223101615906,0.12056710571050644,0.01798621006309986,0.12082214653491974,0.0,1.4976165294647217,1.0092405080795288
483,483,96,3,96,49,train_balanced_1000096,1000096,balanced,downtime_dominant,0.3333333333333333,0.3333333333333333,0.3333333333333333,group_anchor_3,141,141,0,0.0,141,0,0.0,0,0.0,1.8276323322489074,1.8901323322489074,-0.0625,1.8276323322489074,1.8901323322489076,-2.220446049250313e-16,quality,-587.2,-297.99689028781,-5.621388888888891,1.0,1.0,-0.21973533550218483,0.0,0.0,-0.0625,50,203.70000000000002,True,False,completed,1.0,1.0,587.2,587.2,297.99689028781,5.621388888888891,0.25336700602506806,0.21973533550218483,0.2194,0.15788333333333335,0.75,0,0.0,0,0,0,0.0,1,23,0,0,1889,188.9,0,0,0,0.0,0,0.0,0,0,9,0.0,0,{},0.0,5,1.0,45,5,72,10,9,68,57,11,2,66,0,57,2,9,2,2,0,66,4,6,0,8,0,66,0,0,57,2,9,48,4,1.4166666666666667,0,10,1625,8.21167240000068,6.4795313000213355,0.09358329999668058,0.1368942999979481,10.949619300001359,parallel_episode_batch,pending,-0.0036605094702771078,0.00058427329769564,0.5567091170411843,-0.008935464384893958,6.906656432411532e-07,0.0,0.9999964558161222,0.07149997310569653,0.0,0.15426170825958252,1.418266773223877,0.2350185513496399,0.009550527669489384,0.02850419282913208,1.4087163209915161,0.24813516438007355,0.985289990901947,2.5e-05,-0.2988831400871277,-0.30165547132492065,-0.20168587565422058,-0.2012353539466858,-0.20101802051067352,0.30064499378204346,-0.3029225766658783,-0.3031473457813263,-0.2001841962337494,-0.2016037255525589,-0.2046447992324829,0.017986223101615906,0.12056710571050644,0.01798621006309986,0.12082214653491974,0.0,1.4976165294647217,1.0092405080795288
484,484,96,4,96,49,train_balanced_1000096,1000096,balanced,downtime_dominant,0.5,0.3,0.2,group_anchor_4,160,160,0,0.0,160,0,0.0,0,0.0,1.7857269898226045,1.8482269898226045,-0.0625,1.7857269898226045,1.8482269898226047,-2.220446049250313e-16,quality,-621.9,-482.4884866386101,-10.692500000000003,1.0,1.0,-0.30354602035479045,0.0,0.0,-0.0625,50,191.60000000000002,True,False,completed,1.0,1.0,621.9,621.9,482.4884866386101,10.692500000000003,0.30354602035479045,0.30354602035479045,0.3258000000000001,0.2093833333333334,0.75,0,0.0,0,0,0,0.0,1,42,0,1,1660,166.0,0,0,0,0.0,0,0.0,0,0,15,0.0,0,{},0.0,8,0.875,42,8,78,16,16,85,68,17,1,84,0,68,1,16,1,1,0,84,9,8,0,16,0,84,0,0,68,1,16,57,5,1.4912280701754386,0,10,1625,8.21167240000068,6.4795313000213355,0.08812810000381432,0.17240330000640824,10.949619300001359,parallel_episode_batch,pending,-0.0036605094702771078,0.00058427329769564,0.5567091170411843,-0.008935464384893958,6.906656432411532e-07,0.0,0.9999964558161222,0.07149997310569653,0.0,0.15426170825958252,1.418266773223877,0.2350185513496399,0.009550527669489384,0.02850419282913208,1.4087163209915161,0.24813516438007355,0.985289990901947,2.5e-05,-0.2988831400871277,-0.30165547132492065,-0.20168587565422058,-0.2012353539466858,-0.20101802051067352,0.30064499378204346,-0.3029225766658783,-0.3031473457813263,-0.2001841962337494,-0.2016037255525589,-0.2046447992324829,0.017986223101615906,0.12056710571050644,0.01798621006309986,0.12082214653491974,0.0,1.4976165294647217,1.0092405080795288
485,485,97,0,97,49,train_balanced_1000097,1000097,balanced,labor_dominant,1.0,0.0,0.0,group_anchor_0,161,161,0,0.0,161,0,0.0,0,0.0,1.772995414895996,1.835495414895996,-0.0625,1.772995414895996,1.8354954148959965,-4.440892098500626e-16,quality,-588.3999999999999,-257.8933604557699,-13.384722222222228,0.9999999999999998,1.0,-0.32900917020800713,0.0,0.0,-0.0625,54,203.3,True,False,completed,1.0,1.0,588.3999999999999,588.3999999999999,257.8933604557699,13.384722222222228,0.26824387592652316,0.32900917020800713,0.15750000000000003,0.1410080899666667,0.75,0,0.0,0,0,0,0.0,2,40,0,0,1811,181.10000000000002,0,0,0,0.0,0,0.0,0,0,27,0.0,0,{},0.0,7,1.0,47,7,79,14,14,91,77,14,0,91,0,77,0,14,0,0,0,91,7,7,0,14,0,91,0,0,77,0,14,67,4,1.3582089552238805,0,10,1625,8.21167240000068,6.4795313000213355,0.12125299999752315,0.16176949993678136,10.949619300001359,parallel_episode_batch,pending,-0.0036605094702771078,0.00058427329769564,0.5567091170411843,-0.008935464384893958,6.906656432411532e-07,0.0,0.9999964558161222,0.07149997310569653,0.0,0.15426170825958252,1.418266773223877,0.2350185513496399,0.009550527669489384,0.02850419282913208,1.4087163209915161,0.24813516438007355,0.985289990901947,2.5e-05,-0.2988831400871277,-0.30165547132492065,-0.20168587565422058,-0.2012353539466858,-0.20101802051067352,0.30064499378204346,-0.3029225766658783,-0.3031473457813263,-0.2001841962337494,-0.2016037255525589,-0.2046447992324829,0.017986223101615906,0.12056710571050644,0.01798621006309986,0.12082214653491974,0.0,1.4976165294647217,1.0092405080795288
486,486,97,1,97,49,train_balanced_1000097,1000097,balanced,labor_dominant,0.0,1.0,0.0,group_anchor_1,156,156,0,0.0,156,0,0.0,0,0.0,1.850568752934568,1.913068752934568,-0.0625,1.850568752934568,1.9130687529345685,-4.440892098500626e-16,quality,-652.1,-210.45224662443,-15.71888888888889,0.9999999999999998,1.0,-0.17386249413086308,0.0,0.0,-0.0625,54,206.20000000000002,True,False,completed,1.0,1.0,652.1,652.1,210.45224662443,15.71888888888889,0.27603890415749655,0.17386249413086308,0.1490052881,0.1254514744,0.75,0,0.0,0,0,0,0.0,2,33,0,0,1897,189.70000000000002,0,0,0,0.0,0,0.0,0,0,19,0.0,0,{},0.0,6,1.0,48,6,79,12,11,63,52,11,0,63,0,52,0,11,0,0,0,63,5,5,0,10,0,63,0,0,52,0,11,47,4,1.3404255319148937,0,10,1625,8.21167240000068,6.4795313000213355,0.12432049999915762,0.2665554000050179,10.949619300001359,parallel_episode_batch,pending,-0.0036605094702771078,0.00058427329769564,0.5567091170411843,-0.008935464384893958,6.906656432411532e-07,0.0,0.9999964558161222,0.07149997310569653,0.0,0.15426170825958252,1.418266773223877,0.2350185513496399,0.009550527669489384,0.02850419282913208,1.4087163209915161,0.24813516438007355,0.985289990901947,2.5e-05,-0.2988831400871277,-0.30165547132492065,-0.20168587565422058,-0.2012353539466858,-0.20101802051067352,0.30064499378204346,-0.3029225766658783,-0.3031473457813263,-0.2001841962337494,-0.2016037255525589,-0.2046447992324829,0.017986223101615906,0.12056710571050644,0.01798621006309986,0.12082214653491974,0.0,1.4976165294647217,1.0092405080795288
487,487,97,2,97,49,train_balanced_1000097,1000097,balanced,labor_dominant,0.0,0.0,1.0,group_anchor_2,181,181,0,0.0,181,0,0.0,0,0.0,1.9116433809584017,1.9741433809584017,-0.0625,1.9116433809584017,1.974143380958402,-2.220446049250313e-16,quality,-676.5999999999999,-353.8516208004702,-2.7266666666666657,0.9999999999999998,1.0,-0.05171323808319633,0.0,0.0,-0.0625,54,212.0,True,False,completed,1.0,1.0,676.5999999999999,676.5999999999999,353.8516208004702,2.7266666666666652,0.2690254671748787,0.05171323808319633,0.2325,0.17344823738333334,0.75,0,0.0,0,0,0,0.0,1,51,0,3,1830,183.0,0,0,0,0.0,0,0.0,0,0,28,0.0,0,{},0.0,10,1.0,44,10,87,20,20,86,64,22,2,84,0,64,2,20,2,2,0,84,10,11,0,19,0,84,0,0,64,2,20,55,5,1.5636363636363637,0,10,1625,8.21167240000068,6.4795313000213355,0.1329799999948591,0.2248766999982763,10.949619300001359,parallel_episode_batch,pending,-0.0036605094702771078,0.00058427329769564,0.5567091170411843,-0.008935464384893958,6.906656432411532e-07,0.0,0.9999964558161222,0.07149997310569653,0.0,0.15426170825958252,1.418266773223877,0.2350185513496399,0.009550527669489384,0.02850419282913208,1.4087163209915161,0.24813516438007355,0.985289990901947,2.5e-05,-0.2988831400871277,-0.30165547132492065,-0.20168587565422058,-0.2012353539466858,-0.20101802051067352,0.30064499378204346,-0.3029225766658783,-0.3031473457813263,-0.2001841962337494,-0.2016037255525589,-0.2046447992324829,0.017986223101615906,0.12056710571050644,0.01798621006309986,0.12082214653491974,0.0,1.4976165294647217,1.0092405080795288
488,488,97,3,97,49,train_balanced_1000097,1000097,balanced,labor_dominant,0.3333333333333333,0.3333333333333333,0.3333333333333333,group_anchor_3,174,174,0,0.0,174,0,0.0,0,0.0,1.7959456458540324,1.8584456458540324,-0.0625,1.7959456458540324,1.8584456458540322,2.220446049250313e-16,quality,-681.4000000000002,-322.05344481305025,-16.09805555555556,0.9999999999999998,1.0,-0.28310870829193585,0.0,0.0,-0.0625,54,216.3,True,False,completed,1.0,1.0,681.4000000000002,681.4000000000002,322.05344481305025,16.09805555555556,0.3028784483311027,0.28310870829193585,0.19960000000000003,0.1500414233,0.75,0,0.0,0,0,0,0.0,2,53,0,1,1904,190.4,0,0,0,0.0,0,0.0,0,0,29,0.0,0,{},0.0,9,1.0,45,9,85,18,17,80,63,17,0,80,0,63,0,17,0,0,0,80,8,9,0,17,0,80,0,0,63,0,17,55,4,1.4545454545454546,0,10,1625,8.21167240000068,6.4795313000213355,0.09510019999288488,0.21911799994995818,10.949619300001359,parallel_episode_batch,pending,-0.0036605094702771078,0.00058427329769564,0.5567091170411843,-0.008935464384893958,6.906656432411532e-07,0.0,0.9999964558161222,0.07149997310569653,0.0,0.15426170825958252,1.418266773223877,0.2350185513496399,0.009550527669489384,0.02850419282913208,1.4087163209915161,0.24813516438007355,0.985289990901947,2.5e-05,-0.2988831400871277,-0.30165547132492065,-0.20168587565422058,-0.2012353539466858,-0.20101802051067352,0.30064499378204346,-0.3029225766658783,-0.3031473457813263,-0.2001841962337494,-0.2016037255525589,-0.2046447992324829,0.017986223101615906,0.12056710571050644,0.01798621006309986,0.12082214653491974,0.0,1.4976165294647217,1.0092405080795288
489,489,97,4,97,49,train_balanced_1000097,1000097,balanced,labor_dominant,0.5,0.3,0.2,group_anchor_4,179,179,0,0.0,179,0,0.0,0,0.0,1.7926908558839962,1.8551908558839962,-0.0625,1.7926908558839962,1.8551908558839967,-4.440892098500626e-16,quality,-696.9999999999999,-366.3686454309703,-7.295833333333335,0.9999999999999998,1.0,-0.2896182882320067,0.0,0.0,-0.0625,54,204.0,True,False,completed,1.0,1.0,696.9999999999999,696.9999999999999,366.3686454309703,7.295833333333334,0.2896182882320067,0.2896182882320067,0.2561,0.17595088135,0.75,0,0.0,0,0,0,0.0,2,52,0,2,1756,175.60000000000002,0,0,0,0.0,0,0.0,0,0,23,0.0,0,{},0.0,10,1.0,44,10,85,20,20,88,68,20,0,88,0,68,0,20,0,0,0,88,10,10,0,20,0,88,0,0,68,0,20,63,5,1.3968253968253967,0,10,1625,8.21167240000068,6.4795313000213355,0.09926170000107959,0.1620239000476431,10.949619300001359,parallel_episode_batch,pending,-0.0036605094702771078,0.00058427329769564,0.5567091170411843,-0.008935464384893958,6.906656432411532e-07,0.0,0.9999964558161222,0.07149997310569653,0.0,0.15426170825958252,1.418266773223877,0.2350185513496399,0.009550527669489384,0.02850419282913208,1.4087163209915161,0.24813516438007355,0.985289990901947,2.5e-05,-0.2988831400871277,-0.30165547132492065,-0.20168587565422058,-0.2012353539466858,-0.20101802051067352,0.30064499378204346,-0.3029225766658783,-0.3031473457813263,-0.2001841962337494,-0.2016037255525589,-0.2046447992324829,0.017986223101615906,0.12056710571050644,0.01798621006309986,0.12082214653491974,0.0,1.4976165294647217,1.0092405080795288
490,490,98,0,98,50,train_worker_bottleneck_1000098,1000098,worker_bottleneck,balanced_cost,1.0,0.0,0.0,group_anchor_0,295,295,0,0.0,295,0,0.0,0,0.0,1.650386744252058,1.712886744252058,-0.0625,1.650386744252058,1.712886744252058,0.0,quality,-1618.3999999999987,-956.3365771465998,-8.719166666666668,1.0000000000000002,1.0,-0.574226511495884,0.0,0.0,-0.0625,79,155.8,True,False,completed,1.0,1.0,1618.3999999999987,1618.3999999999987,956.3365771465998,8.719166666666668,0.46346326544007505,0.574226511495884,0.6140383305999999,0.4676313040666666,0.75,0,0.0,0,0,57,0.2688679245283019,1,97,2,0,1190,119.0,0,0,0,0.0,0,0.0,0,0,55,0.0,0,{},0.0,21,0.8571428571428571,58,21,136,42,38,178,135,43,5,173,0,135,5,38,5,5,0,173,23,23,3,38,4,173,0,0,135,5,38,108,11,1.6481481481481481,0,10,2298,12.329033900001377,9.659166400044342,0.15374779999547172,0.1846866001142189,18.036631300004956,parallel_episode_batch,not_promoted,-1.2617325410246849e-05,0.0003718815912887092,0.5991096976730559,-0.005817772652436461,2.3467373279196914e-07,0.0,0.9999973202745119,0.06036998603182534,0.0,0.19516000151634216,1.5258464813232422,0.22990170121192932,0.013546084985136986,0.021311001852154732,1.5123002529144287,0.22493764758110046,0.9914073944091797,2.5e-05,-0.29885295033454895,-0.3017584979534149,-0.20177844166755676,-0.20131027698516846,-0.20108506083488464,0.3005736172199249,-0.3031221926212311,-0.3033800721168518,-0.20018340647220612,-0.20168083906173706,-0.20480597019195557,0.017986223101615906,0.1205720454454422,0.01798621006309986,0.12088750302791595,0.0,1.4976873397827148,1.0096584558486938
491,491,98,1,98,50,train_worker_bottleneck_1000098,1000098,worker_bottleneck,balanced_cost,0.0,1.0,0.0,group_anchor_1,261,261,0,0.0,261,0,0.0,0,0.0,1.7395169113609847,1.8020169113609847,-0.0625,1.7395169113609847,1.8020169113609845,2.220446049250313e-16,quality,-1777.2999999999997,-655.5364325356501,-16.81888888888889,1.0000000000000002,1.0,-0.39596617727803096,0.0,0.0,-0.0625,79,179.70000000000002,True,False,completed,1.0,1.0,1777.2999999999997,1777.2999999999997,655.5364325356501,16.81888888888889,0.467606701395442,0.39596617727803096,0.5340386839000001,0.3473426213333333,0.75,0,0.0,0,0,0,0.0,1,80,0,3,1467,146.70000000000002,0,0,0,0.0,0,0.0,0,0,57,0.0,0,{},0.0,15,0.9333333333333333,64,15,126,30,26,100,72,28,2,98,0,72,2,26,2,2,0,98,14,12,3,21,0,98,0,0,72,2,26,68,7,1.4705882352941178,0,10,2298,12.329033900001377,9.659166400044342,0.1834437999932561,0.29890769998019096,18.036631300004956,parallel_episode_batch,not_promoted,-1.2617325410246849e-05,0.0003718815912887092,0.5991096976730559,-0.005817772652436461,2.3467373279196914e-07,0.0,0.9999973202745119,0.06036998603182534,0.0,0.19516000151634216,1.5258464813232422,0.22990170121192932,0.013546084985136986,0.021311001852154732,1.5123002529144287,0.22493764758110046,0.9914073944091797,2.5e-05,-0.29885295033454895,-0.3017584979534149,-0.20177844166755676,-0.20131027698516846,-0.20108506083488464,0.3005736172199249,-0.3031221926212311,-0.3033800721168518,-0.20018340647220612,-0.20168083906173706,-0.20480597019195557,0.017986223101615906,0.1205720454454422,0.01798621006309986,0.12088750302791595,0.0,1.4976873397827148,1.0096584558486938
492,492,98,2,98,50,train_worker_bottleneck_1000098,1000098,worker_bottleneck,balanced_cost,0.0,0.0,1.0,group_anchor_2,295,295,0,0.0,295,0,0.0,0,0.0,1.8643234847766292,1.9268234847766292,-0.0625,1.8643234847766292,1.926823484776629,2.220446049250313e-16,quality,-2023.8999999999999,-974.7768871861701,-8.572222222222225,1.0000000000000002,1.0,-0.14635303044674194,0.0,0.0,-0.0625,79,177.4,True,False,completed,1.0,1.0,2023.8999999999999,2023.8999999999999,974.7768871861701,8.572222222222225,0.4912447191945393,0.14635303044674194,0.41879490120000007,0.3641092880000001,0.75,0,0.0,0,0,10,0.014619883040935672,1,112,1,3,1351,135.1,0,0,0,0.0,0,0.0,0,0,54,0.0,0,{},0.0,21,1.0,58,21,138,42,36,113,75,38,2,111,0,75,2,36,2,2,0,111,15,17,3,27,1,111,0,0,75,2,36,74,7,1.527027027027027,0,10,2298,12.329033900001377,9.659166400044342,0.16057899999577785,0.4184607999632135,18.036631300004956,parallel_episode_batch,not_promoted,-1.2617325410246849e-05,0.0003718815912887092,0.5991096976730559,-0.005817772652436461,2.3467373279196914e-07,0.0,0.9999973202745119,0.06036998603182534,0.0,0.19516000151634216,1.5258464813232422,0.22990170121192932,0.013546084985136986,0.021311001852154732,1.5123002529144287,0.22493764758110046,0.9914073944091797,2.5e-05,-0.29885295033454895,-0.3017584979534149,-0.20177844166755676,-0.20131027698516846,-0.20108506083488464,0.3005736172199249,-0.3031221926212311,-0.3033800721168518,-0.20018340647220612,-0.20168083906173706,-0.20480597019195557,0.017986223101615906,0.1205720454454422,0.01798621006309986,0.12088750302791595,0.0,1.4976873397827148,1.0096584558486938
493,493,98,3,98,50,train_worker_bottleneck_1000098,1000098,worker_bottleneck,balanced_cost,0.3333333333333333,0.3333333333333333,0.3333333333333333,group_anchor_3,249,249,0,0.0,249,0,0.0,0,0.0,1.76180824443476,1.82430824443476,-0.0625,1.76180824443476,1.8243082444347603,-2.220446049250313e-16,quality,-1696.0,-559.72026469796,-6.158055555555557,1.0000000000000002,1.0,-0.3513835111304796,0.0,0.0,-0.0625,79,188.3,True,False,completed,1.0,1.0,1696.0,1696.0,559.72026469796,6.158055555555557,0.4224066535373353,0.3513835111304796,0.49343868390000006,0.3104313040666667,0.75,0,0.0,0,0,6,0.020689655172413793,1,70,0,2,1566,156.60000000000002,0,0,0,0.0,0,0.0,0,0,62,0.0,0,{},0.0,13,1.0,66,13,120,26,24,112,87,25,1,111,0,87,1,24,1,1,0,111,12,13,1,23,0,111,0,0,87,1,24,75,5,1.4933333333333334,0,10,2298,12.329033900001377,9.659166400044342,0.1592808999994304,0.25474309990386246,18.036631300004956,parallel_episode_batch,not_promoted,-1.2617325410246849e-05,0.0003718815912887092,0.5991096976730559,-0.005817772652436461,2.3467373279196914e-07,0.0,0.9999973202745119,0.06036998603182534,0.0,0.19516000151634216,1.5258464813232422,0.22990170121192932,0.013546084985136986,0.021311001852154732,1.5123002529144287,0.22493764758110046,0.9914073944091797,2.5e-05,-0.29885295033454895,-0.3017584979534149,-0.20177844166755676,-0.20131027698516846,-0.20108506083488464,0.3005736172199249,-0.3031221926212311,-0.3033800721168518,-0.20018340647220612,-0.20168083906173706,-0.20480597019195557,0.017986223101615906,0.1205720454454422,0.01798621006309986,0.12088750302791595,0.0,1.4976873397827148,1.0096584558486938
494,494,98,4,98,50,train_worker_bottleneck_1000098,1000098,worker_bottleneck,balanced_cost,0.5,0.3,0.2,group_anchor_4,275,275,0,0.0,275,0,0.0,0,0.0,1.706053230853324,1.768553230853324,-0.0625,1.706053230853324,1.7685532308533243,-2.220446049250313e-16,quality,-1728.4000000000003,-835.4288124038698,-9.253333333333327,1.0000000000000002,1.0,-0.46289353829335145,0.0,0.0,-0.0625,79,155.5,True,False,completed,1.0,1.0,1728.4000000000003,1728.4000000000003,835.4288124038698,9.253333333333327,0.46289353829335145,0.46289353829335145,0.6768383306,0.53277485675,0.75,0,0.0,0,0,12,0.04918032786885246,1,71,0,0,1288,128.8,0,0,0,0.0,0,0.0,0,0,58,0.0,0,{},0.0,18,0.8888888888888888,61,18,127,36,33,151,106,45,12,139,0,106,12,33,12,12,0,139,22,23,1,32,0,139,0,0,106,12,33,82,9,1.8414634146341464,0,10,2298,12.329033900001377,9.659166400044342,0.15846650000457885,0.2786729999934323,18.036631300004956,parallel_episode_batch,not_promoted,-1.2617325410246849e-05,0.0003718815912887092,0.5991096976730559,-0.005817772652436461,2.3467373279196914e-07,0.0,0.9999973202745119,0.06036998603182534,0.0,0.19516000151634216,1.5258464813232422,0.22990170121192932,0.013546084985136986,0.021311001852154732,1.5123002529144287,0.22493764758110046,0.9914073944091797,2.5e-05,-0.29885295033454895,-0.3017584979534149,-0.20177844166755676,-0.20131027698516846,-0.20108506083488464,0.3005736172199249,-0.3031221926212311,-0.3033800721168518,-0.20018340647220612,-0.20168083906173706,-0.20480597019195557,0.017986223101615906,0.1205720454454422,0.01798621006309986,0.12088750302791595,0.0,1.4976873397827148,1.0096584558486938
495,495,99,0,99,50,train_balanced_1000099,1000099,balanced,labor_dominant,1.0,0.0,0.0,group_anchor_0,175,175,0,0.0,175,0,0.0,0,0.0,1.7600459627996992,1.8225459627996992,-0.0625,1.7600459627996992,1.822545962799699,2.220446049250313e-16,quality,-660.2,-277.55219997748003,-2.3024999999999998,0.9999999999999997,1.0,-0.3549080744006021,0.0,0.0,-0.0625,57,187.9,True,False,completed,1.0,1.0,660.2,660.2,277.55219997748003,2.3024999999999998,0.2514345233160865,0.3549080744006021,0.17850000000000002,0.13256488786666668,0.75,0,0.0,0,0,0,0.0,2,45,0,0,1679,167.9,0,0,0,0.0,0,0.0,0,0,20,0.0,0,{},0.0,8,0.875,49,8,86,16,16,99,83,16,0,99,0,83,0,16,0,0,0,99,8,8,0,16,0,99,0,0,83,0,16,72,4,1.375,0,10,2298,12.329033900001377,9.659166400044342,0.14335649999702582,0.15322379999270197,18.036631300004956,parallel_episode_batch,not_promoted,-1.2617325410246849e-05,0.0003718815912887092,0.5991096976730559,-0.005817772652436461,2.3467373279196914e-07,0.0,0.9999973202745119,0.06036998603182534,0.0,0.19516000151634216,1.5258464813232422,0.22990170121192932,0.013546084985136986,0.021311001852154732,1.5123002529144287,0.22493764758110046,0.9914073944091797,2.5e-05,-0.29885295033454895,-0.3017584979534149,-0.20177844166755676,-0.20131027698516846,-0.20108506083488464,0.3005736172199249,-0.3031221926212311,-0.3033800721168518,-0.20018340647220612,-0.20168083906173706,-0.20480597019195557,0.017986223101615906,0.1205720454454422,0.01798621006309986,0.12088750302791595,0.0,1.4976873397827148,1.0096584558486938
496,496,99,1,99,50,train_balanced_1000099,1000099,balanced,labor_dominant,0.0,1.0,0.0,group_anchor_1,185,185,0,0.0,185,0,0.0,0,0.0,1.806495794420379,1.868995794420379,-0.0625,1.806495794420379,1.8689957944203788,2.220446049250313e-16,quality,-803.8000000000002,-355.02899371903,-6.655555555555556,0.9999999999999997,1.0,-0.2620084111592423,0.0,0.0,-0.0625,57,196.70000000000002,True,False,completed,1.0,1.0,803.8000000000002,803.8000000000002,355.02899371903,6.655555555555556,0.3026662453041004,0.2620084111592423,0.21480000000000005,0.16916375345,0.75,0,0.0,0,0,0,0.0,2,56,0,0,1770,177.0,0,0,0,0.0,0,0.0,0,0,22,0.0,0,{},0.0,10,1.0,47,10,89,20,19,79,60,19,0,79,0,60,0,19,0,0,0,79,9,10,1,18,0,79,0,0,60,0,19,57,4,1.3859649122807018,0,10,2298,12.329033900001377,9.659166400044342,0.1080087000009371,0.27992640002048574,18.036631300004956,parallel_episode_batch,not_promoted,-1.2617325410246849e-05,0.0003718815912887092,0.5991096976730559,-0.005817772652436461,2.3467373279196914e-07,0.0,0.9999973202745119,0.06036998603182534,0.0,0.19516000151634216,1.5258464813232422,0.22990170121192932,0.013546084985136986,0.021311001852154732,1.5123002529144287,0.22493764758110046,0.9914073944091797,2.5e-05,-0.29885295033454895,-0.3017584979534149,-0.20177844166755676,-0.20131027698516846,-0.20108506083488464,0.3005736172199249,-0.3031221926212311,-0.3033800721168518,-0.20018340647220612,-0.20168083906173706,-0.20480597019195557,0.017986223101615906,0.1205720454454422,0.01798621006309986,0.12088750302791595,0.0,1.4976873397827148,1.0096584558486938
497,497,99,2,99,50,train_balanced_1000099,1000099,balanced,labor_dominant,0.0,0.0,1.0,group_anchor_2,190,190,0,0.0,190,0,0.0,0,0.0,1.929289841807601,1.991789841807601,-0.0625,1.929289841807601,1.9917898418076008,2.220446049250313e-16,quality,-971.2,-388.39802458968,-0.834722222222223,0.9999999999999997,1.0,-0.016420316384798243,0.0,0.0,-0.0625,57,215.4,True,False,completed,1.0,1.0,971.2,971.2,388.39802458968,0.834722222222223,0.3108628186633736,0.016420316384798243,0.19050000000000003,0.1441,0.75,0,0.0,0,0,0,0.0,1,59,0,0,1880,188.0,0,0,0,0.0,0,0.0,0,0,21,0.0,0,{},0.0,11,0.9090909090909091,46,11,91,22,20,75,53,22,2,73,0,53,2,20,2,2,0,73,7,11,0,16,0,73,0,0,53,2,20,47,10,1.5957446808510638,0,10,2298,12.329033900001377,9.659166400044342,0.11642199999914737,0.387573899992276,18.036631300004956,parallel_episode_batch,not_promoted,-1.2617325410246849e-05,0.0003718815912887092,0.5991096976730559,-0.005817772652436461,2.3467373279196914e-07,0.0,0.9999973202745119,0.06036998603182534,0.0,0.19516000151634216,1.5258464813232422,0.22990170121192932,0.013546084985136986,0.021311001852154732,1.5123002529144287,0.22493764758110046,0.9914073944091797,2.5e-05,-0.29885295033454895,-0.3017584979534149,-0.20177844166755676,-0.20131027698516846,-0.20108506083488464,0.3005736172199249,-0.3031221926212311,-0.3033800721168518,-0.20018340647220612,-0.20168083906173706,-0.20480597019195557,0.017986223101615906,0.1205720454454422,0.01798621006309986,0.12088750302791595,0.0,1.4976873397827148,1.0096584558486938
498,498,99,3,99,50,train_balanced_1000099,1000099,balanced,labor_dominant,0.3333333333333333,0.3333333333333333,0.3333333333333333,group_anchor_3,192,192,0,0.0,192,0,0.0,0,0.0,1.804838755815445,1.867338755815445,-0.0625,1.804838755815445,1.8673387558154457,-6.661338147750939e-16,quality,-730.4,-379.43537835467004,-8.31138888888889,0.9999999999999997,1.0,-0.2653224883691087,0.0,0.0,-0.0625,57,189.20000000000002,True,False,completed,1.0,1.0,730.4,730.4,379.43537835467004,8.31138888888889,0.3002102178366287,0.2653224883691087,0.21590000000000006,0.1388304201166667,0.75,0,0.0,0,0,0,0.0,2,65,0,1,1537,153.70000000000002,0,0,0,0.0,0,0.0,0,0,23,0.0,0,{},0.0,11,1.0,46,11,92,22,21,90,69,21,0,90,0,69,0,21,0,0,0,90,9,10,0,19,0,90,0,0,69,0,21,63,4,1.4285714285714286,0,10,2298,12.329033900001377,9.659166400044342,0.11574059999838937,0.1838293000255362,18.036631300004956,parallel_episode_batch,not_promoted,-1.2617325410246849e-05,0.0003718815912887092,0.5991096976730559,-0.005817772652436461,2.3467373279196914e-07,0.0,0.9999973202745119,0.06036998603182534,0.0,0.19516000151634216,1.5258464813232422,0.22990170121192932,0.013546084985136986,0.021311001852154732,1.5123002529144287,0.22493764758110046,0.9914073944091797,2.5e-05,-0.29885295033454895,-0.3017584979534149,-0.20177844166755676,-0.20131027698516846,-0.20108506083488464,0.3005736172199249,-0.3031221926212311,-0.3033800721168518,-0.20018340647220612,-0.20168083906173706,-0.20480597019195557,0.017986223101615906,0.1205720454454422,0.01798621006309986,0.12088750302791595,0.0,1.4976873397827148,1.0096584558486938
499,499,99,4,99,50,train_balanced_1000099,1000099,balanced,labor_dominant,0.5,0.3,0.2,group_anchor_4,181,181,0,0.0,181,0,0.0,0,0.0,1.8029814386377725,1.8654814386377725,-0.0625,1.8029814386377725,1.8654814386377725,0.0,quality,-680.5000000000001,-306.2106702856,-4.87666666666667,0.9999999999999997,1.0,-0.2690371227244552,0.0,0.0,-0.0625,57,188.60000000000002,True,False,completed,1.0,1.0,680.5000000000001,680.5000000000001,306.2106702856,4.87666666666667,0.2690371227244552,0.2690371227244552,0.21060000000000006,0.13843155453333336,0.75,0,0.0,0,0,0,0.0,2,52,0,0,1673,167.3,0,0,0,0.0,0,0.0,0,0,22,0.0,0,{},0.0,9,1.0,48,9,88,18,18,92,74,18,0,92,0,74,0,18,0,0,0,92,9,9,0,18,0,92,0,0,74,0,18,65,4,1.4153846153846155,0,10,2298,12.329033900001377,9.659166400044342,0.13801470000180416,0.17979570000898093,18.036631300004956,parallel_episode_batch,not_promoted,-1.2617325410246849e-05,0.0003718815912887092,0.5991096976730559,-0.005817772652436461,2.3467373279196914e-07,0.0,0.9999973202745119,0.06036998603182534,0.0,0.19516000151634216,1.5258464813232422,0.22990170121192932,0.013546084985136986,0.021311001852154732,1.5123002529144287,0.22493764758110046,0.9914073944091797,2.5e-05,-0.29885295033454895,-0.3017584979534149,-0.20177844166755676,-0.20131027698516846,-0.20108506083488464,0.3005736172199249,-0.3031221926212311,-0.3033800721168518,-0.20018340647220612,-0.20168083906173706,-0.20480597019195557,0.017986223101615906,0.1205720454454422,0.01798621006309986,0.12088750302791595,0.0,1.4976873397827148,1.0096584558486938
