update_id,episode_start,episode_end,episode_count,parallel_envs,transition_count,environment_step_count,forced_action_count,forced_action_ratio,worker_step_command_count,worker_local_physical_forced_action_count,worker_local_physical_forced_share,estimated_worker_step_round_trips_avoided,sampling_wall_time_seconds,policy_inference_time_seconds,generation_time_seconds,environment_step_time_seconds,ppo_update_time_seconds,transitions_per_second,reward_phase,candidate_status,policy_loss,value_loss,entropy,loss,approx_kl,clip_fraction,ratio_mean,gradient_norm,gradient_clipped_fraction,gradient_norm_max,return_mean,return_std,advantage_mean,advantage_std,value_prediction_mean,value_prediction_std,pre_update_explained_variance,learning_rate,policy_head_weight_production_processing_time_norm,policy_head_weight_production_reconfiguration_time_norm,policy_head_weight_production_total_reconfiguration_cost_norm,policy_head_weight_production_horizon_slack_norm,policy_head_weight_production_future_configuration_reuse_value_norm,policy_head_weight_production_configuration_opportunity_cost_norm,policy_head_weight_worker_stage_duration_norm,policy_head_weight_worker_fatigue_headroom_ratio,policy_head_weight_worker_total_incremental_cost_norm,policy_head_weight_worker_incremental_load_variance_norm,policy_head_weight_worker_qualification_opportunity_cost_norm,policy_head_weight_worker_recovery_eta_norm,policy_head_weight_worker_remaining_service_capacity_norm,policy_head_gate_production_common,policy_head_gate_production_residual,policy_head_gate_worker_common,policy_head_gate_worker_residual
1,0,9,10,10,2033,2033,0,0.0,2033,0,0.0,0,9.318599099991843,4.025702600018121,5.3749982999579515,1.9082178006356116,16.247573600005126,79.51913741082728,feasibility,feasibility_best,5.328620318323374e-07,0.02302713572862558,0.5137098436243832,0.006377001715009101,0.0030261113570304587,0.03917211422231048,0.997958816587925,0.5983026613248512,0.578125,1.9706958532333374,0.09156084805727005,0.21351538598537445,0.19303083419799805,0.23487800359725952,-0.1014699637889862,0.03996226191520691,-0.2101142406463623,0.0001,-0.29981446266174316,-0.30027684569358826,-0.3002311885356903,0.30026811361312866,0.19997811317443848,-0.19987475872039795,-0.3001444339752197,0.3005776107311249,-0.25034409761428833,-0.20001497864723206,-0.19999945163726807,-0.14994597434997559,0.15031281113624573,0.017988093197345734,0.11925852298736572,0.017985712736845016,0.1191645935177803
2,10,19,10,10,1868,1868,0,0.0,1868,0,0.0,0,5.879235000000335,3.5294071001408156,2.053751400031615,1.9184577993873972,14.834534499997972,90.1815577314478,feasibility,feasibility_best,0.002595018440236648,0.0099564975205188,0.5540383244554202,0.0020328847070535025,0.00048665239143398745,0.002864583333333333,1.0011809835831325,0.6880423810333014,0.5666666666666667,2.3670921325683594,0.33435961604118347,0.2637663781642914,0.2040025293827057,0.1114262193441391,0.13035708665847778,0.17757463455200195,0.8215420842170715,0.0001,-0.2999741733074188,-0.30074283480644226,-0.300654798746109,0.3004342019557953,0.20011679828166962,-0.20014744997024536,-0.29987701773643494,0.30086085200309753,-0.25029322504997253,-0.20004361867904663,-0.1997067928314209,-0.15020425617694855,0.1504635065793991,0.017988935112953186,0.1191137507557869,0.018015800043940544,0.11915598809719086
3,20,29,10,10,2182,2182,0,0.0,2182,0,0.0,0,7.173226000013528,4.312084600067465,2.480082800058881,2.0707528994826134,18.365698899986455,85.438208873076,feasibility,phase_transition,-0.005005776882171631,0.006207065610215068,0.5681808254548482,-0.007584051588284118,0.0016276866274503325,0.019866071428571427,1.0003067578588214,0.5760360434651375,0.4142857142857143,2.1327264308929443,0.4459015130996704,0.30334755778312683,0.17029842734336853,0.09007271379232407,0.2756030857563019,0.24614305794239044,0.9118331074714661,0.0001,-0.30001100897789,-0.3015868067741394,-0.3016067147254944,0.3007548153400421,0.19982224702835083,-0.20072519779205322,-0.3001151382923126,0.30097177624702454,-0.2503040134906769,-0.1998535692691803,-0.19950662553310394,-0.15027830004692078,0.1505325883626938,0.017962053418159485,0.11929658055305481,0.018003448843955994,0.11908910423517227
4,30,39,10,10,2336,2336,0,0.0,2336,0,0.0,0,7.751210299989907,4.675225799815962,2.7115798000013456,2.282992199267028,20.513169600017136,82.64819565347754,quality,not_promoted,-0.00021717767860438372,0.005217904078686056,0.5533721825561008,-0.0031419478268740145,0.0014597915956196753,0.014358108108108109,1.0001467385807552,0.4590776571752252,0.33783783783783783,1.41958749294281,0.5730732679367065,0.34351468086242676,0.14334990084171295,0.08901174366474152,0.4297234117984772,0.3132798373699188,0.9328565001487732,0.0001,-0.30048447847366333,-0.3021315038204193,-0.3022468686103821,0.3013414442539215,0.19968320429325104,-0.20110668241977692,-0.2999120354652405,0.3009061813354492,-0.24958793818950653,-0.20006117224693298,-0.19927096366882324,-0.15061485767364502,0.15047913789749146,0.01799159310758114,0.11984594166278839,0.017995253205299377,0.11912789195775986
5,40,49,10,10,2995,2995,0,0.0,2995,0,0.0,0,13.947277899977053,7.414648599951761,4.0108320999424905,2.9746397005801555,25.955748300009873,75.05696397535336,quality,not_promoted,6.710299033116787e-05,0.0033234798335817026,0.43854300424139553,-0.0026565871122194097,0.0018649613751009345,0.025308328125863633,1.0003409176430804,0.3836618688036787,0.2127659574468085,1.168837070465088,0.7497543692588806,0.3462751805782318,0.10363203287124634,0.08359061926603317,0.6461223363876343,0.34830066561698914,0.9417263269424438,0.0001,-0.3006768822669983,-0.30303865671157837,-0.3030143082141876,0.30201369524002075,0.1994897574186325,-0.20152300596237183,-0.30011799931526184,0.3011772036552429,-0.24973727762699127,-0.20006199181079865,-0.19949287176132202,-0.1506095975637436,0.15057827532291412,0.01802605576813221,0.12072176486253738,0.01796952448785305,0.1191113293170929
6,50,59,10,10,2231,2231,0,0.0,2231,0,0.0,0,7.08068290000665,4.2825530997652095,2.7104603999468964,2.1686681000865065,18.12816140000359,88.50068545185523,quality,not_promoted,0.0013498536976320403,0.003400373673399112,0.5907216097627367,-0.0028571759350597857,0.0024020024625185346,0.028794642857142855,0.9987500497273036,0.46537714706999916,0.35714285714285715,1.3819639682769775,0.8653002977371216,0.2954801917076111,0.12217246741056442,0.06896407902240753,0.7431278228759766,0.30185478925704956,0.9455260038375854,0.0001,-0.30080896615982056,-0.30382582545280457,-0.3037217855453491,0.3027763366699219,0.19953511655330658,-0.20212030410766602,-0.3005375266075134,0.30171164870262146,-0.24981018900871277,-0.20013485848903656,-0.19938236474990845,-0.15082627534866333,0.15085440874099731,0.018116965889930725,0.12147745490074158,0.017945868894457817,0.1191035807132721
7,60,69,10,10,2421,2421,0,0.0,2421,0,0.0,0,9.671762599988142,5.145624699915061,3.3555095000192523,2.394949199457187,20.910513800015906,79.16349876426071,quality,not_promoted,-0.0016046511622047738,0.0028204573617059444,0.5493504785393414,-0.005687927183891206,0.0025513859857854092,0.028868234863406735,1.000585403881575,0.36839140843796103,0.2236842105263158,1.2699024677276611,0.9255697727203369,0.3091285824775696,0.10952337831258774,0.07096534222364426,0.8160464763641357,0.3167709708213806,0.9472995400428772,0.0001,-0.3013041615486145,-0.3049546182155609,-0.30477553606033325,0.303844690322876,0.19926533102989197,-0.20290224254131317,-0.3010938763618469,0.3017737567424774,-0.25001972913742065,-0.20055188238620758,-0.19983816146850586,-0.15072573721408844,0.1508871167898178,0.018200905993580818,0.12274262309074402,0.01794269308447838,0.11888697743415833
8,70,79,10,10,1937,1937,0,0.0,1937,0,0.0,0,14.134240999992471,3.7798673996294383,9.953358099970501,2.165170999680413,15.288407500018366,65.83363832794612,quality,not_promoted,0.004801452760734866,0.0028841026914080666,0.595440998673439,0.0002890938156915288,0.0018893372560400635,0.023689516129032258,0.9985380999503597,0.4288241685398163,0.2903225806451613,1.1859618425369263,1.1320816278457642,0.23465776443481445,0.10507682710886002,0.08005212992429733,1.0270047187805176,0.24484245479106903,0.8836206197738647,0.0001,-0.30164653062820435,-0.3057572543621063,-0.30546918511390686,0.3044706881046295,0.19918708503246307,-0.20335786044597626,-0.30172479152679443,0.3022195100784302,-0.2502153515815735,-0.20070064067840576,-0.1996791660785675,-0.15109769999980927,0.15113592147827148,0.01816621795296669,0.12335703521966934,0.017946936190128326,0.11886360496282578
9,80,89,10,10,2051,2051,0,0.0,2051,0,0.0,0,7.1899378999951296,4.130969100020593,2.4907228999654762,2.230082600231981,17.608852100005606,82.70564813847527,quality,not_promoted,-0.00440811426519896,0.0018120920285582542,0.635979582866033,-0.009861863768574867,0.0019949865427131017,0.020359848484848484,1.0013606746991475,0.4271285426661824,0.19696969696969696,2.2774555683135986,1.1448827981948853,0.28620150685310364,0.0922260656952858,0.07569857686758041,1.0526565313339233,0.2996450662612915,0.9300429224967957,0.0001,-0.3017801344394684,-0.3064687252044678,-0.3061038851737976,0.30501869320869446,0.19924011826515198,-0.20387548208236694,-0.3021825850009918,0.3019610345363617,-0.2504408657550812,-0.2006501406431198,-0.19959095120429993,-0.15116062760353088,0.15107819437980652,0.018207307904958725,0.12403300404548645,0.0179375521838665,0.11897176504135132
10,90,99,10,10,2027,2027,0,0.0,2027,0,0.0,0,6.708218999992823,3.9752145994571038,2.106461399962427,2.1502915994497016,16.876838399999542,85.94424705536889,quality,not_promoted,-0.0005531436909222975,0.0014651230130766635,0.6268426012247801,-0.006089008369599469,0.002283286947204033,0.028541742358356714,1.0000372854992747,0.433691979967989,0.328125,0.9823310375213623,1.2564022541046143,0.21486954391002655,0.06913115084171295,0.07030413299798965,1.187270998954773,0.22465792298316956,0.8929437398910522,0.0001,-0.30166685581207275,-0.30706435441970825,-0.3066428601741791,0.30530402064323425,0.19928541779518127,-0.20423302054405212,-0.3020172417163849,0.30154934525489807,-0.25054407119750977,-0.20045927166938782,-0.1996675729751587,-0.15110698342323303,0.1508650779724121,0.018247229978442192,0.12437431514263153,0.01795055903494358,0.11908978223800659
11,100,109,10,10,2071,2071,0,0.0,2071,0,0.0,0,7.770219300000463,4.019761499919696,3.449054700002307,2.1404652989585884,17.61940009999671,81.568769006448,quality,not_promoted,0.0019441204089106936,0.0012641382217583614,0.5573212025743542,-0.002997022531362194,0.0028625826993392725,0.034934947323618515,0.9982307291392124,0.3473604596925504,0.18181818181818182,0.77559494972229,1.3192218542099,0.23934340476989746,0.06137863174080849,0.06598235666751862,1.257843017578125,0.23691736161708832,0.9240001440048218,0.0001,-0.301276832818985,-0.30702120065689087,-0.30658650398254395,0.30518269538879395,0.19936421513557434,-0.20433883368968964,-0.3016362190246582,0.3011747896671295,-0.25060972571372986,-0.200005441904068,-0.19956588745117188,-0.15093186497688293,0.15066243708133698,0.018311724066734314,0.12440945208072662,0.017977410927414894,0.11902391910552979
12,110,119,10,10,2727,2727,0,0.0,2727,0,0.0,0,10.424048299988499,5.895501800085185,3.421665000030771,2.554085801151814,24.06601770000998,79.0662447558123,quality,not_promoted,-0.0009281474793719691,0.0010697517156882516,0.4534022485794023,-0.004927293738610176,0.0022918201406313065,0.03074221081252015,0.999680906534195,0.31302482011013255,0.16279069767441862,0.7828645706176758,1.394670009613037,0.2554550766944885,0.0473349392414093,0.06097850203514099,1.3473351001739502,0.2622944116592407,0.9430197477340698,0.0001,-0.30147770047187805,-0.3068329393863678,-0.30644330382347107,0.3054124712944031,0.199318990111351,-0.20463049411773682,-0.30142539739608765,0.3011295199394226,-0.2509324848651886,-0.1999882310628891,-0.20012734830379486,-0.15067844092845917,0.15065303444862366,0.018374832347035408,0.12444652616977692,0.017976494506001472,0.11922378093004227
13,120,129,10,10,2251,2251,0,0.0,2251,0,0.0,0,7.200103999988642,4.293273800140014,2.6576231000071857,2.132578900520457,19.123889999988023,85.51133995859425,quality,not_promoted,-0.004123817831795249,0.0008024775094478779,0.49031868163082337,-0.00862576553481631,0.0018783501962186871,0.02426609852247768,0.9991179505983988,0.29744542027927107,0.09722222222222222,0.7034826874732971,1.432460904121399,0.23435543477535248,0.039801180362701416,0.05474143475294113,1.3926597833633423,0.22069069743156433,0.9454389810562134,0.0001,-0.30141544342041016,-0.3067876994609833,-0.30642715096473694,0.30551883578300476,0.19950436055660248,-0.20480023324489594,-0.30157917737960815,0.30149391293525696,-0.2511797249317169,-0.19997847080230713,-0.2000705450773239,-0.15073177218437195,0.15084458887577057,0.018405549228191376,0.12457087635993958,0.018000053241848946,0.11931502819061279
14,130,139,10,10,2085,2085,0,0.0,2085,0,0.0,0,8.31202840001788,4.191818700259319,3.5534132000175305,2.087125200399896,17.357256799994502,81.22547954701108,quality,catastrophic_rolled_back,0.0008690980912157984,0.0007671360071981326,0.5528904217662234,-0.0042762379020904046,0.001685067762247689,0.020359848484848484,1.001795912330801,0.36228956033786136,0.21212121212121213,0.8154217004776001,1.4657269716262817,0.25407370924949646,0.025219902396202087,0.047479815781116486,1.440506935119629,0.2443258911371231,0.9650780558586121,0.0001,-0.3013819754123688,-0.3070586919784546,-0.30660465359687805,0.3059128224849701,0.19983822107315063,-0.2050555795431137,-0.3009800314903259,0.3011544644832611,-0.2510280907154083,-0.19974663853645325,-0.19979771971702576,-0.15042850375175476,0.15063291788101196,0.018388306722044945,0.12461098283529282,0.018013548105955124,0.11946593970060349
15,140,149,10,10,2022,2022,0,0.0,2022,0,0.0,0,6.566055799979949,4.001153099961812,2.1989423999912106,2.0241903000569437,16.515772100014146,87.60138099810186,quality,not_promoted,0.0010516056645428762,0.0012431157606442866,0.5404916615225375,-0.003731752891326323,0.0007859967736294493,0.006925884052179754,1.0005579190328717,0.374664040398784,0.234375,0.8520919680595398,1.423064947128296,0.24115952849388123,0.04452510178089142,0.06471409648656845,1.3785400390625,0.2383285015821457,0.9279906749725342,0.0001,-0.3012242913246155,-0.30714187026023865,-0.3067448139190674,0.3053465187549591,0.1995820701122284,-0.20457443594932556,-0.30174386501312256,0.3013680875301361,-0.2509053647518158,-0.19986484944820404,-0.19931119680404663,-0.15105077624320984,0.1506943702697754,0.018320657312870026,0.12454044818878174,0.017965048551559448,0.11887968331575394
16,150,159,10,10,2292,2292,0,0.0,2292,0,0.0,0,16.93455009997706,4.555470100196544,12.126827500003856,2.2558410994824953,20.663964399980614,60.95985520924185,quality,not_promoted,0.0003506761147744126,0.0008196364340417656,0.5689951413207583,-0.004929456649632711,0.001394729656668561,0.017027243609643646,1.0002683260374599,0.31792066898196936,0.1527777777777778,0.9247909188270569,1.4197255373001099,0.2318340539932251,0.040905460715293884,0.056697119027376175,1.3788199424743652,0.23235337436199188,0.940190851688385,0.0001,-0.30113840103149414,-0.3076069951057434,-0.30722537636756897,0.3055151104927063,0.19954092800617218,-0.20513539016246796,-0.3018549084663391,0.30151212215423584,-0.2506212294101715,-0.2002551555633545,-0.19927909970283508,-0.1510062962770462,0.15075437724590302,0.01836106739938259,0.12475111335515976,0.01796886883676052,0.11872829496860504
17,160,169,10,10,2235,2235,0,0.0,2235,0,0.0,0,8.449796400003834,4.543456299812533,2.9738033000321593,2.352198699984001,18.77557940001134,82.09253074841871,quality,not_promoted,-2.833155116864613e-05,0.0006680665783018672,0.5456701274429049,-0.005150999957030373,0.0018605498106418444,0.0234375,0.9972553491592407,0.36838810252291815,0.2571428571428571,0.8617801666259766,1.4581845998764038,0.22475150227546692,0.024979403242468834,0.04171713441610336,1.4332051277160645,0.2074359506368637,0.9655472636222839,0.0001,-0.3014964163303375,-0.3075701892375946,-0.30725571513175964,0.30571669340133667,0.19934381544589996,-0.20526859164237976,-0.30216097831726074,0.30144986510276794,-0.2504904568195343,-0.20039504766464233,-0.19926784932613373,-0.1509692370891571,0.15071621537208557,0.01834561675786972,0.12478997558355331,0.017955653369426727,0.11872106045484543
18,170,179,10,10,1826,1826,0,0.0,1826,0,0.0,0,6.319090000004508,3.577970699960133,2.059577899897704,1.7670521997788455,14.66043219997664,87.03725387995924,quality,not_promoted,0.0018179250463586428,0.0005600636233856645,0.5374013421864345,-0.003276056870978711,0.0009185975489752559,0.009634888441912058,1.0004038009150276,0.30678140564725315,0.15517241379310345,0.7806836366653442,1.494422197341919,0.27766692638397217,0.012261955998837948,0.04453727975487709,1.482160210609436,0.26714617013931274,0.9742724299430847,0.0001,-0.3011849522590637,-0.30759817361831665,-0.3072015047073364,0.305580735206604,0.19921176135540009,-0.2051604688167572,-0.302558958530426,0.30134692788124084,-0.25042521953582764,-0.2006404846906662,-0.19933897256851196,-0.15105471014976501,0.15066592395305634,0.01834651455283165,0.12471882253885269,0.017925435677170753,0.11880291253328323
19,180,189,10,10,1878,1878,0,0.0,1878,0,0.0,0,6.258846799988532,3.690023499832023,1.9774512999574654,1.7942358993168455,15.057889199990314,88.09979163798171,quality,not_promoted,7.65048898756504e-06,0.00038337652003974656,0.49572174648443856,-0.004757877602241933,0.001378123800289662,0.01687973489363988,1.0002562155326207,0.23692091796547174,0.05,0.8869706392288208,1.4936410188674927,0.2645130157470703,0.006253404542803764,0.03324321284890175,1.4873876571655273,0.2595529556274414,0.9842053055763245,0.0001,-0.30124807357788086,-0.30762723088264465,-0.30706673860549927,0.30565690994262695,0.19921572506427765,-0.20522816479206085,-0.30328240990638733,0.3016911447048187,-0.25042375922203064,-0.20123644173145294,-0.19969700276851654,-0.15132009983062744,0.1508539319038391,0.01835981383919716,0.12481094896793365,0.01792426034808159,0.11916249990463257
20,190,199,10,10,1803,1803,0,0.0,1803,0,0.0,0,5.897118599998066,3.3925283999415115,1.9356700000353158,1.9061035005724989,14.448095900006592,88.62034853452084,quality,not_promoted,-0.00021665055176307415,0.00030137160313737195,0.5194919551240986,-0.005260884231919873,0.0008828576266813766,0.005926724137931034,0.9992418587207794,0.3164968431509774,0.1724137931034483,1.0541296005249023,1.4830015897750854,0.28562551736831665,-0.0010808297665789723,0.025872187688946724,1.4840824604034424,0.2827198803424835,0.9917951226234436,0.0001,-0.30075475573539734,-0.30784502625465393,-0.30723854899406433,0.3055309057235718,0.19915246963500977,-0.20536421239376068,-0.30355578660964966,0.3016934394836426,-0.2504109740257263,-0.20175673067569733,-0.20002196729183197,-0.15120306611061096,0.15083853900432587,0.01833709143102169,0.12497658282518387,0.017964273691177368,0.11973268538713455
21,200,209,10,10,1987,1987,0,0.0,1987,0,0.0,0,6.872065900010057,3.909672199806664,2.2460186000098474,1.838179798971396,16.019023000000743,86.80233643228141,quality,not_promoted,-0.006792967760702595,0.00022453018732448982,0.4552091369405389,-0.011232793614908587,0.0012001953509752639,0.02197265625,1.0001687416806817,0.20066551270429045,0.015625,0.7526077032089233,1.4930897951126099,0.2884255051612854,-0.0005423317779786885,0.02365194633603096,1.4936323165893555,0.2848209738731384,0.9932754039764404,0.0001,-0.30072838068008423,-0.30802419781684875,-0.30745893716812134,0.3057204782962799,0.1992187649011612,-0.20557750761508942,-0.30381155014038086,0.30175113677978516,-0.2505056858062744,-0.2019699513912201,-0.20064280927181244,-0.15120071172714233,0.15086986124515533,0.018346255645155907,0.12506072223186493,0.018006540834903717,0.120330311357975
22,210,219,10,10,1826,1826,0,0.0,1826,0,0.0,0,6.850780399981886,3.6433600994641893,2.8468978000455536,1.8495513994130306,14.48510210000677,85.583523437616,quality,not_promoted,0.001591199687842665,0.0002568371474526116,0.5097711384296417,-0.003378092853256084,0.0008997854792737756,0.008890086206896552,0.9988834868217337,0.25437078425853415,0.034482758620689655,0.5592336654663086,1.5014150142669678,0.2915996313095093,3.760582330869511e-05,0.022353211417794228,1.5013772249221802,0.29378828406333923,0.9941236972808838,0.0001,-0.30093902349472046,-0.30818113684654236,-0.3076961040496826,0.3059793710708618,0.19904117286205292,-0.20570199191570282,-0.3040042519569397,0.3018135130405426,-0.25038942694664,-0.20215938985347748,-0.20084403455257416,-0.15113608539104462,0.15090101957321167,0.018359938636422157,0.1251288205385208,0.01804053783416748,0.12080056965351105
23,220,229,10,10,2528,2528,0,0.0,2528,0,0.0,0,9.468829299992649,5.425044999923557,2.719121100002667,2.3339885994791985,21.872242500016,80.66093004513337,quality,not_promoted,0.00018386251758784056,0.0001968728804058628,0.44716263711452486,-0.004189327757922001,0.0010812370630446822,0.0123046875,0.9987789772450923,0.2368865534197539,0.0875,0.8380934596061707,1.5546778440475464,0.2797039747238159,0.003089676145464182,0.017272576689720154,1.5515880584716797,0.27923882007598877,0.9961865544319153,0.0001,-0.3012736439704895,-0.3083338439464569,-0.3077077567577362,0.3061067759990692,0.199037566781044,-0.2059507817029953,-0.3041123151779175,0.30221375823020935,-0.24977760016918182,-0.20257346332073212,-0.20106205344200134,-0.15141211450099945,0.15114270150661469,0.018367093056440353,0.12530145049095154,0.0180552676320076,0.12119853496551514
24,230,239,10,10,1919,1919,0,0.0,1919,0,0.0,0,7.223628000007011,3.8976673001307063,2.6259727000433486,1.6981102006975561,15.387121999985538,84.8711343056127,quality,not_promoted,-0.00036507352100064355,0.00019041881168959662,0.47057436058918634,-0.004975607246160507,0.0006879494510940276,0.009118716946492593,1.0001791169246037,0.1797506058588624,0.03333333333333333,0.7497955560684204,1.5240733623504639,0.2798521816730499,0.0002512098872102797,0.020843736827373505,1.5238221883773804,0.2829393446445465,0.9944525361061096,0.0001,-0.30150800943374634,-0.3087880313396454,-0.30811405181884766,0.30653804540634155,0.19899921119213104,-0.20623314380645752,-0.30435508489608765,0.3018030524253845,-0.24959015846252441,-0.2027895301580429,-0.2009716033935547,-0.15129175782203674,0.150919571518898,0.01833796687424183,0.12556464970111847,0.01803925447165966,0.1211700290441513
25,240,249,10,10,1712,1712,0,0.0,1712,0,0.0,0,5.541081899980782,3.2131750999833457,1.8737715000170283,1.5881653004034888,12.876741799991578,92.95343618706532,quality,not_promoted,0.0018300826109393879,0.00018452448192099973,0.43431655952224024,-0.00242082084339388,0.00043201330441257194,0.0023148148148148147,1.0000798205534618,0.17328065116372374,0.037037037037037035,0.5333777070045471,1.4585028886795044,0.2724321186542511,-0.0029838259797543287,0.014927169308066368,1.4614866971969604,0.2754993140697479,0.9969978332519531,0.0001,-0.30204471945762634,-0.3093143105506897,-0.3086206614971161,0.30721989274024963,0.1986902952194214,-0.2064918726682663,-0.304762601852417,0.3017928898334503,-0.250038206577301,-0.20317336916923523,-0.20118868350982666,-0.15147733688354492,0.15091033279895782,0.018357092514634132,0.1258724331855774,0.018027272075414658,0.12142316997051239
26,250,259,10,10,2238,2238,0,0.0,2238,0,0.0,0,8.913900599989574,4.523167899926193,4.435216899990337,1.9970151999150403,18.40682659999584,81.91582836057141,quality,not_promoted,-0.0003949995684836592,0.00015490993454087793,0.39298631208283563,-0.0042474072692649705,0.0006395586656123799,0.004910714285714286,0.9997378315244402,0.179816606427942,0.02857142857142857,0.622991681098938,1.507194995880127,0.2624884247779846,0.0012350842589512467,0.01348155178129673,1.5059601068496704,0.26229432225227356,0.9973620772361755,0.0001,-0.30186131596565247,-0.3100460469722748,-0.3093712031841278,0.30752408504486084,0.1981980800628662,-0.20670422911643982,-0.3054141402244568,0.30232375860214233,-0.2502322196960449,-0.2037586122751236,-0.20133444666862488,-0.15169835090637207,0.15118680894374847,0.018389584496617317,0.12601879239082336,0.018038557842373848,0.12154024094343185
27,260,269,10,10,1984,1984,0,0.0,1984,0,0.0,0,8.701753400004236,3.9903446002863348,4.009444200026337,1.7608440992771648,15.460779799992451,82.11059592047542,quality,not_promoted,-1.097602709647148e-05,0.0001520794178377987,0.3990481399720715,-0.003925417309566852,0.0003738425551883636,0.0017641129032258064,1.0005427214407152,0.17213601246476173,0.03225806451612903,0.5423047542572021,1.5209444761276245,0.2722003757953644,-0.0005060227122157812,0.013702385127544403,1.5214506387710571,0.27357587218284607,0.997465968132019,0.0001,-0.3020757734775543,-0.3105079233646393,-0.309871643781662,0.3079403042793274,0.1981065273284912,-0.20698164403438568,-0.30505695939064026,0.3023429214954376,-0.25005394220352173,-0.20444141328334808,-0.20148535072803497,-0.15165001153945923,0.15119461715221405,0.018412675708532333,0.12630897760391235,0.018072834238409996,0.12174766510725021
28,270,279,10,10,2010,2010,0,0.0,2010,0,0.0,0,16.033571900014067,3.994701999996323,11.248050900059752,1.6851933001889847,15.996080399985658,62.75434966242257,quality,not_promoted,-0.0021896967518841848,0.0001157354641350139,0.40935607394203544,-0.006225389970495598,0.0006024309204804013,0.0106107271858491,1.0012421822175384,0.19243021617876366,0.0625,0.6480517387390137,1.511298656463623,0.2738916277885437,0.00046180663048289716,0.012261966243386269,1.5108366012573242,0.2728656530380249,0.9979956746101379,0.0001,-0.3018440306186676,-0.3109171688556671,-0.31027719378471375,0.3080880045890808,0.19799813628196716,-0.20713268220424652,-0.3054884970188141,0.30315181612968445,-0.24972683191299438,-0.20519354939460754,-0.20208381116390228,-0.1518697589635849,0.15161551535129547,0.01842675358057022,0.12651294469833374,0.018152175471186638,0.122784823179245
29,280,289,10,10,2289,2289,0,0.0,2289,0,0.0,0,8.977737700013677,4.4356405004509725,4.220870399993146,1.9027927005372476,18.553304999979446,83.1425102544544,quality,not_promoted,1.3940553698274824e-05,0.00012560107683788778,0.3749229297455814,-0.003672488609380606,0.0005498880010337518,0.005425347222222222,0.9996544727020793,0.1680185670653979,0.0,0.4102380871772766,1.5323823690414429,0.26665061712265015,-0.00010656011727405712,0.01221730001270771,1.5324891805648804,0.26722872257232666,0.9979007244110107,0.0001,-0.30208471417427063,-0.3111341893672943,-0.3104523718357086,0.3083120584487915,0.19807472825050354,-0.2073974460363388,-0.3060915172100067,0.3040500581264496,-0.24965547025203705,-0.20593050122261047,-0.20199142396450043,-0.15206289291381836,0.15210416913032532,0.01844395510852337,0.12661872804164886,0.01815634034574032,0.12320540845394135
30,290,299,10,10,2278,2278,0,0.0,2278,0,0.0,0,7.544892899983097,4.448013599903788,2.6696194999676663,1.8870545995305292,19.018027299985988,85.75864335889739,quality,not_promoted,-4.1464317796958814e-05,9.331119720930776e-05,0.4045046203666263,-0.004039854959248462,0.00034209764640359534,0.0008680555555555555,1.000357936653826,0.16879220669054323,0.013888888888888888,0.5697966814041138,1.5283854007720947,0.2692413330078125,0.0006526181823574007,0.01032496802508831,1.5277328491210938,0.2691550850868225,0.9985293745994568,5e-05,-0.30186760425567627,-0.31144052743911743,-0.31076934933662415,0.30851995944976807,0.19814546406269073,-0.20770040154457092,-0.30607110261917114,0.303828626871109,-0.24980725347995758,-0.20619603991508484,-0.20196755230426788,-0.1520848423242569,0.15196216106414795,0.01844159886240959,0.12672048807144165,0.018179012462496758,0.12337347865104675
31,300,309,10,10,2228,2228,0,0.0,2228,0,0.0,0,7.516818400006741,4.446004999917932,2.5511249999981374,1.8021457996801473,18.130390799982706,86.87105028179505,quality,not_promoted,-0.0010243871648396765,0.00010811043601799091,0.40732874870300295,-0.005043620027468673,0.00023234263951183365,0.0017857142857142857,0.9993086465767451,0.15685624980500767,0.02857142857142857,0.5252218246459961,1.5356084108352661,0.27499866485595703,-0.0001815302821341902,0.010754819959402084,1.5357900857925415,0.2744729220867157,0.9984705448150635,5e-05,-0.3018725514411926,-0.31151869893074036,-0.3108687996864319,0.3086795508861542,0.1980942338705063,-0.20782428979873657,-0.3061584234237671,0.3038243055343628,-0.24997276067733765,-0.20623274147510529,-0.20212194323539734,-0.15202201902866364,0.15196889638900757,0.018454594537615776,0.1267874389886856,0.018198909237980843,0.12358342856168747
32,310,319,10,10,2605,2605,0,0.0,2605,0,0.0,0,17.12979659999837,5.108154900430236,12.312518299993826,2.0699289006879553,22.184073400014313,66.2616018214223,quality,not_promoted,-0.0020146293440697397,0.00010626857772699512,0.40199486693231073,-0.00598144342146087,0.001053676961796222,0.016738651774641945,0.9995846014197279,0.17277015454885436,0.024390243902439025,0.5130322575569153,1.57902991771698,0.24854891002178192,-0.0005618756986223161,0.010628136806190014,1.5795918703079224,0.24889761209487915,0.9981715083122253,5e-05,-0.30178144574165344,-0.3117978274822235,-0.31119847297668457,0.3088659644126892,0.19795164465904236,-0.20806948840618134,-0.3065964877605438,0.304081529378891,-0.2502869963645935,-0.20660731196403503,-0.2024221122264862,-0.15218789875507355,0.1521124392747879,0.018462542444467545,0.12695376574993134,0.018207954242825508,0.12388297915458679
33,320,329,10,10,2228,2228,0,0.0,2228,0,0.0,0,17.85080879999441,4.212387699983083,13.657556199992541,1.7953308998257853,17.882225199980894,62.351268576901134,quality,not_promoted,-0.0005548702819006783,0.00010490133323141241,0.42755948049681525,-0.004778015034805451,0.00034627438586280084,0.0048420329711266925,0.9995990906442914,0.23215628809162547,0.07142857142857142,0.6376859545707703,1.5517809391021729,0.27744513750076294,-0.00023860068176873028,0.010337578132748604,1.552019476890564,0.2761414647102356,0.9986116886138916,5e-05,-0.3018433451652527,-0.3118636906147003,-0.31127071380615234,0.30901920795440674,0.19796670973300934,-0.208100825548172,-0.30697399377822876,0.3043443560600281,-0.25045013427734375,-0.2069559246301651,-0.20258131623268127,-0.15226884186267853,0.1522480994462967,0.018482105806469917,0.12698118388652802,0.018205836415290833,0.12406355887651443
34,330,339,10,10,1974,1974,0,0.0,1974,0,0.0,0,6.527059999993071,3.75100329995621,2.0804640999413095,1.7753101995913312,15.51055579999229,89.57411808591887,quality,not_promoted,-0.00014662521801167918,7.615458079887884e-05,0.4511798562542085,-0.0046203460529326435,0.0006348838425999988,0.0,0.9998921559702966,0.17579423005302106,0.016129032258064516,0.6221050024032593,1.4862385988235474,0.26477882266044617,0.0001865255762822926,0.009338421747088432,1.4860520362854004,0.2630523443222046,0.9987561106681824,5e-05,-0.30161798000335693,-0.31209272146224976,-0.31150496006011963,0.3090801239013672,0.19800925254821777,-0.20833174884319305,-0.30701079964637756,0.3045525550842285,-0.25056537985801697,-0.2071525901556015,-0.20254234969615936,-0.1522407829761505,0.15235739946365356,0.01849118247628212,0.12711046636104584,0.01821381226181984,0.12408240884542465
35,340,349,10,10,2203,2203,0,0.0,2203,0,0.0,0,7.276814999990165,4.3084483997372445,2.5304507999971975,1.9067625995667186,18.08268799999496,86.87078764916222,quality,not_promoted,-0.002523450320586562,0.0001220839195281899,0.41167471025671276,-0.006579155438313527,0.0007906472534939114,0.004241071428571428,0.9996262448174613,0.18528103700705936,0.0,0.48072633147239685,1.4880917072296143,0.2661120593547821,-0.0010142427636310458,0.011601714417338371,1.4891058206558228,0.2666243016719818,0.9980992674827576,5e-05,-0.3016495406627655,-0.3123953342437744,-0.3118031620979309,0.30940449237823486,0.1979941427707672,-0.2085055410861969,-0.30730459094047546,0.3050144612789154,-0.25068944692611694,-0.2075158953666687,-0.2025279551744461,-0.15229053795337677,0.15260577201843262,0.01850781962275505,0.12725165486335754,0.018212396651506424,0.12417557090520859
36,350,359,10,10,2282,2282,0,0.0,2282,0,0.0,0,7.406718499987619,4.412190099945292,2.416918900067685,1.9079457994084805,18.89249130000826,86.7706679156709,quality,not_promoted,-0.0018154193078064257,0.00010131470248274531,0.4206547252833843,-0.005971308810532921,0.000367085696173793,0.004991319444444444,1.0001810565590858,0.25974434743531877,0.09722222222222222,0.9063977599143982,1.5036813020706177,0.26632195711135864,4.37913004134316e-05,0.010318591259419918,1.503637433052063,0.2639788091182709,0.9984988570213318,5e-05,-0.3015808165073395,-0.31256431341171265,-0.31198546290397644,0.3095090985298157,0.1979372650384903,-0.20870248973369598,-0.3074454069137573,0.30532217025756836,-0.2505970001220703,-0.20769080519676208,-0.20267148315906525,-0.15228888392448425,0.1527690440416336,0.018497977405786514,0.1273561716079712,0.018203433603048325,0.12435788661241531
37,360,369,10,10,2239,2239,0,0.0,2239,0,0.0,0,7.4966739999945275,4.347811900166562,2.867421500006458,1.9217144008434843,18.73561659999541,85.35282084748096,quality,not_promoted,-0.0011032279181693281,8.851443037981101e-05,0.41949339721884044,-0.005253905603396041,0.000894028419030032,0.011830357142857142,0.999484315940312,0.1858139682561159,0.04285714285714286,0.5511451363563538,1.5209718942642212,0.27855974435806274,-0.0008041308028623462,0.009920557029545307,1.5217761993408203,0.2769632339477539,0.9987316727638245,5e-05,-0.3012736737728119,-0.3128516376018524,-0.3122561573982239,0.3095584809780121,0.19807572662830353,-0.20889832079410553,-0.30760788917541504,0.30553650856018066,-0.25069865584373474,-0.20813390612602234,-0.2028508186340332,-0.15245825052261353,0.15288491547107697,0.018503407016396523,0.1274474412202835,0.018185805529356003,0.1246078759431839
38,370,379,10,10,2186,2186,0,0.0,2186,0,0.0,0,7.802567299979273,4.316308300185483,3.5910736999940127,1.7728907996497583,17.827870100009022,85.2892194497234,quality,not_promoted,-0.0034642983760152543,8.619991931482218e-05,0.3687222744737353,-0.007108421776709812,0.0007483604696712324,0.010803571449858801,0.9994741805962154,0.16436544374695847,0.02857142857142857,0.6475991010665894,1.5213351249694824,0.26478374004364014,-0.00022278359392657876,0.009430735372006893,1.521558165550232,0.2647905647754669,0.9987314343452454,5e-05,-0.30127593874931335,-0.3132345676422119,-0.31263482570648193,0.3096807599067688,0.1981033980846405,-0.20915332436561584,-0.30785632133483887,0.30591368675231934,-0.25061896443367004,-0.2085920125246048,-0.20284295082092285,-0.15264974534511566,0.15308205783367157,0.018504198640584946,0.1276157796382904,0.01817968487739563,0.12462206184864044
39,380,389,10,10,2008,2008,0,0.0,2008,0,0.0,0,6.608081800019136,3.8438306000607554,2.611754999990808,1.6316305995278526,16.01910219999263,88.7428148371868,quality,not_promoted,0.0012127805675845593,8.654777406036374e-05,0.3876148909330368,-0.0026200945139862597,0.0001515022241846964,0.0,0.9997546002268791,0.156149172980804,0.015625,0.580521821975708,1.4908995628356934,0.27291494607925415,-0.0007827469962649047,0.009821439161896706,1.4916822910308838,0.27234774827957153,0.9987049102783203,5e-05,-0.30113163590431213,-0.31324952840805054,-0.3126375675201416,0.3094751834869385,0.1980174034833908,-0.20914475619792938,-0.3079318702220917,0.3061716556549072,-0.25040701031684875,-0.2090069204568863,-0.20292341709136963,-0.15273602306842804,0.1532137095928192,0.018496571108698845,0.12763643264770508,0.018175315111875534,0.12467531114816666
40,390,399,10,10,2048,2048,0,0.0,2048,0,0.0,0,7.199010399985127,4.1838172998977825,2.162569800100755,1.652243300282862,15.647345699981088,89.6423040522873,quality,not_promoted,-0.0004551479942165315,7.729024076752466e-05,0.3765233070589602,-0.0041817362543952186,0.0003384040464879945,0.003662109375,1.000098998658359,0.1746718535432592,0.015625,0.6439815163612366,1.4852067232131958,0.2683473825454712,-0.0013686157763004303,0.009340571239590645,1.486575722694397,0.2708553969860077,0.9987884163856506,5e-05,-0.3011907637119293,-0.31343892216682434,-0.31286248564720154,0.30961552262306213,0.198002889752388,-0.20940469205379486,-0.30796486139297485,0.3063952624797821,-0.2502293586730957,-0.20942574739456177,-0.2028367668390274,-0.1529400497674942,0.15334397554397583,0.01850905269384384,0.12777112424373627,0.018170954659581184,0.12469257414340973
41,400,409,10,10,2031,2031,0,0.0,2031,0,0.0,0,6.561787499987986,3.9492409000522457,2.366218800045317,1.575550800334895,15.800235900009284,90.8236237692269,quality,not_promoted,-0.0012452162918634713,7.147217360170544e-05,0.40041190572082996,-0.005213599506532773,0.00023389772741211345,0.000244140625,1.0006795786321163,0.1726378242019564,0.015625,0.5480007529258728,1.5146321058273315,0.2708430290222168,-0.00011773315782193094,0.009071366861462593,1.5147498846054077,0.2708088755607605,0.9988782405853271,5e-05,-0.3010958135128021,-0.3135297894477844,-0.3129322826862335,0.3096523880958557,0.1980372667312622,-0.20949998497962952,-0.3080407977104187,0.30643296241760254,-0.25021159648895264,-0.20970742404460907,-0.20273245871067047,-0.15301722288131714,0.1533651500940323,0.0185098759829998,0.12783536314964294,0.01817936636507511,0.12469040602445602
42,410,419,10,10,1769,1769,0,0.0,1769,0,0.0,0,5.4968028999865055,3.2252319998224266,2.1652168000582606,1.4913920005201362,13.277555599983316,94.2242580487021,quality,not_promoted,0.0006472501554526389,7.634312441950897e-05,0.41754617542028427,-0.003490039754459368,0.0004127877779995158,0.00908509362488985,1.0000906395060676,0.15704943226384266,0.017857142857142856,0.7229008674621582,1.479872226715088,0.28125470876693726,-0.00010950106661766768,0.008855142630636692,1.4799818992614746,0.28180408477783203,0.9990087151527405,5e-05,-0.30095288157463074,-0.31351327896118164,-0.31292569637298584,0.3095799386501312,0.19810351729393005,-0.2095780372619629,-0.3079667091369629,0.30647358298301697,-0.2501170337200165,-0.2099122405052185,-0.2027921825647354,-0.15301236510276794,0.15339326858520508,0.018512917682528496,0.12788821756839752,0.018185226246714592,0.12476827204227448
43,420,429,10,10,1897,1897,0,0.0,1897,0,0.0,0,6.2820124000136275,3.6516331000311766,2.132868899963796,1.657127299491549,14.795504299981985,90.00111478978901,quality,not_promoted,0.0006977660581469536,8.214425700619662e-05,0.4371887986858686,-0.00363304919252793,0.0001312432919348794,0.00026041666666666666,0.9994356175263722,0.23773021912202238,0.1,0.734466552734375,1.4715607166290283,0.27177107334136963,0.0007232849020510912,0.009780065156519413,1.4708374738693237,0.27319103479385376,0.9987049698829651,5e-05,-0.3009456396102905,-0.3136235475540161,-0.31302109360694885,0.30971500277519226,0.1981736719608307,-0.2095908224582672,-0.3079347312450409,0.30651968717575073,-0.2499982714653015,-0.2102571427822113,-0.2028130143880844,-0.15309734642505646,0.15341024100780487,0.018512900918722153,0.12792761623859406,0.018190031871199608,0.12480563670396805
44,430,439,10,10,1860,1860,0,0.0,1860,0,0.0,0,5.763721200026339,3.4647388001321815,2.324224600015441,1.6238170000142418,14.031476799980737,93.962182141312,quality,not_promoted,-0.0051478275718788305,9.36763148274622e-05,0.3926711251338323,-0.009027700669442614,7.669643964618445e-05,0.0,0.9998889048894246,0.23993374162043135,0.06666666666666667,3.5111501216888428,1.4861425161361694,0.2776358723640442,2.1552463294938207e-05,0.009624472819268703,1.4861210584640503,0.2765602767467499,0.9987983107566833,5e-05,-0.3009287416934967,-0.31380143761634827,-0.31313854455947876,0.3098830282688141,0.1981920748949051,-0.2097686529159546,-0.30788594484329224,0.30661824345588684,-0.2498694211244583,-0.21044470369815826,-0.20282906293869019,-0.15311452746391296,0.15346722304821014,0.018521379679441452,0.1279957890510559,0.018189335241913795,0.12483713775873184
45,440,449,10,10,2374,2374,0,0.0,2374,0,0.0,0,9.411344699998153,5.179962599824648,2.4044563999341335,1.9645175000478048,19.125625199987553,83.19033199110565,quality,not_promoted,-0.0022608379245196517,7.496440555673632e-05,0.3396624881578119,-0.005619980149755352,2.9014844214639435e-05,0.00020559210526315788,1.000186240986774,0.18354302767272057,0.013157894736842105,0.5041157007217407,1.4991346597671509,0.2468489408493042,-0.0004883818328380585,0.00908846128731966,1.4996229410171509,0.24539099633693695,0.9986444711685181,2.5e-05,-0.30100351572036743,-0.3140142858028412,-0.31335386633872986,0.3101002871990204,0.19818970561027527,-0.20986872911453247,-0.3079302906990051,0.3066983222961426,-0.2497752606868744,-0.21060466766357422,-0.20277610421180725,-0.1531660258769989,0.15352098643779755,0.0185265950858593,0.12808771431446075,0.018185265362262726,0.12484587728977203
46,450,459,10,10,2118,2118,0,0.0,2118,0,0.0,0,7.200305099977413,4.0591003998415545,2.7262916000036057,1.7701274997089058,17.291474300000118,86.47799595981756,quality,not_promoted,-0.002855662420830306,7.928113513223841e-05,0.41694677314337564,-0.006985489265335833,8.361009590504075e-05,0.0,0.9998816479654873,0.20208607772913048,0.058823529411764705,0.7171993851661682,1.5129241943359375,0.2654578685760498,0.0005013709887862206,0.009110174141824245,1.512422800064087,0.26569288969039917,0.9988222122192383,2.5e-05,-0.30098435282707214,-0.3140762746334076,-0.3134370446205139,0.3101516664028168,0.19827742874622345,-0.20989161729812622,-0.30798450112342834,0.306843638420105,-0.24973222613334656,-0.21072685718536377,-0.2028512805700302,-0.153208926320076,0.15360231697559357,0.018522493541240692,0.12812590599060059,0.018178250640630722,0.12490949779748917
47,460,469,10,10,2650,2650,0,0.0,2650,0,0.0,0,10.889679499989143,5.42326799989678,5.519008200004464,2.135197100637015,22.514867699996103,79.33051701419771,quality,not_promoted,0.0010542148679849647,8.113547942013524e-05,0.3904232601856902,-0.002809450440552263,2.573975259290151e-05,0.0,1.0000604831037068,0.1960449971236466,0.011904761904761904,0.5684536099433899,1.586302638053894,0.2517377436161041,-0.0009322383557446301,0.009506319649517536,1.5872350931167603,0.25041458010673523,0.9985739588737488,2.5e-05,-0.30089855194091797,-0.31421080231666565,-0.31356340646743774,0.3102615773677826,0.1982545405626297,-0.20996004343032837,-0.30819812417030334,0.3069063127040863,-0.24980276823043823,-0.21088074147701263,-0.20293383300304413,-0.15327833592891693,0.15363608300685883,0.018524939194321632,0.12818624079227448,0.018186252564191818,0.12500810623168945
48,470,479,10,10,2113,2113,0,0.0,2113,0,0.0,0,7.90096430000267,4.148240000155056,3.1495876999979373,1.7401448999880813,17.003180300001986,84.84531526529945,quality,not_promoted,0.011494893430020003,9.23113165941579e-05,0.4032594324911342,0.007508455125121947,0.0002618128474911346,0.003446691176470588,0.9999085989068536,0.23492439562345252,0.04411764705882353,1.4718055725097656,1.5339995622634888,0.27663329243659973,7.005669613135979e-05,0.010415876284241676,1.5339295864105225,0.2757004201412201,0.9985823035240173,2.5e-05,-0.3010466396808624,-0.31445276737213135,-0.31382811069488525,0.3105194866657257,0.1981830596923828,-0.21006986498832703,-0.30821940302848816,0.30701741576194763,-0.2497747242450714,-0.21100051701068878,-0.2028959095478058,-0.15334397554397583,0.1536940038204193,0.01851790025830269,0.12827672064304352,0.018192226067185402,0.1250344216823578
49,480,489,10,10,2241,2241,0,0.0,2241,0,0.0,0,7.530672900000354,4.365594699745998,2.635250299994368,1.927810500288615,18.580141699989326,85.82650653882264,quality,not_promoted,0.006261901205612553,9.518298515508327e-05,0.4342617889245351,0.0019668748039597026,0.001018563330742634,0.008680555555555556,0.998686745762825,0.23307910308034885,0.06944444444444445,0.5455237627029419,1.5363725423812866,0.2766905426979065,-0.0002700705954339355,0.009716489352285862,1.5366424322128296,0.2739311456680298,0.9987667798995972,2.5e-05,-0.3011315166950226,-0.31462401151657104,-0.3139806091785431,0.3107214868068695,0.19816458225250244,-0.2101317197084427,-0.30826446413993835,0.3071093261241913,-0.24978162348270416,-0.21110355854034424,-0.20296810567378998,-0.15338121354579926,0.153742715716362,0.018511643633246422,0.12833866477012634,0.018194278702139854,0.1251031905412674
50,490,499,10,10,1921,1921,0,0.0,1921,0,0.0,0,6.526655800000299,3.7105468998779543,2.3293818999663927,1.6149086993536912,15.079224799992517,88.91097917113542,quality,not_promoted,0.025356296795390306,0.00011492900466691935,0.42089286783049185,0.021204833354380344,4.704022449591467e-05,0.0,1.0000670004275538,0.1746907586291913,0.0,0.4148997962474823,1.515541911125183,0.28241783380508423,-0.0008563395822420716,0.01071072556078434,1.5163981914520264,0.28104791045188904,0.998561680316925,2.5e-05,-0.30125534534454346,-0.3146970868110657,-0.31404659152030945,0.3108804523944855,0.19813065230846405,-0.21018850803375244,-0.3083007335662842,0.3072538375854492,-0.2497735470533371,-0.21121668815612793,-0.20304478704929352,-0.15346795320510864,0.15382058918476105,0.018513629212975502,0.12836988270282745,0.018190937116742134,0.12517206370830536
51,500,509,10,10,1887,1887,0,0.0,1887,0,0.0,0,6.398675500007812,3.6123133998480625,2.1245508000138216,1.5663312998658512,14.451192800013814,90.5041687960227,quality,not_promoted,0.0014674668355534473,7.88785528735995e-05,0.40605442424615223,-0.0025536371783042946,0.0006492622963075215,0.011735551059246063,0.9987899512052536,0.16424736011152466,0.03333333333333333,0.6699894666671753,1.5453733205795288,0.26505157351493835,-0.002477590460330248,0.009823177009820938,1.5478509664535522,0.2614506781101227,0.9986264705657959,2.5e-05,-0.30130791664123535,-0.31484124064445496,-0.3141630291938782,0.3110697567462921,0.19810721278190613,-0.21027898788452148,-0.30840960144996643,0.3073793053627014,-0.24980124831199646,-0.21137838065624237,-0.20309746265411377,-0.1534893810749054,0.15388786792755127,0.018519269302487373,0.12842051684856415,0.018185915425419807,0.1252167969942093
52,510,519,10,10,2074,2074,0,0.0,2074,0,0.0,0,6.546043600013945,3.950270000146702,2.2424318000557832,1.707155899668578,16.682900400017388,89.28516078893652,quality,not_promoted,-0.00016351772302931005,8.448704603793114e-05,0.39125429613120627,-0.004033817563939727,0.0003260204690983907,0.0011837121212121212,1.0006153294534395,0.16546803718489228,0.045454545454545456,0.56731116771698,1.5268694162368774,0.27523675560951233,-0.0021971745882183313,0.009699451737105846,1.5290666818618774,0.27458783984184265,0.9987581372261047,2.5e-05,-0.3013656437397003,-0.3149239718914032,-0.314243882894516,0.3111956715583801,0.19802284240722656,-0.21038737893104553,-0.3084093928337097,0.3073539137840271,-0.24980907142162323,-0.21152037382125854,-0.2031225711107254,-0.15344810485839844,0.15387053787708282,0.018516452983021736,0.12845370173454285,0.018185269087553024,0.12525086104869843
53,520,529,10,10,1888,1888,0,0.0,1888,0,0.0,0,6.1885913999867626,3.539064099866664,2.351037800021004,1.5803515997540671,14.594266599975526,90.84409853560207,quality,not_promoted,-0.0015549419758220514,8.411258780445981e-05,0.39885248939196266,-0.005501409616166105,5.602198652923107e-05,0.0,1.0002530336380004,0.14541893204053244,0.0,0.4983803927898407,1.4754239320755005,0.2880410850048065,-0.0028043477796018124,0.009722168557345867,1.4782280921936035,0.28812849521636963,0.998860776424408,2.5e-05,-0.30142632126808167,-0.3150028884410858,-0.3143255114555359,0.3113146126270294,0.19802914559841156,-0.21040447056293488,-0.308340460062027,0.307362824678421,-0.2497391551733017,-0.2116551250219345,-0.20313823223114014,-0.15337873995304108,0.1538747102022171,0.018520765006542206,0.12848228216171265,0.018185749650001526,0.12528733909130096
54,530,539,10,10,6381,6381,0,0.0,6381,0,0.0,0,54.978741400002036,24.115628500207094,2.1549010000017006,8.811830501625082,52.32886690000305,59.46456268189604,quality,not_promoted,-0.00019805589225143193,0.018465253410122385,0.10801294413395227,0.007954441261827015,1.221909239466079e-06,0.0,0.9999954089522362,0.24223568642046303,0.07,1.1514955759048462,1.6975816488265991,0.24025507271289825,-0.0118668582290411,0.13731072843074799,1.7094485759735107,0.2053452432155609,0.6733641624450684,2.5e-05,-0.3014124631881714,-0.31501272320747375,-0.31433677673339844,0.31132280826568604,0.1980353593826294,-0.2104080468416214,-0.3083406984806061,0.30736297369003296,-0.24973934888839722,-0.21169902384281158,-0.20314806699752808,-0.15336711704730988,0.1538751870393753,0.01852121576666832,0.12848351895809174,0.018187666311860085,0.12529288232326508
55,540,549,10,10,2710,2710,0,0.0,2710,0,0.0,0,12.88479909999296,6.065894099971047,5.523289599950658,2.2708301013044547,22.49660089999088,76.59391657767182,quality,not_promoted,0.0009390144327352213,0.00014436974358199392,0.31641497497641763,-0.002152950259272096,0.0004678805856698556,0.003633720930232558,1.0000158236470333,0.18985682160615228,0.05813953488372093,0.7668431401252747,1.5201400518417358,0.24654768407344818,-0.0017826209077611566,0.008893201127648354,1.5219230651855469,0.24710841476917267,0.998698890209198,2.5e-05,-0.3013184070587158,-0.3150765001773834,-0.3143768906593323,0.31132593750953674,0.1980055719614029,-0.21046477556228638,-0.30844441056251526,0.3075137138366699,-0.24968835711479187,-0.21185021102428436,-0.20314881205558777,-0.1534256935119629,0.1539662927389145,0.01852262392640114,0.12850679457187653,0.018186544999480247,0.12534014880657196
56,550,559,10,10,1931,1931,0,0.0,1931,0,0.0,0,6.0510424000094645,3.5858524999930523,2.060793700045906,1.6512572002247907,15.039010699983919,91.55975050629938,quality,not_promoted,-0.0061439170742467525,7.908515656327513e-05,0.38756175531495,-0.009979992357623433,0.00030295364535225917,0.003528225806451613,1.0001987997562654,0.1378230438567698,0.016129032258064516,0.5271720886230469,1.5032250881195068,0.2752618193626404,-0.003361073089763522,0.00913094263523817,1.5065863132476807,0.2754444181919098,0.9988996386528015,2.5e-05,-0.3013138175010681,-0.31513819098472595,-0.3144097626209259,0.31137514114379883,0.1980379968881607,-0.21049587428569794,-0.3086073398590088,0.3077508509159088,-0.2496582567691803,-0.21209365129470825,-0.20321257412433624,-0.15346480906009674,0.154099240899086,0.01852484792470932,0.12852074205875397,0.01817973144352436,0.12542171776294708
57,560,569,10,10,2262,2262,0,0.0,2262,0,0.0,0,8.722771500004455,4.484767099871533,3.4526723000162747,1.826851899997564,18.80657680000877,82.16685608932171,quality,not_promoted,0.000295460938812337,7.40260516573067e-05,0.35919765734838116,-0.003259502428894242,0.00011922179129915851,0.0006510416666666666,1.0002583141128223,0.13735464122146368,0.0,0.35494935512542725,1.5388728380203247,0.2746199667453766,-0.0020706027280539274,0.008894517086446285,1.5409435033798218,0.27624452114105225,0.9989509582519531,2.5e-05,-0.3012278378009796,-0.31518828868865967,-0.31445467472076416,0.31134769320487976,0.19816121459007263,-0.21049635112285614,-0.3086821734905243,0.30786973237991333,-0.24955947697162628,-0.21227242052555084,-0.20333126187324524,-0.15347211062908173,0.1541634202003479,0.01852874457836151,0.12854140996932983,0.018179595470428467,0.12549345195293427
58,570,579,10,10,2489,2489,0,0.0,2489,0,0.0,0,9.818344200000865,4.754773300315719,5.841487900033826,2.100094499386614,21.308258800010663,79.96375319205498,quality,not_promoted,-0.0002706283464645728,7.572714891396642e-05,0.3414976233855272,-0.0036477399691461753,0.0001550041979032521,0.0006255623048696762,1.0000716233864808,0.16353191908162373,0.01282051282051282,0.5943502187728882,1.5474586486816406,0.2558997571468353,-0.001176516874693334,0.008975064381957054,1.5486351251602173,0.25623583793640137,0.9987699389457703,2.5e-05,-0.301225483417511,-0.3153109848499298,-0.31456777453422546,0.311362624168396,0.19823969900608063,-0.21051524579524994,-0.30865156650543213,0.307952880859375,-0.2494875192642212,-0.21239599585533142,-0.20334865152835846,-0.1534958928823471,0.15420198440551758,0.01853230595588684,0.12857387959957123,0.018186146393418312,0.1255205273628235
59,580,589,10,10,2186,2186,0,0.0,2186,0,0.0,0,9.40705710000475,4.307121099845972,5.299516400060384,1.7760241006617434,18.50083419997827,78.32909969809614,quality,not_promoted,-0.0021766717013503825,6.892947193201898e-05,0.384464411011764,-0.0059868508351168465,4.699032953275102e-05,0.0,1.0001139700412751,0.14553477881210192,0.014285714285714285,0.7642900943756104,1.528409481048584,0.28066807985305786,-0.0012693929020315409,0.0086350217461586,1.5296788215637207,0.2818005681037903,0.9990534782409668,2.5e-05,-0.30114129185676575,-0.31543803215026855,-0.314693421125412,0.3113718330860138,0.19828249514102936,-0.21059466898441315,-0.3087240755558014,0.3080551028251648,-0.24941249191761017,-0.21256837248802185,-0.20338080823421478,-0.15355409681797028,0.15425536036491394,0.01853984221816063,0.1286197155714035,0.018187444657087326,0.12555041909217834
60,590,599,10,10,2066,2066,0,0.0,2066,0,0.0,0,6.969802199979313,4.009576000098605,2.871588299953146,1.6447333004616667,16.923674200021196,86.46711618741072,quality,not_promoted,-0.0035996401795383654,7.551655989752335e-05,0.37830703908746893,-0.007344952495204228,9.164952176075586e-05,0.0,1.000142152562286,0.13006179384661443,0.030303030303030304,0.6602820754051208,1.4844204187393188,0.2669679820537567,-0.0028542405925691128,0.008787905797362328,1.4872746467590332,0.2676250636577606,0.9989164471626282,2.5e-05,-0.3010924756526947,-0.3155922591686249,-0.31485846638679504,0.3114343583583832,0.19823849201202393,-0.2106942981481552,-0.3086983859539032,0.30816948413848877,-0.24940170347690582,-0.21272528171539307,-0.2033684402704239,-0.15360993146896362,0.15432007610797882,0.018539005890488625,0.12868905067443848,0.01818549819290638,0.12560398876667023
61,600,609,10,10,3018,3018,0,0.0,3018,0,0.0,0,11.729991300002439,6.42779460028396,4.137223600031575,2.3549557003425434,25.650351000018418,80.73762342187851,quality,not_promoted,-0.002827119819509486,7.346708158214217e-05,0.28460864753772813,-0.005636473385190281,0.0006525995762558523,0.01220703125,1.0001759796092908,0.16363001133625707,0.041666666666666664,0.649083137512207,1.564715027809143,0.2490628957748413,-0.0015605359803885221,0.009235708974301815,1.566275715827942,0.24932359158992767,0.9986249208450317,2.5e-05,-0.301156610250473,-0.3157632052898407,-0.31505081057548523,0.31163543462753296,0.1982429176568985,-0.2107291966676712,-0.30876868963241577,0.30829936265945435,-0.24940763413906097,-0.21297712624073029,-0.2034292221069336,-0.15368947386741638,0.15438902378082275,0.018537575379014015,0.12875209748744965,0.01816788874566555,0.12568265199661255
62,610,619,10,10,2191,2191,0,0.0,2191,0,0.0,0,8.02224959997693,4.315767399937613,2.8265987999911886,1.8264245000027586,17.31768629999715,86.46430711777141,quality,not_promoted,0.0009695073589682579,8.07972379594243e-05,0.36478259946618763,-0.002637919524152364,0.00044288941498962233,0.004241071428571428,1.0003121222768512,0.17235278018883296,0.04285714285714286,0.7138250470161438,1.541689157485962,0.26798874139785767,-0.0018939035944640636,0.009286985732614994,1.5435830354690552,0.2699480950832367,0.9987990856170654,2.5e-05,-0.30107396841049194,-0.31591781973838806,-0.3152167797088623,0.31171029806137085,0.19821913540363312,-0.21077632904052734,-0.3088724613189697,0.30840960144996643,-0.2494508922100067,-0.2131568193435669,-0.20346307754516602,-0.15371844172477722,0.1544472873210907,0.01854081079363823,0.12882091104984283,0.018166357651352882,0.12572753429412842
63,620,629,10,10,2261,2261,0,0.0,2261,0,0.0,0,6.943177800014382,4.210570699884556,2.8509425999654923,1.8953280994610395,18.308380100002978,89.53902998588636,quality,not_promoted,-0.00221832485921267,6.497866580603941e-05,0.366781094421943,-0.005853646087214454,0.0004810606832405837,0.010003306902945042,0.9999283833636178,0.14354415320687824,0.027777777777777776,0.7285366654396057,1.5158442258834839,0.2838553190231323,-0.0005706193041987717,0.008472675457596779,1.5164148807525635,0.2850595712661743,0.9991090893745422,2.5e-05,-0.30108046531677246,-0.31596046686172485,-0.31525397300720215,0.31173378229141235,0.1982334554195404,-0.2107754498720169,-0.3089083135128021,0.3084953725337982,-0.24946315586566925,-0.21332961320877075,-0.2034953236579895,-0.15374712646007538,0.15449152886867523,0.018539564684033394,0.1288343369960785,0.01817130297422409,0.1257416158914566
64,630,639,10,10,2330,2330,0,0.0,2330,0,0.0,0,9.219738099985989,5.11206319971825,2.2922879999678116,1.929518700868357,18.115885099978186,85.23676167745295,quality,not_promoted,0.0024801312813636017,5.882011253168064e-05,0.3370743975848765,-0.0008612036660968049,0.0002606553453931825,0.00316722972972973,0.9995234858345341,0.15951999052855614,0.013513513513513514,0.6999025344848633,1.5281239748001099,0.29595574736595154,-0.0009562928462401032,0.007757232990115881,1.5290800333023071,0.297118604183197,0.9993129968643188,2.5e-05,-0.3010094165802002,-0.31608936190605164,-0.31538116931915283,0.31177809834480286,0.19820590317249298,-0.21090897917747498,-0.30892622470855713,0.30860957503318787,-0.24952462315559387,-0.213534876704216,-0.20342805981636047,-0.15381263196468353,0.15454640984535217,0.0185549333691597,0.12891049683094025,0.018171027302742004,0.12573423981666565
65,640,649,10,10,2435,2435,0,0.0,2435,0,0.0,0,10.619525999994949,5.622983600042062,2.9056069000798743,2.1221044997510035,20.540910600015195,78.14396284804326,quality,not_promoted,0.00157476634455797,7.149230347563273e-05,0.36565340730624324,-0.002046021761205525,0.0002315908781710254,0.002003205128205128,0.9997807152760334,0.16015305155171797,0.01282051282051282,0.553674578666687,1.5279042720794678,0.26415714621543884,1.1451520549599081e-05,0.009038809686899185,1.5278929471969604,0.2655113935470581,0.998829185962677,2.5e-05,-0.3011174499988556,-0.31620875000953674,-0.3155057430267334,0.31196361780166626,0.19827775657176971,-0.21101126074790955,-0.3089357018470764,0.30873697996139526,-0.24944965541362762,-0.213743194937706,-0.20353837311267853,-0.1538628339767456,0.15461599826812744,0.018563689664006233,0.12896431982517242,0.018162665888667107,0.1257944256067276
66,650,659,10,10,1863,1863,0,0.0,1863,0,0.0,0,6.22560100001283,3.695260100066662,2.2012282000505365,1.6363409002369735,14.270825099985814,90.89389491176334,quality,not_promoted,-0.011002835724502802,8.502454760067243e-05,0.42366657803455987,-0.015196989321460326,8.609124675539685e-05,0.0,0.9998150686422984,0.18061556747804086,0.016666666666666666,0.6742045283317566,1.4505815505981445,0.274383544921875,-0.0005394528852775693,0.009844302199780941,1.4511208534240723,0.27713966369628906,0.9987127780914307,2.5e-05,-0.301188200712204,-0.3163638412952423,-0.3156518340110779,0.31208986043930054,0.19827717542648315,-0.2110719382762909,-0.309092253446579,0.3089073598384857,-0.24941295385360718,-0.2139756828546524,-0.20355302095413208,-0.15382367372512817,0.1547015905380249,0.018563883379101753,0.12900470197200775,0.01815931312739849,0.1258656531572342
67,660,669,10,10,2552,2552,0,0.0,2552,0,0.0,0,8.852222100016661,5.072395899507683,4.12184779997915,2.116193498892244,22.193429399980232,82.20152828811646,quality,not_promoted,0.00018728682189248503,8.034039815356664e-05,0.40592247396707537,-0.003831767872907221,0.0005670339640346355,0.004715401795692742,1.000813004374504,0.24248734172433614,0.0875,1.2535383701324463,1.5363324880599976,0.2514941096305847,0.0006384692387655377,0.009709921665489674,1.5356941223144531,0.25340625643730164,0.9985093474388123,2.5e-05,-0.30130061507225037,-0.31648918986320496,-0.31578412652015686,0.3122650384902954,0.19827672839164734,-0.2111528068780899,-0.30917760729789734,0.3089478611946106,-0.24940265715122223,-0.21415509283542633,-0.20355848968029022,-0.15381328761577606,0.1547110378742218,0.018564440310001373,0.12906040251255035,0.01815829984843731,0.1259326934814453
68,670,679,10,10,2127,2127,0,0.0,2127,0,0.0,0,6.807044099987252,4.082935900049051,2.197718699957477,1.7525692000344861,17.155259899998782,88.7644193146552,quality,not_promoted,-0.0019649727927411303,8.677519027140293e-05,0.432144098860376,-0.006243026425021098,8.661524465689835e-05,0.00022977941176470588,0.9998200702316621,0.1873883885495803,0.014705882352941176,0.5292880535125732,1.5122294425964355,0.26400190591812134,-0.000660340185277164,0.009634766727685928,1.5128896236419678,0.26328885555267334,0.9986681342124939,2.5e-05,-0.3013148307800293,-0.3165769577026367,-0.31588050723075867,0.3123549520969391,0.19822855293750763,-0.21122653782367706,-0.3092336356639862,0.30914855003356934,-0.24939146637916565,-0.214388906955719,-0.20354275405406952,-0.15385831892490387,0.15482239425182343,0.018576737493276596,0.12909774482250214,0.018159184604883194,0.126010924577713
69,680,689,10,10,1896,1896,0,0.0,1896,0,0.0,0,6.463852299988503,3.7019250999437645,2.0361328999861144,1.6117446002026554,14.868602300004568,88.87866096762329,quality,not_promoted,-0.0009690097377945979,7.337644856306725e-05,0.43267661730448403,-0.005259086742686729,0.0006101335263034949,0.010104166685293119,1.000230650107066,0.23566172166417043,0.08333333333333333,0.839268684387207,1.5004823207855225,0.27122560143470764,0.0008252630359493196,0.0089210644364357,1.4996569156646729,0.27002155780792236,0.9989181160926819,2.5e-05,-0.30128219723701477,-0.31671130657196045,-0.31601327657699585,0.3123810589313507,0.19821316003799438,-0.2113197296857834,-0.3093108534812927,0.3092476725578308,-0.2493841052055359,-0.2145540565252304,-0.2035171091556549,-0.15387608110904694,0.15487264096736908,0.018568824976682663,0.12913940846920013,0.01815699227154255,0.12602730095386505
70,690,699,10,10,2324,2324,0,0.0,2324,0,0.0,0,9.55557269998826,5.209574600536143,2.842862400022568,1.86911169992527,18.376654000021517,83.20138687687174,quality,not_promoted,0.00045474963514386,7.365018997940776e-05,0.37734152980752894,-0.003281840047723538,4.3993100931445314e-05,0.00021114864864864866,0.9999544209725147,0.21317137495891467,0.06756756756756757,0.931550145149231,1.4957373142242432,0.2555926442146301,8.077268284978345e-05,0.008916904218494892,1.4956564903259277,0.25590839982032776,0.9987828731536865,2.5e-05,-0.30141040682792664,-0.3167394697666168,-0.31602951884269714,0.3125137686729431,0.19822731614112854,-0.21133287250995636,-0.30950087308883667,0.30943194031715393,-0.24942544102668762,-0.2147146612405777,-0.20357376337051392,-0.1539505571126938,0.15497075021266937,0.01857861503958702,0.12914060056209564,0.01816016621887684,0.1261124461889267
71,700,709,10,10,1865,1865,0,0.0,1865,0,0.0,0,6.477975999994669,3.6738266999600455,1.9425492000591476,1.5680760001705494,14.20824989999528,90.15660995952413,quality,not_promoted,-0.004226278824110826,7.03576684827567e-05,0.41623654812574384,-0.008353464705093454,0.0005836874608765659,0.00914351853231589,0.9990263690551122,0.22987385491530102,0.08333333333333333,0.6460596323013306,1.466949224472046,0.265390008687973,0.0015183149371296167,0.008315480314195156,1.4654308557510376,0.2648490071296692,0.9990182518959045,2.5e-05,-0.30147266387939453,-0.31685909628868103,-0.31617170572280884,0.31265318393707275,0.19811560213565826,-0.21137887239456177,-0.30958715081214905,0.30948999524116516,-0.24947237968444824,-0.21485847234725952,-0.20357097685337067,-0.15394547581672668,0.15500232577323914,0.018577393144369125,0.12918449938297272,0.018167952075600624,0.12616130709648132
72,710,719,10,10,2200,2200,0,0.0,2200,0,0.0,0,7.233547099982388,4.264019099995494,2.5417946000234224,1.986279799748445,18.546527200000128,85.33722495910308,quality,not_promoted,-0.0023134094796010427,7.845997086925698e-05,0.4334944031068257,-0.006609123609294849,0.0010444696194359235,0.015625,1.0017072728702001,0.2186093422983374,0.04285714285714286,0.7545287013053894,1.4916235208511353,0.2570548355579376,0.0006645475514233112,0.009247024543583393,1.4909592866897583,0.257541686296463,0.9987059235572815,2.5e-05,-0.30152198672294617,-0.3169894516468048,-0.3163313567638397,0.31279176473617554,0.1980663686990738,-0.21146105229854584,-0.309589147567749,0.3095861077308655,-0.24937568604946136,-0.21504169702529907,-0.20363488793373108,-0.15404774248600006,0.1550437957048416,0.018577203154563904,0.1292504221200943,0.018169116228818893,0.1262727677822113
73,720,729,10,10,2382,2382,0,0.0,2382,0,0.0,0,15.581326599989552,4.781883300223853,12.44772880000528,2.1586783991660923,20.108345199987525,66.74199789087245,quality,not_promoted,0.00034316815435886383,7.931201210005001e-05,0.43278072578342336,-0.003944982149589218,0.00045483446583124244,0.003289473684210526,1.000380509778073,0.271364682255999,0.13157894736842105,0.7691667675971985,1.5712732076644897,0.26106175780296326,0.0003931327082682401,0.009225750342011452,1.5708800554275513,0.2607048749923706,0.9987511038780212,2.5e-05,-0.30130571126937866,-0.31712329387664795,-0.3164746165275574,0.3127163052558899,0.1980709433555603,-0.21159130334854126,-0.3097522556781769,0.3097330629825592,-0.2493319809436798,-0.2152254581451416,-0.20362403988838196,-0.1541614979505539,0.15512031316757202,0.018584366887807846,0.12931376695632935,0.018170427531003952,0.1263485699892044
74,730,739,10,10,2412,2412,0,0.0,2412,0,0.0,0,8.204386800003704,4.720158999989508,3.371723100019153,2.2260092991928104,20.550159100006567,83.88238883644267,quality,not_promoted,-0.002133023802583155,8.607134498704813e-05,0.4500666209741643,-0.006590654370436249,0.0011542718934115807,0.014578349300121007,0.9993290477677396,0.2087791965490109,0.02631578947368421,1.047714352607727,1.5539919137954712,0.263933390378952,-0.00011518800602061674,0.009414268657565117,1.5541071891784668,0.2631259560585022,0.9987277388572693,2.5e-05,-0.30121102929115295,-0.31698665022850037,-0.31635287404060364,0.31259942054748535,0.19804847240447998,-0.21156388521194458,-0.309883177280426,0.31000426411628723,-0.24941208958625793,-0.21540498733520508,-0.2036478966474533,-0.1542375385761261,0.15527646243572235,0.01859818398952484,0.12927916646003723,0.01816660724580288,0.12644736468791962
75,740,749,10,10,2180,2180,0,0.0,2180,0,0.0,0,8.684765899990452,4.2948920000344515,4.138235900027212,2.15184519966715,17.902367000002414,81.99455007804113,quality,not_promoted,-0.0030930104798504283,9.268106862561711e-05,0.4745567100388663,-0.0077922367424305,0.0006291568146220276,0.006696428571428571,0.9999961503914424,0.24109000052724566,0.02857142857142857,0.6393211483955383,1.5114294290542603,0.2633427381515503,-0.0011722067138180137,0.009687638841569424,1.5126018524169922,0.2628081738948822,0.9986466765403748,2.5e-05,-0.30115246772766113,-0.3170432150363922,-0.3164142966270447,0.3126235008239746,0.1981520801782608,-0.21161198616027832,-0.31016260385513306,0.3102542757987976,-0.24956300854682922,-0.21568641066551208,-0.2037018984556198,-0.15438760817050934,0.15541061758995056,0.018594810739159584,0.129306361079216,0.018155083060264587,0.12657718360424042
76,750,759,10,10,2038,2038,0,0.0,2038,0,0.0,0,7.064376199996332,4.005761700333096,2.33843279996654,2.0361311998276506,16.33281250001164,87.10448191578271,quality,not_promoted,0.0008021442772587761,8.402298738019454e-05,0.4844999457709491,-0.004000843149697175,0.0008513538475369842,0.01123046875,0.9998233402147889,0.2875858435872942,0.140625,0.7142271995544434,1.493709683418274,0.2642020881175995,0.0008779537747614086,0.009199852123856544,1.4928317070007324,0.26326167583465576,0.9987874627113342,2.5e-05,-0.3011602759361267,-0.3171033263206482,-0.31648576259613037,0.31267663836479187,0.19817112386226654,-0.21164804697036743,-0.31027692556381226,0.31043165922164917,-0.2495453953742981,-0.21582967042922974,-0.2037487030029297,-0.154463991522789,0.15550597012043,0.018590860068798065,0.129324808716774,0.01815701089799404,0.1266852617263794
77,760,769,10,10,1857,1857,0,0.0,1857,0,0.0,0,8.226639600005,3.5058099997986574,4.182384300016565,1.8632530996692367,14.284600300015882,82.49212430090434,quality,not_promoted,0.02086875829845667,6.100342298699009e-05,0.5258227040370306,0.015641032884983967,0.0009717677952721715,0.005989583333333334,0.9995985418558121,0.3419562197678412,0.18333333333333332,3.3061118125915527,1.4950182437896729,0.27447664737701416,0.0009227180271409452,0.007841821759939194,1.4940956830978394,0.27656662464141846,0.9991837739944458,2.5e-05,-0.3012103736400604,-0.3172053396701813,-0.31659287214279175,0.31278061866760254,0.19824405014514923,-0.211727112531662,-0.31040048599243164,0.3106779456138611,-0.2494562566280365,-0.21603678166866302,-0.20381546020507812,-0.15456844866275787,0.15563669800758362,0.018595559522509575,0.1293751746416092,0.018157463520765305,0.12677086889743805
78,770,779,10,10,2001,2001,0,0.0,2001,0,0.0,0,7.809713099995861,3.9291604004101828,4.284970000007888,1.8766598003567196,15.69057989999419,85.14787453930244,quality,not_promoted,0.0033430229377700016,9.858842702215043e-05,0.46559750474989414,-0.001263657381059602,0.00021752485872639227,0.0,0.9998781448230147,0.2924377406015992,0.15625,0.8363367915153503,1.4769296646118164,0.26206791400909424,7.070230640238151e-05,0.010387381538748741,1.4768589735031128,0.26042476296424866,0.9984289407730103,2.5e-05,-0.30123084783554077,-0.3174276351928711,-0.3167898654937744,0.3129429817199707,0.19827279448509216,-0.21192310750484467,-0.31046825647354126,0.3107850253582001,-0.24945631623268127,-0.21613013744354248,-0.2038118988275528,-0.15459945797920227,0.15569530427455902,0.01860392838716507,0.1294902116060257,0.018157675862312317,0.12680132687091827
79,780,789,10,10,2077,2077,0,0.0,2077,0,0.0,0,6.757170700002462,3.9773365001019556,2.2897657000285108,2.0375454999739304,16.7766588999948,88.25592924324742,quality,not_promoted,-0.0015158323768639202,7.189593050112087e-05,0.5229837280331235,-0.006709721634362006,0.0001787097628011631,0.0,0.9993873048912395,0.24753180518746376,0.06060606060606061,0.59149169921875,1.5043178796768188,0.25582966208457947,0.0004637036472558975,0.008562504313886166,1.5038542747497559,0.25419700145721436,0.9988797903060913,2.5e-05,-0.3012986183166504,-0.3177219331264496,-0.31708744168281555,0.3131747841835022,0.19821284711360931,-0.2120947241783142,-0.3106006681919098,0.3108968436717987,-0.2494577169418335,-0.2162996381521225,-0.2037719041109085,-0.15464885532855988,0.15575703978538513,0.018598558381199837,0.1296071857213974,0.01815558411180973,0.12684738636016846
80,790,799,10,10,2575,2575,0,0.0,2575,0,0.0,0,9.577072999993106,5.092897800175706,4.376967799995327,2.3383690993941855,22.015194799983874,81.50728577965133,quality,not_promoted,-0.0010151518281640076,8.33897950254074e-05,0.45992192262556497,-0.005572675502995347,0.0006483090372767481,0.001714939024390244,0.9998900185271007,0.2701811866789329,0.0975609756097561,1.181693196296692,1.5716089010238647,0.2531086504459381,-0.000129709456814453,0.009445475414395332,1.5717384815216064,0.25104257464408875,0.9986073970794678,2.5e-05,-0.30135849118232727,-0.31794604659080505,-0.3172867000102997,0.31329917907714844,0.19820021092891693,-0.21222355961799622,-0.3106495440006256,0.3110811114311218,-0.24950166046619415,-0.2164914458990097,-0.2038695514202118,-0.15475699305534363,0.15585002303123474,0.018597470596432686,0.1297050267457962,0.01815471239387989,0.12695306539535522
81,800,809,10,10,2071,2071,0,0.0,2071,0,0.0,0,8.66793319999124,4.087429499893915,4.4935718000051565,1.8728879000118468,17.20588769999449,80.04229479694443,quality,not_promoted,0.0041759187835409784,7.27964030705731e-05,0.48341749473051593,-0.0006218577213020939,0.0002388265777908876,0.0016571969696969697,0.9997909556735646,0.30194805178678397,0.15151515151515152,0.9359471201896667,1.4884544610977173,0.2637671232223511,-0.00010808848310261965,0.00899629294872284,1.4885625839233398,0.26264235377311707,0.9988366961479187,2.5e-05,-0.3013361394405365,-0.31806209683418274,-0.31739652156829834,0.3133595585823059,0.19818872213363647,-0.2123228758573532,-0.31078529357910156,0.31115391850471497,-0.24959677457809448,-0.21660922467708588,-0.2039652317762375,-0.1547832190990448,0.15589292347431183,0.018604546785354614,0.12978190183639526,0.018150579184293747,0.12703120708465576
82,810,819,10,10,2710,2710,0,0.0,2710,0,0.0,0,10.912800699996296,5.955363999877591,3.2370201000303496,2.4512438996171113,22.50011110000196,81.10637038224671,quality,not_promoted,0.0017508343945062438,7.399384941341258e-05,0.4165384478347246,-0.002377554081207098,0.00022701099835611003,0.0,0.9999957833179208,0.25148655114652113,0.06976744186046512,0.6825224161148071,1.5691709518432617,0.25991931557655334,-0.0008571596699766815,0.008620128966867924,1.5700278282165527,0.25905048847198486,0.9989001154899597,2.5e-05,-0.30141299962997437,-0.3182203471660614,-0.3175230026245117,0.31355366110801697,0.1981726735830307,-0.2124711126089096,-0.3108203709125519,0.31140756607055664,-0.2495967000722885,-0.21683159470558167,-0.20404042303562164,-0.15485480427742004,0.15603162348270416,0.01860746368765831,0.12986531853675842,0.018152834847569466,0.12714476883411407
83,820,829,10,10,2326,2326,0,0.0,2326,0,0.0,0,8.14323190000141,4.467784099775599,3.3724855000618845,2.0940710003487766,19.711034800013294,83.5060576194875,quality,not_promoted,0.0023033457078241015,8.238362981402945e-05,0.47597085583854365,-0.0024151717646148157,0.00010030360529010461,0.0,1.0000435500531584,0.2789621694466552,0.08108108108108109,0.9034243226051331,1.5037833452224731,0.25838127732276917,-0.0010176991345360875,0.009397801011800766,1.5048011541366577,0.2581530511379242,0.9986770749092102,2.5e-05,-0.30137261748313904,-0.3183746337890625,-0.3176804184913635,0.313679039478302,0.19811946153640747,-0.21259085834026337,-0.3108959197998047,0.3116547465324402,-0.24956393241882324,-0.2170586884021759,-0.20405802130699158,-0.1549207866191864,0.15616931021213531,0.018604371696710587,0.1299363672733307,0.018158545717597008,0.12722624838352203
84,830,839,10,10,2140,2140,0,0.0,2140,0,0.0,0,6.9881659999955446,4.1304966998286545,2.3413115000294056,2.029129100003047,17.981675399991218,85.70338776765857,quality,not_promoted,0.00034113629611537736,6.451935429568574e-05,0.527117182226742,-0.004897775830399683,0.0002603809244807481,0.0009191176470588235,1.000434117282138,0.24241536406471448,0.08823529411764706,0.7392623424530029,1.5183014869689941,0.2688623070716858,0.0008089213515631855,0.008414688520133495,1.5174927711486816,0.26846253871917725,0.9990204572677612,2.5e-05,-0.30148282647132874,-0.31851786375045776,-0.31783708930015564,0.3138597011566162,0.19821511209011078,-0.21266572177410126,-0.310944139957428,0.31175488233566284,-0.2495110183954239,-0.21718814969062805,-0.20405815541744232,-0.15494562685489655,0.15621769428253174,0.01860973611474037,0.13000011444091797,0.018158946186304092,0.12725375592708588
85,840,849,10,10,6564,6564,0,0.0,6564,0,0.0,0,63.803567199996905,23.996291600516997,13.044254699954763,9.589551900833612,53.32568199999514,56.04065632481187,quality,not_promoted,0.001171605417378319,0.016281054379875252,0.1533027188400331,0.007779105800968025,1.1321713796878083e-05,0.0,1.0000665957487902,0.23354476560992235,0.12135922330097088,1.1475454568862915,1.6997206211090088,0.2202991247177124,-0.010362114757299423,0.12731949985027313,1.7100826501846313,0.18337273597717285,0.6659862399101257,2.5e-05,-0.3015071749687195,-0.31851649284362793,-0.317836195230484,0.31387779116630554,0.19821789860725403,-0.2126529961824417,-0.3109580874443054,0.3117488622665405,-0.24949981272220612,-0.21720489859580994,-0.20404909551143646,-0.15494215488433838,0.15621249377727509,0.01860979199409485,0.1300002485513687,0.018158279359340668,0.12725292146205902
86,850,859,10,10,2520,2520,0,0.0,2520,0,0.0,0,10.025235500012059,4.843899699975736,7.968488700047601,2.5074137991759926,21.934479899995495,78.84926284416802,quality,not_promoted,-0.002561880415305495,8.061396792982122e-05,0.5051004271954298,-0.007572577311657369,0.00034546308233984746,0.0015625,1.0000663086771966,0.25889839022420347,0.0625,0.8810392618179321,1.5429970026016235,0.25462284684181213,0.0007277686963789165,0.00932985171675682,1.542269229888916,0.25424209237098694,0.9986573457717896,2.5e-05,-0.3014891743659973,-0.3186405897140503,-0.31797224283218384,0.3139227032661438,0.19828447699546814,-0.2127057909965515,-0.31113189458847046,0.3119240701198578,-0.2494238168001175,-0.2173837125301361,-0.2041284143924713,-0.1549965888261795,0.15631233155727386,0.018619047477841377,0.13007107377052307,0.01814730279147625,0.1273651123046875
87,860,869,10,10,2522,2522,0,0.0,2522,0,0.0,0,8.325696499989135,4.938787000108277,2.9271981999918353,2.564787599549163,22.06571759999497,82.98396355309177,quality,not_promoted,-0.005142205255106091,8.898991359274078e-05,0.5740553047508001,-0.010838262503966689,0.0009322593166871229,0.0091796875,1.0008888892829417,0.2975325050763786,0.1125,0.8245769739151001,1.5612164735794067,0.2525547444820404,7.288613414857537e-05,0.009872667491436005,1.5611436367034912,0.2529235780239105,0.9984718561172485,2.5e-05,-0.3016243278980255,-0.31880509853363037,-0.3181353509426117,0.3140941858291626,0.1983005255460739,-0.2128792107105255,-0.3112615942955017,0.3121073246002197,-0.24929015338420868,-0.2175985872745514,-0.2041930854320526,-0.15514211356639862,0.15641872584819794,0.018626036122441292,0.13016529381275177,0.01814327947795391,0.127466082572937
88,870,879,10,10,2108,2108,0,0.0,2108,0,0.0,0,6.966276299994206,4.0702642999531236,2.344284399994649,2.0811386997811496,17.942756300006295,84.627935329771,quality,not_promoted,-0.00010597765107046474,8.174504270727718e-05,0.5764961323954843,-0.005830066560795813,9.221986152679716e-05,0.0,1.000033887949857,0.27294677970084275,0.12121212121212122,0.7142273187637329,1.4997246265411377,0.277726948261261,0.00011332884605508298,0.009419109672307968,1.4996113777160645,0.27721795439720154,0.9988497495651245,2.5e-05,-0.30171671509742737,-0.31893467903137207,-0.31826668977737427,0.31425121426582336,0.1982639729976654,-0.21294590830802917,-0.31134599447250366,0.3122269809246063,-0.2492486983537674,-0.21776005625724792,-0.20427019894123077,-0.15524789690971375,0.1564827859401703,0.018628869205713272,0.13021016120910645,0.01814207434654236,0.12751777470111847
89,880,889,10,10,2057,2057,0,0.0,2057,0,0.0,0,8.030221799999708,4.063156000280287,3.5812031999521423,2.058399399276823,16.2821557999996,84.60710975466499,quality,not_promoted,-0.0009031895491661447,7.795586404399452e-05,0.511756159139402,-0.005981773681317766,0.00045137491168023905,0.000946969696969697,1.000398401961182,0.2665231384788499,0.06060606060606061,0.8255631923675537,1.4945787191390991,0.251446008682251,0.0005896533257327974,0.009193514473736286,1.493989109992981,0.2519320547580719,0.9986631870269775,2.5e-05,-0.30182477831840515,-0.319049209356308,-0.31838294863700867,0.31431400775909424,0.19819983839988708,-0.2130391001701355,-0.3114578127861023,0.31240981817245483,-0.24919025599956512,-0.21791988611221313,-0.204370379447937,-0.15530991554260254,0.15658186376094818,0.018624085932970047,0.13027384877204895,0.018142778426408768,0.12759971618652344
90,890,899,10,10,2072,2072,0,0.0,2072,0,0.0,0,7.239532499981578,3.9614711998729035,2.9544392000243533,2.1218577004037797,16.341198900016025,87.86835170007537,quality,not_promoted,-0.0018593013060815406,7.16704708434973e-05,0.5440970365748261,-0.007264436466026713,0.0002643806213503315,0.0,0.9997184330766852,0.28185062189445353,0.12121212121212122,0.722589910030365,1.5387001037597656,0.2739395499229431,-8.074398647295311e-05,0.008500736206769943,1.5387808084487915,0.2731785178184509,0.9990370273590088,2.5e-05,-0.30194517970085144,-0.31925368309020996,-0.31861430406570435,0.3144505023956299,0.19817811250686646,-0.21316280961036682,-0.3115224242210388,0.31249773502349854,-0.24915508925914764,-0.21808552742004395,-0.2043890655040741,-0.15532158315181732,0.15662910044193268,0.018629344180226326,0.13036715984344482,0.018140850588679314,0.12769880890846252
91,900,909,10,10,2409,2409,0,0.0,2409,0,0.0,0,9.176822399982484,4.725192599900765,4.503451600001426,2.292643001565011,20.016955300001428,82.5175838754615,quality,not_promoted,-0.0002731499017069214,8.763041645770979e-05,0.49507769667788554,-0.005180111421443718,0.000622001215034336,0.0028782894736842104,1.0009090131834935,0.27757584960444975,0.10526315789473684,0.7026899456977844,1.568921446800232,0.26573053002357483,3.048122198379133e-05,0.010062131099402905,1.568890929222107,0.2637704014778137,0.9985661506652832,2.5e-05,-0.3019368350505829,-0.3193823993206024,-0.3187485635280609,0.31449437141418457,0.1981629729270935,-0.21323689818382263,-0.3117089569568634,0.31270796060562134,-0.2492252141237259,-0.2183208167552948,-0.20443162322044373,-0.1554335504770279,0.15671773254871368,0.018631061539053917,0.13041165471076965,0.01814277470111847,0.12780845165252686
92,910,919,10,10,2038,2038,0,0.0,2038,0,0.0,0,6.599525999976322,3.84328239999013,2.389690999960294,2.0556894986948464,16.303778399975272,88.98279324289587,quality,not_promoted,-0.0022048310202080756,8.221681247277957e-05,0.551724317483604,-0.007680966009502299,0.0009022457616083557,0.008391203708015382,1.0010885074734688,0.24801262002438307,0.078125,0.9474351406097412,1.500670075416565,0.280016154050827,-0.00016450835391879082,0.009640684351325035,1.5008347034454346,0.278921514749527,0.9988146424293518,2.5e-05,-0.30184245109558105,-0.31939852237701416,-0.318758487701416,0.314428448677063,0.19814050197601318,-0.21332021057605743,-0.31172409653663635,0.3127365708351135,-0.2492605447769165,-0.2184610217809677,-0.2045220136642456,-0.15546254813671112,0.1567290723323822,0.018643062561750412,0.13042181730270386,0.01815251260995865,0.12788352370262146
93,920,929,10,10,2234,2234,0,0.0,2234,0,0.0,0,8.22900990000926,4.445701100019505,3.5572114999813493,2.309443399281008,18.667879699991317,83.05793098098421,quality,promoted,-0.00172938983887434,8.063580135058146e-05,0.5190338232687541,-0.006879410413759095,0.0013452115169327174,0.014824507385492324,1.0004179298877716,0.2873025024043662,0.12857142857142856,0.8050572276115417,1.527979850769043,0.2608911097049713,0.0009621804347261786,0.009253331460058689,1.5270177125930786,0.2596420347690582,0.9987419843673706,2.5e-05,-0.3017018437385559,-0.3194619119167328,-0.3188330829143524,0.3144450783729553,0.19811931252479553,-0.21343088150024414,-0.3117513954639435,0.31276893615722656,-0.24923647940158844,-0.2186134159564972,-0.20453259348869324,-0.15550720691680908,0.1567404717206955,0.01865653693675995,0.13046586513519287,0.01815670169889927,0.12793630361557007
94,930,939,10,10,2065,2065,0,0.0,2065,0,0.0,0,7.540780599985737,4.0412192997464444,2.9719627000158653,2.1217210999748204,17.12816880000173,83.70846956299846,quality,not_promoted,-0.001777878249854301,8.605198893223353e-05,0.5735133064515663,-0.007469985464757139,0.001294958488980421,0.012435940291845438,1.0000582039356232,0.2852429415127545,0.10606060606060606,0.8226092457771301,1.5290265083312988,0.2563595473766327,-0.0010229791514575481,0.010058327578008175,1.5300493240356445,0.2533305585384369,0.998460590839386,2.5e-05,-0.30166181921958923,-0.3196873962879181,-0.31905290484428406,0.3145817816257477,0.19804152846336365,-0.21353931725025177,-0.31182146072387695,0.31287455558776855,-0.24918019771575928,-0.21877340972423553,-0.20452603697776794,-0.15556181967258453,0.1567971557378769,0.01866193488240242,0.13054488599300385,0.018159618601202965,0.12799732387065887
95,940,949,10,10,2487,2487,0,0.0,2487,0,0.0,0,9.56676599997445,5.084959599887952,4.937309499975527,2.3713167993701063,20.639472000009846,82.33398677456269,quality,not_promoted,-3.8706984084386095e-05,8.771813811155227e-05,0.45280818794018185,-0.00452293020983537,0.0009084756595070641,0.008213141025641026,0.9988695214956235,0.2876711276670297,0.0641025641025641,0.7568321824073792,1.494251012802124,0.2685535252094269,-1.6849589883349836e-05,0.009325849823653698,1.4942678213119507,0.26868247985839844,0.9987940788269043,2.5e-05,-0.30167925357818604,-0.3198651075363159,-0.31920289993286133,0.3147347569465637,0.19807057082653046,-0.21359477937221527,-0.3119197487831116,0.31300222873687744,-0.2491447776556015,-0.21898280084133148,-0.20449624955654144,-0.1555987149477005,0.1568685919046402,0.018664907664060593,0.13061411678791046,0.018168462440371513,0.12806618213653564
96,950,959,10,10,2392,2392,0,0.0,2392,0,0.0,0,8.833006400003796,4.645164800225757,4.021182399999816,2.4322766997793224,19.888271700008772,83.28320180148783,quality,not_promoted,0.00240635359659791,7.633602902052716e-05,0.5222156020371538,-0.0027776351719359426,0.0008689453725788841,0.005550986842105263,1.0004963349354894,0.2975593970010155,0.14473684210526316,1.0217808485031128,1.5481529235839844,0.25868406891822815,-0.0004949462600052357,0.009290083311498165,1.5486478805541992,0.2585049569606781,0.9987102746963501,2.5e-05,-0.3017033636569977,-0.3200303018093109,-0.3193519115447998,0.31488293409347534,0.19808997213840485,-0.21369080245494843,-0.3120448887348175,0.31301149725914,-0.2492266297340393,-0.21911804378032684,-0.20456504821777344,-0.15564610064029694,0.1568756401538849,0.018670327961444855,0.13067899644374847,0.01816205307841301,0.1281236857175827
97,960,969,10,10,2250,2250,0,0.0,2250,0,0.0,0,7.791024599981029,4.40392489975784,2.9327786000503693,2.246645500068553,19.13634200001252,83.55811518533487,quality,not_promoted,-0.004944850794143147,8.205239075525444e-05,0.5119727763036886,-0.010023551947799407,0.0008354247200057014,0.007682291687362724,1.000022174583541,0.34498047833848333,0.19444444444444445,1.6043148040771484,1.5017821788787842,0.2531212568283081,-0.000189126018085517,0.009425682947039604,1.5019713640213013,0.2536257803440094,0.9986133575439453,2.5e-05,-0.3017038106918335,-0.32013872265815735,-0.31945106387138367,0.3150157630443573,0.19803540408611298,-0.2137877494096756,-0.31222161650657654,0.3131764829158783,-0.24929970502853394,-0.21929500997066498,-0.20456400513648987,-0.15560917556285858,0.1569634974002838,0.018685232847929,0.13076412677764893,0.018160268664360046,0.12820619344711304
98,970,979,10,10,2121,2121,0,0.0,2121,0,0.0,0,7.601324999995995,4.041374899883522,3.5768545999890193,2.231551500153728,18.11256699997466,82.48459626424582,quality,not_promoted,1.6214038409730967e-05,8.394490861760192e-05,0.5551088513696895,-0.005492901463773759,0.0023179433928282164,0.028262867647058824,1.000319522969863,0.24314173557521665,0.07352941176470588,0.6742761135101318,1.5523395538330078,0.2533338665962219,-0.00013893315917812288,0.009356348775327206,1.552478551864624,0.2536478042602539,0.9986359477043152,2.5e-05,-0.3017105758190155,-0.3202557861804962,-0.31957200169563293,0.31505995988845825,0.19798117876052856,-0.21383321285247803,-0.31243178248405457,0.31337273120880127,-0.24940024316310883,-0.21943511068820953,-0.20457975566387177,-0.15569709241390228,0.15706416964530945,0.01870361715555191,0.1308360993862152,0.01816156879067421,0.12829752266407013
99,980,989,10,10,11606,11606,0,0.0,11606,0,0.0,0,70.59360359999118,33.037519199511735,5.976356200029841,20.634060998476343,96.2080337999796,69.57965269951261,quality,not_promoted,-0.00030032226017543247,0.018798791832323532,0.09249325047226643,0.008174140939865118,6.038203046547249e-06,0.0,0.999956998196277,0.22869589010888075,0.08516483516483517,1.0420706272125244,1.7414512634277344,0.1978779286146164,-0.012671392410993576,0.13999898731708527,1.7541226148605347,0.14174751937389374,0.4994412064552307,2.5e-05,-0.30169394612312317,-0.32027667760849,-0.3195926547050476,0.315047949552536,0.1979934126138687,-0.21384352445602417,-0.3124346435070038,0.3133878707885742,-0.24938887357711792,-0.21945519745349884,-0.20457948744297028,-0.15569961071014404,0.15707145631313324,0.018705284222960472,0.1308458149433136,0.018162095919251442,0.128308966755867
100,990,999,10,10,2443,2443,0,0.0,2443,0,0.0,0,10.441438799985917,5.162190000206465,4.06664599996293,2.458372899243841,20.13238240001374,79.90496130722539,quality,not_promoted,0.0055155129983830145,0.00012254412873657062,0.47099328958071196,0.0008668521275887123,0.0010849160966105186,0.010981206328440934,0.9989495735902053,0.23949009084548706,0.038461538461538464,0.7511383891105652,1.521519660949707,0.2494838684797287,-0.00017367217515129596,0.010338333435356617,1.521693468093872,0.2514323890209198,0.998282790184021,2.5e-05,-0.30175501108169556,-0.32055234909057617,-0.3198738992214203,0.3153195381164551,0.19789575040340424,-0.2141065150499344,-0.31234976649284363,0.313260942697525,-0.24931000173091888,-0.21947146952152252,-0.20452673733234406,-0.15568861365318298,0.15700572729110718,0.018718071281909943,0.1309843510389328,0.018162386491894722,0.12829655408859253
101,1000,1009,10,10,2172,2172,0,0.0,2172,0,0.0,0,8.952548100001877,4.658138700237032,4.216992899950128,2.1061724997416604,17.612049699993804,81.76295445362824,quality,not_promoted,-0.000610349398544606,8.949325830840012e-05,0.46760809333885417,-0.005241683602113934,0.0005184339974863071,0.0011488970588235295,0.999509953400668,0.25820263579268665,0.04411764705882353,1.0985615253448486,1.550576090812683,0.265981525182724,0.0008058137609623373,0.01047558058053255,1.5497703552246094,0.2680104076862335,0.9984488487243652,2.5e-05,-0.3017105758190155,-0.32060396671295166,-0.31994616985321045,0.31536081433296204,0.19792218506336212,-0.2141849249601364,-0.3123924136161804,0.31328362226486206,-0.24937088787555695,-0.21967792510986328,-0.20446011424064636,-0.15567612648010254,0.157016783952713,0.018727220594882965,0.13104280829429626,0.018160689622163773,0.12833541631698608
102,1010,1019,10,10,2119,2119,0,0.0,2119,0,0.0,0,7.497435299999779,4.020388199918671,3.0046795000089332,2.301353299873881,17.193602200015448,85.82061405879332,quality,not_promoted,0.0036365648128968827,8.370228022827446e-05,0.5290409497478429,-0.0016119927441810861,0.0009781223523211392,0.008304884547696394,1.0021733466316671,0.28079676014535565,0.10294117647058823,0.8507934808731079,1.4880784749984741,0.2590942680835724,0.00019996552146039903,0.009850134141743183,1.487878441810608,0.2622215747833252,0.9985546469688416,2.5e-05,-0.3017643392086029,-0.32075512409210205,-0.3201207220554352,0.31547144055366516,0.19793887436389923,-0.2142966091632843,-0.31233328580856323,0.3132954239845276,-0.2493615597486496,-0.21978558599948883,-0.20448152720928192,-0.15575043857097626,0.1569969356060028,0.018734579905867577,0.1311345100402832,0.018159812316298485,0.12836021184921265
103,1020,1029,10,10,2591,2591,0,0.0,2591,0,0.0,0,9.3445742999902,4.97753719962202,5.669844799966086,2.7652242992189713,22.395843600010267,81.63093530031821,quality,not_promoted,-8.658867715517195e-05,9.99807330450361e-05,0.5327765087528926,-0.005364362951140941,0.000954782410678113,0.008421026715418188,1.0011844409675132,0.3234462182877994,0.17073170731707318,0.9602862000465393,1.5555806159973145,0.2398565709590912,-0.0003682521637529135,0.010404258035123348,1.5559487342834473,0.23975403606891632,0.9981184601783752,2.5e-05,-0.3017716407775879,-0.32085978984832764,-0.32023435831069946,0.31556814908981323,0.1979978382587433,-0.21438249945640564,-0.3125225603580475,0.3134562373161316,-0.24926559627056122,-0.21998940408229828,-0.2045462429523468,-0.1558675616979599,0.15706615149974823,0.018737830221652985,0.13118420541286469,0.01816149242222309,0.12849391996860504
104,1030,1039,10,10,2327,2327,0,0.0,2327,0,0.0,0,7.98978229999193,4.5779184997372795,3.6154975999961607,2.4872140005754773,19.913162399985595,83.39621588404877,quality,not_promoted,-0.0012095932899093306,9.613453319714706e-05,0.572625080073202,-0.006887777082345172,0.0020662322483101002,0.02508078731999204,1.0003453122602928,0.3130254399132084,0.14864864864864866,0.932319164276123,1.5560252666473389,0.25404292345046997,0.00028288509929552674,0.010525411926209927,1.5557422637939453,0.25507882237434387,0.9982834458351135,2.5e-05,-0.3016469478607178,-0.32111144065856934,-0.3204922080039978,0.31564751267433167,0.19795452058315277,-0.21453474462032318,-0.3125270903110504,0.3136652708053589,-0.2491409182548523,-0.22019505500793457,-0.20463067293167114,-0.15593193471431732,0.15717825293540955,0.01875089854001999,0.13127584755420685,0.018151618540287018,0.1286049783229828
105,1040,1049,10,10,2163,2163,0,0.0,2163,0,0.0,0,7.94909809998353,4.139392999990378,4.009884199971566,2.11497559963027,17.61000869999407,84.62737046827849,quality,not_promoted,0.001428213737466756,7.411578537678852e-05,0.5347245313665446,-0.0038819732623832193,8.870263875718699e-05,0.0,1.0001918954007767,0.3152892179787159,0.14705882352941177,0.7800692319869995,1.5449446439743042,0.25944218039512634,0.0008083119173534214,0.009063350968062878,1.5441362857818604,0.26151561737060547,0.9987795948982239,2.5e-05,-0.30161070823669434,-0.3211718201637268,-0.3205430805683136,0.315691739320755,0.19796213507652283,-0.21460045874118805,-0.31262409687042236,0.3138597309589386,-0.24904416501522064,-0.22040730714797974,-0.2046354115009308,-0.15598809719085693,0.15728329122066498,0.01875714398920536,0.13131222128868103,0.018153447657823563,0.12871713936328888
106,1050,1059,10,10,2386,2386,0,0.0,2386,0,0.0,0,7.796028499986278,4.486352100037038,2.9910064999421593,2.3261105999699794,19.96023339999374,85.96258417642751,quality,not_promoted,-0.002451760571842131,8.387495238007672e-05,0.5187495311624125,-0.007597317643414594,0.0016358662178869341,0.015419407894736841,1.0010847331661927,0.2633201682842092,0.07894736842105263,0.9125878810882568,1.5274312496185303,0.25727564096450806,-0.0010376996360719204,0.009776882827281952,1.5284688472747803,0.2557470500469208,0.9985558986663818,2.5e-05,-0.30169522762298584,-0.32136133313179016,-0.3207348883152008,0.3157937228679657,0.19799134135246277,-0.21468232572078705,-0.31283503770828247,0.31403422355651855,-0.2491409182548523,-0.22056031227111816,-0.2045927345752716,-0.1560382843017578,0.15737710893154144,0.018760953098535538,0.13138990104198456,0.01815689727663994,0.1288299411535263
107,1060,1069,10,10,2625,2625,0,0.0,2625,0,0.0,0,11.145932499988703,5.924578599689994,3.455018599954201,2.27904810020118,21.603810100001283,80.15330172398981,quality,not_promoted,0.021912951166519805,8.02699289037957e-05,0.3997599283854167,0.017955485251843043,0.0007612134740200071,0.002418154761904762,1.0014134617078871,0.26461095611254376,0.05952380952380952,1.2058064937591553,1.4725714921951294,0.274001806974411,-9.310117457062006e-05,0.008583738468587399,1.4726645946502686,0.27340635657310486,0.9990186095237732,2.5e-05,-0.30174458026885986,-0.32147613167762756,-0.3208368122577667,0.3158608376979828,0.19809427857398987,-0.2147364467382431,-0.31282439827919006,0.3140145242214203,-0.249231219291687,-0.22074393928050995,-0.2045246660709381,-0.15603086352348328,0.15737251937389374,0.01877385564148426,0.13145804405212402,0.018159639090299606,0.1288883090019226
108,1070,1079,10,10,6654,6654,0,0.0,6654,0,0.0,0,53.529264099983266,24.20634440088179,2.654331300058402,9.533755500102416,53.92136550002033,61.92611457718045,quality,not_promoted,-1.6292064593961604e-05,0.011850609928807479,0.15044325314318904,0.004404580166849952,7.787126314201105e-06,0.0,0.9999746347849185,0.16445074374160656,0.038461538461538464,0.6544411182403564,1.617552638053894,0.21984943747520447,-0.009133858606219292,0.11032740026712418,1.6266865730285645,0.18283942341804504,0.7481650114059448,2.5e-05,-0.3017466962337494,-0.3214864730834961,-0.3208441436290741,0.3158619999885559,0.1981058120727539,-0.2147461324930191,-0.3128438889980316,0.31401145458221436,-0.24925655126571655,-0.22077059745788574,-0.20451612770557404,-0.15602007508277893,0.1573728621006012,0.01877521723508835,0.13146650791168213,0.018159911036491394,0.12890027463436127
109,1080,1089,10,10,2368,2368,0,0.0,2368,0,0.0,0,9.109248199994909,4.608645700383931,4.241092400014168,2.1956522992404643,20.04165020000073,81.2324878467675,quality,not_promoted,-0.0007671855666951553,9.418698440689745e-05,0.4544350577367319,-0.00526444282936486,0.0007011204379031787,0.004222972972972973,1.0001408506084133,0.24113847516678474,0.06756756756756757,0.6472862958908081,1.5444024801254272,0.2418888509273529,0.0010481231147423387,0.010661420412361622,1.5433542728424072,0.24334260821342468,0.9980573058128357,2.5e-05,-0.3017646372318268,-0.32147276401519775,-0.3208300471305847,0.31583479046821594,0.19814081490039825,-0.21472585201263428,-0.31288209557533264,0.3141498267650604,-0.24929745495319366,-0.22089800238609314,-0.20452141761779785,-0.15606483817100525,0.1574329137802124,0.018780259415507317,0.13146522641181946,0.018163371831178665,0.12901343405246735
110,1090,1099,10,10,2501,2501,0,0.0,2501,0,0.0,0,8.700306600017939,4.891344700066838,3.5433034999878146,2.3989250989689026,21.139192400005413,83.81508013918206,quality,not_promoted,-0.006789936730638146,7.875357027842256e-05,0.4345124140381813,-0.01109568400424905,3.025559944944689e-05,0.0,1.0001250877976418,0.2714419814758003,0.1125,0.8930078148841858,1.5785009860992432,0.25230905413627625,0.0010663580615073442,0.009544516913592815,1.5774346590042114,0.25343114137649536,0.9985690116882324,2.5e-05,-0.3018786311149597,-0.32148468494415283,-0.3208312690258026,0.3159627914428711,0.1980842649936676,-0.21477892994880676,-0.3130277097225189,0.3143090605735779,-0.2493125945329666,-0.2211628258228302,-0.20470751821994781,-0.15621483325958252,0.15751999616622925,0.01878383383154869,0.13147291541099548,0.01816459186375141,0.12919805943965912
111,1100,1109,10,10,2504,2504,0,0.0,2504,0,0.0,0,8.46206630000961,4.817397600010736,3.5545263000240084,2.3721204006287735,21.379207699996186,83.91062660392829,quality,not_promoted,0.005291232781019062,8.243388783739647e-05,0.4615458305925131,0.0007169918913859874,0.0011791139957495033,0.016015625,0.9999352134764194,0.22831420418806375,0.0375,0.5786471962928772,1.573462724685669,0.24587520956993103,0.0014964647125452757,0.009566216729581356,1.5719661712646484,0.24679823219776154,0.9984862804412842,2.5e-05,-0.30168217420578003,-0.3215008080005646,-0.32085028290748596,0.3159480392932892,0.1980767697095871,-0.2148565649986267,-0.31325042247772217,0.31463298201560974,-0.2491828352212906,-0.2213720828294754,-0.20485158264636993,-0.15641866624355316,0.15770061314105988,0.01879531890153885,0.13151635229587555,0.01816558837890625,0.1293613165616989
112,1110,1119,10,10,2351,2351,0,0.0,2351,0,0.0,0,8.33222250000108,4.661272599885706,3.6721341999655124,2.211026599543402,19.767771999991965,83.66549680287595,quality,not_promoted,-0.0005698739613934949,9.070197867569388e-05,0.4868883736230232,-0.0053934064895115996,0.0006944363920263493,0.005701013513513513,1.0006151086575277,0.24151513780895117,0.05405405405405406,0.6579169631004333,1.5245312452316284,0.24592337012290955,0.0012289168080314994,0.009936049580574036,1.5233020782470703,0.24666143953800201,0.9983676075935364,2.5e-05,-0.3017790913581848,-0.3215796947479248,-0.32092714309692383,0.3160524070262909,0.19798660278320312,-0.21490170061588287,-0.31338319182395935,0.31476935744285583,-0.24918320775032043,-0.22150614857673645,-0.20486119389533997,-0.15647689998149872,0.15776963531970978,0.018798071891069412,0.13156276941299438,0.01816610060632229,0.12941451370716095
113,1120,1129,10,10,2299,2299,0,0.0,2299,0,0.0,0,7.878099299996393,4.375306700007059,3.8266755999648012,2.1731767001911066,18.76722440001322,86.2815564143126,quality,not_promoted,-0.0001869949951974882,7.895519628517731e-05,0.48677151939935154,-0.005015233065932989,0.00019549716913995022,0.0,1.0003863920768101,0.2685687243938446,0.09722222222222222,0.7981430888175964,1.5654088258743286,0.2519451975822449,0.0015055228723213077,0.008961125276982784,1.5639033317565918,0.2521868050098419,0.9987349510192871,2.5e-05,-0.3018608093261719,-0.3216985762119293,-0.3210451602935791,0.31614992022514343,0.1978670358657837,-0.21489958465099335,-0.3135182857513428,0.31495824456214905,-0.24922454357147217,-0.22164112329483032,-0.20494624972343445,-0.15655653178691864,0.15786302089691162,0.018802791833877563,0.13159362971782684,0.018163274973630905,0.12948176264762878
114,1130,1139,10,10,2458,2458,0,0.0,2458,0,0.0,0,8.525301599991508,4.896296999970218,2.9698222000151873,2.5263925993058365,21.032484600000316,83.15913726991772,quality,not_promoted,0.0039079270015160246,7.639516605615008e-05,0.5059156574499912,-0.0011130319012758823,0.0011948640689623947,0.015316814614030031,1.0015308795831142,0.27634529263163227,0.11538461538461539,0.7385781407356262,1.5114299058914185,0.2591085433959961,0.0011771280551329255,0.00881345197558403,1.5102527141571045,0.25784528255462646,0.9988430142402649,2.5e-05,-0.30194252729415894,-0.3218981623649597,-0.32128390669822693,0.31634774804115295,0.1978413313627243,-0.2150120586156845,-0.31346163153648376,0.3150808811187744,-0.24900181591510773,-0.22182722389698029,-0.20514285564422607,-0.1565837562084198,0.15793056786060333,0.018809182569384575,0.13167448341846466,0.018164342269301414,0.12958738207817078
115,1140,1149,10,10,2329,2329,0,0.0,2329,0,0.0,0,9.36582870001439,5.239877399784746,3.3285966999828815,2.565635700477287,19.9218661999912,79.52145117434816,quality,not_promoted,-0.004176605203365152,8.209378393075895e-05,0.5552868089965872,-0.009688425739925052,8.311208821888195e-05,0.0,1.000004875498849,0.2821982040799953,0.13513513513513514,1.0297350883483887,1.56631600856781,0.2421858161687851,0.001477521494962275,0.009665872901678085,1.5648385286331177,0.24032209813594818,0.9984071254730225,2.5e-05,-0.3018546402454376,-0.32196980714797974,-0.3213701844215393,0.3163779377937317,0.19788189232349396,-0.21509334444999695,-0.31347745656967163,0.3151817321777344,-0.24889807403087616,-0.2219652533531189,-0.20520277321338654,-0.15663009881973267,0.15799085795879364,0.018813714385032654,0.1317230612039566,0.018164996057748795,0.1296515315771103
116,1150,1159,10,10,2437,2437,0,0.0,2437,0,0.0,0,8.656653499987442,5.258912500081351,2.8239792000385933,2.7972409990616143,20.996874600008596,82.18246381280768,quality,not_promoted,0.0033110197729025134,8.783353106805291e-05,0.5588880620705776,-0.002233944513882773,0.0011739045041255808,0.010817307692307692,0.9998629352985284,0.2647026910040623,0.08974358974358974,0.8554238677024841,1.5353405475616455,0.25849995017051697,0.0008904426358640194,0.009682112373411655,1.5344501733779907,0.2572305202484131,0.9985971450805664,2.5e-05,-0.30184850096702576,-0.3220568299293518,-0.3214524984359741,0.31648576259613037,0.19786441326141357,-0.21516169607639313,-0.31368961930274963,0.31525567173957825,-0.2488911896944046,-0.22214731574058533,-0.20528776943683624,-0.15661580860614777,0.15803879499435425,0.01881558634340763,0.13178569078445435,0.018158720806241035,0.12975676357746124
117,1160,1169,10,10,2383,2383,0,0.0,2383,0,0.0,0,9.402957100013737,4.655716199893504,4.945571000047494,2.224057200248353,19.62581230001524,82.09097558223124,quality,not_promoted,-0.00040414456376119663,7.102423253519718e-05,0.4923754095246917,-0.005292386024896251,0.0006229322094249687,0.0025219298703105827,0.9998634653656107,0.30561552760436345,0.14473684210526316,1.5961437225341797,1.5475713014602661,0.26320841908454895,0.00044631498167291284,0.00849680695682764,1.547124981880188,0.26267412304878235,0.9989578723907471,2.5e-05,-0.30181193351745605,-0.3219476044178009,-0.3213405907154083,0.31634336709976196,0.19787879288196564,-0.2150672823190689,-0.31369906663894653,0.3153638243675232,-0.24878071248531342,-0.22228215634822845,-0.20533829927444458,-0.15665240585803986,0.158098965883255,0.01881801150739193,0.13174431025981903,0.018142150714993477,0.12982890009880066
118,1170,1179,10,10,2767,2767,0,0.0,2767,0,0.0,0,11.597096000012243,6.14913080012775,7.275006200012285,3.1169634001271334,24.860545600007754,75.8962971427774,quality,not_promoted,-0.003499197847717865,8.417618247139299e-05,0.5144866047935053,-0.008601974865252321,0.0017136984222981316,0.016157670454545456,0.9988747645508159,0.30082364803688094,0.07954545454545454,0.8214412927627563,1.5701327323913574,0.23084284365177155,0.0012046188348904252,0.009173410013318062,1.5689281225204468,0.23041361570358276,0.9984208345413208,2.5e-05,-0.3018231689929962,-0.3219069540500641,-0.3213058412075043,0.31623706221580505,0.19788037240505219,-0.2149992138147354,-0.31381067633628845,0.3155999779701233,-0.24867376685142517,-0.22247864305973053,-0.20540018379688263,-0.15676945447921753,0.1582268923521042,0.018827425315976143,0.13174974918365479,0.01813729666173458,0.12995420396327972
119,1180,1189,10,10,2750,2750,0,0.0,2750,0,0.0,0,10.710006099980092,5.298493799869902,10.601571700011846,3.070936700270977,25.0361464000016,76.93135645861211,quality,not_promoted,-0.0001956884922503039,8.672448986840737e-05,0.5916184325550877,-0.00606851149783578,0.00034750241658996876,0.0005450581395348837,1.0001115036565205,0.2968569206463736,0.10465116279069768,1.0791401863098145,1.6103941202163696,0.22952201962471008,0.0012451400980353355,0.009649732150137424,1.6091489791870117,0.23002193868160248,0.9982324242591858,2.5e-05,-0.3018478453159332,-0.321926474571228,-0.32132017612457275,0.3162132501602173,0.19780053198337555,-0.21500249207019806,-0.313924640417099,0.3157230317592621,-0.2485785186290741,-0.22266307473182678,-0.20543204247951508,-0.1568801999092102,0.15829314291477203,0.018828196451067924,0.1317395120859146,0.018137933686375618,0.13005439937114716
120,1190,1199,10,10,2184,2184,0,0.0,2184,0,0.0,0,8.233280400017975,4.3111986997537315,3.4116737000003923,2.4288410994631704,18.39270209998358,82.02514217080524,quality,not_promoted,0.0028480626775750093,7.839717119557982e-05,0.5919756616864885,-0.0030324957965474045,0.0012875984356339489,0.014285714285714285,1.0017574965953826,0.3137620920581477,0.21428571428571427,0.9077798128128052,1.5370848178863525,0.2506592869758606,0.0007376542198471725,0.009183154441416264,1.5363471508026123,0.24945512413978577,0.9986578226089478,2.5e-05,-0.3019579350948334,-0.3220277428627014,-0.32141926884651184,0.3163436949253082,0.19786013662815094,-0.21513265371322632,-0.31396380066871643,0.31571853160858154,-0.24856537580490112,-0.2227923423051834,-0.205473393201828,-0.15690501034259796,0.15828794240951538,0.018837448209524155,0.1318294256925583,0.018138039857149124,0.13010063767433167
121,1200,1209,10,10,2377,2377,0,0.0,2377,0,0.0,0,10.330042800022056,4.626434700010577,13.984860800002934,2.6057947003573645,20.764022000017576,76.4454572049702,quality,not_promoted,-0.006055542941842424,8.686130240675993e-05,0.5816049724817276,-0.011828160826361886,0.0024298576704734984,0.03458516084049877,0.9994005913797178,0.40528700618367447,0.21052631578947367,4.0115509033203125,1.5518693923950195,0.2502015233039856,6.050973024684936e-05,0.009671645238995552,1.5518088340759277,0.25084957480430603,0.9985057711601257,2.5e-05,-0.3019082844257355,-0.32200491428375244,-0.3214051127433777,0.3162546157836914,0.19793187081813812,-0.2151402086019516,-0.3141126036643982,0.31594523787498474,-0.24857336282730103,-0.2229808121919632,-0.20547910034656525,-0.1570492386817932,0.1584104746580124,0.01883683167397976,0.1318308711051941,0.01813545823097229,0.13019408285617828
122,1210,1219,10,10,2148,2148,0,0.0,2148,0,0.0,0,9.404878600005759,4.125012900301954,7.913358899997547,2.562335799622815,17.757013199996436,79.08138416190239,quality,catastrophic_rolled_back,-0.000631705268888789,8.91936043070232e-05,0.6346526308094754,-0.006933634576853365,0.00029852698255982595,0.0,0.9998444204821306,0.316276777864379,0.1323529411764706,0.9065688848495483,1.5677967071533203,0.24931222200393677,-0.0004995606141164899,0.00965734664350748,1.5682963132858276,0.249280646443367,0.9984995126724243,2.5e-05,-0.3019360899925232,-0.3220452666282654,-0.3214244246482849,0.31629088521003723,0.1980222910642624,-0.2151896059513092,-0.3141690492630005,0.3161601126194,-0.24851755797863007,-0.223143070936203,-0.20556235313415527,-0.15710309147834778,0.15853895246982574,0.018841000273823738,0.13185180723667145,0.01813218928873539,0.13029249012470245
123,1220,1229,10,10,2202,2202,0,0.0,2202,0,0.0,0,15.416891300003044,4.387802799639758,12.184408200060716,2.594977899949299,18.29682839999441,65.31465586101335,quality,not_promoted,0.0016611722431012562,7.767292232269288e-05,0.595077281338828,-0.004250763649387019,0.0014227203559130431,0.015951236284204893,0.9997764195714678,0.33100337386131284,0.14285714285714285,1.7611713409423828,1.5150666236877441,0.2675432860851288,-0.0009536552825011313,0.009023759514093399,1.51602041721344,0.26794517040252686,0.9988623857498169,2.5e-05,-0.30208897590637207,-0.3221670091152191,-0.3215581774711609,0.316538542509079,0.19780908524990082,-0.2151642143726349,-0.3141956627368927,0.3158758580684662,-0.248560830950737,-0.223041832447052,-0.20546604692935944,-0.1570092737674713,0.15837398171424866,0.018841136246919632,0.13185280561447144,0.01813725009560585,0.1301918923854828
124,1230,1239,10,10,2222,2222,0,0.0,2222,0,0.0,0,17.84920610001427,4.374311999999918,12.881434099923354,2.3153064002108295,18.905521000007866,60.454808818282906,quality,not_promoted,0.0007373640313744545,7.359889137400646e-05,0.582600217631885,-0.00505183944478631,0.0003356874720858676,0.0008928571428571428,1.0008730496679032,0.40061496602637425,0.24285714285714285,1.4563086032867432,1.4942879676818848,0.2546423077583313,0.00043511937838047743,0.008786930702626705,1.4938528537750244,0.2541310489177704,0.998809278011322,2.5e-05,-0.3020475208759308,-0.3222806453704834,-0.321683406829834,0.3166023790836334,0.19783921539783478,-0.2152426689863205,-0.31422048807144165,0.3159468173980713,-0.2485164850950241,-0.22323831915855408,-0.2055422067642212,-0.15709039568901062,0.15841153264045715,0.01884561963379383,0.13192197680473328,0.018137067556381226,0.1302865892648697
125,1240,1249,10,10,2467,2467,0,0.0,2467,0,0.0,0,17.99030330000096,4.81101969993324,13.869417800044175,2.5008276000153273,21.15203460000339,63.02638351092784,quality,not_promoted,-0.0013187350705265999,7.580086178047798e-05,0.5585166426041187,-0.006866001177770205,0.0009842366487599718,0.008310439566580148,0.9996280555541699,0.302698890463664,0.08974358974358974,1.1058920621871948,1.5630794763565063,0.26231101155281067,-4.3704407289624214e-05,0.009187190793454647,1.5631232261657715,0.2629590630531311,0.9987733364105225,2.5e-05,-0.30205345153808594,-0.32226797938346863,-0.3216688632965088,0.31663432717323303,0.1978435069322586,-0.21528221666812897,-0.3143377900123596,0.3160662055015564,-0.24858036637306213,-0.2233790159225464,-0.20546920597553253,-0.15723218023777008,0.15847525000572205,0.018858157098293304,0.1319383680820465,0.018139762803912163,0.130362406373024
126,1250,1259,10,10,2111,2111,0,0.0,2111,0,0.0,0,6.9779285000113305,4.097712900111219,2.4735132999776397,2.1395773990952875,17.597565799980657,85.89857742965879,quality,not_promoted,0.00020240046874140248,5.868661813138081e-05,0.532551674228726,-0.005093772881523226,8.98095845927442e-05,0.0,1.0001802516706062,0.28326035302245256,0.09090909090909091,0.7907485365867615,1.5000346899032593,0.2576116919517517,0.002312886528670788,0.007918568328022957,1.4977216720581055,0.2578963041305542,0.9990551471710205,2.5e-05,-0.30197200179100037,-0.3223403990268707,-0.3217349648475647,0.3166203796863556,0.1978890299797058,-0.21531590819358826,-0.3143308758735657,0.3161109387874603,-0.24851666390895844,-0.22347213327884674,-0.20541471242904663,-0.1572452187538147,0.1585005223751068,0.01885540410876274,0.13196472823619843,0.018139535561203957,0.13037753105163574
127,1260,1269,10,10,2159,2159,0,0.0,2159,0,0.0,0,6.885968599992339,4.002307200047653,2.927844099991489,2.2478574005072005,17.26532240002416,89.39480709327403,quality,not_promoted,-0.00028638896422789376,7.421879817069138e-05,0.5361149495138842,-0.00561042911345687,0.00030287937689161697,0.0,1.0000616548692478,0.2789923012914026,0.11764705882352941,0.7585242390632629,1.56541109085083,0.2606847584247589,-0.0007122930255718529,0.009129084646701813,1.566123604774475,0.26097315549850464,0.9987736344337463,2.5e-05,-0.3020223379135132,-0.32263314723968506,-0.3220106363296509,0.31690070033073425,0.19788314402103424,-0.21552494168281555,-0.31424474716186523,0.3162347972393036,-0.24842320382595062,-0.2236354649066925,-0.2054281085729599,-0.15730880200862885,0.1585671305656433,0.0188523530960083,0.13206744194030762,0.018144920468330383,0.1304548978805542
128,1270,1279,10,10,2524,2524,0,0.0,2524,0,0.0,0,9.43735100000049,4.950983099639416,4.318748800054891,2.4893320003175177,21.467302800010657,81.67054762474284,quality,promoted,-0.0019806461641564965,8.049688235587383e-05,0.493577491864562,-0.006876172540069092,0.001447266533068614,0.0205078125,0.9997950367629528,0.24878035462461412,0.05,0.5457103848457336,1.529659628868103,0.24879410862922668,0.0009290001471526921,0.009302150458097458,1.5287305116653442,0.24972262978553772,0.9986020922660828,2.5e-05,-0.30211198329925537,-0.3227227032184601,-0.3221154808998108,0.3170450031757355,0.19786672294139862,-0.2156476080417633,-0.3142678141593933,0.3164324164390564,-0.24841059744358063,-0.2238095998764038,-0.205444797873497,-0.15738385915756226,0.15867626667022705,0.018864575773477554,0.13214010000228882,0.018143700435757637,0.13055633008480072
129,1280,1289,10,10,2260,2260,0,0.0,2260,0,0.0,0,8.973955699999351,5.078651399700902,3.7602528000134043,2.690326200739946,18.941647400002694,80.95830822296777,quality,not_promoted,0.006290481697457532,8.923322361119467e-05,0.5287647143834167,0.001047451149335959,0.0007573283785152145,0.0067708333436813616,0.9993790802028444,0.2966419517373045,0.16666666666666666,1.1656886339187622,1.5405855178833008,0.2497677206993103,0.001396403182297945,0.009761820547282696,1.539189100265503,0.25075313448905945,0.9984724521636963,2.5e-05,-0.30199363827705383,-0.3228503465652466,-0.3222452998161316,0.3171166181564331,0.1978968232870102,-0.21573182940483093,-0.314288854598999,0.3164811432361603,-0.24835237860679626,-0.2239120751619339,-0.20545977354049683,-0.1573861688375473,0.15870240330696106,0.018870292231440544,0.13219143450260162,0.018144682049751282,0.13062822818756104
130,1290,1299,10,10,2372,2372,0,0.0,2372,0,0.0,0,8.81203679999453,5.245590000093216,3.3188733000133652,2.8376322996919043,20.701396299991757,80.37018234930798,quality,not_promoted,0.0012605875289361727,6.532258811076692e-05,0.608818839647268,-0.0047949403187407084,0.0007987468454398607,0.002261513157894737,0.9999270839126486,0.3000178656687862,0.14473684210526316,0.7375490069389343,1.5529582500457764,0.246942937374115,0.002228224417194724,0.008141632191836834,1.550729751586914,0.2476491928100586,0.9989129900932312,2.5e-05,-0.3020450472831726,-0.3229706287384033,-0.32234030961990356,0.3173059821128845,0.19788233935832977,-0.21589119732379913,-0.3143973648548126,0.31663328409194946,-0.24843791127204895,-0.22411713004112244,-0.20556874573230743,-0.15749545395374298,0.15878359973430634,0.018871143460273743,0.1322558969259262,0.01814398169517517,0.13075777888298035
131,1300,1309,10,10,2375,2375,0,0.0,2375,0,0.0,0,9.56481630000053,4.5675948000571225,13.37724060000619,2.4172833001357503,20.347270400001435,79.39934193891742,quality,not_promoted,0.003084159578735891,7.717800733524583e-05,0.5423982825718427,-0.0023012346110159627,0.0006491329697478489,0.0008223684210526315,1.0008240695062436,0.36762868637513174,0.2236842105263158,1.9693408012390137,1.5269397497177124,0.2553662955760956,0.0013932654401287436,0.008813954889774323,1.5255465507507324,0.2562466263771057,0.998808741569519,2.5e-05,-0.3021300435066223,-0.3230222463607788,-0.32239311933517456,0.3173868954181671,0.19789139926433563,-0.21588581800460815,-0.31446272134780884,0.31673216819763184,-0.24837011098861694,-0.22428421676158905,-0.20565207302570343,-0.15755537152290344,0.15883800387382507,0.018871266394853592,0.13229069113731384,0.01814519613981247,0.13086096942424774
132,1310,1319,10,10,2437,2437,0,0.0,2437,0,0.0,0,8.710843199980445,5.321424700028729,2.878597200004151,2.599437100085197,21.300104500027373,81.20370020835314,quality,not_promoted,0.0015863653344030564,5.308246904743824e-05,0.5249654814983026,-0.0036367476284981538,0.0009770912321796343,0.001201923076923077,1.0009966729543147,0.2959375229592507,0.10256410256410256,0.9125878810882568,1.531130313873291,0.24517711997032166,0.0021544061601161957,0.007523002568632364,1.5289757251739502,0.24372074007987976,0.9990584850311279,2.5e-05,-0.30206772685050964,-0.32317352294921875,-0.32254067063331604,0.31746596097946167,0.19788645207881927,-0.21599282324314117,-0.31460365653038025,0.3168409466743469,-0.24836035072803497,-0.22445738315582275,-0.2056911438703537,-0.15761052072048187,0.15888775885105133,0.018886255100369453,0.13237743079662323,0.018148258328437805,0.1309249848127365
133,1320,1329,10,10,2147,2147,0,0.0,2147,0,0.0,0,8.010776200011605,4.309665099834092,3.257863700040616,2.1214137988863513,17.86951640000916,82.9588765931602,quality,not_promoted,-0.00030456293333212245,6.367351777632447e-05,0.5077797941425267,-0.005350523943300633,0.0006620321837544907,0.0057444852941176475,0.9992709510466632,0.2789676076568225,0.11764705882352941,0.9005775451660156,1.5162365436553955,0.25414061546325684,0.002704266458749771,0.00823249388486147,1.5135325193405151,0.2534841299057007,0.9989506602287292,2.5e-05,-0.30201274156570435,-0.32325971126556396,-0.32263290882110596,0.317482590675354,0.19788454473018646,-0.21609079837799072,-0.3146531581878662,0.3168811500072479,-0.24824513494968414,-0.2245824635028839,-0.20565317571163177,-0.15766224265098572,0.15890997648239136,0.01888936571776867,0.13243559002876282,0.018149275332689285,0.13099485635757446
134,1330,1339,10,10,2789,2789,0,0.0,2789,0,0.0,0,11.211237400013488,6.083777600346366,5.702063699980499,3.097267799952533,25.0906013000058,76.82806435913446,quality,not_promoted,0.0005693196700039235,6.640961315828132e-05,0.5069939670237628,-0.00446741436925632,0.0008770372342868624,0.004971590909090909,1.0000245306979527,0.27475276521661063,0.09090909090909091,0.8019194006919861,1.5478967428207397,0.24596300721168518,0.0018592672422528267,0.00858226791024208,1.5460376739501953,0.24433499574661255,0.9987825155258179,2.5e-05,-0.30201002955436707,-0.32328760623931885,-0.3226702809333801,0.31749245524406433,0.19790636003017426,-0.2161688357591629,-0.3149518668651581,0.3170298933982849,-0.24827048182487488,-0.22483257949352264,-0.20565417408943176,-0.15778067708015442,0.1590045541524887,0.018893815577030182,0.13248847424983978,0.01815463975071907,0.13110101222991943
135,1340,1349,10,10,2388,2388,0,0.0,2388,0,0.0,0,9.296234400011599,4.611576499737566,12.355025599972578,2.4540109996160027,20.37404699999024,80.48457538390088,quality,promoted,0.0006393813037950741,8.249884721360439e-05,0.5582195006703076,-0.004901564431891434,0.0002790664387032992,0.0006167763157894736,1.0000998205260228,0.24499827495923168,0.06578947368421052,0.9200233817100525,1.5603491067886353,0.23026105761528015,0.0007638165261596441,0.009500051848590374,1.5595853328704834,0.23053564131259918,0.9982978105545044,2.5e-05,-0.30186477303504944,-0.32329875230789185,-0.3227196931838989,0.3174399137496948,0.1979677826166153,-0.21620334684848785,-0.3150043487548828,0.31720253825187683,-0.2482410967350006,-0.22501088678836823,-0.2056722193956375,-0.15780502557754517,0.15909269452095032,0.01890893280506134,0.1325066089630127,0.018159056082367897,0.13119308650493622
136,1350,1359,10,10,2233,2233,0,0.0,2233,0,0.0,0,8.54602970002452,4.949677699798485,2.7353491999965627,2.720370001421543,18.727849300019443,81.87320916091183,quality,not_promoted,-0.0012034327190901552,7.14659494406078e-05,0.5492300412484578,-0.006660000640632851,0.001516924996394664,0.015429197996854781,1.0013376116752624,0.276470492460898,0.1,0.7616506814956665,1.519026517868042,0.2722444236278534,0.0007259126869030297,0.00916105043143034,1.5183002948760986,0.2702808976173401,0.9988676905632019,2.5e-05,-0.30182215571403503,-0.32341495156288147,-0.32285112142562866,0.3175034821033478,0.19793227314949036,-0.21631518006324768,-0.31516245007514954,0.3173801600933075,-0.24825116991996765,-0.22523295879364014,-0.20575785636901855,-0.1578766107559204,0.15918709337711334,0.018918244168162346,0.132588192820549,0.01816065050661564,0.1313086301088333
137,1360,1369,10,10,2190,2190,0,0.0,2190,0,0.0,0,8.3256715000025,4.844032699678792,3.156723299965961,2.5608059992082417,18.510339800006477,81.6067624773756,quality,not_promoted,-0.005849637729781015,8.81218842031168e-05,0.5400145777634212,-0.011205722434845354,0.0005885805592567651,0.002455357142857143,1.000256643976484,0.3105599802519594,0.14285714285714285,1.0782344341278076,1.5193722248077393,0.26091814041137695,0.0026740410830825567,0.009383456781506538,1.5166981220245361,0.2600930333137512,0.9987066388130188,2.5e-05,-0.3018398582935333,-0.3234797418117523,-0.3229169249534607,0.3175678551197052,0.197967529296875,-0.21639405190944672,-0.31532153487205505,0.3175378143787384,-0.24834339320659637,-0.22547726333141327,-0.20582327246665955,-0.15791431069374084,0.1592724770307541,0.018924742937088013,0.13262319564819336,0.018160533159971237,0.13143691420555115
138,1370,1379,10,10,2652,2652,0,0.0,2652,0,0.0,0,11.990150800003903,5.186499499861384,12.560861600068165,2.8007218007696792,23.368897999986075,75.00201758823195,quality,not_promoted,0.0014066384173929691,6.73214247269373e-05,0.5385137111658141,-0.003944837172249598,0.0007407638407866692,0.005261479610843318,1.0006605897630965,0.30421208891840207,0.13095238095238096,1.3440145254135132,1.561205506324768,0.24298864603042603,0.00226413831114769,0.008334062062203884,1.55894136428833,0.24137553572654724,0.9988236427307129,2.5e-05,-0.3019711375236511,-0.32350388169288635,-0.3229421079158783,0.31769052147865295,0.19792498648166656,-0.21645639836788177,-0.315476655960083,0.3176196217536926,-0.24830882251262665,-0.22561372816562653,-0.2059042751789093,-0.15798470377922058,0.15931570529937744,0.0189367588609457,0.13266582787036896,0.01816013641655445,0.1315000206232071
139,1380,1389,10,10,2349,2349,0,0.0,2349,0,0.0,0,8.701693299983162,5.255431800236693,2.8744587999535725,2.7262200994882733,20.193522399989888,81.29373472724036,quality,not_promoted,0.00041762570775038486,7.993086625434887e-05,0.5660294632653933,-0.005202703775737334,0.0010071357364476834,0.009290540540540541,0.9996583026808661,0.26435479833870323,0.10810810810810811,0.7230838537216187,1.5350247621536255,0.2595227360725403,0.0007947739795781672,0.008968483656644821,1.5342299938201904,0.2581457495689392,0.9988057613372803,2.5e-05,-0.3019590377807617,-0.32364603877067566,-0.32307618856430054,0.31772762537002563,0.1979946792125702,-0.21651574969291687,-0.3154470920562744,0.3176518678665161,-0.24820075929164886,-0.22581538558006287,-0.20588411390781403,-0.15802767872810364,0.15933836996555328,0.01894022338092327,0.1327093541622162,0.018159614875912666,0.13156545162200928
140,1390,1399,10,10,2524,2524,0,0.0,2524,0,0.0,0,9.52972600000794,5.630303000070853,3.3417750999506097,2.896443600184284,22.269197200017516,79.37375690752886,quality,not_promoted,-0.0009745723567903042,7.659559068997623e-05,0.5454183921217919,-0.0063904579845257105,0.0006715159433952067,0.00390625,1.000867572426796,0.284338644426316,0.0625,0.7939702272415161,1.5452271699905396,0.24693875014781952,0.0009475863189436495,0.009016520343720913,1.54427969455719,0.24647021293640137,0.9986667633056641,2.5e-05,-0.302016019821167,-0.3236728608608246,-0.32311001420021057,0.3177843391895294,0.19812814891338348,-0.21647560596466064,-0.3155153691768646,0.31783172488212585,-0.24810591340065002,-0.22596347332000732,-0.20594415068626404,-0.15809182822704315,0.15943694114685059,0.01894932985305786,0.13270679116249084,0.01816253736615181,0.13161402940750122
141,1400,1409,10,10,2159,2159,0,0.0,2159,0,0.0,0,7.9081752999918535,4.236651599960169,3.188277599954745,2.2198766001092736,17.71205619999091,84.26934003314733,quality,not_promoted,0.0005397869082277312,7.671839172390344e-05,0.5490410994080936,-0.004912264754667002,0.0014783632171148544,0.014099655809867032,0.9999857877983767,0.26260258334086223,0.08823529411764706,0.7917193174362183,1.5239149332046509,0.25916871428489685,0.00012705070548690856,0.008676322177052498,1.5237879753112793,0.2580929696559906,0.9988792538642883,2.5e-05,-0.30213409662246704,-0.32377663254737854,-0.3232421576976776,0.31794488430023193,0.198142409324646,-0.21652299165725708,-0.3155379593372345,0.31795868277549744,-0.2479669153690338,-0.22618809342384338,-0.20601297914981842,-0.158125102519989,0.15950748324394226,0.018955523148179054,0.1327516883611679,0.018162976950407028,0.13168783485889435
142,1410,1419,10,10,2670,2670,0,0.0,2670,0,0.0,0,10.07995449998998,5.689290699752746,4.950116400083061,3.0203309004136827,23.106016100005945,80.45568509002197,quality,not_promoted,-0.00043262437629025606,7.267975000840601e-05,0.5370047954576356,-0.0057663326595155965,0.0009980819387627499,0.005426695126862753,1.0003297222512109,0.295023756456517,0.08333333333333333,0.9769375920295715,1.5744878053665161,0.25385573506355286,-0.00018188594549428672,0.009170806035399437,1.574669599533081,0.2556283473968506,0.998694896697998,2.5e-05,-0.3021071255207062,-0.32382267713546753,-0.32331401109695435,0.3179382383823395,0.19819429516792297,-0.21652309596538544,-0.3155980408191681,0.3179706633090973,-0.24789945781230927,-0.22634881734848022,-0.20608149468898773,-0.15815642476081848,0.15951308608055115,0.018967030569911003,0.13277409970760345,0.01816767081618309,0.13175331056118011
143,1420,1429,10,10,2300,2300,0,0.0,2300,0,0.0,0,9.089594399993075,4.978349299693946,3.3607455999590456,2.7635174002789427,19.32804770002258,80.93563821745552,quality,not_promoted,-3.006055744157897e-05,6.569588514240523e-05,0.5217712086935838,-0.005214924186778565,0.0003520229855793231,0.0010850694444444445,0.9997842990689807,0.27021966729727054,0.125,0.7883462905883789,1.5206573009490967,0.25285300612449646,0.0002419857046334073,0.008485425263643265,1.520415186882019,0.2526286542415619,0.9988738298416138,2.5e-05,-0.3020971715450287,-0.3237871527671814,-0.32328420877456665,0.3179378807544708,0.19817161560058594,-0.21654409170150757,-0.31580492854118347,0.3182278275489807,-0.2479589432477951,-0.22657307982444763,-0.20608696341514587,-0.15821407735347748,0.1596555858850479,0.01897432655096054,0.13275161385536194,0.018164055421948433,0.1318616420030594
144,1430,1439,10,10,2260,2260,0,0.0,2260,0,0.0,0,7.996765099989716,4.3675460994418245,3.6931942999362946,2.4592798995727208,18.683064499986358,84.70818719179626,quality,not_promoted,0.0021631152550172475,7.198347187416705e-05,0.5507677466505103,-0.003308569055257572,0.00016482038982859295,0.00043402777777777775,0.9993596565392282,0.2596963334621655,0.09722222222222222,0.6625303626060486,1.5510175228118896,0.2572549879550934,-2.934732947323937e-05,0.00867381040006876,1.5510467290878296,0.25689348578453064,0.998863160610199,2.5e-05,-0.30217623710632324,-0.3238336145877838,-0.32331499457359314,0.3180188238620758,0.198128342628479,-0.2165514975786209,-0.3159492611885071,0.31833329796791077,-0.24802301824092865,-0.22676102817058563,-0.20616929233074188,-0.15825481712818146,0.15970824658870697,0.018984917551279068,0.1327747106552124,0.01816394552588463,0.1319829672574997
145,1440,1449,10,10,2511,2511,0,0.0,2511,0,0.0,0,11.196939399989787,4.93318239992368,15.641321800008882,2.8115654998400714,22.24546239999472,75.0843200502771,quality,not_promoted,-0.0017282308312132955,7.624410795870062e-05,0.5804743319749832,-0.0074948520225007085,0.001072619730257429,0.007421875,0.9995705179870129,0.3450266243889928,0.1875,1.478570580482483,1.5716809034347534,0.24588026106357574,0.0010672117350623012,0.009029440581798553,1.5706135034561157,0.2460891455411911,0.9986514449119568,2.5e-05,-0.30228444933891296,-0.3239780068397522,-0.32344961166381836,0.31815582513809204,0.19805613160133362,-0.21667702496051788,-0.3160519599914551,0.31841200590133667,-0.24805840849876404,-0.22684897482395172,-0.20613884925842285,-0.1583075225353241,0.15975059568881989,0.01898583211004734,0.1328449249267578,0.01815742440521717,0.1320362240076065
146,1450,1459,10,10,2181,2181,0,0.0,2181,0,0.0,0,7.693240399996284,4.299051299807616,3.0363093000487424,2.6001219996251166,18.71742619998986,82.58027080623343,quality,catastrophic_rolled_back,0.005735521178160395,6.642517328145914e-05,0.6331242318664279,-0.0005625089231346335,0.00023540692792656565,0.0,0.9997650895799909,0.3532786370388099,0.21428571428571427,1.1472803354263306,1.5231932401657104,0.24942277371883392,0.0005446998402476311,0.008070522919297218,1.522648572921753,0.248511403799057,0.9989530444145203,2.5e-05,-0.3022589385509491,-0.32414379715919495,-0.3236207365989685,0.31828564405441284,0.19798262417316437,-0.21681474149227142,-0.316043883562088,0.3185810148715973,-0.2479558140039444,-0.2269614040851593,-0.20611611008644104,-0.15839865803718567,0.159840390086174,0.018990114331245422,0.13290701806545258,0.018156906589865685,0.1320992112159729
147,1460,1469,10,10,2613,2613,0,0.0,2613,0,0.0,0,12.495207299973117,5.0937140000169165,7.928099499986274,2.824728000879986,22.9112679999962,73.80005995689338,quality,not_promoted,-0.0009014116736446939,7.582913934950228e-05,0.5839014198721909,-0.006702510435588476,0.0007744663332520825,0.004350264624851506,0.999740522082259,0.31729063709698074,0.15853658536585366,0.9652092456817627,1.5685367584228516,0.2560015618801117,0.0003811147762462497,0.008752004243433475,1.5681556463241577,0.2559191882610321,0.9988312125205994,2.5e-05,-0.3021572232246399,-0.3239973485469818,-0.32347163558006287,0.31810563802719116,0.1982254981994629,-0.2166336476802826,-0.3160737156867981,0.31851106882095337,-0.24810080230236053,-0.22701679170131683,-0.2061385065317154,-0.15834812819957733,0.15980248153209686,0.018980851396918297,0.13284513354301453,0.01817556470632553,0.13212114572525024
148,1470,1479,10,10,2320,2320,0,0.0,2320,0,0.0,0,9.212928799999645,5.225021500111325,3.2386474000522867,2.9935006994346622,20.015848599985475,79.37382971075557,quality,not_promoted,0.0036855725873563743,6.691621805460986e-05,0.6416832462355897,-0.002697801506901915,0.000912572955712676,0.005067567567567568,0.9999077827543825,0.27279754209558704,0.10810810810810811,0.6435186862945557,1.5630366802215576,0.25739216804504395,-0.0009196442551910877,0.008402093313634396,1.563956379890442,0.25719720125198364,0.9989344477653503,2.5e-05,-0.3020951449871063,-0.3241012692451477,-0.3235684633255005,0.3180961012840271,0.19819480180740356,-0.2167016565799713,-0.31600260734558105,0.3187505602836609,-0.24803462624549866,-0.2272554337978363,-0.20626524090766907,-0.15842881798744202,0.15992283821105957,0.018988480791449547,0.13290798664093018,0.018192904070019722,0.13226866722106934
149,1480,1489,10,10,2572,2572,0,0.0,2572,0,0.0,0,11.829290800000308,6.511421300005168,4.407673799985787,4.0314877003547736,24.07238850000431,71.64010291851918,quality,not_promoted,-0.002116071026227096,6.501447890003897e-05,0.6708187711674992,-0.008791751290739672,0.0008441045320956264,0.0005716463414634146,0.99930211320156,0.3222387672015807,0.1951219512195122,1.0900006294250488,1.5730420351028442,0.2475319653749466,-0.00038879571366123855,0.008462070487439632,1.5734310150146484,0.2458806335926056,0.9988313317298889,2.5e-05,-0.30198782682418823,-0.32408785820007324,-0.32353705167770386,0.3180280029773712,0.19813397526741028,-0.21670587360858917,-0.31619295477867126,0.31907257437705994,-0.2479831576347351,-0.227571040391922,-0.2062734216451645,-0.1584952026605606,0.16010144352912903,0.018992304801940918,0.1329137235879898,0.018193937838077545,0.13245812058448792
150,1490,1499,10,10,2159,2159,0,0.0,2159,0,0.0,0,10.71417609998025,4.900841899914667,7.854428199992981,3.2099197997595184,18.738539200014202,73.3039374471666,quality,catastrophic_rolled_back,0.00041609880624010284,7.381109908772701e-05,0.7335203237393323,-0.006882198689067189,0.0010137559913667193,0.0062040441176470585,1.0002921626848333,0.34868708789786873,0.22058823529411764,0.968774676322937,1.5529539585113525,0.24975642561912537,-4.260468631400727e-05,0.00886275339871645,1.5529963970184326,0.25029289722442627,0.9987407922744751,2.5e-05,-0.30211731791496277,-0.3242126405239105,-0.3236583471298218,0.3182256519794464,0.19809359312057495,-0.2167665809392929,-0.3163329064846039,0.3191584646701813,-0.2479909360408783,-0.22767166793346405,-0.2062518149614334,-0.15849991142749786,0.16015176475048065,0.018997959792613983,0.1329517364501953,0.018194381147623062,0.13252319395542145
151,1500,1509,10,10,2231,2231,0,0.0,2231,0,0.0,0,9.128344500000821,4.4191533000266645,4.654548299964517,2.3894055006385315,19.300859500013757,78.47564075303887,quality,not_promoted,-0.0003125859158379691,7.037162114491886e-05,0.5682054149253027,-0.005959453360576715,0.0006216909035824107,0.002528409074459757,1.00122372508049,0.2709003980670657,0.11428571428571428,0.9138585329055786,1.5524325370788574,0.2738379240036011,0.0005854234914295375,0.008688656613230705,1.551847219467163,0.2745474576950073,0.9989932775497437,2.5e-05,-0.3022904396057129,-0.323945552110672,-0.3234275281429291,0.31817275285720825,0.1981436312198639,-0.21666742861270905,-0.31596750020980835,0.3183583915233612,-0.24799013137817383,-0.22683085501194,-0.20626620948314667,-0.15827828645706177,0.15972810983657837,0.018990935757756233,0.13282687962055206,0.01815466582775116,0.13203421235084534
152,1510,1519,10,10,2489,2489,0,0.0,2489,0,0.0,0,9.14192809999804,5.438946200010832,3.224096699996153,2.742393099993933,21.616153100010706,80.92182291264945,quality,not_promoted,-0.0014758419412641954,7.063329767567129e-05,0.5477053503959607,-0.006917578007022922,0.0008701659419621604,0.006283738196660311,1.0000194907188416,0.2718584108620118,0.10256410256410256,0.7487267255783081,1.5407087802886963,0.25567349791526794,-0.0005885052960366011,0.008410056121647358,1.5412973165512085,0.2546919584274292,0.9989179968833923,2.5e-05,-0.3022911846637726,-0.3240165114402771,-0.3234957158565521,0.31816011667251587,0.19816447794437408,-0.2167617827653885,-0.31605154275894165,0.31850385665893555,-0.24791975319385529,-0.22701939940452576,-0.20638133585453033,-0.1583460420370102,0.15979844331741333,0.018992437049746513,0.1328822523355484,0.01816662587225437,0.1321502923965454
153,1520,1529,10,10,2242,2242,0,0.0,2242,0,0.0,0,8.536361900012707,4.994325500301784,2.9663839999993797,2.7470292003126815,18.891304199991282,81.74228138207042,quality,not_promoted,-0.0061177708363781376,6.612751788755607e-05,0.6134103300670782,-0.0122188105500148,0.00012404245919444494,0.0,0.9999499122301737,0.28575458677692545,0.1388888888888889,0.7298488020896912,1.5375183820724487,0.2609986960887909,-0.0015778238885104656,0.008587492629885674,1.5390962362289429,0.25980809330940247,0.9989174008369446,2.5e-05,-0.3023693561553955,-0.324069082736969,-0.32356345653533936,0.31827807426452637,0.19816340506076813,-0.2167937308549881,-0.31615304946899414,0.3186482787132263,-0.2478533536195755,-0.2272624373435974,-0.20654401183128357,-0.15840624272823334,0.15988041460514069,0.0189990121871233,0.13291151821613312,0.01816694810986519,0.13229870796203613
154,1530,1539,10,10,2341,2341,0,0.0,2341,0,0.0,0,11.38444399999571,4.52073119970737,10.080642899934901,2.5901113006984815,19.59712039999431,75.56106495386508,quality,not_promoted,0.0011221975390170072,7.34726671342631e-05,0.5698836514273206,-0.004539902441555986,8.816096871325155e-05,0.0,1.000021480225228,0.2943480578628746,0.12162162162162163,0.7886232733726501,1.5986993312835693,0.2530585825443268,-0.0006673035677522421,0.008701883256435394,1.5993666648864746,0.2531851828098297,0.9988175630569458,2.5e-05,-0.3024823069572449,-0.3240407705307007,-0.32354381680488586,0.31834906339645386,0.19810806214809418,-0.21672332286834717,-0.3162701427936554,0.3187911808490753,-0.24785982072353363,-0.22742748260498047,-0.20659039914608002,-0.15849460661411285,0.1599581092596054,0.01900951936841011,0.1328914314508438,0.018163299188017845,0.13237608969211578
155,1540,1549,10,10,2339,2339,0,0.0,2339,0,0.0,0,8.654769299988402,4.572604200046044,3.8812704000156373,2.450320999487303,20.106497700006003,81.32465096201969,quality,not_promoted,0.0006227766893602706,5.64014971058822e-05,0.5606383645051235,-0.004955405841354985,0.000688159723476683,0.006437017406160767,0.9999236738359606,0.2965143368252226,0.12162162162162163,0.8616226315498352,1.5447757244110107,0.26956626772880554,-0.0005732757854275405,0.007861116901040077,1.54534912109375,0.2693358361721039,0.9991495609283447,2.5e-05,-0.30250051617622375,-0.3241414725780487,-0.32364779710769653,0.3184186816215515,0.19814814627170563,-0.21679247915744781,-0.316276490688324,0.31880658864974976,-0.2477922886610031,-0.22761307656764984,-0.20655982196331024,-0.15853378176689148,0.15996554493904114,0.019018562510609627,0.13294441998004913,0.018164388835430145,0.13244013488292694
156,1550,1559,10,10,2242,2242,0,0.0,2242,0,0.0,0,9.333729399979347,4.971387399622472,3.576196800044272,2.695084900362417,18.96270299999742,79.23260318858574,quality,not_promoted,-0.011955055692750547,8.064479728394265e-05,0.5931158396932814,-0.01784589104095681,0.001721960356614242,0.022135416666666668,0.9982883565955691,0.2613554477898611,0.125,0.765487015247345,1.5310195684432983,0.26490989327430725,-0.0011667547514662147,0.009245394729077816,1.5321862697601318,0.2639375925064087,0.9987819790840149,2.5e-05,-0.3024604618549347,-0.3243837356567383,-0.3239125609397888,0.3185265064239502,0.19811631739139557,-0.21698163449764252,-0.31642529368400574,0.31890684366226196,-0.2477005273103714,-0.22784513235092163,-0.20670786499977112,-0.1586722582578659,0.16002435982227325,0.019023191183805466,0.1330399066209793,0.018165161833167076,0.1325676590204239
157,1560,1569,10,10,3057,3057,0,0.0,3057,0,0.0,0,13.903453500010073,7.432471999694826,4.9194413000077475,3.5011484005954117,26.287786400003824,76.06135087160979,quality,not_promoted,-0.000959365104790777,6.923962829811596e-05,0.47153691792239744,-0.005640114262253822,0.0012633041114895605,0.006447305475982527,0.9999786242842674,0.30063168712270755,0.11458333333333333,0.9729210734367371,1.6204603910446167,0.2407362163066864,-0.0008061853004619479,0.008787610568106174,1.6212666034698486,0.2399974912405014,0.9986675381660461,2.5e-05,-0.30241766571998596,-0.324352502822876,-0.32388654351234436,0.31845131516456604,0.198113813996315,-0.21699662506580353,-0.31669679284095764,0.31910812854766846,-0.24770015478134155,-0.2280804067850113,-0.20672723650932312,-0.15877719223499298,0.1601371020078659,0.019025880843400955,0.13302718102931976,0.018152041360735893,0.13268408179283142
158,1570,1579,10,10,2216,2216,0,0.0,2216,0,0.0,0,10.874574500019662,4.568777799955569,7.929036699992139,2.449892699951306,19.15254440001445,73.79995421397165,quality,not_promoted,-0.0008889841048845223,6.33465037805893e-05,0.5771627289908273,-0.006628937926143408,0.0008627731053690825,0.0046875,0.9992771676608494,0.29240787635956494,0.12857142857142856,0.7407123446464539,1.5253010988235474,0.25977012515068054,-0.0012808413011953235,0.008455252274870872,1.5265816450119019,0.2582276165485382,0.9989405870437622,2.5e-05,-0.30244505405426025,-0.3244543969631195,-0.3239556849002838,0.3185434341430664,0.1981157809495926,-0.21702085435390472,-0.316764235496521,0.3192240297794342,-0.24762171506881714,-0.22826705873012543,-0.20674993097782135,-0.1588478833436966,0.160197451710701,0.0190281942486763,0.13305120170116425,0.01815166510641575,0.1327671855688095
159,1580,1589,10,10,2302,2302,0,0.0,2302,0,0.0,0,9.806707699986873,4.499091499979841,11.173457699973369,2.497517500363756,19.867886699998053,77.57477554608697,quality,not_promoted,-0.0005235986771165497,6.634984149261274e-05,0.5755309367345439,-0.006245732957419629,0.0011864430788490507,0.002394153219130304,0.9992714896798134,0.26007957032157314,0.06944444444444445,0.6129891872406006,1.5525633096694946,0.25151312351226807,-0.0023220698349177837,0.008534354157745838,1.5548853874206543,0.2504165768623352,0.9988486170768738,2.5e-05,-0.30241867899894714,-0.3245665729045868,-0.3240656852722168,0.31861257553100586,0.1981312483549118,-0.21711571514606476,-0.3167467415332794,0.3193625807762146,-0.24754787981510162,-0.22846372425556183,-0.2068423628807068,-0.1589253693819046,0.16026584804058075,0.01902863010764122,0.13310086727142334,0.01814994215965271,0.13288287818431854
160,1590,1599,10,10,2548,2548,0,0.0,2548,0,0.0,0,10.013531800010242,5.56067520022043,4.0176259000145365,2.8079575990268495,22.17541519997758,79.1576064914756,quality,not_promoted,-0.0007734397542662919,7.168852080212673e-05,0.5465833932161331,-0.006203429427114315,0.0008923756604417576,0.011328125,0.9996756367385388,0.28193420078605413,0.1125,0.8045640587806702,1.6085593700408936,0.2538728415966034,-0.0024811492767184973,0.008685090579092503,1.611040711402893,0.2540511190891266,0.9988296627998352,2.5e-05,-0.3023940920829773,-0.32473817467689514,-0.3242601156234741,0.3187195956707001,0.1980632245540619,-0.21724548935890198,-0.3167581558227539,0.31940922141075134,-0.24743066728115082,-0.22858905792236328,-0.20687733590602875,-0.15899880230426788,0.16029077768325806,0.01903526671230793,0.13317768275737762,0.01814844459295273,0.13295415043830872
161,1600,1609,10,10,2222,2222,0,0.0,2222,0,0.0,0,9.219771100004436,4.338779699843144,10.386246100038989,2.288605299399933,19.029659599997103,78.6564523581666,quality,not_promoted,0.0004843299144080707,6.340851390892307e-05,0.5634483873844147,-0.005118450010195374,0.0006401372146293787,0.0002232142857142857,0.9997579114777702,0.2906799881586007,0.1,0.8486817479133606,1.5700452327728271,0.25195419788360596,-0.001175050507299602,0.007798056583851576,1.5712205171585083,0.25204893946647644,0.9990420937538147,2.5e-05,-0.3024832606315613,-0.32488813996315,-0.3244241178035736,0.318901389837265,0.19805869460105896,-0.21735337376594543,-0.31679052114486694,0.31951233744621277,-0.24744540452957153,-0.2287275195121765,-0.20686420798301697,-0.15907657146453857,0.1603524088859558,0.019040537998080254,0.13325631618499756,0.01814463548362255,0.13300704956054688
162,1610,1619,10,10,2561,2561,0,0.0,2561,0,0.0,0,9.767472500010626,5.53094420011621,4.036877499980619,2.858242899994366,22.697909300011816,78.88402532195785,quality,not_promoted,-0.023135221449703706,5.548243838924597e-05,0.5388795907904462,-0.02849627592850749,0.0010022681388186245,0.009527439024390244,1.0002338719077226,0.30773872800353097,0.15853658536585366,0.9459106922149658,1.6022963523864746,0.24902555346488953,-0.0018112906254827976,0.007597927004098892,1.6041076183319092,0.2503969073295593,0.999069094657898,2.5e-05,-0.30248215794563293,-0.3248384892940521,-0.32437756657600403,0.3188401162624359,0.1981125771999359,-0.21729008853435516,-0.3169248104095459,0.3198486864566803,-0.2473047822713852,-0.22900734841823578,-0.20680643618106842,-0.15925312042236328,0.16054341197013855,0.01904207468032837,0.13322335481643677,0.018150102347135544,0.133153036236763
163,1620,1629,10,10,2644,2644,0,0.0,2644,0,0.0,0,10.947598900005687,5.226406900270376,6.2300106000038795,2.7262602994742338,23.503766200010432,76.74587036897307,quality,not_promoted,-8.769133793456214e-05,7.490499774576165e-05,0.5529045508730979,-0.005579284547517697,0.0007273257187556564,0.003162202380952381,1.0004308968782425,0.3597247607651211,0.21428571428571427,1.2507948875427246,1.563266396522522,0.2490948587656021,-0.001047904952429235,0.008119289763271809,1.5643144845962524,0.2501814067363739,0.9989375472068787,2.5e-05,-0.3023413419723511,-0.32478243112564087,-0.3243352770805359,0.31878775358200073,0.1981060653924942,-0.21727637946605682,-0.31696197390556335,0.3199905455112457,-0.24727074801921844,-0.229140967130661,-0.20679832994937897,-0.1593218892812729,0.16060331463813782,0.019045041874051094,0.13320481777191162,0.018138209357857704,0.1332341879606247
164,1630,1639,10,10,2162,2162,0,0.0,2162,0,0.0,0,8.060141800000565,4.776192700053798,2.5871413999411743,2.7205595011473633,17.955367300019134,83.10427413463006,quality,not_promoted,-0.0006052963161731468,6.323979532145826e-05,0.5670259174178628,-0.006243935560204965,0.0013332394823116962,0.017003676470588234,0.999872104210012,0.28336631638162274,0.08823529411764706,0.8815785050392151,1.5505155324935913,0.2690381407737732,-0.0016676897648721933,0.008925916627049446,1.5521833896636963,0.27191635966300964,0.9988992810249329,2.5e-05,-0.3024067282676697,-0.32488563656806946,-0.32443690299987793,0.3189554512500763,0.19814664125442505,-0.2172725349664688,-0.31697043776512146,0.3201182186603546,-0.24723990261554718,-0.22931651771068573,-0.2068951576948166,-0.15934039652347565,0.1606709212064743,0.01904582604765892,0.13324706256389618,0.018136141821742058,0.13337363302707672
165,1640,1649,10,10,2315,2315,0,0.0,2315,0,0.0,0,9.368010699981824,5.182753700442845,8.678845700022066,2.59403529993142,20.09538249997422,78.57207702755207,quality,promoted,0.001055113530742961,7.395448788097506e-05,0.5510918912855355,-0.004418828430258342,0.0021668718345117174,0.02787162162162162,1.0002464056015015,0.26346810031178836,0.08108108108108109,0.9948932528495789,1.5475685596466064,0.2623341381549835,-0.0013460715999826789,0.008548594079911709,1.5489145517349243,0.2613963484764099,0.9989380836486816,2.5e-05,-0.3024553656578064,-0.32508930563926697,-0.3246195316314697,0.319089412689209,0.19818690419197083,-0.21737341582775116,-0.31708431243896484,0.3202540874481201,-0.24723172187805176,-0.22956818342208862,-0.20698747038841248,-0.1593671590089798,0.16073955595493317,0.019051741808652878,0.13332155346870422,0.018135594204068184,0.13349339365959167
166,1650,1659,10,10,2577,2577,0,0.0,2577,0,0.0,0,9.725472399994032,5.6153266997716855,3.884872900060145,3.004502099385718,22.878526999993483,79.03938312552499,quality,not_promoted,-0.006792063824832439,7.427414968288958e-05,0.5751304401130211,-0.012506230984155724,0.0005015433501883796,0.002432299141840237,1.0008203452680169,0.32408174472611123,0.15853658536585366,0.95904940366745,1.563234567642212,0.2536795735359192,-0.0006802956922911108,0.008733202703297138,1.5639147758483887,0.2532837986946106,0.9988148212432861,2.5e-05,-0.30243828892707825,-0.32511353492736816,-0.32463905215263367,0.3190351128578186,0.19817160069942474,-0.2173221856355667,-0.31718406081199646,0.320381224155426,-0.24721361696720123,-0.22979901731014252,-0.20703552663326263,-0.15940839052200317,0.16080614924430847,0.019062308594584465,0.13333134353160858,0.018135717138648033,0.1336175501346588
167,1660,1669,10,10,2438,2438,0,0.0,2438,0,0.0,0,10.615464600006817,5.335085800150409,7.827164899994386,3.1319117003004067,21.246016000019154,76.51872901342861,quality,catastrophic_rolled_back,0.009324912507182512,7.300640167019222e-05,0.6100904209873615,0.0032605116124241017,0.0004764281638169147,0.001201923076923077,0.9998820752669604,0.395242359680243,0.2948717948717949,0.9574328064918518,1.5640841722488403,0.25302761793136597,-0.000491937214974314,0.008396560326218605,1.564576268196106,0.25375524163246155,0.9988988041877747,2.5e-05,-0.3024832606315613,-0.325103759765625,-0.32463544607162476,0.319027304649353,0.19817517697811127,-0.2173359990119934,-0.31733936071395874,0.32054293155670166,-0.24721673130989075,-0.22994408011436462,-0.207119882106781,-0.15941277146339417,0.1609002947807312,0.01906539313495159,0.1333339959383011,0.018138179555535316,0.1336839348077774
168,1670,1679,10,10,6595,6595,0,0.0,6595,0,0.0,0,57.47488860000158,25.0504225002951,4.514342099952046,10.582629600277869,54.76015060002101,58.76061564202379,quality,not_promoted,-0.0006795219691971747,0.015369340197174517,0.15665211349439162,0.005438627411002437,0.00027674597465822723,0.0,1.0004361704565012,0.24336656491057232,0.11057692307692307,0.9171754717826843,1.682274341583252,0.23848560452461243,-0.010995185002684593,0.12586134672164917,1.6932694911956787,0.20095422863960266,0.7214774489402771,2.5e-05,-0.30245721340179443,-0.3251279592514038,-0.3246568739414215,0.3191204071044922,0.19820541143417358,-0.2173907309770584,-0.31709301471710205,0.32026419043540955,-0.2472182959318161,-0.22960612177848816,-0.20700301229953766,-0.1593700647354126,0.16074329614639282,0.019051143899559975,0.13333465158939362,0.018135663121938705,0.13350962102413177
169,1680,1689,10,10,2058,2058,0,0.0,2058,0,0.0,0,6.917707600019639,3.893373300001258,2.646098500030348,2.1141114993952215,16.898000599991065,86.4135545630793,quality,not_promoted,-0.005840022427340348,9.44037586701928e-05,0.537511635910381,-0.011167937932028011,0.000975286382582095,0.004024621212121212,0.9987061114022227,0.29635918151700136,0.18181818181818182,1.0953253507614136,1.4878171682357788,0.2780728340148926,0.0008166288607753813,0.009894507937133312,1.487000584602356,0.28053274750709534,0.9987338781356812,2.5e-05,-0.3024742603302002,-0.3250925838947296,-0.32462167739868164,0.3191305696964264,0.1981828212738037,-0.2174360454082489,-0.3171958327293396,0.32036063075065613,-0.24721994996070862,-0.22974343597888947,-0.20698407292366028,-0.15940310060977936,0.1607942134141922,0.01905648410320282,0.133353590965271,0.01813586615025997,0.13357411324977875
170,1690,1699,10,10,2382,2382,0,0.0,2382,0,0.0,0,9.484039799979655,4.818159300310072,6.655154099949868,2.6361300001153722,20.315309800003888,79.93463051963106,quality,not_promoted,0.0018167931365927583,8.260744882710769e-05,0.5527572176958385,-0.003669474234093765,0.0011132261723488274,0.008341165455548387,0.9985339978807851,0.3409989936963508,0.19736842105263158,0.9821867346763611,1.5231517553329468,0.24417541921138763,0.0005085602169856429,0.009590918198227882,1.5226432085037231,0.24588154256343842,0.9984571933746338,2.5e-05,-0.30249640345573425,-0.32533466815948486,-0.3248710632324219,0.31932657957077026,0.1982407122850418,-0.21764229238033295,-0.3172703981399536,0.3204509913921356,-0.24727694690227509,-0.22994180023670197,-0.20703446865081787,-0.1594381332397461,0.16085070371627808,0.01906130649149418,0.13348285853862762,0.018135733902454376,0.13366813957691193
171,1700,1709,10,10,2223,2223,0,0.0,2223,0,0.0,0,8.998095399991143,4.863745799899334,4.189136300003156,2.770421000517672,18.701903799985303,80.25270989906348,quality,catastrophic_rolled_back,0.0006543030430163656,8.527102961254838e-05,0.6044160336256027,-0.0053472222527489064,0.0003837059539884129,0.0,0.9998528276171003,0.3147765213889735,0.11428571428571428,0.7681766748428345,1.5125491619110107,0.24565662443637848,0.0005881130928173661,0.00975767895579338,1.5119611024856567,0.24742859601974487,0.9984222650527954,2.5e-05,-0.30253100395202637,-0.3254854083061218,-0.32501429319381714,0.3194500505924225,0.19818271696567535,-0.21772629022598267,-0.3173852562904358,0.3205614686012268,-0.24732215702533722,-0.23012636601924896,-0.20707228779792786,-0.15947078168392181,0.16091503202915192,0.01907006837427616,0.1335306018590927,0.01813495345413685,0.13376127183437347
172,1710,1719,10,10,2529,2529,0,0.0,2529,0,0.0,0,9.239884799986612,5.616451999667333,3.0778266999404877,2.939440399670275,22.710939300013706,79.15288795320853,quality,not_promoted,-0.0005583271384239196,9.33898485982354e-05,0.5594000391662121,-0.006105632241815329,0.0008234455090132542,0.007995975390076637,1.0016787327826022,0.321118453796953,0.125,1.1671111583709717,1.5161994695663452,0.2617720067501068,-0.00046997377648949623,0.009792988188564777,1.516669511795044,0.2649032175540924,0.9986004829406738,2.5e-05,-0.3024999797344208,-0.32529136538505554,-0.3248201906681061,0.3192749619483948,0.19825167953968048,-0.2175462543964386,-0.31732600927352905,0.320387601852417,-0.24724075198173523,-0.22975005209445953,-0.20702597498893738,-0.15941952168941498,0.1608058512210846,0.019058004021644592,0.13342535495758057,0.018133671954274178,0.1335986703634262
173,1720,1729,10,10,2448,2448,0,0.0,2448,0,0.0,0,10.535213499999372,5.451503299962496,5.052042800060008,3.0180924001324456,21.334461899998132,76.81283129730878,quality,not_promoted,0.00011601019650697708,7.961533409774673e-05,0.571242189560181,-0.005556604001097954,0.0011555395112969936,0.012419871794871794,1.0007185951257362,0.3394461924640032,0.23076923076923078,0.9445024728775024,1.5133881568908691,0.24916087090969086,0.0003546387597452849,0.009341257624328136,1.5130335092544556,0.2514619529247284,0.9985944628715515,2.5e-05,-0.30249324440956116,-0.3254341781139374,-0.32494640350341797,0.31940987706184387,0.19834621250629425,-0.21764586865901947,-0.31740814447402954,0.3204672634601593,-0.24715779721736908,-0.22993677854537964,-0.20703890919685364,-0.15943016111850739,0.16085422039031982,0.0190519280731678,0.13345953822135925,0.018135298043489456,0.13366760313510895
174,1730,1739,10,10,2156,2156,0,0.0,2156,0,0.0,0,8.167647599999327,4.284385600039968,3.610101400030544,2.336830901185749,17.789098300010664,83.06125923123399,quality,not_promoted,-0.0009178520481595222,8.348437923439847e-05,0.541331896887106,-0.006289428346516455,0.0010166958929724334,0.005619151079479386,1.000893755870707,0.29130718013381257,0.11764705882352941,0.8520078063011169,1.48399817943573,0.23280254006385803,0.0002921029517892748,0.009496785700321198,1.4837062358856201,0.23332653939723969,0.9983358979225159,2.5e-05,-0.3024696409702301,-0.3255879282951355,-0.3250894844532013,0.3195153474807739,0.1982913464307785,-0.2177579551935196,-0.31749215722084045,0.3204990029335022,-0.24716868996620178,-0.23012538254261017,-0.20702190697193146,-0.15952493250370026,0.16087543964385986,0.01905771717429161,0.13351961970329285,0.018134044483304024,0.13376429677009583
175,1740,1749,10,10,2460,2460,0,0.0,2460,0,0.0,0,8.645095300016692,4.646948700217763,4.720092400006251,2.68557160027558,21.358066300017526,81.99135920386452,quality,not_promoted,7.749804988121375e-05,6.812687747580453e-05,0.566655749693895,-0.005554995233885562,0.0001253365977530708,0.0,0.9999080269764631,0.28749041393017155,0.10256410256410256,0.7975234389305115,1.5296388864517212,0.25109729170799255,-7.245898814289831e-06,0.008448646403849125,1.5296461582183838,0.2522767186164856,0.9988678693771362,2.5e-05,-0.3024853467941284,-0.3257109522819519,-0.32522425055503845,0.31966596841812134,0.19830924272537231,-0.2178468555212021,-0.31760579347610474,0.3207360804080963,-0.24720244109630585,-0.23027677834033966,-0.20702187716960907,-0.15963314473628998,0.1609969139099121,0.019064025953412056,0.1335867941379547,0.0181338582187891,0.1338661015033722
176,1750,1759,10,10,2545,2545,0,0.0,2545,0,0.0,0,9.668218200007686,5.658941999950912,3.467856299947016,3.161628099740483,22.73369230001117,78.54475124232316,quality,not_promoted,-0.0004961547907441855,7.323026825361012e-05,0.6027160305529833,-0.006486699695233256,0.0006621389919018838,0.004161352035589516,1.000645811110735,0.30792276505380867,0.1625,0.7793871760368347,1.5657837390899658,0.23186923563480377,0.000974570750258863,0.009020771831274033,1.564808964729309,0.23338958621025085,0.9984864592552185,2.5e-05,-0.30258241295814514,-0.32570669054985046,-0.325248122215271,0.31969010829925537,0.19838647544384003,-0.21781465411186218,-0.31770581007003784,0.32094478607177734,-0.2472003698348999,-0.23044824600219727,-0.20709149539470673,-0.15972180664539337,0.16110864281654358,0.019064074382185936,0.1336064338684082,0.01813124679028988,0.1339714080095291
177,1760,1769,10,10,2400,2400,0,0.0,2400,0,0.0,0,10.569875400018645,5.852107800048543,6.083427200006554,3.8545891997928265,20.554736799997045,77.10939447460136,quality,not_promoted,-0.0042224508146510315,7.179837613971598e-05,0.6520225272366875,-0.010706776930754515,0.0011888484311241068,0.008018092105263159,0.9988108253792712,0.29784356028233705,0.13157894736842105,0.795718252658844,1.5612132549285889,0.23674249649047852,0.00021288340212777257,0.0085890032351017,1.5610004663467407,0.2365381419658661,0.998683750629425,2.5e-05,-0.3026200830936432,-0.325749933719635,-0.3253016471862793,0.3197649121284485,0.19836917519569397,-0.21781042218208313,-0.3177834451198578,0.321135938167572,-0.24714238941669464,-0.23065677285194397,-0.20711970329284668,-0.15983979403972626,0.16120381653308868,0.019067762419581413,0.13363438844680786,0.01813422702252865,0.13410687446594238
178,1770,1779,10,10,2198,2198,0,0.0,2198,0,0.0,0,9.749712599994382,4.3493993000884075,5.708376799972029,2.3801204004266765,19.18267409998225,75.97022750984368,quality,promoted,-0.0011121225809412342,6.141428696407405e-05,0.5764671453407832,-0.006846087419294885,0.0011039116561213241,0.008258928571428572,1.0003822582108635,0.31234423315950804,0.11428571428571428,0.9549388885498047,1.5204787254333496,0.2531420886516571,0.0018859384581446648,0.008139523677527905,1.5185927152633667,0.2536798417568207,0.9989660978317261,2.5e-05,-0.3026357889175415,-0.325928658246994,-0.3254590630531311,0.31995585560798645,0.19838128983974457,-0.2179068624973297,-0.31795212626457214,0.3213694095611572,-0.24710984528064728,-0.23090821504592896,-0.20720411837100983,-0.15995943546295166,0.16131915152072906,0.019068552181124687,0.13369126617908478,0.018134698271751404,0.13422951102256775
179,1780,1789,10,10,2594,2594,0,0.0,2594,0,0.0,0,14.573646200005896,5.013269000017317,9.66445960002602,2.8504357002384495,22.912557300005574,69.19879203022536,quality,not_promoted,-0.0008814144913652321,7.027619739812685e-05,0.5421288089781273,-0.006267564479125346,0.0006018768976124503,0.00019054878048780488,0.9997522823694276,0.30716214065508146,0.17073170731707318,1.0015771389007568,1.5562185049057007,0.24050574004650116,0.0009402944124303758,0.008564352057874203,1.5552783012390137,0.24072903394699097,0.9987319707870483,2.5e-05,-0.3026294410228729,-0.32590171694755554,-0.32543066143989563,0.3199523389339447,0.19843988120555878,-0.21785612404346466,-0.31798315048217773,0.32145628333091736,-0.24720484018325806,-0.23107175529003143,-0.20728564262390137,-0.16000831127166748,0.1613524854183197,0.019076304510235786,0.1337040513753891,0.018135610967874527,0.13430684804916382
180,1790,1799,10,10,2383,2383,0,0.0,2383,0,0.0,0,9.039687300013611,5.187044099584455,3.2726324999239296,2.899918700364651,20.354200899979332,81.07127521838271,quality,not_promoted,0.0013849959267597449,6.478727783886777e-05,0.5543716075389009,-0.004126324940252265,0.0013867855519301405,0.01259594302820532,0.9994708197681528,0.30421851550866114,0.14473684210526316,0.8092043399810791,1.5526745319366455,0.24666854739189148,0.0008208494400605559,0.008439079858362675,1.5518535375595093,0.24686488509178162,0.9988295435905457,2.5e-05,-0.3026718199253082,-0.32611945271492004,-0.32562553882598877,0.3201335668563843,0.19845181703567505,-0.2179795652627945,-0.3179265260696411,0.3214511275291443,-0.24718499183654785,-0.23116549849510193,-0.20725804567337036,-0.16002024710178375,0.1613546758890152,0.019077856093645096,0.13375979661941528,0.01812753453850746,0.1343526840209961
181,1800,1809,10,10,2373,2373,0,0.0,2373,0,0.0,0,9.253706799994688,5.342939200199908,3.2258180000353605,2.5467919007351156,20.345048999995925,80.17228886359989,quality,not_promoted,0.004083142958973583,7.407681560404231e-05,0.5051399549763453,-0.000931217365800158,0.00032838202375273795,0.0014391447368421052,0.9995070837045971,0.2865520084374829,0.09210526315789473,0.8590949773788452,1.5166116952896118,0.24799662828445435,0.0008533626096323133,0.008983219042420387,1.5157583951950073,0.24608702957630157,0.9986878633499146,2.5e-05,-0.30262625217437744,-0.32608452439308167,-0.3255845606327057,0.3200337588787079,0.1985391527414322,-0.21792741119861603,-0.31812816858291626,0.3216163218021393,-0.24727436900138855,-0.23129597306251526,-0.20738030970096588,-0.1600959599018097,0.1614460051059723,0.019084220752120018,0.1337517350912094,0.018124008551239967,0.1344510167837143
182,1810,1819,10,10,2435,2435,0,0.0,2435,0,0.0,0,9.670390599989332,5.38036690003355,5.022185599984368,2.8360922002466395,21.35710220001056,78.47878704527517,quality,not_promoted,-0.022285583226057965,8.242218353142306e-05,0.5326817822762024,-0.02757119032769249,0.0008924114741743184,0.0038060897435897435,1.0001073731825902,0.30048487688868475,0.11538461538461539,1.3507999181747437,1.5367144346237183,0.2442823052406311,0.001621832954697311,0.00902404822409153,1.5350927114486694,0.24377800524234772,0.9986353516578674,2.5e-05,-0.3026222586631775,-0.32612791657447815,-0.3256264925003052,0.32004213333129883,0.19851061701774597,-0.2179451584815979,-0.3184048533439636,0.3218078315258026,-0.24727699160575867,-0.23151874542236328,-0.20746685564517975,-0.1602070927619934,0.1615431010723114,0.019085310399532318,0.13376764953136444,0.018117288127541542,0.13458380103111267
183,1820,1829,10,10,2730,2730,0,0.0,2730,0,0.0,0,10.151821600011317,6.046437900396995,3.6465495000302326,2.9017733996442985,24.05612709998968,79.80601303930044,quality,not_promoted,-0.0008370742245122443,7.54508633944233e-05,0.4594987734805706,-0.005394335592512128,0.001206084637805213,0.013366902008825956,0.9989665850650432,0.2685460222148618,0.09302325581395349,0.9967250823974609,1.5306384563446045,0.23886506259441376,0.0010507741244509816,0.008900275453925133,1.5295878648757935,0.2379123568534851,0.9986116290092468,2.5e-05,-0.3026411235332489,-0.32618245482444763,-0.3256933093070984,0.32005783915519714,0.19851282238960266,-0.21801047027111053,-0.31868845224380493,0.32213497161865234,-0.24723032116889954,-0.23180891573429108,-0.20757490396499634,-0.1603856086730957,0.1617228090763092,0.01909269392490387,0.1338152438402176,0.018113646656274796,0.13477158546447754
184,1830,1839,10,10,2719,2719,0,0.0,2719,0,0.0,0,10.632438300002832,5.980388999887509,4.486001200042665,3.084268099453766,24.223564600019017,78.00664946577382,quality,not_promoted,0.00021478922517840251,7.016509165581273e-05,0.5046592174574386,-0.004796720245246624,0.000212960093629294,0.0001816860465116279,0.9999918951544651,0.3396486138361831,0.18604651162790697,1.5777775049209595,1.577318549156189,0.24323570728302002,-0.0002838937798514962,0.008539624512195587,1.5776023864746094,0.24341031908988953,0.9987673759460449,2.5e-05,-0.30276116728782654,-0.3261832594871521,-0.32567742466926575,0.32014092803001404,0.19849421083927155,-0.21801340579986572,-0.3187887966632843,0.32229578495025635,-0.2471797615289688,-0.2320355325937271,-0.20768189430236816,-0.1604631096124649,0.16181181371212006,0.01909652352333069,0.13381367921829224,0.01811627484858036,0.13488446176052094
185,1840,1849,10,10,2798,2798,0,0.0,2798,0,0.0,0,14.500814099999843,5.490201299922774,15.327561200014316,2.934470200474607,25.478638100001263,69.9859514333196,quality,not_promoted,1.878172836520455e-05,7.197530703706434e-05,0.5014213103462349,-0.004959443422690542,0.0001545965318324637,0.0,0.9999210658398542,0.26031330735846,0.09090909090909091,0.8932459950447083,1.5781668424606323,0.23608240485191345,0.0004204193828627467,0.009081205353140831,1.5777465105056763,0.23361000418663025,0.9985203742980957,2.5e-05,-0.30285587906837463,-0.3263516426086426,-0.32583409547805786,0.32033395767211914,0.1985095739364624,-0.21810947358608246,-0.3188190162181854,0.32242661714553833,-0.2470988780260086,-0.23225459456443787,-0.20775850117206573,-0.1605202555656433,0.16188035905361176,0.01909717731177807,0.13387589156627655,0.01810038648545742,0.1350049376487732
186,1850,1859,10,10,2307,2307,0,0.0,2307,0,0.0,0,8.558612699998775,5.047702300071251,3.423154700023588,2.5700562997953966,19.89283590001287,81.0855022685578,quality,not_promoted,0.0010147465997048326,7.248708091021792e-05,0.5155260589074444,-0.004104270020852218,0.0006990314706264464,0.0033783783783783786,0.9995116478688008,0.3250706377061638,0.20270270270270271,0.9414405226707458,1.5378299951553345,0.2552524507045746,0.0017854947363957763,0.009053980000317097,1.5360444784164429,0.2534373700618744,0.9987418055534363,2.5e-05,-0.3029235005378723,-0.3264046907424927,-0.3258775770664215,0.32042786478996277,0.19848507642745972,-0.21814680099487305,-0.3188916742801666,0.3225822150707245,-0.2470008134841919,-0.23242183029651642,-0.2077173888683319,-0.16054767370224,0.16196464002132416,0.019106362015008926,0.1339038759469986,0.018099386245012283,0.13505235314369202
187,1860,1869,10,10,2288,2288,0,0.0,2288,0,0.0,0,13.976503199985018,4.429490699898452,10.100654399982886,2.4729430001752917,19.32873280000058,68.69790683966298,quality,not_promoted,-0.0006988813660831915,6.722857834675879e-05,0.5614318297141128,-0.006279584954932539,0.0004268806508965402,0.00043402777777777775,1.0001267203026347,0.3129607995765077,0.1527777777777778,1.0592321157455444,1.5641674995422363,0.2522823214530945,0.0002735935850068927,0.008439996279776096,1.5638939142227173,0.25312769412994385,0.9988808035850525,2.5e-05,-0.30291905999183655,-0.32640641927719116,-0.32588639855384827,0.3204275965690613,0.19851568341255188,-0.21814663708209991,-0.31894055008888245,0.32268500328063965,-0.24694037437438965,-0.23255610466003418,-0.2077285349369049,-0.1606195569038391,0.16202253103256226,0.019115589559078217,0.13395681977272034,0.018096303567290306,0.13511890172958374
188,1870,1879,10,10,2366,2366,0,0.0,2366,0,0.0,0,11.082719600002747,4.4993505002057645,11.144569299998693,2.3928332018840592,19.992121799994493,76.13876349503138,quality,not_promoted,-0.0002320995050910357,6.065709360857884e-05,0.5214293667593518,-0.005416065007699905,0.0002656428812376878,0.0004222972972972973,0.9996853164724402,0.31490769801107615,0.13513513513513514,0.8434627056121826,1.5369987487792969,0.26049286127090454,-6.3018214859766886e-06,0.008058116771280766,1.537005066871643,0.259420782327652,0.9990431070327759,2.5e-05,-0.3029610812664032,-0.32643935084342957,-0.32590344548225403,0.32049521803855896,0.19857962429523468,-0.21820136904716492,-0.31907919049263,0.32280880212783813,-0.2469080239534378,-0.2327146828174591,-0.20771081745624542,-0.16066698729991913,0.16209131479263306,0.01911955513060093,0.13397562503814697,0.018095606938004494,0.13519111275672913
189,1880,1889,10,10,2313,2313,0,0.0,2313,0,0.0,0,11.178133199980948,4.716595100442646,8.915020799962804,2.302083200920606,20.16326040000422,73.80016439349062,quality,not_promoted,0.00568984228664556,6.241873091533528e-05,0.5458976078677822,0.0002620759092875429,0.0005883403806223754,0.00316722972972973,0.9999430066830403,0.2941532402827933,0.0945945945945946,0.706169843673706,1.5263452529907227,0.24842996895313263,0.0005968398181721568,0.008227742277085781,1.5257484912872314,0.24881622195243835,0.9989031553268433,2.5e-05,-0.3030764162540436,-0.32665956020355225,-0.3261304199695587,0.3206535875797272,0.19855472445487976,-0.21829603612422943,-0.3191054165363312,0.32277366518974304,-0.24683426320552826,-0.23295515775680542,-0.20780552923679352,-0.1606600284576416,0.16206474602222443,0.01911640539765358,0.1340387612581253,0.018092811107635498,0.13530167937278748
190,1890,1899,10,10,2985,2985,0,0.0,2985,0,0.0,0,14.842319199990015,7.193173199426383,5.760721399972681,3.3664940001326613,25.77269109999179,73.49499551896795,quality,catastrophic_rolled_back,-0.0011470132864060555,5.1219169689191286e-05,0.47689740423192367,-0.005890377418217348,0.0006690791528176595,0.0030122924041240773,1.0002710965085537,0.3037001945553942,0.11702127659574468,0.8512698411941528,1.4802229404449463,0.2704339921474457,0.000598020909819752,0.007558633107692003,1.47962486743927,0.26974403858184814,0.9992188215255737,2.5e-05,-0.30300259590148926,-0.3267253637313843,-0.326165109872818,0.320654958486557,0.1984853595495224,-0.21831220388412476,-0.31917065382003784,0.3228936493396759,-0.24667438864707947,-0.23318824172019958,-0.20783200860023499,-0.16072465479373932,0.1621360331773758,0.01911163330078125,0.1340452879667282,0.018080180510878563,0.13542065024375916
191,1900,1909,10,10,3013,3013,0,0.0,3013,0,0.0,0,13.292835800006287,6.491589499870315,10.422594300063793,2.994774999562651,26.555549999990035,75.61159478636341,quality,not_promoted,-0.00015021604485809803,8.3334969341801e-05,0.438076830158631,-0.0044893165565251065,0.0007475439418461368,0.005045572916666667,1.000746409719189,0.27967634339195985,0.10416666666666667,0.8514893651008606,1.4888437986373901,0.2411235272884369,0.0007160352542996407,0.009827050380408764,1.4881278276443481,0.23893320560455322,0.9983389973640442,2.5e-05,-0.3028593063354492,-0.32647863030433655,-0.3259633481502533,0.3204762041568756,0.19845639169216156,-0.21816764771938324,-0.3187699615955353,0.32255178689956665,-0.24707485735416412,-0.23243112862110138,-0.20776794850826263,-0.16062085330486298,0.1619446575641632,0.01910046860575676,0.13392308354377747,0.01809683069586754,0.13507261872291565
192,1910,1919,10,10,2309,2309,0,0.0,2309,0,0.0,0,8.469046999991406,4.448559799930081,3.7749056999746244,2.2103227011102717,19.58337060001213,82.31019632331828,quality,not_promoted,-0.0005659254368495296,8.438532770653822e-05,0.48306943637293737,-0.005354426933351804,0.000669736585444519,0.006545608108108108,1.0005257612950094,0.3300214508498037,0.17567567567567569,1.3215826749801636,1.5067616701126099,0.25852012634277344,0.0008860556408762932,0.009433938190340996,1.5058757066726685,0.2567530870437622,0.9986683130264282,2.5e-05,-0.30288147926330566,-0.3265904486179352,-0.3260780870914459,0.3205721080303192,0.19843977689743042,-0.21824337542057037,-0.3188886046409607,0.32273709774017334,-0.2469632774591446,-0.23262512683868408,-0.20779286324977875,-0.160685196518898,0.16204534471035004,0.019108323380351067,0.13399918377399445,0.01810244284570217,0.13514523208141327
193,1920,1929,10,10,2667,2667,0,0.0,2667,0,0.0,0,10.757126600015908,5.10272850014735,6.9103926999960095,2.8048488000640646,23.406947500014212,78.06446011653068,quality,not_promoted,0.0002728333541502555,7.623592414130966e-05,0.5154221877455711,-0.004843271013149726,0.001083919946159724,0.006138392857142857,1.0006582389275234,0.30721338740771725,0.14285714285714285,0.682711124420166,1.5702927112579346,0.23854979872703552,-0.00041501843952573836,0.009126799181103706,1.5707077980041504,0.23753474652767181,0.998536229133606,2.5e-05,-0.3028804063796997,-0.3265838921070099,-0.3260601758956909,0.3205528259277344,0.19847731292247772,-0.21825702488422394,-0.318933367729187,0.3229343295097351,-0.24682405591011047,-0.23282024264335632,-0.20782271027565002,-0.16078542172908783,0.16216091811656952,0.019107183441519737,0.13400529325008392,0.01810246706008911,0.1352490335702896
194,1930,1939,10,10,2412,2412,0,0.0,2412,0,0.0,0,9.046785799990175,5.224929399963003,4.028169600031106,3.005701801448595,21.257679600006668,79.59223065523048,quality,not_promoted,-0.0026623632293194532,8.14511517762041e-05,0.5503916677675749,-0.008125554730404952,0.0016920621679960995,0.01992374403696311,1.0016982876940776,0.3408603786343807,0.21052631578947367,0.8718054294586182,1.5509016513824463,0.2654535472393036,-0.0002587151830084622,0.009551922790706158,1.5511605739593506,0.26564568281173706,0.9987052083015442,2.5e-05,-0.30281877517700195,-0.3266381621360779,-0.32611849904060364,0.3205423653125763,0.1985258013010025,-0.21833717823028564,-0.319095253944397,0.32307255268096924,-0.2468416839838028,-0.23301516473293304,-0.20785795152187347,-0.16080999374389648,0.16223730146884918,0.019111284986138344,0.1340298354625702,0.01809978485107422,0.13535131514072418
195,1940,1949,10,10,2324,2324,0,0.0,2324,0,0.0,0,8.833218999992823,4.452275299903704,10.85312299997895,2.570709099760279,20.0135006000055,80.56375325255823,quality,not_promoted,-0.0018128907509349487,6.998775505643287e-05,0.5580601551242776,-0.00735849779527131,0.001012715823693528,0.004222972972972973,0.9990261938120868,0.3038937113172299,0.13513513513513514,0.7309720516204834,1.5364618301391602,0.25841784477233887,-0.0013476409949362278,0.008891172707080841,1.5378094911575317,0.25691500306129456,0.998816192150116,2.5e-05,-0.30271926522254944,-0.32685354351997375,-0.32631129026412964,0.32067596912384033,0.1985127329826355,-0.2184634953737259,-0.31916865706443787,0.3232285976409912,-0.2468019425868988,-0.23321543633937836,-0.20782960951328278,-0.16090638935565948,0.16231851279735565,0.019113091751933098,0.13408510386943817,0.018102586269378662,0.13545610010623932
196,1950,1959,10,10,2406,2406,0,0.0,2406,0,0.0,0,9.332007800025167,5.369695399975171,3.542173899913905,2.7653852000657935,21.477955500013195,78.09162174487251,quality,not_promoted,-0.0005324000345641061,6.714648703851516e-05,0.5547315674392801,-0.006046142104375912,0.0009334770484680408,0.007065876043940845,0.9996970162579888,0.3220525203566802,0.14473684210526316,0.9241098761558533,1.5522710084915161,0.2514806389808655,-0.0012432632502168417,0.00863643828779459,1.5535142421722412,0.2510885000228882,0.9988206028938293,2.5e-05,-0.3027629554271698,-0.32700538635253906,-0.32646599411964417,0.3207964301109314,0.19849896430969238,-0.21858078241348267,-0.3191801905632019,0.3232501149177551,-0.24680569767951965,-0.2333907037973404,-0.20795254409313202,-0.16098231077194214,0.16233164072036743,0.019119132310152054,0.1341344714164734,0.0181010439991951,0.13552935421466827
197,1960,1969,10,10,2706,2706,0,0.0,2706,0,0.0,0,16.13668319999124,5.806009899999481,18.28463350000675,3.154559598857304,24.48193259999971,66.61970002435689,quality,catastrophic_rolled_back,0.0018090235697495382,6.667826426903133e-05,0.5056525392587795,-0.0032141626254807033,0.0022013878722561436,0.0256379199062669,1.0000145372956297,0.3261302552770737,0.1744186046511628,1.1145923137664795,1.5149873495101929,0.2580539882183075,-0.0009702409734018147,0.008788574486970901,1.5159577131271362,0.2578023672103882,0.9988400936126709,2.5e-05,-0.3029249310493469,-0.32709890604019165,-0.32655057311058044,0.32091379165649414,0.19852697849273682,-0.21863876283168793,-0.319242000579834,0.3232925236225128,-0.2468644380569458,-0.23348377645015717,-0.2080031931400299,-0.16097842156887054,0.16234952211380005,0.019116224721074104,0.1341809779405594,0.018102822825312614,0.13558712601661682
198,1970,1979,10,10,2405,2405,0,0.0,2405,0,0.0,0,9.213016399997286,5.477274200093234,2.9756946999696083,2.514616799977375,21.30871529999422,78.79631547906796,quality,not_promoted,0.0012546012631470436,7.921315433410008e-05,0.5063149493775869,-0.003768941457996047,0.0009586389374147218,0.010485197368421052,1.000322294862647,0.2880396013099112,0.13157894736842105,0.8430789709091187,1.5424456596374512,0.2574838399887085,0.000616310688201338,0.009246565401554108,1.5418294668197632,0.2570074498653412,0.9987103939056396,2.5e-05,-0.30286017060279846,-0.3266749978065491,-0.3261481523513794,0.3205641508102417,0.19834569096565247,-0.21829645335674286,-0.31901830434799194,0.322817862033844,-0.24699343740940094,-0.2327825278043747,-0.20784759521484375,-0.16077595949172974,0.16209109127521515,0.019113590940833092,0.13402488827705383,0.018090948462486267,0.13520579040050507
199,1980,1989,10,10,2186,2186,0,0.0,2186,0,0.0,0,7.953423900005873,4.772788000089349,2.6055230999772903,2.3243797002069186,18.05394179999712,84.05311115380472,quality,not_promoted,0.0049198171789092675,7.181445263475845e-05,0.4753776844058718,0.00020194768107363156,0.0005985292154426653,0.0020089285714285712,0.999226153748376,0.3108645441276687,0.11428571428571428,2.0106801986694336,1.5083093643188477,0.2707504332065582,0.00015807856107130647,0.009203700348734856,1.5081511735916138,0.2711908221244812,0.9988444447517395,2.5e-05,-0.30281704664230347,-0.32678085565567017,-0.3262254595756531,0.32058852910995483,0.19832271337509155,-0.21830716729164124,-0.31914809346199036,0.3229193091392517,-0.24693013727664948,-0.23289242386817932,-0.20784837007522583,-0.16083380579948425,0.1621464341878891,0.019119488075375557,0.13405629992485046,0.018087424337863922,0.13524077832698822
200,1990,1999,10,10,2639,2639,0,0.0,2639,0,0.0,0,9.53967639998882,5.151816400379175,4.335978199989768,2.745174699666677,23.5028980000061,79.86665833157376,quality,not_promoted,-0.0018062654527879897,8.716406981485696e-05,0.5128919833472797,-0.00689160302170508,0.001130700467564609,0.013950892857142858,1.0019067873557408,0.30945743513958796,0.10714285714285714,1.3347069025039673,1.5758676528930664,0.24926775693893433,-0.0002601996820885688,0.009737392887473106,1.5761276483535767,0.24878352880477905,0.9984740018844604,2.5e-05,-0.3026212751865387,-0.3268109858036041,-0.3262573778629303,0.32053613662719727,0.19820544123649597,-0.21830855309963226,-0.3190807104110718,0.32289919257164,-0.24678194522857666,-0.23303036391735077,-0.20791961252689362,-0.16088040173053741,0.1621379405260086,0.01912165805697441,0.13407059013843536,0.01808694563806057,0.13531982898712158
