update_id,episode_start,episode_end,episode_count,parallel_envs,transition_count,environment_step_count,forced_action_count,forced_action_ratio,worker_step_command_count,worker_local_physical_forced_action_count,worker_local_physical_forced_share,estimated_worker_step_round_trips_avoided,sampling_wall_time_seconds,policy_inference_time_seconds,generation_time_seconds,environment_step_time_seconds,ppo_update_time_seconds,transitions_per_second,reward_phase,candidate_status,policy_loss,value_loss,entropy,loss,approx_kl,clip_fraction,ratio_mean,gradient_norm,gradient_clipped_fraction,gradient_norm_max,return_mean,return_std,advantage_mean,advantage_std,value_prediction_mean,value_prediction_std,pre_update_explained_variance,learning_rate,policy_head_weight_production_processing_time_norm,policy_head_weight_production_reconfiguration_time_norm,policy_head_weight_production_fixed_reconfiguration_cost_norm,policy_head_weight_production_estimated_labor_cost_norm,policy_head_weight_production_estimated_downtime_cost_norm,policy_head_weight_production_horizon_slack_norm,policy_head_weight_worker_stage_duration_norm,policy_head_weight_worker_projected_fatigue_ratio,policy_head_weight_worker_incremental_labor_cost_norm,policy_head_weight_worker_incremental_downtime_cost_norm,policy_head_weight_worker_incremental_load_variance_norm,policy_head_gate_production_common,policy_head_gate_production_residual,policy_head_gate_worker_common,policy_head_gate_worker_residual
1,0,9,10,10,2199,2199,0,0.0,2199,0,0.0,0,9.08440469999914,4.3372066000592895,3.823325199977262,1.803633898962289,14.96444710000651,91.43887692798221,feasibility,feasibility_best,-0.0056216067235384665,0.014939177914389543,0.4466346779039928,-0.002618364095022636,0.0032065696112113075,0.03338509319084031,0.9994947697435107,1.9008105312074934,0.6428571428571429,67.77088928222656,0.21313734352588654,0.20524071156978607,0.17132534086704254,0.1826384961605072,0.04181201010942459,0.041569631546735764,0.20812320709228516,0.0001,-0.300654798746109,-0.2998926043510437,-0.19970963895320892,-0.19993209838867188,-0.19987304508686066,0.29978033900260925,-0.2999363839626312,-0.2998836636543274,-0.1999800056219101,-0.19995908439159393,-0.20003139972686768,0.01797230914235115,0.0180079136043787,0.01798621006309986,0.017990561202168465
2,10,19,10,10,1901,1901,0,0.0,1901,0,0.0,0,5.330886700015981,3.444879100046819,1.2648084000102244,1.8027330992917996,12.702745000016876,105.41415238044019,feasibility,not_applicable,0.001296739080377544,0.008719083139051993,0.5247406234343847,0.00040887504971275724,0.001238845275171722,0.019490740758677325,1.0004966656366985,0.7956366506715615,0.7,2.74084210395813,0.42859089374542236,0.2342604398727417,0.1918446272611618,0.09539375454187393,0.23674623668193817,0.1641256958246231,0.83417809009552,0.0001,-0.300480455160141,-0.3005578815937042,-0.20008888840675354,-0.20039676129817963,-0.20029249787330627,0.3000953197479248,-0.300475537776947,-0.3004992604255676,-0.19988322257995605,-0.2003275603055954,-0.20027528703212738,0.017992965877056122,0.017996525391936302,0.01798621006309986,0.017990097403526306
3,20,29,10,10,2263,2263,0,0.0,2263,0,0.0,0,6.276608099986333,4.256241200113436,1.169473400019342,1.8380497989128344,16.001613100001123,101.57902552836104,feasibility,phase_transition,-0.00028436949166158837,0.004637674671054508,0.5087417537967364,-0.003052949077553219,0.0019761433116703606,0.028070274792197678,1.000919910768668,0.5380436283432775,0.4166666666666667,1.6275283098220825,0.5639999508857727,0.27765709161758423,0.15456688404083252,0.07384800910949707,0.4094330668449402,0.2406301200389862,0.9292608499526978,0.0001,-0.300216406583786,-0.30132386088371277,-0.20070545375347137,-0.2009250819683075,-0.20085537433624268,0.3006502389907837,-0.30127429962158203,-0.3013407588005066,-0.1999945193529129,-0.2008679360151291,-0.20042015612125397,0.017977571114897728,0.01801137626171112,0.01798621006309986,0.018009060993790627
4,30,39,10,10,2360,2360,0,0.0,2360,0,0.0,0,6.557269400014775,4.479446700017434,1.3233339000144042,1.9855470001639333,17.35906360001536,98.67733485718844,quality,not_promoted,0.00028596640992406254,0.003653846161968603,0.46765948147387115,-0.002563705076337666,0.0010222090609573028,0.012246621621621621,0.9974731794885687,0.4751344866849281,0.2702702702702703,2.7807652950286865,0.6951170563697815,0.294185072183609,0.1287223845720291,0.07150852680206299,0.5663946866989136,0.2711332142353058,0.9409154057502747,0.0001,-0.3006172478199005,-0.30187374353408813,-0.20090724527835846,-0.20131848752498627,-0.20135140419006348,0.30143842101097107,-0.30170008540153503,-0.3015402555465698,-0.20015716552734375,-0.20102235674858093,-0.20055274665355682,0.01798124983906746,0.018014445900917053,0.01798621006309986,0.018015753477811813
5,40,49,10,10,2359,2359,0,0.0,2359,0,0.0,0,6.901892800000496,4.520919199771015,1.7391848000115715,2.091397900832817,17.562177800020436,96.42712525518878,quality,not_promoted,0.00039486481329879244,0.0031796552577509065,0.5006203099682525,-0.003021510745826605,0.0013042766411279052,0.016258445945945946,1.0004113695105992,0.38009315880166517,0.21621621621621623,1.1972126960754395,0.8013788461685181,0.3286738991737366,0.11902976036071777,0.07299681007862091,0.6823490262031555,0.31213483214378357,0.9506738185882568,0.0001,-0.3011314570903778,-0.3025214970111847,-0.20118753612041473,-0.20176880061626434,-0.20186090469360352,0.30264541506767273,-0.3021499216556549,-0.3019008934497833,-0.20030196011066437,-0.2014002650976181,-0.20089004933834076,0.018019406124949455,0.018036644905805588,0.01798621006309986,0.01805138774216175
6,50,59,10,10,2192,2192,0,0.0,2192,0,0.0,0,6.05650279999827,4.056385199713986,1.3352398999850266,1.8049700000847224,14.919216299982509,104.50178082342877,quality,not_promoted,0.0017567403348428862,0.0022714642383756915,0.47017342277935575,-0.0018092621583491563,0.0013663671544886062,0.015401785714285715,0.9995821331228528,0.3335371568799019,0.14285714285714285,1.32986581325531,0.9638125896453857,0.23984295129776,0.11106611788272858,0.06329470872879028,0.8527464270591736,0.25070279836654663,0.9303564429283142,0.0001,-0.3011733293533325,-0.3030611574649811,-0.2011549323797226,-0.20214104652404785,-0.20213249325752258,0.3032274842262268,-0.3019959330558777,-0.30189478397369385,-0.20003338158130646,-0.20127947628498077,-0.2010473757982254,0.017999980598688126,0.01801617257297039,0.01798621006309986,0.018051864579319954
7,60,69,10,10,2553,2553,0,0.0,2553,0,0.0,0,8.776216600002954,5.541348300233949,1.6284159000206273,2.160144900321029,18.410360900015803,93.9066346250549,quality,not_promoted,0.00019887476228177547,0.0016617195040453225,0.41741337701678277,-0.0031443980580661444,0.001099085017631296,0.013500548247247935,0.9989374488592148,0.3007274576462805,0.1125,1.0503205060958862,1.042424201965332,0.2708583176136017,0.09108173847198486,0.06304755806922913,0.9513424634933472,0.29086312651634216,0.9458183646202087,0.0001,-0.3008078336715698,-0.30362772941589355,-0.20136475563049316,-0.2025328129529953,-0.20255208015441895,0.3036442995071411,-0.3019660413265228,-0.3019174039363861,-0.19965030252933502,-0.2012784779071808,-0.20127631723880768,0.01801682636141777,0.01803571917116642,0.01798621006309986,0.018061693757772446
8,70,79,10,10,2019,2019,0,0.0,2019,0,0.0,0,12.909018100006506,3.588493700197432,8.661694400012493,1.6924915011913981,13.28203719999874,77.08738639483518,quality,not_promoted,-4.4865591917186975e-06,0.0017695845740490768,0.4274791651405394,-0.0033944866809179075,0.0007062587399104814,0.010009765625,0.9989796858280897,0.411683059646748,0.15625,3.964661121368408,1.1754542589187622,0.20310473442077637,0.08641382306814194,0.06472603231668472,1.0890406370162964,0.20380547642707825,0.8984411358833313,0.0001,-0.30089661478996277,-0.3041875958442688,-0.20181232690811157,-0.2029254138469696,-0.20291046798229218,0.30414482951164246,-0.3023297190666199,-0.302431583404541,-0.19946810603141785,-0.2015017420053482,-0.20181791484355927,0.01801329106092453,0.018041390925645828,0.01798621006309986,0.018077874556183815
9,80,89,10,10,2139,2139,0,0.0,2139,0,0.0,0,6.556946400000015,4.260613800026476,1.3238833998912014,1.7333339001634158,15.121861099993112,98.66778880714163,quality,not_promoted,0.004134430577430655,0.0016070515827296356,0.43723897416802016,0.0005655672661412288,0.0011458522143691558,0.019701456979793662,0.9995351793134913,0.447341235135408,0.19117647058823528,4.589427947998047,1.1780505180358887,0.26842430233955383,0.07887408882379532,0.06443572789430618,1.0991764068603516,0.27020373940467834,0.942375123500824,0.0001,-0.30088546872138977,-0.3048638105392456,-0.20219376683235168,-0.20340797305107117,-0.2033579796552658,0.30443042516708374,-0.3024526834487915,-0.3025628328323364,-0.19957943260669708,-0.20156776905059814,-0.20182238519191742,0.018007969483733177,0.018093092367053032,0.01798621006309986,0.0181035865098238
10,90,99,10,10,2051,2051,0,0.0,2051,0,0.0,0,5.404575000022305,3.6612705999577884,1.2457950999378227,1.6397045002086088,14.111352700012503,105.09364615018234,quality,not_promoted,0.010571131129946672,0.0013020526287922014,0.41174084083600476,0.007104750641508762,0.0018234189271672883,0.027462121212121212,1.003108105876229,0.33043542024538375,0.10606060606060606,3.0060360431671143,1.270350456237793,0.19205866754055023,0.06196555867791176,0.06162111088633537,1.2083848714828491,0.19204218685626984,0.897058367729187,0.0001,-0.300787091255188,-0.30506858229637146,-0.20235362648963928,-0.20354558527469635,-0.20350143313407898,0.30445101857185364,-0.3027019202709198,-0.30261722207069397,-0.199686199426651,-0.20173799991607666,-0.20191477239131927,0.017996065318584442,0.018108973279595375,0.01798621006309986,0.01814097911119461
11,100,109,10,10,2132,2132,0,0.0,2132,0,0.0,0,6.171271700004581,3.8896072003408335,1.640680499956943,1.707936100079678,14.710185700008878,102.1001532200825,quality,not_promoted,0.001953609657528646,0.0012307106949532788,0.4024228543481406,-0.0014552628991248854,0.002055584394838661,0.019117647069780266,0.998653604703791,0.31340668942121896,0.07352941176470588,1.8770562410354614,1.3335002660751343,0.2334032654762268,0.05434548854827881,0.057109516113996506,1.279154896736145,0.22813628613948822,0.9401308298110962,0.0001,-0.3007609248161316,-0.30514490604400635,-0.20248575508594513,-0.20359531044960022,-0.2035738080739975,0.30450940132141113,-0.30251190066337585,-0.30285578966140747,-0.19956892728805542,-0.20159339904785156,-0.20207835733890533,0.017992297187447548,0.018110547214746475,0.01798621006309986,0.018123693764209747
12,110,119,10,10,2761,2761,0,0.0,2761,0,0.0,0,8.31716679999954,5.450063499913085,1.5249742000014521,2.2178258991916664,20.06403350000619,97.28270724333821,quality,not_promoted,-0.003315450994043865,0.0011253650839287068,0.37955120917070995,-0.006548280121271752,0.0009442058049402972,0.012251420454545454,0.9999138767069037,0.28013260052962735,0.07954545454545454,1.254185676574707,1.371376395225525,0.26005274057388306,0.04473552107810974,0.0549178421497345,1.3266408443450928,0.2598075866699219,0.9554031491279602,0.0001,-0.3014531433582306,-0.30597352981567383,-0.20311608910560608,-0.20421016216278076,-0.20420166850090027,0.30563947558403015,-0.30244654417037964,-0.3033759295940399,-0.19992975890636444,-0.2015785425901413,-0.20196948945522308,0.018052101135253906,0.01814982295036316,0.01798621006309986,0.018132368102669716
13,120,129,10,10,2497,2497,0,0.0,2497,0,0.0,0,8.076951900002314,5.262354800011963,1.393279599957168,1.9854252001678105,17.87166960001923,96.22861854137133,quality,not_promoted,0.009097279713023454,0.0006342848888380104,0.3809515409171581,0.005604906415101141,0.0005485693400260061,0.008984375,0.9992251493036747,0.25370173398405316,0.0375,1.1340279579162598,1.407883644104004,0.23069602251052856,0.03329790383577347,0.047361843287944794,1.374585747718811,0.21810787916183472,0.9578520059585571,0.0001,-0.30165645480155945,-0.3058711588382721,-0.20311996340751648,-0.20414261519908905,-0.20417794585227966,0.3058818578720093,-0.30284661054611206,-0.30397626757621765,-0.19993151724338531,-0.20183275640010834,-0.20214028656482697,0.018031712621450424,0.01814924366772175,0.01798621006309986,0.0181244146078825
14,130,139,10,10,2295,2295,0,0.0,2295,0,0.0,0,7.86577119998401,4.80158090023906,1.7462858000362758,1.8270470997667871,15.863905800011707,96.71433791536286,quality,not_promoted,-0.00042366904542884894,0.0004525008841180049,0.36219301178223556,-0.0038193500109223854,0.0004258248716521646,0.008246527777777778,1.0000090532832675,0.22031105402857065,0.041666666666666664,0.9993023872375488,1.4632591009140015,0.24094806611537933,0.02295217663049698,0.039905186742544174,1.4403067827224731,0.2312912791967392,0.9725708961486816,0.0001,-0.30137667059898376,-0.3061155676841736,-0.20329329371452332,-0.20429851114749908,-0.20427939295768738,0.3058002293109894,-0.30256006121635437,-0.3036195933818817,-0.2000589668750763,-0.2016822099685669,-0.20214122533798218,0.018025804311037064,0.01817180961370468,0.01798621006309986,0.01814071461558342
15,140,149,10,10,2144,2144,0,0.0,2144,0,0.0,0,5.784455999993952,3.891862799791852,1.2317166999855544,1.6524616990645882,14.73681669999496,104.47695088624587,quality,not_promoted,-0.0006761635681066443,0.00043282499010434975,0.41241755161215277,-0.004583926556412788,0.0007299272247644909,0.012637867647058824,0.9999458754763884,0.24933274166987224,0.058823529411764705,3.193920850753784,1.4784715175628662,0.25634175539016724,0.017895514145493507,0.03698069602251053,1.4605759382247925,0.24947883188724518,0.979188084602356,0.0001,-0.30106306076049805,-0.3059356212615967,-0.20314359664916992,-0.2041720151901245,-0.20408283174037933,0.30534860491752625,-0.302184522151947,-0.30303069949150085,-0.19955448806285858,-0.20148181915283203,-0.20211565494537354,0.01804671436548233,0.01816445216536522,0.01798621006309986,0.018160918727517128
16,150,159,10,10,2316,2316,0,0.0,2316,0,0.0,0,15.058244299987564,4.424164499854669,9.970676799974171,1.8359071997692809,17.306588400009787,71.55915253657992,quality,not_promoted,0.0029425724233324464,0.00042765059628731544,0.4482883478741388,-0.0013264856848714721,0.00038843212212982136,0.0014780405405405406,0.9998662495935285,0.21002255954049728,0.013513513513513514,0.6814203858375549,1.4775270223617554,0.24815146625041962,0.020547855645418167,0.037833187729120255,1.4569790363311768,0.24491944909095764,0.9767559170722961,0.0001,-0.3011511266231537,-0.306064248085022,-0.2032003551721573,-0.20425961911678314,-0.20420388877391815,0.3054320514202118,-0.3021318316459656,-0.30335259437561035,-0.19922789931297302,-0.20156386494636536,-0.20258675515651703,0.018076414242386818,0.01818935200572014,0.01798621006309986,0.018155265599489212
17,160,169,10,10,2232,2232,0,0.0,2232,0,0.0,0,6.950186499976553,4.362595200102078,1.593994900031248,1.8038314014556818,15.546718400000827,99.21364782949517,quality,not_promoted,0.000211254321038723,0.00021125147613929585,0.3979801663330623,-0.003662922020469393,0.0007848795153092527,0.011383928571428571,0.9998548669474465,0.17669901491275855,0.04285714285714286,0.6717336177825928,1.4976698160171509,0.25265997648239136,0.007158230058848858,0.02242179587483406,1.4905115365982056,0.24472378194332123,0.9921246767044067,0.0001,-0.3014635443687439,-0.30656135082244873,-0.20378193259239197,-0.2046339213848114,-0.2045506238937378,0.3057328760623932,-0.30280718207359314,-0.30393049120903015,-0.19914287328720093,-0.20205950736999512,-0.2032143473625183,0.018098611384630203,0.018228275701403618,0.01798621006309986,0.018112272024154663
18,170,179,10,10,1960,1960,0,0.0,1960,0,0.0,0,5.972393600008218,3.8428782000555657,1.150367600057507,1.6392566997674294,13.333618300006492,101.5227800620234,quality,not_promoted,0.0009941225871443748,0.0002488643020173655,0.45034280996168813,-0.0033848727489971826,0.0008129189204004022,0.009425403279883246,0.999068986023626,0.18550589770799683,0.016129032258064516,0.5086069107055664,1.5047938823699951,0.2741786539554596,0.0025174077600240707,0.020846368744969368,1.5022764205932617,0.27199214696884155,0.9942191243171692,0.0001,-0.30171024799346924,-0.30649226903915405,-0.2038571536540985,-0.20458590984344482,-0.2045278549194336,0.30587464570999146,-0.30344358086586,-0.3039633333683014,-0.19928665459156036,-0.20244726538658142,-0.20364691317081451,0.018089545890688896,0.01823068968951702,0.01798621006309986,0.0181278046220541
19,180,189,10,10,1932,1932,0,0.0,1932,0,0.0,0,5.368043800001033,3.5604182001552545,1.210317999968538,1.5555753004737198,12.625888199982,107.36952879458596,quality,not_promoted,0.00020612710185589328,0.00017738418530150796,0.4179914055332061,-0.0038850950790689357,0.0005080003888466426,0.004284274193548387,0.999464605123766,0.16475215091580345,0.0,0.4936080873012543,1.4640108346939087,0.27204078435897827,-0.0001233247312484309,0.01900811493396759,1.4641342163085938,0.27302321791648865,0.9951178431510925,5e-05,-0.3018060326576233,-0.3065943419933319,-0.20395393669605255,-0.2046440839767456,-0.20459020137786865,0.3059418499469757,-0.3037877678871155,-0.30414626002311707,-0.19918103516101837,-0.20269104838371277,-0.2040368765592575,0.018087975680828094,0.018226586282253265,0.01798621006309986,0.018154535442590714
20,190,199,10,10,1913,1913,0,0.0,1913,0,0.0,0,5.130678899993654,3.4041232998715714,1.1330243999836966,1.5034365996834822,12.494376099988585,108.53866839008036,quality,not_promoted,0.0002573626736799876,0.00018476238340857284,0.40503581017255785,-0.0037006144722302754,8.246430321984614e-05,0.0,0.9996650089820226,0.1904323517034451,0.06666666666666667,0.7641501426696777,1.4586241245269775,0.278302937746048,-0.0034613455645740032,0.01630011945962906,1.4620853662490845,0.28028836846351624,0.9965695738792419,5e-05,-0.3018968105316162,-0.3068275451660156,-0.20410768687725067,-0.2047954648733139,-0.20476166903972626,0.3061668574810028,-0.3040774464607239,-0.3043110966682434,-0.19914962351322174,-0.20291218161582947,-0.20428510010242462,0.018094675615429878,0.018228920176625252,0.01798621006309986,0.018168330192565918
21,200,209,10,10,2015,2015,0,0.0,2015,0,0.0,0,5.857441500003915,3.8324518998852,1.3011136999703012,1.5880158000800293,13.332405199995264,105.0034443474781,quality,not_promoted,0.0014875819033477455,0.00016405859832957503,0.40135566028766334,-0.0024439444896415807,0.00023791150707808129,0.0048828125,0.9999880911782384,0.27438358491053805,0.078125,5.628957748413086,1.4822527170181274,0.2849580943584442,-0.0008868707227520645,0.015721186995506287,1.4831395149230957,0.28600186109542847,0.9969562292098999,5e-05,-0.30194222927093506,-0.30720293521881104,-0.2042263001203537,-0.20505662262439728,-0.20502161979675293,0.3064490258693695,-0.30453407764434814,-0.30464765429496765,-0.19936376810073853,-0.20311053097248077,-0.20457413792610168,0.018094327300786972,0.018233975395560265,0.01798621006309986,0.018184583634138107
22,210,219,10,10,2030,2030,0,0.0,2030,0,0.0,0,6.599200299999211,4.052090799872531,1.6147308000072371,1.6619767996598966,13.24756350001553,102.28367810768687,quality,not_promoted,-0.001321501680649817,0.00018493221159587847,0.3789063091389835,-0.0050180978687421884,0.00033092330784256774,0.00146484375,0.9999036574736238,0.1423780174809508,0.015625,0.5030984282493591,1.5163716077804565,0.2972854673862457,-0.0012759293895214796,0.016092585399746895,1.517647624015808,0.3002268075942993,0.997069776058197,5e-05,-0.30180972814559937,-0.30712205171585083,-0.20419707894325256,-0.20499929785728455,-0.20496021211147308,0.30634385347366333,-0.30478423833847046,-0.3047351539134979,-0.19931907951831818,-0.20329652726650238,-0.20494353771209717,0.018100762739777565,0.018241476267576218,0.01798621006309986,0.018205786123871803
23,220,229,10,10,2382,2382,0,0.0,2382,0,0.0,0,6.637025000003632,4.513105900492519,1.3942945000890177,1.9245577006950043,17.319793700007722,99.42889453844182,quality,not_promoted,-0.003043842073039789,0.00018403098022788886,0.3856846321570246,-0.006808672774288999,3.800716218680272e-05,0.0,1.0001711947353262,0.1603024961720956,0.013157894736842105,0.5512449145317078,1.5153110027313232,0.26540955901145935,0.0006847634795121849,0.014534412883222103,1.514626145362854,0.26855194568634033,0.9970011115074158,5e-05,-0.3017549216747284,-0.30700168013572693,-0.204206183552742,-0.20491930842399597,-0.20492582023143768,0.3063122630119324,-0.30491816997528076,-0.3050430119037628,-0.19910505414009094,-0.20337647199630737,-0.20543037354946136,0.01810281164944172,0.018243206664919853,0.01798621006309986,0.01822216995060444
24,230,239,10,10,6427,6427,0,0.0,6427,0,0.0,0,43.55676529998891,23.883447799627902,1.2284092000045348,9.08031289925566,41.42181510000955,75.63082331744997,quality,not_promoted,-0.0003818817169285647,0.01307932275452877,0.11283577117368136,0.005029422182896368,1.1853028341840488e-05,0.0,1.0000511927179772,0.24634974849142946,0.10891089108910891,1.059997320175171,1.5607969760894775,0.19939392805099487,-0.009248446673154831,0.1142662987112999,1.5700453519821167,0.1610085666179657,0.6715929508209229,5e-05,-0.3016867935657501,-0.3069235682487488,-0.20417669415473938,-0.20486876368522644,-0.20490513741970062,0.3062521815299988,-0.3049546778202057,-0.3051109313964844,-0.19904674589633942,-0.20339690148830414,-0.20553496479988098,0.018103161826729774,0.018237236887216568,0.01798621006309986,0.018227962777018547
25,240,249,10,10,1689,1689,0,0.0,1689,0,0.0,0,4.64581509999698,2.969888800085755,1.1264748998801224,1.3681287994550075,10.483819700020831,111.63521276785951,quality,not_promoted,0.0038497360181753283,0.0002748013356284463,0.38652597147005574,0.0001218759678994064,0.0001101601433388337,0.0,0.9995889343597271,0.17123313054994302,0.0,0.47269943356513977,1.4538748264312744,0.267941415309906,-0.0018482697196304798,0.013880874030292034,1.4557232856750488,0.2630653977394104,0.9973161816596985,5e-05,-0.30190932750701904,-0.3072206377983093,-0.20434817671775818,-0.20507468283176422,-0.2051219791173935,0.3065181076526642,-0.3051430583000183,-0.30523866415023804,-0.19899757206439972,-0.20351988077163696,-0.20570968091487885,0.01810472644865513,0.018234599381685257,0.01798621006309986,0.01824374869465828
26,250,259,10,10,2121,2121,0,0.0,2121,0,0.0,0,6.423026399977971,4.054465000459459,1.9114675000309944,1.6927279002848081,14.671203300007619,100.54882449684564,quality,not_promoted,-0.00526388522292323,0.00014730619638131056,0.3824620198677568,-0.009014851471874863,0.0005978188344884342,0.011259191176470588,1.0002425128922743,0.16079953482703252,0.014705882352941176,0.5404172539710999,1.5328893661499023,0.27455514669418335,-0.0005093309446237981,0.014502703212201595,1.5333987474441528,0.2703116536140442,0.9972097873687744,5e-05,-0.3019539713859558,-0.30746299028396606,-0.2043866515159607,-0.20523834228515625,-0.20527873933315277,0.30672717094421387,-0.30553925037384033,-0.3057575523853302,-0.1989871710538864,-0.2037719041109085,-0.20618627965450287,0.018110176548361778,0.018234146758913994,0.01798621006309986,0.018270893022418022
27,260,269,10,10,2006,2006,0,0.0,2006,0,0.0,0,6.52006780001102,3.755487899761647,2.0230174999742303,1.5696992003649939,13.251119100023061,101.46077775414395,quality,not_promoted,-0.0005427447322290391,0.0001397393940578695,0.3820233973674476,-0.0042931093339575455,3.837476373291793e-05,0.0,0.9998732004314661,0.16960003512213007,0.03125,0.8056807518005371,1.5315860509872437,0.2816007137298584,-0.0008308545220643282,0.013368925079703331,1.5324171781539917,0.27869322896003723,0.9977461695671082,5e-05,-0.3020643889904022,-0.3078022599220276,-0.20457077026367188,-0.20547442138195038,-0.20556391775608063,0.30700868368148804,-0.3057062327861786,-0.30599245429039,-0.19868502020835876,-0.20388370752334595,-0.2064574658870697,0.018106205388903618,0.01823590137064457,0.01798621006309986,0.018305135890841484
28,270,279,10,10,2020,2020,0,0.0,2020,0,0.0,0,14.125384100014344,3.905555499892216,9.468596900056582,1.533481899969047,14.045683899981668,71.70477171828509,quality,not_promoted,0.0009277552017010748,0.00011231023177060706,0.4104112999048084,-0.003120202978607267,2.2710633238887112e-05,0.0,1.0000187372788787,0.14233132475055754,0.015625,0.5211985111236572,1.5396558046340942,0.2851095199584961,-0.0012829573825001717,0.01228103693574667,1.5409386157989502,0.28513988852500916,0.9981445670127869,5e-05,-0.3021965026855469,-0.30773112177848816,-0.20463785529136658,-0.20542636513710022,-0.20551897585391998,0.3070683181285858,-0.305939257144928,-0.3061288893222809,-0.19869789481163025,-0.20404265820980072,-0.20653733611106873,0.018102705478668213,0.01822824403643608,0.01798621006309986,0.018302801996469498
29,280,289,10,10,2458,2458,0,0.0,2458,0,0.0,0,8.221146500000032,5.041387300327187,1.8501719000050798,1.8010908998840023,17.143675799976336,96.90586320418615,quality,not_promoted,0.0029329640957980584,0.00014404301215948252,0.3383109903870485,-0.00037812325470627117,0.0003666263230395718,0.003205128205128205,1.0002050552612696,0.1406587531360296,0.0,0.3493706285953522,1.5796079635620117,0.27984189987182617,-0.003126038471236825,0.013344076462090015,1.5827339887619019,0.27927085757255554,0.9977262020111084,5e-05,-0.30229878425598145,-0.3077588975429535,-0.20456022024154663,-0.20544515550136566,-0.20554478466510773,0.30718687176704407,-0.30619126558303833,-0.3064347505569458,-0.19848117232322693,-0.20421133935451508,-0.2069968730211258,0.01809718646109104,0.01823491044342518,0.01798621006309986,0.0183111522346735
30,290,299,10,10,2369,2369,0,0.0,2369,0,0.0,0,6.621032399998512,4.555936900345841,1.2882070000923704,1.7967171001655515,16.92628149999655,100.60595488984826,quality,not_promoted,-0.01855473122314403,0.00010177496243625826,0.37160055770685796,-0.022219848374860657,0.00011777840125815649,0.00020559210526315788,0.999945046870332,0.15637971740216017,0.013157894736842105,0.6193558573722839,1.536573052406311,0.27348819375038147,-0.002482755109667778,0.0107243862003088,1.5390558242797852,0.27427420020103455,0.9984623193740845,5e-05,-0.3022582530975342,-0.3078460693359375,-0.20459163188934326,-0.20550262928009033,-0.20563501119613647,0.30716460943222046,-0.30615004897117615,-0.30631059408187866,-0.1983867734670639,-0.2042163908481598,-0.20718519389629364,0.018098831176757812,0.018225010484457016,0.01798621006309986,0.018326370045542717
31,300,309,10,10,2231,2231,0,0.0,2231,0,0.0,0,6.321905599994352,4.2510147001594305,1.3673796999501064,1.7650793005013838,16.080576700012898,99.58717833689698,quality,not_promoted,0.0006788622854011399,0.00011519550441464941,0.41243605869156974,-0.003387900212380503,0.00018975470952032732,0.0035714285714285713,1.0005767047405243,0.15902772151998112,0.014285714285714285,0.5156190395355225,1.571797251701355,0.2894691228866577,-0.0031784481834620237,0.011643375270068645,1.574975609779358,0.2911985218524933,0.9983820915222168,5e-05,-0.30266934633255005,-0.3079635798931122,-0.20467504858970642,-0.20559966564178467,-0.20573635399341583,0.3076139986515045,-0.3064151406288147,-0.30654120445251465,-0.19826939702033997,-0.20435094833374023,-0.20749923586845398,0.01811380311846733,0.018222946673631668,0.01798621006309986,0.01834137924015522
32,310,319,10,10,2546,2546,0,0.0,2546,0,0.0,0,15.328509299986763,4.7604818999243435,10.084824899939122,1.9398864998365752,18.6949106999964,74.83080772013102,quality,not_promoted,-0.0006329997442662716,0.0001161649502137152,0.4036538427695632,-0.0046114559576380994,0.00038708386109647107,0.005132812494412065,0.999634650349617,0.1716571626253426,0.0375,0.7216771841049194,1.6085056066513062,0.2840152084827423,-0.003595728660002351,0.012231681495904922,1.612101435661316,0.283507376909256,0.9981452226638794,5e-05,-0.30277159810066223,-0.30784425139427185,-0.20458760857582092,-0.20550648868083954,-0.20565469563007355,0.3076551556587219,-0.30702897906303406,-0.30700889229774475,-0.1983269602060318,-0.2047991156578064,-0.20792199671268463,0.01812727190554142,0.018228523433208466,0.01798621006309986,0.018376724794507027
33,320,329,10,10,2483,2483,0,0.0,2483,0,0.0,0,18.108798500004923,5.0181776000827085,11.8944045000826,1.8617763998627197,16.997342000016943,70.72836730652443,quality,not_promoted,-3.0994892884523442e-06,0.00010221610230077297,0.33871262004742253,-0.0033391177899037036,0.00026220168141522805,0.0026041666666666665,1.0001964156444256,0.11283392998843621,0.01282051282051282,0.9227012395858765,1.5495266914367676,0.29783809185028076,-0.004117017611861229,0.010550889186561108,1.553643822669983,0.2986202538013458,0.9987450838088989,5e-05,-0.30292168259620667,-0.3078441917896271,-0.20460906624794006,-0.2055055797100067,-0.2056434452533722,0.3078542947769165,-0.3074485659599304,-0.3073451519012451,-0.19815820455551147,-0.20508693158626556,-0.20826222002506256,0.018131276592612267,0.018234368413686752,0.01798621006309986,0.018412364646792412
34,330,339,10,10,1957,1957,0,0.0,1957,0,0.0,0,5.400854999985313,3.597876599873416,1.192770500027109,1.529110200732248,13.073312699998496,105.93170051182956,quality,not_promoted,0.0016361265142838801,8.858779391072946e-05,0.3590747827003079,-0.0019103262137861983,3.316391150527183e-05,0.0,1.0000784570170986,0.18108742654083237,0.08064516129032258,0.6051619052886963,1.480187177658081,0.2716119885444641,-0.0026050349697470665,0.00986191350966692,1.4827921390533447,0.27379921078681946,0.9986816644668579,2.5e-05,-0.30299609899520874,-0.3079345226287842,-0.204643115401268,-0.205570250749588,-0.20569968223571777,0.30796870589256287,-0.3076311945915222,-0.30743587017059326,-0.19810576736927032,-0.20521555840969086,-0.20843154191970825,0.018137000501155853,0.018239039927721024,0.01798621006309986,0.018424933776259422
35,340,349,10,10,2277,2277,0,0.0,2277,0,0.0,0,6.4847649000003,4.337180099973921,1.3757557999633718,1.73285390046658,16.03073269999004,101.13034321750797,quality,not_promoted,-0.0009566184857653247,0.00010037591608933225,0.3166720014479425,-0.0040731506402759505,0.0001325792869503554,0.0015190972222222222,1.0002448476023145,0.18059266917407513,0.05555555555555555,1.0182325839996338,1.483634352684021,0.2755187749862671,-0.0015779802342876792,0.010429308749735355,1.4852122068405151,0.27614256739616394,0.9985671043395996,2.5e-05,-0.30307719111442566,-0.30822908878326416,-0.2046799510717392,-0.2057773768901825,-0.2059209942817688,0.3081590235233307,-0.3077409565448761,-0.307637482881546,-0.19801512360572815,-0.20529070496559143,-0.2086004912853241,0.01813899539411068,0.01824619621038437,0.01798621006309986,0.018438439816236496
36,350,359,10,10,2440,2440,0,0.0,2440,0,0.0,0,7.409009999973932,4.909878300240962,1.2015052999486215,1.7588521008437965,17.475848100002622,98.05159387275344,quality,not_promoted,-0.0005238683750996223,9.102347604102061e-05,0.3299704786294546,-0.0037780614354862617,5.481404980692344e-06,0.0,1.0000002437677138,0.11511939845215051,0.01282051282051282,0.5405750870704651,1.5266735553741455,0.2644655108451843,-0.002075459808111191,0.00978313758969307,1.5287491083145142,0.2648093104362488,0.9986315965652466,2.5e-05,-0.30309391021728516,-0.30824384093284607,-0.20467190444469452,-0.20577988028526306,-0.20590825378894806,0.30815038084983826,-0.30790388584136963,-0.3078351616859436,-0.19793637096881866,-0.20541095733642578,-0.2088647335767746,0.01813371479511261,0.018247533589601517,0.01798621006309986,0.018463626503944397
37,360,369,10,10,2285,2285,0,0.0,2285,0,0.0,0,6.590341000002809,4.382625500060385,1.480673200043384,1.6970205992402043,16.436266400007298,99.23302900448101,quality,not_promoted,0.001801087715042134,9.906478256501335e-05,0.3268101830035448,-0.0014174815635972966,4.268916263880682e-05,0.0,1.00003210372395,0.11236125179049042,0.0,0.3069270849227905,1.5206533670425415,0.27434787154197693,-0.0024712623562663794,0.009918064810335636,1.5231244564056396,0.2739197313785553,0.99869304895401,2.5e-05,-0.3030700981616974,-0.30836308002471924,-0.20474126935005188,-0.2058594822883606,-0.20600010454654694,0.308218777179718,-0.3080941140651703,-0.30814316868782043,-0.19795584678649902,-0.20555000007152557,-0.20907284319400787,0.01813032291829586,0.018247557803988457,0.01798621006309986,0.018481938168406487
38,370,379,10,10,2360,2360,0,0.0,2360,0,0.0,0,6.755548100016313,4.43988630027161,1.788844499969855,1.7589781999995466,16.591774200001964,101.0822555868924,quality,not_promoted,-0.0007338815721104274,0.00011157439596875495,0.3065995980758925,-0.0037440898500987,7.428636461161266e-05,0.0,1.0000574749869269,0.1338810505899223,0.013513513513513514,0.7015388011932373,1.5314953327178955,0.2737463116645813,-0.002089201007038355,0.010917621664702892,1.533584475517273,0.27353984117507935,0.9984093904495239,2.5e-05,-0.30314314365386963,-0.30850112438201904,-0.2048257291316986,-0.20595553517341614,-0.2061024308204651,0.30836033821105957,-0.30821606516838074,-0.3083116412162781,-0.19788499176502228,-0.20564211905002594,-0.20930328965187073,0.01812865398824215,0.018265213817358017,0.01798621006309986,0.018502861261367798
39,380,389,10,10,1986,1986,0,0.0,1986,0,0.0,0,5.689981999981683,3.716138700139709,1.3939885000581853,1.5892138990748208,13.795316299976548,101.9229969912371,quality,not_promoted,-0.016750225564464927,8.223115216310362e-05,0.3440319439396262,-0.020149430449237116,5.418460204964504e-06,0.0,0.9999485313892365,0.15251003176672384,0.015625,1.7301781177520752,1.4969563484191895,0.27454859018325806,-0.002181082032620907,0.009376541711390018,1.4991374015808105,0.27542877197265625,0.9988335967063904,2.5e-05,-0.3030761182308197,-0.3086961805820465,-0.2049362063407898,-0.20609238743782043,-0.20623725652694702,0.3084290623664856,-0.30846214294433594,-0.3084651827812195,-0.19786906242370605,-0.20581023395061493,-0.20955313742160797,0.018128089606761932,0.0182713121175766,0.01798621006309986,0.01852457784116268
40,390,399,10,10,2002,2002,0,0.0,2002,0,0.0,0,5.180317999998806,3.517675199662335,1.166765900037717,1.4762919997738209,12.817603800009238,111.23506492839108,quality,not_promoted,0.0013067665131529793,8.963614578760826e-05,0.3268532308284193,-0.0019169480219716206,2.7141791652529612e-06,0.0,0.9999238913878798,0.10497854021377861,0.0,0.2440781593322754,1.4959982633590698,0.2713163197040558,-0.0013947064289823174,0.009846724569797516,1.4973931312561035,0.27280133962631226,0.9986828565597534,2.5e-05,-0.30308520793914795,-0.3087690770626068,-0.20501115918159485,-0.20614005625247955,-0.2063169777393341,0.30850332975387573,-0.30868425965309143,-0.30861896276474,-0.1978813260793686,-0.2059270590543747,-0.209699347615242,0.018129447475075722,0.01827697455883026,0.01798621006309986,0.01853753626346588
41,400,409,10,10,2074,2074,0,0.0,2074,0,0.0,0,5.867401199997403,3.867960099829361,1.1848337000410538,1.4980388004041743,13.749957899999572,105.72269128724467,quality,not_promoted,-0.004454345131913821,8.722138839154717e-05,0.32291904882048117,-0.007639924237137717,3.843071994055842e-05,0.00023674242424242425,0.9996592023155906,0.10710034352924788,0.0,0.3591823875904083,1.508267879486084,0.2788654863834381,-0.0024743746034801006,0.009674277156591415,1.5107421875,0.2794189155101776,0.9987965226173401,2.5e-05,-0.3030148148536682,-0.3089286684989929,-0.2050931602716446,-0.20625369250774384,-0.20642723143100739,0.3086094558238983,-0.3088608384132385,-0.3087976574897766,-0.19777005910873413,-0.20604440569877625,-0.20992042124271393,0.018130378797650337,0.018284279853105545,0.01798621006309986,0.018552741035819054
42,410,419,10,10,1820,1820,0,0.0,1820,0,0.0,0,5.108978800009936,3.323226100212196,1.2679533999762498,1.425147999660112,11.553924399981042,109.22466380294314,quality,not_promoted,-0.0026704681924833306,8.604169695523712e-05,0.3382884741857134,-0.006010332024367205,5.192714720461199e-05,0.00026939655172413793,1.000238782372968,0.13863669175269275,0.017241379310344827,1.0298298597335815,1.4841381311416626,0.2801712155342102,-0.0013031454291194677,0.009450982324779034,1.4854410886764526,0.28088441491127014,0.998862087726593,2.5e-05,-0.3031081259250641,-0.30906739830970764,-0.2051246613264084,-0.20635029673576355,-0.20651878416538239,0.30874988436698914,-0.30898812413215637,-0.3089545667171478,-0.19760873913764954,-0.20613229274749756,-0.210119366645813,0.018132681027054787,0.018292613327503204,0.01798621006309986,0.01857215166091919
43,420,429,10,10,1939,1939,0,0.0,1939,0,0.0,0,5.605158699996537,3.6232017000147607,1.233558499981882,1.458711699291598,12.832271199993556,105.16650154157558,quality,not_promoted,0.004383453934062873,7.842708369172479e-05,0.3434053334978319,0.0009886162438159508,3.288623420596724e-05,0.0,1.0002293827072266,0.1183245541648038,0.016129032258064516,0.5851341485977173,1.460619330406189,0.2769603729248047,-0.0005850233719684184,0.00903037004172802,1.4612044095993042,0.2770397365093231,0.9989368915557861,2.5e-05,-0.30306705832481384,-0.3092273473739624,-0.2052646428346634,-0.20646332204341888,-0.20664061605930328,0.3087770640850067,-0.30904683470726013,-0.3090464174747467,-0.19759510457515717,-0.20617951452732086,-0.21028484404087067,0.018136125057935715,0.018309207633137703,0.01798621006309986,0.018589263781905174
44,430,439,10,10,1907,1907,0,0.0,1907,0,0.0,0,5.140284900000552,3.4246314999763854,1.4039858999894932,1.5256730003166012,12.325645599979907,109.18399108493725,quality,not_promoted,-0.001166658941656351,7.321869215957122e-05,0.33069622740149496,-0.004437011786891768,4.732693442595822e-05,0.0,0.999802702665329,0.12776041670391958,0.016666666666666666,0.7367838621139526,1.4617964029312134,0.2786349654197693,-0.0007611684268340468,0.008965246379375458,1.4625575542449951,0.27950435876846313,0.9989647269248962,2.5e-05,-0.3030971884727478,-0.3092695474624634,-0.20524156093597412,-0.20649750530719757,-0.2066705822944641,0.3087756037712097,-0.3092325031757355,-0.30917203426361084,-0.19757787883281708,-0.20631292462348938,-0.21047569811344147,0.01813906617462635,0.018309712409973145,0.01798621006309986,0.018608026206493378
45,440,449,10,10,2037,2037,0,0.0,2037,0,0.0,0,5.988763300003484,3.8504216998117045,1.331860099977348,1.6650400000216905,13.794293000013568,102.96690102419838,quality,not_promoted,-0.0004965928528690711,7.073847018546076e-05,0.3174873685929924,-0.003636096418631496,4.796020329322914e-06,0.0,1.000003071501851,0.09724064212059602,0.0,0.37374866008758545,1.5004628896713257,0.2616361081600189,-0.001299956813454628,0.009100484661757946,1.5017627477645874,0.26285549998283386,0.9987901449203491,2.5e-05,-0.30317753553390503,-0.30925068259239197,-0.20520609617233276,-0.20648539066314697,-0.2066473662853241,0.3087857663631439,-0.30947402119636536,-0.309287428855896,-0.19757162034511566,-0.2064821869134903,-0.21065156161785126,0.01814143732190132,0.018315212801098824,0.01798621006309986,0.018623579293489456
46,450,459,10,10,6698,6698,0,0.0,6698,0,0.0,0,43.47715160000371,24.299410100036766,1.378253200033214,8.690493297297508,43.95485420001205,76.60810178963997,quality,not_promoted,0.00047463572007559594,0.011616317478754874,0.10266717122424217,0.005256122104003139,7.303293832393111e-07,0.0,1.0000075995922089,0.20143757784916533,0.04285714285714286,0.7422513961791992,1.6304371356964111,0.229976087808609,-0.009401019662618637,0.10784469544887543,1.6398382186889648,0.1969105303287506,0.7800964117050171,2.5e-05,-0.3031986653804779,-0.30924639105796814,-0.20519281923770905,-0.20648227632045746,-0.20664484798908234,0.3087863028049469,-0.30951038002967834,-0.3093228042125702,-0.1975572258234024,-0.20650695264339447,-0.21069255471229553,0.018142472952604294,0.018316468223929405,0.01798621006309986,0.01862654648721218
47,460,469,10,10,2659,2659,0,0.0,2659,0,0.0,0,7.783210900000995,4.996911099937279,2.2979010000417475,1.940768699045293,19.099244200013345,98.91209676003817,quality,not_promoted,-0.0005433846242903244,0.00021056647329671598,0.32426605160747257,-0.0036807621945627034,3.413467340911731e-05,0.0,0.9999983559052149,0.15490350105045808,0.011904761904761904,0.5017588138580322,1.5815163850784302,0.2509993016719818,-0.0005499612889252603,0.010614044032990932,1.582066535949707,0.2516555190086365,0.9982118010520935,2.5e-05,-0.30322521924972534,-0.3093612790107727,-0.2051929235458374,-0.20655514299869537,-0.20672762393951416,0.30882397294044495,-0.3096439838409424,-0.309390127658844,-0.19753339886665344,-0.2064972221851349,-0.21084877848625183,0.01815297082066536,0.018325623124837875,0.01798621006309986,0.018641943112015724
48,470,479,10,10,2239,2239,0,0.0,2239,0,0.0,0,6.661650499998359,4.2678364002204034,1.4526456999592483,1.6554023997159675,15.330911700002616,101.80714641788762,quality,not_promoted,2.0625841404710496e-05,9.316757080211704e-05,0.32206553242036273,-0.003153445864362376,8.116950802364694e-06,0.0,1.0000709210123335,0.12209802461521967,0.014285714285714285,0.7075544595718384,1.5426347255706787,0.2709061801433563,-0.0004330283554736525,0.009916233830153942,1.5430676937103271,0.2703908681869507,0.998660147190094,2.5e-05,-0.3031831681728363,-0.30950263142585754,-0.20529712736606598,-0.20665310323238373,-0.20684966444969177,0.30892035365104675,-0.30976563692092896,-0.3095771372318268,-0.19748830795288086,-0.2065732777118683,-0.2110038548707962,0.018155060708522797,0.01833486370742321,0.01798621006309986,0.01865960657596588
49,480,489,10,10,2250,2250,0,0.0,2250,0,0.0,0,6.25960409999243,4.217581900418736,1.3704701000242494,1.6821733996912371,15.842759599996498,101.79906685732111,quality,not_promoted,-0.002441347628417942,8.446668683366927e-05,0.33611964620649815,-0.005760310117491624,3.76339515949632e-05,0.0,0.999872470067607,0.125875153992739,0.013888888888888888,0.9728057384490967,1.5375354290008545,0.2756641209125519,0.0005104898009449244,0.009373175911605358,1.537024974822998,0.27684149146080017,0.9988438487052917,2.5e-05,-0.3032514750957489,-0.30959105491638184,-0.20537377893924713,-0.20671458542346954,-0.20689988136291504,0.30899763107299805,-0.3099173605442047,-0.30969545245170593,-0.19742640852928162,-0.20667970180511475,-0.21122972667217255,0.018152404576539993,0.01834517903625965,0.01798621006309986,0.018677327781915665
50,490,499,10,10,2008,2008,0,0.0,2008,0,0.0,0,5.649398800014751,3.7853815000271425,1.305798700050218,1.5250502997660078,13.450127899996005,105.13349527131838,quality,not_promoted,-0.0010745787585619837,9.066759207598807e-05,0.35303747351281345,-0.00455961916668457,2.8814129696907997e-05,0.0,1.0000339150428772,0.19242589070927352,0.078125,2.8626487255096436,1.5023350715637207,0.29552555084228516,-0.0011624029139056802,0.009826199151575565,1.5034973621368408,0.2950465679168701,0.998894453048706,2.5e-05,-0.3034561574459076,-0.30974942445755005,-0.20545440912246704,-0.20682421326637268,-0.20701554417610168,0.3091775178909302,-0.3100719451904297,-0.30982181429862976,-0.1973285973072052,-0.20680014789104462,-0.21139943599700928,0.01814528927206993,0.018356576561927795,0.01798621006309986,0.018694110214710236
51,500,509,10,10,1977,1977,0,0.0,1977,0,0.0,0,5.6142117000126746,3.6931189996830653,1.1460623000457417,1.4941938996780664,12.773357900005067,107.51828778927327,quality,not_promoted,-2.9018854782465965e-05,9.066878919838928e-05,0.34820226603938687,-0.0034657063135396567,7.138740122334111e-06,0.0,1.0000198810331282,0.1400743873729821,0.03225806451612903,0.9506816267967224,1.535037875175476,0.25902730226516724,3.795358134084381e-05,0.009682809934020042,1.534999966621399,0.26009562611579895,0.9986026287078857,2.5e-05,-0.30341726541519165,-0.30991029739379883,-0.20550334453582764,-0.20693542063236237,-0.2071375548839569,0.3092567026615143,-0.31027528643608093,-0.3100145757198334,-0.1973334550857544,-0.20689673721790314,-0.21159182488918304,0.01814746856689453,0.018365880474448204,0.01798621006309986,0.018712356686592102
52,510,519,10,10,2189,2189,0,0.0,2189,0,0.0,0,5.917273500002921,4.034287100133952,1.1884720000380185,1.625777600274887,15.048156700009713,104.40997294673595,quality,not_promoted,0.0004725651549441474,8.05743426358926e-05,0.3416839133415903,-0.0029039862233081032,1.2133878165470386e-06,0.0,0.9999964330877577,0.10495806179408516,0.0,0.28582999110221863,1.5161272287368774,0.25705185532569885,-0.0006431568181142211,0.009220557287335396,1.516770362854004,0.2562991678714752,0.9987133145332336,2.5e-05,-0.3034646511077881,-0.3100973665714264,-0.205606147646904,-0.20707081258296967,-0.2072896510362625,0.30949127674102783,-0.3104264736175537,-0.31034666299819946,-0.19726645946502686,-0.20699629187583923,-0.21185511350631714,0.018149325624108315,0.018374711275100708,0.01798621006309986,0.018735306337475777
53,520,529,10,10,2007,2007,0,0.0,2007,0,0.0,0,5.506913000019267,3.6557869997632224,1.3013361000048462,1.4430211994040292,13.277890899975318,106.84167961958754,quality,not_promoted,0.002257043306599371,8.385978497926772e-05,0.3264168582390994,-0.0009651959262555465,9.837264128975676e-05,0.002197265625,0.9998591439798474,0.13539333592052571,0.0,0.498619943857193,1.472208857536316,0.2713012099266052,-0.00040673327748663723,0.00947635155171156,1.4726155996322632,0.27297741174697876,0.9987799525260925,2.5e-05,-0.3035402297973633,-0.3103634715080261,-0.2057635337114334,-0.20725636184215546,-0.20748208463191986,0.30969756841659546,-0.3106023669242859,-0.3105296790599823,-0.19734208285808563,-0.20712129771709442,-0.21205461025238037,0.01814623363316059,0.01838664896786213,0.01798621006309986,0.018755866214632988
54,530,539,10,10,2080,2080,0,0.0,2080,0,0.0,0,6.027855499996804,3.9649713001563214,1.1989500999916345,1.6329479006526526,14.254684999992605,102.55125584495129,quality,not_promoted,0.0008487983141094446,8.167713525780886e-05,0.3314220349897038,-0.0024245840066931014,0.00015433632176030767,0.0016571969696969697,1.000213139888012,0.09737956159832803,0.0,0.33735746145248413,1.5105476379394531,0.2804361879825592,-0.0002487198216840625,0.009397054091095924,1.5107965469360352,0.28119096159935,0.9988771677017212,2.5e-05,-0.3036634922027588,-0.31055885553359985,-0.20588095486164093,-0.20739683508872986,-0.20762194693088531,0.3098204433917999,-0.31079959869384766,-0.3107650578022003,-0.19733461737632751,-0.20725621283054352,-0.21226486563682556,0.018148403614759445,0.018397057428956032,0.01798621006309986,0.01877628080546856
55,540,549,10,10,2299,2299,0,0.0,2299,0,0.0,0,7.255459000007249,4.418948199949227,2.5970498000388034,1.7509513000550214,16.332999999984168,97.46291608115801,quality,not_promoted,6.368664455496603e-05,8.8043626419676e-05,0.30172215174469685,-0.0029095129769605896,1.2222639807330577e-05,0.0,1.000030867755413,0.12018655281927851,0.0,0.3962506651878357,1.5220465660095215,0.25891226530075073,0.0010905555682256818,0.00974142737686634,1.5209559202194214,0.25944653153419495,0.9985843896865845,2.5e-05,-0.3035274147987366,-0.3107536733150482,-0.205977201461792,-0.20753630995750427,-0.20775969326496124,0.3098807632923126,-0.31084758043289185,-0.31086480617523193,-0.19726763665676117,-0.20732736587524414,-0.21242178976535797,0.018138809129595757,0.018408233299851418,0.01798621006309986,0.0187928956001997
56,550,559,10,10,2011,2011,0,0.0,2011,0,0.0,0,5.700669999991078,3.761620200064499,1.1702004000544548,1.5595541002694517,13.401857399992878,105.27402777088487,quality,not_promoted,0.004316672624554485,7.248081448096855e-05,0.34008374996483326,0.0009520757375867106,0.00016563426925131353,0.003996672458015382,1.000497404485941,0.10211426805472001,0.0,0.34686383605003357,1.4764803647994995,0.2530226409435272,0.0003117762098554522,0.008807436563074589,1.4761685132980347,0.25208351016044617,0.9987883567810059,2.5e-05,-0.30334264039993286,-0.3108787536621094,-0.20608142018318176,-0.20762351155281067,-0.20784151554107666,0.3098967969417572,-0.3110751807689667,-0.3111836314201355,-0.19715744256973267,-0.20749393105506897,-0.2126825451850891,0.018142608925700188,0.01841483823955059,0.01798621006309986,0.018819203600287437
57,560,569,10,10,2372,2372,0,0.0,2372,0,0.0,0,7.151592899987008,4.508084000379313,1.7497014999680687,1.7399745005823206,16.81284960001358,98.97997835751622,quality,not_promoted,-0.001838516407205086,8.05187908937162e-05,0.3250514564937667,-0.005048772145528346,7.612726920725483e-05,0.0006167763157894736,0.999878214378106,0.13271563181555585,0.02631578947368421,0.7627500891685486,1.5151687860488892,0.2588845193386078,1.540741686767433e-05,0.009157586842775345,1.5151536464691162,0.259996235370636,0.9987487196922302,2.5e-05,-0.30321764945983887,-0.31099286675453186,-0.20614461600780487,-0.20770296454429626,-0.20792390406131744,0.3099293112754822,-0.3113763928413391,-0.31142181158065796,-0.1970854103565216,-0.20772524178028107,-0.2128831148147583,0.01813330128788948,0.018424740061163902,0.01798621006309986,0.018837135285139084
58,570,579,10,10,3143,3143,0,0.0,3143,0,0.0,0,11.234985299990512,6.935940300376387,2.658362100046361,2.266177200654056,22.98779210000066,91.83941920508212,quality,not_promoted,-0.0020553171820938587,7.496005680877715e-05,0.253564769923687,-0.00455348503543064,8.13267775811255e-06,0.0,0.9998934626579284,0.10543737357482313,0.0,0.4854370951652527,1.5472443103790283,0.23699386417865753,0.0007841889164410532,0.008936661295592785,1.5464601516723633,0.23568207025527954,0.9985780715942383,2.5e-05,-0.30334821343421936,-0.31100210547447205,-0.20620784163475037,-0.20770248770713806,-0.20794300734996796,0.3099616467952728,-0.31151893734931946,-0.31162554025650024,-0.19705446064472198,-0.20783209800720215,-0.21309340000152588,0.018135972321033478,0.01842447742819786,0.01798621006309986,0.01885109581053257
59,580,589,10,10,2230,2230,0,0.0,2230,0,0.0,0,7.013392399996519,4.242164299648721,2.33923430001596,1.6807634002179839,15.932717199990293,97.1842303063558,quality,not_promoted,-0.0006610177856470858,8.37137390979998e-05,0.3637055360845157,-0.004256216988765767,0.00013812762237129002,0.002273478837949889,0.9995364700044904,0.12854877428284714,0.0,0.4412825405597687,1.5182191133499146,0.27294012904167175,-0.0007253284566104412,0.00925368256866932,1.518944501876831,0.27291443943977356,0.9988505244255066,2.5e-05,-0.3034222424030304,-0.3109952509403229,-0.2062574177980423,-0.20769554376602173,-0.20793300867080688,0.31004276871681213,-0.3115730285644531,-0.31181591749191284,-0.19705267250537872,-0.2078993171453476,-0.21326453983783722,0.018138756975531578,0.01842445507645607,0.01798621006309986,0.018862899392843246
60,590,599,10,10,2101,2101,0,0.0,2101,0,0.0,0,5.979912600014359,3.913437299983343,1.5599983999854885,1.6014507997606415,14.864292999991449,100.79539802655826,quality,not_promoted,0.00013453679893052939,6.149060495910376e-05,0.37600999144893704,-0.0035948182216309237,7.06184003347792e-05,0.0,0.9996779949376078,0.14714445201962284,0.0,0.4984572231769562,1.4821909666061401,0.25868210196495056,-0.0008711995324119925,0.008220812305808067,1.4830622673034668,0.2595394551753998,0.9989900588989258,2.5e-05,-0.3034324645996094,-0.3111390173435211,-0.20634448528289795,-0.2077961415052414,-0.20804189145565033,0.31009259819984436,-0.31179001927375793,-0.3119238018989563,-0.19709144532680511,-0.20805872976779938,-0.21344074606895447,0.018138520419597626,0.018425628542900085,0.01798621006309986,0.01887759380042553
61,600,609,10,10,6795,6795,0,0.0,6795,0,0.0,0,44.2020574999915,24.632796900288668,1.944330500002252,9.026860499376198,46.86056709999684,74.61897820152298,quality,not_promoted,-0.0004550272981836417,0.010122186652220547,0.10549153889764414,0.0035511500976770837,4.825053628535252e-06,0.0,1.0000306568413138,0.1746730677800897,0.014018691588785047,0.7830942273139954,1.589213490486145,0.2213607132434845,-0.009031569585204124,0.1024981364607811,1.5982450246810913,0.18454018235206604,0.785597026348114,2.5e-05,-0.30340564250946045,-0.31117308139801025,-0.2063763588666916,-0.20782189071178436,-0.20806623995304108,0.31008008122444153,-0.31182292103767395,-0.3119640648365021,-0.19708922505378723,-0.20808270573616028,-0.2134740948677063,0.018137028440833092,0.018425632268190384,0.01798621006309986,0.01888120174407959
62,610,619,10,10,2094,2094,0,0.0,2094,0,0.0,0,6.156032700004289,3.963638099958189,1.5116491000226233,1.6346633998909965,14.142188099998748,103.16175100428934,quality,not_promoted,-0.0009998877278783104,0.00016104355767531547,0.3459496238466465,-0.0043788622521484894,0.00017862039024321624,0.004117259558177356,1.0003611228682778,0.12342058161668705,0.015151515151515152,0.5213082432746887,1.5289860963821411,0.2754749059677124,0.0010707200272008777,0.013781869783997536,1.527915120124817,0.2783249318599701,0.997497022151947,2.5e-05,-0.30350595712661743,-0.31116998195648193,-0.2064259946346283,-0.20782096683979034,-0.20806293189525604,0.31016549468040466,-0.31182706356048584,-0.3119504451751709,-0.19706159830093384,-0.20808656513690948,-0.2135653793811798,0.018141839653253555,0.01842621900141239,0.01798621006309986,0.01888749562203884
63,620,629,10,10,2268,2268,0,0.0,2268,0,0.0,0,6.176040499994997,4.095806900004391,1.4231820000277366,1.8233791997190565,15.81310949998442,103.14177673998871,quality,not_promoted,0.0010619245133259231,0.0001080701958926511,0.34883522366484004,-0.002372391981124464,3.0219192255900554e-05,0.0,1.0000386064251263,0.11547466220023732,0.0,0.37448403239250183,1.4943768978118896,0.28251558542251587,0.0014054460916668177,0.012635660357773304,1.492971420288086,0.2883317768573761,0.9979996085166931,2.5e-05,-0.3036634922027588,-0.3111687898635864,-0.20642788708209991,-0.20782260596752167,-0.20807623863220215,0.3101794719696045,-0.3119674026966095,-0.31201428174972534,-0.1970248818397522,-0.20818348228931427,-0.21378497779369354,0.018137823790311813,0.018428953364491463,0.01798621006309986,0.01890399679541588
64,630,639,10,10,2054,2054,0,0.0,2054,0,0.0,0,5.746779000008246,3.7983673001872376,1.2704459000087809,1.7073032993939705,13.681748200004222,105.72082890558384,quality,not_promoted,-0.007647782761716481,9.535957454345683e-05,0.35142678857752774,-0.011114371143225017,1.9975216480705775e-05,0.0,0.9998614490032196,0.12104098577842567,0.015151515151515152,0.5467174649238586,1.5012967586517334,0.29124152660369873,0.0020560037810355425,0.010823506861925125,1.4992411136627197,0.2958173155784607,0.9986189007759094,2.5e-05,-0.30365073680877686,-0.31134897470474243,-0.20655879378318787,-0.2079492211341858,-0.20818379521369934,0.3103100657463074,-0.31212949752807617,-0.31220436096191406,-0.19702251255512238,-0.20828936994075775,-0.21391327679157257,0.018138358369469643,0.018428893759846687,0.01798621006309986,0.018913839012384415
65,640,649,10,10,2520,2520,0,0.0,2520,0,0.0,0,8.357677699998021,5.296885800344171,1.6577875000366475,1.8990145999996457,18.179044300020905,94.96274634064459,quality,not_promoted,-0.002394271327648312,0.00010116009798366576,0.3201801499351859,-0.005545492208329961,0.00010427147153677652,0.0005859375,1.0001338094472885,0.14406040830072014,0.0375,2.342078685760498,1.5347754955291748,0.2585970163345337,0.0008602611487731338,0.010815704241394997,1.5339151620864868,0.2621443569660187,0.9982507228851318,2.5e-05,-0.3035588264465332,-0.31137460470199585,-0.20655296742916107,-0.20796388387680054,-0.20820069313049316,0.3102993071079254,-0.31222572922706604,-0.31224775314331055,-0.19692963361740112,-0.20835968852043152,-0.21402166783809662,0.018135828897356987,0.0184356439858675,0.01798621006309986,0.018921025097370148
66,650,659,10,10,1865,1865,0,0.0,1865,0,0.0,0,5.350406899990048,3.4855164001055527,1.2989575999381486,1.4489669000322465,12.273057199985487,105.8248247574998,quality,not_promoted,-0.013734933314844966,8.87921089088195e-05,0.3453822903335094,-0.017144358907050142,3.764697790037038e-05,0.0,1.0000126093626023,0.13812616548190515,0.016666666666666666,0.6616261601448059,1.435544490814209,0.2595420181751251,0.0021787609439343214,0.009487849660217762,1.4333657026290894,0.2619760036468506,0.9986636638641357,2.5e-05,-0.30355000495910645,-0.31142285466194153,-0.20654793083667755,-0.20799556374549866,-0.20824041962623596,0.31038734316825867,-0.3122324049472809,-0.3123430907726288,-0.19682574272155762,-0.20836395025253296,-0.21421806514263153,0.018138833343982697,0.0184490829706192,0.01798621006309986,0.018937746062874794
67,660,669,10,10,2620,2620,0,0.0,2620,0,0.0,0,7.235967399989022,4.936676400073338,1.884898099990096,1.9130664008844178,19.326352100004442,98.63596437805985,quality,not_promoted,0.00012694610419069848,8.43334245717681e-05,0.3148219867086992,-0.0029791072039387937,4.827116171321816e-06,0.0,1.0000253828560435,0.12490149442015624,0.0,0.39452314376831055,1.5278096199035645,0.25202375650405884,0.0016528484411537647,0.009749393910169601,1.5261567831039429,0.25294193625450134,0.9985035061836243,2.5e-05,-0.3034180700778961,-0.31138238310813904,-0.206477090716362,-0.2079661786556244,-0.20821580290794373,0.31024909019470215,-0.31242579221725464,-0.3125394284725189,-0.1967669427394867,-0.20844893157482147,-0.21445879340171814,0.01813957281410694,0.01845983788371086,0.01798621006309986,0.01895495131611824
68,670,679,10,10,2114,2114,0,0.0,2114,0,0.0,0,5.902457499993034,3.94162600042182,1.1579444999806583,1.564884600986261,14.498624400002882,103.62195546111813,quality,not_promoted,-0.017903507276273826,6.12658911236127e-05,0.35027947035782475,-0.021375667985172615,6.22786019983537e-06,0.0,1.0000264784869026,0.12408945525941603,0.0,0.4022684395313263,1.5001684427261353,0.2609509825706482,0.0017250501550734043,0.00845396239310503,1.498443365097046,0.2601515054702759,0.9989504218101501,2.5e-05,-0.3035221993923187,-0.3115909695625305,-0.2065989226102829,-0.20811089873313904,-0.208359494805336,0.3105006217956543,-0.3125632405281067,-0.3128173053264618,-0.19680006802082062,-0.20855073630809784,-0.2146834135055542,0.018141331151127815,0.018466949462890625,0.01798621006309986,0.01897239498794079
69,680,689,10,10,1929,1929,0,0.0,1929,0,0.0,0,5.424581300001591,3.5930019996885676,1.151990600017598,1.479302700725384,12.749676699982956,106.13913371327952,quality,not_promoted,0.005817982067744578,8.834602651345889e-05,0.37018346666328367,0.0021603205917222847,2.197207074840985e-05,0.0,1.0001670631670183,0.17315883435789617,0.016129032258064516,4.122161388397217,1.5062538385391235,0.2588402330875397,0.0011539719998836517,0.009568359702825546,1.5051000118255615,0.25674551725387573,0.9986335039138794,2.5e-05,-0.30365997552871704,-0.3117603063583374,-0.20672006905078888,-0.20822757482528687,-0.20846734941005707,0.3107379972934723,-0.3126152753829956,-0.31286412477493286,-0.1968465894460678,-0.20857885479927063,-0.21476921439170837,0.01813659630715847,0.018472835421562195,0.01798621006309986,0.018979927524924278
70,690,699,10,10,2069,2069,0,0.0,2069,0,0.0,0,5.9935524000029545,3.901397299923701,1.3995281000097748,1.5606732006999664,13.91950970000471,103.90164956092833,quality,not_promoted,-0.001065422413927136,9.194213910659803e-05,0.3292403681711717,-0.004311855642520117,8.486836018026665e-05,0.00023674242424242425,0.9997567426074635,0.10722771478873311,0.0,0.4795498549938202,1.494249701499939,0.2680109441280365,0.0014639445580542088,0.009911680594086647,1.4927858114242554,0.2670304775238037,0.9986323118209839,2.5e-05,-0.303708553314209,-0.31192874908447266,-0.20679444074630737,-0.20834487676620483,-0.20857636630535126,0.3108806610107422,-0.3129214644432068,-0.3131259083747864,-0.19683806598186493,-0.20879468321800232,-0.2149980217218399,0.01813194900751114,0.018479706719517708,0.01798621006309986,0.018994934856891632
71,700,709,10,10,1803,1803,0,0.0,1803,0,0.0,0,5.298753400013084,3.4518279001058545,1.1576175999362022,1.405405700119445,11.83269680000376,105.24503056946267,quality,not_promoted,0.0026078333050526424,7.244270897178373e-05,0.32373843650365697,-0.0005933299564338964,9.584132229423991e-06,0.0,1.0000115211667686,0.11159158957287155,0.0,0.384115993976593,1.4588080644607544,0.2676759362220764,0.0023053099866956472,0.00896645337343216,1.4565026760101318,0.26569196581840515,0.9988779425621033,2.5e-05,-0.30376654863357544,-0.31196191906929016,-0.20677535235881805,-0.2083713263273239,-0.20860284566879272,0.31090793013572693,-0.31305140256881714,-0.3133014738559723,-0.19673247635364532,-0.20888662338256836,-0.21520467102527618,0.01813138835132122,0.018481068313121796,0.01798621006309986,0.01901373639702797
72,710,719,10,10,2396,2396,0,0.0,2396,0,0.0,0,6.87601489998633,4.655716799898073,1.301949499960756,1.7834343992290087,17.271964800020214,99.22155102686916,quality,not_promoted,-0.0023282377760073074,7.318703266814976e-05,0.3108609081491044,-0.005400252559124247,8.123436167220701e-05,0.00020559210526315788,0.9997736372445759,0.12976899331337527,0.02631578947368421,1.1994376182556152,1.495214581489563,0.24661074578762054,0.001760779763571918,0.00874576810747385,1.4934536218643188,0.24800966680049896,0.9987423419952393,2.5e-05,-0.3038643002510071,-0.31214311718940735,-0.20688016712665558,-0.20849581062793732,-0.20872442424297333,0.31105250120162964,-0.31316399574279785,-0.31360873579978943,-0.1966174989938736,-0.20896655321121216,-0.21548853814601898,0.01813025400042534,0.018488088622689247,0.01798621006309986,0.019036367535591125
73,720,729,10,10,6994,6994,0,0.0,6994,0,0.0,0,50.61932800000068,24.697873998928117,9.188009999954375,8.670116099820007,46.378714599995874,72.10454780868174,quality,not_promoted,-0.000520959172651849,0.009338700053971975,0.10489240705289624,0.003099467111645605,2.01864764822353e-06,0.0,0.9999858398329128,0.16925874191167004,0.022727272727272728,0.7606008052825928,1.5694935321807861,0.23524579405784607,-0.008283010683953762,0.09795195609331131,1.5777766704559326,0.20293453335762024,0.8266265988349915,2.5e-05,-0.30385422706604004,-0.31217697262763977,-0.20689712464809418,-0.20851850509643555,-0.20874926447868347,0.3110765218734741,-0.3131953477859497,-0.3136432468891144,-0.1965959370136261,-0.2089916169643402,-0.21552668511867523,0.018130823969841003,0.01849019154906273,0.01798621006309986,0.019039910286664963
74,730,739,10,10,2424,2424,0,0.0,2424,0,0.0,0,7.011218900006497,4.601560199807864,1.6566237999650184,1.8905099008698016,17.372482399980072,99.41066658331052,quality,not_promoted,-0.0002197310034381716,0.00010476136336173543,0.3181635798200181,-0.003348985754296576,1.0627169678245033e-05,0.0,1.0000222293954146,0.11909742283291723,0.0,0.4509417712688446,1.541709542274475,0.2607894837856293,0.0014389966381713748,0.00968087650835514,1.5402706861495972,0.2597384452819824,0.9986220002174377,2.5e-05,-0.3037871718406677,-0.3121984899044037,-0.2069089263677597,-0.20853635668754578,-0.20873893797397614,0.3110350966453552,-0.3133820593357086,-0.3138112723827362,-0.19656625390052795,-0.20911774039268494,-0.21565113961696625,0.018135640770196915,0.0184971634298563,0.01798621006309986,0.01904910057783127
75,740,749,10,10,2628,2628,0,0.0,2628,0,0.0,0,10.039581299992278,6.0407534994592424,2.056081599992467,1.966526500735199,18.368680099985795,92.5083011240536,quality,not_promoted,0.003339845143879453,7.30512540377233e-05,0.28464926513178007,0.0005298783736569541,8.503356366418302e-05,0.0,1.0005335751033964,0.12985757802657427,0.011904761904761904,1.6354033946990967,1.4450345039367676,0.2667606770992279,0.0005245280335657299,0.008902916684746742,1.4445099830627441,0.2664746344089508,0.9988861680030823,2.5e-05,-0.303767591714859,-0.3124552071094513,-0.20711730420589447,-0.2087155282497406,-0.2089022397994995,0.3112388253211975,-0.31359291076660156,-0.3139459788799286,-0.19649575650691986,-0.20927204191684723,-0.21586887538433075,0.01812739484012127,0.018516041338443756,0.01798621006309986,0.019069550558924675
76,750,759,10,10,2467,2467,0,0.0,2467,0,0.0,0,8.72918490000302,5.540734500158578,1.451470700034406,2.013943499245215,16.78357210001559,96.69672313337992,quality,not_promoted,0.0010216523212595629,7.267448209182848e-05,0.27670217935855573,-0.0017090332007799775,0.00011100153325316616,0.003537087916181638,0.9997491102952224,0.0939519562973426,0.01282051282051282,0.6678798794746399,1.528463363647461,0.25767597556114197,0.0007842276245355606,0.008838523179292679,1.527679204940796,0.2589136064052582,0.9988234639167786,2.5e-05,-0.30367937684059143,-0.312558650970459,-0.2071121335029602,-0.2087867707014084,-0.20899119973182678,0.3112231194972992,-0.31372901797294617,-0.31411033868789673,-0.19641856849193573,-0.20936857163906097,-0.2160818725824356,0.018129311501979828,0.0185222290456295,0.01798621006309986,0.019087178632616997
77,760,769,10,10,1880,1880,0,0.0,1880,0,0.0,0,5.956148299999768,3.4447593000659253,2.0188658000261057,1.455724198691314,12.194289499981096,103.57876877228725,quality,not_promoted,-0.002370366562778751,6.619451742153614e-05,0.3549808892110983,-0.005887079075910151,4.325588654220762e-05,0.0,1.0002434750398,0.1637038417160511,0.05,0.8132804036140442,1.4826759099960327,0.26636189222335815,0.002012091688811779,0.008387366309762001,1.480663776397705,0.2669951915740967,0.9990084767341614,2.5e-05,-0.3036164939403534,-0.3128558099269867,-0.2072460800409317,-0.208994522690773,-0.20918531715869904,0.3114447295665741,-0.31385406851768494,-0.3142516314983368,-0.19641773402690887,-0.20945695042610168,-0.21623927354812622,0.018130406737327576,0.018538784235715866,0.01798621006309986,0.01910296641290188
78,770,779,10,10,2293,2293,0,0.0,2293,0,0.0,0,7.870301599992672,4.827993399754632,2.16638090001652,1.6826929997769184,15.196043899981305,99.40889856187175,quality,not_promoted,0.0007448326020191113,8.19986715012217e-05,0.2839078441676166,-0.0020532459602691233,4.081439852951816e-06,0.0,0.9999107072750727,0.11677134481983052,0.0,0.4533305764198303,1.479502558708191,0.2554969787597656,0.0009834697702899575,0.009540257044136524,1.478519082069397,0.2538311183452606,0.9986057281494141,2.5e-05,-0.303678959608078,-0.3129320740699768,-0.20726776123046875,-0.2090468853712082,-0.2092180699110031,0.31152617931365967,-0.3139863908290863,-0.3143100142478943,-0.19644996523857117,-0.2095371037721634,-0.2163347452878952,0.01813964545726776,0.018547115847468376,0.01798621006309986,0.019108636304736137
79,780,789,10,10,2128,2128,0,0.0,2128,0,0.0,0,5.984436300001107,4.001530299894512,1.2345248000056017,1.6409721992095,14.839222499984317,102.19145542288129,quality,not_promoted,0.0036663772017859362,7.56867812550113e-05,0.3642580425914596,6.163973525604782e-05,4.783534677699208e-06,0.0,1.0000249103588217,0.1618957745787852,0.029411764705882353,0.9281711578369141,1.5050075054168701,0.2641792297363281,0.0010236564557999372,0.008897515013813972,1.503983974456787,0.262859970331192,0.9988656640052795,2.5e-05,-0.30382150411605835,-0.31305915117263794,-0.20733924210071564,-0.20913144946098328,-0.20929832756519318,0.3117640018463135,-0.3140372931957245,-0.3146122694015503,-0.19630101323127747,-0.2095811814069748,-0.21661674976348877,0.01813802868127823,0.018556023016572,0.01798621006309986,0.019133225083351135
80,790,799,10,10,2786,2786,0,0.0,2786,0,0.0,0,9.511312399990857,5.9300387999392115,2.2900332999997772,2.095052099059103,20.63211410000804,92.42479450702467,quality,not_promoted,-0.002070482968437401,8.619898575158335e-05,0.3089085409248417,-0.005116468575910072,0.00011569310646047433,0.0015771223274482923,0.9998083168810065,0.1389503510330211,0.0,0.467011958360672,1.5575895309448242,0.2367713898420334,0.0007435777224600315,0.009688159450888634,1.556846022605896,0.23635151982307434,0.998325765132904,2.5e-05,-0.3037864863872528,-0.3131651282310486,-0.2074153870344162,-0.20920543372631073,-0.209368035197258,0.31183966994285583,-0.3142956495285034,-0.3148719370365143,-0.19631509482860565,-0.20977145433425903,-0.2169339656829834,0.018135113641619682,0.018563350662589073,0.01798621006309986,0.0191597081720829
81,800,809,10,10,2267,2267,0,0.0,2267,0,0.0,0,6.936370100011118,4.247524899954442,2.1017210999852978,1.6147155002108775,15.933024400001159,99.12811640023014,quality,not_promoted,-0.0010328821307565603,6.359933685315709e-05,0.31280536245968604,-0.004129136390272631,0.00017390797893312993,0.00390625,0.9995422512292862,0.1109216447867867,0.013888888888888888,0.5100568532943726,1.5002341270446777,0.2642390727996826,0.0004083136154804379,0.008046276867389679,1.4998259544372559,0.26464906334877014,0.9990727305412292,2.5e-05,-0.3037295639514923,-0.3132350444793701,-0.2074342966079712,-0.20925582945346832,-0.2094162553548813,0.3118453919887543,-0.3143904209136963,-0.31511902809143066,-0.19630278646945953,-0.20983994007110596,-0.21712972223758698,0.018137844279408455,0.0185640137642622,0.01798621006309986,0.01917888969182968
82,810,819,10,10,2531,2531,0,0.0,2531,0,0.0,0,7.34033229999477,4.826756800088333,1.6338084000453819,1.9170890995010268,18.19879579998087,99.10283507299586,quality,not_promoted,0.0008405222790315748,8.254219860646118e-05,0.31775554157793523,-0.0022957618115469814,4.237208793966829e-05,0.0,1.0000454731285573,0.14196500673424453,0.025,0.5802168250083923,1.5258686542510986,0.255931556224823,0.0001681580615695566,0.00909902062267065,1.5257006883621216,0.2560577094554901,0.9987360239028931,2.5e-05,-0.3037909269332886,-0.31346696615219116,-0.207535982131958,-0.20941780507564545,-0.20960146188735962,0.31205466389656067,-0.314492791891098,-0.31532004475593567,-0.19618360698223114,-0.20990294218063354,-0.21728430688381195,0.01815190352499485,0.018577611073851585,0.01798621006309986,0.019191600382328033
83,820,829,10,10,2414,2414,0,0.0,2414,0,0.0,0,6.998526099981973,4.558335899870144,1.5316046000807546,1.7477834992459975,17.490884600003483,98.57321719878844,quality,not_promoted,-0.0005947131859628778,8.146709564913947e-05,0.32817131026010765,-0.0038356933663109024,2.344270973253515e-05,0.0,0.9999249342240786,0.13050531066562,0.013157894736842105,1.6008731126785278,1.5104187726974487,0.2619519531726837,0.0005859079537913203,0.009265841916203499,1.5098326206207275,0.2608024477958679,0.998748779296875,2.5e-05,-0.3037131130695343,-0.31359225511550903,-0.20765851438045502,-0.2095048576593399,-0.2097027599811554,0.3120843470096588,-0.31469956040382385,-0.31558841466903687,-0.19605813920497894,-0.21005688607692719,-0.21753685176372528,0.018157251179218292,0.018592702224850655,0.01798621006309986,0.019210925325751305
84,830,839,10,10,2181,2181,0,0.0,2181,0,0.0,0,5.845950499991886,4.023598399828188,1.2478979999723379,1.6490552992327139,15.581369099993026,101.78594619933403,quality,not_promoted,-0.0039477621072105,7.189222700877248e-05,0.34309889184577125,-0.007342804156775985,0.00020910906505641996,0.0026785714285714286,0.9994989131178175,0.14851459238146034,0.014285714285714285,0.5845147967338562,1.5158452987670898,0.26726996898651123,0.00024930419749580324,0.00875665433704853,1.5155961513519287,0.2655266523361206,0.99892657995224,2.5e-05,-0.3037223815917969,-0.31371816992759705,-0.20770011842250824,-0.20959460735321045,-0.20979933440685272,0.312118798494339,-0.3147335350513458,-0.3158142864704132,-0.1959374099969864,-0.2100902497768402,-0.21780407428741455,0.018158908933401108,0.018595842644572258,0.01798621006309986,0.019236013293266296
85,840,849,10,10,2189,2189,0,0.0,2189,0,0.0,0,15.145457100006752,4.054832700028783,10.723640399955912,1.7175498997676186,15.254752500011818,72.00608248433467,quality,not_promoted,0.005022615859551089,7.449167948964584e-05,0.3509753916944776,0.0015501075856653708,6.447907711252096e-06,0.0,1.000102095093046,0.11157035915447133,0.0,0.41736483573913574,1.5638513565063477,0.27087685465812683,-0.0008325814851559699,0.008822890929877758,1.5646837949752808,0.2701057195663452,0.9989390969276428,2.5e-05,-0.30377623438835144,-0.31391075253486633,-0.2078118622303009,-0.20973047614097595,-0.20992906391620636,0.3122979998588562,-0.314848393201828,-0.31609663367271423,-0.1957843154668808,-0.2101716548204422,-0.2181057333946228,0.01816679537296295,0.018610741943120956,0.01798621006309986,0.019261974841356277
86,850,859,10,10,2962,2962,0,0.0,2962,0,0.0,0,9.441563800006406,5.7775650996482,3.526743800000986,2.2939898009353783,21.80241199999,94.80227545177975,quality,not_promoted,-0.0020790664043198242,8.316408313979255e-05,0.28635722240234945,-0.004901056968052178,4.67322631648324e-05,0.0,1.0001751698077994,0.08924712222862116,0.0,0.40464162826538086,1.5719738006591797,0.2665161192417145,-0.0005732274730689824,0.00937067624181509,1.5725470781326294,0.26638466119766235,0.9987637996673584,2.5e-05,-0.3036784529685974,-0.3141176700592041,-0.20790767669677734,-0.20987658202648163,-0.2100560963153839,0.31236496567726135,-0.3150210976600647,-0.31639721989631653,-0.19572442770004272,-0.2102545201778412,-0.2183285802602768,0.018167266622185707,0.018617061898112297,0.01798621006309986,0.019284192472696304
87,860,869,10,10,2632,2632,0,0.0,2632,0,0.0,0,7.0354825999820605,4.948510999849532,1.4168791999982204,1.926808299322147,20.081085600017104,97.06242989848845,quality,not_promoted,0.010383078518013159,7.981563937521839e-05,0.35862844047092257,0.006836701844198008,9.511291171379743e-06,0.0,1.0000062904187612,0.12358189103681416,0.011904761904761904,0.7559452652931213,1.5537325143814087,0.25588417053222656,0.00010027017560787499,0.008721675723791122,1.5536322593688965,0.2550757825374603,0.9988382458686829,2.5e-05,-0.30367520451545715,-0.3141825199127197,-0.20793262124061584,-0.2099209576845169,-0.21010395884513855,0.3124310374259949,-0.3150477111339569,-0.3165547251701355,-0.19564706087112427,-0.21027947962284088,-0.2184983640909195,0.018168075010180473,0.018618151545524597,0.01798621006309986,0.019300982356071472
88,870,879,10,10,2344,2344,0,0.0,2344,0,0.0,0,7.536595399986254,4.92562299995916,1.24888580001425,1.7137693996191956,16.64674249998643,96.92623945028893,quality,not_promoted,0.0005676002443038129,7.599556571418557e-05,0.32049656075400274,-0.0025993673181211627,6.926632266100028e-05,0.0008445945945945946,1.0000341123825796,0.12286130930422931,0.013513513513513514,0.7664978504180908,1.5253416299819946,0.2682114541530609,0.000678372394759208,0.008986224420368671,1.5246633291244507,0.2693387567996979,0.9988774657249451,2.5e-05,-0.30374637246131897,-0.31429287791252136,-0.20794768631458282,-0.20999404788017273,-0.21018174290657043,0.31254321336746216,-0.3151475191116333,-0.3166516125202179,-0.19573195278644562,-0.21034932136535645,-0.2186058759689331,0.01817360520362854,0.018623661249876022,0.01798621006309986,0.019316336140036583
89,880,889,10,10,2012,2012,0,0.0,2012,0,0.0,0,6.199248999997508,3.8309499000606593,1.805880999949295,1.4714431996981148,13.537757499987492,101.94048423713744,quality,not_promoted,0.0033639173198025674,7.598301766620352e-05,0.3385308173019439,1.660075577092357e-05,2.757583882129211e-05,0.0,0.9998694490641356,0.10155256712459959,0.0,0.3693241775035858,1.496885061264038,0.2598102390766144,0.0005844038678333163,0.008865069597959518,1.496300458908081,0.2598763108253479,0.9988357424736023,2.5e-05,-0.3036806881427765,-0.31443625688552856,-0.20805378258228302,-0.21009457111358643,-0.21029122173786163,0.3125315308570862,-0.31526604294776917,-0.3168298900127411,-0.19565455615520477,-0.2104293704032898,-0.21882233023643494,0.018176071345806122,0.018629148602485657,0.01798621006309986,0.01933738775551319
90,890,899,10,10,2379,2379,0,0.0,2379,0,0.0,0,8.01455680001527,5.048305599892046,1.55146099999547,1.7331101991294418,16.018705099995714,98.98781155457357,quality,not_promoted,-0.004568058243756623,6.846194575796529e-05,0.29449522828585223,-0.00747877877744797,3.2909741152571157e-06,0.0,0.9999506489226693,0.11554040367666044,0.0,0.4641750156879425,1.54710853099823,0.2832607626914978,-0.00024758209474384785,0.008459477685391903,1.547356128692627,0.2839027941226959,0.999108076095581,2.5e-05,-0.3037796914577484,-0.31447628140449524,-0.20804591476917267,-0.21012336015701294,-0.210324227809906,0.3126031160354614,-0.31561344861984253,-0.3170756697654724,-0.19559995830059052,-0.21066957712173462,-0.21906518936157227,0.018186043947935104,0.018635109066963196,0.01798621006309986,0.019358301535248756
91,900,909,10,10,2445,2445,0,0.0,2445,0,0.0,0,7.219003799982602,4.622387099836487,2.0805727999832015,1.8572446996113285,17.71210780000547,98.0702360660553,quality,not_promoted,0.003468527148167292,7.990220752290975e-05,0.33413795496408755,0.00016709963211980768,7.672681169660442e-06,0.0,0.9999587742181925,0.09544157929336414,0.01282051282051282,0.643410325050354,1.559901237487793,0.2521434426307678,8.927247836254537e-05,0.009369386360049248,1.5598118305206299,0.25271812081336975,0.9986191987991333,2.5e-05,-0.30382996797561646,-0.31446850299835205,-0.20803026854991913,-0.21011784672737122,-0.21030984818935394,0.31262487173080444,-0.3159082233905792,-0.3173370957374573,-0.19549627602100372,-0.21086359024047852,-0.21933887898921967,0.018184958025813103,0.018644995987415314,0.01798621006309986,0.01938505843281746
92,910,919,10,10,2032,2032,0,0.0,2032,0,0.0,0,5.789214400021592,3.875461499992525,1.3184320000000298,1.5930107002495788,13.951089400012279,102.93661235327662,quality,not_promoted,0.0008019794477149844,5.5855893663192546e-05,0.35481461649760604,-0.00271823975344887,2.0043064679953204e-05,0.0,0.9998753936961293,0.09873269748641178,0.0,0.4659108519554138,1.5073137283325195,0.2718868851661682,0.001426210510544479,0.007644951809197664,1.505887508392334,0.2728877365589142,0.9992093443870544,2.5e-05,-0.30386871099472046,-0.31461673974990845,-0.20810112357139587,-0.21022512018680573,-0.21041817963123322,0.3127843141555786,-0.3160410523414612,-0.31749871373176575,-0.1954469382762909,-0.21095655858516693,-0.2195601910352707,0.018179016187787056,0.018652549013495445,0.01798621006309986,0.019406558945775032
93,920,929,10,10,2482,2482,0,0.0,2482,0,0.0,0,8.018094600003678,5.189009099733084,1.7087640999234281,1.8884804999106564,17.413847899995744,97.59380354056935,quality,not_promoted,0.0006906760569948417,7.387765407866727e-05,0.3160203257814432,-0.002432588183392699,5.729053700284007e-05,0.0,0.9999497250104562,0.10433297308209614,0.0,0.46442651748657227,1.5032391548156738,0.27335748076438904,0.0008330084965564311,0.008838878013193607,1.5024060010910034,0.2726370394229889,0.9989544749259949,2.5e-05,-0.3038540482521057,-0.3148011267185211,-0.2082727551460266,-0.21035389602184296,-0.210537850856781,0.31292760372161865,-0.3163243532180786,-0.31777137517929077,-0.19527244567871094,-0.21116119623184204,-0.2198195606470108,0.018179774284362793,0.018655961379408836,0.01798621006309986,0.019434599205851555
94,930,939,10,10,2549,2549,0,0.0,2549,0,0.0,0,9.33030649999273,5.808729600103106,1.5007389999809675,1.899826900480548,17.85195229999954,93.77439964631361,quality,not_promoted,0.00039626467041671277,6.513874536722142e-05,0.2818177567794919,-0.0023893433302873746,4.961175087601077e-05,0.0005859375,0.999745138734579,0.11215678714215756,0.0,0.4386001527309418,1.5127239227294922,0.24520984292030334,2.9058304789941758e-05,0.008653366006910801,1.5126948356628418,0.2452685385942459,0.998754620552063,2.5e-05,-0.3038473427295685,-0.3148571252822876,-0.20830132067203522,-0.2104015052318573,-0.21057109534740448,0.3129623234272003,-0.31652021408081055,-0.31804636120796204,-0.1951916366815567,-0.21128450334072113,-0.2200169861316681,0.018174225464463234,0.018661558628082275,0.01798621006309986,0.019448690116405487
95,940,949,10,10,2413,2413,0,0.0,2413,0,0.0,0,6.933652599982452,4.513732300314587,2.117522899992764,1.783821701159468,17.13361079999595,100.26067193007766,quality,not_promoted,-0.00024047959595918655,7.421761112805383e-05,0.2977091058304435,-0.003180461436338527,2.293318383615958e-05,0.0,0.9999462875880694,0.1067648047924434,0.0,0.40065252780914307,1.5036407709121704,0.26191624999046326,0.00037660638918168843,0.008985469117760658,1.503264307975769,0.2620091736316681,0.9988230466842651,2.5e-05,-0.30378976464271545,-0.31487032771110535,-0.20823703706264496,-0.21041257679462433,-0.21058987081050873,0.31293821334838867,-0.31669896841049194,-0.3182355463504791,-0.19519753754138947,-0.21141120791435242,-0.2201981246471405,0.018182437866926193,0.018657619133591652,0.01798621006309986,0.019459832459688187
96,950,959,10,10,2709,2709,0,0.0,2709,0,0.0,0,8.785215000010794,5.5438453996612225,1.7923195000039414,2.2964442991651595,19.21736080001574,96.7411005096693,quality,not_promoted,-0.0004381052066766939,7.506643770855505e-05,0.2991717755794525,-0.0033922895307241137,1.1701172860578186e-05,0.0,1.0000208914279938,0.11061094898383977,0.0,0.32641229033470154,1.5540802478790283,0.25790145993232727,-5.7790100981947035e-05,0.009116167202591896,1.5541380643844604,0.25781819224357605,0.9987505674362183,2.5e-05,-0.3037285804748535,-0.31500327587127686,-0.20830437541007996,-0.2105068564414978,-0.21069079637527466,0.31302300095558167,-0.31685370206832886,-0.3184274137020111,-0.1951085776090622,-0.21148887276649475,-0.2204063981771469,0.018175620585680008,0.01866581104695797,0.01798621006309986,0.01947205513715744
97,960,969,10,10,2616,2616,0,0.0,2616,0,0.0,0,9.07606210000813,5.791144500195514,1.5567345000454225,2.156750500027556,18.830782600009115,93.74044354066238,quality,not_promoted,0.00041846960510422544,8.166137896052266e-05,0.290303696582957,-0.0024437365951243697,0.0001258528750995316,0.001524390243902439,1.000078054462991,0.14551924682426742,0.0,0.4666518270969391,1.509169340133667,0.23380810022354126,0.0008278196328319609,0.008969343267381191,1.508341670036316,0.23342671990394592,0.9985283613204956,2.5e-05,-0.3037155270576477,-0.31505969166755676,-0.20830529928207397,-0.21053607761859894,-0.2107352763414383,0.3130204677581787,-0.3170787990093231,-0.31864088773727417,-0.1950652301311493,-0.21164491772651672,-0.22061452269554138,0.0181732214987278,0.018663723021745682,0.01798621006309986,0.01949256844818592
98,970,979,10,10,2320,2320,0,0.0,2320,0,0.0,0,6.993458700017072,4.50901139981579,1.6977588000008836,1.7307261000096332,16.429959300003247,99.04617677906732,quality,not_promoted,-0.0026399884121240795,6.560618154204299e-05,0.3403733257909079,-0.0060109179750135215,4.207425455034182e-05,0.0,0.9994950552244444,0.08129790440403126,0.0,0.3011511564254761,1.5706390142440796,0.2547868490219116,0.0013083121739327908,0.008586603216826916,1.5693308115005493,0.2544552981853485,0.9988642334938049,2.5e-05,-0.30402708053588867,-0.31515368819236755,-0.20837931334972382,-0.210600346326828,-0.21078933775424957,0.313244104385376,-0.31726473569869995,-0.31887543201446533,-0.19502858817577362,-0.2117760181427002,-0.22075437009334564,0.018172333016991615,0.01866726204752922,0.01798621006309986,0.019500521942973137
99,980,989,10,10,2870,2870,0,0.0,2870,0,0.0,0,8.209190400026273,5.375729500083253,2.6417304999486078,2.2380294000031427,21.17328209997504,97.6772802220736,quality,not_promoted,0.00015162237816386754,8.354575559981944e-05,0.31871382842461266,-0.002993742666310734,4.642201501054741e-05,0.0,0.9998015370633867,0.08669211531264914,0.0,0.3538723886013031,1.5916566848754883,0.2414993792772293,0.000658139877486974,0.00928614940494299,1.5909984111785889,0.2401352971792221,0.9985214471817017,2.5e-05,-0.30408546328544617,-0.3151634931564331,-0.2083825170993805,-0.21060937643051147,-0.21079494059085846,0.31327152252197266,-0.31755319237709045,-0.3191710412502289,-0.19496849179267883,-0.21197757124900818,-0.2209615856409073,0.01817677915096283,0.01867935061454773,0.01798621006309986,0.019514137879014015
100,990,999,10,10,2317,2317,0,0.0,2317,0,0.0,0,6.8767497000226285,4.357206899905577,1.956238500046311,1.828476399736246,16.241803199984133,100.22253598750648,quality,not_promoted,0.0004174808367482714,7.900753509012568e-05,0.32759925058564626,-0.002819008521131567,0.00010451829672780839,0.001266891891891892,0.9996375731519751,0.1302926780253246,0.0,0.49709978699684143,1.5161404609680176,0.2571653723716736,-0.0005355380126275122,0.00924874097108841,1.5166760683059692,0.2555231750011444,0.998706579208374,2.5e-05,-0.3040190041065216,-0.3153747320175171,-0.2085161954164505,-0.21075744926929474,-0.21093329787254333,0.31338849663734436,-0.3177568018436432,-0.319447785615921,-0.19490277767181396,-0.21212294697761536,-0.22122356295585632,0.01818419247865677,0.018686799332499504,0.01798621006309986,0.019537342712283134
101,1000,1009,10,10,2201,2201,0,0.0,2201,0,0.0,0,6.617967600002885,4.214429600193398,2.138641000026837,1.7877555997984018,15.29454609999084,100.44488871218049,quality,not_promoted,-0.0004612995045525687,7.707796004459461e-05,0.36111205858843665,-0.0040338810050993094,0.00010145250559422234,0.0004464285714285714,1.0001449619020735,0.1310452654159495,0.014285714285714285,0.5401428937911987,1.5466601848602295,0.26306450366973877,0.001022801036015153,0.009359819814562798,1.5456371307373047,0.2638614773750305,0.9987340569496155,2.5e-05,-0.3039080500602722,-0.31546247005462646,-0.20860134065151215,-0.2108171433210373,-0.21099503338336945,0.3134044110774994,-0.31775808334350586,-0.3196179270744324,-0.19481651484966278,-0.21211597323417664,-0.22142353653907776,0.01818404719233513,0.018692124634981155,0.01798621006309986,0.01955973356962204
102,1010,1019,10,10,2208,2208,0,0.0,2208,0,0.0,0,6.356995000009192,4.148541700153146,1.4938665999798104,1.680309999617748,15.342886099999305,101.75170959803717,quality,not_promoted,-0.0008795352253530707,6.0724912613555456e-05,0.3187008174402373,-0.004036180641768234,6.193810674761023e-06,0.0,1.0001028759138926,0.1089612035879067,0.0,0.34479621052742004,1.520169734954834,0.26479947566986084,0.0009641744545660913,0.00821839552372694,1.5192055702209473,0.26466384530067444,0.9990367293357849,2.5e-05,-0.303911417722702,-0.3156270682811737,-0.20874115824699402,-0.21093101799488068,-0.2111027091741562,0.3134937882423401,-0.31781497597694397,-0.3196828365325928,-0.19488506019115448,-0.21216632425785065,-0.22156865894794464,0.018181148916482925,0.01869753561913967,0.01798621006309986,0.01957649365067482
103,1020,1029,10,10,2769,2769,0,0.0,2769,0,0.0,0,7.801971400011098,5.168597100157058,2.447065999964252,2.059578699962003,20.326143200014485,98.44243168710219,quality,not_promoted,0.0009142347950149666,6.153857107578501e-05,0.3135912735015154,-0.0021909084885423495,0.00013709006806162836,0.001065340909090909,1.0000240152532405,0.10656938634135506,0.0,0.37854018807411194,1.5910911560058594,0.2457783967256546,0.0004774604458361864,0.008229045197367668,1.590613842010498,0.2442428022623062,0.9988789558410645,2.5e-05,-0.3039091229438782,-0.3156541883945465,-0.20877476036548615,-0.21094612777233124,-0.2111237645149231,0.3134324848651886,-0.317981481552124,-0.3200088441371918,-0.19492077827453613,-0.21228232979774475,-0.22182177007198334,0.018184268847107887,0.018696406856179237,0.01798621006309986,0.01959591917693615
104,1030,1039,10,10,2893,2893,0,0.0,2893,0,0.0,0,9.490839500009315,6.1688943998888135,1.5808854999777395,2.1517131003784016,20.889591999992263,95.22577057537349,quality,not_promoted,-0.002204641264498882,6.471351804540735e-05,0.2816003105886605,-0.00498828759578907,3.9454587317592264e-05,0.00033967391304347825,1.0000924228326133,0.1108924953226486,0.0,0.3768962025642395,1.5567851066589355,0.25049594044685364,-0.0006528743542730808,0.00814785435795784,1.5574381351470947,0.2490992695093155,0.9989420175552368,2.5e-05,-0.3039899468421936,-0.31588688492774963,-0.20887446403503418,-0.21111063659191132,-0.2112790048122406,0.3135428726673126,-0.31816795468330383,-0.3203478157520294,-0.19482146203517914,-0.21244025230407715,-0.22209809720516205,0.0181825440376997,0.0187034010887146,0.01798621006309986,0.019622627645730972
105,1040,1049,10,10,2254,2254,0,0.0,2254,0,0.0,0,6.394241100002546,4.128440100001171,1.8334282000141684,1.6561936994257849,15.889175799995428,101.15145312387908,quality,not_promoted,-0.0022850510560803944,5.990470082098101e-05,0.3514015738748842,-0.0057691145727100475,7.013994497483288e-05,0.00043402777777777775,1.0000043147140079,0.10532898181635472,0.0,0.30656760931015015,1.5337045192718506,0.26722580194473267,-0.0008911428740248084,0.00808207131922245,1.5345954895019531,0.2678188383579254,0.9990853071212769,2.5e-05,-0.30403321981430054,-0.31594541668891907,-0.20892924070358276,-0.2111523151397705,-0.21131330728530884,0.3136444091796875,-0.3182992935180664,-0.3205191195011139,-0.194724902510643,-0.21253865957260132,-0.22231130301952362,0.01818048022687435,0.018704291433095932,0.01798621006309986,0.019646694883704185
106,1050,1059,10,10,2430,2430,0,0.0,2430,0,0.0,0,6.5372853000008035,4.477991599764209,1.4775896999926772,1.8680202997056767,17.727762700000312,100.14404257514299,quality,not_promoted,-5.305850094086245e-05,6.862160563813584e-05,0.3648357459981191,-0.003667105068942826,2.9127142105859382e-05,0.0,1.0000332617445995,0.14310035092364015,0.013157894736842105,0.6058156490325928,1.535486102104187,0.25655263662338257,-0.0009983074851334095,0.008341601118445396,1.5364844799041748,0.2565370798110962,0.9989428520202637,2.5e-05,-0.3040616512298584,-0.31611767411231995,-0.2090410441160202,-0.211274653673172,-0.2114381194114685,0.31379008293151855,-0.31853216886520386,-0.32078322768211365,-0.19459033012390137,-0.21270360052585602,-0.222584068775177,0.018178578466176987,0.018712664023041725,0.01798621006309986,0.01967645436525345
107,1060,1069,10,10,2480,2480,0,0.0,2480,0,0.0,0,8.127707299980102,5.206420100119431,1.5936280000023544,1.874747999914689,17.53903210000135,96.62310281616028,quality,not_promoted,-0.0017732006664841603,6.125951002990731e-05,0.31539182403148747,-0.0048964883541115205,8.865088742683068e-05,0.0008680555635155776,0.9999477763970693,0.1459743357144105,0.02564102564102564,1.0914571285247803,1.5152723789215088,0.25432199239730835,-0.0009133741841651499,0.008381943218410015,1.5161857604980469,0.25442707538604736,0.9989137649536133,2.5e-05,-0.3040192425251007,-0.31617408990859985,-0.2091076672077179,-0.21131592988967896,-0.21146894991397858,0.31381797790527344,-0.31880417466163635,-0.3210877478122711,-0.1946050375699997,-0.2128729373216629,-0.22280935943126678,0.018174247816205025,0.018721578642725945,0.01798621006309986,0.01969994232058525
108,1070,1079,10,10,2301,2301,0,0.0,2301,0,0.0,0,6.392039300000761,4.316372800181853,1.2708614000002854,1.8034823994676117,16.333581400016556,101.25135988027147,quality,not_promoted,6.7725260224607255e-06,7.48214908728389e-05,0.3810451173533996,-0.0037662676978571755,1.7460764865973033e-05,0.0,1.0000299604402647,0.15198589116334915,0.013888888888888888,0.7582200765609741,1.5487483739852905,0.27329450845718384,-0.0013347056228667498,0.008839800022542477,1.550083041191101,0.2724136412143707,0.9989537596702576,2.5e-05,-0.30395570397377014,-0.3163929283618927,-0.2092396318912506,-0.21147345006465912,-0.2115919440984726,0.3139079809188843,-0.31894174218177795,-0.3212223947048187,-0.19457890093326569,-0.2129710465669632,-0.22302459180355072,0.018166258931159973,0.018729740753769875,0.01798621006309986,0.01971730776131153
109,1080,1089,10,10,2772,2772,0,0.0,2772,0,0.0,0,10.30008600000292,6.344496000470826,1.9887098999752197,2.21895909999148,20.395428100018762,90.3063552207468,quality,not_promoted,-0.0022020727099681444,6.241268668170299e-05,0.3268849348480051,-0.00543971532765268,3.352068279644465e-05,0.0,0.9996683197942647,0.1457789292220365,0.011363636363636364,0.5165070295333862,1.564622402191162,0.2507830262184143,8.784524652583059e-06,0.008164375089108944,1.5646134614944458,0.25102123618125916,0.998940110206604,2.5e-05,-0.30402135848999023,-0.3164542317390442,-0.20919553935527802,-0.21151714026927948,-0.21163657307624817,0.3139706552028656,-0.3190481662750244,-0.32140547037124634,-0.19454890489578247,-0.21304595470428467,-0.22319024801254272,0.018175208941102028,0.018731428310275078,0.01798621006309986,0.019736671820282936
110,1090,1099,10,10,2816,2816,0,0.0,2816,0,0.0,0,9.087215400009882,5.904132099705748,1.6101930000004359,2.066937799041625,20.397871399996802,95.50590843094827,quality,not_promoted,-0.000563286509449509,7.370422446745744e-05,0.3003014906902205,-0.003529448723632165,0.0003757703340273689,0.004794034090909091,0.9995569281957366,0.11412567023018544,0.0,0.34589874744415283,1.6037613153457642,0.2615005373954773,-0.0005111201317049563,0.008684461936354637,1.604272484779358,0.26064208149909973,0.9988970756530762,2.5e-05,-0.3040371835231781,-0.3164639174938202,-0.20911739766597748,-0.2115173190832138,-0.21164286136627197,0.3139781057834625,-0.31918805837631226,-0.3216799199581146,-0.19454006850719452,-0.2131471484899521,-0.22329021990299225,0.01818433776497841,0.018732497468590736,0.01798621006309986,0.01974961906671524
111,1100,1109,10,10,2656,2656,0,0.0,2656,0,0.0,0,7.220861299982062,4.902483399724588,1.645729400072014,2.0352647994586732,19.37669060000917,99.85881444979437,quality,not_promoted,0.003752098973130896,5.9905183791540496e-05,0.332705603291591,0.00045499723360297226,6.650954795380433e-05,0.0,1.0000847166492826,0.10767698691536982,0.0,0.4738568663597107,1.5908480882644653,0.25864487886428833,-0.0001767126377671957,0.008013199083507061,1.5910247564315796,0.257048636674881,0.9990401268005371,2.5e-05,-0.3041779100894928,-0.3166063725948334,-0.20917512476444244,-0.2116139680147171,-0.21174617111682892,0.3141764998435974,-0.31930118799209595,-0.3219313621520996,-0.19436606764793396,-0.213227778673172,-0.22346168756484985,0.01818615011870861,0.01873908005654812,0.01798621006309986,0.019769389182329178
112,1110,1119,10,10,2359,2359,0,0.0,2359,0,0.0,0,6.772152799996547,4.473575700336369,1.596808600006625,1.8004808997211512,16.878578800009564,99.74321470881647,quality,not_promoted,-0.00017883434791017222,5.898841951617411e-05,0.33577242997047063,-0.003507064513836962,1.981632425824771e-05,0.0,0.9999057328378832,0.1162539379469849,0.0,0.4609833061695099,1.5508958101272583,0.2584870159626007,0.000934272538870573,0.0078695984557271,1.5499614477157593,0.2589881420135498,0.9990730881690979,2.5e-05,-0.30417877435684204,-0.3167153000831604,-0.2092023491859436,-0.2116868793964386,-0.2118176966905594,0.3142308294773102,-0.319381445646286,-0.3220740258693695,-0.19445498287677765,-0.21323712170124054,-0.2236390858888626,0.018197039142251015,0.018731826916337013,0.01798621006309986,0.019779570400714874
113,1120,1129,10,10,2504,2504,0,0.0,2504,0,0.0,0,7.091964499995811,4.66051939985482,1.7214694000431336,1.8145625996985473,17.60459209998953,101.39065297878354,quality,not_promoted,-0.00254396639065817,5.7917754384106955e-05,0.3355197599157691,-0.005870205305109266,1.817842130549252e-05,0.0,0.9998712286353111,0.11221786090172828,0.0,0.47796621918678284,1.5880440473556519,0.2615598738193512,-0.0005844068946316838,0.008076244033873081,1.5886286497116089,0.2619328498840332,0.9990466237068176,2.5e-05,-0.3042202293872833,-0.31688937544822693,-0.20929722487926483,-0.21181106567382812,-0.2119428962469101,0.31436872482299805,-0.3196457624435425,-0.3222988247871399,-0.19445514678955078,-0.21340063214302063,-0.22388137876987457,0.018199829384684563,0.018737440928816795,0.01798621006309986,0.01979830488562584
114,1130,1139,10,10,6945,6945,0,0.0,6945,0,0.0,0,45.33679209998809,25.567018299596384,1.5239432000089437,8.765329701505834,49.18060530000366,73.47853613244546,quality,not_promoted,-0.00031480067751344737,0.009576238396012415,0.11583765062990539,0.0033149417380827968,2.7283760565398903e-06,0.0,1.0000089874508185,0.1866054234453776,0.03211009174311927,0.7817488312721252,1.5736792087554932,0.23063567280769348,-0.00836566649377346,0.09897898137569427,1.5820448398590088,0.19643770158290863,0.815824031829834,2.5e-05,-0.30424198508262634,-0.3169191777706146,-0.209320068359375,-0.21183320879936218,-0.21196375787258148,0.31439104676246643,-0.3196565806865692,-0.3223296105861664,-0.19444964826107025,-0.21340790390968323,-0.22393055260181427,0.01819864846765995,0.01873951032757759,0.01798621006309986,0.019803261384367943
115,1140,1149,10,10,2463,2463,0,0.0,2463,0,0.0,0,7.199374399991939,4.695820399851073,1.6020409000921063,1.8252313994744327,17.907030300004408,98.10245749764236,quality,not_promoted,-0.002472091537828629,9.908109980945785e-05,0.35781529259223205,-0.006000704054410259,2.270060836979272e-05,0.0,0.9999798222994193,0.11832538832170077,0.0,0.3961367607116699,1.578016996383667,0.25614216923713684,0.0005571056390181184,0.009998287074267864,1.577459692955017,0.2532740533351898,0.9984763264656067,2.5e-05,-0.30439862608909607,-0.31686872243881226,-0.20932312309741974,-0.2117970585823059,-0.21193628013134003,0.3144837021827698,-0.3198262155056,-0.3224388360977173,-0.19443856179714203,-0.21352702379226685,-0.22404807806015015,0.018205299973487854,0.018750162795186043,0.01798621006309986,0.01981578767299652
116,1150,1159,10,10,2593,2593,0,0.0,2593,0,0.0,0,7.543413599982159,5.051177900051698,1.3008572999970056,1.9672407995094545,19.209724699991057,96.92320844476762,quality,not_promoted,0.0002442794147788025,7.53476898996557e-05,0.3500499734427871,-0.0032185463762910266,0.00012942203789950837,0.00019054878048780488,1.0001992408822222,0.11971062403626559,0.0,0.4710550010204315,1.564515471458435,0.2703343331813812,-0.001156256883405149,0.009358061477541924,1.565671682357788,0.2692778706550598,0.9988017082214355,2.5e-05,-0.30442294478416443,-0.31705141067504883,-0.20942898094654083,-0.21192523837089539,-0.2120780348777771,0.31468522548675537,-0.3200131058692932,-0.3226225972175598,-0.1943858563899994,-0.21367084980010986,-0.22423049807548523,0.018197568133473396,0.01874609664082527,0.01798621006309986,0.019839752465486526
117,1160,1169,10,10,2380,2380,0,0.0,2380,0,0.0,0,7.129696500021964,4.444046900054673,2.1487952999887057,1.7932616996695288,16.713421099993866,99.81916123243967,quality,not_promoted,-0.0006433553552549137,6.290656335151748e-05,0.3501065943978335,-0.004112968074255868,1.2089148010108771e-05,0.0,1.0000336444691609,0.10535070807427953,0.0,0.42954954504966736,1.559801697731018,0.262871116399765,-0.0013124295510351658,0.008356116712093353,1.5611141920089722,0.2616688907146454,0.9989895224571228,2.5e-05,-0.30445510149002075,-0.31710562109947205,-0.20948822796344757,-0.21196407079696655,-0.21213175356388092,0.3147560954093933,-0.3202255368232727,-0.3228444755077362,-0.1943276822566986,-0.2138463407754898,-0.22445489466190338,0.01820073276758194,0.018752580508589745,0.01798621006309986,0.019859420135617256
118,1170,1179,10,10,3528,3528,0,0.0,3528,0,0.0,0,11.007843800005503,7.085688699997263,3.2488848000066355,2.87729939899873,26.16258010000456,94.91417180203437,quality,not_promoted,0.0010622851716886675,6.466963204080198e-05,0.265979860643191,-0.0015651783240692957,4.108660505153239e-05,0.0,0.9999364625130381,0.145264691340604,0.008928571428571428,0.6950257420539856,1.5797333717346191,0.2422041893005371,-0.0005036650109104812,0.008465738967061043,1.5802370309829712,0.24036894738674164,0.9987782835960388,2.5e-05,-0.30436575412750244,-0.31712958216667175,-0.20952992141246796,-0.21197932958602905,-0.21214710175991058,0.31470444798469543,-0.3204684853553772,-0.32320636510849,-0.1941317468881607,-0.21401779353618622,-0.22481362521648407,0.01818760484457016,0.0187517236918211,0.01798621006309986,0.019894734025001526
119,1180,1189,10,10,3243,3243,0,0.0,3243,0,0.0,0,10.716066199995112,6.86225640019984,1.9286045999615453,2.545212599216029,24.655460000009043,91.68391495642105,quality,not_promoted,0.00042653547636434144,6.673656831730577e-05,0.3158087483515926,-0.002698183027735236,3.017941330029976e-05,0.0,0.9999424184069914,0.11958216967097685,0.0,0.3981550931930542,1.647662878036499,0.24428877234458923,-0.0011415135813876987,0.008581847883760929,1.6488040685653687,0.2443699687719345,0.9987658858299255,2.5e-05,-0.3043082356452942,-0.3171981871128082,-0.2095882147550583,-0.2120215743780136,-0.21218863129615784,0.31476926803588867,-0.32071545720100403,-0.3234902620315552,-0.19402092695236206,-0.21422746777534485,-0.22506330907344818,0.018191523849964142,0.01876368373632431,0.01798621006309986,0.01991712674498558
120,1190,1199,10,10,2374,2374,0,0.0,2374,0,0.0,0,7.022050900006434,4.519017399667064,1.614634300058242,1.7639593995991163,17.101729199988768,98.4091212139872,quality,not_promoted,-0.002110539629173122,6.865065568873481e-05,0.33933381951953234,-0.005469552682418572,0.00023995721487249524,0.0034950657894736842,1.0005003802086179,0.10014890369616057,0.0,0.30375412106513977,1.5586466789245605,0.26172664761543274,-0.0010271880310028791,0.008935924619436264,1.5596740245819092,0.2597096562385559,0.9988343119621277,2.5e-05,-0.30434170365333557,-0.31729987263679504,-0.20964746177196503,-0.21209754049777985,-0.21224087476730347,0.3148403763771057,-0.320844441652298,-0.3236905038356781,-0.19387897849082947,-0.21431595087051392,-0.2252991944551468,0.01819787360727787,0.01876622810959816,0.01798621006309986,0.019942451268434525
121,1200,1209,10,10,2553,2553,0,0.0,2553,0,0.0,0,7.8247891000064556,4.727219999709632,3.0696235000214074,1.9196995998499915,18.720745200000238,96.17436858294302,quality,not_promoted,8.233890403062106e-05,6.953578886168544e-05,0.3607042351737618,-0.0034899352642241864,5.039527580663617e-06,0.0,0.9999453999102116,0.10643469167407602,0.0125,1.5072734355926514,1.579673171043396,0.26297712326049805,-0.0005339168128557503,0.008602997288107872,1.5802069902420044,0.26293593645095825,0.9989297986030579,2.5e-05,-0.3043895363807678,-0.31733039021492004,-0.2096729725599289,-0.21212138235569,-0.21224069595336914,0.31485888361930847,-0.3209865391254425,-0.32390096783638,-0.19372260570526123,-0.21442586183547974,-0.2255180925130844,0.018203727900981903,0.018770013004541397,0.01798621006309986,0.01996413618326187
122,1210,1219,10,10,2438,2438,0,0.0,2438,0,0.0,0,7.351336799998535,4.490558499819599,3.265160700015258,1.8678229002689477,17.16428470000392,99.44679558704054,quality,not_promoted,0.004540815519598814,7.042017163117774e-05,0.33105506891241443,0.0012654746399046136,9.390896854874415e-05,0.0014022435897435897,0.9998937959854419,0.10609608797881848,0.0,0.4123595952987671,1.588388442993164,0.25428295135498047,-0.0009664832032285631,0.008735476061701775,1.5893551111221313,0.25567808747291565,0.9988198280334473,2.5e-05,-0.30448392033576965,-0.31749969720840454,-0.20975130796432495,-0.21223974227905273,-0.21233107149600983,0.31500235199928284,-0.32114800810813904,-0.3240761160850525,-0.1936626136302948,-0.21451273560523987,-0.22573459148406982,0.018206194043159485,0.01877172663807869,0.01798621006309986,0.019986534491181374
123,1220,1229,10,10,2465,2465,0,0.0,2465,0,0.0,0,15.018486799992388,4.813660500338301,9.7301777000539,1.9050784992577974,17.54810709998128,75.6910596045475,quality,not_promoted,-0.00015156718496328746,6.413646933185354e-05,0.34900300873395723,-0.0036095283471812042,5.939263781748685e-05,0.00020032051282051281,0.9999470107066326,0.13426034472500667,0.0,0.4844360053539276,1.549949049949646,0.2685655653476715,-0.0018695357721298933,0.008181477896869183,1.5518183708190918,0.2694609463214874,0.9990719556808472,2.5e-05,-0.30463436245918274,-0.31763267517089844,-0.2098187506198883,-0.21233439445495605,-0.21240894496440887,0.31514379382133484,-0.3212648034095764,-0.3242942988872528,-0.19353312253952026,-0.2146269977092743,-0.22599399089813232,0.018210414797067642,0.01877073384821415,0.01798621006309986,0.020011845976114273
124,1230,1239,10,10,2279,2279,0,0.0,2279,0,0.0,0,14.881247099983739,4.298690700350562,9.90756560000591,1.692320299509447,16.619882800005144,72.34661128776858,quality,not_promoted,0.0008162670872277684,6.618759920861016e-05,0.3599930167612102,-0.0027505691121202996,0.0003238536656782445,0.004774305555555556,1.0000902497106128,0.12900667891113293,0.0,0.33217164874076843,1.4989662170410156,0.26278793811798096,-0.0012193846050649881,0.008106309920549393,1.500185489654541,0.2628326416015625,0.9990484118461609,2.5e-05,-0.30457445979118347,-0.31780678033828735,-0.20993545651435852,-0.21245868504047394,-0.21255046129226685,0.31522229313850403,-0.3215939998626709,-0.32459521293640137,-0.19341489672660828,-0.21488125622272491,-0.2262578159570694,0.018220115453004837,0.018782485276460648,0.01798621006309986,0.020034505054354668
125,1240,1249,10,10,2518,2518,0,0.0,2518,0,0.0,0,15.788346399989678,4.675889299658593,10.850096100039082,1.9473576993332244,18.307941200007917,73.84968209853373,quality,not_promoted,0.001987818628549576,6.318825880953227e-05,0.3498273782432079,-0.0014788616390433162,1.753033611748833e-05,0.0,0.9999920077621937,0.11522993904072791,0.025,0.6869493722915649,1.5927685499191284,0.2586035132408142,-0.0011322982609272003,0.008334188722074032,1.5939009189605713,0.2576184570789337,0.9989613890647888,2.5e-05,-0.3045186400413513,-0.31787237524986267,-0.20998112857341766,-0.21250727772712708,-0.21259726583957672,0.31521034240722656,-0.3218662738800049,-0.3249017596244812,-0.19333195686340332,-0.21506202220916748,-0.22645807266235352,0.018217625096440315,0.01877603866159916,0.01798621006309986,0.02005520835518837
126,1250,1259,10,10,2230,2230,0,0.0,2230,0,0.0,0,6.143368499993812,4.179815799812786,1.1785308999824338,1.6206285001535434,15.87854909998714,101.26275288587624,quality,not_promoted,-0.000432071542101247,5.602222149069089e-05,0.35084571455206187,-0.003912517009302974,0.0001669166428785372,0.0002232142857142857,1.0003356805869512,0.14553029138062681,0.014285714285714285,0.5707713961601257,1.5115972757339478,0.2656993269920349,-0.0009377514943480492,0.007546462118625641,1.5125349760055542,0.2659088671207428,0.9991933107376099,2.5e-05,-0.3044746518135071,-0.3179244101047516,-0.2100364863872528,-0.21253758668899536,-0.21263644099235535,0.3152238726615906,-0.32200732827186584,-0.32513123750686646,-0.1932782381772995,-0.21515506505966187,-0.2267293483018875,0.018212301656603813,0.018782321363687515,0.01798621006309986,0.020082684233784676
127,1260,1269,10,10,2330,2330,0,0.0,2330,0,0.0,0,6.417913399985991,4.285130399919581,1.390800399996806,1.7660975993203465,16.099600199988345,103.47501244554175,quality,not_promoted,0.0004687082349649958,5.821894730025953e-05,0.3477673812492474,-0.002979855688691542,0.0001561694777125455,0.000633445945945946,0.9996715268573245,0.1399486269801855,0.0,0.4569123387336731,1.5710722208023071,0.2698935568332672,-0.0014372002333402634,0.007822293788194656,1.572509527206421,0.27014556527137756,0.9991599917411804,2.5e-05,-0.3046354055404663,-0.3179493844509125,-0.21002580225467682,-0.21255679428577423,-0.21264633536338806,0.3153054416179657,-0.3221580982208252,-0.3253190815448761,-0.19323882460594177,-0.21527418494224548,-0.22696071863174438,0.018206825479865074,0.018784232437610626,0.01798621006309986,0.02010510116815567
128,1270,1279,10,10,2544,2544,0,0.0,2544,0,0.0,0,7.443986099999165,4.79521119967103,1.9543178000603803,1.895935000735335,18.537015799985966,97.91770193440676,quality,not_promoted,0.0006585390539839864,6.961768694964121e-05,0.335422688908875,-0.0026608787185978143,0.00017385245590162413,0.0021484375,1.0004250660538674,0.1407139145769179,0.0125,0.9328112602233887,1.5626790523529053,0.25957146286964417,-0.0012596697779372334,0.008731408044695854,1.563938856124878,0.2584560513496399,0.9988685250282288,2.5e-05,-0.3046354651451111,-0.3180733025074005,-0.2100437730550766,-0.21264097094535828,-0.21275782585144043,0.31539350748062134,-0.3223778307437897,-0.3255372941493988,-0.193190798163414,-0.21541143953800201,-0.22718313336372375,0.018206583335995674,0.018782315775752068,0.01798621006309986,0.020132973790168762
129,1280,1289,10,10,3158,3158,0,0.0,3158,0,0.0,0,13.147930000006454,8.195222699898295,1.7217637999274302,2.697899801278254,22.908953300007852,87.58383173952106,quality,not_promoted,-0.0013972966745495795,5.115154117447673e-05,0.27301270499825475,-0.004101847325218841,7.172614400161593e-05,0.0,0.9999489384889603,0.1260131874680519,0.0,0.430856317281723,1.5574121475219727,0.23070403933525085,-0.0017821993678808212,0.007687863893806934,1.5591940879821777,0.23160217702388763,0.9988895654678345,2.5e-05,-0.3046965003013611,-0.3180443346500397,-0.21006126701831818,-0.21262101829051971,-0.21278195083141327,0.3154599368572235,-0.32261714339256287,-0.3257462978363037,-0.1930943876504898,-0.2155742049217224,-0.2274506539106369,0.0182108785957098,0.01877443678677082,0.01798621006309986,0.020155010744929314
130,1290,1299,10,10,2671,2671,0,0.0,2671,0,0.0,0,7.285096300009172,4.961051100108307,1.4708008999878075,1.9979551999422256,20.307279100001324,96.80210425083533,quality,not_promoted,-0.00030742259696125984,6.462831468178636e-05,0.3485673910805157,-0.003760782673322995,0.00011975903996807617,0.0026041666666666665,1.0000985059000196,0.13638951624965384,0.011904761904761904,0.7877508401870728,1.5763299465179443,0.257140576839447,-0.0010781160090118647,0.008347324095666409,1.5774080753326416,0.2584989070892334,0.9989461898803711,2.5e-05,-0.30459943413734436,-0.31802937388420105,-0.21005229651927948,-0.21261237561702728,-0.21276691555976868,0.31536734104156494,-0.32284101843833923,-0.3260144591331482,-0.19303986430168152,-0.21572309732437134,-0.2276483029127121,0.018222758546471596,0.018785974010825157,0.01798621006309986,0.02017662487924099
131,1300,1309,10,10,2838,2838,0,0.0,2838,0,0.0,0,9.008073100005277,5.77771500046947,1.986565600062022,2.222212699824013,20.55651160000707,95.99323071156873,quality,not_promoted,-0.0012311389359335105,7.03428446488235e-05,0.3095663391881519,-0.004291630727756355,2.8641116947862126e-05,0.0,1.0001718514495426,0.16544058244261478,0.022222222222222223,1.887120008468628,1.5789361000061035,0.26586490869522095,-0.0013684636214748025,0.008696083910763264,1.580304503440857,0.26575595140457153,0.9989301562309265,2.5e-05,-0.3046417832374573,-0.31819072365760803,-0.21011705696582794,-0.21272432804107666,-0.21289055049419403,0.31546151638031006,-0.32310035824775696,-0.32628047466278076,-0.19301216304302216,-0.2159091979265213,-0.2278253436088562,0.018220869824290276,0.01879151165485382,0.01798621006309986,0.02019893191754818
132,1310,1319,10,10,2666,2666,0,0.0,2666,0,0.0,0,7.189910799992504,4.934586799499812,1.3039483999891672,1.9478473009949084,19.75241929999902,98.95209471881716,quality,not_promoted,-0.0012247784595404352,6.82704638252506e-05,0.33877108263827505,-0.004578353180217424,2.092572114621914e-05,0.0,0.9999753428356988,0.13968043406272218,0.011904761904761904,0.5057013630867004,1.534602403640747,0.2554197609424591,-0.0008077209931798279,0.008634448982775211,1.5354102849960327,0.2557721734046936,0.9988572001457214,2.5e-05,-0.3046340048313141,-0.31827425956726074,-0.21014785766601562,-0.2127811163663864,-0.21296168863773346,0.31557193398475647,-0.32341811060905457,-0.32655173540115356,-0.19300353527069092,-0.21613124012947083,-0.22807973623275757,0.01822388917207718,0.018795829266309738,0.01798621006309986,0.020222164690494537
133,1320,1329,10,10,2506,2506,0,0.0,2506,0,0.0,0,8.298604499985231,5.26021230025799,1.6938277000153903,1.9876301009499002,17.72555309999734,96.29514386285757,quality,not_promoted,-0.007861969619989395,5.597225872406852e-05,0.33614994343370197,-0.0111954817926744,0.0002077038720017299,0.0037890625186264514,1.0007460780441761,0.18633192873094231,0.0625,0.9390731453895569,1.5074695348739624,0.25654152035713196,-0.0012253453023731709,0.007878300733864307,1.5086947679519653,0.25600671768188477,0.9990569353103638,2.5e-05,-0.3045412600040436,-0.3183310031890869,-0.2101941555738449,-0.21282801032066345,-0.21299836039543152,0.31557682156562805,-0.3236750066280365,-0.32692238688468933,-0.192948117852211,-0.21630913019180298,-0.2284008264541626,0.018226120620965958,0.018803613260388374,0.01798621006309986,0.020251739770174026
134,1330,1339,10,10,2931,2931,0,0.0,2931,0,0.0,0,8.740373200009344,5.728280599985737,2.32153879996622,2.3382358004746493,22.424568399990676,94.0479862795571,quality,not_promoted,0.00047184589683361674,5.930337663259074e-05,0.3508050542162812,-0.0030065530091119203,3.0252044137776704e-05,0.0,0.9998030545918838,0.13979213409449742,0.010869565217391304,0.6738405823707581,1.5957773923873901,0.2521370053291321,-0.00025298423133790493,0.007750415708869696,1.5960304737091064,0.2519652843475342,0.9990551471710205,2.5e-05,-0.3043797016143799,-0.31841418147087097,-0.21027109026908875,-0.21288684010505676,-0.21302805840969086,0.3155459761619568,-0.32373666763305664,-0.3271339535713196,-0.19285298883914948,-0.21635526418685913,-0.2286626249551773,0.018231680616736412,0.01880556531250477,0.01798621006309986,0.02027873508632183
135,1340,1349,10,10,2549,2549,0,0.0,2549,0,0.0,0,7.229425699973945,4.782279200153425,1.9519793999788817,1.854861100029666,18.749850699998206,98.11666655976347,quality,not_promoted,0.0004975243587978184,7.016274557827273e-05,0.3575882241129875,-0.003043275902746245,4.0939749396784464e-05,0.0,0.9996176928281784,0.14198100240901113,0.0,0.45289844274520874,1.584836483001709,0.23664718866348267,-0.0006796697271056473,0.008432693779468536,1.5855162143707275,0.23613503575325012,0.9987302422523499,2.5e-05,-0.30439242720603943,-0.31845587491989136,-0.2103043645620346,-0.21291644871234894,-0.21306253969669342,0.31558382511138916,-0.3238202631473541,-0.3273366391658783,-0.19284741580486298,-0.2164127081632614,-0.22889474034309387,0.018232643604278564,0.01880842261016369,0.01798621006309986,0.020298805087804794
136,1350,1359,10,10,2382,2382,0,0.0,2382,0,0.0,0,6.813930200005416,4.541579999757232,1.4123325000109617,1.9534804000577424,17.039795100019546,99.858616213607,quality,not_promoted,-0.003595403603915321,7.407273690325e-05,0.368483412226564,-0.00724320149808926,7.642573884045065e-05,0.0,0.9996989126268186,0.14881562912150434,0.0,0.436525821685791,1.5578768253326416,0.271797776222229,-0.0006971018156036735,0.008472791872918606,1.5585739612579346,0.271200954914093,0.999028205871582,2.5e-05,-0.30442413687705994,-0.3186797499656677,-0.21048110723495483,-0.2130664736032486,-0.21318548917770386,0.31575971841812134,-0.32396116852760315,-0.32752540707588196,-0.1927332580089569,-0.2165154069662094,-0.22908656299114227,0.018232474103569984,0.01881999336183071,0.01798621006309986,0.02031821571290493
137,1360,1369,10,10,2408,2408,0,0.0,2408,0,0.0,0,6.732358499983093,4.531142000138061,1.4715437999984715,1.9298541002499405,17.418499899999006,99.70660090499247,quality,not_promoted,0.0007952795682573005,6.440416626374874e-05,0.38026093456305954,-0.0029751272078628013,0.00037548947684148227,0.006578947368421052,0.9997773986113699,0.18088959098646515,0.039473684210526314,0.6217637062072754,1.535915493965149,0.2637326717376709,-0.0005825757398270071,0.008249597623944283,1.536497950553894,0.2640225887298584,0.9990215301513672,2.5e-05,-0.30441901087760925,-0.31881046295166016,-0.2105887532234192,-0.21315720677375793,-0.21326567232608795,0.3158939480781555,-0.32410138845443726,-0.32782524824142456,-0.1926228404045105,-0.21661770343780518,-0.22937993705272675,0.018242258578538895,0.018821904435753822,0.01798621006309986,0.020348230376839638
138,1370,1379,10,10,3101,3101,0,0.0,3101,0,0.0,0,9.643564800004242,5.9351862999319565,4.038201899995329,2.361395799118327,23.410505700012436,93.81597948725968,quality,not_promoted,-0.0006632446881611737,6.000126357284156e-05,0.3350244400148489,-0.003983488106834037,0.000647304403210743,0.006124648132494518,0.9995750918680307,0.1393912049694633,0.01020408163265306,0.6235818266868591,1.5857970714569092,0.24958300590515137,-0.00025026380899362266,0.007997593842446804,1.5860472917556763,0.2506404519081116,0.9989731907844543,2.5e-05,-0.3045009970664978,-0.3189464509487152,-0.21072664856910706,-0.2132541984319687,-0.2133708894252777,0.3160730004310608,-0.32429298758506775,-0.32807657122612,-0.19242963194847107,-0.21676424145698547,-0.22966375946998596,0.018240828067064285,0.01882818713784218,0.01798621006309986,0.020376009866595268
139,1380,1389,10,10,2483,2483,0,0.0,2483,0,0.0,0,6.896350399998482,4.665134900045814,1.496680500014918,1.9229554991761688,18.46838750000461,97.89180593108739,quality,not_promoted,-2.6347473836862125e-05,5.670225054461461e-05,0.37850629633817917,-0.00378305916614735,6.826559393420421e-05,0.0,0.9998648808552668,0.17240593396127224,0.038461538461538464,0.7066677212715149,1.549141764640808,0.25374552607536316,0.0006670643924735487,0.007717822678387165,1.548474669456482,0.2543415129184723,0.9990748763084412,2.5e-05,-0.3045760691165924,-0.3191239833831787,-0.210890531539917,-0.2133796513080597,-0.2134859412908554,0.3161962032318115,-0.3245038390159607,-0.3281623423099518,-0.19242122769355774,-0.21689936518669128,-0.22984476387500763,0.01823606714606285,0.018839875236153603,0.01798621006309986,0.020396240055561066
140,1390,1399,10,10,2649,2649,0,0.0,2649,0,0.0,0,7.44683209998766,5.085598100034986,1.594039400049951,2.1284560993663035,20.48735409998335,94.83004018934868,quality,not_promoted,-0.00047304643140662285,7.252096756495856e-05,0.34284884358445805,-0.003865274021379827,9.579628212599172e-05,0.0,0.9999876391320002,0.1447392615844451,0.023809523809523808,0.8887305855751038,1.5443792343139648,0.24062131345272064,0.001382453483529389,0.008822368457913399,1.5429967641830444,0.24004825949668884,0.9986556768417358,2.5e-05,-0.30460041761398315,-0.3193436861038208,-0.21104580163955688,-0.21354560554027557,-0.2136499434709549,0.3163795471191406,-0.32466238737106323,-0.32833927869796753,-0.19231733679771423,-0.2170531451702118,-0.23004285991191864,0.01824210025370121,0.01885027065873146,0.01798621006309986,0.020418809726834297
141,1400,1409,10,10,2258,2258,0,0.0,2258,0,0.0,0,6.575284299993655,4.296406500012381,1.628425699978834,1.798625999741489,15.958415200002491,100.205472252809,quality,not_promoted,0.0019278170980720057,7.075862357750238e-05,0.35420679445895886,-0.001578870986122638,3.3034057352665513e-05,0.0,1.0000133506125874,0.1471074763426764,0.013888888888888888,0.5675477385520935,1.5350261926651,0.26290786266326904,0.0001740327279549092,0.00851414818316698,1.5348522663116455,0.26202479004859924,0.998951256275177,2.5e-05,-0.30461859703063965,-0.3195713460445404,-0.21120348572731018,-0.2137051820755005,-0.2138243317604065,0.3165971636772156,-0.324724942445755,-0.3285036087036133,-0.19221624732017517,-0.217096745967865,-0.23021918535232544,0.01824399270117283,0.018859246745705605,0.01798621006309986,0.020437190309166908
142,1410,1419,10,10,2806,2806,0,0.0,2806,0,0.0,0,7.642716999980621,5.115330499887932,2.1006014000158757,2.1777170997229405,20.837634499999695,98.52406491548882,quality,not_promoted,-8.753017755225301e-05,5.475016070539079e-05,0.34011994319205935,-0.003461355102692985,1.6339788038005114e-05,0.0,0.9999962706457485,0.11111193103715777,0.0,0.3150309920310974,1.5806477069854736,0.2577149271965027,0.0002635248238220811,0.007721666246652603,1.5803842544555664,0.2585586607456207,0.9991022944450378,2.5e-05,-0.3046632707118988,-0.3196980357170105,-0.21127034723758698,-0.2137938290834427,-0.21392257511615753,0.31668487191200256,-0.3250318467617035,-0.32873985171318054,-0.19214434921741486,-0.21730947494506836,-0.23041431605815887,0.018233558163046837,0.018862109631299973,0.01798621006309986,0.020454438403248787
143,1420,1429,10,10,6672,6672,0,0.0,6672,0,0.0,0,41.41089769999962,23.23221730234218,1.5516665999602992,9.250072500493843,43.56783670000732,78.51376049676088,quality,not_promoted,-0.0005188197252296266,0.0137127444686831,0.11384472319235404,0.0051991051983176955,1.8440774597582363e-06,0.0,0.9999843185856229,0.25312607113183255,0.10476190476190476,0.8325162529945374,1.6332875490188599,0.2354377955198288,-0.01078126486390829,0.11894525587558746,1.6440690755844116,0.1958121955394745,0.7447640299797058,2.5e-05,-0.3046417832374573,-0.31970447301864624,-0.2112736850976944,-0.21379804611206055,-0.21392589807510376,0.3166773021221161,-0.32505953311920166,-0.32875603437423706,-0.1921311616897583,-0.21732880175113678,-0.2304464429616928,0.018233247101306915,0.018864355981349945,0.01798621006309986,0.02045760490000248
144,1430,1439,10,10,2474,2474,0,0.0,2474,0,0.0,0,6.744087700004457,4.512396299804095,1.5844667000346817,1.8946626995457336,17.55714089999674,101.80555233326263,quality,not_promoted,0.0002452854717445846,8.623990624283369e-05,0.3422664375259326,-0.0031342588257617676,4.9449874816276955e-05,0.0,1.0001889581863697,0.14292446951357982,0.01282051282051282,0.5917794704437256,1.5313535928726196,0.25059133768081665,0.0010585198178887367,0.011011608876287937,1.5302950143814087,0.25519484281539917,0.9980690479278564,2.5e-05,-0.30473044514656067,-0.3198070824146271,-0.2113770842552185,-0.2138754278421402,-0.21399809420108795,0.31683149933815,-0.3253084421157837,-0.32901421189308167,-0.19205284118652344,-0.21749591827392578,-0.230662539601326,0.018232427537441254,0.018873341381549835,0.01798621006309986,0.02047930657863617
145,1440,1449,10,10,2932,2932,0,0.0,2932,0,0.0,0,9.047737399989273,5.628753699944355,2.727937999938149,2.361047799116932,22.289592000015546,93.56253567668561,quality,not_promoted,-0.0004702508247093014,7.079987679627148e-05,0.31088749578465585,-0.003543726291315144,0.0003816178665671111,0.00734218228203447,1.0001427596030028,0.15692115625690506,0.010869565217391304,3.0559005737304688,1.556907057762146,0.24109768867492676,0.001337641617283225,0.009201145730912685,1.5555692911148071,0.24409595131874084,0.9985435605049133,2.5e-05,-0.3048788011074066,-0.3198932409286499,-0.2114429473876953,-0.21393591165542603,-0.21405690908432007,0.31703537702560425,-0.32547369599342346,-0.32929423451423645,-0.19201822578907013,-0.21762491762638092,-0.23094144463539124,0.018239030614495277,0.018876180052757263,0.01798621006309986,0.02050032466650009
146,1450,1459,10,10,7266,7266,0,0.0,7266,0,0.0,0,45.46442859998206,25.613643999851774,1.6754825999669265,9.116845701413695,49.94585840002401,76.1553101711091,quality,not_promoted,-0.00025947132605340394,0.009002981209688872,0.10708247907786515,0.003171195415473592,2.2330182336292493e-05,0.0,1.0000132188985222,0.19451441355621474,0.03508771929824561,0.7536489367485046,1.5537270307540894,0.2385151982307434,-0.008099988102912903,0.09653371572494507,1.561827301979065,0.2059526890516281,0.8361954689025879,2.5e-05,-0.30489879846572876,-0.3198976516723633,-0.21143150329589844,-0.21393857896327972,-0.2140543907880783,0.3170543611049652,-0.32552552223205566,-0.3293485939502716,-0.19201651215553284,-0.2176656723022461,-0.23099587857723236,0.018236396834254265,0.01887664943933487,0.01798621006309986,0.020503856241703033
147,1460,1469,10,10,2868,2868,0,0.0,2868,0,0.0,0,10.009544200001983,5.751657199958572,3.3755777000042144,2.237302000983618,21.37664160001441,91.3777806030353,quality,not_promoted,-0.00024954314447111554,0.00010406758499609875,0.3302839817272292,-0.0035003491315162842,0.00017375159285519556,0.00017361111111111112,0.99985687467787,0.126543718121118,0.0,0.3759889006614685,1.595032811164856,0.2432052046060562,-0.0011181531008332968,0.010285656899213791,1.5961508750915527,0.24102824926376343,0.9982113838195801,2.5e-05,-0.3049640655517578,-0.31984812021255493,-0.21138283610343933,-0.21390435099601746,-0.21399979293346405,0.3171338438987732,-0.32576507329940796,-0.32960638403892517,-0.19197413325309753,-0.21783849596977234,-0.23129332065582275,0.01823205128312111,0.018877245485782623,0.01798621006309986,0.020524585619568825
148,1470,1479,10,10,2527,2527,0,0.0,2527,0,0.0,0,6.951454699999886,4.731352799775777,1.5830519000301138,1.8875329006987158,18.275843800016446,100.1692670342155,quality,not_promoted,0.0001767441863194108,5.5134937474576874e-05,0.35544008053839204,-0.003350089705782011,0.0001552303983544334,0.0013923890888690948,1.0004405938088894,0.10227411822415888,0.0,0.3680078685283661,1.5669426918029785,0.26326560974121094,-0.00063320342451334,0.007749957963824272,1.5675758123397827,0.2624148726463318,0.9991334080696106,2.5e-05,-0.3050438463687897,-0.3201088607311249,-0.21148788928985596,-0.21408678591251373,-0.21418079733848572,0.3173152804374695,-0.3259994089603424,-0.3298971354961395,-0.19196034967899323,-0.21800300478935242,-0.23153485357761383,0.01823919638991356,0.018880946561694145,0.01798621006309986,0.020547354593873024
149,1480,1489,10,10,2740,2740,0,0.0,2740,0,0.0,0,7.821938599983696,5.11797360033961,2.02572739997413,2.0187501993204933,20.94835759999114,95.23711472954514,quality,not_promoted,0.0005275510078252748,6.513233161375716e-05,0.335021423045979,-0.0027900964988200644,3.381993268026976e-05,0.0,0.9999438441076944,0.11934926131263722,0.0,0.4175772964954376,1.578568935394287,0.2568869888782501,-0.0005387349519878626,0.008336424827575684,1.579107642173767,0.2557983100414276,0.9989469051361084,2.5e-05,-0.3050873577594757,-0.32012349367141724,-0.21150290966033936,-0.2140973061323166,-0.21418507397174835,0.3172835409641266,-0.3263234496116638,-0.3303733468055725,-0.19197845458984375,-0.21821849048137665,-0.23191724717617035,0.018249697983264923,0.01888405904173851,0.01798621006309986,0.020579762756824493
150,1490,1499,10,10,2571,2571,0,0.0,2571,0,0.0,0,8.446653899998637,5.349707900371868,2.184301100031007,1.801507400436094,18.329448600008618,96.01845526246038,quality,not_promoted,-0.004791410299154316,6.123358093091378e-05,0.29489588083290474,-0.007709752242989474,0.0003141946514982165,0.0064786585365853655,0.9994491665828519,0.10072523132875198,0.0,0.4698040187358856,1.5433324575424194,0.24442251026630402,-0.0001271050568902865,0.008407015353441238,1.5434596538543701,0.2462977170944214,0.998816967010498,2.5e-05,-0.30502408742904663,-0.3202856183052063,-0.2115388959646225,-0.21420447528362274,-0.21429820358753204,0.31727078557014465,-0.3265156149864197,-0.33070456981658936,-0.19184455275535583,-0.21832598745822906,-0.23222148418426514,0.018258824944496155,0.018901728093624115,0.01798621006309986,0.020605647936463356
151,1500,1509,10,10,2401,2401,0,0.0,2401,0,0.0,0,7.3253700000059325,4.635206500446657,2.056841900019208,1.8413353998912498,17.4406826000195,96.9472220210634,quality,not_promoted,-0.00011337226207711195,7.96040863669508e-05,0.3282437965665993,-0.0033560081715940646,7.100516396157648e-05,0.0010279605263157894,0.9997444803777494,0.0942685203381667,0.0,0.320502370595932,1.560024380683899,0.2660978138446808,0.0003080211754422635,0.009129118174314499,1.5597162246704102,0.2663060426712036,0.9988229870796204,2.5e-05,-0.3051406145095825,-0.3204033672809601,-0.2116100937128067,-0.21428246796131134,-0.21439585089683533,0.31747695803642273,-0.3266464173793793,-0.33086735010147095,-0.19170206785202026,-0.21840761601924896,-0.23237261176109314,0.01825968362390995,0.018920984119176865,0.01798621006309986,0.020617136731743813
152,1510,1519,10,10,2596,2596,0,0.0,2596,0,0.0,0,7.047601300000679,4.749512599926675,1.5214359999808948,1.9529655999795068,19.049246300011873,99.47561635753858,quality,not_promoted,-0.0013355478508079925,7.166834186092473e-05,0.3029047074477847,-0.004328761408786948,0.00028385518122909495,0.005525914634146341,0.9993545274908949,0.1342933916645806,0.036585365853658534,0.996048092842102,1.5312979221343994,0.25982433557510376,0.0001098796128644608,0.008644767105579376,1.5311880111694336,0.2601149082183838,0.9988930225372314,2.5e-05,-0.3051024377346039,-0.32061561942100525,-0.21168959140777588,-0.2144315540790558,-0.21454228460788727,0.3175884187221527,-0.3268134593963623,-0.33112767338752747,-0.1916510909795761,-0.21851925551891327,-0.23263223469257355,0.018260981887578964,0.018919777125120163,0.01798621006309986,0.020647916942834854
153,1520,1529,10,10,2376,2376,0,0.0,2376,0,0.0,0,6.464138100011041,4.384554800024489,1.4007862999860663,1.7436463992926292,17.137788899999578,100.66974616093555,quality,not_promoted,-0.012204223814861555,6.225524243506555e-05,0.3381584637651318,-0.015554680531893513,0.00017224406627447983,0.004523026315789474,1.0008396631792973,0.1043811266212479,0.0,0.4596397280693054,1.523492693901062,0.2614182233810425,-0.00036932629882358015,0.008025606162846088,1.5238621234893799,0.26161903142929077,0.9990574717521667,2.5e-05,-0.3051747679710388,-0.3207693099975586,-0.21178780496120453,-0.21453487873077393,-0.21465033292770386,0.3177255690097809,-0.32700443267822266,-0.3313419818878174,-0.19157151877880096,-0.21865399181842804,-0.23291532695293427,0.018253212794661522,0.01893129013478756,0.01798621006309986,0.020674020051956177
154,1530,1539,10,10,2625,2625,0,0.0,2625,0,0.0,0,8.507596499985084,4.840287500264822,3.820351100031985,2.036689700005809,19.09002530001453,95.11689155766446,quality,not_promoted,0.005110552983491549,7.818366637885836e-05,0.28893685349751086,0.0022602767594868227,0.00016337017517625575,0.003720238095238095,0.9997599202962149,0.10163291270977684,0.0,0.40801048278808594,1.605851173400879,0.2636733055114746,-0.00110259756911546,0.008842508308589458,1.606953740119934,0.26251092553138733,0.9988753199577332,2.5e-05,-0.3052450716495514,-0.32078781723976135,-0.21171827614307404,-0.214549258351326,-0.2146535962820053,0.3177085220813751,-0.32721441984176636,-0.3316360414028168,-0.19150011241436005,-0.21880923211574554,-0.2331455647945404,0.01825093664228916,0.018937671557068825,0.01798621006309986,0.020698368549346924
155,1540,1549,10,10,2464,2464,0,0.0,2464,0,0.0,0,6.793322300014552,4.654131400136976,1.358291399985319,1.9024703992181458,18.184941199986497,98.64576854991928,quality,not_promoted,0.00047815975565940904,7.771233168358986e-05,0.3461999805309834,-0.002944983535995468,6.121057921495193e-06,0.0,1.0000490255844898,0.11227780929169594,0.0,0.4615107476711273,1.5284550189971924,0.2727741599082947,-0.0010235750814899802,0.008932940661907196,1.5294785499572754,0.272205650806427,0.9989275336265564,2.5e-05,-0.3051542043685913,-0.32088565826416016,-0.21177935600280762,-0.21461762487888336,-0.21473242342472076,0.3177163302898407,-0.3272840678691864,-0.3317371606826782,-0.1913713812828064,-0.21885553002357483,-0.2334659993648529,0.018254797905683517,0.01893717609345913,0.01798621006309986,0.020726434886455536
156,1550,1559,10,10,6689,6689,0,0.0,6689,0,0.0,0,44.47973200000706,24.450263898732373,1.664355499931844,9.505220100429142,44.87685729999794,74.85737820120251,quality,not_promoted,-0.0002758812403217668,0.009401444661809711,0.10684339461315956,0.0033564074696706874,2.5933188949252217e-06,0.0,0.9999937423637935,0.18646491435134693,0.0380952380952381,0.7599024772644043,1.5642423629760742,0.26493769884109497,-0.01037441287189722,0.09938549995422363,1.5746169090270996,0.228907972574234,0.8592791557312012,2.5e-05,-0.3051253855228424,-0.3209051787853241,-0.21180810034275055,-0.21463051438331604,-0.21474342048168182,0.3177151679992676,-0.32729610800743103,-0.3317621052265167,-0.19133490324020386,-0.2188626080751419,-0.23352272808551788,0.018253637477755547,0.018937597051262856,0.01798621006309986,0.0207313634455204
157,1560,1569,10,10,2869,2869,0,0.0,2869,0,0.0,0,8.286590900010196,5.415213200554717,2.2575218999700155,2.300845699792262,21.169434900017222,97.39942582469253,quality,not_promoted,-0.0007881675225992998,9.447826236686928e-05,0.3023512035608292,-0.003764440460751454,6.442871569510721e-05,0.0,0.9998407926824358,0.13361322422408395,0.022222222222222223,0.6517601609230042,1.618730068206787,0.24364103376865387,-0.0003615680616348982,0.011047957465052605,1.6190917491912842,0.23836444318294525,0.9979438185691833,2.5e-05,-0.30539193749427795,-0.32096004486083984,-0.21183857321739197,-0.2146676927804947,-0.2147778570652008,0.31792113184928894,-0.3273428678512573,-0.33181849122047424,-0.1913071572780609,-0.21888093650341034,-0.23357082903385162,0.018250377848744392,0.018931804224848747,0.01798621006309986,0.020737282931804657
158,1570,1579,10,10,2403,2403,0,0.0,2403,0,0.0,0,8.079957099980675,4.645155599981081,3.4373906000109855,1.9225806995527819,17.67943540000124,93.28636146996429,quality,not_promoted,0.0020450181450302665,9.0161300249747e-05,0.3373209414513488,-0.0012831101561651419,0.00019842099458113998,0.003630169177133786,1.0008233189582825,0.12493062791365542,0.02631578947368421,0.5534203052520752,1.541412353515625,0.2653123140335083,0.0002783693780656904,0.010161657817661762,1.5411338806152344,0.26303231716156006,0.9985330700874329,2.5e-05,-0.3054235279560089,-0.3212129473686218,-0.21191178262233734,-0.21484257280826569,-0.21492347121238708,0.31811437010765076,-0.3274851143360138,-0.3319682478904724,-0.1912267953157425,-0.21897530555725098,-0.2337924987077713,0.01825183816254139,0.018933752551674843,0.01798621006309986,0.020753849297761917
159,1580,1589,10,10,5581,5581,0,0.0,5581,0,0.0,0,29.925980300002266,18.012176400254248,3.018033899978036,3.6913117002986837,38.70970949999173,81.31338107423652,quality,not_promoted,-0.0002954613962422379,0.005853330977391703,0.14776167491535572,0.0011535877810357224,4.191728744567575e-05,0.0,1.0001544078642672,0.15738056205340067,0.011363636363636364,0.5369002819061279,1.423856496810913,0.32145601511001587,-0.007636147551238537,0.07778436690568924,1.4314926862716675,0.30011701583862305,0.9414480328559875,2.5e-05,-0.30541083216667175,-0.3212208151817322,-0.21190069615840912,-0.21484766900539398,-0.21492815017700195,0.3181213140487671,-0.3275482654571533,-0.33201175928115845,-0.19120743870735168,-0.21901869773864746,-0.23384444415569305,0.018250910565257072,0.01893329620361328,0.01798621006309986,0.02075817622244358
160,1590,1599,10,10,2633,2633,0,0.0,2633,0,0.0,0,7.544206199992914,4.959984099725261,1.7868404000182636,1.9639092015277129,19.58131000000867,97.06727719341416,quality,not_promoted,-0.0005519802992542585,0.00011797363800897507,0.36787139784012524,-0.004171708410250999,0.00010698872210923582,0.0,0.9999254729066577,0.11030050054458636,0.011904761904761904,0.7714493870735168,1.5943033695220947,0.2628885507583618,-0.0009332160698249936,0.010748571716248989,1.5952365398406982,0.26358306407928467,0.9983283281326294,2.5e-05,-0.3054632544517517,-0.3212929964065552,-0.21188348531723022,-0.2148970514535904,-0.21499419212341309,0.31827133893966675,-0.3278443217277527,-0.3323473632335663,-0.19118927419185638,-0.21923205256462097,-0.23411616683006287,0.018257657065987587,0.018941093236207962,0.01798621006309986,0.020782822743058205
161,1600,1609,10,10,2689,2689,0,0.0,2689,0,0.0,0,9.611624000011943,5.925835899979575,2.3367835000390187,2.0113436994724907,19.574249799974496,92.13361293987536,quality,not_promoted,-0.002767063244137653,8.92418604983737e-05,0.3111722802006921,-0.005834164609591109,0.00029174763530622735,0.0034520348837209303,1.0019760332828345,0.1811292752363654,0.03488372093023256,6.138628005981445,1.5932949781417847,0.25801438093185425,0.0002323207736480981,0.010171571746468544,1.5930625200271606,0.25974714756011963,0.9984458684921265,2.5e-05,-0.30551841855049133,-0.32144221663475037,-0.21200336515903473,-0.21500204503536224,-0.21510055661201477,0.31849411129951477,-0.3280182480812073,-0.3325873613357544,-0.19118128716945648,-0.21935105323791504,-0.23433613777160645,0.018251141533255577,0.018947681412100792,0.01798621006309986,0.0208045095205307
162,1610,1619,10,10,7125,7125,0,0.0,7125,0,0.0,0,46.53456910001114,25.78665900035412,1.715760799968848,10.205935000412865,51.19417189998785,72.90588139266087,quality,not_promoted,-0.00043754108316664187,0.006463808622421701,0.12425234709267638,0.0015518392678391787,4.305189520446839e-05,0.0,1.000081508819546,0.1623168101525932,0.017857142857142856,0.6153474450111389,1.5624114274978638,0.28673726320266724,-0.009364510886371136,0.08368796855211258,1.571776032447815,0.2554877996444702,0.9148160815238953,2.5e-05,-0.3055233657360077,-0.321444034576416,-0.21200986206531525,-0.21500399708747864,-0.2151082158088684,0.31849902868270874,-0.32805731892585754,-0.33267173171043396,-0.1911601722240448,-0.21937844157218933,-0.23436520993709564,0.01825263351202011,0.01894863322377205,0.01798621006309986,0.020808575674891472
163,1620,1629,10,10,3075,3075,0,0.0,3075,0,0.0,0,9.824944799998775,6.122090000106255,2.639635100000305,2.374395800405182,23.20902280000155,93.0860027845995,quality,not_promoted,-0.0021707737742333996,0.00010597310426178132,0.29570331819811646,-0.005074820954029505,0.0001809276849982811,0.0012755102040816326,1.0001107204933555,0.1379008670432531,0.02040816326530612,0.9021785855293274,1.5369200706481934,0.24479517340660095,-0.00010901446512434632,0.011201702058315277,1.5370291471481323,0.24854423105716705,0.9979060888290405,2.5e-05,-0.30536332726478577,-0.3214993178844452,-0.21195955574512482,-0.21504871547222137,-0.21514852344989777,0.31839627027511597,-0.32828691601753235,-0.3329385221004486,-0.19119618833065033,-0.21953432261943817,-0.23466521501541138,0.01826222985982895,0.01895746961236,0.01798621006309986,0.020835578441619873
164,1630,1639,10,10,2261,2261,0,0.0,2261,0,0.0,0,6.1590253000031225,4.158431699674111,1.2837522999907378,1.6866166999388952,15.568313999974634,104.06244265731675,quality,not_promoted,-0.0015976604514030947,7.772328975382455e-05,0.3457810090233882,-0.0050166085226616515,0.0003493280803973499,0.006727430555555556,0.9997254560391108,0.09946990114015837,0.0,0.4087250828742981,1.5361517667770386,0.2694089710712433,0.00048162409802898765,0.009662091732025146,1.535670280456543,0.27092692255973816,0.9987137913703918,2.5e-05,-0.30540841817855835,-0.32157474756240845,-0.21198640763759613,-0.21509987115859985,-0.21526691317558289,0.31843629479408264,-0.32849472761154175,-0.3332812488079071,-0.19112829864025116,-0.21968680620193481,-0.23493798077106476,0.018263068050146103,0.01896617002785206,0.01798621006309986,0.020866282284259796
165,1640,1649,10,10,2518,2518,0,0.0,2518,0,0.0,0,6.85822970001027,4.699421300116228,1.3166237999976147,1.8928090003610123,18.750919500016607,98.3242348401546,quality,not_promoted,-0.0025259989313781263,7.218986811494688e-05,0.3305943787097931,-0.005795847449917346,0.00015410585874633397,0.0009765625,0.9996529914438724,0.13896678192541004,0.0125,0.5084848403930664,1.5454981327056885,0.25680840015411377,-0.00024933385429903865,0.009527240879833698,1.5457473993301392,0.25915035605430603,0.9986236691474915,2.5e-05,-0.30537575483322144,-0.3217605650424957,-0.21207968890666962,-0.21523398160934448,-0.21542903780937195,0.3186594247817993,-0.3287353813648224,-0.3337838351726532,-0.19098618626594543,-0.21986371278762817,-0.23527611792087555,0.01826094090938568,0.018968787044286728,0.01798621006309986,0.020905839279294014
166,1650,1659,10,10,2763,2763,0,0.0,2763,0,0.0,0,7.607441000000108,5.175123100198107,1.7465450000017881,2.1597366992209572,20.90253560000565,96.91344327513205,quality,not_promoted,-0.000954108482057398,8.099041154061773e-05,0.33233986574817787,-0.004237011868760667,0.0001139496831037625,0.0008877840909090909,1.0001020831140606,0.14209823712537234,0.03409090909090909,0.6646736264228821,1.568654179573059,0.24843859672546387,0.0008666692301630974,0.009479479864239693,1.5677872896194458,0.24935464560985565,0.9985440969467163,2.5e-05,-0.3052736222743988,-0.3219562768936157,-0.21211378276348114,-0.21537411212921143,-0.21557195484638214,0.3187393546104431,-0.32894062995910645,-0.3341658115386963,-0.19094471633434296,-0.2200082689523697,-0.235567107796669,0.018261658027768135,0.01897035352885723,0.01798621006309986,0.02093551680445671
167,1660,1669,10,10,2572,2572,0,0.0,2572,0,0.0,0,7.350374699977692,4.785577600006945,2.2468300000182353,1.998282300774008,18.987038399995072,97.65575647984424,quality,not_promoted,-0.0005632601224067734,9.20590333496476e-05,0.34010881676179605,-0.003918318682713661,8.459713941503163e-05,0.00038109756097560977,1.0001548441444956,0.11651186277044982,0.0,0.44188714027404785,1.5701003074645996,0.25130724906921387,0.0009771476034075022,0.009987487457692623,1.5691231489181519,0.25140541791915894,0.9984205365180969,2.5e-05,-0.30517929792404175,-0.32204774022102356,-0.21212628483772278,-0.21544130146503448,-0.21561752259731293,0.31868696212768555,-0.3291274607181549,-0.334384948015213,-0.19094893336296082,-0.22012296319007874,-0.23580902814865112,0.018260905519127846,0.01897723227739334,0.01798621006309986,0.02096141315996647
168,1670,1679,10,10,2349,2349,0,0.0,2349,0,0.0,0,7.096285599982366,4.4931456001068,2.103022300056182,1.8035956011153758,16.791424900002312,98.33508322204034,quality,not_promoted,0.0010923399413759645,6.622052132041899e-05,0.3178337051256283,-0.002052886295132339,0.00014731245153450654,0.00316722972972973,0.999873889459146,0.137932395260479,0.02702702702702703,0.7897052764892578,1.5078339576721191,0.2483975738286972,0.001400804496370256,0.008295868523418903,1.5064332485198975,0.24915120005607605,0.9988846182823181,2.5e-05,-0.3050675690174103,-0.32219481468200684,-0.21219493448734283,-0.21554605662822723,-0.21571286022663116,0.3186783790588379,-0.3294154107570648,-0.33457937836647034,-0.1908915638923645,-0.22030991315841675,-0.23599843680858612,0.018256567418575287,0.01898445188999176,0.01798621006309986,0.020979229360818863
169,1680,1689,10,10,2190,2190,0,0.0,2190,0,0.0,0,6.015312700008508,4.048354400176322,1.3361892999964766,1.6874981005094014,15.489818000001833,101.83616321843358,quality,not_promoted,-0.0017783751445157186,8.369000941976473e-05,0.35625808324132646,-0.005299109612990703,1.598777616566492e-05,0.0,0.9998625031539372,0.1320945948894535,0.014285714285714285,0.6223181486129761,1.496132493019104,0.25752565264701843,0.0016626669093966484,0.009853746742010117,1.4944698810577393,0.25914016366004944,0.9985359311103821,2.5e-05,-0.30514293909072876,-0.32248878479003906,-0.21237482130527496,-0.21575190126895905,-0.2159109264612198,0.31893450021743774,-0.329660028219223,-0.33476805686950684,-0.19075702130794525,-0.2204820066690445,-0.23635034263134003,0.01825500838458538,0.01899844966828823,0.01798621006309986,0.021009622141718864
170,1690,1699,10,10,2508,2508,0,0.0,2508,0,0.0,0,7.293915799993556,4.835505100083537,1.5989669999689795,1.9214525001880247,18.46729180001421,97.35568452153012,quality,not_promoted,-0.00323447878472507,6.72151275921351e-05,0.3327936574816704,-0.0065288076584693044,0.00027119020087411626,0.004752604197710753,0.9998522289097309,0.15910920358728617,0.0375,1.1375306844711304,1.541337013244629,0.24551992118358612,0.0013764294562861323,0.008511446416378021,1.5399606227874756,0.2446102797985077,0.9987981915473938,2.5e-05,-0.30516695976257324,-0.3226400911808014,-0.21254511177539825,-0.2158769816160202,-0.21601498126983643,0.3190825879573822,-0.3298809826374054,-0.3349786102771759,-0.19070780277252197,-0.22063294053077698,-0.2365708202123642,0.018242744728922844,0.018999923020601273,0.01798621006309986,0.021034326404333115
171,1700,1709,10,10,2392,2392,0,0.0,2392,0,0.0,0,6.83650280002621,4.422842299856711,1.8571971000055782,1.8170877997763455,16.968128300009994,100.48464897220617,quality,not_promoted,-0.0005339732589690309,8.741952660784591e-05,0.3415664467764528,-0.003905927783834111,0.00011184341818941328,0.002261513157894737,1.000018340192343,0.13086861445519485,0.013157894736842105,0.5686746835708618,1.5219218730926514,0.2560352385044098,-5.903358032810502e-05,0.009744804352521896,1.5219810009002686,0.2557390034198761,0.9985514283180237,2.5e-05,-0.3052156865596771,-0.32275500893592834,-0.21263441443443298,-0.21595720946788788,-0.21611014008522034,0.319213330745697,-0.3301083445549011,-0.3352503478527069,-0.1906057894229889,-0.22078542411327362,-0.23684798181056976,0.01824842020869255,0.019005438312888145,0.01798621006309986,0.021058622747659683
172,1710,1719,10,10,2957,2957,0,0.0,2957,0,0.0,0,9.442133400007151,6.256531299848575,1.389871099992888,2.1751730986579787,22.450148799980525,92.71835679420718,quality,not_promoted,-0.0015359321173201216,6.914582402888745e-05,0.3215379000027129,-0.004716738746402428,0.0002174812229895906,0.0028257978723404257,1.0005307793617249,0.12611176069588104,0.0,0.4404671788215637,1.5636892318725586,0.2740892469882965,0.00047167757293209434,0.008906429633498192,1.5632176399230957,0.27559560537338257,0.998944103717804,2.5e-05,-0.3052297532558441,-0.32296669483184814,-0.2127382755279541,-0.21611706912517548,-0.21627381443977356,0.31939664483070374,-0.33028921484947205,-0.3354779779911041,-0.19061040878295898,-0.22090040147304535,-0.23722824454307556,0.0182462427765131,0.019006213173270226,0.01798621006309986,0.021095994859933853
173,1720,1729,10,10,2637,2637,0,0.0,2637,0,0.0,0,8.389302100025816,5.009294299554313,2.573611199943116,2.04762900058995,19.51642049997463,94.49674669954463,quality,not_promoted,0.0021743953361042906,7.175585150911328e-05,0.33290802172961687,-0.0011188080478903083,0.00039855363931586734,0.007254464285714286,1.0004580545993078,0.19218577943476184,0.023809523809523808,3.5581438541412354,1.5492995977401733,0.2417929470539093,-0.0002187804930144921,0.008575307205319405,1.5495184659957886,0.24034404754638672,0.9987422227859497,2.5e-05,-0.3052326738834381,-0.32291290163993835,-0.21271447837352753,-0.2160816341638565,-0.21624815464019775,0.3192685544490814,-0.33075475692749023,-0.33586278557777405,-0.1905186027288437,-0.22122427821159363,-0.2376217544078827,0.018240395933389664,0.01901363767683506,0.01798621006309986,0.02112860418856144
174,1730,1739,10,10,2393,2393,0,0.0,2393,0,0.0,0,8.336320100002922,5.142066000174964,2.0231314999982715,1.9278192002384458,16.905177700013155,94.80419977290238,quality,not_promoted,-7.139259067020918e-05,6.702536345408972e-05,0.30403274552602516,-0.0030782065740296324,3.5026403452320665e-05,0.0,1.000025328836943,0.1371373561652083,0.013157894736842105,1.34564208984375,1.5263075828552246,0.239499032497406,0.0006890720105729997,0.008670060895383358,1.5256184339523315,0.2375512421131134,0.9986894726753235,2.5e-05,-0.30513516068458557,-0.32298266887664795,-0.21275854110717773,-0.21612681448459625,-0.21631436049938202,0.3193102777004242,-0.33095836639404297,-0.33602088689804077,-0.19045650959014893,-0.22136744856834412,-0.23782655596733093,0.018237018957734108,0.019020896404981613,0.01798621006309986,0.021149443462491035
175,1740,1749,10,10,2779,2779,0,0.0,2779,0,0.0,0,7.972548299992923,5.233164300239878,1.965291000000434,2.1015635996009223,20.195630900008837,98.65742404819075,quality,not_promoted,0.0003838743167844686,6.254416509612135e-05,0.3195342778820883,-0.0027801959341476586,6.024182584951632e-05,0.0,0.9998517950827425,0.1246623571708121,0.0,0.39853090047836304,1.570219874382019,0.25600823760032654,-0.0004606035945471376,0.008294155821204185,1.5706803798675537,0.25571566820144653,0.9989503622055054,2.5e-05,-0.30503392219543457,-0.32318148016929626,-0.21287284791469574,-0.2162659615278244,-0.21642714738845825,0.3194344639778137,-0.33109527826309204,-0.33615079522132874,-0.1902916431427002,-0.22146770358085632,-0.23809638619422913,0.018236393108963966,0.01902621239423752,0.01798621006309986,0.021172426640987396
176,1750,1759,10,10,2673,2673,0,0.0,2673,0,0.0,0,7.201480799994897,4.9185138999600895,1.4682318000122905,1.9790991996997036,20.28733849999844,97.23953476607298,quality,not_promoted,-0.0004819709962854783,6.808501036305512e-05,0.3553613434944834,-0.0040015416729840495,0.0003349955044368038,0.008970329183198157,1.0005502303441365,0.13351260271987744,0.0,0.49601927399635315,1.5887837409973145,0.2495618462562561,-0.0005822272505611181,0.008707287721335888,1.58936607837677,0.24868398904800415,0.9987826943397522,2.5e-05,-0.30503493547439575,-0.3232162296772003,-0.21294546127319336,-0.21628080308437347,-0.2164582461118698,0.31946051120758057,-0.33134958148002625,-0.3364182412624359,-0.19026237726211548,-0.22164882719516754,-0.23840124905109406,0.01823473535478115,0.01903568021953106,0.01798621006309986,0.021204175427556038
177,1760,1769,10,10,2767,2767,0,0.0,2767,0,0.0,0,7.82002400001511,5.180318100057775,2.3776415000029374,2.143159499944886,19.898287900025025,99.82570403199747,quality,not_promoted,-0.0004721151834184473,6.472063953631071e-05,0.31694610467688605,-0.0036092159438835965,0.00026554312101077153,0.0031960227272727275,0.9997367201880976,0.14141051488166506,0.011363636363636364,0.5754557251930237,1.5980676412582397,0.25165215134620667,-0.0007926185498945415,0.008394068107008934,1.598860263824463,0.25101038813591003,0.9988873600959778,2.5e-05,-0.30502963066101074,-0.3232571482658386,-0.21296241879463196,-0.2163204699754715,-0.21648496389389038,0.31952452659606934,-0.3316263258457184,-0.33675625920295715,-0.19020980596542358,-0.22184568643569946,-0.23866407573223114,0.018226508051156998,0.0190424844622612,0.01798621006309986,0.02123408392071724
178,1770,1779,10,10,2554,2554,0,0.0,2554,0,0.0,0,8.635151199996471,5.354866700392449,2.075000899931183,1.879153499554377,18.589486100012437,93.8120854230504,quality,not_promoted,5.303161451593041e-05,5.66609379120564e-05,0.3404625989496708,-0.0033232643618248403,6.569060997207998e-05,0.0,1.000025948882103,0.12186667658388614,0.0125,0.5070657730102539,1.5695818662643433,0.2710951566696167,-0.0003187082184012979,0.008101650513708591,1.569900631904602,0.2721419930458069,0.9991068840026855,2.5e-05,-0.30519214272499084,-0.32342642545700073,-0.2130243331193924,-0.2164507955312729,-0.21657942235469818,0.3196820318698883,-0.331800639629364,-0.33700886368751526,-0.19020585715770721,-0.22194558382034302,-0.23888668417930603,0.018222050741314888,0.019051985815167427,0.01798621006309986,0.021258674561977386
179,1780,1789,10,10,7203,7203,0,0.0,7203,0,0.0,0,50.104654599999776,24.86083490011515,7.739367000031052,9.014966299699154,48.7991209999891,72.8283622774135,quality,not_promoted,0.0013625133819713266,0.007696443312200414,0.12273464033759274,0.003983389622783206,1.7782089970896134e-05,0.0,1.0000208587245603,0.21592443344076123,0.061946902654867256,1.0841714143753052,1.561698317527771,0.26733121275901794,-0.008301434107124805,0.08811870962381363,1.5699998140335083,0.2351493090391159,0.8913482427597046,2.5e-05,-0.30520200729370117,-0.3234052062034607,-0.213007852435112,-0.2164379507303238,-0.21656562387943268,0.3196643590927124,-0.3318549394607544,-0.33704906702041626,-0.19021134078502655,-0.22198671102523804,-0.23893582820892334,0.018221145495772362,0.019052525982260704,0.01798621006309986,0.021264176815748215
180,1790,1799,10,10,2489,2489,0,0.0,2489,0,0.0,0,7.0330962000007275,4.618399500352098,1.6648845999734476,1.9265227001160383,18.02465029997984,99.33056031203485,quality,not_promoted,-0.00029006914402811957,0.00010459591748001866,0.36653124808500975,-0.0039030833062357628,0.0003235483615683804,0.006610576923076923,1.0009017892372913,0.16553586905296797,0.02564102564102564,0.717647910118103,1.5697784423828125,0.26706957817077637,-0.001057530869729817,0.008391412906348705,1.5708359479904175,0.26605767011642456,0.9990127682685852,2.5e-05,-0.3052418828010559,-0.3235577344894409,-0.2130952775478363,-0.21654526889324188,-0.21667012572288513,0.3197868764400482,-0.3320630192756653,-0.33728325366973877,-0.1902492642402649,-0.22215431928634644,-0.23911121487617493,0.018222473561763763,0.01906007155776024,0.01798621006309986,0.021286308765411377
181,1800,1809,10,10,2525,2525,0,0.0,2525,0,0.0,0,7.376790500013158,4.931721000059042,1.5719922999560367,1.91484429925913,18.446552199980943,97.77975025675421,quality,not_promoted,0.0008758277399465442,7.822662969374506e-05,0.34649626556783913,-0.0025500218413071706,1.5852142398387058e-05,0.0,0.9999385952949524,0.11587255792692304,0.0,0.3837853968143463,1.555114507675171,0.26398852467536926,-0.0006052703247405589,0.009257879108190536,1.5557198524475098,0.2637648284435272,0.9987701177597046,2.5e-05,-0.3053017854690552,-0.3236863315105438,-0.21320627629756927,-0.2166385054588318,-0.21678735315799713,0.31981536746025085,-0.3321700692176819,-0.33747050166130066,-0.19014900922775269,-0.22223693132400513,-0.2393762767314911,0.018230121582746506,0.01906134933233261,0.01798621006309986,0.021309809759259224
182,1810,1819,10,10,2594,2594,0,0.0,2594,0,0.0,0,7.387103199987905,5.016336100059561,2.1068690000101924,1.9805694005335681,19.458572000003187,96.62636460716998,quality,not_promoted,0.0003472056080837075,6.625400259863677e-05,0.350729474934136,-0.0031269619826272857,0.0001180506335181346,0.0,0.999664356068867,0.14943518475970116,0.0,0.44838470220565796,1.5613573789596558,0.2565905749797821,0.00037803861778229475,0.008397147059440613,1.5609792470932007,0.2569313943386078,0.9989290237426758,2.5e-05,-0.30525797605514526,-0.3237190544605255,-0.21316953003406525,-0.21665455400943756,-0.2168167680501938,0.31980931758880615,-0.33233410120010376,-0.3377167582511902,-0.19011084735393524,-0.22234351933002472,-0.23959331214427948,0.018234269693493843,0.019062465056777,0.01798621006309986,0.0213327556848526
183,1820,1829,10,10,2771,2771,0,0.0,2771,0,0.0,0,7.875651800015476,5.390816399769392,1.5685807000263594,2.1674065996485297,21.15545980000752,95.44932478568286,quality,not_promoted,-0.003529266073283824,7.008966870423386e-05,0.3337178977037018,-0.006831399927085096,0.0005419610597941341,0.009055397727272728,1.0000812445174565,0.12572654757902704,0.011363636363636364,0.9431756138801575,1.5391863584518433,0.25790050625801086,-0.00043305952567607164,0.008551448583602905,1.5396193265914917,0.25662001967430115,0.9989005327224731,2.5e-05,-0.3051847815513611,-0.32387253642082214,-0.2132887989282608,-0.21676433086395264,-0.21689312160015106,0.3198864459991455,-0.33265629410743713,-0.337988942861557,-0.19019703567028046,-0.22259335219860077,-0.23997512459754944,0.018243227154016495,0.01906358078122139,0.01798621006309986,0.02136954665184021
184,1830,1839,10,10,3142,3142,0,0.0,3142,0,0.0,0,10.354518600011943,6.7058667998353485,1.8496744000003673,2.6981641997990664,23.448633100022562,92.94991271470089,quality,not_promoted,0.010458465106785298,6.31657017947873e-05,0.32598696038126945,0.007230178278405219,9.839116130478942e-05,0.0,1.0001586127281188,0.1566808501072228,0.02,0.8730087280273438,1.622219204902649,0.24643920361995697,-0.0004038488259539008,0.008237984031438828,1.6226229667663574,0.24656197428703308,0.9988825917243958,2.5e-05,-0.3052418529987335,-0.32405123114585876,-0.21328985691070557,-0.21688956022262573,-0.21702606976032257,0.32003602385520935,-0.3328600823879242,-0.33823296427726746,-0.19023412466049194,-0.22275032103061676,-0.24020354449748993,0.018244167789816856,0.01907757669687271,0.01798621006309986,0.02139478363096714
185,1840,1849,10,10,3743,3743,0,0.0,3743,0,0.0,0,13.42616140001337,7.635563199641183,6.200858000025619,2.998872900294373,28.366173299989896,89.56187843699738,quality,not_promoted,-0.0004370130452532637,6.349082243598217e-05,0.2816504505226168,-0.003221772293465496,0.00019023904652940628,0.0026483050847457626,0.999987911874965,0.15193364369856605,0.03389830508474576,0.7545209527015686,1.5852347612380981,0.2254774272441864,-0.00030843616696074605,0.008085470646619797,1.5855432748794556,0.22591274976730347,0.9987140893936157,2.5e-05,-0.30521464347839355,-0.3239023685455322,-0.21317456662654877,-0.21678711473941803,-0.21693986654281616,0.3199334144592285,-0.33305877447128296,-0.33845436573028564,-0.1901600956916809,-0.22288602590560913,-0.24046450853347778,0.018237318843603134,0.019084541127085686,0.01798621006309986,0.021423006430268288
186,1850,1859,10,10,2736,2736,0,0.0,2736,0,0.0,0,8.12340359998052,5.410023900127271,1.6665213000087533,2.2425342002534308,19.754721299977973,98.14146431362296,quality,not_promoted,0.000655308679872474,6.532652628794854e-05,0.3328381626065387,-0.002640409682075991,1.8038598338619542e-05,0.0,0.9998519323592963,0.11585952815881302,0.0,0.43216145038604736,1.5547192096710205,0.25553765892982483,-0.0006307911244221032,0.008502686396241188,1.5553501844406128,0.25571614503860474,0.9988928437232971,2.5e-05,-0.3052107095718384,-0.3239993453025818,-0.21324847638607025,-0.21685370802879333,-0.21700778603553772,0.3199564218521118,-0.33321741223335266,-0.33862465620040894,-0.1901678442955017,-0.22299392521381378,-0.2406764030456543,0.01823388785123825,0.019081583246588707,0.01798621006309986,0.021442538127303123
187,1860,1869,10,10,2418,2418,0,0.0,2418,0,0.0,0,12.75682459998643,4.492777999810642,7.907479000015883,1.8100754001643509,17.424543700006325,80.11565201305271,quality,not_promoted,0.0001251908803456708,7.278759628541976e-05,0.3899301894401249,-0.0037377178791518275,0.00014095270863005057,0.00041118421052631577,0.9997829151780981,0.18198677054361292,0.013157894736842105,0.6361570954322815,1.5614607334136963,0.2559910714626312,-0.000318551785312593,0.008795049972832203,1.561779260635376,0.25578227639198303,0.9988195896148682,2.5e-05,-0.3051898181438446,-0.3242151737213135,-0.21334736049175262,-0.21700327098369598,-0.21716398000717163,0.32016679644584656,-0.3334924280643463,-0.33893731236457825,-0.19009993970394135,-0.22317899763584137,-0.24106459319591522,0.01823052391409874,0.01909760944545269,0.01798621006309986,0.02148066647350788
188,1870,1879,10,10,2263,2263,0,0.0,2263,0,0.0,0,7.318279600003734,4.255736000137404,2.557436599978246,1.8258894002938177,16.461233400012134,95.16595230518345,quality,not_promoted,-0.0034468254695336023,5.1388466949396796e-05,0.3975776218705707,-0.007396907448613395,0.0007072841485245994,0.01297365641221404,0.999275668627686,0.11293020743566255,0.0,0.3935321569442749,1.5325967073440552,0.27054715156555176,-0.00012560463801492006,0.007515552919358015,1.5327222347259521,0.2702085077762604,0.999228298664093,2.5e-05,-0.3050912320613861,-0.32431086897850037,-0.2134203016757965,-0.21707011759281158,-0.217241570353508,0.3201189637184143,-0.33358752727508545,-0.3391118347644806,-0.1900465488433838,-0.22323989868164062,-0.24130451679229736,0.01823815517127514,0.019099442288279533,0.01798621006309986,0.02150169014930725
189,1880,1889,10,10,2827,2827,0,0.0,2827,0,0.0,0,11.272021599987056,6.653217199898791,2.6675941000285093,2.1255611011292785,20.73077930000727,88.33601811398017,quality,not_promoted,0.004753237424625291,6.659326625392875e-05,0.29897450887494614,0.0017967891646549106,2.4575802422077685e-05,0.0,1.0000653836462232,0.1496379711975654,0.011111111111111112,0.7265956401824951,1.53202486038208,0.23454616963863373,-0.0005702976486645639,0.008529403246939182,1.532595157623291,0.2344483882188797,0.9986775517463684,2.5e-05,-0.30514541268348694,-0.3244302570819855,-0.21353000402450562,-0.21715578436851501,-0.21734121441841125,0.320238322019577,-0.33378419280052185,-0.33937519788742065,-0.1899976283311844,-0.22340364754199982,-0.2415797859430313,0.01824045181274414,0.019118698313832283,0.01798621006309986,0.021531591191887856
190,1890,1899,10,10,4709,4709,0,0.0,4709,0,0.0,0,23.134385799989104,14.014547399798175,2.5843850999954157,3.121463399613276,32.529261500021676,84.59740294450823,quality,not_promoted,-0.00011000075264254938,0.007126687138814894,0.19169894308858626,0.0015363530719942238,2.245027409236861e-06,0.0,0.9999834589056067,0.17799589467058713,0.04054054054054054,0.7176073789596558,1.3456358909606934,0.35227513313293457,-0.008945311419665813,0.0854746401309967,1.3545814752578735,0.33056825399398804,0.9411277770996094,2.5e-05,-0.3051564395427704,-0.32447507977485657,-0.21356578171253204,-0.21718743443489075,-0.21737289428710938,0.32029083371162415,-0.3337920904159546,-0.33939775824546814,-0.18999342620372772,-0.22341638803482056,-0.24161796271800995,0.018238872289657593,0.019120780751109123,0.01798621006309986,0.02153678983449936
191,1900,1909,10,10,3943,3943,0,0.0,3943,0,0.0,0,12.66950970000471,8.297995000291849,2.932365399959963,3.2875146996811964,29.211948000011034,94.14667531972073,quality,not_promoted,-0.0006667564307609873,8.422527609523499e-05,0.2220331834809434,-0.0028449761457816367,7.894638144072755e-05,0.0010080645161290322,0.9997698563721872,0.13056939672077855,0.016129032258064516,0.5411856770515442,1.4916075468063354,0.23922960460186005,0.0008906412404030561,0.009412143379449844,1.490716814994812,0.23940984904766083,0.9984520673751831,2.5e-05,-0.3050961494445801,-0.3244531750679016,-0.21345631778240204,-0.21718662977218628,-0.21737314760684967,0.3201899230480194,-0.3341017961502075,-0.3397606313228607,-0.18987230956554413,-0.22364787757396698,-0.24189788103103638,0.01823601685464382,0.019119398668408394,0.01798621006309986,0.02156386710703373
192,1910,1919,10,10,2755,2755,0,0.0,2755,0,0.0,0,9.736376299988478,6.109181400155649,1.78992440001457,2.067448899993906,19.64544449999812,93.76546194173427,quality,not_promoted,-0.0019587767098776317,6.376867844954342e-05,0.30541549741544505,-0.004981047857489268,0.00025091024122758654,0.0001775568181818182,0.9999604231931947,0.11906416623175821,0.0,0.43081724643707275,1.511582612991333,0.2469438910484314,0.0012936868006363511,0.008390289731323719,1.510288953781128,0.24815967679023743,0.9988455772399902,2.5e-05,-0.3052661418914795,-0.32457292079925537,-0.21355417370796204,-0.2172742486000061,-0.21744674444198608,0.32037976384162903,-0.3343178629875183,-0.3399680554866791,-0.18969935178756714,-0.22381433844566345,-0.24223043024539948,0.018236029893159866,0.019122852012515068,0.01798621006309986,0.02159823104739189
193,1920,1929,10,10,3124,3124,0,0.0,3124,0,0.0,0,11.116278500005137,6.802154499775497,2.7784104000020307,2.3033115009893663,23.376070600003004,90.57081009304937,quality,not_promoted,0.00012584999013616114,6.185990920984091e-05,0.2938834725289929,-0.002782054727764002,0.00011658567193860238,0.0,1.0002159026204323,0.09871764462061074,0.0,0.40979716181755066,1.5779292583465576,0.2305615246295929,6.295428465818986e-05,0.00814109481871128,1.5778664350509644,0.23024745285511017,0.9987531900405884,2.5e-05,-0.30540332198143005,-0.3245418071746826,-0.2134903222322464,-0.21725188195705414,-0.2174336314201355,0.3204384744167328,-0.3345385491847992,-0.3403846025466919,-0.18957868218421936,-0.2239500731229782,-0.24256335198879242,0.01823277212679386,0.019115764647722244,0.01798621006309986,0.021634653210639954
194,1930,1939,10,10,6945,6945,0,0.0,6945,0,0.0,0,43.19520940000075,24.203517599991756,1.9170761000423227,9.23644389747642,45.06794999999693,78.68515071532985,quality,not_promoted,-0.0003389983497765086,0.00618978785833535,0.12334905120484325,0.0015224051755776099,1.216918603679168e-05,0.0,1.0000991274457458,0.1575899896374263,0.027522935779816515,0.8860296010971069,1.4979709386825562,0.29570019245147705,-0.008521429263055325,0.08162850886583328,1.5064923763275146,0.26580289006233215,0.9237955212593079,2.5e-05,-0.30542436242103577,-0.3245547115802765,-0.21349164843559265,-0.21726064383983612,-0.21744298934936523,0.32046517729759216,-0.33455970883369446,-0.3404175341129303,-0.18955327570438385,-0.2239653468132019,-0.2426053285598755,0.018233664333820343,0.019116323441267014,0.01798621006309986,0.021638210862874985
195,1940,1949,10,10,2657,2657,0,0.0,2657,0,0.0,0,8.326139899989357,5.372623799688881,1.8139857000496704,2.082673599012196,19.058535300020594,97.02506896992645,quality,not_promoted,-0.0016760248025613172,7.986988982468444e-05,0.31979951120558237,-0.004834084793747891,7.7650675696835e-06,0.0,1.0000518830049605,0.1092359624536974,0.0,0.31487149000167847,1.5815476179122925,0.2594206929206848,0.00010293892410118133,0.010520880110561848,1.5814446210861206,0.2544568181037903,0.9983552694320679,2.5e-05,-0.3052341639995575,-0.3247089982032776,-0.2135688066482544,-0.21736715734004974,-0.21755337715148926,0.32049229741096497,-0.3347663879394531,-0.3405982255935669,-0.189523383975029,-0.2241095006465912,-0.24276816844940186,0.01823856122791767,0.01911618560552597,0.01798621006309986,0.021662436425685883
196,1950,1959,10,10,2602,2602,0,0.0,2602,0,0.0,0,7.854073199996492,5.09164509997936,1.807357400044566,1.9798313001228962,19.781162800005404,94.15515756767272,quality,not_promoted,-0.0010770077976148304,8.513738780826183e-05,0.3652310649432787,-0.00468675005420043,5.106949416452752e-05,0.0,1.0000631373103073,0.1619943532093269,0.012195121951219513,0.5114971399307251,1.560437560081482,0.2533015310764313,0.0006117071607150137,0.01007706020027399,1.5598258972167969,0.24956132471561432,0.998417317867279,2.5e-05,-0.305187463760376,-0.32475167512893677,-0.21358339488506317,-0.21739746630191803,-0.2175726592540741,0.32052475214004517,-0.3348974287509918,-0.34071052074432373,-0.18946661055088043,-0.22419284284114838,-0.24295392632484436,0.01824560947716236,0.019120419397950172,0.01798621006309986,0.02168227732181549
197,1960,1969,10,10,3312,3312,0,0.0,3312,0,0.0,0,14.402257699985057,6.784915400057798,6.979084899969166,2.7707615002582315,24.96146389999194,84.13838593965504,quality,not_promoted,-0.00023029384633096366,8.202788691190878e-05,0.26798678719653535,-0.0028691478767611375,7.114705928975476e-05,0.0006009615384615385,1.0000028358055995,0.13982832714771995,0.028846153846153848,0.8696131706237793,1.5781370401382446,0.26041513681411743,-1.8531130990595557e-05,0.009756350889801979,1.578155517578125,0.25869885087013245,0.9985964298248291,2.5e-05,-0.30537882447242737,-0.3247012794017792,-0.21348825097084045,-0.21736523509025574,-0.21753911674022675,0.3207365870475769,-0.33507928252220154,-0.34096261858940125,-0.18950776755809784,-0.22431626915931702,-0.24314682185649872,0.018252842128276825,0.01912550814449787,0.01798621006309986,0.02170681767165661
198,1970,1979,10,10,2707,2707,0,0.0,2707,0,0.0,0,8.074457899987465,5.488927900034469,1.3311791000305675,2.0223974007822108,20.513663100020494,94.68967897537745,quality,not_promoted,-0.0035073166106675945,7.893686098362006e-05,0.3451377875929655,-0.006919225859239177,0.0002807868342727509,0.0049055232558139535,1.00016708082931,0.12686784942309523,0.011627906976744186,0.5298811197280884,1.5507383346557617,0.26198384165763855,-0.0007713932427577674,0.009891483001410961,1.5515096187591553,0.2602573335170746,0.9985744953155518,2.5e-05,-0.3054407238960266,-0.3248671591281891,-0.21350766718387604,-0.21748168766498566,-0.2176092118024826,0.3209083378314972,-0.3351275324821472,-0.3410978317260742,-0.1894911527633667,-0.22435764968395233,-0.2433684915304184,0.018261004239320755,0.01913389563560486,0.01798621006309986,0.02173484116792679
199,1980,1989,10,10,2356,2356,0,0.0,2356,0,0.0,0,6.30396620000829,4.315016699983971,1.3896676999283955,1.8496997996990103,16.580177600000752,102.95338207056142,quality,not_promoted,-0.0012412692445355493,6.457957341980718e-05,0.36624760080028224,-0.004871455269765008,0.0003626188003722377,0.0078125,1.000218115948342,0.15042523113456932,0.013513513513513514,0.8105534315109253,1.517914056777954,0.2734561860561371,-0.001392285106703639,0.008561082184314728,1.5193063020706177,0.27279576659202576,0.9990198612213135,2.5e-05,-0.305551141500473,-0.32509294152259827,-0.2136622965335846,-0.21763916313648224,-0.21775226294994354,0.32119208574295044,-0.3353540599346161,-0.34145206212997437,-0.1893795132637024,-0.22452311217784882,-0.24360834062099457,0.018253281712532043,0.019135508686304092,0.01798621006309986,0.021757151931524277
200,1990,1999,10,10,2731,2731,0,0.0,2731,0,0.0,0,7.770509299996775,5.111982999776956,1.9665354999888223,2.075712501129601,20.49831350002205,96.60819692846147,quality,not_promoted,-0.0011268833294770745,6.65339993099414e-05,0.34913352010555043,-0.004584952105962953,0.00023384154879157757,0.004542151162790698,0.9999938835931379,0.1373280282240621,0.011627906976744186,0.6773714423179626,1.5820956230163574,0.25750085711479187,-0.0005348705453798175,0.008818414062261581,1.5826303958892822,0.2569693922996521,0.9988272190093994,2.5e-05,-0.3056369721889496,-0.3252381384372711,-0.21373748779296875,-0.21773995459079742,-0.21783146262168884,0.3213375508785248,-0.3355577290058136,-0.34169501066207886,-0.18934538960456848,-0.22463293373584747,-0.24386243522167206,0.018247108906507492,0.019141437485814095,0.01798621006309986,0.02177918143570423
