update_id,episode_start,episode_end,episode_count,parallel_envs,transition_count,environment_step_count,forced_action_count,forced_action_ratio,worker_step_command_count,worker_local_physical_forced_action_count,worker_local_physical_forced_share,estimated_worker_step_round_trips_avoided,sampling_wall_time_seconds,policy_inference_time_seconds,generation_time_seconds,environment_step_time_seconds,ppo_update_time_seconds,transitions_per_second,reward_phase,candidate_status,policy_loss,value_loss,entropy,loss,approx_kl,clip_fraction,ratio_mean,gradient_norm,gradient_clipped_fraction,gradient_norm_max,return_mean,return_std,advantage_mean,advantage_std,value_prediction_mean,value_prediction_std,pre_update_explained_variance,learning_rate,policy_head_weight_production_flow_processing_time_norm,policy_head_weight_production_flow_reconfiguration_time_norm,policy_head_weight_production_flow_predicted_finish_time_norm,policy_head_weight_production_flow_horizon_slack_norm,policy_head_weight_sum_production_flow,policy_head_weight_entropy_production_flow,policy_head_effective_feature_count_production_flow,policy_head_weight_production_cost_fixed_reconfiguration_cost_norm,policy_head_weight_production_cost_estimated_labor_cost_norm,policy_head_weight_production_cost_estimated_downtime_cost_norm,policy_head_weight_sum_production_cost,policy_head_weight_entropy_production_cost,policy_head_effective_feature_count_production_cost,policy_head_weight_production_variance_estimated_worker_load_variance_delta_norm,policy_head_weight_sum_production_variance,policy_head_weight_entropy_production_variance,policy_head_effective_feature_count_production_variance,policy_head_weight_worker_flow_stage_duration_norm,policy_head_weight_sum_worker_flow,policy_head_weight_entropy_worker_flow,policy_head_effective_feature_count_worker_flow,policy_head_weight_worker_cost_fixed_cost_norm,policy_head_weight_worker_cost_incremental_labor_cost_norm,policy_head_weight_worker_cost_incremental_downtime_cost_norm,policy_head_weight_sum_worker_cost,policy_head_weight_entropy_worker_cost,policy_head_effective_feature_count_worker_cost,policy_head_weight_worker_variance_incremental_load_variance_norm,policy_head_weight_sum_worker_variance,policy_head_weight_entropy_worker_variance,policy_head_effective_feature_count_worker_variance,policy_head_weight_production_wait_flow_estimated_flow_objective_delta_if_wait,policy_head_weight_sum_production_wait_flow,policy_head_weight_entropy_production_wait_flow,policy_head_effective_feature_count_production_wait_flow,policy_head_weight_production_wait_cost_estimated_cost_objective_delta_if_wait,policy_head_weight_sum_production_wait_cost,policy_head_weight_entropy_production_wait_cost,policy_head_effective_feature_count_production_wait_cost,policy_head_weight_production_wait_variance_estimated_load_variance_delta_if_wait,policy_head_weight_sum_production_wait_variance,policy_head_weight_entropy_production_wait_variance,policy_head_effective_feature_count_production_wait_variance,policy_head_weight_worker_wait_flow_estimated_flow_objective_delta_if_wait,policy_head_weight_sum_worker_wait_flow,policy_head_weight_entropy_worker_wait_flow,policy_head_effective_feature_count_worker_wait_flow,policy_head_weight_worker_wait_cost_estimated_cost_objective_delta_if_wait,policy_head_weight_sum_worker_wait_cost,policy_head_weight_entropy_worker_wait_cost,policy_head_effective_feature_count_worker_wait_cost,policy_head_weight_worker_wait_variance_estimated_load_variance_delta_if_wait,policy_head_weight_sum_worker_wait_variance,policy_head_weight_entropy_worker_wait_variance,policy_head_effective_feature_count_worker_wait_variance,policy_head_gate_production_residual,policy_head_gate_worker_residual
1,0,19,20,20,5337,5337,0,0.0,5337,0,0.0,0,93.99027509998996,67.94156069820747,0.3075689998222515,36.97837250388693,164.10616050008684,20.67831734131245,feasibility,not_applicable,-0.0001531833383653845,0.02287057811848908,0.6871439835854939,0.0044106666131743365,0.00038731804791799124,9.300595238095238e-05,0.9996277824753806,0.2703981761421476,0.11904761904761904,1.1043554544448853,0.05401094630360603,0.20872646570205688,0.1265334188938141,0.1842053383588791,-0.07252247631549835,0.050505198538303375,0.22115808725357056,0.0001,0.25025755167007446,0.2506653368473053,0.24990852177143097,0.24916860461235046,1.0000000149011612,1.386291948983877,3.999990351467582,0.332395076751709,0.3321636915206909,0.3354412019252777,0.9999999701976776,1.09860225884201,2.999969910672596,1.0,1.0,-0.0,1.0,1.0,1.0,-0.0,1.0,0.3339819610118866,0.33387282490730286,0.33214515447616577,0.9999999403953552,1.0986090956069585,2.99999042083184,1.0,1.0,-0.0,1.0,1.0,1.0,-0.0,1.0,1.0,1.0,-0.0,1.0,1.0,1.0,-0.0,1.0,1.0,1.0,-0.0,1.0,1.0,1.0,-0.0,1.0,1.0,1.0,-0.0,1.0,0.5007553100585938,0.5011166334152222
2,20,39,20,20,5873,5873,0,0.0,5873,0,0.0,0,94.30191470007412,69.22826840018388,0.19658599991817027,36.965709997108206,163.11212569999043,22.815383305713915,feasibility,not_applicable,-0.00035610855759485907,0.00757346877767502,0.6887586667485859,-0.0034569611370502767,0.0006805565458900832,0.004076086956521739,1.0006603384795396,0.23546066404441776,0.06521739130434782,1.1527601480484009,0.17455604672431946,0.24382668733596802,0.13323065638542175,0.12610268592834473,0.04132538661360741,0.1399945467710495,0.7325231432914734,0.0001,0.25010669231414795,0.25072404742240906,0.24996650218963623,0.24920274317264557,0.9999999850988388,1.3862920102870997,3.999990596679889,0.3315959572792053,0.3313354253768921,0.3370686173439026,1.0,1.0985809028341356,2.999905843975668,1.0,1.0,-0.0,1.0,1.0,1.0,-0.0,1.0,0.3343178927898407,0.3338507413864136,0.3318313956260681,1.0000000298023224,1.0986070488225068,2.9999842805043753,1.0,1.0,-0.0,1.0,1.0,1.0,-0.0,1.0,1.0,1.0,-0.0,1.0,1.0,1.0,-0.0,1.0,1.0,1.0,-0.0,1.0,1.0,1.0,-0.0,1.0,1.0,1.0,-0.0,1.0,0.5008538365364075,0.5015072822570801
3,40,59,20,20,5937,5937,0,0.0,5937,0,0.0,0,84.70177470007911,64.28479469928425,0.166907700127922,32.32155339687597,163.78563370008487,23.89255873456195,feasibility,not_applicable,-0.0010233096257653287,0.010029410017073475,0.6476713249119379,-0.002485317561114507,0.0007620010918046358,0.006410124531436351,0.9994174261246959,0.2091060060687283,0.04838709677419355,0.8851044178009033,0.2944340407848358,0.29908624291419983,0.10914025455713272,0.14528439939022064,0.1852937638759613,0.23394690454006195,0.7640363574028015,0.0001,0.24975614249706268,0.2505381107330322,0.24992792308330536,0.24977779388427734,0.9999999701976776,1.3862935427529637,3.999996726533632,0.3309031128883362,0.3306604027748108,0.338436484336853,1.0,1.0985537971137553,2.9998245304687297,1.0,1.0,-0.0,1.0,1.0,1.0,-0.0,1.0,0.33368998765945435,0.33390194177627563,0.3324081301689148,1.0000000596046448,1.0986103339216382,2.999994135766317,1.0,1.0,-0.0,1.0,1.0,1.0,-0.0,1.0,1.0,1.0,-0.0,1.0,1.0,1.0,-0.0,1.0,1.0,1.0,-0.0,1.0,1.0,1.0,-0.0,1.0,1.0,1.0,-0.0,1.0,0.5010393857955933,0.501327395439148
4,60,79,20,20,5851,5851,0,0.0,5851,0,0.0,0,81.08565350004937,59.281281698844396,0.16346319986041635,35.5217857027892,162.04785890004132,24.06496719535656,feasibility,not_applicable,-0.00258818788089506,0.006092489512925765,0.6679024649379046,-0.006220967655637018,0.002231778738622898,0.02762995672452709,0.9987940373628036,0.22101105753656314,0.043478260869565216,1.1618903875350952,0.46651628613471985,0.29082202911376953,0.12161645293235779,0.09498659521341324,0.3448998034000397,0.25590577721595764,0.8933231830596924,0.0001,0.24945689737796783,0.25051870942115784,0.24992884695529938,0.25009551644325256,0.9999999701976776,1.3862931931407838,3.999995328086301,0.3305715024471283,0.3297099173069,0.3397185504436493,0.9999999701976776,1.0985202772722877,2.99972397851129,1.0,1.0,-0.0,1.0,1.0,1.0,-0.0,1.0,0.33374249935150146,0.3341003954410553,0.33215707540512085,0.9999999701976776,1.098609074986913,2.999990358971902,1.0,1.0,-0.0,1.0,1.0,1.0,-0.0,1.0,1.0,1.0,-0.0,1.0,1.0,1.0,-0.0,1.0,1.0,1.0,-0.0,1.0,1.0,1.0,-0.0,1.0,1.0,1.0,-0.0,1.0,0.5028266906738281,0.5014857649803162
5,80,99,20,20,5205,5205,0,0.0,5205,0,0.0,0,72.90713220008183,53.7104325001128,0.15894590003881603,29.93124480114784,142.7763561999891,24.132584457950042,feasibility,feasibility_best,-0.006097240691504828,0.0018384035230577334,0.6657323186717382,-0.01183536200835256,0.004181300642014277,0.06423762345277681,0.9982428808764714,0.2093730855097131,0.036585365853658534,1.2427022457122803,0.5991196632385254,0.3027399778366089,0.13439969718456268,0.05830841138958931,0.4647200107574463,0.2821602523326874,0.9629043340682983,0.0001,0.24939441680908203,0.2506457567214966,0.2498098760843277,0.2501499354839325,0.9999999850988388,1.3862926707575247,3.999993238556251,0.3304455578327179,0.32942938804626465,0.34012502431869507,0.9999999701976776,1.0985080642116838,2.999687342924262,1.0,1.0,-0.0,1.0,1.0,1.0,-0.0,1.0,0.33414512872695923,0.33419904112815857,0.3316558599472046,1.0000000298023224,1.0986059527140901,2.9999809921981577,1.0,1.0,-0.0,1.0,1.0,1.0,-0.0,1.0,1.0,1.0,-0.0,1.0,1.0,1.0,-0.0,1.0,1.0,1.0,-0.0,1.0,1.0,1.0,-0.0,1.0,1.0,1.0,-0.0,1.0,0.50371253490448,0.5014944076538086
6,100,119,20,20,5638,5638,0,0.0,5638,0,0.0,0,77.0835554000223,57.20301429950632,0.15271469997242093,31.88901909836568,156.97366879996844,24.088126394178705,feasibility,not_applicable,-0.00618298529657755,0.004638767796647055,0.6198641805166609,-0.010062243595844908,0.003687168197481359,0.05495084269662921,0.9994337093294337,0.2477559315438351,0.05056179775280899,1.185296893119812,0.6624097228050232,0.3607533872127533,0.11638741940259933,0.0996190682053566,0.5460222959518433,0.3336166441440582,0.9237457513809204,0.0001,0.24914371967315674,0.2504062354564667,0.2500585913658142,0.25039142370224,0.9999999701976776,1.3862922384918603,3.99999150949689,0.33044683933258057,0.32900112867355347,0.3405520021915436,0.9999999701976776,1.0984938714081875,2.9996447692533743,1.0,1.0,-0.0,1.0,1.0,1.0,-0.0,1.0,0.33449018001556396,0.3342059850692749,0.3313038945198059,1.0000000596046448,1.0986029576278138,2.9999720070097142,1.0,1.0,-0.0,1.0,1.0,1.0,-0.0,1.0,1.0,1.0,-0.0,1.0,1.0,1.0,-0.0,1.0,1.0,1.0,-0.0,1.0,1.0,1.0,-0.0,1.0,1.0,1.0,-0.0,1.0,0.5049471259117126,0.5014678835868835
7,120,139,20,20,5353,5353,0,0.0,5353,0,0.0,0,74.54169380001258,56.938440800178796,0.15806259983219206,28.52283429633826,148.77083589998074,23.970889619097626,feasibility,not_applicable,-0.004480820038311538,0.0018549457634522003,0.6128342884282271,-0.009681689895279262,0.003712369316157752,0.05114646845807632,1.0023062321401777,0.2590417284961967,0.041666666666666664,1.0717366933822632,0.7770013809204102,0.34197816252708435,0.12286293506622314,0.06852816790342331,0.6541383862495422,0.33703699707984924,0.9598448276519775,0.0001,0.2491030991077423,0.25052976608276367,0.2500551640987396,0.2503119707107544,1.0,1.3862919887656395,3.9999905105942517,0.32998761534690857,0.32859742641448975,0.3414149582386017,1.0,1.0984644510662809,2.999556519976833,1.0,1.0,-0.0,1.0,1.0,1.0,-0.0,1.0,0.3344021737575531,0.3340245187282562,0.3315733075141907,1.0,1.0986052060199074,2.9999787521306387,1.0,1.0,-0.0,1.0,1.0,1.0,-0.0,1.0,1.0,1.0,-0.0,1.0,1.0,1.0,-0.0,1.0,1.0,1.0,-0.0,1.0,1.0,1.0,-0.0,1.0,1.0,1.0,-0.0,1.0,0.5061419010162354,0.5015550851821899
8,140,159,20,20,4456,4456,0,0.0,4456,0,0.0,0,60.9982337000547,45.084547699196264,0.1650975001975894,23.013265998917632,125.96752180007752,23.833241483608738,feasibility,not_applicable,-0.0020476427328373703,0.00208107534937361,0.639109867811203,-0.0073982042626344734,0.002397401409689337,0.027946428582072257,1.0001931092568805,0.27146335036626884,0.05,1.1525764465332031,0.9517922401428223,0.3614341914653778,0.12801510095596313,0.08740497380495071,0.8237770795822144,0.3589244484901428,0.9415191411972046,0.0001,0.2491975724697113,0.2507747411727905,0.2500893771648407,0.24993829429149628,0.9999999850988388,1.3862918434036517,3.999989929147722,0.32935717701911926,0.3283260464668274,0.34231677651405334,1.0,1.0984306996266098,2.9994552823343765,1.0,1.0,-0.0,1.0,1.0,1.0,-0.0,1.0,0.3343466818332672,0.33405542373657227,0.3315979242324829,1.0000000298023224,1.098605445967797,2.9999794719692954,1.0,1.0,-0.0,1.0,1.0,1.0,-0.0,1.0,1.0,1.0,-0.0,1.0,1.0,1.0,-0.0,1.0,1.0,1.0,-0.0,1.0,1.0,1.0,-0.0,1.0,1.0,1.0,-0.0,1.0,0.506737470626831,0.5018043518066406
9,160,179,20,20,4387,4387,0,0.0,4387,0,0.0,0,58.92957939999178,44.66775610088371,0.17520809988491237,21.81966239970643,121.71165670000482,24.285706269035447,feasibility,not_applicable,-0.002557554383478735,0.0019765609877008565,0.6287343633779581,-0.007856617755917967,0.0025001749020083334,0.029305771222689014,1.000401171653167,0.2937319540027259,0.07971014492753623,0.998682975769043,1.0549832582473755,0.29093095660209656,0.11926411837339401,0.083083875477314,0.9357191920280457,0.3055785894393921,0.9184443950653076,0.0001,0.2491523027420044,0.250779390335083,0.25022974610328674,0.24983860552310944,1.0000000447034836,1.3862915683003236,3.9999888287373317,0.32932791113853455,0.327930212020874,0.34274181723594666,0.9999999403953552,1.0984125441446022,2.999400826272305,1.0,1.0,-0.0,1.0,1.0,1.0,-0.0,1.0,0.3341570794582367,0.3342580795288086,0.3315849006175995,1.0000000596046448,1.0986054024339997,2.9999793413688005,1.0,1.0,-0.0,1.0,1.0,1.0,-0.0,1.0,1.0,1.0,-0.0,1.0,1.0,1.0,-0.0,1.0,1.0,1.0,-0.0,1.0,1.0,1.0,-0.0,1.0,1.0,1.0,-0.0,1.0,0.507692277431488,0.5019266605377197
10,180,199,20,20,3830,3830,0,0.0,3830,0,0.0,0,51.60736240004189,38.438035601051524,0.15652720001526177,18.330036697210744,106.88527550001163,24.16516029227315,feasibility,not_applicable,-0.0014446846946763495,0.007258171699262069,0.6223923938969771,-0.0040395232460772,0.0029224886811183145,0.03290895062188307,1.000865160425504,0.3420993556578954,0.15,1.7061587572097778,1.2008577585220337,0.29655909538269043,0.09791966527700424,0.1267414689064026,1.1029380559921265,0.2870382070541382,0.8173519372940063,0.0001,0.24917466938495636,0.25081226229667664,0.25018712878227234,0.24982598423957825,1.0000000447034836,1.3862915658384585,3.9999888188898987,0.3294885456562042,0.3279353678226471,0.34257611632347107,1.0000000298023224,1.0984191120594844,2.999420526146323,1.0,1.0,-0.0,1.0,1.0,1.0,-0.0,1.0,0.3340316712856293,0.33441799879074097,0.33155032992362976,1.0,1.0986050176498237,2.999978187024443,1.0,1.0,-0.0,1.0,1.0,1.0,-0.0,1.0,1.0,1.0,-0.0,1.0,1.0,1.0,-0.0,1.0,1.0,1.0,-0.0,1.0,1.0,1.0,-0.0,1.0,1.0,1.0,-0.0,1.0,0.5081011652946472,0.5025217533111572
11,200,219,20,20,4068,4068,0,0.0,4068,0,0.0,0,54.815917500061914,41.530193299637176,0.15560469985939562,19.581403303309344,114.2540827000048,24.061039777525206,feasibility,not_applicable,0.00016083859372884035,0.0016686330136508332,0.6427397939842194,-0.005432242580354796,0.0026418687848490663,0.03424750434351154,1.0013138996437192,0.3130398318753578,0.125,0.8248031735420227,1.2657606601715088,0.29405513405799866,0.08419117331504822,0.08155059069395065,1.1815694570541382,0.3031518757343292,0.9230875372886658,0.0001,0.24903994798660278,0.2506304979324341,0.2500644326210022,0.25026512145996094,1.0,1.3862915721366584,3.999988844082628,0.3297412097454071,0.3281908929347992,0.3420679271221161,1.0000000298023224,1.098439541060193,2.999481801936277,1.0,1.0,-0.0,1.0,1.0,1.0,-0.0,1.0,0.33421221375465393,0.3346555531024933,0.33113226294517517,1.0000000298023224,1.0986012319259868,2.999966829957008,1.0,1.0,-0.0,1.0,1.0,1.0,-0.0,1.0,1.0,1.0,-0.0,1.0,1.0,1.0,-0.0,1.0,1.0,1.0,-0.0,1.0,1.0,1.0,-0.0,1.0,1.0,1.0,-0.0,1.0,0.5079336166381836,0.5028994083404541
12,220,239,20,20,4167,4167,0,0.0,4167,0,0.0,0,60.1148983000312,45.31057490140665,0.15959989989642054,20.61090660118498,114.90226880006958,23.809092953816876,feasibility,not_applicable,-0.002969976267636274,0.006451972222280208,0.5830537724224004,-0.005574528328989717,0.0018801772001262923,0.02462121212121212,0.9995294411977133,0.3714775706669598,0.19696969696969696,1.344549298286438,1.305984377861023,0.31946706771850586,0.06549902260303497,0.11367491632699966,1.2404853105545044,0.31707465648651123,0.873387336730957,0.0001,0.24892789125442505,0.2505584955215454,0.24985477328300476,0.2506588399410248,1.0,1.386290526053612,3.999984659764301,0.32914653420448303,0.32855746150016785,0.3422960042953491,1.0,1.0984320774013665,2.999459414910995,1.0,1.0,-0.0,1.0,1.0,1.0,-0.0,1.0,0.33400264382362366,0.3348226547241211,0.33117473125457764,1.0000000298023224,1.098601293437631,2.999967014489906,1.0,1.0,-0.0,1.0,1.0,1.0,-0.0,1.0,1.0,1.0,-0.0,1.0,1.0,1.0,-0.0,1.0,1.0,1.0,-0.0,1.0,1.0,1.0,-0.0,1.0,1.0,1.0,-0.0,1.0,0.508368194103241,0.5029903650283813
13,240,259,20,20,4158,4158,0,0.0,4158,0,0.0,0,54.711706200032495,41.374781999969855,0.15980020025745034,19.671327205956914,115.61110320000444,24.412467212386755,feasibility,not_applicable,-0.0019029141332094486,0.0007960642989089068,0.5827127672158755,-0.007332009743325985,0.003189232422468754,0.037631823810247274,1.0005973870937641,0.27808805629611016,0.06923076923076923,0.7013543248176575,1.3958722352981567,0.265165239572525,0.043539345264434814,0.056724075227975845,1.3523328304290771,0.25627684593200684,0.9542383551597595,0.0001,0.24890846014022827,0.25074759125709534,0.2498045116662979,0.2505393624305725,0.999999925494194,1.3862901714146834,3.999983241214278,0.32862648367881775,0.3283020257949829,0.34307149052619934,1.0,1.0983998536892847,2.9993627627516624,1.0,1.0,-0.0,1.0,1.0,1.0,-0.0,1.0,0.3339921534061432,0.33506008982658386,0.3309478163719177,1.0000000596046448,1.0985986226067925,2.999959002096189,1.0,1.0,-0.0,1.0,1.0,1.0,-0.0,1.0,1.0,1.0,-0.0,1.0,1.0,1.0,-0.0,1.0,1.0,1.0,-0.0,1.0,1.0,1.0,-0.0,1.0,1.0,1.0,-0.0,1.0,0.5095846652984619,0.503032922744751
14,260,279,20,20,4385,4385,0,0.0,4385,0,0.0,0,61.834394500008784,47.00697510049213,0.17618730023968965,21.708009401801974,121.46686169994064,23.922367423476555,feasibility,not_applicable,-0.0004127571305287057,0.0006746392702579201,0.5918228062598602,-0.005993665644791031,0.001665091949584219,0.020267210144927536,0.9996633780175361,0.2575499922361063,0.050724637681159424,0.7617405652999878,1.4294192790985107,0.2771386504173279,0.04379640519618988,0.06207782030105591,1.3856229782104492,0.2818605899810791,0.9498260021209717,0.0001,0.24893930554389954,0.25079989433288574,0.24980950355529785,0.2504512667655945,0.9999999701976776,1.3862903383388487,3.999983908908198,0.3287700414657593,0.3284296691417694,0.3428003787994385,1.0000000894069672,1.098411488978784,2.9993976614087474,1.0,1.0,-0.0,1.0,1.0,1.0,-0.0,1.0,0.3337644636631012,0.3351588845252991,0.33107659220695496,0.9999999403953552,1.0985993576263193,2.9999612071254456,1.0,1.0,-0.0,1.0,1.0,1.0,-0.0,1.0,1.0,1.0,-0.0,1.0,1.0,1.0,-0.0,1.0,1.0,1.0,-0.0,1.0,1.0,1.0,-0.0,1.0,1.0,1.0,-0.0,1.0,0.5097072720527649,0.5026829838752747
15,280,299,20,20,4640,4640,0,0.0,4640,0,0.0,0,62.72899720002897,47.485312001314014,0.15364350017625839,21.86348609859124,130.9482969000237,23.957377252508497,feasibility,not_applicable,-0.0007036459657733571,0.004566814667108303,0.5666857798622079,-0.004087096662260592,0.0033336339537564613,0.039383561643835614,0.9999278963428654,0.2651704453340132,0.11643835616438356,1.0588865280151367,1.4564766883850098,0.3034129738807678,0.029739633202552795,0.09543431550264359,1.4267369508743286,0.280500590801239,0.9010670781135559,0.0001,0.2488398402929306,0.2507838010787964,0.24948331713676453,0.25089308619499207,1.0000000447034836,1.3862883272671813,3.999975864661977,0.3287806510925293,0.32861465215682983,0.34260469675064087,1.0,1.098419739925958,2.999422409382503,1.0,1.0,-0.0,1.0,1.0,1.0,-0.0,1.0,0.3336297869682312,0.3352908492088318,0.33107930421829224,0.9999999403953552,1.098598776211092,2.9999594629028254,1.0,1.0,-0.0,1.0,1.0,1.0,-0.0,1.0,1.0,1.0,-0.0,1.0,1.0,1.0,-0.0,1.0,1.0,1.0,-0.0,1.0,1.0,1.0,-0.0,1.0,1.0,1.0,-0.0,1.0,0.5098176002502441,0.5030888319015503
16,300,319,20,20,4877,4877,0,0.0,4877,0,0.0,0,66.20798710000236,49.52971850114409,0.18151200015563518,24.450283997692168,142.20778659998905,23.400340163409624,feasibility,not_applicable,0.003651975593590117,0.0007599331059624659,0.5883033920031089,-0.0018510915907462696,0.0020026878289184412,0.022828733766233768,0.9985118992142863,0.2328664766406858,0.025974025974025976,0.6587231755256653,1.5143839120864868,0.28292563557624817,0.03306607902050018,0.05916648358106613,1.4813177585601807,0.2856862246990204,0.956267237663269,0.0001,0.24877598881721497,0.250848650932312,0.24969345331192017,0.25068187713623047,0.9999999701976776,1.3862887924216254,3.99997772526896,0.3281814455986023,0.3280831575393677,0.3437354266643524,1.0000000298023224,1.09837006379012,2.9992734133682624,1.0,1.0,-0.0,1.0,1.0,1.0,-0.0,1.0,0.3336397707462311,0.33532577753067017,0.33103445172309875,1.0,1.0985982593617987,2.999957912376298,1.0,1.0,-0.0,1.0,1.0,1.0,-0.0,1.0,1.0,1.0,-0.0,1.0,1.0,1.0,-0.0,1.0,1.0,1.0,-0.0,1.0,1.0,1.0,-0.0,1.0,1.0,1.0,-0.0,1.0,0.5105920433998108,0.5030961632728577
17,320,339,20,20,4470,4470,0,0.0,4470,0,0.0,0,75.92134090000764,57.22336889873259,0.16956219961866736,24.202641498763114,138.40123300009873,20.856412456503172,feasibility,not_applicable,0.000605831148901156,0.005476524836142614,0.5511448958090374,-0.0021673550280476256,0.0011949621490202843,0.01280588624732835,1.000909496630941,0.2509326708902206,0.07857142857142857,0.7970608472824097,1.489492654800415,0.3101755678653717,0.01645650714635849,0.0861828401684761,1.4730361700057983,0.2835230231285095,0.9227983951568604,0.0001,0.24861013889312744,0.2506929934024811,0.24983160197734833,0.25086525082588196,0.9999999850988388,1.3862879728408406,3.99997444696542,0.32802096009254456,0.3279697000980377,0.34400931000709534,0.9999999701976776,1.098357172713415,2.99923474975384,1.0,1.0,-0.0,1.0,1.0,1.0,-0.0,1.0,0.33369624614715576,0.33543944358825684,0.3308643400669098,1.0000000298023224,1.0985962879866609,2.999951998339684,1.0,1.0,-0.0,1.0,1.0,1.0,-0.0,1.0,1.0,1.0,-0.0,1.0,1.0,1.0,-0.0,1.0,1.0,1.0,-0.0,1.0,1.0,1.0,-0.0,1.0,1.0,1.0,-0.0,1.0,0.510769784450531,0.5029982924461365
18,340,359,20,20,4400,4400,0,0.0,4400,0,0.0,0,72.97401030000765,54.4270838991506,0.15350489993579686,22.850310199311934,135.86820729996543,21.068537054265445,feasibility,not_applicable,-0.0018473109635321991,0.0006518933508271838,0.5289039814817733,-0.006810404107217555,0.0011929379517981863,0.01551177536231884,0.9995575266471808,0.22042102744613867,0.021739130434782608,0.6050564646720886,1.4666545391082764,0.31257903575897217,0.014069451950490475,0.042762987315654755,1.452584981918335,0.3193458616733551,0.9812838435173035,0.0001,0.24856634438037872,0.2507546544075012,0.2498963326215744,0.25078269839286804,1.0000000298023224,1.3862878706991195,3.9999740384011666,0.32744356989860535,0.3275870382785797,0.34496942162513733,1.0000000298023224,1.0983093565140456,2.999091341175744,1.0,1.0,-0.0,1.0,1.0,1.0,-0.0,1.0,0.33381757140159607,0.3355385363101959,0.3306439518928528,1.0000000596046448,1.098593786184033,2.9999444930612795,1.0,1.0,-0.0,1.0,1.0,1.0,-0.0,1.0,1.0,1.0,-0.0,1.0,1.0,1.0,-0.0,1.0,1.0,1.0,-0.0,1.0,1.0,1.0,-0.0,1.0,1.0,1.0,-0.0,1.0,0.5112317800521851,0.5034003257751465
19,360,379,20,20,4809,4809,0,0.0,4809,0,0.0,0,79.3036632000003,60.450957699795254,0.1723114998312667,24.77387789846398,144.18164199998137,21.51819331341162,feasibility,not_applicable,0.0012594386567606737,0.00026915649974207075,0.5142600826526943,-0.003748583732981627,0.0020482983523216467,0.023049159367617807,0.9999992223946672,0.2052409259823004,0.02631578947368421,0.5922390818595886,1.5024387836456299,0.2963511347770691,0.015138371847569942,0.028449667617678642,1.4873006343841553,0.29664814472198486,0.9907840490341187,0.0001,0.24851639568805695,0.2506127953529358,0.2497958242893219,0.2510749399662018,0.9999999552965164,1.386286791445381,3.999969721416561,0.3279050886631012,0.32803648710250854,0.34405842423439026,1.0,1.0983548183897112,2.999227688592687,1.0,1.0,-0.0,1.0,1.0,1.0,-0.0,1.0,0.3339568078517914,0.33562788367271423,0.33041536808013916,1.0000000596046448,1.0985910232319946,2.999936204369978,1.0,1.0,-0.0,1.0,1.0,1.0,-0.0,1.0,1.0,1.0,-0.0,1.0,1.0,1.0,-0.0,1.0,1.0,1.0,-0.0,1.0,1.0,1.0,-0.0,1.0,1.0,1.0,-0.0,1.0,0.5109067559242249,0.5035770535469055
20,380,399,20,20,4177,4177,0,0.0,4177,0,0.0,0,70.61046470003203,52.99579650047235,0.15482119971420616,22.53892199706752,128.77174660004675,20.949712478178085,feasibility,not_applicable,-0.001608635729291674,0.00016181152246148983,0.5110143209722909,-0.0066378734614276754,0.002142426340111397,0.020359848484848484,0.9988171128612576,0.15583189836505687,0.007575757575757576,0.6707760095596313,1.5092988014221191,0.29868417978286743,0.010105635039508343,0.021126708015799522,1.4991929531097412,0.3000467121601105,0.9949969053268433,0.0001,0.248485267162323,0.25056228041648865,0.24971206486225128,0.2512403726577759,0.9999999850988388,1.3862858875422086,3.9999661058328746,0.3278445601463318,0.3283010423183441,0.3438543379306793,0.9999999403953552,1.0983643467177528,2.999256266354125,1.0,1.0,-0.0,1.0,1.0,1.0,-0.0,1.0,0.33402931690216064,0.33574169874191284,0.3302289545536041,0.9999999701976776,1.0985883793493327,2.9999282729011454,1.0,1.0,-0.0,1.0,1.0,1.0,-0.0,1.0,1.0,1.0,-0.0,1.0,1.0,1.0,-0.0,1.0,1.0,1.0,-0.0,1.0,1.0,1.0,-0.0,1.0,1.0,1.0,-0.0,1.0,0.5107349753379822,0.5034886598587036
21,400,419,20,20,3886,3886,0,0.0,3886,0,0.0,0,64.9805962999817,48.99831759883091,0.1564663000172004,19.387271600659005,118.1161265000701,21.223755076401076,feasibility,not_applicable,-0.0011361859219728924,0.0001588666762204337,0.49612399789153555,-0.006017991971438293,0.0008663774551976411,0.01108673379802313,1.0003963542766259,0.18337115202648718,0.02459016393442623,0.890975296497345,1.4987798929214478,0.30019399523735046,0.007396140601485968,0.01732173003256321,1.491383671760559,0.302890419960022,0.9966704845428467,0.0001,0.24853532016277313,0.2506989538669586,0.24978509545326233,0.2509806156158447,0.9999999850988388,1.386287067123447,3.99997082412063,0.32782092690467834,0.3278915286064148,0.3442874550819397,0.9999999105930328,1.0983437336635353,2.9991944431592787,1.0,1.0,-0.0,1.0,1.0,1.0,-0.0,1.0,0.33405834436416626,0.3358020484447479,0.33013954758644104,0.9999999403953552,1.0985870260510562,2.999924213106131,1.0,1.0,-0.0,1.0,1.0,1.0,-0.0,1.0,1.0,1.0,-0.0,1.0,1.0,1.0,-0.0,1.0,1.0,1.0,-0.0,1.0,1.0,1.0,-0.0,1.0,1.0,1.0,-0.0,1.0,0.5110154151916504,0.5036972165107727
22,420,439,20,20,3980,3980,0,0.0,3980,0,0.0,0,65.16896989999805,48.986429099342786,0.16523909952957183,19.822479892987758,120.45613549998961,21.441065266596556,feasibility,not_applicable,-0.0013696633368020965,0.00011590459022651582,0.484202755349023,-0.006153738876390789,0.0006957232444619876,0.0078125,0.9997518322770558,0.1606890894768257,0.023809523809523808,0.7393020987510681,1.495510220527649,0.29250627756118774,0.006824582815170288,0.0131052415817976,1.4886856079101562,0.2931789457798004,0.9979926943778992,0.0001,0.24836741387844086,0.25060972571372986,0.24962356686592102,0.25139927864074707,0.9999999850988388,1.3862840778979162,3.999958867323591,0.3277560770511627,0.3277835249900818,0.3444603979587555,1.0,1.098335223763879,2.999168920424116,1.0,1.0,-0.0,1.0,1.0,1.0,-0.0,1.0,0.33404505252838135,0.33560842275619507,0.33034655451774597,1.0000000298023224,1.0985903644684456,2.999934228122008,1.0,1.0,-0.0,1.0,1.0,1.0,-0.0,1.0,1.0,1.0,-0.0,1.0,1.0,1.0,-0.0,1.0,1.0,1.0,-0.0,1.0,1.0,1.0,-0.0,1.0,1.0,1.0,-0.0,1.0,0.5114694833755493,0.5033442378044128
23,440,459,20,20,4226,4226,0,0.0,4226,0,0.0,0,74.41210710001178,56.48887480108533,0.17077130021061748,21.385244200588204,130.14150709996466,20.65962029821953,feasibility,not_applicable,0.005483635207777148,0.0037480518328279616,0.45633646334285166,0.0027942961766454044,0.00029891924480838117,0.0025652985074626866,1.000047252249362,0.17653830705293969,0.03731343283582089,2.9254703521728516,1.553704023361206,0.3348195552825928,-0.001721940003335476,0.07539442926645279,1.555426001548767,0.31162557005882263,0.9492942690849304,0.0001,0.2483731508255005,0.2506391704082489,0.24957413971424103,0.2514135241508484,0.9999999850988388,1.3862838826747688,3.9999580864391073,0.3276244103908539,0.3276955187320709,0.3446800708770752,1.0,1.0983242030137195,2.999135867514892,1.0,1.0,-0.0,1.0,1.0,1.0,-0.0,1.0,0.33396339416503906,0.33556824922561646,0.33046841621398926,1.0000000596046448,1.0985918768215321,2.9999387650852283,1.0,1.0,-0.0,1.0,1.0,1.0,-0.0,1.0,1.0,1.0,-0.0,1.0,1.0,1.0,-0.0,1.0,1.0,1.0,-0.0,1.0,1.0,1.0,-0.0,1.0,1.0,1.0,-0.0,1.0,0.5115415453910828,0.5033061504364014
24,460,479,20,20,4695,4695,0,0.0,4695,0,0.0,0,77.92972060001921,57.75764850131236,0.16234729997813702,26.089616797631606,144.12344979995396,21.143584626795164,feasibility,not_applicable,0.0011897060290180347,0.0002770662431922156,0.4479851297832824,-0.0031516123122560815,0.000527039118743552,0.005595439189189189,1.0006703984093022,0.10945073987130781,0.0,0.3495520055294037,1.622177243232727,0.30778494477272034,0.004215269815176725,0.022694626823067665,1.617962121963501,0.3060498535633087,0.994563102722168,0.0001,0.24835380911827087,0.25071150064468384,0.24952659010887146,0.2514081299304962,1.0000000298023224,1.3862835225485677,3.9999566459496565,0.3275746703147888,0.3275455832481384,0.34487971663475037,0.9999999701976776,1.0983140044267556,2.999105280722902,1.0,1.0,-0.0,1.0,1.0,1.0,-0.0,1.0,0.33383452892303467,0.33569812774658203,0.3304673135280609,0.9999999701976776,1.0985911839407991,2.999936686486178,1.0,1.0,-0.0,1.0,1.0,1.0,-0.0,1.0,1.0,1.0,-0.0,1.0,1.0,1.0,-0.0,1.0,1.0,1.0,-0.0,1.0,1.0,1.0,-0.0,1.0,1.0,1.0,-0.0,1.0,0.5117735862731934,0.5034409165382385
25,480,499,20,20,4165,4165,0,0.0,4165,0,0.0,0,73.16731920000166,55.25386610010173,0.19606819993350655,21.069879000307992,125.64079249999486,20.949849401945066,feasibility,not_applicable,-0.0055653768676248465,0.00020121478384239845,0.4401773124030142,-0.009866542339847056,0.0005693658639563981,0.005800189393939394,0.9998136812990362,0.11667128504169258,0.007575757575757576,1.317444920539856,1.6139668226242065,0.3158300220966339,0.0026050747837871313,0.01805700547993183,1.6113618612289429,0.31262755393981934,0.9967312216758728,0.0001,0.24817809462547302,0.2505936324596405,0.24954400956630707,0.251684308052063,1.0000000447034836,1.38628094208694,3.9999463242283366,0.3273858428001404,0.3273942768573761,0.34521985054016113,0.9999999701976776,1.0982962239480523,2.999051955669403,1.0,1.0,-0.0,1.0,1.0,1.0,-0.0,1.0,0.3337259888648987,0.33606669306755066,0.33020731806755066,1.0,1.0985861771213905,2.9999216663825528,1.0,1.0,-0.0,1.0,1.0,1.0,-0.0,1.0,1.0,1.0,-0.0,1.0,1.0,1.0,-0.0,1.0,1.0,1.0,-0.0,1.0,1.0,1.0,-0.0,1.0,1.0,1.0,-0.0,1.0,0.5122228860855103,0.5037200450897217
26,500,519,20,20,3934,3934,0,0.0,3934,0,0.0,0,67.45672920008656,50.451673899777234,0.17415099998470396,19.870284700300545,119.80871540005319,21.007613061769668,feasibility,not_applicable,-0.0007838947593324608,0.00010839573112588692,0.44416295304413766,-0.005171326428441511,0.001221088915049369,0.014129704315095179,0.9979866026870666,0.12502032682119357,0.0,0.4197123646736145,1.5935786962509155,0.312915563583374,0.002044765977188945,0.01301821693778038,1.591533899307251,0.30915316939353943,0.9982692003250122,0.0001,0.24800880253314972,0.2504829168319702,0.24947112798690796,0.2520371377468109,0.9999999850988388,1.3862771011605526,3.9999309607584568,0.32698553800582886,0.3270696997642517,0.34594476222991943,1.0,1.0982566186405134,2.9989331796464693,1.0,1.0,-0.0,1.0,1.0,1.0,-0.0,1.0,0.33390381932258606,0.33592522144317627,0.33017098903656006,1.0000000298023224,1.0985867045991764,2.9999232487750085,1.0,1.0,-0.0,1.0,1.0,1.0,-0.0,1.0,1.0,1.0,-0.0,1.0,1.0,1.0,-0.0,1.0,1.0,1.0,-0.0,1.0,1.0,1.0,-0.0,1.0,1.0,1.0,-0.0,1.0,0.5129814743995667,0.5039880871772766
27,520,539,20,20,3784,3784,0,0.0,3784,0,0.0,0,61.80983009992633,46.6329183006892,0.15540580009110272,18.047643597936258,120.09724030003417,20.801830251458007,feasibility,not_applicable,0.0003595264395698905,8.918154435377801e-05,0.41070460006594656,-0.003702928399434313,0.0003082648889782528,0.003125,0.9997799341877301,0.11021730207527677,0.0,0.3054704964160919,1.5705231428146362,0.3153779208660126,0.0008281046175397933,0.011287655681371689,1.5696948766708374,0.31040894985198975,0.9987190365791321,0.0001,0.24782142043113708,0.2503328025341034,0.24957716464996338,0.2522686719894409,1.0000000596046448,1.3862740220866054,3.999918644694206,0.3268142342567444,0.326937198638916,0.3462485671043396,1.0,1.0982393242511856,2.9988813153769747,1.0,1.0,-0.0,1.0,1.0,1.0,-0.0,1.0,0.3338455855846405,0.33587440848350525,0.33027997612953186,0.9999999701976776,1.0985882038696144,2.9999277464746235,1.0,1.0,-0.0,1.0,1.0,1.0,-0.0,1.0,1.0,1.0,-0.0,1.0,1.0,1.0,-0.0,1.0,1.0,1.0,-0.0,1.0,1.0,1.0,-0.0,1.0,1.0,1.0,-0.0,1.0,0.5135693550109863,0.5040236711502075
28,540,559,20,20,4570,4570,0,0.0,4570,0,0.0,0,78.76522559998557,59.69807709939778,0.15919320017565042,23.43858590198215,138.91194909997284,20.994392298132272,feasibility,not_applicable,-0.0008520123212494784,0.003911550189311836,0.40142857500662404,-0.0029105227893321877,0.0012145462709061878,0.012202857915932933,1.0011850765181913,0.2080506043534519,0.034722222222222224,0.6442093253135681,1.5632282495498657,0.3460666835308075,-0.006252426654100418,0.07288872450590134,1.5694807767868042,0.32385921478271484,0.9556390047073364,0.0001,0.24787960946559906,0.2503492832183838,0.24966701865196228,0.25210410356521606,1.0000000149011612,1.386276053731104,3.9999267711151707,0.32696452736854553,0.3270256817340851,0.3460098206996918,1.0000000298023224,1.0982529568245971,2.9989221981253267,1.0,1.0,-0.0,1.0,1.0,1.0,-0.0,1.0,0.33372870087623596,0.3358239233493805,0.33044737577438354,1.0,1.0985902434791506,2.999933865162103,1.0,1.0,-0.0,1.0,1.0,1.0,-0.0,1.0,1.0,1.0,-0.0,1.0,1.0,1.0,-0.0,1.0,1.0,1.0,-0.0,1.0,1.0,1.0,-0.0,1.0,1.0,1.0,-0.0,1.0,0.5133129954338074,0.5039563179016113
29,560,579,20,20,4374,4374,0,0.0,4374,0,0.0,0,73.31900890008546,55.60350009938702,0.16061050025746226,22.144879702478647,133.38859780004714,21.160324333614348,feasibility,not_applicable,0.00275645157713713,0.000253915064788906,0.4177398233525995,-0.0012939879603252032,0.0014688482807432065,0.012341485507246376,0.9997644864994547,0.1638414569037116,0.028985507246376812,1.2838352918624878,1.594888687133789,0.31265684962272644,0.0024382544215768576,0.019755640998482704,1.5924503803253174,0.31023097038269043,0.99600750207901,0.0001,0.24789127707481384,0.250386506319046,0.2496679276227951,0.25205424427986145,0.9999999552965164,1.3862764892361827,3.9999285131039732,0.3267393112182617,0.32694751024246216,0.3463132083415985,1.0000000298023224,1.0982355751135566,2.9988700721792663,1.0,1.0,-0.0,1.0,1.0,1.0,-0.0,1.0,0.33331358432769775,0.3356848657131195,0.33100154995918274,1.0,1.0985958380577119,2.999950648574738,1.0,1.0,-0.0,1.0,1.0,1.0,-0.0,1.0,1.0,1.0,-0.0,1.0,1.0,1.0,-0.0,1.0,1.0,1.0,-0.0,1.0,1.0,1.0,-0.0,1.0,1.0,1.0,-0.0,1.0,0.5131003260612488,0.5036829710006714
30,580,599,20,20,3956,3956,0,0.0,3956,0,0.0,0,66.15643460000865,48.95044910022989,0.14846579998265952,20.064054894261062,118.41659529996105,21.43325057915544,feasibility,not_applicable,-0.0016586214844738283,0.00554081031112864,0.4695461762528266,-0.0035836780443787575,0.0008796888179213349,0.010671913804065796,0.9988894135721268,0.23837828585096904,0.03225806451612903,1.8413970470428467,1.5462297201156616,0.33977892994880676,-0.005699205212295055,0.0812385082244873,1.5519288778305054,0.3144710063934326,0.9428349137306213,0.0001,0.24785026907920837,0.2504113018512726,0.2496354579925537,0.25210297107696533,1.0,1.3862756674853658,3.9999252261608005,0.3263476490974426,0.32664865255355835,0.347003698348999,1.0,1.098194529213309,2.9987469833835907,1.0,1.0,-0.0,1.0,1.0,1.0,-0.0,1.0,0.33303341269493103,0.3354744613170624,0.3314920961856842,0.9999999701976776,1.0986001941728543,2.999963716733648,1.0,1.0,-0.0,1.0,1.0,1.0,-0.0,1.0,1.0,1.0,-0.0,1.0,1.0,1.0,-0.0,1.0,1.0,1.0,-0.0,1.0,1.0,1.0,-0.0,1.0,1.0,1.0,-0.0,1.0,0.5134153366088867,0.5035105347633362
31,600,619,20,20,4907,4907,0,0.0,4907,0,0.0,0,85.34249730000738,63.787937100511044,0.22174570010975003,26.373859101557173,152.6313168000197,20.61991576072084,feasibility,not_applicable,-0.0004672923506322232,0.001764642483669684,0.4441676857796582,-0.004026647849165677,0.0010299892898032127,0.010551948051948052,1.0001800505371836,0.14948319106713517,0.032467532467532464,0.8822014927864075,1.5657001733779907,0.3489907383918762,-0.004402444697916508,0.05659590661525726,1.570102572441101,0.3356381952762604,0.9737008213996887,0.0001,0.24785780906677246,0.2504492402076721,0.24973633885383606,0.25195667147636414,1.0000000596046448,1.3862770001503655,3.9999305567247023,0.32611533999443054,0.32649147510528564,0.3473931550979614,0.9999999701976776,1.09817042972818,2.998674715996066,1.0,1.0,-0.0,1.0,1.0,1.0,-0.0,1.0,0.33260634541511536,0.3356320559978485,0.33176159858703613,1.0,1.0985998759296685,2.9999627620157896,1.0,1.0,-0.0,1.0,1.0,1.0,-0.0,1.0,1.0,1.0,-0.0,1.0,1.0,1.0,-0.0,1.0,1.0,1.0,-0.0,1.0,1.0,1.0,-0.0,1.0,1.0,1.0,-0.0,1.0,0.5136240720748901,0.5036296248435974
32,620,639,20,20,3990,3990,0,0.0,3990,0,0.0,0,66.37934260000475,50.056258199736476,0.159848099690862,19.001127199153416,122.08613730000798,21.170985806614713,feasibility,not_applicable,-0.0018238042821250265,0.00042382797902165394,0.4733468168784702,-0.00634535833720177,0.001454337968006878,0.01488095238095238,1.0000565373708332,0.136778556608728,0.007936507936507936,0.7618626952171326,1.548467993736267,0.327995628118515,0.0029277983121573925,0.027261223644018173,1.5455403327941895,0.3376578688621521,0.9930919408798218,0.0001,0.24800659716129303,0.25066840648651123,0.24993731081485748,0.25138765573501587,0.9999999701976776,1.3862816364192938,3.9999491015214472,0.32552435994148254,0.32581254839897156,0.3486631214618683,1.0000000298023224,1.0980873893080396,2.998425715126497,1.0,1.0,-0.0,1.0,1.0,1.0,-0.0,1.0,0.3330927789211273,0.3357003927230835,0.3312068581581116,1.0000000298023224,1.0985970228399953,2.999954202865223,1.0,1.0,-0.0,1.0,1.0,1.0,-0.0,1.0,1.0,1.0,-0.0,1.0,1.0,1.0,-0.0,1.0,1.0,1.0,-0.0,1.0,1.0,1.0,-0.0,1.0,1.0,1.0,-0.0,1.0,0.5139647722244263,0.5039122700691223
33,640,659,20,20,4124,4124,0,0.0,4124,0,0.0,0,70.15709410002455,51.50266639969777,0.17646090022753924,22.07765569642652,128.45225710002705,20.764379799247482,feasibility,not_applicable,0.0004990258898872595,0.001379519622423686,0.4889697959789863,-0.003700912152775205,0.0007150795178649087,0.006164148363929528,0.9992539309538327,0.13720258875535085,0.015384615384615385,1.2282187938690186,1.5421903133392334,0.33535078167915344,-0.005591087508946657,0.06952323764562607,1.5477814674377441,0.31121310591697693,0.9570205211639404,0.0001,0.2479405701160431,0.25060543417930603,0.2497784048318863,0.2516756057739258,1.0000000149011612,1.3862794274308767,3.9999402656899723,0.3257052004337311,0.3259066641330719,0.3483881652355194,1.0000000298023224,1.0981060147043844,2.9984815625139394,1.0,1.0,-0.0,1.0,1.0,1.0,-0.0,1.0,0.3323245346546173,0.33541780710220337,0.3322576582431793,1.0,1.0986025191253397,2.9999706915148554,1.0,1.0,-0.0,1.0,1.0,1.0,-0.0,1.0,1.0,1.0,-0.0,1.0,1.0,1.0,-0.0,1.0,1.0,1.0,-0.0,1.0,1.0,1.0,-0.0,1.0,1.0,1.0,-0.0,1.0,0.5140960216522217,0.503837525844574
34,660,679,20,20,4776,4776,0,0.0,4776,0,0.0,0,82.86130420002155,61.09402110171504,0.16348389990162104,27.616672205273062,144.6036515000742,20.99664093442588,feasibility,not_applicable,0.0003813433670438826,0.0009704134083585814,0.4811750849088033,-0.00394520048595344,0.0004974122547234098,0.004583333333333333,1.0000107820828756,0.12540380919973054,0.0,0.3981454074382782,1.5898932218551636,0.3666047155857086,-0.007628637831658125,0.05076383054256439,1.5975219011306763,0.3498043715953827,0.9808260202407837,0.0001,0.24805712699890137,0.25068581104278564,0.2500612437725067,0.2511957883834839,0.9999999701976776,1.3862829778765777,3.999954467285904,0.3254947066307068,0.3258139193058014,0.34869131445884705,0.9999999403953552,1.098085438683639,2.9984198663298374,1.0,1.0,-0.0,1.0,1.0,1.0,-0.0,1.0,0.3323242962360382,0.3354125916957855,0.3322630822658539,0.9999999701976776,1.098602565423259,2.9999708304072596,1.0,1.0,-0.0,1.0,1.0,1.0,-0.0,1.0,1.0,1.0,-0.0,1.0,1.0,1.0,-0.0,1.0,1.0,1.0,-0.0,1.0,1.0,1.0,-0.0,1.0,1.0,1.0,-0.0,1.0,0.5141363739967346,0.5039741396903992
35,680,699,20,20,4126,4126,0,0.0,4126,0,0.0,0,72.45109989994671,54.33696419990156,0.1633240005467087,20.110986804007553,128.76997740007937,20.50481020856489,feasibility,not_applicable,-0.0017403762715940292,0.0012205933873281958,0.4676989163343723,-0.005807069398892613,0.0010425337301477647,0.010817307692307692,0.9999521379287426,0.17241086555788152,0.0,0.49230194091796875,1.5014533996582031,0.3942343294620514,-0.008074830286204815,0.049032144248485565,1.5095281600952148,0.3802807927131653,0.9845313429832458,0.0001,0.2480825036764145,0.25080743432044983,0.2502821981906891,0.2508278787136078,1.0000000149011612,1.386284163452419,3.9999592095380976,0.3251768946647644,0.32521891593933105,0.34960418939590454,1.0,1.0980212933814364,2.9982275379499286,1.0,1.0,-0.0,1.0,1.0,1.0,-0.0,1.0,0.3321775197982788,0.3349520266056061,0.3328704237937927,0.9999999701976776,1.098606034069581,2.9999812362630935,1.0,1.0,-0.0,1.0,1.0,1.0,-0.0,1.0,1.0,1.0,-0.0,1.0,1.0,1.0,-0.0,1.0,1.0,1.0,-0.0,1.0,1.0,1.0,-0.0,1.0,1.0,1.0,-0.0,1.0,0.5147330164909363,0.5040522813796997
36,700,719,20,20,4200,4200,0,0.0,4200,0,0.0,0,71.79467680002563,53.50302920071408,0.15162159979809076,22.34937009809073,129.6315700999694,20.851304458277646,feasibility,not_applicable,-0.0016906080788678744,0.000491302067254737,0.48626507909008954,-0.0063076069204588275,0.0013720405280985165,0.01789772727837165,0.9991347175655942,0.11299533133084576,0.0,0.27735865116119385,1.5178806781768799,0.3140076994895935,0.0011072317138314247,0.03602295368909836,1.5167734622955322,0.3252323567867279,0.9868393540382385,0.0001,0.24785646796226501,0.2508072257041931,0.25015175342559814,0.25118449330329895,0.9999999403953552,1.3862809727559768,3.9999464469028396,0.3250595033168793,0.3249099850654602,0.35003048181533813,0.9999999701976776,1.097990024518725,2.998133788250398,1.0,1.0,-0.0,1.0,1.0,1.0,-0.0,1.0,0.33225536346435547,0.33494341373443604,0.3328011929988861,0.9999999701976776,1.09860623353992,2.999981834670428,1.0,1.0,-0.0,1.0,1.0,1.0,-0.0,1.0,1.0,1.0,-0.0,1.0,1.0,1.0,-0.0,1.0,1.0,1.0,-0.0,1.0,1.0,1.0,-0.0,1.0,1.0,1.0,-0.0,1.0,0.5153805017471313,0.5041746497154236
37,720,739,20,20,4820,4820,0,0.0,4820,0,0.0,0,82.20635859994218,60.416779200779274,0.1670571002177894,27.39583569765091,147.02822590002324,21.026495676967656,feasibility,not_applicable,-0.0019692929743446016,0.0009845787962580001,0.47781376873976306,-0.006255141327672295,0.0013797577073426893,0.01502878289963854,0.9992600373531643,0.16160011914019523,0.0,0.4563289284706116,1.5764012336730957,0.3559460937976837,-0.007517924532294273,0.06310515850782394,1.5839191675186157,0.3328770697116852,0.9685688018798828,0.0001,0.24785436689853668,0.25083112716674805,0.2505252957344055,0.25078919529914856,0.9999999850988388,1.386281945574916,3.9999503381283916,0.3250022828578949,0.32461076974868774,0.35038694739341736,1.0,1.0979631835148393,2.998053316409715,1.0,1.0,-0.0,1.0,1.0,1.0,-0.0,1.0,0.33256015181541443,0.3348274827003479,0.33261242508888245,1.0000000596046448,1.098607273280408,2.999984953874626,1.0,1.0,-0.0,1.0,1.0,1.0,-0.0,1.0,1.0,1.0,-0.0,1.0,1.0,1.0,-0.0,1.0,1.0,1.0,-0.0,1.0,1.0,1.0,-0.0,1.0,1.0,1.0,-0.0,1.0,0.5155413746833801,0.5040159225463867
38,740,759,20,20,4198,4198,0,0.0,4198,0,0.0,0,74.0251636999892,55.18416659941431,0.15928300004452467,22.751913595944643,130.70265290001407,20.505274123066737,feasibility,not_applicable,-0.0009989861370713422,0.00022698621923513147,0.4834034883163192,-0.005719527880886964,0.0012274103589306558,0.011643989237420486,0.999429779973897,0.13414735414765097,0.0,0.3906148672103882,1.538453459739685,0.29995274543762207,0.002626512199640274,0.018196072429418564,1.5358269214630127,0.3048558235168457,0.9963200092315674,0.0001,0.2477884143590927,0.2508898973464966,0.25070902705192566,0.25061270594596863,1.0000000447034836,1.3862812305398704,3.9999474780247417,0.32435446977615356,0.32397785782814026,0.35166770219802856,1.0000000298023224,1.0978625026235727,2.9977514849243403,1.0,1.0,-0.0,1.0,1.0,1.0,-0.0,1.0,0.33272022008895874,0.3350248634815216,0.33225488662719727,0.9999999701976776,1.0986056903961756,2.9999802052495035,1.0,1.0,-0.0,1.0,1.0,1.0,-0.0,1.0,1.0,1.0,-0.0,1.0,1.0,1.0,-0.0,1.0,1.0,1.0,-0.0,1.0,1.0,1.0,-0.0,1.0,1.0,1.0,-0.0,1.0,0.5166293382644653,0.5041495561599731
39,760,779,20,20,3984,3984,0,0.0,3984,0,0.0,0,65.5241044999566,49.080090599600226,0.17089599987957627,19.87944849813357,126.0308099000249,20.798213465205592,feasibility,not_applicable,-0.0028598055332189516,0.00014422651610590355,0.4492385706731251,-0.007280077883190224,0.0013468913837439483,0.012152777777777778,0.9997763066064744,0.13726397015390887,0.0,0.46262866258621216,1.5409362316131592,0.30117067694664,0.002833171049132943,0.013501190580427647,1.5381029844284058,0.30181607604026794,0.9979903697967529,0.0001,0.2478439062833786,0.2511594593524933,0.2506667971611023,0.25032979249954224,0.9999999552965164,1.3862812291037914,3.999947472280501,0.32386600971221924,0.32334837317466736,0.35278555750846863,0.9999999403953552,1.0977686270087972,2.9974700823693743,1.0,1.0,-0.0,1.0,1.0,1.0,-0.0,1.0,0.3328952491283417,0.3352525234222412,0.3318523168563843,1.0000000894069672,1.0986032001206931,2.9999727344816525,1.0,1.0,-0.0,1.0,1.0,1.0,-0.0,1.0,1.0,1.0,-0.0,1.0,1.0,1.0,-0.0,1.0,1.0,1.0,-0.0,1.0,1.0,1.0,-0.0,1.0,1.0,1.0,-0.0,1.0,0.5172558426856995,0.5048061013221741
40,780,799,20,20,4584,4584,0,0.0,4584,0,0.0,0,79.89363770000637,59.86010269902181,0.17609629989601672,24.270087001263164,138.57340650004335,20.982569782023702,feasibility,not_applicable,-0.0001133566159599771,0.0006608609283931502,0.47438336970905465,-0.004526759919826873,0.0013379190428774261,0.01239149306072957,0.9991958782904677,0.10736316076428112,0.006944444444444444,0.5799492597579956,1.5661169290542603,0.32297569513320923,0.003018763614818454,0.043538883328437805,1.5630981922149658,0.3312305808067322,0.9818274974822998,0.0001,0.24776780605316162,0.2510523796081543,0.25073838233947754,0.25044143199920654,1.0,1.3862806752031624,3.999945256707694,0.32371193170547485,0.32342728972435,0.35286086797714233,1.0000000894069672,1.097762276563643,2.9974510471604563,1.0,1.0,-0.0,1.0,1.0,1.0,-0.0,1.0,0.3326094150543213,0.33492210507392883,0.3324684202671051,0.9999999403953552,1.098606592758253,2.9999829123190946,1.0,1.0,-0.0,1.0,1.0,1.0,-0.0,1.0,1.0,1.0,-0.0,1.0,1.0,1.0,-0.0,1.0,1.0,1.0,-0.0,1.0,1.0,1.0,-0.0,1.0,1.0,1.0,-0.0,1.0,0.5171877145767212,0.5044688582420349
41,800,819,20,20,4701,4701,0,0.0,4701,0,0.0,0,79.74912309995852,60.10463989933487,0.16996929980814457,24.229485604795627,141.84281820000615,21.21467040913888,feasibility,not_applicable,0.0007583802389736111,0.00041728377451560135,0.4539306830312755,-0.003572284914175602,0.0020670604442145574,0.01596356593575832,0.9993249790088551,0.15239194760451447,0.04054054054054054,0.7311630845069885,1.5620079040527344,0.30382266640663147,0.002726901089772582,0.02791394107043743,1.5592809915542603,0.30963534116744995,0.991558849811554,0.0001,0.24796532094478607,0.25121548771858215,0.2508963346481323,0.24992282688617706,0.9999999701976776,1.3862814803444712,3.9999484772301495,0.32347580790519714,0.32313817739486694,0.3533860445022583,1.0000000298023224,1.0977161279636742,2.997312722182931,1.0,1.0,-0.0,1.0,1.0,1.0,-0.0,1.0,0.3326835036277771,0.33477357029914856,0.3325428366661072,0.9999999105930328,1.0986076009999488,2.9999859370284785,1.0,1.0,-0.0,1.0,1.0,1.0,-0.0,1.0,1.0,1.0,-0.0,1.0,1.0,1.0,-0.0,1.0,1.0,1.0,-0.0,1.0,1.0,1.0,-0.0,1.0,1.0,1.0,-0.0,1.0,0.5174123048782349,0.5043283104896545
42,820,839,20,20,4596,4596,0,0.0,4596,0,0.0,0,82.4716586000286,61.47772650164552,0.16432250011712313,25.524756299098954,143.03226869995706,20.38101976772221,feasibility,not_applicable,-0.0009909026783942762,0.0019825565333222686,0.4956674048056205,-0.004956298221562368,0.001262988691451028,0.013772035276310312,0.9998415551251836,0.1808316401956189,0.041666666666666664,0.7048231959342957,1.564552903175354,0.3361530900001526,-0.005398965906351805,0.06593313068151474,1.5699520111083984,0.3115299344062805,0.961529016494751,0.0001,0.24805369973182678,0.2512071132659912,0.2509928047657013,0.24974635243415833,0.9999999701976776,1.386281746698691,3.9999495426334475,0.32350653409957886,0.32314562797546387,0.3533478081226349,0.9999999701976776,1.0977195059643283,2.9973228471243685,1.0,1.0,-0.0,1.0,1.0,1.0,-0.0,1.0,0.3326978385448456,0.3345526158809662,0.33274954557418823,1.0,1.0986089437305213,2.999989965204018,1.0,1.0,-0.0,1.0,1.0,1.0,-0.0,1.0,1.0,1.0,-0.0,1.0,1.0,1.0,-0.0,1.0,1.0,1.0,-0.0,1.0,1.0,1.0,-0.0,1.0,1.0,1.0,-0.0,1.0,0.5172791481018066,0.5043171048164368
43,840,859,20,20,4899,4899,0,0.0,4899,0,0.0,0,83.51369159994647,62.18537909851875,0.157592999516055,27.701144100399688,151.49198239995167,20.84630518326176,feasibility,not_applicable,-0.0007513482153851103,0.0002660800407295926,0.532077574304172,-0.005939083634996666,0.002679776011772647,0.027849605754501634,0.9999957765851702,0.1346324277533726,0.006493506493506494,0.6812975406646729,1.6046781539916992,0.30327969789505005,0.0027415065560489893,0.023300712928175926,1.6019366979599,0.30832919478416443,0.9940972924232483,0.0001,0.24796611070632935,0.25108709931373596,0.2510756552219391,0.2498711198568344,0.9999999850988388,1.3862813552905286,3.9999479770208537,0.323481947183609,0.32317477464675903,0.3533431887626648,0.9999999105930328,1.0977199361409404,2.9973241365028334,1.0,1.0,-0.0,1.0,1.0,1.0,-0.0,1.0,0.3324905037879944,0.3343653380870819,0.3331441879272461,1.0000000298023224,1.098609575586598,2.9999918607665066,1.0,1.0,-0.0,1.0,1.0,1.0,-0.0,1.0,1.0,1.0,-0.0,1.0,1.0,1.0,-0.0,1.0,1.0,1.0,-0.0,1.0,1.0,1.0,-0.0,1.0,1.0,1.0,-0.0,1.0,0.5171670913696289,0.5044768452644348
44,860,879,20,20,4716,4716,0,0.0,4716,0,0.0,0,82.44541709998157,60.04728410136886,0.17557670024689287,28.0314470018493,142.63325370009989,20.952673939454833,feasibility,not_applicable,-0.0009584870264940971,0.00018717607796330608,0.4991083866035616,-0.005855983153073671,0.001402657270208127,0.01461724509057161,1.0007184969412315,0.13617014473404837,0.006756756756756757,0.511833131313324,1.6062511205673218,0.294888973236084,0.0019773158710449934,0.016942370682954788,1.6042736768722534,0.2965419888496399,0.9966990947723389,0.0001,0.24790814518928528,0.25093507766723633,0.2511429786682129,0.2500137984752655,1.0,1.38628122912162,3.9999474723518147,0.32361018657684326,0.3230343461036682,0.35335543751716614,0.9999999701976776,1.0977186727304402,2.997320349654439,1.0,1.0,-0.0,1.0,1.0,1.0,-0.0,1.0,0.3324090242385864,0.33398130536079407,0.3336096704006195,1.0,1.0986102620554417,2.9999939201681567,1.0,1.0,-0.0,1.0,1.0,1.0,-0.0,1.0,1.0,1.0,-0.0,1.0,1.0,1.0,-0.0,1.0,1.0,1.0,-0.0,1.0,1.0,1.0,-0.0,1.0,1.0,1.0,-0.0,1.0,0.5175500512123108,0.5043689012527466
45,880,899,20,20,4097,4097,0,0.0,4097,0,0.0,0,69.26058440003544,51.47129959939048,0.1537269992986694,21.305826106574386,129.69581759988796,20.59245120446829,feasibility,not_applicable,-0.00023282112983556894,0.00010147721664522508,0.48827271048839277,-0.005064810565314614,0.0018227069925230283,0.0265625,1.002142229446998,0.14628380352917772,0.023076923076923078,0.8400884866714478,1.5698134899139404,0.30468907952308655,0.0012152029667049646,0.01140009704977274,1.5685982704162598,0.30428773164749146,0.9986000657081604,0.0001,0.2480202466249466,0.25129494071006775,0.2510285973548889,0.24965621531009674,1.0,1.3862808039182424,3.9999457715610007,0.32274526357650757,0.32229480147361755,0.3549599349498749,1.0,1.0975706268833376,2.9968766416696093,1.0,1.0,-0.0,1.0,1.0,1.0,-0.0,1.0,0.3323900103569031,0.33420872688293457,0.33340129256248474,1.0000000298023224,1.0986098001656135,2.9999925345018004,1.0,1.0,-0.0,1.0,1.0,1.0,-0.0,1.0,1.0,1.0,-0.0,1.0,1.0,1.0,-0.0,1.0,1.0,1.0,-0.0,1.0,1.0,1.0,-0.0,1.0,1.0,1.0,-0.0,1.0,0.5186582207679749,0.5038328766822815
46,900,919,20,20,4659,4659,0,0.0,4659,0,0.0,0,82.45081160007976,62.13107750203926,0.15958290011622012,24.651146696181968,144.95640420005657,20.487476545575856,feasibility,not_applicable,0.0003236403548452136,0.00016492595773031585,0.47367259533437966,-0.004330622708450442,0.0021917907114871074,0.017043546875556037,0.9979220069434545,0.1294558998962788,0.0,0.44012823700904846,1.5889822244644165,0.3152303099632263,0.0014220373705029488,0.01612577959895134,1.5875602960586548,0.3157862424850464,0.9973831176757812,0.0001,0.24807661771774292,0.2515329420566559,0.2510429620742798,0.24934746325016022,0.9999999850988388,1.3862792224002018,3.9999394455796042,0.32246124744415283,0.3217824101448059,0.35575634241104126,1.0,1.0974927144835391,2.9966431569143537,1.0,1.0,-0.0,1.0,1.0,1.0,-0.0,1.0,0.33224380016326904,0.3340541124343872,0.33370211720466614,1.0000000298023224,1.098609526390158,2.9999917131775904,1.0,1.0,-0.0,1.0,1.0,1.0,-0.0,1.0,1.0,1.0,-0.0,1.0,1.0,1.0,-0.0,1.0,1.0,1.0,-0.0,1.0,1.0,1.0,-0.0,1.0,1.0,1.0,-0.0,1.0,0.5195751786231995,0.5037113428115845
47,920,939,20,20,4526,4526,0,0.0,4526,0,0.0,0,77.01165500003844,57.88371970131993,0.17736749968025833,24.147256000665948,139.82915610005148,20.87245466865035,feasibility,not_applicable,-0.0004223612806117031,0.00017855247555621966,0.46560570009997193,-0.00498914209351888,0.0009199819030751749,0.009109001842812754,0.9997507896221859,0.1260346552147202,0.007042253521126761,0.5943874716758728,1.5924307107925415,0.31428050994873047,0.0008479093085043132,0.015533591620624065,1.5915828943252563,0.3159175217151642,0.9975571036338806,0.0001,0.24822427332401276,0.2518526613712311,0.2512509822845459,0.2486720234155655,0.9999999403953552,1.3862745108752803,3.999920599809618,0.32208409905433655,0.3210265040397644,0.3568894565105438,1.0000000596046448,1.0973768742286292,2.9962960451123304,1.0,1.0,-0.0,1.0,1.0,1.0,-0.0,1.0,0.3320216238498688,0.33407074213027954,0.3339076638221741,1.0000000298023224,1.0986083977861665,2.9999883273768786,1.0,1.0,-0.0,1.0,1.0,1.0,-0.0,1.0,1.0,1.0,-0.0,1.0,1.0,1.0,-0.0,1.0,1.0,1.0,-0.0,1.0,1.0,1.0,-0.0,1.0,1.0,1.0,-0.0,1.0,0.5206401348114014,0.5038471817970276
48,940,959,20,20,4706,4706,0,0.0,4706,0,0.0,0,81.87576190009713,61.34280999924522,0.16761140001472086,24.9820532995509,145.81635300000198,20.66826074352543,feasibility,not_applicable,0.0004331083099886372,0.001517195010918029,0.47421983045500676,-0.0035504924048468268,0.000861177668903602,0.0071790540540540545,1.0007424733123265,0.16926083343757972,0.04054054054054054,1.0699069499969482,1.5756514072418213,0.336927592754364,-0.007696331012994051,0.0739305168390274,1.5833477973937988,0.30809903144836426,0.9518524408340454,0.0001,0.2482604682445526,0.2518329620361328,0.25139135122299194,0.24851523339748383,1.0000000149011612,1.3862733153393,3.9999158177634815,0.3220234513282776,0.32100173830986023,0.35697486996650696,1.0000000596046448,1.0973680113233537,2.9962694893419863,1.0,1.0,-0.0,1.0,1.0,1.0,-0.0,1.0,0.3322676122188568,0.3342549204826355,0.3334774672985077,1.0,1.0986092792381008,2.9999909717235584,1.0,1.0,-0.0,1.0,1.0,1.0,-0.0,1.0,1.0,1.0,-0.0,1.0,1.0,1.0,-0.0,1.0,1.0,1.0,-0.0,1.0,1.0,1.0,-0.0,1.0,1.0,1.0,-0.0,1.0,0.5204544067382812,0.5037928223609924
49,960,979,20,20,4594,4594,0,0.0,4594,0,0.0,0,76.81050859997049,56.76600510091521,0.1609358002897352,25.244570495560765,147.40275439992547,20.489421270329274,feasibility,not_applicable,0.0007960100127901468,0.00015562248432211668,0.5145394483374225,-0.004271573228632203,0.0016174286255490086,0.014214409722222222,1.0006554789013333,0.16315684247658485,0.027777777777777776,1.2699177265167236,1.6217743158340454,0.30184534192085266,0.0021411962807178497,0.014512087218463421,1.6196331977844238,0.29756563901901245,0.9976885318756104,0.0001,0.24850304424762726,0.2521975636482239,0.2515132427215576,0.24778614938259125,1.0,1.3862658380726667,3.999885909438217,0.32163870334625244,0.3207353353500366,0.3576259911060333,1.0000000298023224,1.097299134615252,2.9960631232699644,1.0,1.0,-0.0,1.0,1.0,1.0,-0.0,1.0,0.33235353231430054,0.3344680666923523,0.3331783711910248,0.9999999701976776,1.098608879033933,2.999989771114908,1.0,1.0,-0.0,1.0,1.0,1.0,-0.0,1.0,1.0,1.0,-0.0,1.0,1.0,1.0,-0.0,1.0,1.0,1.0,-0.0,1.0,1.0,1.0,-0.0,1.0,1.0,1.0,-0.0,1.0,0.5207107663154602,0.5040485262870789
50,980,999,20,20,5014,5014,0,0.0,5014,0,0.0,0,84.38986549992114,63.055129799526185,0.15290990006178617,27.90334700117819,153.92034189996775,21.03980376965732,feasibility,not_applicable,-0.002129860953251018,0.00016949176159282097,0.5490683730267272,-0.007535798526722702,0.0018953877461402194,0.01878056675195694,0.9999343239808385,0.15624586061303375,0.0,0.3847636878490448,1.6425784826278687,0.3022569417953491,0.0017653481336310506,0.014664586633443832,1.6408133506774902,0.3002023696899414,0.9976460933685303,0.0001,0.24863655865192413,0.25255608558654785,0.2516742944717407,0.2471330463886261,0.9999999850988388,1.3862555117048292,3.9998446053582692,0.3210057020187378,0.31975501775741577,0.3592393100261688,1.0000000298023224,1.097119514119675,2.9955250172558636,1.0,1.0,-0.0,1.0,1.0,1.0,-0.0,1.0,0.33242249488830566,0.33461907505989075,0.33295848965644836,1.0000000596046448,1.0986083616145303,2.9999882188623945,1.0,1.0,-0.0,1.0,1.0,1.0,-0.0,1.0,1.0,1.0,-0.0,1.0,1.0,1.0,-0.0,1.0,1.0,1.0,-0.0,1.0,1.0,1.0,-0.0,1.0,1.0,1.0,-0.0,1.0,0.5220269560813904,0.5043190121650696
51,1000,1019,20,20,4248,4248,0,0.0,4248,0,0.0,0,72.20327569998335,53.82798170030583,0.1791823002276942,22.642178897280246,130.90486509993207,20.914966693455987,feasibility,not_applicable,0.003416271810767366,0.005521880778346781,0.5511234596149245,0.0006659781706255318,0.0007499899040150053,0.007346082089552239,1.0005607155721579,0.1911309319756814,0.04477611940298507,1.2516249418258667,1.5915632247924805,0.33415666222572327,-0.006982291582971811,0.07863263040781021,1.5985454320907593,0.30954283475875854,0.9446260929107666,0.0001,0.24857932329177856,0.2525275647640228,0.2514655590057373,0.2474275380373001,0.9999999850988388,1.38626000861877,3.999862592355679,0.32120031118392944,0.3200734555721283,0.35872623324394226,1.0,1.0971779055701434,2.9956999354133482,1.0,1.0,-0.0,1.0,1.0,1.0,-0.0,1.0,0.3324016034603119,0.33453530073165894,0.3330630958080292,1.0,1.098608711211845,2.9999892676504034,1.0,1.0,-0.0,1.0,1.0,1.0,-0.0,1.0,1.0,1.0,-0.0,1.0,1.0,1.0,-0.0,1.0,1.0,1.0,-0.0,1.0,1.0,1.0,-0.0,1.0,1.0,1.0,-0.0,1.0,0.5213654041290283,0.5041491985321045
52,1020,1039,20,20,5099,5099,0,0.0,5099,0,0.0,0,88.048709900002,67.46162919874769,0.17986649984959513,27.984049201011658,160.24645419989247,20.536042328833126,feasibility,not_applicable,0.00013676160597242415,0.0005598962213298365,0.5725958971306682,-0.005309249309357255,0.0009870990588751738,0.008984375,0.9996941950172186,0.14766250369139017,0.0,0.4709863066673279,1.586269736289978,0.33341917395591736,0.0015551961259916425,0.039094556123018265,1.5847145318984985,0.3491479754447937,0.9862515926361084,0.0001,0.24851122498512268,0.25251713395118713,0.25140175223350525,0.24756982922554016,0.9999999403953552,1.386261494343643,3.999868535055436,0.3214918375015259,0.32023584842681885,0.35827234387397766,1.0000000298023224,1.097228171925654,2.9958505221159957,1.0,1.0,-0.0,1.0,1.0,1.0,-0.0,1.0,0.332529217004776,0.33455172181129456,0.33291903138160706,0.9999999701976776,1.0986088334701947,2.9999896344241623,1.0,1.0,-0.0,1.0,1.0,1.0,-0.0,1.0,1.0,1.0,-0.0,1.0,1.0,1.0,-0.0,1.0,1.0,1.0,-0.0,1.0,1.0,1.0,-0.0,1.0,1.0,1.0,-0.0,1.0,0.5212582349777222,0.5042790174484253
53,1040,1059,20,20,4343,4343,0,0.0,4343,0,0.0,0,73.8508408999769,54.937523000407964,0.14679949986748397,23.114992196904495,137.17929870006628,20.579998706493353,feasibility,not_applicable,-0.00030920284745447775,0.0001831284246102715,0.5685739742920679,-0.005903378269388615,0.0012248612389050644,0.014187834225594997,1.0000196261441006,0.1500495738514206,0.022058823529411766,0.5759293437004089,1.6066374778747559,0.3271750211715698,0.0001347060751868412,0.0222901813685894,1.6065027713775635,0.33746337890625,0.995358407497406,0.0001,0.24839407205581665,0.2523516118526459,0.251411497592926,0.24784283339977264,1.0000000149011612,1.38626486135428,3.999882002678013,0.32148978114128113,0.3203928768634796,0.35811734199523926,1.0,1.0972455005488535,2.995902436530657,1.0,1.0,-0.0,1.0,1.0,1.0,-0.0,1.0,0.3325289785861969,0.33443140983581543,0.33303964138031006,1.0000000298023224,1.0986093842499045,2.999991286758038,1.0,1.0,-0.0,1.0,1.0,1.0,-0.0,1.0,1.0,1.0,-0.0,1.0,1.0,1.0,-0.0,1.0,1.0,1.0,-0.0,1.0,1.0,1.0,-0.0,1.0,1.0,1.0,-0.0,1.0,0.5211734771728516,0.5044052004814148
54,1060,1079,20,20,4219,4219,0,0.0,4219,0,0.0,0,74.03449180000462,54.914546799031086,0.15269179979804903,22.954248898662627,130.60660139995161,20.616582593592703,feasibility,not_applicable,-0.0005659499332647432,0.0001504504333283738,0.537430872519811,-0.005865033331440028,0.002295328297557055,0.024157758731620783,1.00060183216225,0.17001193812624973,0.0,0.4989195168018341,1.5852173566818237,0.3231469690799713,0.000317337951855734,0.016013193875551224,1.58489990234375,0.33061113953590393,0.9975444078445435,0.0001,0.24838072061538696,0.2523292303085327,0.251379132270813,0.24791082739830017,0.9999999105930328,1.3862657032680157,3.9998853702350297,0.32150065898895264,0.3204934597015381,0.35800594091415405,1.0000000596046448,1.097257838666575,2.9959394005556335,1.0,1.0,-0.0,1.0,1.0,1.0,-0.0,1.0,0.33253026008605957,0.33452844619750977,0.33294135332107544,1.0000000596046448,1.0986089559289312,2.9999900017991252,1.0,1.0,-0.0,1.0,1.0,1.0,-0.0,1.0,1.0,1.0,-0.0,1.0,1.0,1.0,-0.0,1.0,1.0,1.0,-0.0,1.0,1.0,1.0,-0.0,1.0,1.0,1.0,-0.0,1.0,0.5215249061584473,0.5043334364891052
55,1080,1099,20,20,4810,4810,0,0.0,4810,0,0.0,0,79.72602970001753,59.60703339986503,0.1612946999957785,26.72629059839528,152.60541810002178,20.703180932009783,feasibility,not_applicable,0.0011814764615050272,0.00011439027222973221,0.5173797627028666,-0.003935126042434652,0.0007407681309335825,0.006578947368421052,0.999371446276966,0.13389055433339977,0.006578947368421052,0.5337139368057251,1.6341063976287842,0.30419832468032837,0.0011184526374563575,0.01375417597591877,1.6329879760742188,0.30969759821891785,0.9979556202888489,0.0001,0.24831895530223846,0.252322793006897,0.25147563219070435,0.24788260459899902,0.9999999850988388,1.3862645947742278,3.9998809363894017,0.32135748863220215,0.32026031613349915,0.3583821654319763,0.9999999701976776,1.097216317816328,2.9958150091868694,1.0,1.0,-0.0,1.0,1.0,1.0,-0.0,1.0,0.33242154121398926,0.33465656638145447,0.3329218924045563,1.0,1.0986081635021367,2.9999876245276065,1.0,1.0,-0.0,1.0,1.0,1.0,-0.0,1.0,1.0,1.0,-0.0,1.0,1.0,1.0,-0.0,1.0,1.0,1.0,-0.0,1.0,1.0,1.0,-0.0,1.0,1.0,1.0,-0.0,1.0,0.5220027565956116,0.5047113299369812
56,1100,1119,20,20,4971,4971,0,0.0,4971,0,0.0,0,90.06196059996728,67.07771320058964,0.16917839995585382,27.906945596449077,157.2650158999022,20.098899320845508,feasibility,not_applicable,0.004328223605392477,0.000985069727297135,0.5475687678807821,-0.0006549282369609827,0.0008816186273179483,0.006610576923076923,1.0002628297377856,0.2020320882125256,0.08333333333333333,3.269557476043701,1.6031111478805542,0.33955612778663635,-0.007028413005173206,0.07267607748508453,1.6101394891738892,0.3175569474697113,0.9541900753974915,0.0001,0.24829836189746857,0.2522636651992798,0.25153422355651855,0.2479037195444107,0.9999999701976776,1.3862648161759592,3.9998818219700647,0.32130855321884155,0.3203062117099762,0.35838523507118225,1.0,1.0972161370508045,2.99581446764685,1.0,1.0,-0.0,1.0,1.0,1.0,-0.0,1.0,0.332816481590271,0.33477091789245605,0.3324126601219177,1.0000000596046448,1.0986075254768908,2.999985710460375,1.0,1.0,-0.0,1.0,1.0,1.0,-0.0,1.0,1.0,1.0,-0.0,1.0,1.0,1.0,-0.0,1.0,1.0,1.0,-0.0,1.0,1.0,1.0,-0.0,1.0,1.0,1.0,-0.0,1.0,0.5219762325286865,0.5052059888839722
57,1120,1139,20,20,4612,4612,0,0.0,4612,0,0.0,0,77.0224695999641,57.47402890003286,0.16067459958139807,26.14404179842677,145.7878853000002,20.69921751199876,feasibility,not_applicable,-0.004664371351469053,0.00011196225294616066,0.5343506315799609,-0.009951896526952823,0.001124240263454514,0.010273972602739725,0.9995739525311613,0.1531259046790943,0.02054794520547945,1.1641803979873657,1.6203548908233643,0.3160633444786072,0.001753492746502161,0.012007375247776508,1.6186015605926514,0.3191876709461212,0.9985567331314087,0.0001,0.248170867562294,0.2522357404232025,0.25148677825927734,0.2481066733598709,1.0000000596046448,1.3862661090925834,3.9998869934871104,0.32083824276924133,0.3199571967124939,0.35920462012290955,1.0000000596046448,1.0971241018224966,2.995538759865961,1.0,1.0,-0.0,1.0,1.0,1.0,-0.0,1.0,0.3325646221637726,0.33464014530181885,0.33279523253440857,1.0,1.0986084087528059,2.999988360276669,1.0,1.0,-0.0,1.0,1.0,1.0,-0.0,1.0,1.0,1.0,-0.0,1.0,1.0,1.0,-0.0,1.0,1.0,1.0,-0.0,1.0,1.0,1.0,-0.0,1.0,1.0,1.0,-0.0,1.0,0.522783637046814,0.5044248700141907
58,1140,1159,20,20,4587,4587,0,0.0,4587,0,0.0,0,79.14588780002668,58.64094090019353,0.1628436999162659,26.060913298279047,139.6916482000379,20.960755105553037,feasibility,not_applicable,0.00043441718702928885,9.40604043585659e-05,0.5313369402041038,-0.004831921875140526,0.001274228723761755,0.010795179262964262,1.0000569969415665,0.15128126722346577,0.006944444444444444,0.6313546299934387,1.6291909217834473,0.2940880060195923,0.0020959475077688694,0.011102713644504547,1.6270949840545654,0.2956463098526001,0.9985747337341309,0.0001,0.24825230240821838,0.2524533271789551,0.25152018666267395,0.24777419865131378,1.0000000149011612,1.3862616947373965,3.9998693366041853,0.3204740583896637,0.31965142488479614,0.35987457633018494,1.0000000596046448,1.097046608702886,2.9953066352166924,1.0,1.0,-0.0,1.0,1.0,1.0,-0.0,1.0,0.33267468214035034,0.33465614914894104,0.3326692581176758,1.0000000894069672,1.0986083630927386,2.999988223297002,1.0,1.0,-0.0,1.0,1.0,1.0,-0.0,1.0,1.0,1.0,-0.0,1.0,1.0,1.0,-0.0,1.0,1.0,1.0,-0.0,1.0,1.0,1.0,-0.0,1.0,1.0,1.0,-0.0,1.0,0.5230298638343811,0.5048211216926575
59,1160,1179,20,20,4904,4904,0,0.0,4904,0,0.0,0,84.88891930005047,63.71744059934281,0.156927700038068,26.471825199201703,156.3562707999954,20.327866424886153,feasibility,not_applicable,-0.0010865362748116642,0.0008745312382404348,0.5374014441456113,-0.00602328476145283,0.0009311658039979346,0.011038961046218099,0.9999420526739838,0.16049677926998634,0.012987012987012988,0.5595239996910095,1.6136125326156616,0.338320791721344,-0.005428218748420477,0.0550474189221859,1.6190407276153564,0.315555214881897,0.9735261797904968,0.0001,0.24809281527996063,0.2525753974914551,0.251539409160614,0.24779243767261505,1.0000000596046448,1.386259365500111,3.9998600199702397,0.3195190727710724,0.31952735781669617,0.36095353960990906,0.9999999701976776,1.0969181028967459,2.9949217456536985,1.0,1.0,-0.0,1.0,1.0,1.0,-0.0,1.0,0.3333875834941864,0.3346007764339447,0.3320116400718689,1.0,1.098607253904226,2.999984895746372,1.0,1.0,-0.0,1.0,1.0,1.0,-0.0,1.0,1.0,1.0,-0.0,1.0,1.0,1.0,-0.0,1.0,1.0,1.0,-0.0,1.0,1.0,1.0,-0.0,1.0,1.0,1.0,-0.0,1.0,0.5243004560470581,0.5060886740684509
60,1180,1199,20,20,5191,5191,0,0.0,5191,0,0.0,0,84.73073349997867,63.810108299949206,0.16416620009113103,30.115267096902244,164.03130969998892,20.86733141931629,feasibility,not_applicable,0.00278232034250367,0.00012940836351357042,0.5448814023558687,-0.00260178914872884,0.0016869089336179924,0.015815548780487805,0.9999601444820079,0.15006475702564165,0.012195121951219513,0.5595580339431763,1.6432172060012817,0.3123249113559723,0.00018160998297389597,0.013274414464831352,1.643035650253296,0.3151719868183136,0.9981935620307922,0.0001,0.24793553352355957,0.25250566005706787,0.2513573467731476,0.24820151925086975,1.0000000596046448,1.3862631588524548,3.9998751928773992,0.319374144077301,0.31940922141075134,0.3612166941165924,1.0000000596046448,1.0968858809122548,2.9948252448863895,1.0,1.0,-0.0,1.0,1.0,1.0,-0.0,1.0,0.3334624469280243,0.3344343900680542,0.33210310339927673,0.9999999403953552,1.098608168301599,2.999987638925934,1.0,1.0,-0.0,1.0,1.0,1.0,-0.0,1.0,1.0,1.0,-0.0,1.0,1.0,1.0,-0.0,1.0,1.0,1.0,-0.0,1.0,1.0,1.0,-0.0,1.0,1.0,1.0,-0.0,1.0,0.5245677828788757,0.506187915802002
61,1200,1219,20,20,4702,4702,0,0.0,4702,0,0.0,0,79.69361539999954,58.63579660083633,0.17592769989278167,26.857749699847773,152.31084540009033,20.266851696664354,feasibility,not_applicable,-0.0008643700653133361,0.00011953213118898487,0.5259386357423421,-0.006063990491580822,0.0010169047266793535,0.010240709459459459,1.000102637990101,0.11854267822628892,0.013513513513513514,0.7970765829086304,1.6165496110916138,0.30111387372016907,0.0013601513346657157,0.014519350603222847,1.615189552307129,0.3037465214729309,0.9976749420166016,0.0001,0.24793347716331482,0.2525050938129425,0.2512646019458771,0.24829687178134918,1.0000000447034836,1.3862642968799215,3.9998797448478225,0.31917962431907654,0.31931301951408386,0.3615072965621948,0.9999999403953552,1.0968499065692185,2.9947175099535546,1.0,1.0,-0.0,1.0,1.0,1.0,-0.0,1.0,0.3334784209728241,0.33428993821144104,0.3322316110134125,0.9999999701976776,1.0986090601327139,2.9999903144094477,1.0,1.0,-0.0,1.0,1.0,1.0,-0.0,1.0,1.0,1.0,-0.0,1.0,1.0,1.0,-0.0,1.0,1.0,1.0,-0.0,1.0,1.0,1.0,-0.0,1.0,1.0,1.0,-0.0,1.0,0.5247413516044617,0.5061888694763184
62,1220,1239,20,20,4217,4217,0,0.0,4217,0,0.0,0,70.4270428000018,51.73801950039342,0.20821960037574172,23.633853499777615,130.1730358999921,21.021925950022712,feasibility,not_applicable,-0.0004363966908192996,6.937499052362523e-05,0.4982849671082063,-0.005384558488995853,0.0019334949249627464,0.023036699234084648,1.000925818627531,0.17641200559834638,0.007575757575757576,0.8696125149726868,1.6036970615386963,0.31535932421684265,0.0016897806199267507,0.00816741120070219,1.6020073890686035,0.3161363899707794,0.9993292689323425,0.0001,0.2475844919681549,0.25224342942237854,0.2509545683860779,0.24921748042106628,0.9999999701976776,1.3862695604674915,3.999900798620538,0.319437175989151,0.31958717107772827,0.3609757125377655,1.0000000596046448,1.0969153935755105,2.9949136314596068,1.0,1.0,-0.0,1.0,1.0,1.0,-0.0,1.0,0.3335932493209839,0.33430367708206177,0.33210304379463196,0.9999999701976776,1.098608500222108,2.999988634683523,1.0,1.0,-0.0,1.0,1.0,1.0,-0.0,1.0,1.0,1.0,-0.0,1.0,1.0,1.0,-0.0,1.0,1.0,1.0,-0.0,1.0,1.0,1.0,-0.0,1.0,1.0,1.0,-0.0,1.0,0.5249492526054382,0.5060145854949951
63,1240,1259,20,20,4596,4596,0,0.0,4596,0,0.0,0,81.80309470009524,60.43020809942391,0.16505159973166883,26.511849195696414,143.882698200061,20.364596020597887,feasibility,not_applicable,-0.0010498428342139556,6.902538115759348e-05,0.5115878786891699,-0.006131208522775624,0.003094019512193174,0.0284788995825996,0.9977935271130668,0.14826213384771514,0.013888888888888888,0.7380176186561584,1.603092908859253,0.3045346438884735,0.0018047945341095328,0.009266261011362076,1.6012881994247437,0.3076127767562866,0.9990741610527039,0.0001,0.24752865731716156,0.2522064447402954,0.2507898807525635,0.24947498738765717,0.9999999701976776,1.3862705876363302,3.999904907196106,0.3195728063583374,0.31980106234550476,0.36062610149383545,0.9999999701976776,1.09695775080356,2.99504049038596,1.0,1.0,-0.0,1.0,1.0,1.0,-0.0,1.0,0.3335288465023041,0.33446595072746277,0.33200520277023315,1.0,1.0986076598663985,2.999986113627005,1.0,1.0,-0.0,1.0,1.0,1.0,-0.0,1.0,1.0,1.0,-0.0,1.0,1.0,1.0,-0.0,1.0,1.0,1.0,-0.0,1.0,1.0,1.0,-0.0,1.0,1.0,1.0,-0.0,1.0,0.5250721573829651,0.5063446760177612
64,1260,1279,20,20,4699,4699,0,0.0,4699,0,0.0,0,80.09500760002993,59.33799949940294,0.18457250006031245,26.287318998598494,148.81464929995127,20.52774908510374,feasibility,not_applicable,0.000818123877350543,7.318789873868416e-05,0.48199604653023387,-0.0039652422435481,0.0019344531402394579,0.018659284288013302,1.0004997482976399,0.15052950759795872,0.006756756756756757,0.6122680306434631,1.6126704216003418,0.3177991807460785,0.001426444505341351,0.010552672669291496,1.6112439632415771,0.31894031167030334,0.9988973736763,0.0001,0.24750977754592896,0.25226983428001404,0.25085875391960144,0.24936169385910034,1.0000000596046448,1.3862693782977726,3.9999000699598004,0.3195735514163971,0.31993386149406433,0.36049261689186096,1.0000000298023224,1.0969737445892394,2.995088392804734,1.0,1.0,-0.0,1.0,1.0,1.0,-0.0,1.0,0.3334908187389374,0.33478865027427673,0.3317204713821411,0.9999999403953552,1.0986051649918558,2.9999786290473582,1.0,1.0,-0.0,1.0,1.0,1.0,-0.0,1.0,1.0,1.0,-0.0,1.0,1.0,1.0,-0.0,1.0,1.0,1.0,-0.0,1.0,1.0,1.0,-0.0,1.0,1.0,1.0,-0.0,1.0,0.5249295234680176,0.5067349672317505
65,1280,1299,20,20,4784,4784,0,0.0,4784,0,0.0,0,82.22151409997605,60.46735459996853,0.18914709985256195,28.44496640167199,146.38458489999175,20.9268257536763,feasibility,not_applicable,-0.0005441239848732949,5.070799926519006e-05,0.5136218659083048,-0.0056549882345522445,0.002224329966896524,0.01815972223877907,0.9990141824881236,0.1485342459132274,0.013333333333333334,0.550977885723114,1.6489744186401367,0.3026893436908722,0.0008234542328864336,0.007722079753875732,1.64815092086792,0.3032614290714264,0.9993491768836975,0.0001,0.24726571142673492,0.251919686794281,0.25085026025772095,0.24996428191661835,0.9999999403953552,1.3862705322116076,3.9999046855024925,0.320244163274765,0.32054218649864197,0.35921362042427063,0.9999999701976776,1.0971235966763624,2.995537246681519,1.0,1.0,-0.0,1.0,1.0,1.0,-0.0,1.0,0.33350032567977905,0.33474355936050415,0.331756055355072,0.9999999403953552,1.0986055244508446,2.9999797074168364,1.0,1.0,-0.0,1.0,1.0,1.0,-0.0,1.0,1.0,1.0,-0.0,1.0,1.0,1.0,-0.0,1.0,1.0,1.0,-0.0,1.0,1.0,1.0,-0.0,1.0,1.0,1.0,-0.0,1.0,0.524522602558136,0.5064776539802551
66,1300,1319,20,20,4880,4880,0,0.0,4880,0,0.0,0,86.17364729999099,63.38532680121716,0.16168000013567507,28.253282107878476,151.05485369998496,20.57088410300453,feasibility,not_applicable,-0.0031390882810795463,0.0012151665176299337,0.480663311752406,-0.007338138331973611,0.001059071012687954,0.010146103896103896,0.9991406372615269,0.13530410837091797,0.012987012987012988,0.6100361347198486,1.6128156185150146,0.3346685767173767,-0.00663980795070529,0.06918737292289734,1.6194554567337036,0.30881762504577637,0.9572610855102539,0.0001,0.24721413850784302,0.2518601417541504,0.251199334859848,0.24972644448280334,1.0000000596046448,1.3862688790230877,3.999898072911452,0.3199232220649719,0.32028236985206604,0.35979437828063965,0.9999999701976776,1.0970564124558844,2.9953360006070437,1.0,1.0,-0.0,1.0,1.0,1.0,-0.0,1.0,0.33419397473335266,0.3354093134403229,0.33039671182632446,1.0,1.0985917536321337,2.999938395524599,1.0,1.0,-0.0,1.0,1.0,1.0,-0.0,1.0,1.0,1.0,-0.0,1.0,1.0,1.0,-0.0,1.0,1.0,1.0,-0.0,1.0,1.0,1.0,-0.0,1.0,1.0,1.0,-0.0,1.0,0.524653971195221,0.5075487494468689
67,1320,1339,20,20,4786,4786,0,0.0,4786,0,0.0,0,83.85898589994758,62.56170529976953,0.19270960008725524,28.196143500041217,148.50641770008951,20.596869955038503,feasibility,not_applicable,0.00029392456635832784,0.00012046099400322418,0.49496523082256316,-0.004595497098440925,0.0015764322878870493,0.017291666666666667,0.9994784045219421,0.15415786631405354,0.02666666666666667,0.8496106266975403,1.646175742149353,0.307148277759552,0.0005842255195602775,0.012250225991010666,1.645591378211975,0.3051223158836365,0.9984092712402344,0.0001,0.24721990525722504,0.25192883610725403,0.25139856338500977,0.24945268034934998,0.9999999850988388,1.3862669138956374,3.9998902126096736,0.3197632431983948,0.3202362060546875,0.36000052094459534,0.9999999701976776,1.0970321500765545,2.9952633275103913,1.0,1.0,-0.0,1.0,1.0,1.0,-0.0,1.0,0.3340817987918854,0.335332989692688,0.33058521151542664,1.0,1.0985941034944666,2.9999454449751184,1.0,1.0,-0.0,1.0,1.0,1.0,-0.0,1.0,1.0,1.0,-0.0,1.0,1.0,1.0,-0.0,1.0,1.0,1.0,-0.0,1.0,1.0,1.0,-0.0,1.0,1.0,1.0,-0.0,1.0,0.5247822403907776,0.5075162053108215
68,1340,1359,20,20,4717,4717,0,0.0,4717,0,0.0,0,79.34481500007678,58.726134799653664,0.18186409992631525,26.664495201781392,151.00070620002225,20.477932348866403,feasibility,not_applicable,-0.00039281453811437696,5.112195333060447e-05,0.5214719204483805,-0.005581972044515046,0.0013935639050229125,0.012985641891891891,1.0004241752463419,0.16261208880491354,0.0,0.44313856959342957,1.6447606086730957,0.2990333139896393,0.0010626683942973614,0.007395423483103514,1.64369797706604,0.29775357246398926,0.9993883967399597,0.0001,0.24729405343532562,0.2521623373031616,0.25139090418815613,0.24915264546871185,0.9999999403953552,1.386265016400157,3.9998826228432742,0.31939032673835754,0.3196660876274109,0.36094361543655396,1.0000000298023224,1.0969192615871413,2.9949252158427706,1.0,1.0,-0.0,1.0,1.0,1.0,-0.0,1.0,0.3340464234352112,0.3355121910572052,0.3304414451122284,1.0000000596046448,1.0985918457151127,2.999938671767876,1.0,1.0,-0.0,1.0,1.0,1.0,-0.0,1.0,1.0,1.0,-0.0,1.0,1.0,1.0,-0.0,1.0,1.0,1.0,-0.0,1.0,1.0,1.0,-0.0,1.0,1.0,1.0,-0.0,1.0,0.5253224968910217,0.5074250102043152
69,1360,1379,20,20,5105,5105,0,0.0,5105,0,0.0,0,87.13725259993225,65.44422219891567,0.17184179986361414,28.915166099905036,159.64281630003825,20.686435589209815,feasibility,not_applicable,0.00013152844039723277,0.0034701247675002376,0.5488835981115698,-0.0036222450580680743,0.001496900742768048,0.01474609375,0.9997506819665432,0.2035383859765716,0.05625,2.2556748390197754,1.6096603870391846,0.32317307591438293,-0.00492396205663681,0.07084325700998306,1.6145843267440796,0.3045380413532257,0.9519463181495667,0.0001,0.2472900152206421,0.25205960869789124,0.25156715512275696,0.24908322095870972,1.0,1.386264574204776,3.999880854114044,0.319321870803833,0.3196529746055603,0.3610251843929291,1.0000000298023224,1.0969092795620856,2.994895320573434,1.0,1.0,-0.0,1.0,1.0,1.0,-0.0,1.0,0.33422091603279114,0.33587872982025146,0.329900324344635,0.9999999701976776,1.0985836718204012,2.9999141506852487,1.0,1.0,-0.0,1.0,1.0,1.0,-0.0,1.0,1.0,1.0,-0.0,1.0,1.0,1.0,-0.0,1.0,1.0,1.0,-0.0,1.0,1.0,1.0,-0.0,1.0,1.0,1.0,-0.0,1.0,0.5251955986022949,0.5072920322418213
70,1380,1399,20,20,5102,5102,0,0.0,5102,0,0.0,0,90.60746219998691,67.95902230159845,0.18253740016371012,29.260117799509317,159.44958189991303,20.40334443832627,feasibility,not_applicable,0.0006109367241151631,0.004546824882345391,0.5366734776645898,-0.0024823857253068126,0.0013608419816591778,0.016813858691602946,1.0015332382172346,0.2498528355034068,0.075,0.8511627912521362,1.5782251358032227,0.36344873905181885,-0.010368897579610348,0.08702033013105392,1.5885939598083496,0.32852476835250854,0.9426735639572144,0.0001,0.24731959402561188,0.2519557476043701,0.2517260015010834,0.24899868667125702,1.0000000298023224,1.3862643693855676,3.9998800348616985,0.3194650709629059,0.31994789838790894,0.3605869710445404,0.9999999403953552,1.096962316949652,2.9950541662096137,1.0,1.0,-0.0,1.0,1.0,1.0,-0.0,1.0,0.33418750762939453,0.3357216417789459,0.33009085059165955,1.0,1.0985868375894623,2.999923647735686,1.0,1.0,-0.0,1.0,1.0,1.0,-0.0,1.0,1.0,1.0,-0.0,1.0,1.0,1.0,-0.0,1.0,1.0,1.0,-0.0,1.0,1.0,1.0,-0.0,1.0,1.0,1.0,-0.0,1.0,0.5247535109519958,0.5071535706520081
71,1400,1419,20,20,4821,4821,0,0.0,4821,0,0.0,0,83.41040499997325,62.489552901126444,0.18452289944980294,27.50707200006582,149.55027350003365,20.694479562137165,feasibility,not_applicable,0.0015956456803618685,0.005113962893741892,0.5878686861772286,-0.0017260593686890054,0.007061102264407581,0.05439869206594793,0.997815975625264,0.21277646405475312,0.03289473684210526,4.433337211608887,1.6073846817016602,0.359997421503067,-0.005788980983197689,0.08643238246440887,1.6131736040115356,0.3494455814361572,0.9423559904098511,0.0001,0.24726730585098267,0.25191688537597656,0.25170955061912537,0.24910622835159302,0.9999999701976776,1.3862645980559392,3.9998809495158567,0.31943008303642273,0.31994885206222534,0.36062106490135193,1.0,1.0969581921281915,2.9950418121713924,1.0,1.0,-0.0,1.0,1.0,1.0,-0.0,1.0,0.334229052066803,0.33573800325393677,0.3300328552722931,0.9999999105930328,1.0985860306555024,2.999921226996394,1.0,1.0,-0.0,1.0,1.0,1.0,-0.0,1.0,1.0,1.0,-0.0,1.0,1.0,1.0,-0.0,1.0,1.0,1.0,-0.0,1.0,1.0,1.0,-0.0,1.0,1.0,1.0,-0.0,1.0,0.5246420502662659,0.5070253014564514
72,1420,1439,20,20,4865,4865,0,0.0,4865,0,0.0,0,86.12718000006862,64.4130556996679,0.17765650001820177,27.619790401076898,154.08325779996812,20.25307494776672,feasibility,not_applicable,0.00087276559516594,0.0006806038563572892,0.5399599115956913,-0.004186531368570475,0.003724628026814914,0.02932224025974026,1.0002016045830466,0.13850982450916396,0.006493506493506494,0.5752652883529663,1.606595516204834,0.3473309278488159,-0.0001299013674724847,0.03997122868895531,1.6067253351211548,0.3538592755794525,0.9867563247680664,0.0001,0.2471446990966797,0.251779168844223,0.2516419589519501,0.24943415820598602,0.9999999850988388,1.3862656503958077,3.999885158752264,0.3192822337150574,0.3198683559894562,0.36084938049316406,0.9999999701976776,1.0969305096942314,2.994958903271785,1.0,1.0,-0.0,1.0,1.0,1.0,-0.0,1.0,0.33425143361091614,0.33580031991004944,0.32994821667671204,0.9999999701976776,1.0985846689257706,2.9999171419172472,1.0,1.0,-0.0,1.0,1.0,1.0,-0.0,1.0,1.0,1.0,-0.0,1.0,1.0,1.0,-0.0,1.0,1.0,1.0,-0.0,1.0,1.0,1.0,-0.0,1.0,1.0,1.0,-0.0,1.0,0.5245499610900879,0.5071189999580383
73,1440,1459,20,20,5249,5249,0,0.0,5249,0,0.0,0,88.78831119998358,66.78142140177079,0.1678357010241598,29.74314510077238,166.99726279987954,20.521094751038653,feasibility,not_applicable,0.012653255464890635,0.0003398156379086894,0.5266823185136519,0.0075563402279807505,0.0011742472556049385,0.01120105421686747,1.0001895280487567,0.1346720045948603,0.0,0.4443040192127228,1.6166468858718872,0.3455990254878998,-0.00014499328972306103,0.02730533853173256,1.6167919635772705,0.35480156540870667,0.9937576055526733,0.0001,0.24705180525779724,0.25168055295944214,0.2516399025917053,0.2496277391910553,1.0,1.3862656286406199,3.999885071734012,0.31918469071388245,0.3198305666446686,0.3609846532344818,0.9999999105930328,1.0969139726922847,2.9949093760400882,1.0,1.0,-0.0,1.0,1.0,1.0,-0.0,1.0,0.33439409732818604,0.33592936396598816,0.3296765387058258,1.0,1.098580387730212,2.9999042987127957,1.0,1.0,-0.0,1.0,1.0,1.0,-0.0,1.0,1.0,1.0,-0.0,1.0,1.0,1.0,-0.0,1.0,1.0,1.0,-0.0,1.0,1.0,1.0,-0.0,1.0,1.0,1.0,-0.0,1.0,0.5244127511978149,0.5073063969612122
74,1460,1479,20,20,5339,5339,0,0.0,5339,0,0.0,0,92.08782300003804,68.88793349871412,0.1977270997595042,31.600209604017437,164.0571705000475,20.843663298061756,feasibility,not_applicable,-0.00024366930648241016,0.004418730656262986,0.5370326893670219,-0.0034046301720774778,0.00040710287153377154,0.002976190476190476,0.9997415152334032,0.1725909416120322,0.017857142857142856,1.2855967283248901,1.6423498392105103,0.35298511385917664,-0.006274363026022911,0.07076508551836014,1.6486241817474365,0.3419671058654785,0.9598093032836914,0.0001,0.24701005220413208,0.25175362825393677,0.25179415941238403,0.24944213032722473,0.9999999701976776,1.3862632166596387,3.999875424098927,0.3186527490615845,0.3193606436252594,0.3619866669178009,1.0000000596046448,1.0967894521305854,2.994536471459971,1.0,1.0,-0.0,1.0,1.0,1.0,-0.0,1.0,0.3342476785182953,0.3358333110809326,0.32991907000541687,1.0000000596046448,1.098584144366664,2.999915568283804,1.0,1.0,-0.0,1.0,1.0,1.0,-0.0,1.0,1.0,1.0,-0.0,1.0,1.0,1.0,-0.0,1.0,1.0,1.0,-0.0,1.0,1.0,1.0,-0.0,1.0,1.0,1.0,-0.0,1.0,0.5254546403884888,0.5070907473564148
75,1480,1499,20,20,5246,5246,0,0.0,5246,0,0.0,0,92.38254879997112,69.2082097006496,0.16142059979029,30.957272794330493,166.8634973000735,20.235602736928673,feasibility,not_applicable,-0.0003755507400123084,0.00027679001864382326,0.5319720853756114,-0.005556876977008381,0.001029426963125333,0.009435237998642572,1.0003623395431331,0.12180006036126031,0.0,0.42040175199508667,1.6230664253234863,0.32781609892845154,-1.9598935978137888e-05,0.023375779390335083,1.6230859756469727,0.3354312479496002,0.994915246963501,0.0001,0.24698831140995026,0.2518111765384674,0.25177451968193054,0.249426007270813,1.0000000149011612,1.3862626656862238,3.9998732202745124,0.3182980716228485,0.31913530826568604,0.36256664991378784,1.0000000298023224,1.096715255541811,2.994314295311286,1.0,1.0,-0.0,1.0,1.0,1.0,-0.0,1.0,0.33433690667152405,0.3356774151325226,0.3299856185913086,0.9999999403953552,1.0985856833852494,2.9999201852131714,1.0,1.0,-0.0,1.0,1.0,1.0,-0.0,1.0,1.0,1.0,-0.0,1.0,1.0,1.0,-0.0,1.0,1.0,1.0,-0.0,1.0,1.0,1.0,-0.0,1.0,1.0,1.0,-0.0,1.0,0.5254928469657898,0.5072001218795776
76,1500,1519,20,20,5134,5134,0,0.0,5134,0,0.0,0,90.62370279990137,67.19887039903551,0.17211310076527297,30.939897093223408,159.61004259996116,20.51681715348221,feasibility,not_applicable,8.658150406439364e-05,0.002593217939760013,0.5231684628460143,-0.0038484937028476487,0.0010607866932354857,0.01201499120136838,1.0001260410120458,0.1437705284398463,0.024691358024691357,0.5975868105888367,1.6091012954711914,0.3505353629589081,-0.0061081633903086185,0.07144899666309357,1.615209698677063,0.33715522289276123,0.9584540724754333,0.0001,0.2471206784248352,0.251633882522583,0.2519844174385071,0.2492610663175583,1.0000000447034836,1.386263457634954,3.9998763879702843,0.31866052746772766,0.3192394971847534,0.3621000051498413,1.0000000298023224,1.0967752246234788,2.994493866974121,1.0,1.0,-0.0,1.0,1.0,1.0,-0.0,1.0,0.3341129422187805,0.3356988728046417,0.33018815517425537,0.9999999701976776,1.098588115765301,2.9999274821680606,1.0,1.0,-0.0,1.0,1.0,1.0,-0.0,1.0,1.0,1.0,-0.0,1.0,1.0,1.0,-0.0,1.0,1.0,1.0,-0.0,1.0,1.0,1.0,-0.0,1.0,1.0,1.0,-0.0,1.0,0.5250182747840881,0.5071476697921753
77,1520,1539,20,20,5002,5002,0,0.0,5002,0,0.0,0,86.19500159984455,63.44995099934749,0.17482419917359948,29.330207004211843,158.8280774001032,20.41440349380748,feasibility,not_applicable,0.0015674942656408383,0.0008711014539769651,0.5460237709781791,-0.0034571931715111567,0.0015444506922754448,0.016950158237279217,1.0000798204277135,0.16504040194227348,0.02531645569620253,3.437361240386963,1.6045383214950562,0.393939346075058,-0.012580398470163345,0.07193981856107712,1.6171187162399292,0.36036157608032227,0.966651201248169,0.0001,0.24703601002693176,0.25158050656318665,0.25169822573661804,0.24968522787094116,0.9999999701976776,1.3862657706032482,3.99988563956825,0.3191811442375183,0.3189798891544342,0.3618389368057251,0.9999999701976776,1.0968084255258777,2.9945932885231654,1.0,1.0,-0.0,1.0,1.0,1.0,-0.0,1.0,0.33394095301628113,0.33550789952278137,0.3305511176586151,0.9999999701976776,1.0985930110039244,2.9999421675648827,1.0,1.0,-0.0,1.0,1.0,1.0,-0.0,1.0,1.0,1.0,-0.0,1.0,1.0,1.0,-0.0,1.0,1.0,1.0,-0.0,1.0,1.0,1.0,-0.0,1.0,1.0,1.0,-0.0,1.0,0.5247397422790527,0.5072157979011536
78,1540,1559,20,20,4319,4319,0,0.0,4319,0,0.0,0,73.13796849991195,53.78701529861428,0.1750032005365938,24.225408596917987,130.99723600014113,21.157546100770077,feasibility,not_applicable,0.0007371398079318597,0.0001917198909295086,0.545952829587109,-0.004626528260654167,0.0031347950592616517,0.030675551470588234,0.9993554857723853,0.1447119785417967,0.007352941176470588,0.8706247210502625,1.5884331464767456,0.33263275027275085,0.0009879375575110316,0.02060753107070923,1.5874451398849487,0.3410191535949707,0.9961618781089783,0.0001,0.24689139425754547,0.2515178322792053,0.2516883611679077,0.24990235269069672,0.9999999403953552,1.3862646248862578,3.9998810568339382,0.3189055621623993,0.3188631236553192,0.3622313439846039,1.0000000298023224,1.0967587835503037,2.9944446346860483,1.0,1.0,-0.0,1.0,1.0,1.0,-0.0,1.0,0.33376628160476685,0.33546528220176697,0.3307684361934662,1.0,1.098595310849041,2.999949066975161,1.0,1.0,-0.0,1.0,1.0,1.0,-0.0,1.0,1.0,1.0,-0.0,1.0,1.0,1.0,-0.0,1.0,1.0,1.0,-0.0,1.0,1.0,1.0,-0.0,1.0,1.0,1.0,-0.0,1.0,0.5250478982925415,0.5069341659545898
79,1560,1579,20,20,5307,5307,0,0.0,5307,0,0.0,0,92.16560980002396,68.17995640123263,0.16729939985089004,32.994180095614865,165.61468719993718,20.587298803526476,feasibility,not_applicable,-0.0012010146515915193,0.00011862449122944157,0.5351318043757634,-0.006493019376297942,0.001808567221573812,0.0207158081480358,0.9995508165244597,0.15716778857251965,0.006024096385542169,0.5722081661224365,1.6454830169677734,0.32150477170944214,-0.001011217013001442,0.014522173441946507,1.6464943885803223,0.32816946506500244,0.9979597330093384,0.0001,0.24706247448921204,0.2518552243709564,0.25188297033309937,0.24919934570789337,1.0000000149011612,1.3862618171354908,3.9998698261805994,0.31852009892463684,0.31805676221847534,0.3634231388568878,1.0,1.096603639593409,2.9939801007324705,1.0,1.0,-0.0,1.0,1.0,1.0,-0.0,1.0,0.333803653717041,0.33545491099357605,0.3307414948940277,1.0000000596046448,1.0985951228827102,2.9999485030857955,1.0,1.0,-0.0,1.0,1.0,1.0,-0.0,1.0,1.0,1.0,-0.0,1.0,1.0,1.0,-0.0,1.0,1.0,1.0,-0.0,1.0,1.0,1.0,-0.0,1.0,1.0,1.0,-0.0,1.0,0.5257707834243774,0.5064322352409363
80,1580,1599,20,20,5022,5022,0,0.0,5022,0,0.0,0,84.55980719998479,62.66900770040229,0.16446590004488826,29.917225290089846,160.27959370007738,20.511404543298426,feasibility,not_applicable,0.0014735286513084098,9.268237685134835e-05,0.5553802981784072,-0.004033932429915176,0.0017417029078307124,0.02038502110804938,1.0000644156449958,0.15009518342587766,0.006329113924050633,0.5805535912513733,1.6941357851028442,0.31811556220054626,-0.0016904209041967988,0.01281256228685379,1.6958262920379639,0.32272595167160034,0.998377799987793,0.0001,0.24700859189033508,0.25178903341293335,0.25197237730026245,0.24922999739646912,1.0,1.3862610590050473,3.9998667937586636,0.31861692667007446,0.3181302845478058,0.36325281858444214,1.0000000298023224,1.096626150005022,2.994047497215458,1.0,1.0,-0.0,1.0,1.0,1.0,-0.0,1.0,0.3339223563671112,0.3352333605289459,0.3308441638946533,0.9999998807907104,1.0985970347336629,2.9999542385456817,1.0,1.0,-0.0,1.0,1.0,1.0,-0.0,1.0,1.0,1.0,-0.0,1.0,1.0,1.0,-0.0,1.0,1.0,1.0,-0.0,1.0,1.0,1.0,-0.0,1.0,1.0,1.0,-0.0,1.0,0.5256382822990417,0.5061298608779907
81,1600,1619,20,20,5201,5201,0,0.0,5201,0,0.0,0,88.68407610012218,64.98194980272092,0.20568240038119256,31.552932098973542,163.1615200000815,20.651542375712772,feasibility,not_applicable,0.0011219588085645583,9.488358874455671e-05,0.5448891338778705,-0.004279490300488272,0.0007171487566488284,0.0069101954833036515,0.9992789626121521,0.12733325289516914,0.0,0.31971845030784607,1.6586064100265503,0.31461700797080994,-0.0004557560314424336,0.012162876315414906,1.659062147140503,0.31928789615631104,0.9985054731369019,5e-05,0.24704669415950775,0.25183022022247314,0.251880019903183,0.24924306571483612,1.0,1.386261966513656,3.9998704236738596,0.3186166286468506,0.31818559765815735,0.36319777369499207,1.0,1.096633438198704,2.9940693184930294,1.0,1.0,-0.0,1.0,1.0,1.0,-0.0,1.0,0.33388304710388184,0.33531853556632996,0.3307984471321106,1.0000000298023224,1.098596275739198,2.999951961597884,1.0,1.0,-0.0,1.0,1.0,1.0,-0.0,1.0,1.0,1.0,-0.0,1.0,1.0,1.0,-0.0,1.0,1.0,1.0,-0.0,1.0,1.0,1.0,-0.0,1.0,1.0,1.0,-0.0,1.0,0.5255941152572632,0.5061900019645691
82,1620,1639,20,20,5265,5265,0,0.0,5265,0,0.0,0,89.14130449993536,65.55620860145427,0.162570099812001,31.36224169936031,164.3056868999265,20.773574667112303,feasibility,not_applicable,-0.0015437027484358076,0.0013211670347260795,0.5432990056922636,-0.006316108962924904,0.00035576787690459527,0.003670933734939759,0.9995616046060999,0.13721964964979744,0.03614457831325301,0.8047384023666382,1.6055936813354492,0.332488477230072,-0.00571021530777216,0.06046900898218155,1.6113039255142212,0.3180236518383026,0.9669240117073059,5e-05,0.24704903364181519,0.2518223822116852,0.2518743574619293,0.24925416707992554,0.9999999403953552,1.3862621041039764,3.999870974017351,0.31865349411964417,0.3182240128517151,0.3631225526332855,1.0000000596046448,1.0966433373999827,2.9940989575345567,1.0,1.0,-0.0,1.0,1.0,1.0,-0.0,1.0,0.33399176597595215,0.33542361855506897,0.3305846154689789,1.0,1.0985937340582674,2.9999443366868803,1.0,1.0,-0.0,1.0,1.0,1.0,-0.0,1.0,1.0,1.0,-0.0,1.0,1.0,1.0,-0.0,1.0,1.0,1.0,-0.0,1.0,1.0,1.0,-0.0,1.0,1.0,1.0,-0.0,1.0,0.5255765914916992,0.5061876773834229
83,1640,1659,20,20,5327,5327,0,0.0,5327,0,0.0,0,90.9775100001134,67.59668559744023,0.16269169957377017,32.65465690358542,161.22928199986927,21.121556472596367,feasibility,not_applicable,0.0010696096079690115,0.00010725553441997839,0.53428696450733,-0.004219631958265035,0.0007448280774128978,0.006510416666666667,0.9992653528849283,0.11038569763435849,0.0,0.4440304934978485,1.6490840911865234,0.31244197487831116,-0.000677723903208971,0.015216822735965252,1.64976167678833,0.315841406583786,0.9976280331611633,5e-05,0.24706482887268066,0.25186750292778015,0.2518955171108246,0.2491721510887146,1.0,1.3862615649384755,3.999868817425495,0.3183465301990509,0.3180207312107086,0.36363279819488525,1.0000000596046448,1.096575835579686,2.993896857225921,1.0,1.0,-0.0,1.0,1.0,1.0,-0.0,1.0,0.3339429795742035,0.3354775309562683,0.3305794894695282,1.0,1.098593442929122,2.9999434633157764,1.0,1.0,-0.0,1.0,1.0,1.0,-0.0,1.0,1.0,1.0,-0.0,1.0,1.0,1.0,-0.0,1.0,1.0,1.0,-0.0,1.0,1.0,1.0,-0.0,1.0,1.0,1.0,-0.0,1.0,0.5257821679115295,0.5062344074249268
84,1660,1679,20,20,4846,4846,0,0.0,4846,0,0.0,0,84.40312230004929,62.371235602069646,0.16322829946875572,28.236212199553847,149.64086279994808,20.705509684128405,feasibility,not_applicable,-0.0026662776883887617,0.0017733372356145225,0.5018950484104847,-0.006798558883785613,0.0013094660234377155,0.011222647306950469,0.9987101033329964,0.15392517516585558,0.046052631578947366,0.801933765411377,1.5920460224151611,0.35492053627967834,-0.011439398862421513,0.09142443537712097,1.6034854650497437,0.31506091356277466,0.9336467385292053,5e-05,0.24705839157104492,0.2518123686313629,0.2519640028476715,0.24916525185108185,1.0000000149011612,1.3862613492799993,3.999867954819974,0.3183170258998871,0.31811007857322693,0.363572895526886,1.0,1.0965838668921746,2.993920902243696,1.0,1.0,-0.0,1.0,1.0,1.0,-0.0,1.0,0.33411672711372375,0.3356029987335205,0.3302803039550781,1.0000000298023224,1.0985896378104183,2.999932048196512,1.0,1.0,-0.0,1.0,1.0,1.0,-0.0,1.0,1.0,1.0,-0.0,1.0,1.0,1.0,-0.0,1.0,1.0,1.0,-0.0,1.0,1.0,1.0,-0.0,1.0,1.0,1.0,-0.0,1.0,0.525638997554779,0.5066167116165161
85,1680,1699,20,20,5115,5115,0,0.0,5115,0,0.0,0,86.13052599993534,64.16170939523727,0.15898649976588786,29.087372809648514,162.92945690010674,20.537221357044974,feasibility,not_applicable,0.0002935775613877922,0.001250509647798026,0.5340992579236626,-0.004422160302056,0.0005769297189544886,0.00673828125,1.0005885824561118,0.2788526007672772,0.125,2.636181592941284,1.575765609741211,0.35668236017227173,2.8303991712164134e-05,0.07340303808450699,1.5757372379302979,0.37837088108062744,0.9576488733291626,5e-05,0.2470565289258957,0.2517749071121216,0.25197380781173706,0.24919472634792328,0.9999999701976776,1.3862615976864834,3.9998689484132326,0.31852108240127563,0.3182383179664612,0.36324065923690796,1.0000000596046448,1.0966278806658927,2.99405267890079,1.0,1.0,-0.0,1.0,1.0,1.0,-0.0,1.0,0.33393943309783936,0.3355271816253662,0.33053338527679443,1.0,1.098592741668549,2.999941359574442,1.0,1.0,-0.0,1.0,1.0,1.0,-0.0,1.0,1.0,1.0,-0.0,1.0,1.0,1.0,-0.0,1.0,1.0,1.0,-0.0,1.0,1.0,1.0,-0.0,1.0,1.0,1.0,-0.0,1.0,0.525574803352356,0.5066282153129578
86,1700,1719,20,20,4686,4686,0,0.0,4686,0,0.0,0,78.81281529995613,57.474465797655284,0.15665469993837178,27.18514550779946,152.01053369999863,20.301239109050957,feasibility,not_applicable,-0.0019922953136768695,0.00016666450465964845,0.5300234739442129,-0.007209198171826634,0.002225558540934848,0.02307553090960593,0.9996996884410446,0.25577618493824394,0.10810810810810811,1.4198251962661743,1.606806993484497,0.32878515124320984,-0.0014004271943122149,0.016952982172369957,1.6082074642181396,0.33353281021118164,0.9973413348197937,5e-05,0.24692712724208832,0.25170567631721497,0.2518751621246338,0.24949203431606293,1.0,1.3862620613390888,3.999870802963322,0.318521648645401,0.3182618021965027,0.3632165193557739,0.9999999701976776,1.0966310583966705,2.9940621932092553,1.0,1.0,-0.0,1.0,1.0,1.0,-0.0,1.0,0.3340418338775635,0.33541709184646606,0.33054107427597046,1.0,1.0985933088374997,2.999943061048518,1.0,1.0,-0.0,1.0,1.0,1.0,-0.0,1.0,1.0,1.0,-0.0,1.0,1.0,1.0,-0.0,1.0,1.0,1.0,-0.0,1.0,1.0,1.0,-0.0,1.0,1.0,1.0,-0.0,1.0,0.5257142186164856,0.5066847205162048
87,1720,1739,20,20,5113,5113,0,0.0,5113,0,0.0,0,86.87802539998665,64.28933349647559,0.17498070024885237,30.05169949075207,156.96038179984316,20.968804950443296,feasibility,not_applicable,0.0010748091270215809,0.004063694086289616,0.5188225578516722,-0.002081569703295827,0.0006277102908825328,0.0062619928736239675,1.0004450544714927,0.31468406750354916,0.15625,2.282893180847168,1.5768475532531738,0.36864790320396423,-0.01346888393163681,0.08887356519699097,1.5903164148330688,0.3398463726043701,0.9418805241584778,5e-05,0.24693822860717773,0.25174301862716675,0.25181517004966736,0.24950361251831055,1.0000000298023224,1.3862624176554526,3.999872228182996,0.3186008334159851,0.3183528780937195,0.3630463778972626,1.0000000894069672,1.0966534282228055,2.9941291706090882,1.0,1.0,-0.0,1.0,1.0,1.0,-0.0,1.0,0.3339347839355469,0.33532097935676575,0.330744206905365,0.9999999701976776,1.0985957475803083,2.999950377147005,1.0,1.0,-0.0,1.0,1.0,1.0,-0.0,1.0,1.0,1.0,-0.0,1.0,1.0,1.0,-0.0,1.0,1.0,1.0,-0.0,1.0,1.0,1.0,-0.0,1.0,1.0,1.0,-0.0,1.0,0.5256141424179077,0.5063576698303223
88,1740,1759,20,20,5222,5222,0,0.0,5222,0,0.0,0,92.943518999964,68.86259250272997,0.1690455989446491,32.71586719714105,163.9507216999773,20.327431186358993,feasibility,not_applicable,9.276792861339522e-05,0.0009341785998247626,0.5426986987997846,-0.004867129947808458,0.0007648705101995048,0.006573932926829268,0.9998087821210303,0.18907803285685254,0.08536585365853659,1.3504676818847656,1.6497694253921509,0.345712274312973,-0.0019578542560338974,0.05589193105697632,1.6517274379730225,0.3588256239891052,0.9738622307777405,5e-05,0.24694889783859253,0.25170472264289856,0.25179463624954224,0.24955172836780548,0.9999999850988388,1.3862630334986763,3.9998746914779617,0.3186270594596863,0.31846868991851807,0.36290422081947327,0.9999999701976776,1.0966720157847516,2.9941848246877565,1.0,1.0,-0.0,1.0,1.0,1.0,-0.0,1.0,0.3339751064777374,0.3351263701915741,0.3308985233306885,1.0,1.0985979432265216,2.9999569639839216,1.0,1.0,-0.0,1.0,1.0,1.0,-0.0,1.0,1.0,1.0,-0.0,1.0,1.0,1.0,-0.0,1.0,1.0,1.0,-0.0,1.0,1.0,1.0,-0.0,1.0,1.0,1.0,-0.0,1.0,0.5254014134407043,0.5064006447792053
89,1760,1779,20,20,5358,5358,0,0.0,5358,0,0.0,0,91.48140910011716,66.65933129913174,0.18142859917134047,33.10565229598433,174.36702089989558,20.154341329003685,feasibility,not_applicable,-0.00020514379000468623,0.0017199189501081406,0.5369630580147108,-0.0047148148088516405,0.0007542061840857579,0.006417410714285714,1.0007574356028013,0.28599915872993215,0.13690476190476192,1.2458686828613281,1.6027681827545166,0.3873104751110077,-0.007394478190690279,0.05343445762991905,1.610162615776062,0.3784244954586029,0.9809662699699402,5e-05,0.24694675207138062,0.25169453024864197,0.2518584430217743,0.24950022995471954,0.9999999552965164,1.3862625024609814,3.9998725673942896,0.31856831908226013,0.3184056878089905,0.36302605271339417,1.0000000596046448,1.0966561127423662,2.9941372084182025,1.0,1.0,-0.0,1.0,1.0,1.0,-0.0,1.0,0.3337714374065399,0.334964394569397,0.3312641978263855,1.0000000298023224,1.098601584470103,2.999967887577849,1.0,1.0,-0.0,1.0,1.0,1.0,-0.0,1.0,1.0,1.0,-0.0,1.0,1.0,1.0,-0.0,1.0,1.0,1.0,-0.0,1.0,1.0,1.0,-0.0,1.0,1.0,1.0,-0.0,1.0,0.5255200266838074,0.5063751935958862
90,1780,1799,20,20,5105,5105,0,0.0,5105,0,0.0,0,89.28373260004446,64.71990690007806,0.1604922004044056,32.22806049417704,157.9168865000829,20.651242778369603,feasibility,not_applicable,-0.000966300570871681,0.004751548743206513,0.5548455135896802,-0.004138981021242216,0.0013228974794401438,0.012657445785589517,1.0003449607640504,0.24266094551421702,0.075,3.422771453857422,1.6296309232711792,0.3646193742752075,-0.008040673099458218,0.08324810862541199,1.6376715898513794,0.35345014929771423,0.9478722214698792,5e-05,0.2468772679567337,0.2516295611858368,0.2517440617084503,0.24974916875362396,1.0000000596046448,1.3862633048027324,3.999875776660337,0.3187822699546814,0.31864356994628906,0.36257418990135193,1.0000000298023224,1.0967148182153117,2.994312985818584,1.0,1.0,-0.0,1.0,1.0,1.0,-0.0,1.0,0.3338320255279541,0.3350335657596588,0.3311344087123871,1.0,1.0986003180758321,2.999964088438109,1.0,1.0,-0.0,1.0,1.0,1.0,-0.0,1.0,1.0,1.0,-0.0,1.0,1.0,1.0,-0.0,1.0,1.0,1.0,-0.0,1.0,1.0,1.0,-0.0,1.0,1.0,1.0,-0.0,1.0,0.5253257751464844,0.5065101385116577
91,1800,1819,20,20,5265,5265,0,0.0,5265,0,0.0,0,89.2821545000188,65.89304770180024,0.16889579966664314,32.102481798268855,165.7220234000124,20.646720549276758,feasibility,not_applicable,-0.0021919986872698167,0.0026334566246516197,0.571192563657301,-0.006587195288704102,0.0008826528341686129,0.008471385542168674,1.000136619231787,0.22815446914678597,0.06626506024096386,1.6553196907043457,1.6038954257965088,0.36543741822242737,-0.007554895710200071,0.06482680886983871,1.6114505529403687,0.3539448380470276,0.9685309529304504,5e-05,0.24686643481254578,0.2516733407974243,0.25161075592041016,0.24984942376613617,0.9999999552965164,1.3862638118182717,3.999877804660025,0.3186846673488617,0.318691611289978,0.3626237213611603,1.0,1.0967084371771985,2.994293879054259,1.0,1.0,-0.0,1.0,1.0,1.0,-0.0,1.0,0.3340243697166443,0.3351329565048218,0.33084267377853394,1.0,1.0985973952790227,2.9999553201654567,1.0,1.0,-0.0,1.0,1.0,1.0,-0.0,1.0,1.0,1.0,-0.0,1.0,1.0,1.0,-0.0,1.0,1.0,1.0,-0.0,1.0,1.0,1.0,-0.0,1.0,1.0,1.0,-0.0,1.0,0.5253149271011353,0.5066316723823547
92,1820,1839,20,20,5632,5632,0,0.0,5632,0,0.0,0,95.36702740006149,70.68376499926671,0.15937100048176944,34.512796288123354,174.20944759994745,20.89203073079657,feasibility,not_applicable,-0.0014085103228518908,0.0012016026779416609,0.5137912691994146,-0.005945621628515338,0.0016778976026795465,0.017489346590909092,1.0005453391508623,0.24536958645859902,0.07386363636363637,0.8645160794258118,1.5958670377731323,0.44746652245521545,-0.013499110005795956,0.06323397159576416,1.6093660593032837,0.42035508155822754,0.9800299406051636,5e-05,0.24695125222206116,0.25187262892723083,0.25171148777008057,0.24946460127830505,0.9999999701976776,1.3862622690471755,3.9998716337689197,0.31828948855400085,0.3182576596736908,0.3634529113769531,1.0000000596046448,1.0965998660075147,2.9939688027127116,1.0,1.0,-0.0,1.0,1.0,1.0,-0.0,1.0,0.3339206278324127,0.3350715935230255,0.331007719039917,0.9999999403953552,1.0985991096009267,2.9999604630589816,1.0,1.0,-0.0,1.0,1.0,1.0,-0.0,1.0,1.0,1.0,-0.0,1.0,1.0,1.0,-0.0,1.0,1.0,1.0,-0.0,1.0,1.0,1.0,-0.0,1.0,1.0,1.0,-0.0,1.0,0.525676965713501,0.5060784816741943
93,1840,1859,20,20,5703,5703,0,0.0,5703,0,0.0,0,100.39474710007198,74.61559620220214,0.17522539966739714,36.001308193663135,177.22875269991346,20.542209157757686,feasibility,not_applicable,-0.001537182161377536,0.0015604919634319636,0.5336584826310475,-0.0060935203969064685,0.0012190465570534393,0.012934027777777777,0.9998805923594369,0.25377914292944803,0.06666666666666667,0.9553548693656921,1.5451971292495728,0.4606618285179138,-0.011855082586407661,0.055820975452661514,1.5570521354675293,0.44659897685050964,0.9853164553642273,5e-05,0.2469014823436737,0.25196003913879395,0.25152429938316345,0.2496141642332077,0.9999999850988388,1.3862624749578816,3.999872457385397,0.3183195888996124,0.31832700967788696,0.363353431224823,1.0000000298023224,1.0966130458993997,2.99400826315788,1.0,1.0,-0.0,1.0,1.0,1.0,-0.0,1.0,0.3338399827480316,0.33502069115638733,0.33113929629325867,0.9999999701976776,1.0986004007145884,2.9999643363514203,1.0,1.0,-0.0,1.0,1.0,1.0,-0.0,1.0,1.0,1.0,-0.0,1.0,1.0,1.0,-0.0,1.0,1.0,1.0,-0.0,1.0,1.0,1.0,-0.0,1.0,1.0,1.0,-0.0,1.0,0.5256113409996033,0.5061468482017517
94,1860,1879,20,20,4772,4772,0,0.0,4772,0,0.0,0,85.11445790017024,61.52099669887684,0.18098599999211729,30.078602795489132,152.6225455000531,20.072600948731893,feasibility,not_applicable,-0.0007126845605671406,0.004344567838512982,0.53367174188296,-0.0038771182127917804,0.0009576903772540391,0.008518518519898256,0.999180580774943,0.2285086632023255,0.06,2.4618313312530518,1.6094965934753418,0.3632793724536896,-0.008922319859266281,0.07870699465274811,1.61841881275177,0.35257890820503235,0.9530597925186157,5e-05,0.24687770009040833,0.25197410583496094,0.25135359168052673,0.24979466199874878,1.0000000596046448,1.3862632890226187,3.999875713541843,0.3186178207397461,0.3186595141887665,0.36272263526916504,0.9999999701976776,1.0966956354043322,2.9942555470294843,1.0,1.0,-0.0,1.0,1.0,1.0,-0.0,1.0,0.3339296281337738,0.33522018790245056,0.33085018396377563,1.0,1.0985971532535033,2.9999545940998003,1.0,1.0,-0.0,1.0,1.0,1.0,-0.0,1.0,1.0,1.0,-0.0,1.0,1.0,1.0,-0.0,1.0,1.0,1.0,-0.0,1.0,1.0,1.0,-0.0,1.0,1.0,1.0,-0.0,1.0,0.5254567861557007,0.5063772797584534
95,1880,1899,20,20,5263,5263,0,0.0,5263,0,0.0,0,90.5640667998232,66.41500470181927,0.2171830995939672,32.443263000808656,165.03667280008085,20.590707242233567,feasibility,not_applicable,-0.0006065378189984575,0.0016074758368412436,0.5112789262490101,-0.004915588643368199,0.0008737330387363277,0.00793172692857593,0.9995714027479471,0.23561531282871603,0.04216867469879518,1.1100414991378784,1.5470331907272339,0.42286941409111023,-0.007140281610190868,0.058459024876356125,1.5541735887527466,0.4203207790851593,0.9808886647224426,5e-05,0.2468879371881485,0.2520289719104767,0.25138428807258606,0.24969883263111115,1.0000000298023224,1.3862627036855448,3.999873372266982,0.31845560669898987,0.31866100430488586,0.3628832995891571,0.9999999105930328,1.096674720253852,2.994192922379046,1.0,1.0,-0.0,1.0,1.0,1.0,-0.0,1.0,0.334219366312027,0.3351825475692749,0.3305981159210205,1.0000000298023224,1.0985947421935591,2.999947361038164,1.0,1.0,-0.0,1.0,1.0,1.0,-0.0,1.0,1.0,1.0,-0.0,1.0,1.0,1.0,-0.0,1.0,1.0,1.0,-0.0,1.0,1.0,1.0,-0.0,1.0,1.0,1.0,-0.0,1.0,0.5255560278892517,0.5065781474113464
96,1900,1919,20,20,5317,5317,0,0.0,5317,0,0.0,0,90.62073890003376,67.75476540252566,0.16786020016297698,30.235871007665992,169.44964300002903,20.444465690995766,feasibility,not_applicable,0.0010792233127479751,0.003011429826680493,0.48915417008988915,-0.0023066035050544,0.00025049219482433554,0.0013020833333333333,0.9997369678957122,0.193651964910151,0.05357142857142857,1.0165265798568726,1.5385611057281494,0.3480011820793152,-0.006231804843991995,0.06920731067657471,1.544792890548706,0.3437820374965668,0.9604503512382507,5e-05,0.24684052169322968,0.2520817220211029,0.25146156549453735,0.24961620569229126,1.0000000149011612,1.386261115661662,3.999867020377582,0.3180902302265167,0.3183472156524658,0.36356258392333984,1.0000000298023224,1.0965852268415597,2.9939249738273546,1.0,1.0,-0.0,1.0,1.0,1.0,-0.0,1.0,0.33427128195762634,0.33517128229141235,0.3305574655532837,1.0000000298023224,1.0985943250433514,2.99994610960976,1.0,1.0,-0.0,1.0,1.0,1.0,-0.0,1.0,1.0,1.0,-0.0,1.0,1.0,1.0,-0.0,1.0,1.0,1.0,-0.0,1.0,1.0,1.0,-0.0,1.0,1.0,1.0,-0.0,1.0,0.5259597897529602,0.5065284967422485
97,1920,1939,20,20,5359,5359,0,0.0,5359,0,0.0,0,91.5789647998754,67.35668990039267,0.1679465004708618,33.14461750281043,170.5203512001317,20.44644786482333,feasibility,not_applicable,-0.0007953095371790585,0.000670568269318513,0.5251699611544609,-0.005711724852777219,0.0005432103183314515,0.00390625,1.0001471525146848,0.19772323954939133,0.02976190476190476,1.1701229810714722,1.6115708351135254,0.330799400806427,-0.0006050782976672053,0.043916743248701096,1.6121759414672852,0.3461028039455414,0.982374906539917,5e-05,0.24694988131523132,0.25237786769866943,0.25147393345832825,0.24919836223125458,1.0000000447034836,1.3862587999128104,3.9998577577008483,0.31760644912719727,0.31796133518218994,0.36443227529525757,1.0000000596046448,1.09646769637853,2.993573117116251,1.0,1.0,-0.0,1.0,1.0,1.0,-0.0,1.0,0.33436575531959534,0.3351339101791382,0.3305003046989441,0.9999999701976776,1.0985937608224028,2.999944416977798,1.0,1.0,-0.0,1.0,1.0,1.0,-0.0,1.0,1.0,1.0,-0.0,1.0,1.0,1.0,-0.0,1.0,1.0,1.0,-0.0,1.0,1.0,1.0,-0.0,1.0,1.0,1.0,-0.0,1.0,0.5265556573867798,0.5066313743591309
98,1940,1959,20,20,5146,5146,0,0.0,5146,0,0.0,0,91.8870502000209,67.16847979766317,0.16849599941633642,32.06960489903577,158.20759939984418,20.576209879872522,feasibility,not_applicable,-0.001966517407125161,0.0010855245284655671,0.5446653342173423,-0.0068704083124980515,0.0004471411370172131,0.0028935185185185184,0.999806739297914,0.23494660983115068,0.043209876543209874,2.0297279357910156,1.5811904668807983,0.3781256675720215,-0.006590655539184809,0.04715161398053169,1.5877811908721924,0.36932167410850525,0.9844503402709961,5e-05,0.2468957155942917,0.2523927092552185,0.2514704465866089,0.24924108386039734,0.9999999552965164,1.3862581076089235,3.999854988584734,0.3173961043357849,0.31780707836151123,0.36479681730270386,1.0,1.0964174359053085,2.993422662495753,1.0,1.0,-0.0,1.0,1.0,1.0,-0.0,1.0,0.33451786637306213,0.33530017733573914,0.33018192648887634,0.9999999701976776,1.0985894479890794,2.9999314787454483,1.0,1.0,-0.0,1.0,1.0,1.0,-0.0,1.0,1.0,1.0,-0.0,1.0,1.0,1.0,-0.0,1.0,1.0,1.0,-0.0,1.0,1.0,1.0,-0.0,1.0,1.0,1.0,-0.0,1.0,0.526970624923706,0.5070896744728088
99,1960,1979,20,20,5332,5332,0,0.0,5332,0,0.0,0,91.42528429999948,68.28901620092802,0.15697739971801639,33.17414829554036,167.99151439988054,20.55379615631062,feasibility,not_applicable,-0.00026948144659399986,0.0003770377113271804,0.5193234408895174,-0.0052741968136702086,0.001651156637914634,0.016927083333333332,1.0004550019900005,0.21941713279201872,0.02976190476190476,0.9491482973098755,1.5887559652328491,0.2957202196121216,0.0009210716234520078,0.025545960292220116,1.5878349542617798,0.30436599254608154,0.9925375580787659,5e-05,0.24693076312541962,0.2526903450489044,0.25155267119407654,0.24882622063159943,1.0,1.3862534473850294,3.999836348408377,0.3169315755367279,0.3171904385089874,0.36587801575660706,1.0000000298023224,1.0962652068334346,2.9929670112246805,1.0,1.0,-0.0,1.0,1.0,1.0,-0.0,1.0,0.3344719707965851,0.3351703882217407,0.3303576409816742,1.0,1.0985919714353882,2.9999390489210165,1.0,1.0,-0.0,1.0,1.0,1.0,-0.0,1.0,1.0,1.0,-0.0,1.0,1.0,1.0,-0.0,1.0,1.0,1.0,-0.0,1.0,1.0,1.0,-0.0,1.0,1.0,1.0,-0.0,1.0,0.5281294584274292,0.507115364074707
100,1980,1999,20,20,5292,5292,0,0.0,5292,0,0.0,0,90.53629909991287,66.82189989718609,0.17157810041680932,31.723227510927245,165.54164829989895,20.6655827014173,feasibility,not_applicable,-0.0012497764798891113,0.0003111374902231086,0.5229951127106884,-0.006324158967416509,0.0007633873431926526,0.00842004381569035,0.9991382468177612,0.20693652255527945,0.024096385542168676,0.7008171081542969,1.5732858180999756,0.30300530791282654,0.0017828401178121567,0.023901868611574173,1.5715028047561646,0.313573956489563,0.9937775135040283,5e-05,0.24685344099998474,0.25277888774871826,0.25150901079177856,0.24885864555835724,0.9999999850988388,1.3862519281225192,3.999830271611582,0.31663748621940613,0.31682947278022766,0.3665330410003662,1.0,1.0961704982984375,2.9926835651263466,1.0,1.0,-0.0,1.0,1.0,1.0,-0.0,1.0,0.3345121741294861,0.33531007170677185,0.33017781376838684,1.0000000596046448,1.0985893794997508,2.9999312732821624,1.0,1.0,-0.0,1.0,1.0,1.0,-0.0,1.0,1.0,1.0,-0.0,1.0,1.0,1.0,-0.0,1.0,1.0,1.0,-0.0,1.0,1.0,1.0,-0.0,1.0,1.0,1.0,-0.0,1.0,0.5287877321243286,0.5074100494384766
