episode,trajectory_index,base_instance_index,preference_slot,preference_group_id,update_id,instance_id,instance_seed,pressure_type,cost_profile,w_flow,w_cost,w_variance,preference_source,steps,policy_steps,forced_actions,forced_action_ratio,worker_step_command_count,worker_local_physical_forced_action_count,worker_local_physical_forced_share,estimated_worker_step_round_trips_avoided,unattributed_forced_reward,reward,reward_base,reward_shaping,reward_training,expected_reward,reward_identity_error,reward_phase,reward_flow,reward_cost,reward_variance,reward_completion_progress,reward_completion_bonus,reward_quality,reward_truncation,reward_unfinished,reward_feasibility_shaping,completed_operations,time,terminated,truncated,terminal_reason,completed_order_ratio,completed_operation_ratio,total_flow_time,flow_time_objective,reconfiguration_cost,worker_load_variance,quality_score,preference_quality_score,maximum_worker_fatigue,mean_peak_worker_fatigue,safe_fatigue_limit,fatigue_masked_action_count,fatigue_masked_action_ratio,worker_competition_event_count,worker_matching_deficit_event_count,resource_admission_masked_action_count,resource_admission_masked_action_ratio,minimum_worker_alternatives,matching_preserving_worker_action_count,candidate_recovery_advance_count,production_defer_recovery_improvement_count,production_defer_wait_ticks,production_defer_wait_time,conditional_worker_wait_opportunity_count,conditional_worker_wait_selected_count,conditional_worker_wait_total_ticks,conditional_worker_wait_total_time,conditional_worker_wait_pair_gain_sum,conditional_worker_wait_fatigue_improvement_sum,conditional_worker_wait_duration_improvement_ticks_sum,conditional_worker_wait_max_consecutive_observed,reconfiguration_reuse_count,qualification_scarcity_regret,qualification_scarcity_decision_count,conditional_worker_wait_reason_counts,machine_waiting_for_worker_time,completed_reconfigurations,worker_switch_ratio,direct_process_action_count,commit_reconfig_action_count,defer_production_action_count,worker_assign_action_count,advance_event_action_count,forced_action_state_count,forced_production_count,forced_worker_count,forced_pair_count,forced_advance_count,forced_production_pair_count,forced_production_advance_count,forced_worker_pair_count,forced_worker_advance_count,forced_pair_advance_blocked_non_delay_count,forced_worker_pair_non_delay_count,forced_pair_advance_physically_unavailable_count,forced_advance_pair_physically_unavailable_count,forced_wait_dis_count,forced_wait_ins_count,forced_mixed_wait_stage_count,forced_phase_handoff_count,forced_recovery_advance_count,forced_future_event_advance_count,forced_direct_process_count,forced_commit_reconfig_count,forced_defer_production_count,forced_worker_assign_count,forced_advance_event_count,forced_action_chain_count,longest_forced_action_chain,mean_forced_action_chain_length,schedule_violation_count,parallel_envs,batch_transition_count,sampling_wall_time_seconds,policy_inference_time_seconds,generation_time_seconds,environment_step_time_seconds,ppo_update_time_seconds,loss_scope,candidate_status,policy_loss,value_loss,entropy,loss,approx_kl,clip_fraction,ratio_mean,gradient_norm,gradient_clipped_fraction,gradient_norm_max,return_mean,return_std,advantage_mean,advantage_std,value_prediction_mean,value_prediction_std,pre_update_explained_variance,learning_rate,policy_head_weight_production_processing_time_norm,policy_head_weight_production_reconfiguration_time_norm,policy_head_weight_production_fixed_reconfiguration_cost_norm,policy_head_weight_production_estimated_labor_cost_norm,policy_head_weight_production_estimated_downtime_cost_norm,policy_head_weight_production_horizon_slack_norm,policy_head_weight_worker_stage_duration_norm,policy_head_weight_worker_projected_fatigue_ratio,policy_head_weight_worker_incremental_labor_cost_norm,policy_head_weight_worker_incremental_downtime_cost_norm,policy_head_weight_worker_incremental_load_variance_norm,policy_head_gate_production_common,policy_head_gate_production_residual,policy_head_gate_worker_common,policy_head_gate_worker_residual,policy_head_preference_action_scale,policy_head_preference_action_scale_production,policy_head_preference_action_scale_worker
0,0,0,0,0,1,train_fatigue_bottleneck_1000000,1000000,fatigue_bottleneck,balanced_cost,1.0,0.0,0.0,group_anchor_0,234,234,0,0.0,234,0,0.0,0,0.0,-0.2291666666666663,-0.16666666666666632,-0.06249999999999997,-0.2291666666666663,-0.16666666666666669,3.608224830031759e-16,feasibility,-4256.200000000001,-643.6570118439599,-17.02000000000001,0.6666666666666669,0.0,-0.7800667130970272,-1.0,-0.3333333333333333,-0.06249999999999997,70,240.0,False,True,horizon,0.6666666666666666,0.8641975308641975,,4256.200000000001,643.6570118439599,17.02000000000001,0.5583043342767644,0.7800667130970272,0.6023808938999999,0.4466689059,0.75,0,0.0,0,0,48,0.03812549642573471,1,63,1,4,2077,207.70000000000002,0,0,0,0.0,0,0.0,0,0,42,0.0,0,{},0.0,13,1.0,62,13,111,26,22,60,35,25,3,57,0,35,3,22,3,3,0,57,13,11,2,19,1,57,0,0,35,3,22,36,6,1.6666666666666667,0,10,2133,17.62340150000091,9.092782300016552,0.2227266000045347,1.1508994000105304,18.46825539999554,parallel_episode_batch,not_applicable,0.002182855928207145,0.035775536191923654,0.9177271145231584,0.010893352952895357,1.0436294634446848e-05,0.0,1.0000073822105633,0.5711690733099685,0.45588235294117646,2.5571136474609375,-0.1981038749217987,0.25634998083114624,0.1763039380311966,0.2743694484233856,-0.3744077682495117,0.051272761076688766,-0.14552605152130127,0.0001,-0.2998790144920349,-0.29991036653518677,-0.19996698200702667,-0.19997082650661469,-0.1999790072441101,0.2997673749923706,-0.300327867269516,-0.30033108592033386,-0.19987079501152039,-0.2001873254776001,-0.20048627257347107,0.01798621006309986,0.1191914826631546,0.01798621006309986,0.11940937489271164,0.0,1.499595284461975,1.0010966062545776
1,1,0,1,0,1,train_fatigue_bottleneck_1000000,1000000,fatigue_bottleneck,balanced_cost,0.0,1.0,0.0,group_anchor_1,281,281,0,0.0,281,0,0.0,0,0.0,0.32638888888888873,0.38888888888888873,-0.062499999999999986,0.32638888888888873,0.38888888888888884,-1.1102230246251565e-16,feasibility,-2472.0000000000005,-829.90431928533,-10.988055555555556,0.9444444444444448,0.0,-0.4535233402856,-1.0,-0.05555555555555555,-0.062499999999999986,80,240.0,False,True,horizon,0.9444444444444444,0.9876543209876543,,2472.0000000000005,829.90431928533,10.988055555555556,0.5086917766663783,0.4535233402856,0.5684808939000001,0.4551189059,0.75,0,0.0,0,0,9,0.009584664536741214,1,85,0,9,1880,188.0,0,0,0,0.0,0,0.0,0,0,49,0.0,0,{},0.0,17,0.8823529411764706,64,17,136,34,30,95,61,34,4,91,0,61,4,30,4,4,0,91,14,16,2,24,0,91,0,0,61,4,30,61,7,1.5573770491803278,0,10,2133,17.62340150000091,9.092782300016552,0.2264493999973638,0.8193487999233184,18.46825539999554,parallel_episode_batch,not_applicable,0.002182855928207145,0.035775536191923654,0.9177271145231584,0.010893352952895357,1.0436294634446848e-05,0.0,1.0000073822105633,0.5711690733099685,0.45588235294117646,2.5571136474609375,-0.1981038749217987,0.25634998083114624,0.1763039380311966,0.2743694484233856,-0.3744077682495117,0.051272761076688766,-0.14552605152130127,0.0001,-0.2998790144920349,-0.29991036653518677,-0.19996698200702667,-0.19997082650661469,-0.1999790072441101,0.2997673749923706,-0.300327867269516,-0.30033108592033386,-0.19987079501152039,-0.2001873254776001,-0.20048627257347107,0.01798621006309986,0.1191914826631546,0.01798621006309986,0.11940937489271164,0.0,1.499595284461975,1.0010966062545776
2,2,0,2,0,1,train_fatigue_bottleneck_1000000,1000000,fatigue_bottleneck,balanced_cost,0.0,0.0,1.0,group_anchor_2,331,331,0,0.0,331,0,0.0,0,0.0,1.9375000000000004,2.0000000000000004,-0.0625,1.9375000000000004,2.0,4.440892098500626e-16,feasibility,-2014.3000000000002,-1233.2315392268706,-2.2800000000000034,1.0000000000000002,1.0,-0.04361132364192817,0.0,0.0,-0.0625,81,237.20000000000002,True,False,completed,1.0,1.0,2014.3000000000002,2014.3000000000002,1233.2315392268706,2.2800000000000034,0.4877219465868535,0.04361132364192814,0.7461871225999996,0.6791689059,0.75,12,0.09523809523809523,1,1,79,0.12440944881889764,0,114,1,11,1878,187.8,0,0,0,0.0,0,0.0,0,0,52,0.0,0,{},0.1,25,1.0,56,25,158,50,42,130,80,50,8,122,0,80,8,42,8,8,0,122,18,25,3,31,16,122,0,0,80,8,42,72,9,1.8055555555555556,0,10,2133,17.62340150000091,9.092782300016552,0.2316318999946816,0.4169583000402781,18.46825539999554,parallel_episode_batch,not_applicable,0.002182855928207145,0.035775536191923654,0.9177271145231584,0.010893352952895357,1.0436294634446848e-05,0.0,1.0000073822105633,0.5711690733099685,0.45588235294117646,2.5571136474609375,-0.1981038749217987,0.25634998083114624,0.1763039380311966,0.2743694484233856,-0.3744077682495117,0.051272761076688766,-0.14552605152130127,0.0001,-0.2998790144920349,-0.29991036653518677,-0.19996698200702667,-0.19997082650661469,-0.1999790072441101,0.2997673749923706,-0.300327867269516,-0.30033108592033386,-0.19987079501152039,-0.2001873254776001,-0.20048627257347107,0.01798621006309986,0.1191914826631546,0.01798621006309986,0.11940937489271164,0.0,1.499595284461975,1.0010966062545776
3,3,0,3,0,1,train_fatigue_bottleneck_1000000,1000000,fatigue_bottleneck,balanced_cost,0.3333333333333333,0.3333333333333333,0.3333333333333333,group_anchor_3,264,264,0,0.0,264,0,0.0,0,0.0,1.9375,2.0,-0.0625,1.9375,2.0,0.0,feasibility,-2110.6,-704.45602172831,-5.898888888888892,1.0000000000000002,1.0,-0.38545277648199355,0.0,0.0,-0.0625,81,211.9,True,False,completed,1.0,1.0,2110.6,2110.6,704.45602172831,5.898888888888891,0.46386030314857085,0.38545277648199355,0.5267871225999999,0.4015022392333334,0.75,0,0.0,0,0,16,0.017897091722595078,1,74,0,7,1811,181.10000000000002,0,0,0,0.0,0,0.0,0,0,55,0.0,0,{},0.0,15,0.9333333333333333,66,15,130,30,23,79,53,26,3,76,0,53,3,23,3,3,0,76,10,12,2,17,0,76,0,0,53,3,23,53,7,1.490566037735849,0,10,2133,17.62340150000091,9.092782300016552,0.21976640000502812,0.5091964000603184,18.46825539999554,parallel_episode_batch,not_applicable,0.002182855928207145,0.035775536191923654,0.9177271145231584,0.010893352952895357,1.0436294634446848e-05,0.0,1.0000073822105633,0.5711690733099685,0.45588235294117646,2.5571136474609375,-0.1981038749217987,0.25634998083114624,0.1763039380311966,0.2743694484233856,-0.3744077682495117,0.051272761076688766,-0.14552605152130127,0.0001,-0.2998790144920349,-0.29991036653518677,-0.19996698200702667,-0.19997082650661469,-0.1999790072441101,0.2997673749923706,-0.300327867269516,-0.30033108592033386,-0.19987079501152039,-0.2001873254776001,-0.20048627257347107,0.01798621006309986,0.1191914826631546,0.01798621006309986,0.11940937489271164,0.0,1.499595284461975,1.0010966062545776
4,4,0,4,0,1,train_fatigue_bottleneck_1000000,1000000,fatigue_bottleneck,balanced_cost,0.5,0.3,0.2,group_anchor_4,275,275,0,0.0,275,0,0.0,0,0.0,1.9374999999999996,1.9999999999999996,-0.0625,1.9374999999999996,2.0,-4.440892098500626e-16,feasibility,-2673.100000000001,-783.2775634985002,-9.840000000000005,1.0000000000000002,1.0,-0.5097434726220491,0.0,0.0,-0.0625,81,232.5,True,False,completed,1.0,1.0,2673.100000000001,2673.100000000001,783.2775634985002,9.840000000000005,0.5097434726220491,0.5097434726220491,0.39082304389999994,0.3144481373833334,0.75,0,0.0,0,0,0,0.0,1,75,0,5,1977,197.70000000000002,0,0,0,0.0,0,0.0,0,0,51,0.0,0,{},0.0,16,1.0,65,16,136,32,26,93,63,30,4,89,0,63,4,26,4,4,0,89,12,14,2,20,0,89,0,0,63,4,26,58,8,1.603448275862069,0,10,2133,17.62340150000091,9.092782300016552,0.22955039999942528,2.133615000078862,18.46825539999554,parallel_episode_batch,not_applicable,0.002182855928207145,0.035775536191923654,0.9177271145231584,0.010893352952895357,1.0436294634446848e-05,0.0,1.0000073822105633,0.5711690733099685,0.45588235294117646,2.5571136474609375,-0.1981038749217987,0.25634998083114624,0.1763039380311966,0.2743694484233856,-0.3744077682495117,0.051272761076688766,-0.14552605152130127,0.0001,-0.2998790144920349,-0.29991036653518677,-0.19996698200702667,-0.19997082650661469,-0.1999790072441101,0.2997673749923706,-0.300327867269516,-0.30033108592033386,-0.19987079501152039,-0.2001873254776001,-0.20048627257347107,0.01798621006309986,0.1191914826631546,0.01798621006309986,0.11940937489271164,0.0,1.499595284461975,1.0010966062545776
5,5,1,0,1,1,train_easy_1000001,1000001,easy,balanced_cost,1.0,0.0,0.0,group_anchor_0,147,147,0,0.0,147,0,0.0,0,0.0,1.9375000000000002,2.0,-0.0625,1.9375000000000002,2.0,0.0,feasibility,-1679.9,-187.51695898175998,-3.795833333333334,0.9999999999999997,1.0,-0.5833188652383764,0.0,0.0,-0.0625,50,218.0,True,False,completed,1.0,1.0,1679.9,1679.9,187.51695898175998,3.795833333333334,0.3531434590359691,0.5833188652383764,0.13300000000000003,0.10205883235000002,0.75,0,0.0,0,0,0,0.0,2,28,0,4,2060,206.0,0,0,0,0.0,0,0.0,0,0,14,0.0,0,{},0.0,5,1.0,45,5,78,10,9,28,19,9,0,28,0,19,0,9,0,0,0,28,3,4,0,7,0,28,0,0,19,0,9,20,3,1.4,0,10,2133,17.62340150000091,9.092782300016552,0.12297490000491962,0.6087750998776755,18.46825539999554,parallel_episode_batch,not_applicable,0.002182855928207145,0.035775536191923654,0.9177271145231584,0.010893352952895357,1.0436294634446848e-05,0.0,1.0000073822105633,0.5711690733099685,0.45588235294117646,2.5571136474609375,-0.1981038749217987,0.25634998083114624,0.1763039380311966,0.2743694484233856,-0.3744077682495117,0.051272761076688766,-0.14552605152130127,0.0001,-0.2998790144920349,-0.29991036653518677,-0.19996698200702667,-0.19997082650661469,-0.1999790072441101,0.2997673749923706,-0.300327867269516,-0.30033108592033386,-0.19987079501152039,-0.2001873254776001,-0.20048627257347107,0.01798621006309986,0.1191914826631546,0.01798621006309986,0.11940937489271164,0.0,1.499595284461975,1.0010966062545776
6,6,1,1,1,1,train_easy_1000001,1000001,easy,balanced_cost,0.0,1.0,0.0,group_anchor_1,149,149,0,0.0,149,0,0.0,0,0.0,1.9375,2.0,-0.0625,1.9375,2.0,0.0,feasibility,-807.0999999999998,-231.37542214172,-3.94888888888889,0.9999999999999997,1.0,-0.18789998401891997,0.0,0.0,-0.0625,50,192.60000000000002,True,False,completed,1.0,1.0,807.0999999999998,807.0999999999998,231.37542214172,3.94888888888889,0.27207059842754516,0.18789998401891997,0.166,0.11869472303333334,0.75,0,0.0,0,0,0,0.0,2,33,0,2,1785,178.5,0,0,0,0.0,0,0.0,0,0,19,0.0,0,{},0.0,6,1.0,44,6,75,12,12,43,31,12,0,43,0,31,0,12,0,0,0,43,6,4,0,10,0,43,0,0,31,0,12,34,4,1.2647058823529411,0,10,2133,17.62340150000091,9.092782300016552,0.11684889999742154,0.4709960000036517,18.46825539999554,parallel_episode_batch,not_applicable,0.002182855928207145,0.035775536191923654,0.9177271145231584,0.010893352952895357,1.0436294634446848e-05,0.0,1.0000073822105633,0.5711690733099685,0.45588235294117646,2.5571136474609375,-0.1981038749217987,0.25634998083114624,0.1763039380311966,0.2743694484233856,-0.3744077682495117,0.051272761076688766,-0.14552605152130127,0.0001,-0.2998790144920349,-0.29991036653518677,-0.19996698200702667,-0.19997082650661469,-0.1999790072441101,0.2997673749923706,-0.300327867269516,-0.30033108592033386,-0.19987079501152039,-0.2001873254776001,-0.20048627257347107,0.01798621006309986,0.1191914826631546,0.01798621006309986,0.11940937489271164,0.0,1.499595284461975,1.0010966062545776
7,7,1,2,1,1,train_easy_1000001,1000001,easy,balanced_cost,0.0,0.0,1.0,group_anchor_2,153,153,0,0.0,153,0,0.0,0,0.0,1.9374999999999996,1.9999999999999996,-0.0625,1.9374999999999996,2.0,-4.440892098500626e-16,feasibility,-878.5000000000001,-231.78485165535,-0.3613888888888888,0.9999999999999997,1.0,-0.007175911881346482,0.0,0.0,-0.0625,50,208.5,True,False,completed,1.0,1.0,878.5000000000001,878.5000000000001,231.78485165535,0.3613888888888889,0.26921644334037415,0.007175911881346491,0.13300000000000003,0.11049638488333335,0.75,0,0.0,0,0,0,0.0,3,36,0,3,1847,184.70000000000002,0,0,0,0.0,0,0.0,0,0,19,0.0,0,{},0.0,6,1.0,44,6,79,12,12,43,31,12,0,43,0,31,0,12,0,0,0,43,5,5,0,10,0,42,0,0,31,0,12,30,3,1.4333333333333333,0,10,2133,17.62340150000091,9.092782300016552,0.10491739999997662,0.521478799993929,18.46825539999554,parallel_episode_batch,not_applicable,0.002182855928207145,0.035775536191923654,0.9177271145231584,0.010893352952895357,1.0436294634446848e-05,0.0,1.0000073822105633,0.5711690733099685,0.45588235294117646,2.5571136474609375,-0.1981038749217987,0.25634998083114624,0.1763039380311966,0.2743694484233856,-0.3744077682495117,0.051272761076688766,-0.14552605152130127,0.0001,-0.2998790144920349,-0.29991036653518677,-0.19996698200702667,-0.19997082650661469,-0.1999790072441101,0.2997673749923706,-0.300327867269516,-0.30033108592033386,-0.19987079501152039,-0.2001873254776001,-0.20048627257347107,0.01798621006309986,0.1191914826631546,0.01798621006309986,0.11940937489271164,0.0,1.499595284461975,1.0010966062545776
8,8,1,3,1,1,train_easy_1000001,1000001,easy,balanced_cost,0.3333333333333333,0.3333333333333333,0.3333333333333333,group_anchor_3,154,154,0,0.0,154,0,0.0,0,0.0,1.9375000000000002,2.0,-0.0625,1.9375000000000002,2.0,0.0,feasibility,-861.7,-264.82879227086,-9.559166666666668,0.9999999999999997,1.0,-0.2626112937387873,0.0,0.0,-0.0625,50,181.70000000000002,True,False,completed,1.0,1.0,861.7,861.7,264.82879227086,9.559166666666668,0.3038915091219787,0.2626112937387873,0.3002,0.16991305155000003,0.75,0,0.0,0,0,0,0.0,2,37,0,0,1652,165.20000000000002,0,0,0,0.0,0,0.0,0,0,17,0.0,0,{},0.0,7,1.0,43,7,78,14,12,43,31,12,0,43,0,31,0,12,0,0,0,43,4,4,1,7,0,43,0,0,31,0,12,30,6,1.4333333333333333,0,10,2133,17.62340150000091,9.092782300016552,0.11368909999873722,0.511104999917734,18.46825539999554,parallel_episode_batch,not_applicable,0.002182855928207145,0.035775536191923654,0.9177271145231584,0.010893352952895357,1.0436294634446848e-05,0.0,1.0000073822105633,0.5711690733099685,0.45588235294117646,2.5571136474609375,-0.1981038749217987,0.25634998083114624,0.1763039380311966,0.2743694484233856,-0.3744077682495117,0.051272761076688766,-0.14552605152130127,0.0001,-0.2998790144920349,-0.29991036653518677,-0.19996698200702667,-0.19997082650661469,-0.1999790072441101,0.2997673749923706,-0.300327867269516,-0.30033108592033386,-0.19987079501152039,-0.2001873254776001,-0.20048627257347107,0.01798621006309986,0.1191914826631546,0.01798621006309986,0.11940937489271164,0.0,1.499595284461975,1.0010966062545776
9,9,1,4,1,1,train_easy_1000001,1000001,easy,balanced_cost,0.5,0.3,0.2,group_anchor_4,145,145,0,0.0,145,0,0.0,0,0.0,1.9375000000000002,2.0,-0.0625,1.9375000000000002,2.0,0.0,feasibility,-605.9,-223.69922132611995,-5.1588888888888915,0.9999999999999997,1.0,-0.24130296437281185,0.0,0.0,-0.0625,50,187.4,True,False,completed,1.0,1.0,605.9,605.9,223.69922132611995,5.1588888888888915,0.24130296437281185,0.24130296437281185,0.15336758110000004,0.1286438215,0.75,0,0.0,0,0,0,0.0,2,34,0,0,1682,168.20000000000002,0,0,0,0.0,0,0.0,0,0,17,0.0,0,{},0.0,6,1.0,44,6,73,12,10,46,36,10,0,46,0,36,0,10,0,0,0,46,4,6,0,10,0,46,0,0,36,0,10,31,4,1.4838709677419355,0,10,2133,17.62340150000091,9.092782300016552,0.12162070000340464,0.2985635999648366,18.46825539999554,parallel_episode_batch,not_applicable,0.002182855928207145,0.035775536191923654,0.9177271145231584,0.010893352952895357,1.0436294634446848e-05,0.0,1.0000073822105633,0.5711690733099685,0.45588235294117646,2.5571136474609375,-0.1981038749217987,0.25634998083114624,0.1763039380311966,0.2743694484233856,-0.3744077682495117,0.051272761076688766,-0.14552605152130127,0.0001,-0.2998790144920349,-0.29991036653518677,-0.19996698200702667,-0.19997082650661469,-0.1999790072441101,0.2997673749923706,-0.300327867269516,-0.30033108592033386,-0.19987079501152039,-0.2001873254776001,-0.20048627257347107,0.01798621006309986,0.1191914826631546,0.01798621006309986,0.11940937489271164,0.0,1.499595284461975,1.0010966062545776
10,10,2,0,2,2,train_easy_1000002,1000002,easy,balanced_cost,1.0,0.0,0.0,group_anchor_0,142,142,0,0.0,142,0,0.0,0,0.0,1.9374999999999998,1.9999999999999998,-0.0625,1.9374999999999998,2.0,-2.220446049250313e-16,feasibility,-639.3000000000002,-327.46461809896005,-16.258055555555554,0.9999999999999998,1.0,-0.34757788289023006,0.0,0.0,-0.0625,43,189.8,True,False,completed,1.0,1.0,639.3000000000002,639.3000000000002,327.46461809896005,16.258055555555554,0.29686917268188384,0.34757788289023006,0.2701,0.16281048790000002,0.75,0,0.0,0,0,1,0.006060606060606061,2,41,0,1,1701,170.10000000000002,0,0,0,0.0,0,0.0,0,0,13,0.0,0,{},0.0,8,0.875,35,8,71,16,12,49,37,12,0,49,0,37,0,12,0,0,0,49,6,8,3,11,0,49,0,0,37,0,12,35,4,1.4,0,10,1505,12.32761589999427,6.04869370002416,0.17578089999733493,0.2337220000263187,10.866423400002532,parallel_episode_batch,feasibility_best,0.0012064466330533226,0.04906771762762219,0.8667505408326784,0.017072799790184945,4.087152016533461e-05,0.0,0.9999835217992464,0.5435553506637613,0.4791666666666667,1.579342007637024,0.0162959061563015,0.3369395434856415,0.14489160478115082,0.25252366065979004,-0.12859569489955902,0.1762872338294983,0.43830543756484985,0.0001,-0.29978078603744507,-0.30024877190589905,-0.2002733200788498,-0.2002061903476715,-0.20018349587917328,0.2997186481952667,-0.3003096878528595,-0.3002159297466278,-0.1999439001083374,-0.200166255235672,-0.20036208629608154,0.01798621006309986,0.11912176758050919,0.01798621006309986,0.11936426162719727,0.0,1.5001461505889893,1.000191330909729
11,11,2,1,2,2,train_easy_1000002,1000002,easy,balanced_cost,0.0,1.0,0.0,group_anchor_1,168,168,0,0.0,168,0,0.0,0,0.0,1.9375,2.0,-0.0625,1.9375,2.0,0.0,feasibility,-1043.6999999999998,-487.25308120149,-19.128888888888884,0.9999999999999998,1.0,-0.32761948007386776,0.0,0.0,-0.0625,43,227.70000000000002,True,False,completed,1.0,1.0,1043.6999999999998,1043.6999999999998,487.25308120149,19.128888888888884,0.38621309127671216,0.32761948007386776,0.33580000000000004,0.19108333333333336,0.75,0,0.0,0,0,2,0.0053475935828877,1,64,0,2,1989,198.9,0,0,0,0.0,0,0.0,0,0,15,0.0,0,{},0.0,12,1.0,31,12,81,24,20,61,39,22,2,59,0,39,2,20,2,2,0,59,10,13,3,18,0,59,0,0,39,2,20,35,6,1.7428571428571429,0,10,1505,12.32761589999427,6.04869370002416,0.16446949999954086,0.7877124000078766,10.866423400002532,parallel_episode_batch,feasibility_best,0.0012064466330533226,0.04906771762762219,0.8667505408326784,0.017072799790184945,4.087152016533461e-05,0.0,0.9999835217992464,0.5435553506637613,0.4791666666666667,1.579342007637024,0.0162959061563015,0.3369395434856415,0.14489160478115082,0.25252366065979004,-0.12859569489955902,0.1762872338294983,0.43830543756484985,0.0001,-0.29978078603744507,-0.30024877190589905,-0.2002733200788498,-0.2002061903476715,-0.20018349587917328,0.2997186481952667,-0.3003096878528595,-0.3002159297466278,-0.1999439001083374,-0.200166255235672,-0.20036208629608154,0.01798621006309986,0.11912176758050919,0.01798621006309986,0.11936426162719727,0.0,1.5001461505889893,1.000191330909729
12,12,2,2,2,2,train_easy_1000002,1000002,easy,balanced_cost,0.0,0.0,1.0,group_anchor_2,151,151,0,0.0,151,0,0.0,0,0.0,1.9374999999999998,1.9999999999999998,-0.0625,1.9374999999999998,2.0,-2.220446049250313e-16,feasibility,-1388.1,-382.7841390842003,-8.398055555555556,0.9999999999999998,1.0,-0.1438071092549695,0.0,0.0,-0.0625,43,215.0,True,False,completed,1.0,1.0,1388.1,1388.1,382.7841390842003,8.398055555555556,0.37997751945920716,0.1438071092549695,0.3647,0.18793333333333337,0.75,0,0.0,0,0,1,0.0015723270440251573,1,45,1,3,1953,195.3,0,0,0,0.0,0,0.0,0,0,12,0.0,0,{},0.0,9,1.0,34,9,75,18,15,38,20,18,3,35,0,20,3,15,3,3,0,35,6,4,0,7,0,33,0,0,20,3,15,22,11,1.7272727272727273,0,10,1505,12.32761589999427,6.04869370002416,0.1746190000048955,0.5130750000171247,10.866423400002532,parallel_episode_batch,feasibility_best,0.0012064466330533226,0.04906771762762219,0.8667505408326784,0.017072799790184945,4.087152016533461e-05,0.0,0.9999835217992464,0.5435553506637613,0.4791666666666667,1.579342007637024,0.0162959061563015,0.3369395434856415,0.14489160478115082,0.25252366065979004,-0.12859569489955902,0.1762872338294983,0.43830543756484985,0.0001,-0.29978078603744507,-0.30024877190589905,-0.2002733200788498,-0.2002061903476715,-0.20018349587917328,0.2997186481952667,-0.3003096878528595,-0.3002159297466278,-0.1999439001083374,-0.200166255235672,-0.20036208629608154,0.01798621006309986,0.11912176758050919,0.01798621006309986,0.11936426162719727,0.0,1.5001461505889893,1.000191330909729
13,13,2,3,2,2,train_easy_1000002,1000002,easy,balanced_cost,0.3333333333333333,0.3333333333333333,0.3333333333333333,group_anchor_3,144,144,0,0.0,144,0,0.0,0,0.0,1.9374999999999998,1.9999999999999998,-0.0625,1.9374999999999998,2.0,-2.220446049250313e-16,feasibility,-623.5000000000001,-326.07918481396,-28.58472222222223,0.9999999999999998,1.0,-0.31718870086305645,0.0,0.0,-0.0625,43,191.5,True,False,completed,1.0,1.0,623.5000000000001,623.5000000000001,326.07918481396,28.58472222222223,0.3174804034271536,0.31718870086305645,0.3299,0.17225341558333337,0.75,0,0.0,0,0,0,0.0,2,45,0,1,1698,169.8,0,0,0,0.0,0,0.0,0,0,17,0.0,0,{},0.0,8,0.875,35,8,71,16,14,51,37,14,0,51,0,37,0,14,0,0,0,51,3,5,1,7,0,51,0,0,37,0,14,35,3,1.457142857142857,0,10,1505,12.32761589999427,6.04869370002416,0.18530699999973876,0.2738451000477653,10.866423400002532,parallel_episode_batch,feasibility_best,0.0012064466330533226,0.04906771762762219,0.8667505408326784,0.017072799790184945,4.087152016533461e-05,0.0,0.9999835217992464,0.5435553506637613,0.4791666666666667,1.579342007637024,0.0162959061563015,0.3369395434856415,0.14489160478115082,0.25252366065979004,-0.12859569489955902,0.1762872338294983,0.43830543756484985,0.0001,-0.29978078603744507,-0.30024877190589905,-0.2002733200788498,-0.2002061903476715,-0.20018349587917328,0.2997186481952667,-0.3003096878528595,-0.3002159297466278,-0.1999439001083374,-0.200166255235672,-0.20036208629608154,0.01798621006309986,0.11912176758050919,0.01798621006309986,0.11936426162719727,0.0,1.5001461505889893,1.000191330909729
14,14,2,4,2,2,train_easy_1000002,1000002,easy,balanced_cost,0.5,0.3,0.2,group_anchor_4,116,116,0,0.0,116,0,0.0,0,0.0,0.12980769230769218,0.19230769230769218,-0.0625,0.12980769230769218,0.1923076923076923,-1.1102230246251565e-16,feasibility,-2119.8999999999996,-173.76819290819,-4.953333333333334,0.846153846153846,0.0,-0.3817119892512836,-1.0,-0.15384615384615385,-0.0625,39,240.0,False,True,horizon,0.8461538461538461,0.9069767441860465,,2119.8999999999996,173.76819290819,4.953333333333334,0.3817119892512836,0.3817119892512836,0.1854,0.12902008225,0.75,0,0.0,0,0,3,0.0035419126328217238,3,24,0,0,2232,223.20000000000002,0,0,0,0.0,0,0.0,0,0,9,0.0,0,{},0.0,4,1.0,37,4,60,8,7,23,16,7,0,23,0,16,0,7,0,0,0,23,2,3,1,4,0,23,0,0,16,0,7,17,3,1.3529411764705883,0,10,1505,12.32761589999427,6.04869370002416,0.19429049999598647,1.1229414000263205,10.866423400002532,parallel_episode_batch,feasibility_best,0.0012064466330533226,0.04906771762762219,0.8667505408326784,0.017072799790184945,4.087152016533461e-05,0.0,0.9999835217992464,0.5435553506637613,0.4791666666666667,1.579342007637024,0.0162959061563015,0.3369395434856415,0.14489160478115082,0.25252366065979004,-0.12859569489955902,0.1762872338294983,0.43830543756484985,0.0001,-0.29978078603744507,-0.30024877190589905,-0.2002733200788498,-0.2002061903476715,-0.20018349587917328,0.2997186481952667,-0.3003096878528595,-0.3002159297466278,-0.1999439001083374,-0.200166255235672,-0.20036208629608154,0.01798621006309986,0.11912176758050919,0.01798621006309986,0.11936426162719727,0.0,1.5001461505889893,1.000191330909729
15,15,3,0,3,2,train_balanced_1000003,1000003,balanced,balanced_cost,1.0,0.0,0.0,group_anchor_0,97,97,0,0.0,97,0,0.0,0,0.0,-0.7053571428571429,-0.6428571428571429,-0.0625,-0.7053571428571429,-0.6428571428571428,-1.1102230246251565e-16,feasibility,-3694.4000000000005,-131.35677674195,-4.800000000000002,0.4285714285714285,0.0,-0.7548218372016999,-1.0,-0.5714285714285714,-0.0625,29,240.0,False,True,horizon,0.42857142857142855,0.5087719298245614,,3694.4000000000005,131.35677674195,4.800000000000002,0.42976082539398697,0.7548218372016999,0.22990000000000005,0.13984188723333335,0.75,0,0.0,0,0,58,0.07923497267759563,2,17,0,4,2256,225.60000000000002,0,0,0,0.0,0,0.0,0,0,5,0.0,0,{},0.0,3,1.0,30,3,52,6,6,20,14,6,0,20,0,14,0,6,0,0,0,20,3,2,0,5,0,20,0,0,14,0,6,15,2,1.3333333333333333,0,10,1505,12.32761589999427,6.04869370002416,0.11070489999838173,0.9628882000251906,10.866423400002532,parallel_episode_batch,feasibility_best,0.0012064466330533226,0.04906771762762219,0.8667505408326784,0.017072799790184945,4.087152016533461e-05,0.0,0.9999835217992464,0.5435553506637613,0.4791666666666667,1.579342007637024,0.0162959061563015,0.3369395434856415,0.14489160478115082,0.25252366065979004,-0.12859569489955902,0.1762872338294983,0.43830543756484985,0.0001,-0.29978078603744507,-0.30024877190589905,-0.2002733200788498,-0.2002061903476715,-0.20018349587917328,0.2997186481952667,-0.3003096878528595,-0.3002159297466278,-0.1999439001083374,-0.200166255235672,-0.20036208629608154,0.01798621006309986,0.11912176758050919,0.01798621006309986,0.11936426162719727,0.0,1.5001461505889893,1.000191330909729
16,16,3,1,3,2,train_balanced_1000003,1000003,balanced,balanced_cost,0.0,1.0,0.0,group_anchor_1,104,104,0,0.0,104,0,0.0,0,0.0,-0.8482142857142858,-0.7857142857142858,-0.0625,-0.8482142857142858,-0.7857142857142858,0.0,feasibility,-3886.5,-178.85615623216998,-10.011388888888892,0.3571428571428571,0.0,-0.15172008500496403,-1.0,-0.6428571428571429,-0.0625,32,240.0,False,True,horizon,0.35714285714285715,0.5614035087719298,,3886.5,178.85615623216998,10.011388888888892,0.4609216845933811,0.15172008500496403,0.18070000000000003,0.12837264950000002,0.75,0,0.0,0,0,46,0.06292749658002736,3,24,0,0,2195,219.5,0,0,0,0.0,0,0.0,0,0,5,0.0,0,{},0.0,4,1.0,33,4,52,8,7,22,15,7,0,22,0,15,0,7,0,0,0,22,3,3,1,5,0,22,0,0,15,0,7,16,3,1.375,0,10,1505,12.32761589999427,6.04869370002416,0.1489244999975199,0.9753452999648289,10.866423400002532,parallel_episode_batch,feasibility_best,0.0012064466330533226,0.04906771762762219,0.8667505408326784,0.017072799790184945,4.087152016533461e-05,0.0,0.9999835217992464,0.5435553506637613,0.4791666666666667,1.579342007637024,0.0162959061563015,0.3369395434856415,0.14489160478115082,0.25252366065979004,-0.12859569489955902,0.1762872338294983,0.43830543756484985,0.0001,-0.29978078603744507,-0.30024877190589905,-0.2002733200788498,-0.2002061903476715,-0.20018349587917328,0.2997186481952667,-0.3003096878528595,-0.3002159297466278,-0.1999439001083374,-0.200166255235672,-0.20036208629608154,0.01798621006309986,0.11912176758050919,0.01798621006309986,0.11936426162719727,0.0,1.5001461505889893,1.000191330909729
17,17,3,2,3,2,train_balanced_1000003,1000003,balanced,balanced_cost,0.0,0.0,1.0,group_anchor_2,186,186,0,0.0,186,0,0.0,0,0.0,0.2946428571428571,0.3571428571428571,-0.0625,0.2946428571428571,0.3571428571428572,-1.1102230246251565e-16,feasibility,-1433.1000000000001,-471.78548305341997,-3.492222222222223,0.9285714285714283,0.0,-0.0652846727457782,-1.0,-0.07142857142857142,-0.0625,55,240.0,False,True,horizon,0.9285714285714286,0.9649122807017544,,1433.1000000000001,471.78548305341997,3.492222222222223,0.3813545895289102,0.0652846727457782,0.2619,0.20073333333333335,0.75,0,0.0,0,0,1,0.0029154518950437317,1,54,0,3,2004,200.4,0,0,0,0.0,0,0.0,0,0,19,0.0,0,{},0.0,11,1.0,45,11,90,22,18,66,47,19,1,65,0,47,1,18,1,1,0,65,7,11,1,16,0,65,0,0,47,1,18,42,6,1.5714285714285714,0,10,1505,12.32761589999427,6.04869370002416,0.10852039999736007,0.41832159998011775,10.866423400002532,parallel_episode_batch,feasibility_best,0.0012064466330533226,0.04906771762762219,0.8667505408326784,0.017072799790184945,4.087152016533461e-05,0.0,0.9999835217992464,0.5435553506637613,0.4791666666666667,1.579342007637024,0.0162959061563015,0.3369395434856415,0.14489160478115082,0.25252366065979004,-0.12859569489955902,0.1762872338294983,0.43830543756484985,0.0001,-0.29978078603744507,-0.30024877190589905,-0.2002733200788498,-0.2002061903476715,-0.20018349587917328,0.2997186481952667,-0.3003096878528595,-0.3002159297466278,-0.1999439001083374,-0.200166255235672,-0.20036208629608154,0.01798621006309986,0.11912176758050919,0.01798621006309986,0.11936426162719727,0.0,1.5001461505889893,1.000191330909729
18,18,3,3,3,2,train_balanced_1000003,1000003,balanced,balanced_cost,0.3333333333333333,0.3333333333333333,0.3333333333333333,group_anchor_3,204,204,0,0.0,204,0,0.0,0,0.0,1.9374999999999998,1.9999999999999998,-0.0625,1.9374999999999998,2.0,-2.220446049250313e-16,feasibility,-939.1999999999998,-563.2767015997197,-17.278055555555557,0.9999999999999997,1.0,-0.35205874391849123,0.0,0.0,-0.0625,57,230.9,True,False,completed,1.0,1.0,939.1999999999998,939.1999999999998,563.2767015997197,17.278055555555557,0.3789798340702097,0.35205874391849123,0.17670000000000002,0.15206135553333333,0.75,0,0.0,0,0,0,0.0,2,70,0,0,1822,182.20000000000002,0,0,0,0.0,0,0.0,0,0,25,0.0,0,{},0.0,13,1.0,44,13,95,26,26,81,55,26,0,81,0,55,0,26,0,0,0,81,10,10,0,20,0,81,0,0,55,0,26,59,5,1.3728813559322033,0,10,1505,12.32761589999427,6.04869370002416,0.13310859999910463,0.33343729998887284,10.866423400002532,parallel_episode_batch,feasibility_best,0.0012064466330533226,0.04906771762762219,0.8667505408326784,0.017072799790184945,4.087152016533461e-05,0.0,0.9999835217992464,0.5435553506637613,0.4791666666666667,1.579342007637024,0.0162959061563015,0.3369395434856415,0.14489160478115082,0.25252366065979004,-0.12859569489955902,0.1762872338294983,0.43830543756484985,0.0001,-0.29978078603744507,-0.30024877190589905,-0.2002733200788498,-0.2002061903476715,-0.20018349587917328,0.2997186481952667,-0.3003096878528595,-0.3002159297466278,-0.1999439001083374,-0.200166255235672,-0.20036208629608154,0.01798621006309986,0.11912176758050919,0.01798621006309986,0.11936426162719727,0.0,1.5001461505889893,1.000191330909729
19,19,3,4,3,2,train_balanced_1000003,1000003,balanced,balanced_cost,0.5,0.3,0.2,group_anchor_4,193,193,0,0.0,193,0,0.0,0,0.0,0.1517857142857144,0.2142857142857144,-0.0625,0.1517857142857144,0.21428571428571425,1.6653345369377348e-16,feasibility,-1354.4999999999995,-506.8509523958998,-5.865555555555555,0.8571428571428569,0.0,-0.3870285095943096,-1.0,-0.14285714285714285,-0.0625,54,240.0,False,True,horizon,0.8571428571428571,0.9473684210526315,,1354.4999999999995,506.8509523958998,5.865555555555555,0.3870285095943096,0.3870285095943096,0.24390000000000003,0.19810575093333335,0.75,0,0.0,0,0,5,0.021739130434782608,2,59,0,6,2051,205.10000000000002,0,0,0,0.0,0,0.0,0,0,22,0.0,0,{},0.0,11,1.0,45,11,94,22,21,67,46,21,0,67,0,46,0,21,0,0,0,67,7,7,0,14,0,67,0,0,46,0,21,48,5,1.3958333333333333,0,10,1505,12.32761589999427,6.04869370002416,0.12126350000471575,0.3446479999984149,10.866423400002532,parallel_episode_batch,feasibility_best,0.0012064466330533226,0.04906771762762219,0.8667505408326784,0.017072799790184945,4.087152016533461e-05,0.0,0.9999835217992464,0.5435553506637613,0.4791666666666667,1.579342007637024,0.0162959061563015,0.3369395434856415,0.14489160478115082,0.25252366065979004,-0.12859569489955902,0.1762872338294983,0.43830543756484985,0.0001,-0.29978078603744507,-0.30024877190589905,-0.2002733200788498,-0.2002061903476715,-0.20018349587917328,0.2997186481952667,-0.3003096878528595,-0.3002159297466278,-0.1999439001083374,-0.200166255235672,-0.20036208629608154,0.01798621006309986,0.11912176758050919,0.01798621006309986,0.11936426162719727,0.0,1.5001461505889893,1.000191330909729
20,20,4,0,4,3,train_balanced_1000004,1000004,balanced,balanced_cost,1.0,0.0,0.0,group_anchor_0,219,219,0,0.0,219,0,0.0,0,0.0,1.9375,2.0,-0.0625,1.9375,2.0,0.0,feasibility,-1375.7000000000005,-530.51119520515,-0.3113888888888887,0.9999999999999999,1.0,-0.5341072329852079,0.0,0.0,-0.0625,64,231.4,True,False,completed,1.0,1.0,1375.7000000000005,1375.7000000000005,530.51119520515,0.31138888888888877,0.3722785224107704,0.5341072329852079,0.2948,0.21641666666666667,0.75,0,0.0,0,0,1,0.003389830508474576,1,71,0,1,1966,196.60000000000002,0,0,0,0.0,0,0.0,0,0,34,0.0,0,{},0.0,13,1.0,51,13,105,26,24,76,50,26,2,74,0,50,2,24,2,2,0,74,13,8,0,19,0,74,0,0,50,2,24,51,3,1.4901960784313726,0,10,1829,11.98746449999453,7.448438599967631,0.11773609999363543,0.2523595000311616,13.914085999997042,parallel_episode_batch,not_applicable,-0.0011956719681620598,0.035595188784445154,0.8182792663574219,0.008419129965377265,0.00025856555193654615,0.0,0.9999745251803562,0.7149520192680687,0.5689655172413793,2.0923526287078857,0.09276802837848663,0.3191487789154053,0.14965777099132538,0.2038322240114212,-0.05688972771167755,0.20879477262496948,0.5920946598052979,0.0001,-0.29960501194000244,-0.30026865005493164,-0.2003648430109024,-0.20021593570709229,-0.2001899778842926,0.2995724678039551,-0.2998966574668884,-0.2995459735393524,-0.19995740056037903,-0.1998937577009201,-0.20036348700523376,0.01798621006309986,0.11913543194532394,0.01798621006309986,0.11939209699630737,0.0,1.500430703163147,1.0001492500305176
21,21,4,1,4,3,train_balanced_1000004,1000004,balanced,balanced_cost,0.0,1.0,0.0,group_anchor_1,210,210,0,0.0,210,0,0.0,0,0.0,1.9374999999999998,1.9999999999999998,-0.0625,1.9374999999999998,2.0,-2.220446049250313e-16,feasibility,-962.4999999999997,-488.80790666246014,-3.931388888888892,0.9999999999999999,1.0,-0.3283216756675123,0.0,0.0,-0.0625,64,213.4,True,False,completed,1.0,1.0,962.4999999999997,962.4999999999997,488.80790666246014,3.931388888888892,0.33561907890341436,0.3283216756675123,0.19330000000000003,0.16273333333333337,0.75,0,0.0,0,0,0,0.0,2,70,0,2,1871,187.10000000000002,0,0,0,0.0,0,0.0,0,0,28,0.0,0,{},0.0,12,1.0,52,12,101,24,21,74,53,21,0,74,0,53,0,21,0,0,0,74,8,5,0,13,0,74,0,0,53,0,21,53,4,1.3962264150943395,0,10,1829,11.98746449999453,7.448438599967631,0.1042682999977842,0.20051780004723696,13.914085999997042,parallel_episode_batch,not_applicable,-0.0011956719681620598,0.035595188784445154,0.8182792663574219,0.008419129965377265,0.00025856555193654615,0.0,0.9999745251803562,0.7149520192680687,0.5689655172413793,2.0923526287078857,0.09276802837848663,0.3191487789154053,0.14965777099132538,0.2038322240114212,-0.05688972771167755,0.20879477262496948,0.5920946598052979,0.0001,-0.29960501194000244,-0.30026865005493164,-0.2003648430109024,-0.20021593570709229,-0.2001899778842926,0.2995724678039551,-0.2998966574668884,-0.2995459735393524,-0.19995740056037903,-0.1998937577009201,-0.20036348700523376,0.01798621006309986,0.11913543194532394,0.01798621006309986,0.11939209699630737,0.0,1.500430703163147,1.0001492500305176
22,22,4,2,4,3,train_balanced_1000004,1000004,balanced,balanced_cost,0.0,0.0,1.0,group_anchor_2,215,215,0,0.0,215,0,0.0,0,0.0,0.30416666666666625,0.36666666666666625,-0.0625,0.30416666666666625,0.3666666666666667,-4.440892098500626e-16,feasibility,-1669.1999999999998,-480.21745199895025,-0.70888888888889,0.9333333333333332,0.0,-0.013979578421490883,-1.0,-0.06666666666666667,-0.0625,63,240.0,False,True,horizon,0.9333333333333333,0.984375,,1669.1999999999998,480.21745199895025,0.70888888888889,0.3910054670632027,0.013979578421490883,0.2552,0.16240821415,0.75,0,0.0,0,0,19,0.050397877984084884,2,66,0,5,2092,209.20000000000002,0,0,0,0.0,0,0.0,0,0,35,0.0,0,{},0.0,12,0.9166666666666666,52,12,104,24,23,57,34,23,1,56,1,33,0,23,0,0,1,56,8,7,1,14,0,56,1,0,33,0,23,40,4,1.425,0,10,1829,11.98746449999453,7.448438599967631,0.09809759999916423,0.4294980000704527,13.914085999997042,parallel_episode_batch,not_applicable,-0.0011956719681620598,0.035595188784445154,0.8182792663574219,0.008419129965377265,0.00025856555193654615,0.0,0.9999745251803562,0.7149520192680687,0.5689655172413793,2.0923526287078857,0.09276802837848663,0.3191487789154053,0.14965777099132538,0.2038322240114212,-0.05688972771167755,0.20879477262496948,0.5920946598052979,0.0001,-0.29960501194000244,-0.30026865005493164,-0.2003648430109024,-0.20021593570709229,-0.2001899778842926,0.2995724678039551,-0.2998966574668884,-0.2995459735393524,-0.19995740056037903,-0.1998937577009201,-0.20036348700523376,0.01798621006309986,0.11913543194532394,0.01798621006309986,0.11939209699630737,0.0,1.500430703163147,1.0001492500305176
23,23,4,3,4,3,train_balanced_1000004,1000004,balanced,balanced_cost,0.3333333333333333,0.3333333333333333,0.3333333333333333,group_anchor_3,241,241,0,0.0,241,0,0.0,0,0.0,0.1708333333333335,0.2333333333333335,-0.0625,0.1708333333333335,0.23333333333333336,1.3877787807814457e-16,feasibility,-2074.2,-666.5011404924802,-7.996666666666666,0.8666666666666666,0.0,-0.3904400504056924,-1.0,-0.13333333333333333,-0.0625,62,240.0,False,True,horizon,0.8666666666666667,0.96875,,2074.2,666.5011404924802,7.996666666666666,0.4643075484442886,0.3904400504056924,0.3494,0.2234666666666667,0.75,0,0.0,0,0,5,0.01020408163265306,2,90,0,7,2059,205.9,0,0,0,0.0,0,0.0,0,0,31,0.0,0,{},0.0,16,1.0,48,16,116,32,29,74,45,29,0,74,0,45,0,29,0,0,0,74,8,12,1,19,0,74,0,0,45,0,29,54,3,1.3703703703703705,0,10,1829,11.98746449999453,7.448438599967631,0.11527419999765698,0.33127189991500927,13.914085999997042,parallel_episode_batch,not_applicable,-0.0011956719681620598,0.035595188784445154,0.8182792663574219,0.008419129965377265,0.00025856555193654615,0.0,0.9999745251803562,0.7149520192680687,0.5689655172413793,2.0923526287078857,0.09276802837848663,0.3191487789154053,0.14965777099132538,0.2038322240114212,-0.05688972771167755,0.20879477262496948,0.5920946598052979,0.0001,-0.29960501194000244,-0.30026865005493164,-0.2003648430109024,-0.20021593570709229,-0.2001899778842926,0.2995724678039551,-0.2998966574668884,-0.2995459735393524,-0.19995740056037903,-0.1998937577009201,-0.20036348700523376,0.01798621006309986,0.11913543194532394,0.01798621006309986,0.11939209699630737,0.0,1.500430703163147,1.0001492500305176
24,24,4,4,4,3,train_balanced_1000004,1000004,balanced,balanced_cost,0.5,0.3,0.2,group_anchor_4,203,203,0,0.0,203,0,0.0,0,0.0,0.17083333333333373,0.23333333333333373,-0.0625,0.17083333333333373,0.23333333333333336,3.608224830031759e-16,feasibility,-2021.2000000000007,-446.35586320775997,-5.058055555555554,0.8666666666666666,0.0,-0.4246897134102598,-1.0,-0.13333333333333333,-0.0625,61,240.0,False,True,horizon,0.8666666666666667,0.953125,,2021.2000000000007,446.35586320775997,5.058055555555554,0.4246897134102598,0.4246897134102598,0.2657000000000001,0.17244154748333337,0.75,0,0.0,0,0,10,0.02824858757062147,2,65,0,0,1972,197.20000000000002,0,0,0,0.0,0,0.0,0,0,22,0.0,0,{},0.0,11,1.0,52,11,97,22,21,68,47,21,0,68,0,47,0,21,0,0,0,68,8,7,0,15,0,68,0,0,47,0,21,53,3,1.2830188679245282,0,10,1829,11.98746449999453,7.448438599967631,0.11289350000151899,0.40304139996442245,13.914085999997042,parallel_episode_batch,not_applicable,-0.0011956719681620598,0.035595188784445154,0.8182792663574219,0.008419129965377265,0.00025856555193654615,0.0,0.9999745251803562,0.7149520192680687,0.5689655172413793,2.0923526287078857,0.09276802837848663,0.3191487789154053,0.14965777099132538,0.2038322240114212,-0.05688972771167755,0.20879477262496948,0.5920946598052979,0.0001,-0.29960501194000244,-0.30026865005493164,-0.2003648430109024,-0.20021593570709229,-0.2001899778842926,0.2995724678039551,-0.2998966574668884,-0.2995459735393524,-0.19995740056037903,-0.1998937577009201,-0.20036348700523376,0.01798621006309986,0.11913543194532394,0.01798621006309986,0.11939209699630737,0.0,1.500430703163147,1.0001492500305176
25,25,5,0,5,3,train_easy_1000005,1000005,easy,downtime_dominant,1.0,0.0,0.0,group_anchor_0,142,142,0,0.0,142,0,0.0,0,0.0,1.9374999999999998,1.9999999999999998,-0.0625,1.9374999999999998,2.0,-2.220446049250313e-16,feasibility,-694.8,-346.89372002445003,-27.06222222222223,0.9999999999999998,1.0,-0.3666877770740975,0.0,0.0,-0.0625,45,207.3,True,False,completed,1.0,1.0,694.8,694.8,346.89372002445003,27.06222222222223,0.33084389622317273,0.3666877770740975,0.20290000000000005,0.10783644761666668,0.75,0,0.0,0,0,0,0.0,2,40,0,1,1829,182.9,0,0,0,0.0,0,0.0,0,0,13,0.0,0,{},0.0,7,1.0,38,7,71,14,12,49,37,12,0,49,0,37,0,12,0,0,0,49,5,7,0,12,0,49,0,0,37,0,12,30,7,1.6333333333333333,0,10,1829,11.98746449999453,7.448438599967631,0.07511330000124872,0.5361046000834904,13.914085999997042,parallel_episode_batch,not_applicable,-0.0011956719681620598,0.035595188784445154,0.8182792663574219,0.008419129965377265,0.00025856555193654615,0.0,0.9999745251803562,0.7149520192680687,0.5689655172413793,2.0923526287078857,0.09276802837848663,0.3191487789154053,0.14965777099132538,0.2038322240114212,-0.05688972771167755,0.20879477262496948,0.5920946598052979,0.0001,-0.29960501194000244,-0.30026865005493164,-0.2003648430109024,-0.20021593570709229,-0.2001899778842926,0.2995724678039551,-0.2998966574668884,-0.2995459735393524,-0.19995740056037903,-0.1998937577009201,-0.20036348700523376,0.01798621006309986,0.11913543194532394,0.01798621006309986,0.11939209699630737,0.0,1.500430703163147,1.0001492500305176
26,26,5,1,5,3,train_easy_1000005,1000005,easy,downtime_dominant,0.0,1.0,0.0,group_anchor_1,120,120,0,0.0,120,0,0.0,0,0.0,0.1298076923076924,0.1923076923076924,-0.0625,0.1298076923076924,0.1923076923076923,1.1102230246251565e-16,feasibility,-1631.7,-195.75377365354998,-3.9358333333333335,0.846153846153846,0.0,-0.1637074270361169,-1.0,-0.15384615384615385,-0.0625,42,240.0,False,True,horizon,0.8461538461538461,0.9333333333333333,,1631.7,195.75377365354998,3.9358333333333335,0.35181987841703366,0.1637074270361169,0.14350000000000004,0.10432268555000002,0.75,0,0.0,0,0,6,0.012711864406779662,2,24,0,0,2222,222.20000000000002,0,0,0,0.0,0,0.0,0,0,5,0.0,0,{},0.0,4,1.0,40,4,61,8,7,29,22,7,0,29,0,22,0,7,0,0,0,29,1,2,0,3,0,29,0,0,22,0,7,21,3,1.380952380952381,0,10,1829,11.98746449999453,7.448438599967631,0.0742651000036858,0.916472699966107,13.914085999997042,parallel_episode_batch,not_applicable,-0.0011956719681620598,0.035595188784445154,0.8182792663574219,0.008419129965377265,0.00025856555193654615,0.0,0.9999745251803562,0.7149520192680687,0.5689655172413793,2.0923526287078857,0.09276802837848663,0.3191487789154053,0.14965777099132538,0.2038322240114212,-0.05688972771167755,0.20879477262496948,0.5920946598052979,0.0001,-0.29960501194000244,-0.30026865005493164,-0.2003648430109024,-0.20021593570709229,-0.2001899778842926,0.2995724678039551,-0.2998966574668884,-0.2995459735393524,-0.19995740056037903,-0.1998937577009201,-0.20036348700523376,0.01798621006309986,0.11913543194532394,0.01798621006309986,0.11939209699630737,0.0,1.500430703163147,1.0001492500305176
27,27,5,2,5,3,train_easy_1000005,1000005,easy,downtime_dominant,0.0,0.0,1.0,group_anchor_2,154,154,0,0.0,154,0,0.0,0,0.0,1.9375000000000002,2.0,-0.0625,1.9375000000000002,2.0,0.0,feasibility,-658.7,-488.5547131894201,-4.445833333333332,0.9999999999999998,1.0,-0.08165608020203564,0.0,0.0,-0.0625,45,179.60000000000002,True,False,completed,1.0,1.0,658.7,658.7,488.5547131894201,4.445833333333332,0.2919871818651436,0.08165608020203564,0.2846000000000001,0.17020000000000005,0.75,0,0.0,0,0,0,0.0,1,51,0,2,1545,154.5,0,0,0,0.0,0,0.0,0,0,17,0.0,0,{},0.0,9,1.0,36,9,76,18,15,55,39,16,1,54,0,39,1,15,1,1,0,54,5,9,0,13,0,54,0,0,39,1,15,37,4,1.4864864864864864,0,10,1829,11.98746449999453,7.448438599967631,0.0723913999972865,0.2543796000099974,13.914085999997042,parallel_episode_batch,not_applicable,-0.0011956719681620598,0.035595188784445154,0.8182792663574219,0.008419129965377265,0.00025856555193654615,0.0,0.9999745251803562,0.7149520192680687,0.5689655172413793,2.0923526287078857,0.09276802837848663,0.3191487789154053,0.14965777099132538,0.2038322240114212,-0.05688972771167755,0.20879477262496948,0.5920946598052979,0.0001,-0.29960501194000244,-0.30026865005493164,-0.2003648430109024,-0.20021593570709229,-0.2001899778842926,0.2995724678039551,-0.2998966574668884,-0.2995459735393524,-0.19995740056037903,-0.1998937577009201,-0.20036348700523376,0.01798621006309986,0.11913543194532394,0.01798621006309986,0.11939209699630737,0.0,1.500430703163147,1.0001492500305176
28,28,5,3,5,3,train_easy_1000005,1000005,easy,downtime_dominant,0.3333333333333333,0.3333333333333333,0.3333333333333333,group_anchor_3,154,154,0,0.0,154,0,0.0,0,0.0,1.9374999999999996,1.9999999999999996,-0.0625,1.9374999999999996,2.0,-4.440892098500626e-16,feasibility,-1023.8000000000002,-458.87606041896,-9.058888888888893,0.9999999999999998,1.0,-0.30943711031197396,0.0,0.0,-0.0625,45,223.20000000000002,True,False,completed,1.0,1.0,1023.8000000000002,1023.8000000000002,458.87606041896,9.058888888888893,0.35523128576498236,0.30943711031197396,0.2948000000000001,0.20335000000000006,0.75,0,0.0,0,0,0,0.0,1,41,0,0,2037,203.70000000000002,0,0,0,0.0,0,0.0,0,0,17,0.0,0,{},0.0,9,0.7777777777777778,36,9,75,18,16,59,39,20,4,55,0,39,4,16,4,4,0,55,7,13,1,15,0,55,0,0,39,4,16,30,11,1.9666666666666666,0,10,1829,11.98746449999453,7.448438599967631,0.07231540000066161,0.7020573000481818,13.914085999997042,parallel_episode_batch,not_applicable,-0.0011956719681620598,0.035595188784445154,0.8182792663574219,0.008419129965377265,0.00025856555193654615,0.0,0.9999745251803562,0.7149520192680687,0.5689655172413793,2.0923526287078857,0.09276802837848663,0.3191487789154053,0.14965777099132538,0.2038322240114212,-0.05688972771167755,0.20879477262496948,0.5920946598052979,0.0001,-0.29960501194000244,-0.30026865005493164,-0.2003648430109024,-0.20021593570709229,-0.2001899778842926,0.2995724678039551,-0.2998966574668884,-0.2995459735393524,-0.19995740056037903,-0.1998937577009201,-0.20036348700523376,0.01798621006309986,0.11913543194532394,0.01798621006309986,0.11939209699630737,0.0,1.500430703163147,1.0001492500305176
29,29,5,4,5,3,train_easy_1000005,1000005,easy,downtime_dominant,0.5,0.3,0.2,group_anchor_4,171,171,0,0.0,171,0,0.0,0,0.0,1.9375,2.0,-0.0625,1.9375,2.0,0.0,feasibility,-792.4000000000001,-632.6484577511003,-6.975833333333335,0.9999999999999998,1.0,-0.33959212346574336,0.0,0.0,-0.0625,45,185.5,True,False,completed,1.0,1.0,792.4000000000001,792.4000000000001,632.6484577511003,6.975833333333335,0.33959212346574336,0.33959212346574336,0.25000000000000006,0.1834166666666667,0.75,0,0.0,0,0,7,0.02491103202846975,1,62,0,3,1583,158.3,0,0,0,0.0,0,0.0,0,0,13,0.0,0,{},0.0,12,0.8333333333333334,33,12,84,24,18,62,41,21,3,59,0,41,3,18,3,3,0,59,7,13,2,15,0,59,0,0,41,3,18,33,10,1.878787878787879,0,10,1829,11.98746449999453,7.448438599967631,0.09682090000569588,0.31401949998689815,13.914085999997042,parallel_episode_batch,not_applicable,-0.0011956719681620598,0.035595188784445154,0.8182792663574219,0.008419129965377265,0.00025856555193654615,0.0,0.9999745251803562,0.7149520192680687,0.5689655172413793,2.0923526287078857,0.09276802837848663,0.3191487789154053,0.14965777099132538,0.2038322240114212,-0.05688972771167755,0.20879477262496948,0.5920946598052979,0.0001,-0.29960501194000244,-0.30026865005493164,-0.2003648430109024,-0.20021593570709229,-0.2001899778842926,0.2995724678039551,-0.2998966574668884,-0.2995459735393524,-0.19995740056037903,-0.1998937577009201,-0.20036348700523376,0.01798621006309986,0.11913543194532394,0.01798621006309986,0.11939209699630737,0.0,1.500430703163147,1.0001492500305176
30,30,6,0,6,4,train_balanced_1000006,1000006,balanced,fixed_cost_dominant,1.0,0.0,0.0,group_anchor_0,248,248,0,0.0,248,0,0.0,0,0.0,1.9374999999999998,1.9999999999999998,-0.0625,1.9374999999999998,2.0,-2.220446049250313e-16,feasibility,-1089.5000000000002,-655.7103357932,-30.69138888888888,1.0000000000000002,1.0,-0.4758680934701901,0.0,0.0,-0.0625,66,208.10000000000002,True,False,completed,1.0,1.0,1089.5000000000002,1089.5000000000002,655.7103357932,30.69138888888888,0.43281397169263114,0.4758680934701901,0.3079,0.19969810886666664,0.75,0,0.0,0,0,4,0.013114754098360656,1,91,0,7,1665,166.5,0,0,0,0.0,0,0.0,0,0,32,0.0,0,{},0.0,17,0.8823529411764706,49,17,120,34,28,86,56,30,2,84,0,56,2,28,2,2,0,84,12,16,2,24,0,84,0,0,56,2,28,58,7,1.4827586206896552,0,10,2035,11.957351299999573,8.324449000101595,0.14141029999882448,0.36854029994719895,15.78336660000059,parallel_episode_batch,not_applicable,-0.0010849660320673138,0.018538673499278957,0.6791310249827802,0.0013930601344327442,3.113265285037414e-05,0.0,1.0002175020053983,0.5551525009796023,0.453125,2.2611138820648193,0.17314469814300537,0.3201008439064026,0.19656601548194885,0.16004730761051178,-0.023421311751008034,0.21736280620098114,0.7500097155570984,0.0001,-0.29939380288124084,-0.30012696981430054,-0.20042522251605988,-0.2001255750656128,-0.20018228888511658,0.29948338866233826,-0.29993751645088196,-0.2994687557220459,-0.20016086101531982,-0.19989998638629913,-0.2004009336233139,0.01798621006309986,0.11909651756286621,0.01798621006309986,0.11927931755781174,0.0,1.5003647804260254,1.0003794431686401
31,31,6,1,6,4,train_balanced_1000006,1000006,balanced,fixed_cost_dominant,0.0,1.0,0.0,group_anchor_1,229,229,0,0.0,229,0,0.0,0,0.0,1.9375000000000004,2.0000000000000004,-0.06249999999999997,1.9375000000000004,2.0,4.440892098500626e-16,feasibility,-941.8,-477.8219773918602,-17.226666666666663,1.0000000000000002,1.0,-0.3233285095916263,0.0,0.0,-0.06249999999999997,66,217.10000000000002,True,False,completed,1.0,1.0,941.8,941.8,477.8219773918602,17.226666666666663,0.36810985552975545,0.3233285095916263,0.24838522610000005,0.16601770095,0.75,0,0.0,0,0,0,0.0,2,76,0,3,1685,168.5,0,0,0,0.0,0,0.0,0,0,32,0.0,0,{},0.0,13,1.0,53,13,111,26,26,95,69,26,0,95,0,69,0,26,0,0,0,95,13,13,0,26,0,95,0,0,69,0,26,65,4,1.4615384615384615,0,10,2035,11.957351299999573,8.324449000101595,0.1446113999991212,0.3041542000428308,15.78336660000059,parallel_episode_batch,not_applicable,-0.0010849660320673138,0.018538673499278957,0.6791310249827802,0.0013930601344327442,3.113265285037414e-05,0.0,1.0002175020053983,0.5551525009796023,0.453125,2.2611138820648193,0.17314469814300537,0.3201008439064026,0.19656601548194885,0.16004730761051178,-0.023421311751008034,0.21736280620098114,0.7500097155570984,0.0001,-0.29939380288124084,-0.30012696981430054,-0.20042522251605988,-0.2001255750656128,-0.20018228888511658,0.29948338866233826,-0.29993751645088196,-0.2994687557220459,-0.20016086101531982,-0.19989998638629913,-0.2004009336233139,0.01798621006309986,0.11909651756286621,0.01798621006309986,0.11927931755781174,0.0,1.5003647804260254,1.0003794431686401
32,32,6,2,6,4,train_balanced_1000006,1000006,balanced,fixed_cost_dominant,0.0,0.0,1.0,group_anchor_2,252,252,0,0.0,252,0,0.0,0,0.0,1.9375000000000002,2.0,-0.0625,1.9375000000000002,2.0,0.0,feasibility,-1006.4999999999999,-697.4904436809197,-2.134722222222218,1.0000000000000002,1.0,-0.0409462663505341,0.0,0.0,-0.0625,66,211.60000000000002,True,False,completed,1.0,1.0,1006.4999999999999,1006.4999999999999,697.4904436809197,2.134722222222219,0.3595339110072858,0.04094626635053408,0.2459,0.21828333333333338,0.75,0,0.0,0,0,0,0.0,1,96,0,3,1648,164.8,0,0,0,0.0,0,0.0,0,0,31,0.0,0,{},0.0,18,0.9444444444444444,48,18,119,36,31,97,64,33,2,95,0,64,2,31,2,2,0,95,11,14,2,21,0,95,0,0,64,2,31,61,9,1.5901639344262295,0,10,2035,11.957351299999573,8.324449000101595,0.12126239999633981,0.29901609992521117,15.78336660000059,parallel_episode_batch,not_applicable,-0.0010849660320673138,0.018538673499278957,0.6791310249827802,0.0013930601344327442,3.113265285037414e-05,0.0,1.0002175020053983,0.5551525009796023,0.453125,2.2611138820648193,0.17314469814300537,0.3201008439064026,0.19656601548194885,0.16004730761051178,-0.023421311751008034,0.21736280620098114,0.7500097155570984,0.0001,-0.29939380288124084,-0.30012696981430054,-0.20042522251605988,-0.2001255750656128,-0.20018228888511658,0.29948338866233826,-0.29993751645088196,-0.2994687557220459,-0.20016086101531982,-0.19989998638629913,-0.2004009336233139,0.01798621006309986,0.11909651756286621,0.01798621006309986,0.11927931755781174,0.0,1.5003647804260254,1.0003794431686401
33,33,6,3,6,4,train_balanced_1000006,1000006,balanced,fixed_cost_dominant,0.3333333333333333,0.3333333333333333,0.3333333333333333,group_anchor_3,217,217,0,0.0,217,0,0.0,0,0.0,1.9375000000000004,2.0000000000000004,-0.0625,1.9375000000000004,2.0,4.440892098500626e-16,feasibility,-1062.8,-393.90182790398,-6.80472222222222,1.0000000000000002,1.0,-0.29068814267072574,0.0,0.0,-0.0625,66,232.8,True,False,completed,1.0,1.0,1062.8,1062.8,393.90182790398,6.80472222222222,0.34357689513890943,0.29068814267072574,0.21548522610000004,0.14250262583333337,0.75,0,0.0,0,0,1,0.0035211267605633804,2,63,0,3,1922,192.20000000000002,0,0,0,0.0,0,0.0,0,0,26,0.0,0,{},0.0,11,1.0,55,11,107,22,22,81,59,22,0,81,0,59,0,22,0,0,0,81,9,7,0,16,0,81,0,0,59,0,22,58,3,1.396551724137931,0,10,2035,11.957351299999573,8.324449000101595,0.10974540000461275,0.38634800001455005,15.78336660000059,parallel_episode_batch,not_applicable,-0.0010849660320673138,0.018538673499278957,0.6791310249827802,0.0013930601344327442,3.113265285037414e-05,0.0,1.0002175020053983,0.5551525009796023,0.453125,2.2611138820648193,0.17314469814300537,0.3201008439064026,0.19656601548194885,0.16004730761051178,-0.023421311751008034,0.21736280620098114,0.7500097155570984,0.0001,-0.29939380288124084,-0.30012696981430054,-0.20042522251605988,-0.2001255750656128,-0.20018228888511658,0.29948338866233826,-0.29993751645088196,-0.2994687557220459,-0.20016086101531982,-0.19989998638629913,-0.2004009336233139,0.01798621006309986,0.11909651756286621,0.01798621006309986,0.11927931755781174,0.0,1.5003647804260254,1.0003794431686401
34,34,6,4,6,4,train_balanced_1000006,1000006,balanced,fixed_cost_dominant,0.5,0.3,0.2,group_anchor_4,214,214,0,0.0,214,0,0.0,0,0.0,1.9375,2.0,-0.0625,1.9375,2.0,0.0,feasibility,-1011.5,-418.36222549804,-13.451388888888888,1.0000000000000002,1.0,-0.35957841554555525,0.0,0.0,-0.0625,66,229.8,True,False,completed,1.0,1.0,1011.5,1011.5,418.36222549804,13.451388888888888,0.35957841554555525,0.35957841554555525,0.22920000000000001,0.16027508191666667,0.75,0,0.0,0,0,0,0.0,2,65,0,1,1878,187.8,0,0,0,0.0,0,0.0,0,0,30,0.0,0,{},0.0,11,0.9090909090909091,55,11,105,22,21,77,56,21,0,77,0,56,0,21,0,0,0,77,9,8,0,17,0,77,0,0,56,0,21,56,4,1.375,0,10,2035,11.957351299999573,8.324449000101595,0.12058210000395775,0.43986170008429326,15.78336660000059,parallel_episode_batch,not_applicable,-0.0010849660320673138,0.018538673499278957,0.6791310249827802,0.0013930601344327442,3.113265285037414e-05,0.0,1.0002175020053983,0.5551525009796023,0.453125,2.2611138820648193,0.17314469814300537,0.3201008439064026,0.19656601548194885,0.16004730761051178,-0.023421311751008034,0.21736280620098114,0.7500097155570984,0.0001,-0.29939380288124084,-0.30012696981430054,-0.20042522251605988,-0.2001255750656128,-0.20018228888511658,0.29948338866233826,-0.29993751645088196,-0.2994687557220459,-0.20016086101531982,-0.19989998638629913,-0.2004009336233139,0.01798621006309986,0.11909651756286621,0.01798621006309986,0.11927931755781174,0.0,1.5003647804260254,1.0003794431686401
35,35,7,0,7,4,train_balanced_1000007,1000007,balanced,balanced_cost,1.0,0.0,0.0,group_anchor_0,155,155,0,0.0,155,0,0.0,0,0.0,1.9375,2.0,-0.0625,1.9375,2.0,0.0,feasibility,-793.6,-277.09731023739994,-3.9988888888888887,0.9999999999999998,1.0,-0.3980738362760835,0.0,0.0,-0.0625,53,199.60000000000002,True,False,completed,1.0,1.0,793.6,793.6,277.09731023739994,3.998888888888889,0.2789402160777192,0.3980738362760835,0.153,0.13432372581666666,0.75,0,0.0,0,0,0,0.0,2,40,0,0,1822,182.20000000000002,0,0,0,0.0,0,0.0,0,0,14,0.0,0,{},0.0,7,1.0,46,7,76,14,12,54,42,12,0,54,0,42,0,12,0,0,0,54,5,6,0,11,0,53,0,0,42,0,12,38,4,1.4210526315789473,0,10,2035,11.957351299999573,8.324449000101595,0.15311769999971148,0.3041690999525599,15.78336660000059,parallel_episode_batch,not_applicable,-0.0010849660320673138,0.018538673499278957,0.6791310249827802,0.0013930601344327442,3.113265285037414e-05,0.0,1.0002175020053983,0.5551525009796023,0.453125,2.2611138820648193,0.17314469814300537,0.3201008439064026,0.19656601548194885,0.16004730761051178,-0.023421311751008034,0.21736280620098114,0.7500097155570984,0.0001,-0.29939380288124084,-0.30012696981430054,-0.20042522251605988,-0.2001255750656128,-0.20018228888511658,0.29948338866233826,-0.29993751645088196,-0.2994687557220459,-0.20016086101531982,-0.19989998638629913,-0.2004009336233139,0.01798621006309986,0.11909651756286621,0.01798621006309986,0.11927931755781174,0.0,1.5003647804260254,1.0003794431686401
36,36,7,1,7,4,train_balanced_1000007,1000007,balanced,balanced_cost,0.0,1.0,0.0,group_anchor_1,176,176,0,0.0,176,0,0.0,0,0.0,1.9375,2.0,-0.0625,1.9375,2.0,0.0,feasibility,-779.6,-407.8252414243199,-8.729166666666666,0.9999999999999998,1.0,-0.2896845641236809,0.0,0.0,-0.0625,53,198.8,True,False,completed,1.0,1.0,779.6,779.6,407.8252414243199,8.729166666666666,0.3135406890880909,0.2896845641236809,0.25550000000000006,0.15350079203333333,0.75,0,0.0,0,0,0,0.0,2,57,0,3,1758,175.8,0,0,0,0.0,0,0.0,0,0,23,0.0,0,{},0.0,10,1.0,43,10,85,20,18,64,46,18,0,64,0,46,0,18,0,0,0,64,9,9,2,16,0,64,0,0,46,0,18,47,4,1.3617021276595744,0,10,2035,11.957351299999573,8.324449000101595,0.13245820000156527,0.3076050000017858,15.78336660000059,parallel_episode_batch,not_applicable,-0.0010849660320673138,0.018538673499278957,0.6791310249827802,0.0013930601344327442,3.113265285037414e-05,0.0,1.0002175020053983,0.5551525009796023,0.453125,2.2611138820648193,0.17314469814300537,0.3201008439064026,0.19656601548194885,0.16004730761051178,-0.023421311751008034,0.21736280620098114,0.7500097155570984,0.0001,-0.29939380288124084,-0.30012696981430054,-0.20042522251605988,-0.2001255750656128,-0.20018228888511658,0.29948338866233826,-0.29993751645088196,-0.2994687557220459,-0.20016086101531982,-0.19989998638629913,-0.2004009336233139,0.01798621006309986,0.11909651756286621,0.01798621006309986,0.11927931755781174,0.0,1.5003647804260254,1.0003794431686401
37,37,7,2,7,4,train_balanced_1000007,1000007,balanced,balanced_cost,0.0,0.0,1.0,group_anchor_2,199,199,0,0.0,199,0,0.0,0,0.0,1.9375,2.0,-0.0625,1.9375,2.0,0.0,feasibility,-810.3999999999997,-576.8935894619002,-4.24472222222222,0.9999999999999998,1.0,-0.07825134037617583,0.0,0.0,-0.0625,53,232.70000000000002,True,False,completed,1.0,1.0,810.3999999999997,810.3999999999997,576.8935894619002,4.2447222222222205,0.32695473809358433,0.07825134037617584,0.24080000000000001,0.1931666666666667,0.75,0,0.0,0,0,1,0.004608294930875576,2,74,0,0,1873,187.3,0,0,0,0.0,0,0.0,0,0,24,0.0,0,{},0.0,14,1.0,39,14,91,28,27,80,53,27,0,80,0,53,0,27,0,0,0,80,13,12,1,24,0,80,0,0,53,0,27,60,3,1.3333333333333333,0,10,2035,11.957351299999573,8.324449000101595,0.12870939999993425,0.4270536999683827,15.78336660000059,parallel_episode_batch,not_applicable,-0.0010849660320673138,0.018538673499278957,0.6791310249827802,0.0013930601344327442,3.113265285037414e-05,0.0,1.0002175020053983,0.5551525009796023,0.453125,2.2611138820648193,0.17314469814300537,0.3201008439064026,0.19656601548194885,0.16004730761051178,-0.023421311751008034,0.21736280620098114,0.7500097155570984,0.0001,-0.29939380288124084,-0.30012696981430054,-0.20042522251605988,-0.2001255750656128,-0.20018228888511658,0.29948338866233826,-0.29993751645088196,-0.2994687557220459,-0.20016086101531982,-0.19989998638629913,-0.2004009336233139,0.01798621006309986,0.11909651756286621,0.01798621006309986,0.11927931755781174,0.0,1.5003647804260254,1.0003794431686401
38,38,7,3,7,4,train_balanced_1000007,1000007,balanced,balanced_cost,0.3333333333333333,0.3333333333333333,0.3333333333333333,group_anchor_3,191,191,0,0.0,191,0,0.0,0,0.0,1.9375,2.0,-0.0625,1.9375,2.0,0.0,feasibility,-975.4999999999999,-550.0196814096602,-7.7091666666666665,0.9999999999999998,1.0,-0.31227869542912656,0.0,0.0,-0.0625,53,188.60000000000002,True,False,completed,1.0,1.0,975.4999999999999,975.4999999999999,550.0196814096602,7.709166666666668,0.35737270723634706,0.31227869542912656,0.29150000000000004,0.20915626711666668,0.75,0,0.0,0,0,0,0.0,1,68,0,3,1623,162.3,0,0,0,0.0,0,0.0,0,0,26,0.0,0,{},0.0,13,0.9230769230769231,40,13,91,26,21,80,56,24,3,77,0,56,3,21,3,3,0,77,10,13,2,18,0,77,0,0,56,3,21,49,8,1.6326530612244898,0,10,2035,11.957351299999573,8.324449000101595,0.13386589999572607,0.32922929999040207,15.78336660000059,parallel_episode_batch,not_applicable,-0.0010849660320673138,0.018538673499278957,0.6791310249827802,0.0013930601344327442,3.113265285037414e-05,0.0,1.0002175020053983,0.5551525009796023,0.453125,2.2611138820648193,0.17314469814300537,0.3201008439064026,0.19656601548194885,0.16004730761051178,-0.023421311751008034,0.21736280620098114,0.7500097155570984,0.0001,-0.29939380288124084,-0.30012696981430054,-0.20042522251605988,-0.2001255750656128,-0.20018228888511658,0.29948338866233826,-0.29993751645088196,-0.2994687557220459,-0.20016086101531982,-0.19989998638629913,-0.2004009336233139,0.01798621006309986,0.11909651756286621,0.01798621006309986,0.11927931755781174,0.0,1.5003647804260254,1.0003794431686401
39,39,7,4,7,4,train_balanced_1000007,1000007,balanced,balanced_cost,0.5,0.3,0.2,group_anchor_4,154,154,0,0.0,154,0,0.0,0,0.0,0.28365384615384615,0.34615384615384615,-0.0625,0.28365384615384615,0.3461538461538462,-5.551115123125783e-17,feasibility,-1209.8,-250.27288155468003,-8.095555555555558,0.9230769230769229,0.0,-0.33893885676682584,-1.0,-0.07692307692307693,-0.0625,52,240.0,False,True,horizon,0.9230769230769231,0.9811320754716981,,1209.8,250.27288155468003,8.095555555555558,0.33893885676682584,0.33893885676682584,0.21710000000000007,0.1359124803166667,0.75,0,0.0,0,0,2,0.006825938566552901,2,35,0,2,2130,213.0,0,0,0,0.0,0,0.0,0,0,20,0.0,0,{},0.0,6,1.0,47,6,77,12,12,52,40,12,0,52,0,40,0,12,0,0,0,52,5,5,0,10,0,52,0,0,40,0,12,38,3,1.368421052631579,0,10,2035,11.957351299999573,8.324449000101595,0.14001020000432618,0.5758567999437219,15.78336660000059,parallel_episode_batch,not_applicable,-0.0010849660320673138,0.018538673499278957,0.6791310249827802,0.0013930601344327442,3.113265285037414e-05,0.0,1.0002175020053983,0.5551525009796023,0.453125,2.2611138820648193,0.17314469814300537,0.3201008439064026,0.19656601548194885,0.16004730761051178,-0.023421311751008034,0.21736280620098114,0.7500097155570984,0.0001,-0.29939380288124084,-0.30012696981430054,-0.20042522251605988,-0.2001255750656128,-0.20018228888511658,0.29948338866233826,-0.29993751645088196,-0.2994687557220459,-0.20016086101531982,-0.19989998638629913,-0.2004009336233139,0.01798621006309986,0.11909651756286621,0.01798621006309986,0.11927931755781174,0.0,1.5003647804260254,1.0003794431686401
40,40,8,0,8,5,train_fatigue_bottleneck_1000008,1000008,fatigue_bottleneck,labor_dominant,1.0,0.0,0.0,group_anchor_0,280,280,0,0.0,280,0,0.0,0,0.0,1.9375000000000007,2.000000000000001,-0.0625,1.9375000000000007,2.0,8.881784197001252e-16,feasibility,-1839.0,-873.5892858463501,-6.815555555555565,1.0,1.0,-0.6051332675222113,0.0,0.0,-0.0625,71,187.10000000000002,True,False,completed,1.0,1.0,1839.0,1839.0,873.5892858463501,6.815555555555563,0.466438026692328,0.6051332675222113,0.6568771539000001,0.5590001754166667,0.75,1,0.010416666666666666,0,0,9,0.014285714285714285,1,94,1,15,1500,150.0,0,0,0,0.0,0,0.0,0,0,45,0.0,0,{},0.0,20,0.85,51,20,133,40,36,104,63,41,5,99,0,63,5,36,5,5,0,99,17,15,2,25,2,99,0,0,63,5,36,66,7,1.5757575757575757,0,10,2182,12.106524899994838,9.04290719996061,0.3809030999982497,0.40474810005980544,17.21558759999607,parallel_episode_batch,not_applicable,0.003681248679224934,0.014782706999851923,0.7193046391010285,0.003879555833659002,0.0003176792213967669,0.0,1.0004558520657676,0.6044450006314687,0.4714285714285714,2.2483158111572266,0.37182730436325073,0.36849626898765564,0.173208549618721,0.13966254889965057,0.19861873984336853,0.29308652877807617,0.8563539385795593,0.0001,-0.29909420013427734,-0.2998984158039093,-0.20026077330112457,-0.19997042417526245,-0.2001088559627533,0.29919004440307617,-0.30017849802970886,-0.2996821105480194,-0.20046202838420868,-0.1999417096376419,-0.20021480321884155,0.01798621006309986,0.11909294873476028,0.01798621006309986,0.1193259134888649,0.0,1.4996850490570068,0.9996132850646973
41,41,8,1,8,5,train_fatigue_bottleneck_1000008,1000008,fatigue_bottleneck,labor_dominant,0.0,1.0,0.0,group_anchor_1,276,276,0,0.0,276,0,0.0,0,0.0,1.9374999999999998,1.9999999999999998,-0.0625,1.9374999999999998,2.0,-2.220446049250313e-16,feasibility,-1508.6999999999994,-900.05034908242,-6.438055555555558,1.0,1.0,-0.4736981572709776,0.0,0.0,-0.0625,71,168.9,True,False,completed,1.0,1.0,1508.6999999999994,1508.6999999999994,900.05034908242,6.43805555555556,0.4434155647163433,0.4736981572709776,0.5625734538,0.5066606349666667,0.75,0,0.0,0,0,6,0.014492753623188406,1,102,0,5,1259,125.9,0,0,0,0.0,0,0.0,0,0,38,0.0,0,{},0.0,20,0.9,51,20,128,40,37,105,66,39,2,103,0,66,2,37,2,2,0,103,14,14,2,24,0,103,0,0,66,2,37,67,7,1.5671641791044777,0,10,2182,12.106524899994838,9.04290719996061,0.3682531999947969,0.3168729999961215,17.21558759999607,parallel_episode_batch,not_applicable,0.003681248679224934,0.014782706999851923,0.7193046391010285,0.003879555833659002,0.0003176792213967669,0.0,1.0004558520657676,0.6044450006314687,0.4714285714285714,2.2483158111572266,0.37182730436325073,0.36849626898765564,0.173208549618721,0.13966254889965057,0.19861873984336853,0.29308652877807617,0.8563539385795593,0.0001,-0.29909420013427734,-0.2998984158039093,-0.20026077330112457,-0.19997042417526245,-0.2001088559627533,0.29919004440307617,-0.30017849802970886,-0.2996821105480194,-0.20046202838420868,-0.1999417096376419,-0.20021480321884155,0.01798621006309986,0.11909294873476028,0.01798621006309986,0.1193259134888649,0.0,1.4996850490570068,0.9996132850646973
42,42,8,2,8,5,train_fatigue_bottleneck_1000008,1000008,fatigue_bottleneck,labor_dominant,0.0,0.0,1.0,group_anchor_2,283,283,0,0.0,283,0,0.0,0,0.0,1.9375000000000004,2.0000000000000004,-0.0625,1.9375000000000004,2.0,4.440892098500626e-16,feasibility,-1698.8000000000004,-997.1744933288305,-5.371388888888891,1.0,1.0,-0.097006576802099,0.0,0.0,-0.0625,71,154.70000000000002,True,False,completed,1.0,1.0,1698.8000000000004,1698.8000000000004,997.1744933288305,5.371388888888891,0.4622069030248941,0.097006576802099,0.7184627572999999,0.6739273016333333,0.75,12,0.11428571428571428,0,0,46,0.10747663551401869,1,93,3,5,1078,107.80000000000001,0,0,0,0.0,0,0.0,0,0,43,0.0,0,{},0.0,22,0.9545454545454546,49,22,129,44,39,127,77,50,11,116,0,77,11,39,11,11,0,116,23,21,1,32,10,116,0,0,77,11,39,68,9,1.8676470588235294,0,10,2182,12.106524899994838,9.04290719996061,0.39608760000555776,0.286455599933106,17.21558759999607,parallel_episode_batch,not_applicable,0.003681248679224934,0.014782706999851923,0.7193046391010285,0.003879555833659002,0.0003176792213967669,0.0,1.0004558520657676,0.6044450006314687,0.4714285714285714,2.2483158111572266,0.37182730436325073,0.36849626898765564,0.173208549618721,0.13966254889965057,0.19861873984336853,0.29308652877807617,0.8563539385795593,0.0001,-0.29909420013427734,-0.2998984158039093,-0.20026077330112457,-0.19997042417526245,-0.2001088559627533,0.29919004440307617,-0.30017849802970886,-0.2996821105480194,-0.20046202838420868,-0.1999417096376419,-0.20021480321884155,0.01798621006309986,0.11909294873476028,0.01798621006309986,0.1193259134888649,0.0,1.4996850490570068,0.9996132850646973
43,43,8,3,8,5,train_fatigue_bottleneck_1000008,1000008,fatigue_bottleneck,labor_dominant,0.3333333333333333,0.3333333333333333,0.3333333333333333,group_anchor_3,272,272,0,0.0,272,0,0.0,0,0.0,1.9375000000000004,2.0000000000000004,-0.0625,1.9375000000000004,2.0,4.440892098500626e-16,feasibility,-1587.3000000000004,-863.4063047606495,-8.552222222222218,1.0,1.0,-0.3929618896614727,0.0,0.0,-0.0625,71,166.0,True,False,completed,1.0,1.0,1587.3000000000004,1587.3000000000004,863.4063047606495,8.552222222222218,0.4529547234992849,0.3929618896614727,0.6821560866999999,0.5642106349666668,0.75,4,0.0449438202247191,0,0,47,0.08061749571183534,1,85,1,10,1245,124.5,0,0,0,0.0,0,0.0,0,0,46,0.0,0,{},0.0,19,0.7894736842105263,52,19,129,38,34,119,76,43,9,110,0,76,9,34,9,9,0,110,17,20,0,28,4,110,0,0,76,9,34,59,7,2.016949152542373,0,10,2182,12.106524899994838,9.04290719996061,0.36162749999493826,0.3840405999799259,17.21558759999607,parallel_episode_batch,not_applicable,0.003681248679224934,0.014782706999851923,0.7193046391010285,0.003879555833659002,0.0003176792213967669,0.0,1.0004558520657676,0.6044450006314687,0.4714285714285714,2.2483158111572266,0.37182730436325073,0.36849626898765564,0.173208549618721,0.13966254889965057,0.19861873984336853,0.29308652877807617,0.8563539385795593,0.0001,-0.29909420013427734,-0.2998984158039093,-0.20026077330112457,-0.19997042417526245,-0.2001088559627533,0.29919004440307617,-0.30017849802970886,-0.2996821105480194,-0.20046202838420868,-0.1999417096376419,-0.20021480321884155,0.01798621006309986,0.11909294873476028,0.01798621006309986,0.1193259134888649,0.0,1.4996850490570068,0.9996132850646973
44,44,8,4,8,5,train_fatigue_bottleneck_1000008,1000008,fatigue_bottleneck,labor_dominant,0.5,0.3,0.2,group_anchor_4,291,291,0,0.0,291,0,0.0,0,0.0,1.9375,2.0,-0.06250000000000003,1.9375,2.0,0.0,feasibility,-1544.8,-1003.7508901544298,-8.802222222222225,1.0,1.0,-0.46162402830394894,0.0,0.0,-0.06250000000000003,71,177.20000000000002,True,False,completed,1.0,1.0,1544.8,1544.8,1003.7508901544298,8.802222222222225,0.46162402830394894,0.46162402830394894,0.7292627573000001,0.6650773016333335,0.75,11,0.102803738317757,1,1,121,0.3558823529411765,0,96,3,2,1291,129.1,0,0,0,0.0,0,0.0,0,0,45,0.0,0,{},0.30000000000000004,22,0.9090909090909091,49,22,133,44,43,136,84,52,9,127,0,84,9,43,9,9,0,127,23,25,1,37,17,127,0,0,84,9,43,77,7,1.7662337662337662,0,10,2182,12.106524899994838,9.04290719996061,0.36066050000226824,0.34245650000229944,17.21558759999607,parallel_episode_batch,not_applicable,0.003681248679224934,0.014782706999851923,0.7193046391010285,0.003879555833659002,0.0003176792213967669,0.0,1.0004558520657676,0.6044450006314687,0.4714285714285714,2.2483158111572266,0.37182730436325073,0.36849626898765564,0.173208549618721,0.13966254889965057,0.19861873984336853,0.29308652877807617,0.8563539385795593,0.0001,-0.29909420013427734,-0.2998984158039093,-0.20026077330112457,-0.19997042417526245,-0.2001088559627533,0.29919004440307617,-0.30017849802970886,-0.2996821105480194,-0.20046202838420868,-0.1999417096376419,-0.20021480321884155,0.01798621006309986,0.11909294873476028,0.01798621006309986,0.1193259134888649,0.0,1.4996850490570068,0.9996132850646973
45,45,9,0,9,5,train_balanced_1000009,1000009,balanced,fixed_cost_dominant,1.0,0.0,0.0,group_anchor_0,152,152,0,0.0,152,0,0.0,0,0.0,1.9375000000000002,2.0,-0.0625,1.9375000000000002,2.0,0.0,feasibility,-888.3000000000002,-295.1231184475499,-6.724722222222222,1.0,1.0,-0.4253699181152134,0.0,0.0,-0.0625,50,195.9,True,False,completed,1.0,1.0,888.3000000000002,888.3000000000002,295.1231184475499,6.724722222222222,0.3047567723172468,0.4253699181152134,0.198,0.13821796446666668,0.75,0,0.0,0,0,2,0.013888888888888888,1,44,1,1,1803,180.3,0,0,0,0.0,0,0.0,0,0,21,0.0,0,{},0.0,8,0.875,42,8,73,16,13,59,44,15,2,57,0,44,2,13,2,2,0,57,6,5,0,9,1,57,0,0,44,2,13,41,4,1.4390243902439024,0,10,2182,12.106524899994838,9.04290719996061,0.0981616999997641,0.2796833000247716,17.21558759999607,parallel_episode_batch,not_applicable,0.003681248679224934,0.014782706999851923,0.7193046391010285,0.003879555833659002,0.0003176792213967669,0.0,1.0004558520657676,0.6044450006314687,0.4714285714285714,2.2483158111572266,0.37182730436325073,0.36849626898765564,0.173208549618721,0.13966254889965057,0.19861873984336853,0.29308652877807617,0.8563539385795593,0.0001,-0.29909420013427734,-0.2998984158039093,-0.20026077330112457,-0.19997042417526245,-0.2001088559627533,0.29919004440307617,-0.30017849802970886,-0.2996821105480194,-0.20046202838420868,-0.1999417096376419,-0.20021480321884155,0.01798621006309986,0.11909294873476028,0.01798621006309986,0.1193259134888649,0.0,1.4996850490570068,0.9996132850646973
46,46,9,1,9,5,train_balanced_1000009,1000009,balanced,fixed_cost_dominant,0.0,1.0,0.0,group_anchor_1,169,169,0,0.0,169,0,0.0,0,0.0,1.9374999999999996,1.9999999999999996,-0.0625,1.9374999999999996,2.0,-4.440892098500626e-16,feasibility,-878.9999999999999,-388.88385404952,-11.308888888888893,1.0,1.0,-0.27999738992980944,0.0,0.0,-0.0625,50,218.10000000000002,True,False,completed,1.0,1.0,878.9999999999999,878.9999999999999,388.88385404952,11.308888888888893,0.3322904431127874,0.27999738992980944,0.22260000000000002,0.1479512978,0.75,0,0.0,0,0,0,0.0,2,62,0,1,1896,189.60000000000002,0,0,0,0.0,0,0.0,0,0,19,0.0,0,{},0.0,11,1.0,39,11,80,22,17,62,45,17,0,62,0,45,0,17,0,0,0,62,6,9,1,14,0,62,0,0,45,0,17,39,4,1.5897435897435896,0,10,2182,12.106524899994838,9.04290719996061,0.10092729999450967,0.34625890006282134,17.21558759999607,parallel_episode_batch,not_applicable,0.003681248679224934,0.014782706999851923,0.7193046391010285,0.003879555833659002,0.0003176792213967669,0.0,1.0004558520657676,0.6044450006314687,0.4714285714285714,2.2483158111572266,0.37182730436325073,0.36849626898765564,0.173208549618721,0.13966254889965057,0.19861873984336853,0.29308652877807617,0.8563539385795593,0.0001,-0.29909420013427734,-0.2998984158039093,-0.20026077330112457,-0.19997042417526245,-0.2001088559627533,0.29919004440307617,-0.30017849802970886,-0.2996821105480194,-0.20046202838420868,-0.1999417096376419,-0.20021480321884155,0.01798621006309986,0.11909294873476028,0.01798621006309986,0.1193259134888649,0.0,1.4996850490570068,0.9996132850646973
47,47,9,2,9,5,train_balanced_1000009,1000009,balanced,fixed_cost_dominant,0.0,0.0,1.0,group_anchor_2,169,169,0,0.0,169,0,0.0,0,0.0,1.9374999999999996,1.9999999999999996,-0.0625,1.9374999999999996,2.0,-4.440892098500626e-16,feasibility,-743.2999999999997,-368.71777839579005,-10.239166666666664,1.0,1.0,-0.1699752375945882,0.0,0.0,-0.0625,50,209.0,True,False,completed,1.0,1.0,743.2999999999997,743.2999999999997,368.71777839579005,10.239166666666664,0.306058653701691,0.1699752375945882,0.28,0.13845203074999998,0.75,0,0.0,0,0,1,0.007874015748031496,1,55,0,0,1773,177.3,0,0,0,0.0,0,0.0,0,0,19,0.0,0,{},0.0,10,0.9,40,10,81,20,18,74,54,20,2,72,0,54,2,18,2,2,0,72,9,10,1,16,0,71,0,0,54,2,18,47,7,1.574468085106383,0,10,2182,12.106524899994838,9.04290719996061,0.08361310000327649,0.22008370005642064,17.21558759999607,parallel_episode_batch,not_applicable,0.003681248679224934,0.014782706999851923,0.7193046391010285,0.003879555833659002,0.0003176792213967669,0.0,1.0004558520657676,0.6044450006314687,0.4714285714285714,2.2483158111572266,0.37182730436325073,0.36849626898765564,0.173208549618721,0.13966254889965057,0.19861873984336853,0.29308652877807617,0.8563539385795593,0.0001,-0.29909420013427734,-0.2998984158039093,-0.20026077330112457,-0.19997042417526245,-0.2001088559627533,0.29919004440307617,-0.30017849802970886,-0.2996821105480194,-0.20046202838420868,-0.1999417096376419,-0.20021480321884155,0.01798621006309986,0.11909294873476028,0.01798621006309986,0.1193259134888649,0.0,1.4996850490570068,0.9996132850646973
48,48,9,3,9,5,train_balanced_1000009,1000009,balanced,fixed_cost_dominant,0.3333333333333333,0.3333333333333333,0.3333333333333333,group_anchor_3,145,145,0,0.0,145,0,0.0,0,0.0,0.27083333333333326,0.33333333333333326,-0.0625,0.27083333333333326,0.3333333333333333,-5.551115123125783e-17,feasibility,-1198.0,-227.7410261837001,-3.7122222222222234,0.9166666666666667,0.0,-0.2513973806896669,-1.0,-0.08333333333333333,-0.0625,49,240.0,False,True,horizon,0.9166666666666666,0.98,,1198.0,227.7410261837001,3.7122222222222234,0.31926292226985103,0.2513973806896669,0.17130000000000004,0.12848968278333334,0.75,0,0.0,0,0,2,0.007142857142857143,2,34,0,1,2196,219.60000000000002,0,0,0,0.0,0,0.0,0,0,19,0.0,0,{},0.0,6,1.0,44,6,72,12,11,37,26,11,0,37,0,26,0,11,0,0,0,37,4,5,0,9,0,37,0,0,26,0,11,29,3,1.2758620689655173,0,10,2182,12.106524899994838,9.04290719996061,0.08339420000265818,0.4302522000434692,17.21558759999607,parallel_episode_batch,not_applicable,0.003681248679224934,0.014782706999851923,0.7193046391010285,0.003879555833659002,0.0003176792213967669,0.0,1.0004558520657676,0.6044450006314687,0.4714285714285714,2.2483158111572266,0.37182730436325073,0.36849626898765564,0.173208549618721,0.13966254889965057,0.19861873984336853,0.29308652877807617,0.8563539385795593,0.0001,-0.29909420013427734,-0.2998984158039093,-0.20026077330112457,-0.19997042417526245,-0.2001088559627533,0.29919004440307617,-0.30017849802970886,-0.2996821105480194,-0.20046202838420868,-0.1999417096376419,-0.20021480321884155,0.01798621006309986,0.11909294873476028,0.01798621006309986,0.1193259134888649,0.0,1.4996850490570068,0.9996132850646973
49,49,9,4,9,5,train_balanced_1000009,1000009,balanced,fixed_cost_dominant,0.5,0.3,0.2,group_anchor_4,145,145,0,0.0,145,0,0.0,0,0.0,1.9374999999999998,1.9999999999999998,-0.0625,1.9374999999999998,2.0,-2.220446049250313e-16,feasibility,-1275.0000000000005,-251.31892105286008,-5.138055555555556,1.0,1.0,-0.33646578099125074,0.0,0.0,-0.0625,50,228.3,True,False,completed,1.0,1.0,1275.0000000000005,1275.0000000000005,251.31892105286008,5.138055555555556,0.33646578099125074,0.33646578099125074,0.22400000000000003,0.14332301611666667,0.75,0,0.0,0,0,2,0.006666666666666667,1,37,1,2,2145,214.5,0,0,0,0.0,0,0.0,0,0,20,0.0,0,{},0.0,7,1.0,43,7,71,14,10,47,34,13,3,44,0,34,3,10,3,3,0,44,7,7,1,10,0,44,0,0,34,3,10,29,6,1.6206896551724137,0,10,2182,12.106524899994838,9.04290719996061,0.11373249999451218,0.3825065000128234,17.21558759999607,parallel_episode_batch,not_applicable,0.003681248679224934,0.014782706999851923,0.7193046391010285,0.003879555833659002,0.0003176792213967669,0.0,1.0004558520657676,0.6044450006314687,0.4714285714285714,2.2483158111572266,0.37182730436325073,0.36849626898765564,0.173208549618721,0.13966254889965057,0.19861873984336853,0.29308652877807617,0.8563539385795593,0.0001,-0.29909420013427734,-0.2998984158039093,-0.20026077330112457,-0.19997042417526245,-0.2001088559627533,0.29919004440307617,-0.30017849802970886,-0.2996821105480194,-0.20046202838420868,-0.1999417096376419,-0.20021480321884155,0.01798621006309986,0.11909294873476028,0.01798621006309986,0.1193259134888649,0.0,1.4996850490570068,0.9996132850646973
50,50,10,0,10,6,train_easy_1000010,1000010,easy,labor_dominant,1.0,0.0,0.0,group_anchor_0,144,144,0,0.0,144,0,0.0,0,0.0,1.9374999999999998,1.9999999999999998,-0.0625,1.9374999999999998,2.0,-2.220446049250313e-16,feasibility,-671.4,-257.15832510765006,-0.8780555555555557,0.9999999999999998,1.0,-0.3587688361654376,0.0,0.0,-0.0625,45,191.10000000000002,True,False,completed,1.0,1.0,671.4,671.4,257.15832510765006,0.8780555555555557,0.24420259875508046,0.3587688361654376,0.18200000000000002,0.14070000000000002,0.75,0,0.0,0,0,2,0.009900990099009901,1,43,1,1,1779,177.9,0,0,0,0.0,0,0.0,0,0,15,0.0,0,{},0.0,8,1.0,37,8,72,16,11,55,42,13,2,53,0,42,2,11,2,2,0,53,6,8,1,11,1,53,0,0,42,2,11,34,4,1.6176470588235294,0,10,1771,10.452370500002871,7.249772100025439,0.1051073999988148,0.27883640001527965,13.594738899999356,parallel_episode_batch,phase_transition,-0.0006030463347477573,0.01591301151035753,0.7112213713782174,0.000241246132645756,0.0004587901694321772,0.0,0.9999840919460569,0.5400885072137628,0.35714285714285715,2.2498281002044678,0.5416499376296997,0.292765349149704,0.18579046428203583,0.1310422718524933,0.3558594286441803,0.2609502971172333,0.7996526956558228,0.0001,-0.29960042238235474,-0.3000768721103668,-0.20036764442920685,-0.20009325444698334,-0.2001776248216629,0.29955440759658813,-0.30031341314315796,-0.29974573850631714,-0.20055386424064636,-0.20002466440200806,-0.20032836496829987,0.01798621006309986,0.11920266598463058,0.01798621006309986,0.11948203295469284,0.0,1.5003186464309692,0.9997878074645996
51,51,10,1,10,6,train_easy_1000010,1000010,easy,labor_dominant,0.0,1.0,0.0,group_anchor_1,138,138,0,0.0,138,0,0.0,0,0.0,1.9374999999999998,1.9999999999999998,-0.0625,1.9374999999999998,2.0,-2.220446049250313e-16,feasibility,-566.1999999999999,-184.06034639878007,-7.385555555555556,0.9999999999999998,1.0,-0.15544845071333074,0.0,0.0,-0.0625,45,182.70000000000002,True,False,completed,1.0,1.0,566.1999999999999,566.1999999999999,184.06034639878007,7.385555555555556,0.23266227879267481,0.15544845071333074,0.17500000000000002,0.11438203146666669,0.75,0,0.0,0,0,0,0.0,2,35,0,0,1603,160.3,0,0,0,0.0,0,0.0,0,0,13,0.0,0,{},0.0,6,0.8333333333333334,39,6,70,12,11,54,43,11,0,54,0,43,0,11,0,0,0,54,5,6,0,11,0,54,0,0,43,0,11,35,4,1.542857142857143,0,10,1771,10.452370500002871,7.249772100025439,0.11736640000162879,0.16758340001979377,13.594738899999356,parallel_episode_batch,phase_transition,-0.0006030463347477573,0.01591301151035753,0.7112213713782174,0.000241246132645756,0.0004587901694321772,0.0,0.9999840919460569,0.5400885072137628,0.35714285714285715,2.2498281002044678,0.5416499376296997,0.292765349149704,0.18579046428203583,0.1310422718524933,0.3558594286441803,0.2609502971172333,0.7996526956558228,0.0001,-0.29960042238235474,-0.3000768721103668,-0.20036764442920685,-0.20009325444698334,-0.2001776248216629,0.29955440759658813,-0.30031341314315796,-0.29974573850631714,-0.20055386424064636,-0.20002466440200806,-0.20032836496829987,0.01798621006309986,0.11920266598463058,0.01798621006309986,0.11948203295469284,0.0,1.5003186464309692,0.9997878074645996
52,52,10,2,10,6,train_easy_1000010,1000010,easy,labor_dominant,0.0,0.0,1.0,group_anchor_2,145,145,0,0.0,145,0,0.0,0,0.0,1.9374999999999998,1.9999999999999998,-0.0625,1.9374999999999998,2.0,-2.220446049250313e-16,feasibility,-511.1000000000001,-219.85189560986996,-1.6913888888888893,0.9999999999999998,1.0,-0.032720902363922645,0.0,0.0,-0.0625,45,184.8,True,False,completed,1.0,1.0,511.1000000000001,511.1000000000001,219.85189560986996,1.6913888888888893,0.20996105816478328,0.032720902363922645,0.14970000000000003,0.11628203146666667,0.75,0,0.0,0,0,0,0.0,2,37,0,0,1670,167.0,0,0,0,0.0,0,0.0,0,0,14,0.0,0,{},0.0,7,1.0,38,7,72,14,14,69,55,14,0,69,0,55,0,14,0,0,0,69,7,7,0,14,0,69,0,0,55,0,14,46,4,1.5,0,10,1771,10.452370500002871,7.249772100025439,0.13579010000103153,0.1954080999348662,13.594738899999356,parallel_episode_batch,phase_transition,-0.0006030463347477573,0.01591301151035753,0.7112213713782174,0.000241246132645756,0.0004587901694321772,0.0,0.9999840919460569,0.5400885072137628,0.35714285714285715,2.2498281002044678,0.5416499376296997,0.292765349149704,0.18579046428203583,0.1310422718524933,0.3558594286441803,0.2609502971172333,0.7996526956558228,0.0001,-0.29960042238235474,-0.3000768721103668,-0.20036764442920685,-0.20009325444698334,-0.2001776248216629,0.29955440759658813,-0.30031341314315796,-0.29974573850631714,-0.20055386424064636,-0.20002466440200806,-0.20032836496829987,0.01798621006309986,0.11920266598463058,0.01798621006309986,0.11948203295469284,0.0,1.5003186464309692,0.9997878074645996
53,53,10,3,10,6,train_easy_1000010,1000010,easy,labor_dominant,0.3333333333333333,0.3333333333333333,0.3333333333333333,group_anchor_3,134,134,0,0.0,134,0,0.0,0,0.0,1.9374999999999998,1.9999999999999998,-0.0625,1.9374999999999998,2.0,-2.220446049250313e-16,feasibility,-554.8000000000001,-152.36273250067,-5.545555555555556,0.9999999999999998,1.0,-0.18273901383754737,0.0,0.0,-0.0625,45,183.20000000000002,True,False,completed,1.0,1.0,554.8000000000001,554.8000000000001,152.36273250067,5.5455555555555565,0.2177135925529025,0.18273901383754737,0.11900000000000002,0.09367500818333334,0.75,0,0.0,0,0,0,0.0,2,29,0,2,1660,166.0,0,0,0,0.0,0,0.0,0,0,9,0.0,0,{},0.0,5,1.0,40,5,69,10,10,54,44,10,0,54,0,44,0,10,0,0,0,54,5,4,0,9,0,54,0,0,44,0,10,38,4,1.4210526315789473,0,10,1771,10.452370500002871,7.249772100025439,0.10998330000438727,0.1527278999928967,13.594738899999356,parallel_episode_batch,phase_transition,-0.0006030463347477573,0.01591301151035753,0.7112213713782174,0.000241246132645756,0.0004587901694321772,0.0,0.9999840919460569,0.5400885072137628,0.35714285714285715,2.2498281002044678,0.5416499376296997,0.292765349149704,0.18579046428203583,0.1310422718524933,0.3558594286441803,0.2609502971172333,0.7996526956558228,0.0001,-0.29960042238235474,-0.3000768721103668,-0.20036764442920685,-0.20009325444698334,-0.2001776248216629,0.29955440759658813,-0.30031341314315796,-0.29974573850631714,-0.20055386424064636,-0.20002466440200806,-0.20032836496829987,0.01798621006309986,0.11920266598463058,0.01798621006309986,0.11948203295469284,0.0,1.5003186464309692,0.9997878074645996
54,54,10,4,10,6,train_easy_1000010,1000010,easy,labor_dominant,0.5,0.3,0.2,group_anchor_4,120,120,0,0.0,120,0,0.0,0,0.0,1.9374999999999998,1.9999999999999998,-0.0625,1.9374999999999998,2.0,-2.220446049250313e-16,feasibility,-696.5999999999999,-102.22602954349999,-2.4722222222222228,0.9999999999999998,1.0,-0.2208909122464564,0.0,0.0,-0.0625,45,237.0,True,False,completed,1.0,1.0,696.5999999999999,696.5999999999999,102.22602954349999,2.4722222222222228,0.2208909122464564,0.2208909122464564,0.17250000000000001,0.10959931276666668,0.75,0,0.0,0,0,3,0.011363636363636364,1,12,0,1,2318,231.8,0,0,0,0.0,0,0.0,0,0,4,0.0,0,{},0.0,3,0.6666666666666666,42,3,64,6,5,36,29,7,2,34,0,29,2,5,2,2,0,34,3,4,0,5,0,34,0,0,29,2,5,23,7,1.565217391304348,0,10,1771,10.452370500002871,7.249772100025439,0.1180330999995931,0.6051665999912075,13.594738899999356,parallel_episode_batch,phase_transition,-0.0006030463347477573,0.01591301151035753,0.7112213713782174,0.000241246132645756,0.0004587901694321772,0.0,0.9999840919460569,0.5400885072137628,0.35714285714285715,2.2498281002044678,0.5416499376296997,0.292765349149704,0.18579046428203583,0.1310422718524933,0.3558594286441803,0.2609502971172333,0.7996526956558228,0.0001,-0.29960042238235474,-0.3000768721103668,-0.20036764442920685,-0.20009325444698334,-0.2001776248216629,0.29955440759658813,-0.30031341314315796,-0.29974573850631714,-0.20055386424064636,-0.20002466440200806,-0.20032836496829987,0.01798621006309986,0.11920266598463058,0.01798621006309986,0.11948203295469284,0.0,1.5003186464309692,0.9997878074645996
55,55,11,0,11,6,train_balanced_1000011,1000011,balanced,labor_dominant,1.0,0.0,0.0,group_anchor_0,221,221,0,0.0,221,0,0.0,0,0.0,1.9375,2.0,-0.0625,1.9375,2.0,0.0,feasibility,-927.2,-447.96624172949,-17.485833333333332,1.0000000000000002,1.0,-0.435878149680331,0.0,0.0,-0.0625,67,217.70000000000002,True,False,completed,1.0,1.0,927.2,927.2,447.96624172949,17.485833333333336,0.3625726765980032,0.435878149680331,0.3538000000000001,0.2129,0.75,0,0.0,0,0,0,0.0,1,66,0,0,1849,184.9,0,0,0,0.0,0,0.0,0,0,23,0.0,0,{},0.0,12,0.9166666666666666,55,12,107,24,23,88,64,24,1,87,0,64,1,23,1,1,0,87,9,10,0,18,0,87,0,0,64,1,23,62,5,1.4193548387096775,0,10,1771,10.452370500002871,7.249772100025439,0.15094630000385223,0.3300746000095387,13.594738899999356,parallel_episode_batch,phase_transition,-0.0006030463347477573,0.01591301151035753,0.7112213713782174,0.000241246132645756,0.0004587901694321772,0.0,0.9999840919460569,0.5400885072137628,0.35714285714285715,2.2498281002044678,0.5416499376296997,0.292765349149704,0.18579046428203583,0.1310422718524933,0.3558594286441803,0.2609502971172333,0.7996526956558228,0.0001,-0.29960042238235474,-0.3000768721103668,-0.20036764442920685,-0.20009325444698334,-0.2001776248216629,0.29955440759658813,-0.30031341314315796,-0.29974573850631714,-0.20055386424064636,-0.20002466440200806,-0.20032836496829987,0.01798621006309986,0.11920266598463058,0.01798621006309986,0.11948203295469284,0.0,1.5003186464309692,0.9997878074645996
56,56,11,1,11,6,train_balanced_1000011,1000011,balanced,labor_dominant,0.0,1.0,0.0,group_anchor_1,202,202,0,0.0,202,0,0.0,0,0.0,1.9375000000000002,2.0,-0.0625,1.9375000000000002,2.0,0.0,feasibility,-928.7000000000003,-317.59194711605005,-4.138055555555557,1.0000000000000002,1.0,-0.24103968441154824,0.0,0.0,-0.0625,67,214.5,True,False,completed,1.0,1.0,928.7000000000003,928.7000000000003,317.59194711605005,4.138055555555557,0.3057367849809819,0.24103968441154824,0.20660000000000006,0.1446649174166667,0.75,0,0.0,0,0,0,0.0,2,50,0,3,1933,193.3,0,0,0,0.0,0,0.0,0,0,16,0.0,0,{},0.0,9,1.0,58,9,101,18,16,80,64,16,0,80,0,64,0,16,0,0,0,80,8,8,2,14,0,80,0,0,64,0,16,61,4,1.3114754098360655,0,10,1771,10.452370500002871,7.249772100025439,0.12315640000451822,0.29820949998975266,13.594738899999356,parallel_episode_batch,phase_transition,-0.0006030463347477573,0.01591301151035753,0.7112213713782174,0.000241246132645756,0.0004587901694321772,0.0,0.9999840919460569,0.5400885072137628,0.35714285714285715,2.2498281002044678,0.5416499376296997,0.292765349149704,0.18579046428203583,0.1310422718524933,0.3558594286441803,0.2609502971172333,0.7996526956558228,0.0001,-0.29960042238235474,-0.3000768721103668,-0.20036764442920685,-0.20009325444698334,-0.2001776248216629,0.29955440759658813,-0.30031341314315796,-0.29974573850631714,-0.20055386424064636,-0.20002466440200806,-0.20032836496829987,0.01798621006309986,0.11920266598463058,0.01798621006309986,0.11948203295469284,0.0,1.5003186464309692,0.9997878074645996
57,57,11,2,11,6,train_balanced_1000011,1000011,balanced,labor_dominant,0.0,0.0,1.0,group_anchor_2,226,226,0,0.0,226,0,0.0,0,0.0,1.9375000000000002,2.0,-0.0625,1.9375000000000002,2.0,0.0,feasibility,-903.9999999999999,-437.8429454840901,-4.269166666666668,1.0000000000000002,1.0,-0.07866652334812586,0.0,0.0,-0.0625,67,215.5,True,False,completed,1.0,1.0,903.9999999999999,903.9999999999999,437.8429454840901,4.269166666666667,0.3219163266415802,0.07866652334812586,0.1925,0.1677485105666667,0.75,0,0.0,0,0,0,0.0,2,67,0,3,1845,184.5,0,0,0,0.0,0,0.0,0,0,28,0.0,0,{},0.0,12,1.0,55,12,111,24,24,92,68,24,0,92,0,68,0,24,0,0,0,92,10,9,0,19,0,92,0,0,68,0,24,69,3,1.3333333333333333,0,10,1771,10.452370500002871,7.249772100025439,0.12469100000453182,0.28458089996274794,13.594738899999356,parallel_episode_batch,phase_transition,-0.0006030463347477573,0.01591301151035753,0.7112213713782174,0.000241246132645756,0.0004587901694321772,0.0,0.9999840919460569,0.5400885072137628,0.35714285714285715,2.2498281002044678,0.5416499376296997,0.292765349149704,0.18579046428203583,0.1310422718524933,0.3558594286441803,0.2609502971172333,0.7996526956558228,0.0001,-0.29960042238235474,-0.3000768721103668,-0.20036764442920685,-0.20009325444698334,-0.2001776248216629,0.29955440759658813,-0.30031341314315796,-0.29974573850631714,-0.20055386424064636,-0.20002466440200806,-0.20032836496829987,0.01798621006309986,0.11920266598463058,0.01798621006309986,0.11948203295469284,0.0,1.5003186464309692,0.9997878074645996
58,58,11,3,11,6,train_balanced_1000011,1000011,balanced,labor_dominant,0.3333333333333333,0.3333333333333333,0.3333333333333333,group_anchor_3,230,230,0,0.0,230,0,0.0,0,0.0,1.9375,2.0,-0.0625,1.9375,2.0,0.0,feasibility,-973.5000000000002,-468.57518017923,-5.751388888888889,1.0000000000000002,1.0,-0.29004144788507513,0.0,0.0,-0.0625,67,219.10000000000002,True,False,completed,1.0,1.0,973.5000000000002,973.5000000000002,468.57518017923,5.751388888888889,0.3403001874884376,0.29004144788507513,0.29490000000000005,0.21138333333333334,0.75,0,0.0,0,0,0,0.0,1,72,0,3,1815,181.5,0,0,0,0.0,0,0.0,0,0,32,0.0,0,{},0.0,13,1.0,54,13,113,26,24,92,67,25,1,91,0,67,1,24,1,1,0,91,11,11,1,20,0,91,0,0,67,1,24,59,4,1.5593220338983051,0,10,1771,10.452370500002871,7.249772100025439,0.1533038999987184,0.3074776999928872,13.594738899999356,parallel_episode_batch,phase_transition,-0.0006030463347477573,0.01591301151035753,0.7112213713782174,0.000241246132645756,0.0004587901694321772,0.0,0.9999840919460569,0.5400885072137628,0.35714285714285715,2.2498281002044678,0.5416499376296997,0.292765349149704,0.18579046428203583,0.1310422718524933,0.3558594286441803,0.2609502971172333,0.7996526956558228,0.0001,-0.29960042238235474,-0.3000768721103668,-0.20036764442920685,-0.20009325444698334,-0.2001776248216629,0.29955440759658813,-0.30031341314315796,-0.29974573850631714,-0.20055386424064636,-0.20002466440200806,-0.20032836496829987,0.01798621006309986,0.11920266598463058,0.01798621006309986,0.11948203295469284,0.0,1.5003186464309692,0.9997878074645996
59,59,11,4,11,6,train_balanced_1000011,1000011,balanced,labor_dominant,0.5,0.3,0.2,group_anchor_4,211,211,0,0.0,211,0,0.0,0,0.0,0.215277777777778,0.277777777777778,-0.0625,0.215277777777778,0.27777777777777773,2.7755575615628914e-16,feasibility,-1671.8999999999999,-398.4129472034402,-10.608888888888893,0.8888888888888892,0.0,-0.41155786999552263,-1.0,-0.1111111111111111,-0.0625,64,240.0,False,True,horizon,0.8888888888888888,0.9552238805970149,,1671.8999999999999,398.4129472034402,10.608888888888892,0.41155786999552263,0.41155786999552263,0.3729,0.24816666666666673,0.75,0,0.0,0,0,14,0.03636363636363636,1,58,0,2,2107,210.70000000000002,0,0,0,0.0,0,0.0,0,0,27,0.0,0,{},0.0,11,0.9090909090909091,55,11,103,22,20,66,45,21,1,65,0,45,1,20,1,1,0,65,10,10,1,18,0,65,0,0,45,1,20,46,3,1.434782608695652,0,10,1771,10.452370500002871,7.249772100025439,0.11503879999509081,0.4488217000034638,13.594738899999356,parallel_episode_batch,phase_transition,-0.0006030463347477573,0.01591301151035753,0.7112213713782174,0.000241246132645756,0.0004587901694321772,0.0,0.9999840919460569,0.5400885072137628,0.35714285714285715,2.2498281002044678,0.5416499376296997,0.292765349149704,0.18579046428203583,0.1310422718524933,0.3558594286441803,0.2609502971172333,0.7996526956558228,0.0001,-0.29960042238235474,-0.3000768721103668,-0.20036764442920685,-0.20009325444698334,-0.2001776248216629,0.29955440759658813,-0.30031341314315796,-0.29974573850631714,-0.20055386424064636,-0.20002466440200806,-0.20032836496829987,0.01798621006309986,0.11920266598463058,0.01798621006309986,0.11948203295469284,0.0,1.5003186464309692,0.9997878074645996
60,60,12,0,12,7,train_balanced_1000012,1000012,balanced,balanced_cost,1.0,0.0,0.0,group_anchor_0,164,164,0,0.0,164,0,0.0,0,0.0,1.7680602997080048,1.8305602997080048,-0.0625,1.7680602997080048,1.830560299708005,-2.220446049250313e-16,quality,-615.1000000000003,-306.96322153485016,-9.445555555555556,0.9999999999999998,1.0,-0.3388794005839899,0.0,0.0,-0.0625,55,214.3,True,False,completed,1.0,1.0,615.1000000000003,615.1000000000003,306.96322153485016,9.445555555555556,0.27167880406338096,0.3388794005839899,0.262,0.15663040046666668,0.75,0,0.0,0,0,0,0.0,2,41,0,0,1868,186.8,0,0,0,0.0,0,0.0,0,0,18,0.0,0,{},0.0,7,0.8571428571428571,48,7,81,14,14,88,74,14,0,88,0,74,0,14,0,0,0,88,7,7,0,14,0,88,0,0,74,0,14,63,3,1.3968253968253967,0,10,1835,9.512283399999433,7.391465599932417,0.14129680000041844,0.160138600069331,13.109348200006934,parallel_episode_batch,pending,-0.00032375589141557954,0.01459478424733569,0.5596320608566547,0.001377314321118696,2.7382003974574626e-07,0.0,0.9999828821626203,0.3934837985655357,0.1896551724137931,1.8976060152053833,0.691743791103363,0.2640371024608612,0.15688645839691162,0.1320098340511322,0.5348573327064514,0.2626611590385437,0.7500330209732056,0.0001,-0.2996253967285156,-0.3001697361469269,-0.2004583179950714,-0.2001800537109375,-0.20017534494400024,0.299599826335907,-0.30078715085983276,-0.30025675892829895,-0.20072634518146515,-0.2003660649061203,-0.20065926015377045,0.01798621006309986,0.1192343682050705,0.01798621006309986,0.11965158581733704,0.0,1.5003974437713623,1.0010735988616943
61,61,12,1,12,7,train_balanced_1000012,1000012,balanced,balanced_cost,0.0,1.0,0.0,group_anchor_1,212,212,0,0.0,212,0,0.0,0,0.0,1.741990568483542,1.804490568483542,-0.0625,1.741990568483542,1.804490568483542,0.0,quality,-792.7999999999998,-642.0869864382199,-13.74333333333334,0.9999999999999998,1.0,-0.3910188630329159,0.0,0.0,-0.0625,55,220.4,True,False,completed,1.0,1.0,792.7999999999998,792.7999999999998,642.0869864382199,13.74333333333334,0.35934260610164037,0.3910188630329159,0.30130000000000007,0.21690017175000006,0.75,0,0.0,0,0,0,0.0,1,78,0,2,1747,174.70000000000002,0,0,0,0.0,0,0.0,0,0,27,0.0,0,{},0.0,15,0.8666666666666667,40,15,98,30,29,104,71,33,4,100,0,71,4,29,4,4,0,100,16,14,0,26,0,99,0,0,71,4,29,62,6,1.6774193548387097,0,10,1835,9.512283399999433,7.391465599932417,0.13558840000041528,0.22494099999312311,13.109348200006934,parallel_episode_batch,pending,-0.00032375589141557954,0.01459478424733569,0.5596320608566547,0.001377314321118696,2.7382003974574626e-07,0.0,0.9999828821626203,0.3934837985655357,0.1896551724137931,1.8976060152053833,0.691743791103363,0.2640371024608612,0.15688645839691162,0.1320098340511322,0.5348573327064514,0.2626611590385437,0.7500330209732056,0.0001,-0.2996253967285156,-0.3001697361469269,-0.2004583179950714,-0.2001800537109375,-0.20017534494400024,0.299599826335907,-0.30078715085983276,-0.30025675892829895,-0.20072634518146515,-0.2003660649061203,-0.20065926015377045,0.01798621006309986,0.1192343682050705,0.01798621006309986,0.11965158581733704,0.0,1.5003974437713623,1.0010735988616943
62,62,12,2,12,7,train_balanced_1000012,1000012,balanced,balanced_cost,0.0,0.0,1.0,group_anchor_2,207,207,0,0.0,207,0,0.0,0,0.0,1.8906334175825834,1.9531334175825834,-0.0625,1.8906334175825834,1.9531334175825836,-2.220446049250313e-16,quality,-929.0000000000001,-666.7570715884103,-5.171388888888884,0.9999999999999998,1.0,-0.09373316483483278,0.0,0.0,-0.0625,55,215.10000000000002,True,False,completed,1.0,1.0,929.0000000000001,929.0000000000001,666.7570715884103,5.171388888888884,0.3569339443135988,0.09373316483483278,0.3798,0.27855,0.75,0,0.0,0,0,1,0.004484304932735426,1,72,1,1,1804,180.4,0,0,0,0.0,0,0.0,0,0,34,0.0,0,{},0.0,15,0.8666666666666667,40,15,96,30,26,93,63,30,4,89,0,63,4,26,4,4,0,89,12,15,1,22,0,89,0,0,63,4,26,58,14,1.603448275862069,0,10,1835,9.512283399999433,7.391465599932417,0.11570560000109253,0.2603525999802514,13.109348200006934,parallel_episode_batch,pending,-0.00032375589141557954,0.01459478424733569,0.5596320608566547,0.001377314321118696,2.7382003974574626e-07,0.0,0.9999828821626203,0.3934837985655357,0.1896551724137931,1.8976060152053833,0.691743791103363,0.2640371024608612,0.15688645839691162,0.1320098340511322,0.5348573327064514,0.2626611590385437,0.7500330209732056,0.0001,-0.2996253967285156,-0.3001697361469269,-0.2004583179950714,-0.2001800537109375,-0.20017534494400024,0.299599826335907,-0.30078715085983276,-0.30025675892829895,-0.20072634518146515,-0.2003660649061203,-0.20065926015377045,0.01798621006309986,0.1192343682050705,0.01798621006309986,0.11965158581733704,0.0,1.5003974437713623,1.0010735988616943
63,63,12,3,12,7,train_balanced_1000012,1000012,balanced,balanced_cost,0.3333333333333333,0.3333333333333333,0.3333333333333333,group_anchor_3,189,189,0,0.0,189,0,0.0,0,0.0,1.7793599273752012,1.8418599273752012,-0.0625,1.7793599273752012,1.8418599273752014,-2.220446049250313e-16,quality,-717.8,-484.19263598827024,-16.51805555555556,0.9999999999999998,1.0,-0.3162801452495972,0.0,0.0,-0.0625,55,217.0,True,False,completed,1.0,1.0,717.8,717.8,484.19263598827024,16.51805555555556,0.33467629827439477,0.3162801452495972,0.2844,0.18194706713333333,0.75,0,0.0,0,0,0,0.0,2,58,0,2,1830,183.0,0,0,0,0.0,0,0.0,0,0,34,0.0,0,{},0.0,11,1.0,44,11,92,22,20,84,64,20,0,84,0,64,0,20,0,0,0,84,9,10,0,19,0,84,0,0,64,0,20,60,4,1.4,0,10,1835,9.512283399999433,7.391465599932417,0.13143549999949755,0.2638482000256772,13.109348200006934,parallel_episode_batch,pending,-0.00032375589141557954,0.01459478424733569,0.5596320608566547,0.001377314321118696,2.7382003974574626e-07,0.0,0.9999828821626203,0.3934837985655357,0.1896551724137931,1.8976060152053833,0.691743791103363,0.2640371024608612,0.15688645839691162,0.1320098340511322,0.5348573327064514,0.2626611590385437,0.7500330209732056,0.0001,-0.2996253967285156,-0.3001697361469269,-0.2004583179950714,-0.2001800537109375,-0.20017534494400024,0.299599826335907,-0.30078715085983276,-0.30025675892829895,-0.20072634518146515,-0.2003660649061203,-0.20065926015377045,0.01798621006309986,0.1192343682050705,0.01798621006309986,0.11965158581733704,0.0,1.5003974437713623,1.0010735988616943
64,64,12,4,12,7,train_balanced_1000012,1000012,balanced,balanced_cost,0.5,0.3,0.2,group_anchor_4,155,155,0,0.0,155,0,0.0,0,0.0,1.8053567566738913,1.8678567566738913,-0.0625,1.8053567566738913,1.867856756673891,2.220446049250313e-16,quality,-662.4999999999999,-241.23204987605996,-8.183333333333332,0.9999999999999998,1.0,-0.2642864866522177,0.0,0.0,-0.0625,55,208.8,True,False,completed,1.0,1.0,662.4999999999999,662.4999999999999,241.23204987605996,8.183333333333332,0.2642864866522177,0.2642864866522177,0.16100000000000003,0.12168040046666667,0.75,0,0.0,0,0,0,0.0,2,35,0,0,1888,188.8,0,0,0,0.0,0,0.0,0,0,21,0.0,0,{},0.0,6,1.0,49,6,76,12,12,71,59,12,0,71,0,59,0,12,0,0,0,71,6,5,0,11,0,71,0,0,59,0,12,57,3,1.2456140350877194,0,10,1835,9.512283399999433,7.391465599932417,0.14522119999310235,0.2519227999873692,13.109348200006934,parallel_episode_batch,pending,-0.00032375589141557954,0.01459478424733569,0.5596320608566547,0.001377314321118696,2.7382003974574626e-07,0.0,0.9999828821626203,0.3934837985655357,0.1896551724137931,1.8976060152053833,0.691743791103363,0.2640371024608612,0.15688645839691162,0.1320098340511322,0.5348573327064514,0.2626611590385437,0.7500330209732056,0.0001,-0.2996253967285156,-0.3001697361469269,-0.2004583179950714,-0.2001800537109375,-0.20017534494400024,0.299599826335907,-0.30078715085983276,-0.30025675892829895,-0.20072634518146515,-0.2003660649061203,-0.20065926015377045,0.01798621006309986,0.1192343682050705,0.01798621006309986,0.11965158581733704,0.0,1.5003974437713623,1.0010735988616943
65,65,13,0,13,7,train_balanced_1000013,1000013,balanced,downtime_dominant,1.0,0.0,0.0,group_anchor_0,176,176,0,0.0,176,0,0.0,0,0.0,1.7582355535361094,1.8207355535361094,-0.0625,1.7582355535361094,1.8207355535361094,0.0,quality,-670.7000000000003,-385.2373268366299,-13.685833333333337,0.9999999999999999,1.0,-0.3585288929277811,0.0,0.0,-0.0625,59,218.10000000000002,True,False,completed,1.0,1.0,670.7000000000003,670.7000000000003,385.2373268366299,13.685833333333337,0.30567426637178935,0.3585288929277811,0.14,0.1260278401,0.75,0,0.0,0,0,0,0.0,2,47,0,0,1900,190.0,0,0,0,0.0,0,0.0,0,0,16,0.0,0,{},0.0,8,1.0,51,8,85,16,16,96,80,16,0,96,0,80,0,16,0,0,0,96,8,8,0,16,0,96,0,0,80,0,16,70,4,1.3714285714285714,0,10,1835,9.512283399999433,7.391465599932417,0.10455699999874923,0.163781499984907,13.109348200006934,parallel_episode_batch,pending,-0.00032375589141557954,0.01459478424733569,0.5596320608566547,0.001377314321118696,2.7382003974574626e-07,0.0,0.9999828821626203,0.3934837985655357,0.1896551724137931,1.8976060152053833,0.691743791103363,0.2640371024608612,0.15688645839691162,0.1320098340511322,0.5348573327064514,0.2626611590385437,0.7500330209732056,0.0001,-0.2996253967285156,-0.3001697361469269,-0.2004583179950714,-0.2001800537109375,-0.20017534494400024,0.299599826335907,-0.30078715085983276,-0.30025675892829895,-0.20072634518146515,-0.2003660649061203,-0.20065926015377045,0.01798621006309986,0.1192343682050705,0.01798621006309986,0.11965158581733704,0.0,1.5003974437713623,1.0010735988616943
66,66,13,1,13,7,train_balanced_1000013,1000013,balanced,downtime_dominant,0.0,1.0,0.0,group_anchor_1,186,186,0,0.0,186,0,0.0,0,0.0,1.788555814684452,1.851055814684452,-0.0625,1.788555814684452,1.851055814684452,0.0,quality,-818.1000000000005,-424.2749417195301,-26.064722222222226,0.9999999999999999,1.0,-0.2978883706310961,0.0,0.0,-0.0625,59,229.0,True,False,completed,1.0,1.0,818.1000000000005,818.1000000000005,424.2749417195301,26.064722222222226,0.3605901718060124,0.2978883706310961,0.25870000000000004,0.1509958439,0.75,0,0.0,0,0,0,0.0,2,51,0,1,2046,204.60000000000002,0,0,0,0.0,0,0.0,0,0,17,0.0,0,{},0.0,9,1.0,50,9,91,18,18,79,61,18,0,79,0,61,0,18,0,0,0,79,8,9,0,17,0,79,0,0,61,0,18,55,3,1.4363636363636363,0,10,1835,9.512283399999433,7.391465599932417,0.13016000000061467,0.21926200004236307,13.109348200006934,parallel_episode_batch,pending,-0.00032375589141557954,0.01459478424733569,0.5596320608566547,0.001377314321118696,2.7382003974574626e-07,0.0,0.9999828821626203,0.3934837985655357,0.1896551724137931,1.8976060152053833,0.691743791103363,0.2640371024608612,0.15688645839691162,0.1320098340511322,0.5348573327064514,0.2626611590385437,0.7500330209732056,0.0001,-0.2996253967285156,-0.3001697361469269,-0.2004583179950714,-0.2001800537109375,-0.20017534494400024,0.299599826335907,-0.30078715085983276,-0.30025675892829895,-0.20072634518146515,-0.2003660649061203,-0.20065926015377045,0.01798621006309986,0.1192343682050705,0.01798621006309986,0.11965158581733704,0.0,1.5003974437713623,1.0010735988616943
67,67,13,2,13,7,train_balanced_1000013,1000013,balanced,downtime_dominant,0.0,0.0,1.0,group_anchor_2,183,183,0,0.0,183,0,0.0,0,0.0,0.2450924147706861,0.3075924147706861,-0.0625,0.2450924147706861,0.307592414770686,1.1102230246251565e-16,quality,-1128.0,-449.53543923977014,-6.698888888888889,0.9333333333333332,0.0,-0.11814850379196142,-1.0,-0.06666666666666667,-0.0625,58,240.0,False,True,horizon,0.9333333333333333,0.9830508474576272,,1128.0,449.53543923977014,6.698888888888889,0.35893488211721297,0.11814850379196143,0.245,0.16928467046666665,0.75,0,0.0,0,0,7,0.03553299492385787,2,52,0,1,2096,209.60000000000002,0,0,0,0.0,0,0.0,0,0,20,0.0,0,{},0.0,9,0.7777777777777778,50,9,90,18,16,68,52,16,1,67,1,51,0,16,0,0,1,67,5,6,1,10,0,67,1,0,51,0,16,50,4,1.36,0,10,1835,9.512283399999433,7.391465599932417,0.1339114000002155,0.2663649999303743,13.109348200006934,parallel_episode_batch,pending,-0.00032375589141557954,0.01459478424733569,0.5596320608566547,0.001377314321118696,2.7382003974574626e-07,0.0,0.9999828821626203,0.3934837985655357,0.1896551724137931,1.8976060152053833,0.691743791103363,0.2640371024608612,0.15688645839691162,0.1320098340511322,0.5348573327064514,0.2626611590385437,0.7500330209732056,0.0001,-0.2996253967285156,-0.3001697361469269,-0.2004583179950714,-0.2001800537109375,-0.20017534494400024,0.299599826335907,-0.30078715085983276,-0.30025675892829895,-0.20072634518146515,-0.2003660649061203,-0.20065926015377045,0.01798621006309986,0.1192343682050705,0.01798621006309986,0.11965158581733704,0.0,1.5003974437713623,1.0010735988616943
68,68,13,3,13,7,train_balanced_1000013,1000013,balanced,downtime_dominant,0.3333333333333333,0.3333333333333333,0.3333333333333333,group_anchor_3,172,172,0,0.0,172,0,0.0,0,0.0,1.7859290767328249,1.8484290767328249,-0.0625,1.7859290767328249,1.8484290767328249,0.0,quality,-712.0999999999999,-347.26308625014997,-19.3725,0.9999999999999999,1.0,-0.3031418465343503,0.0,0.0,-0.0625,59,223.10000000000002,True,False,completed,1.0,1.0,712.0999999999999,712.0999999999999,347.26308625014997,19.3725,0.3193858833538447,0.3031418465343503,0.23200000000000007,0.15556941773333335,0.75,0,0.0,0,0,0,0.0,3,42,0,0,1923,192.3,0,0,0,0.0,0,0.0,0,0,16,0.0,0,{},0.0,7,1.0,52,7,85,14,14,78,64,14,0,78,0,64,0,14,0,0,0,78,7,7,0,14,0,78,0,0,64,0,14,55,3,1.4181818181818182,0,10,1835,9.512283399999433,7.391465599932417,0.1323229999979958,0.2154731000700849,13.109348200006934,parallel_episode_batch,pending,-0.00032375589141557954,0.01459478424733569,0.5596320608566547,0.001377314321118696,2.7382003974574626e-07,0.0,0.9999828821626203,0.3934837985655357,0.1896551724137931,1.8976060152053833,0.691743791103363,0.2640371024608612,0.15688645839691162,0.1320098340511322,0.5348573327064514,0.2626611590385437,0.7500330209732056,0.0001,-0.2996253967285156,-0.3001697361469269,-0.2004583179950714,-0.2001800537109375,-0.20017534494400024,0.299599826335907,-0.30078715085983276,-0.30025675892829895,-0.20072634518146515,-0.2003660649061203,-0.20065926015377045,0.01798621006309986,0.1192343682050705,0.01798621006309986,0.11965158581733704,0.0,1.5003974437713623,1.0010735988616943
69,69,13,4,13,7,train_balanced_1000013,1000013,balanced,downtime_dominant,0.5,0.3,0.2,group_anchor_4,191,191,0,0.0,191,0,0.0,0,0.0,1.7835574317545984,1.8460574317545984,-0.0625,1.7835574317545984,1.8460574317545986,-2.220446049250313e-16,quality,-708.8000000000003,-477.8989243350699,-7.211388888888891,0.9999999999999999,1.0,-0.30788513649080296,0.0,0.0,-0.0625,59,224.5,True,False,completed,1.0,1.0,708.8000000000003,708.8000000000003,477.8989243350699,7.211388888888891,0.30788513649080296,0.30788513649080296,0.1431,0.1271278401,0.75,0,0.0,0,0,0,0.0,2,59,0,2,1872,187.20000000000002,0,0,0,0.0,0,0.0,0,0,16,0.0,0,{},0.0,10,1.0,49,10,92,20,20,96,76,20,0,96,0,76,0,20,0,0,0,96,10,10,0,20,0,96,0,0,76,0,20,68,4,1.411764705882353,0,10,1835,9.512283399999433,7.391465599932417,0.12698310000268975,0.17430280001281062,13.109348200006934,parallel_episode_batch,pending,-0.00032375589141557954,0.01459478424733569,0.5596320608566547,0.001377314321118696,2.7382003974574626e-07,0.0,0.9999828821626203,0.3934837985655357,0.1896551724137931,1.8976060152053833,0.691743791103363,0.2640371024608612,0.15688645839691162,0.1320098340511322,0.5348573327064514,0.2626611590385437,0.7500330209732056,0.0001,-0.2996253967285156,-0.3001697361469269,-0.2004583179950714,-0.2001800537109375,-0.20017534494400024,0.299599826335907,-0.30078715085983276,-0.30025675892829895,-0.20072634518146515,-0.2003660649061203,-0.20065926015377045,0.01798621006309986,0.1192343682050705,0.01798621006309986,0.11965158581733704,0.0,1.5003974437713623,1.0010735988616943
70,70,14,0,14,8,train_balanced_1000014,1000014,balanced,fixed_cost_dominant,1.0,0.0,0.0,group_anchor_0,145,145,0,0.0,145,0,0.0,0,0.0,1.7792634996582366,1.8417634996582366,-0.0625,1.7792634996582366,1.8417634996582364,2.220446049250313e-16,quality,-555.6,-240.58198534344,-10.026666666666669,1.0,1.0,-0.316473000683527,0.0,0.0,-0.0625,48,195.4,True,False,completed,1.0,1.0,555.6,555.6,240.58198534344,10.026666666666669,0.24982188843215666,0.316473000683527,0.228,0.14675809005,0.75,0,0.0,0,0,0,0.0,2,32,0,2,1744,174.4,0,0,0,0.0,0,0.0,0,0,15,0.0,0,{},0.0,6,1.0,42,6,73,12,12,81,69,12,0,81,0,69,0,12,0,0,0,81,6,6,0,12,0,81,0,0,69,0,12,59,6,1.3728813559322033,0,10,1861,9.756011600002239,7.43205340008717,0.11880929999460932,0.1138400999843725,12.793353900000511,parallel_episode_batch,pending,-0.007692416803911329,0.00562523720630755,0.5057207147280375,-0.009937005505586663,5.646776116918772e-07,0.0,0.9999800642331441,0.49084627932558456,0.38333333333333336,1.7275420427322388,0.8286641836166382,0.23956526815891266,0.15306998789310455,0.06200474128127098,0.67559415102005,0.25982311367988586,0.9330112338066101,0.0001,-0.2994975447654724,-0.30124548077583313,-0.201257586479187,-0.2009425014257431,-0.20104846358299255,0.30027806758880615,-0.3004724681377411,-0.2999595105648041,-0.20078755915164948,-0.20015378296375275,-0.20072133839130402,0.01798621006309986,0.11911094188690186,0.01798621006309986,0.11969725787639618,0.0,1.5012843608856201,1.0016605854034424
71,71,14,1,14,8,train_balanced_1000014,1000014,balanced,fixed_cost_dominant,0.0,1.0,0.0,group_anchor_1,144,144,0,0.0,144,0,0.0,0,0.0,1.8438789456386977,1.9063789456386977,-0.0625,1.8438789456386977,1.906378945638698,-2.220446049250313e-16,quality,-897.9000000000002,-230.37870284878994,-13.740000000000002,1.0,1.0,-0.18724210872260427,0.0,0.0,-0.0625,48,233.9,True,False,completed,1.0,1.0,897.9000000000002,897.9000000000002,230.37870284878994,13.740000000000002,0.31328499173729857,0.18724210872260427,0.194,0.13498205935000004,0.75,0,0.0,0,0,2,0.006666666666666667,3,36,0,1,2072,207.20000000000002,0,0,0,0.0,0,0.0,0,0,18,0.0,0,{},0.0,6,0.8333333333333334,42,6,72,12,12,49,37,12,0,49,0,37,0,12,0,0,0,49,5,4,0,9,0,49,0,0,37,0,12,33,3,1.4848484848484849,0,10,1861,9.756011600002239,7.43205340008717,0.0957330999954138,0.4427549999963958,12.793353900000511,parallel_episode_batch,pending,-0.007692416803911329,0.00562523720630755,0.5057207147280375,-0.009937005505586663,5.646776116918772e-07,0.0,0.9999800642331441,0.49084627932558456,0.38333333333333336,1.7275420427322388,0.8286641836166382,0.23956526815891266,0.15306998789310455,0.06200474128127098,0.67559415102005,0.25982311367988586,0.9330112338066101,0.0001,-0.2994975447654724,-0.30124548077583313,-0.201257586479187,-0.2009425014257431,-0.20104846358299255,0.30027806758880615,-0.3004724681377411,-0.2999595105648041,-0.20078755915164948,-0.20015378296375275,-0.20072133839130402,0.01798621006309986,0.11911094188690186,0.01798621006309986,0.11969725787639618,0.0,1.5012843608856201,1.0016605854034424
72,72,14,2,14,8,train_balanced_1000014,1000014,balanced,fixed_cost_dominant,0.0,0.0,1.0,group_anchor_2,196,196,0,0.0,196,0,0.0,0,0.0,1.8319790465879753,1.8944790465879753,-0.0625,1.8319790465879753,1.8944790465879753,0.0,quality,-700.4000000000002,-609.9710810092696,-13.374722222222225,1.0,1.0,-0.21104190682404922,0.0,0.0,-0.0625,48,214.9,True,False,completed,1.0,1.0,700.4000000000002,700.4000000000002,609.9710810092696,13.374722222222225,0.34014662491868647,0.21104190682404922,0.268,0.17728333333333335,0.75,0,0.0,0,0,0,0.0,1,77,0,2,1689,168.9,0,0,0,0.0,0,0.0,0,0,21,0.0,0,{},0.0,15,0.9333333333333333,33,15,90,30,28,86,56,30,2,84,0,56,2,28,2,2,0,84,11,14,0,23,0,84,0,0,56,2,28,59,3,1.4576271186440677,0,10,1861,9.756011600002239,7.43205340008717,0.12343539999710629,0.19413520002854057,12.793353900000511,parallel_episode_batch,pending,-0.007692416803911329,0.00562523720630755,0.5057207147280375,-0.009937005505586663,5.646776116918772e-07,0.0,0.9999800642331441,0.49084627932558456,0.38333333333333336,1.7275420427322388,0.8286641836166382,0.23956526815891266,0.15306998789310455,0.06200474128127098,0.67559415102005,0.25982311367988586,0.9330112338066101,0.0001,-0.2994975447654724,-0.30124548077583313,-0.201257586479187,-0.2009425014257431,-0.20104846358299255,0.30027806758880615,-0.3004724681377411,-0.2999595105648041,-0.20078755915164948,-0.20015378296375275,-0.20072133839130402,0.01798621006309986,0.11911094188690186,0.01798621006309986,0.11969725787639618,0.0,1.5012843608856201,1.0016605854034424
73,73,14,3,14,8,train_balanced_1000014,1000014,balanced,fixed_cost_dominant,0.3333333333333333,0.3333333333333333,0.3333333333333333,group_anchor_3,178,178,0,0.0,178,0,0.0,0,0.0,1.784065765142421,1.846565765142421,-0.0625,1.784065765142421,1.846565765142421,0.0,quality,-761.0999999999999,-532.9204997961601,-11.3388888888889,1.0,1.0,-0.3068684697151581,0.0,0.0,-0.0625,48,205.5,True,False,completed,1.0,1.0,761.0999999999999,761.0999999999999,532.9204997961601,11.338888888888896,0.335315681555156,0.3068684697151581,0.3386,0.2103166666666667,0.75,0,0.0,0,0,2,0.011627906976744186,1,65,0,0,1791,179.10000000000002,0,0,0,0.0,0,0.0,0,0,15,0.0,0,{},0.0,13,0.8461538461538461,35,13,83,26,21,80,57,23,2,78,0,57,2,21,2,2,0,78,9,11,1,17,0,78,0,0,57,2,21,49,5,1.6326530612244898,0,10,1861,9.756011600002239,7.43205340008717,0.10964899999817135,0.24278519998915726,12.793353900000511,parallel_episode_batch,pending,-0.007692416803911329,0.00562523720630755,0.5057207147280375,-0.009937005505586663,5.646776116918772e-07,0.0,0.9999800642331441,0.49084627932558456,0.38333333333333336,1.7275420427322388,0.8286641836166382,0.23956526815891266,0.15306998789310455,0.06200474128127098,0.67559415102005,0.25982311367988586,0.9330112338066101,0.0001,-0.2994975447654724,-0.30124548077583313,-0.201257586479187,-0.2009425014257431,-0.20104846358299255,0.30027806758880615,-0.3004724681377411,-0.2999595105648041,-0.20078755915164948,-0.20015378296375275,-0.20072133839130402,0.01798621006309986,0.11911094188690186,0.01798621006309986,0.11969725787639618,0.0,1.5012843608856201,1.0016605854034424
74,74,14,4,14,8,train_balanced_1000014,1000014,balanced,fixed_cost_dominant,0.5,0.3,0.2,group_anchor_4,161,161,0,0.0,161,0,0.0,0,0.0,1.787571321907411,1.850071321907411,-0.0625,1.787571321907411,1.8500713219074112,-2.220446049250313e-16,quality,-749.2,-361.63746602417,-8.139166666666666,1.0,1.0,-0.29985735618517745,0.0,0.0,-0.0625,48,205.70000000000002,True,False,completed,1.0,1.0,749.2,749.2,361.63746602417,8.139166666666666,0.29985735618517745,0.29985735618517745,0.2323000000000001,0.15739717535000003,0.75,0,0.0,0,0,0,0.0,1,49,0,1,1812,181.20000000000002,0,0,0,0.0,0,0.0,0,0,13,0.0,0,{},0.0,9,1.0,39,9,78,18,17,80,62,18,1,79,0,62,1,17,1,1,0,79,8,8,0,15,0,79,0,0,62,1,17,57,5,1.4035087719298245,0,10,1861,9.756011600002239,7.43205340008717,0.11036590000003343,0.2401022999692941,12.793353900000511,parallel_episode_batch,pending,-0.007692416803911329,0.00562523720630755,0.5057207147280375,-0.009937005505586663,5.646776116918772e-07,0.0,0.9999800642331441,0.49084627932558456,0.38333333333333336,1.7275420427322388,0.8286641836166382,0.23956526815891266,0.15306998789310455,0.06200474128127098,0.67559415102005,0.25982311367988586,0.9330112338066101,0.0001,-0.2994975447654724,-0.30124548077583313,-0.201257586479187,-0.2009425014257431,-0.20104846358299255,0.30027806758880615,-0.3004724681377411,-0.2999595105648041,-0.20078755915164948,-0.20015378296375275,-0.20072133839130402,0.01798621006309986,0.11911094188690186,0.01798621006309986,0.11969725787639618,0.0,1.5012843608856201,1.0016605854034424
75,75,15,0,15,8,train_balanced_1000015,1000015,balanced,balanced_cost,1.0,0.0,0.0,group_anchor_0,189,189,0,0.0,189,0,0.0,0,0.0,1.7416362530413623,1.8041362530413623,-0.0625,1.7416362530413623,1.8041362530413625,-2.220446049250313e-16,quality,-772.8000000000001,-447.92897396460006,-10.039166666666665,0.9999999999999997,1.0,-0.39172749391727496,0.0,0.0,-0.0625,59,218.5,True,False,completed,1.0,1.0,772.8000000000001,772.8000000000001,447.92897396460006,10.039166666666665,0.3221133221474822,0.39172749391727496,0.254,0.1757354720333333,0.75,0,0.0,0,0,0,0.0,1,54,0,0,1852,185.20000000000002,0,0,0,0.0,0,0.0,0,0,24,0.0,0,{},0.0,10,0.9,49,10,91,20,19,104,84,20,1,103,0,84,1,19,1,1,0,103,10,10,0,19,0,103,0,0,84,1,19,72,4,1.4444444444444444,0,10,1861,9.756011600002239,7.43205340008717,0.10071160000370583,0.18164810002053855,12.793353900000511,parallel_episode_batch,pending,-0.007692416803911329,0.00562523720630755,0.5057207147280375,-0.009937005505586663,5.646776116918772e-07,0.0,0.9999800642331441,0.49084627932558456,0.38333333333333336,1.7275420427322388,0.8286641836166382,0.23956526815891266,0.15306998789310455,0.06200474128127098,0.67559415102005,0.25982311367988586,0.9330112338066101,0.0001,-0.2994975447654724,-0.30124548077583313,-0.201257586479187,-0.2009425014257431,-0.20104846358299255,0.30027806758880615,-0.3004724681377411,-0.2999595105648041,-0.20078755915164948,-0.20015378296375275,-0.20072133839130402,0.01798621006309986,0.11911094188690186,0.01798621006309986,0.11969725787639618,0.0,1.5012843608856201,1.0016605854034424
76,76,15,1,15,8,train_balanced_1000015,1000015,balanced,balanced_cost,0.0,1.0,0.0,group_anchor_1,211,211,0,0.0,211,0,0.0,0,0.0,1.7443176169869472,1.8068176169869472,-0.0625,1.7443176169869472,1.806817616986947,2.220446049250313e-16,quality,-999.5,-629.6326296715602,-0.6788888888888884,0.9999999999999997,1.0,-0.386364766026106,0.0,0.0,-0.0625,59,239.8,True,False,completed,1.0,1.0,999.5,999.5,629.6326296715602,0.6788888888888885,0.34579933778752997,0.386364766026106,0.27470000000000006,0.20895492438333338,0.75,0,0.0,0,0,10,0.04878048780487805,1,79,0,2,2000,200.0,0,0,0,0.0,0,0.0,0,0,28,0.0,0,{},0.0,14,1.0,45,14,97,28,27,92,64,28,1,91,0,64,1,27,1,1,0,91,12,15,0,26,0,91,0,0,64,1,27,61,4,1.5081967213114753,0,10,1861,9.756011600002239,7.43205340008717,0.12805400000070222,0.32633139996323735,12.793353900000511,parallel_episode_batch,pending,-0.007692416803911329,0.00562523720630755,0.5057207147280375,-0.009937005505586663,5.646776116918772e-07,0.0,0.9999800642331441,0.49084627932558456,0.38333333333333336,1.7275420427322388,0.8286641836166382,0.23956526815891266,0.15306998789310455,0.06200474128127098,0.67559415102005,0.25982311367988586,0.9330112338066101,0.0001,-0.2994975447654724,-0.30124548077583313,-0.201257586479187,-0.2009425014257431,-0.20104846358299255,0.30027806758880615,-0.3004724681377411,-0.2999595105648041,-0.20078755915164948,-0.20015378296375275,-0.20072133839130402,0.01798621006309986,0.11911094188690186,0.01798621006309986,0.11969725787639618,0.0,1.5012843608856201,1.0016605854034424
77,77,15,2,15,8,train_balanced_1000015,1000015,balanced,balanced_cost,0.0,0.0,1.0,group_anchor_2,215,215,0,0.0,215,0,0.0,0,0.0,1.8869404466439281,1.9494404466439281,-0.0625,1.8869404466439281,1.9494404466439283,-2.220446049250313e-16,quality,-877.8,-633.7166119536503,-5.624722222222218,0.9999999999999997,1.0,-0.1011191067121433,0.0,0.0,-0.0625,59,211.8,True,False,completed,1.0,1.0,877.8,877.8,633.7166119536503,5.624722222222218,0.34782647766986197,0.1011191067121433,0.30720000000000003,0.18564871550000003,0.75,0,0.0,0,0,0,0.0,1,74,0,3,1636,163.60000000000002,0,0,0,0.0,0,0.0,0,0,26,0.0,0,{},0.0,14,1.0,45,14,101,28,27,107,78,29,2,105,0,78,2,27,2,2,0,105,14,15,0,27,0,105,0,0,78,2,27,68,7,1.5735294117647058,0,10,1861,9.756011600002239,7.43205340008717,0.11886489999596961,0.25568830002157483,12.793353900000511,parallel_episode_batch,pending,-0.007692416803911329,0.00562523720630755,0.5057207147280375,-0.009937005505586663,5.646776116918772e-07,0.0,0.9999800642331441,0.49084627932558456,0.38333333333333336,1.7275420427322388,0.8286641836166382,0.23956526815891266,0.15306998789310455,0.06200474128127098,0.67559415102005,0.25982311367988586,0.9330112338066101,0.0001,-0.2994975447654724,-0.30124548077583313,-0.201257586479187,-0.2009425014257431,-0.20104846358299255,0.30027806758880615,-0.3004724681377411,-0.2999595105648041,-0.20078755915164948,-0.20015378296375275,-0.20072133839130402,0.01798621006309986,0.11911094188690186,0.01798621006309986,0.11969725787639618,0.0,1.5012843608856201,1.0016605854034424
78,78,15,3,15,8,train_balanced_1000015,1000015,balanced,balanced_cost,0.3333333333333333,0.3333333333333333,0.3333333333333333,group_anchor_3,208,208,0,0.0,208,0,0.0,0,0.0,1.7851659785548015,1.8476659785548015,-0.0625,1.7851659785548015,1.8476659785548015,0.0,quality,-829.1999999999996,-586.23107751139,-7.856666666666669,0.9999999999999997,1.0,-0.3046680428903971,0.0,0.0,-0.0625,59,215.8,True,False,completed,1.0,1.0,829.1999999999996,829.1999999999996,586.23107751139,7.856666666666669,0.34234849184963745,0.3046680428903971,0.25070000000000003,0.21705,0.75,0,0.0,0,0,0,0.0,1,70,0,2,1744,174.4,0,0,0,0.0,0,0.0,0,0,25,0.0,0,{},0.0,13,1.0,46,13,100,26,23,99,75,24,1,98,0,75,1,23,1,1,0,98,13,12,2,22,0,98,0,0,75,1,23,68,4,1.4558823529411764,0,10,1861,9.756011600002239,7.43205340008717,0.10772310000174912,0.24928420004289364,12.793353900000511,parallel_episode_batch,pending,-0.007692416803911329,0.00562523720630755,0.5057207147280375,-0.009937005505586663,5.646776116918772e-07,0.0,0.9999800642331441,0.49084627932558456,0.38333333333333336,1.7275420427322388,0.8286641836166382,0.23956526815891266,0.15306998789310455,0.06200474128127098,0.67559415102005,0.25982311367988586,0.9330112338066101,0.0001,-0.2994975447654724,-0.30124548077583313,-0.201257586479187,-0.2009425014257431,-0.20104846358299255,0.30027806758880615,-0.3004724681377411,-0.2999595105648041,-0.20078755915164948,-0.20015378296375275,-0.20072133839130402,0.01798621006309986,0.11911094188690186,0.01798621006309986,0.11969725787639618,0.0,1.5012843608856201,1.0016605854034424
79,79,15,4,15,8,train_balanced_1000015,1000015,balanced,balanced_cost,0.5,0.3,0.2,group_anchor_4,214,214,0,0.0,214,0,0.0,0,0.0,1.76869773268738,1.83119773268738,-0.0625,1.76869773268738,1.8311977326873805,-4.440892098500626e-16,quality,-808.2,-621.0989879457302,-6.0033333333333365,0.9999999999999997,1.0,-0.3376045346252388,0.0,0.0,-0.0625,59,216.3,True,False,completed,1.0,1.0,808.2,808.2,621.0989879457302,6.0033333333333365,0.3376045346252388,0.3376045346252388,0.29250000000000004,0.1838174970166667,0.75,0,0.0,0,0,0,0.0,1,77,0,1,1792,179.20000000000002,0,0,0,0.0,0,0.0,0,0,21,0.0,0,{},0.0,14,0.9285714285714286,45,14,100,28,27,108,80,28,1,107,0,80,1,27,1,1,0,107,13,14,0,26,0,107,0,0,80,1,27,73,8,1.4794520547945205,0,10,1861,9.756011600002239,7.43205340008717,0.12181110000528861,0.18827040000178386,12.793353900000511,parallel_episode_batch,pending,-0.007692416803911329,0.00562523720630755,0.5057207147280375,-0.009937005505586663,5.646776116918772e-07,0.0,0.9999800642331441,0.49084627932558456,0.38333333333333336,1.7275420427322388,0.8286641836166382,0.23956526815891266,0.15306998789310455,0.06200474128127098,0.67559415102005,0.25982311367988586,0.9330112338066101,0.0001,-0.2994975447654724,-0.30124548077583313,-0.201257586479187,-0.2009425014257431,-0.20104846358299255,0.30027806758880615,-0.3004724681377411,-0.2999595105648041,-0.20078755915164948,-0.20015378296375275,-0.20072133839130402,0.01798621006309986,0.11911094188690186,0.01798621006309986,0.11969725787639618,0.0,1.5012843608856201,1.0016605854034424
80,80,16,0,16,9,train_balanced_1000016,1000016,balanced,balanced_cost,1.0,0.0,0.0,group_anchor_0,193,193,0,0.0,193,0,0.0,0,0.0,1.7454765937788728,1.8079765937788728,-0.0625,1.7454765937788728,1.8079765937788728,0.0,quality,-748.1999999999999,-368.32610336589977,-7.48916666666667,1.0,1.0,-0.3840468124422544,0.0,0.0,-0.0625,64,211.60000000000002,True,False,completed,1.0,1.0,748.1999999999999,748.1999999999999,368.32610336589977,7.4891666666666685,0.2988316085099047,0.3840468124422544,0.2022,0.15676432673333332,0.75,0,0.0,0,0,0,0.0,2,47,0,0,1869,186.9,0,0,0,0.0,0,0.0,0,0,27,0.0,0,{},0.0,8,1.0,56,8,97,16,16,107,91,16,0,107,0,91,0,16,0,0,0,107,8,8,0,16,0,107,0,0,91,0,16,76,5,1.4078947368421053,0,10,1846,9.628284900005383,7.477352300047642,0.11630839999997988,0.13721479998639552,13.274742900001002,parallel_episode_batch,pending,-0.0005085130125798028,0.0034512316352479032,0.6061063640076538,-0.00484395955271762,6.824145773828934e-07,0.0,1.000004749873589,0.32857961281491765,0.22413793103448276,1.6240532398223877,0.9118045568466187,0.18391777575016022,0.13905370235443115,0.057753391563892365,0.7727508544921875,0.19960655272006989,0.9013930559158325,0.0001,-0.2991155982017517,-0.3013631999492645,-0.20137150585651398,-0.20102213323116302,-0.2011324167251587,0.3001379370689392,-0.3007759749889374,-0.30011099576950073,-0.2008175104856491,-0.20037241280078888,-0.2008700966835022,0.01798621006309986,0.11934427917003632,0.01798621006309986,0.11977047473192215,0.0,1.5015134811401367,1.0018367767333984
81,81,16,1,16,9,train_balanced_1000016,1000016,balanced,balanced_cost,0.0,1.0,0.0,group_anchor_1,232,232,0,0.0,232,0,0.0,0,0.0,1.7345282105585706,1.7970282105585706,-0.0625,1.7345282105585706,1.7970282105585706,0.0,quality,-1136.9999999999995,-683.34179120473,-16.1388888888889,1.0,1.0,-0.40594357888285876,0.0,0.0,-0.0625,64,221.8,True,False,completed,1.0,1.0,1136.9999999999995,1136.9999999999995,683.34179120473,16.1388888888889,0.4138466881050207,0.40594357888285876,0.38020000000000004,0.28025000000000005,0.75,0,0.0,0,0,0,0.0,1,76,0,3,1894,189.4,0,0,0,0.0,0,0.0,0,0,28,0.0,0,{},0.0,15,0.9333333333333333,49,15,111,30,27,95,65,30,3,92,0,65,3,27,3,3,0,92,11,17,1,24,0,92,0,0,65,3,27,56,6,1.6964285714285714,0,10,1846,9.628284900005383,7.477352300047642,0.10455740000179503,0.2495388999595889,13.274742900001002,parallel_episode_batch,pending,-0.0005085130125798028,0.0034512316352479032,0.6061063640076538,-0.00484395955271762,6.824145773828934e-07,0.0,1.000004749873589,0.32857961281491765,0.22413793103448276,1.6240532398223877,0.9118045568466187,0.18391777575016022,0.13905370235443115,0.057753391563892365,0.7727508544921875,0.19960655272006989,0.9013930559158325,0.0001,-0.2991155982017517,-0.3013631999492645,-0.20137150585651398,-0.20102213323116302,-0.2011324167251587,0.3001379370689392,-0.3007759749889374,-0.30011099576950073,-0.2008175104856491,-0.20037241280078888,-0.2008700966835022,0.01798621006309986,0.11934427917003632,0.01798621006309986,0.11977047473192215,0.0,1.5015134811401367,1.0018367767333984
82,82,16,2,16,9,train_balanced_1000016,1000016,balanced,balanced_cost,0.0,0.0,1.0,group_anchor_2,205,205,0,0.0,205,0,0.0,0,0.0,1.8978203829865588,1.9603203829865588,-0.0625,1.8978203829865588,1.9603203829865588,0.0,quality,-871.1999999999999,-468.5822499463198,-4.309999999999998,1.0,1.0,-0.07935923402688266,0.0,0.0,-0.0625,64,225.8,True,False,completed,1.0,1.0,871.1999999999999,871.1999999999999,468.5822499463198,4.309999999999999,0.3219060585282101,0.07935923402688268,0.171,0.14441432673333335,0.75,0,0.0,0,0,0,0.0,2,65,0,0,1906,190.60000000000002,0,0,0,0.0,0,0.0,0,0,25,0.0,0,{},0.0,11,0.9090909090909091,53,11,98,22,21,87,66,21,0,87,0,66,0,21,0,0,0,87,9,10,0,19,0,87,0,0,66,0,21,58,4,1.5,0,10,1846,9.628284900005383,7.477352300047642,0.12750510000478243,0.21598840005026432,13.274742900001002,parallel_episode_batch,pending,-0.0005085130125798028,0.0034512316352479032,0.6061063640076538,-0.00484395955271762,6.824145773828934e-07,0.0,1.000004749873589,0.32857961281491765,0.22413793103448276,1.6240532398223877,0.9118045568466187,0.18391777575016022,0.13905370235443115,0.057753391563892365,0.7727508544921875,0.19960655272006989,0.9013930559158325,0.0001,-0.2991155982017517,-0.3013631999492645,-0.20137150585651398,-0.20102213323116302,-0.2011324167251587,0.3001379370689392,-0.3007759749889374,-0.30011099576950073,-0.2008175104856491,-0.20037241280078888,-0.2008700966835022,0.01798621006309986,0.11934427917003632,0.01798621006309986,0.11977047473192215,0.0,1.5015134811401367,1.0018367767333984
83,83,16,3,16,9,train_balanced_1000016,1000016,balanced,balanced_cost,0.3333333333333333,0.3333333333333333,0.3333333333333333,group_anchor_3,203,203,0,0.0,203,0,0.0,0,0.0,1.7911443250201358,1.8536443250201358,-0.0625,1.7911443250201358,1.8536443250201358,0.0,quality,-933.1999999999998,-444.56580206371996,-7.664722222222223,1.0,1.0,-0.29271134995972836,0.0,0.0,-0.0625,64,221.0,True,False,completed,1.0,1.0,933.1999999999998,933.1999999999998,444.56580206371996,7.664722222222223,0.3376413092708162,0.29271134995972836,0.256,0.1796,0.75,0,0.0,0,0,0,0.0,1,51,0,2,1943,194.3,0,0,0,0.0,0,0.0,0,0,27,0.0,0,{},0.0,10,0.9,54,10,100,20,19,87,67,20,1,86,0,67,1,19,1,1,0,86,9,11,0,19,0,86,0,0,67,1,19,55,5,1.5818181818181818,0,10,1846,9.628284900005383,7.477352300047642,0.11994870000489755,0.18287179997423664,13.274742900001002,parallel_episode_batch,pending,-0.0005085130125798028,0.0034512316352479032,0.6061063640076538,-0.00484395955271762,6.824145773828934e-07,0.0,1.000004749873589,0.32857961281491765,0.22413793103448276,1.6240532398223877,0.9118045568466187,0.18391777575016022,0.13905370235443115,0.057753391563892365,0.7727508544921875,0.19960655272006989,0.9013930559158325,0.0001,-0.2991155982017517,-0.3013631999492645,-0.20137150585651398,-0.20102213323116302,-0.2011324167251587,0.3001379370689392,-0.3007759749889374,-0.30011099576950073,-0.2008175104856491,-0.20037241280078888,-0.2008700966835022,0.01798621006309986,0.11934427917003632,0.01798621006309986,0.11977047473192215,0.0,1.5015134811401367,1.0018367767333984
84,84,16,4,16,9,train_balanced_1000016,1000016,balanced,balanced_cost,0.5,0.3,0.2,group_anchor_4,209,209,0,0.0,209,0,0.0,0,0.0,1.7625080601624235,1.8250080601624235,-0.0625,1.7625080601624235,1.825008060162424,-4.440892098500626e-16,quality,-873.6000000000001,-504.4866186591801,-12.011388888888895,1.0,1.0,-0.34998387967515243,0.0,0.0,-0.0625,64,224.20000000000002,True,False,completed,1.0,1.0,873.6000000000001,873.6000000000001,504.4866186591801,12.011388888888893,0.34998387967515243,0.34998387967515243,0.2679,0.1721976600666667,0.75,0,0.0,2,2,0,0.0,0,53,0,1,1971,197.10000000000002,0,0,0,0.0,0,0.0,0,0,23,0.0,0,{},1.2000000000000002,11,1.0,53,11,100,22,23,103,77,26,3,100,0,77,3,23,3,3,0,100,11,15,0,21,0,100,0,0,77,3,23,64,9,1.609375,0,10,1846,9.628284900005383,7.477352300047642,0.10990709999896353,0.2600090999985696,13.274742900001002,parallel_episode_batch,pending,-0.0005085130125798028,0.0034512316352479032,0.6061063640076538,-0.00484395955271762,6.824145773828934e-07,0.0,1.000004749873589,0.32857961281491765,0.22413793103448276,1.6240532398223877,0.9118045568466187,0.18391777575016022,0.13905370235443115,0.057753391563892365,0.7727508544921875,0.19960655272006989,0.9013930559158325,0.0001,-0.2991155982017517,-0.3013631999492645,-0.20137150585651398,-0.20102213323116302,-0.2011324167251587,0.3001379370689392,-0.3007759749889374,-0.30011099576950073,-0.2008175104856491,-0.20037241280078888,-0.2008700966835022,0.01798621006309986,0.11934427917003632,0.01798621006309986,0.11977047473192215,0.0,1.5015134811401367,1.0018367767333984
85,85,17,0,17,9,train_balanced_1000017,1000017,balanced,balanced_cost,1.0,0.0,0.0,group_anchor_0,153,153,0,0.0,153,0,0.0,0,0.0,1.7735215053763442,1.8360215053763442,-0.0625,1.7735215053763442,1.836021505376344,2.220446049250313e-16,quality,-585.6,-289.99454607844,-1.4358333333333337,0.9999999999999998,1.0,-0.32795698924731187,0.0,0.0,-0.0625,51,197.5,True,False,completed,1.0,1.0,585.6,585.6,289.99454607844,1.435833333333334,0.23700237981947087,0.32795698924731187,0.23160000000000006,0.1494,0.75,0,0.0,0,0,0,0.0,3,42,0,0,1785,178.5,0,0,0,0.0,0,0.0,0,0,19,0.0,0,{},0.0,7,1.0,44,7,75,14,13,81,68,13,0,81,0,68,0,13,0,0,0,81,7,7,1,13,0,81,0,0,68,0,13,58,4,1.396551724137931,0,10,1846,9.628284900005383,7.477352300047642,0.14957670000148937,0.18260030003875727,13.274742900001002,parallel_episode_batch,pending,-0.0005085130125798028,0.0034512316352479032,0.6061063640076538,-0.00484395955271762,6.824145773828934e-07,0.0,1.000004749873589,0.32857961281491765,0.22413793103448276,1.6240532398223877,0.9118045568466187,0.18391777575016022,0.13905370235443115,0.057753391563892365,0.7727508544921875,0.19960655272006989,0.9013930559158325,0.0001,-0.2991155982017517,-0.3013631999492645,-0.20137150585651398,-0.20102213323116302,-0.2011324167251587,0.3001379370689392,-0.3007759749889374,-0.30011099576950073,-0.2008175104856491,-0.20037241280078888,-0.2008700966835022,0.01798621006309986,0.11934427917003632,0.01798621006309986,0.11977047473192215,0.0,1.5015134811401367,1.0018367767333984
86,86,17,1,17,9,train_balanced_1000017,1000017,balanced,balanced_cost,0.0,1.0,0.0,group_anchor_1,163,163,0,0.0,163,0,0.0,0,0.0,1.812754482560592,1.875254482560592,-0.0625,1.812754482560592,1.8752544825605921,-2.220446049250313e-16,quality,-825.1,-332.4291200685802,-11.252500000000003,0.9999999999999998,1.0,-0.24949103487881594,0.0,0.0,-0.0625,51,233.70000000000002,True,False,completed,1.0,1.0,825.1,825.1,332.4291200685802,11.252500000000003,0.3153070028562993,0.24949103487881594,0.19840000000000002,0.15307868408333333,0.75,0,0.0,0,0,3,0.01485148514851485,2,47,0,3,2105,210.5,0,0,0,0.0,0,0.0,0,0,14,0.0,0,{},0.0,8,1.0,43,8,81,16,15,53,38,15,0,53,0,38,0,15,0,0,0,53,6,5,0,11,0,53,0,0,38,0,15,41,4,1.2926829268292683,0,10,1846,9.628284900005383,7.477352300047642,0.1165811999962898,0.3704245999833802,13.274742900001002,parallel_episode_batch,pending,-0.0005085130125798028,0.0034512316352479032,0.6061063640076538,-0.00484395955271762,6.824145773828934e-07,0.0,1.000004749873589,0.32857961281491765,0.22413793103448276,1.6240532398223877,0.9118045568466187,0.18391777575016022,0.13905370235443115,0.057753391563892365,0.7727508544921875,0.19960655272006989,0.9013930559158325,0.0001,-0.2991155982017517,-0.3013631999492645,-0.20137150585651398,-0.20102213323116302,-0.2011324167251587,0.3001379370689392,-0.3007759749889374,-0.30011099576950073,-0.2008175104856491,-0.20037241280078888,-0.2008700966835022,0.01798621006309986,0.11934427917003632,0.01798621006309986,0.11977047473192215,0.0,1.5015134811401367,1.0018367767333984
87,87,17,2,17,9,train_balanced_1000017,1000017,balanced,balanced_cost,0.0,0.0,1.0,group_anchor_2,181,181,0,0.0,181,0,0.0,0,0.0,1.9082876277011438,1.9707876277011438,-0.0625,1.9082876277011438,1.970787627701144,-2.220446049250313e-16,quality,-1009.6999999999997,-484.91373735975003,-3.1025000000000005,0.9999999999999998,1.0,-0.058424744597711964,0.0,0.0,-0.0625,51,210.20000000000002,True,False,completed,1.0,1.0,1009.6999999999997,1009.6999999999997,484.91373735975003,3.1024999999999996,0.33812293904597257,0.058424744597711964,0.31390000000000007,0.19441666666666668,0.75,0,0.0,0,0,0,0.0,2,61,0,3,1768,176.8,0,0,0,0.0,0,0.0,0,0,20,0.0,0,{},0.0,11,0.9090909090909091,40,11,86,22,22,63,41,22,0,63,0,41,0,22,0,0,0,63,9,7,0,16,0,63,0,0,41,0,22,44,4,1.4318181818181819,0,10,1846,9.628284900005383,7.477352300047642,0.13870460000180174,0.333390399988275,13.274742900001002,parallel_episode_batch,pending,-0.0005085130125798028,0.0034512316352479032,0.6061063640076538,-0.00484395955271762,6.824145773828934e-07,0.0,1.000004749873589,0.32857961281491765,0.22413793103448276,1.6240532398223877,0.9118045568466187,0.18391777575016022,0.13905370235443115,0.057753391563892365,0.7727508544921875,0.19960655272006989,0.9013930559158325,0.0001,-0.2991155982017517,-0.3013631999492645,-0.20137150585651398,-0.20102213323116302,-0.2011324167251587,0.3001379370689392,-0.3007759749889374,-0.30011099576950073,-0.2008175104856491,-0.20037241280078888,-0.2008700966835022,0.01798621006309986,0.11934427917003632,0.01798621006309986,0.11977047473192215,0.0,1.5015134811401367,1.0018367767333984
88,88,17,3,17,9,train_balanced_1000017,1000017,balanced,balanced_cost,0.3333333333333333,0.3333333333333333,0.3333333333333333,group_anchor_3,144,144,0,0.0,144,0,0.0,0,0.0,1.819355166017461,1.881855166017461,-0.0625,1.819355166017461,1.8818551660174605,4.440892098500626e-16,quality,-592.5000000000001,-222.08205846446003,-12.235555555555557,0.9999999999999998,1.0,-0.2362896679650789,0.0,0.0,-0.0625,51,204.5,True,False,completed,1.0,1.0,592.5000000000001,592.5000000000001,222.08205846446003,12.235555555555557,0.2591094149379157,0.2362896679650789,0.20530000000000004,0.12616339886666667,0.75,0,0.0,0,0,0,0.0,3,30,0,0,1855,185.5,0,0,0,0.0,0,0.0,0,0,18,0.0,0,{},0.0,5,1.0,46,5,73,10,10,73,63,10,0,73,0,63,0,10,0,0,0,73,5,5,0,10,0,73,0,0,63,0,10,56,3,1.3035714285714286,0,10,1846,9.628284900005383,7.477352300047642,0.14179970000259345,0.18915589999232907,13.274742900001002,parallel_episode_batch,pending,-0.0005085130125798028,0.0034512316352479032,0.6061063640076538,-0.00484395955271762,6.824145773828934e-07,0.0,1.000004749873589,0.32857961281491765,0.22413793103448276,1.6240532398223877,0.9118045568466187,0.18391777575016022,0.13905370235443115,0.057753391563892365,0.7727508544921875,0.19960655272006989,0.9013930559158325,0.0001,-0.2991155982017517,-0.3013631999492645,-0.20137150585651398,-0.20102213323116302,-0.2011324167251587,0.3001379370689392,-0.3007759749889374,-0.30011099576950073,-0.2008175104856491,-0.20037241280078888,-0.2008700966835022,0.01798621006309986,0.11934427917003632,0.01798621006309986,0.11977047473192215,0.0,1.5015134811401367,1.0018367767333984
89,89,17,4,17,9,train_balanced_1000017,1000017,balanced,balanced_cost,0.5,0.3,0.2,group_anchor_4,163,163,0,0.0,163,0,0.0,0,0.0,1.7893347525517176,1.8518347525517176,-0.0625,1.7893347525517176,1.8518347525517176,0.0,quality,-657.0000000000001,-341.2650802093,-13.735555555555559,0.9999999999999998,1.0,-0.29633049489656477,0.0,0.0,-0.0625,51,201.0,True,False,completed,1.0,1.0,657.0000000000001,657.0000000000001,341.2650802093,13.735555555555559,0.29633049489656477,0.29633049489656477,0.2051,0.13657868408333332,0.75,0,0.0,0,0,0,0.0,2,43,0,1,1798,179.8,0,0,0,0.0,0,0.0,0,0,16,0.0,0,{},0.0,8,1.0,43,8,80,16,16,77,61,16,0,77,0,61,0,16,0,0,0,77,8,6,0,14,0,77,0,0,61,0,16,55,4,1.4,0,10,1846,9.628284900005383,7.477352300047642,0.1312616000068374,0.20310769999196054,13.274742900001002,parallel_episode_batch,pending,-0.0005085130125798028,0.0034512316352479032,0.6061063640076538,-0.00484395955271762,6.824145773828934e-07,0.0,1.000004749873589,0.32857961281491765,0.22413793103448276,1.6240532398223877,0.9118045568466187,0.18391777575016022,0.13905370235443115,0.057753391563892365,0.7727508544921875,0.19960655272006989,0.9013930559158325,0.0001,-0.2991155982017517,-0.3013631999492645,-0.20137150585651398,-0.20102213323116302,-0.2011324167251587,0.3001379370689392,-0.3007759749889374,-0.30011099576950073,-0.2008175104856491,-0.20037241280078888,-0.2008700966835022,0.01798621006309986,0.11934427917003632,0.01798621006309986,0.11977047473192215,0.0,1.5015134811401367,1.0018367767333984
90,90,18,0,18,10,train_balanced_1000018,1000018,balanced,fixed_cost_dominant,1.0,0.0,0.0,group_anchor_0,219,219,0,0.0,219,0,0.0,0,0.0,1.7360520226899538,1.7985520226899538,-0.06249999999999997,1.7360520226899538,1.7985520226899538,0.0,quality,-809.6999999999997,-442.61670182746036,-28.03805555555556,1.0,1.0,-0.4028959546200924,0.0,0.0,-0.06249999999999997,69,232.8,True,False,completed,1.0,1.0,809.6999999999997,809.6999999999997,442.61670182746036,28.03805555555556,0.3653499225722584,0.4028959546200924,0.3346844142,0.25683483718333333,0.75,0,0.0,0,0,3,0.025423728813559324,1,57,0,0,2018,201.8,0,0,0,0.0,0,0.0,0,0,41,0.0,0,{},0.0,11,1.0,58,11,106,22,22,120,96,24,2,118,0,96,2,22,2,2,0,118,12,12,0,22,0,118,0,0,96,2,22,84,5,1.4285714285714286,0,10,1807,9.459136700003,7.329002400059835,0.1282814000005601,0.1545627999730641,13.047047799998836,parallel_episode_batch,pending,-0.00590174548841756,0.02308919488107143,0.5756028885471409,-0.00011317563596470603,3.456353232618783e-06,0.0,1.0000081072593558,0.47189808277220563,0.39655172413793105,1.197906732559204,0.9883482456207275,0.2935674488544464,0.07959800213575363,0.18689730763435364,0.9087502956390381,0.23231153190135956,0.5946872234344482,0.0001,-0.29915541410446167,-0.30129584670066833,-0.20129097998142242,-0.2009727656841278,-0.20111602544784546,0.299984872341156,-0.3011315166950226,-0.30044108629226685,-0.2008533775806427,-0.20064356923103333,-0.2008839100599289,0.01798621006309986,0.11986298114061356,0.01798621006309986,0.11982616782188416,0.0,1.5015528202056885,1.0017995834350586
91,91,18,1,18,10,train_balanced_1000018,1000018,balanced,fixed_cost_dominant,0.0,1.0,0.0,group_anchor_1,223,223,0,0.0,223,0,0.0,0,0.0,0.1519775963578468,0.2144775963578468,-0.0625,0.1519775963578468,0.21447759635784683,-2.7755575615628914e-17,quality,-1181.4999999999998,-472.85124368839007,-15.021388888888891,0.9375,0.0,-0.32104480728430634,-1.0,-0.0625,-0.0625,68,240.0,False,True,horizon,0.9375,0.9855072463768116,,1181.4999999999998,472.85124368839007,15.021388888888891,0.39057584294745074,0.32104480728430634,0.3032014029,0.24983806365000005,0.75,0,0.0,0,0,6,0.030612244897959183,1,62,0,1,1988,198.8,0,0,0,0.0,0,0.0,0,0,41,0.0,0,{},0.0,12,1.0,57,12,107,24,23,93,68,25,2,91,0,68,2,23,2,2,0,91,12,12,0,22,0,91,0,0,68,2,23,62,5,1.5,0,10,1807,9.459136700003,7.329002400059835,0.14696250000270084,0.2339159999974072,13.047047799998836,parallel_episode_batch,pending,-0.00590174548841756,0.02308919488107143,0.5756028885471409,-0.00011317563596470603,3.456353232618783e-06,0.0,1.0000081072593558,0.47189808277220563,0.39655172413793105,1.197906732559204,0.9883482456207275,0.2935674488544464,0.07959800213575363,0.18689730763435364,0.9087502956390381,0.23231153190135956,0.5946872234344482,0.0001,-0.29915541410446167,-0.30129584670066833,-0.20129097998142242,-0.2009727656841278,-0.20111602544784546,0.299984872341156,-0.3011315166950226,-0.30044108629226685,-0.2008533775806427,-0.20064356923103333,-0.2008839100599289,0.01798621006309986,0.11986298114061356,0.01798621006309986,0.11982616782188416,0.0,1.5015528202056885,1.0017995834350586
92,92,18,2,18,10,train_balanced_1000018,1000018,balanced,fixed_cost_dominant,0.0,0.0,1.0,group_anchor_2,214,214,0,0.0,214,0,0.0,0,0.0,1.8611231072284222,1.9236231072284222,-0.0625,1.8611231072284222,1.9236231072284222,0.0,quality,-956.7000000000005,-455.51878176248,-9.01472222222222,1.0,1.0,-0.1527537855431554,0.0,0.0,-0.0625,69,228.10000000000002,True,False,completed,1.0,1.0,956.7000000000005,956.7000000000005,455.51878176248,9.01472222222222,0.34623586972544196,0.1527537855431554,0.35003299899999996,0.25892367035,0.75,0,0.0,0,0,0,0.0,2,60,0,2,1990,199.0,0,0,0,0.0,0,0.0,0,0,43,0.0,0,{},0.0,11,1.0,58,11,104,22,19,87,68,19,0,87,0,68,0,19,0,0,0,87,10,9,1,18,0,87,0,0,68,0,19,63,4,1.380952380952381,0,10,1807,9.459136700003,7.329002400059835,0.16711210000357823,0.26525849999597995,13.047047799998836,parallel_episode_batch,pending,-0.00590174548841756,0.02308919488107143,0.5756028885471409,-0.00011317563596470603,3.456353232618783e-06,0.0,1.0000081072593558,0.47189808277220563,0.39655172413793105,1.197906732559204,0.9883482456207275,0.2935674488544464,0.07959800213575363,0.18689730763435364,0.9087502956390381,0.23231153190135956,0.5946872234344482,0.0001,-0.29915541410446167,-0.30129584670066833,-0.20129097998142242,-0.2009727656841278,-0.20111602544784546,0.299984872341156,-0.3011315166950226,-0.30044108629226685,-0.2008533775806427,-0.20064356923103333,-0.2008839100599289,0.01798621006309986,0.11986298114061356,0.01798621006309986,0.11982616782188416,0.0,1.5015528202056885,1.0017995834350586
93,93,18,3,18,10,train_balanced_1000018,1000018,balanced,fixed_cost_dominant,0.3333333333333333,0.3333333333333333,0.3333333333333333,group_anchor_3,228,228,0,0.0,228,0,0.0,0,0.0,1.7931190719757424,1.8556190719757424,-0.0625,1.7931190719757424,1.8556190719757422,2.220446049250313e-16,quality,-882.3000000000001,-464.5726633943699,-7.166666666666669,1.0,1.0,-0.28876185604851545,0.0,0.0,-0.0625,69,228.5,True,False,completed,1.0,1.0,882.3000000000001,882.3000000000001,464.5726633943699,7.166666666666669,0.3320920597398685,0.28876185604851545,0.278032999,0.23387626798333336,0.75,0,0.0,0,0,0,0.0,2,65,0,4,1976,197.60000000000002,0,0,0,0.0,0,0.0,0,0,42,0.0,0,{},0.0,12,1.0,57,12,113,24,22,109,87,22,0,109,0,87,0,22,0,0,0,109,11,12,1,22,0,109,0,0,87,0,22,77,4,1.4155844155844155,0,10,1807,9.459136700003,7.329002400059835,0.11713430000236258,0.21730820004449924,13.047047799998836,parallel_episode_batch,pending,-0.00590174548841756,0.02308919488107143,0.5756028885471409,-0.00011317563596470603,3.456353232618783e-06,0.0,1.0000081072593558,0.47189808277220563,0.39655172413793105,1.197906732559204,0.9883482456207275,0.2935674488544464,0.07959800213575363,0.18689730763435364,0.9087502956390381,0.23231153190135956,0.5946872234344482,0.0001,-0.29915541410446167,-0.30129584670066833,-0.20129097998142242,-0.2009727656841278,-0.20111602544784546,0.299984872341156,-0.3011315166950226,-0.30044108629226685,-0.2008533775806427,-0.20064356923103333,-0.2008839100599289,0.01798621006309986,0.11986298114061356,0.01798621006309986,0.11982616782188416,0.0,1.5015528202056885,1.0017995834350586
94,94,18,4,18,10,train_balanced_1000018,1000018,balanced,fixed_cost_dominant,0.5,0.3,0.2,group_anchor_4,211,211,0,0.0,211,0,0.0,0,0.0,0.13400429611276155,0.19650429611276152,-0.06249999999999997,0.13400429611276155,0.1965042961127612,3.0531133177191805e-16,quality,-1117.9000000000003,-390.71746808701016,-9.369166666666672,0.9375,0.0,-0.3569914077744776,-1.0,-0.0625,-0.06249999999999997,68,240.0,False,True,horizon,0.9375,0.9855072463768116,,1117.9000000000003,390.71746808701016,9.369166666666672,0.3569914077744776,0.3569914077744776,0.2685655161,0.22599033701666668,0.75,0,0.0,0,0,13,0.06280193236714976,1,55,0,0,2017,201.70000000000002,0,0,0,0.0,0,0.0,0,0,39,0.0,0,{},0.0,10,1.0,59,10,103,20,19,98,77,21,3,95,1,76,2,19,2,2,1,95,9,11,0,18,0,95,1,0,76,2,19,69,5,1.4202898550724639,0,10,1807,9.459136700003,7.329002400059835,0.14893689999735216,0.28710519996093353,13.047047799998836,parallel_episode_batch,pending,-0.00590174548841756,0.02308919488107143,0.5756028885471409,-0.00011317563596470603,3.456353232618783e-06,0.0,1.0000081072593558,0.47189808277220563,0.39655172413793105,1.197906732559204,0.9883482456207275,0.2935674488544464,0.07959800213575363,0.18689730763435364,0.9087502956390381,0.23231153190135956,0.5946872234344482,0.0001,-0.29915541410446167,-0.30129584670066833,-0.20129097998142242,-0.2009727656841278,-0.20111602544784546,0.299984872341156,-0.3011315166950226,-0.30044108629226685,-0.2008533775806427,-0.20064356923103333,-0.2008839100599289,0.01798621006309986,0.11986298114061356,0.01798621006309986,0.11982616782188416,0.0,1.5015528202056885,1.0017995834350586
95,95,19,0,19,10,train_easy_1000019,1000019,easy,labor_dominant,1.0,0.0,0.0,group_anchor_0,135,135,0,0.0,135,0,0.0,0,0.0,1.806549083528109,1.869049083528109,-0.0625,1.806549083528109,1.8690490835281093,-2.220446049250313e-16,quality,-425.8,-191.78615046639007,-14.389166666666663,1.0,1.0,-0.26190183294378155,0.0,0.0,-0.0625,44,175.70000000000002,True,False,completed,1.0,1.0,425.8,425.8,191.78615046639007,14.389166666666663,0.2239222754800122,0.26190183294378155,0.165,0.11083059288333334,0.75,0,0.0,0,0,0,0.0,3,36,0,0,1541,154.10000000000002,0,0,0,0.0,0,0.0,0,0,15,0.0,0,{},0.0,6,0.8333333333333334,38,6,67,12,12,74,62,12,0,74,0,62,0,12,0,0,0,74,6,6,0,12,0,74,0,0,62,0,12,51,6,1.4509803921568627,0,10,1807,9.459136700003,7.329002400059835,0.12008630000491394,0.1436237999223522,13.047047799998836,parallel_episode_batch,pending,-0.00590174548841756,0.02308919488107143,0.5756028885471409,-0.00011317563596470603,3.456353232618783e-06,0.0,1.0000081072593558,0.47189808277220563,0.39655172413793105,1.197906732559204,0.9883482456207275,0.2935674488544464,0.07959800213575363,0.18689730763435364,0.9087502956390381,0.23231153190135956,0.5946872234344482,0.0001,-0.29915541410446167,-0.30129584670066833,-0.20129097998142242,-0.2009727656841278,-0.20111602544784546,0.299984872341156,-0.3011315166950226,-0.30044108629226685,-0.2008533775806427,-0.20064356923103333,-0.2008839100599289,0.01798621006309986,0.11986298114061356,0.01798621006309986,0.11982616782188416,0.0,1.5015528202056885,1.0017995834350586
96,96,19,1,19,10,train_easy_1000019,1000019,easy,labor_dominant,0.0,1.0,0.0,group_anchor_1,148,148,0,0.0,148,0,0.0,0,0.0,1.8327332897284854,1.8952332897284854,-0.0625,1.8327332897284854,1.895233289728485,4.440892098500626e-16,quality,-498.09999999999997,-265.07562240895004,-17.62472222222223,1.0,1.0,-0.20953342054303006,0.0,0.0,-0.0625,44,192.20000000000002,True,False,completed,1.0,1.0,498.09999999999997,498.09999999999997,265.07562240895004,17.62472222222223,0.26164903040696497,0.20953342054303006,0.13300000000000003,0.10904367995000001,0.75,0,0.0,0,0,0,0.0,2,47,0,2,1649,164.9,0,0,0,0.0,0,0.0,0,0,12,0.0,0,{},0.0,8,1.0,36,8,73,16,15,65,50,15,0,65,0,50,0,15,0,0,0,65,7,7,0,14,0,65,0,0,50,0,15,44,4,1.4772727272727273,0,10,1807,9.459136700003,7.329002400059835,0.09933440000168048,0.2569858999340795,13.047047799998836,parallel_episode_batch,pending,-0.00590174548841756,0.02308919488107143,0.5756028885471409,-0.00011317563596470603,3.456353232618783e-06,0.0,1.0000081072593558,0.47189808277220563,0.39655172413793105,1.197906732559204,0.9883482456207275,0.2935674488544464,0.07959800213575363,0.18689730763435364,0.9087502956390381,0.23231153190135956,0.5946872234344482,0.0001,-0.29915541410446167,-0.30129584670066833,-0.20129097998142242,-0.2009727656841278,-0.20111602544784546,0.299984872341156,-0.3011315166950226,-0.30044108629226685,-0.2008533775806427,-0.20064356923103333,-0.2008839100599289,0.01798621006309986,0.11986298114061356,0.01798621006309986,0.11982616782188416,0.0,1.5015528202056885,1.0017995834350586
97,97,19,2,19,10,train_easy_1000019,1000019,easy,labor_dominant,0.0,0.0,1.0,group_anchor_2,152,152,0,0.0,152,0,0.0,0,0.0,1.9096212407346198,1.9721212407346198,-0.0625,1.9096212407346198,1.9721212407346207,-8.881784197001252e-16,quality,-666.5000000000001,-311.55680797917995,-2.9524999999999992,1.0,1.0,-0.055757518530758686,0.0,0.0,-0.0625,44,180.70000000000002,True,False,completed,1.0,1.0,666.5000000000001,666.5000000000001,311.55680797917995,2.9524999999999992,0.26095842747095854,0.055757518530758686,0.165,0.12429367995,0.75,0,0.0,0,0,0,0.0,2,53,0,0,1536,153.60000000000002,0,0,0,0.0,0,0.0,0,0,16,0.0,0,{},0.0,9,1.0,35,9,73,18,17,72,55,17,0,72,0,55,0,17,0,0,0,72,8,9,0,17,0,72,0,0,55,0,17,46,4,1.565217391304348,0,10,1807,9.459136700003,7.329002400059835,0.09408329999860143,0.21875570002157474,13.047047799998836,parallel_episode_batch,pending,-0.00590174548841756,0.02308919488107143,0.5756028885471409,-0.00011317563596470603,3.456353232618783e-06,0.0,1.0000081072593558,0.47189808277220563,0.39655172413793105,1.197906732559204,0.9883482456207275,0.2935674488544464,0.07959800213575363,0.18689730763435364,0.9087502956390381,0.23231153190135956,0.5946872234344482,0.0001,-0.29915541410446167,-0.30129584670066833,-0.20129097998142242,-0.2009727656841278,-0.20111602544784546,0.299984872341156,-0.3011315166950226,-0.30044108629226685,-0.2008533775806427,-0.20064356923103333,-0.2008839100599289,0.01798621006309986,0.11986298114061356,0.01798621006309986,0.11982616782188416,0.0,1.5015528202056885,1.0017995834350586
98,98,19,3,19,10,train_easy_1000019,1000019,easy,labor_dominant,0.3333333333333333,0.3333333333333333,0.3333333333333333,group_anchor_3,149,149,0,0.0,149,0,0.0,0,0.0,1.8235913319358459,1.8860913319358459,-0.0625,1.8235913319358459,1.8860913319358454,4.440892098500626e-16,quality,-575.1,-276.69476019626,-8.325555555555555,1.0,1.0,-0.2278173361283089,0.0,0.0,-0.0625,44,186.70000000000002,True,False,completed,1.0,1.0,575.1,575.1,276.69476019626,8.325555555555555,0.2555576678266416,0.2278173361283089,0.14350000000000004,0.11666666666666668,0.75,0,0.0,0,0,0,0.0,2,47,0,1,1642,164.20000000000002,0,0,0,0.0,0,0.0,0,0,13,0.0,0,{},0.0,8,1.0,36,8,73,16,16,63,47,16,0,63,0,47,0,16,0,0,0,63,8,8,0,16,0,63,0,0,47,0,16,45,3,1.4,0,10,1807,9.459136700003,7.329002400059835,0.1610461000018404,0.2929841000077431,13.047047799998836,parallel_episode_batch,pending,-0.00590174548841756,0.02308919488107143,0.5756028885471409,-0.00011317563596470603,3.456353232618783e-06,0.0,1.0000081072593558,0.47189808277220563,0.39655172413793105,1.197906732559204,0.9883482456207275,0.2935674488544464,0.07959800213575363,0.18689730763435364,0.9087502956390381,0.23231153190135956,0.5946872234344482,0.0001,-0.29915541410446167,-0.30129584670066833,-0.20129097998142242,-0.2009727656841278,-0.20111602544784546,0.299984872341156,-0.3011315166950226,-0.30044108629226685,-0.2008533775806427,-0.20064356923103333,-0.2008839100599289,0.01798621006309986,0.11986298114061356,0.01798621006309986,0.11982616782188416,0.0,1.5015528202056885,1.0017995834350586
99,99,19,4,19,10,train_easy_1000019,1000019,easy,labor_dominant,0.5,0.3,0.2,group_anchor_4,128,128,0,0.0,128,0,0.0,0,0.0,1.8317080041215519,1.8942080041215519,-0.0625,1.8317080041215519,1.894208004121552,-2.220446049250313e-16,quality,-466.6000000000001,-167.36349933864003,-8.33888888888889,1.0,1.0,-0.21158399175689568,0.0,0.0,-0.0625,44,175.9,True,False,completed,1.0,1.0,466.6000000000001,466.6000000000001,167.36349933864003,8.33888888888889,0.21158399175689568,0.21158399175689568,0.13300000000000003,0.09532499388333333,0.75,0,0.0,0,0,0,0.0,2,29,0,0,1648,164.8,0,0,0,0.0,0,0.0,0,0,11,0.0,0,{},0.0,5,1.0,39,5,65,10,9,59,50,9,0,59,0,50,0,9,0,0,0,59,4,5,0,9,0,59,0,0,50,0,9,42,3,1.4047619047619047,0,10,1807,9.459136700003,7.329002400059835,0.12659930000518216,0.15189229996030917,13.047047799998836,parallel_episode_batch,pending,-0.00590174548841756,0.02308919488107143,0.5756028885471409,-0.00011317563596470603,3.456353232618783e-06,0.0,1.0000081072593558,0.47189808277220563,0.39655172413793105,1.197906732559204,0.9883482456207275,0.2935674488544464,0.07959800213575363,0.18689730763435364,0.9087502956390381,0.23231153190135956,0.5946872234344482,0.0001,-0.29915541410446167,-0.30129584670066833,-0.20129097998142242,-0.2009727656841278,-0.20111602544784546,0.299984872341156,-0.3011315166950226,-0.30044108629226685,-0.2008533775806427,-0.20064356923103333,-0.2008839100599289,0.01798621006309986,0.11986298114061356,0.01798621006309986,0.11982616782188416,0.0,1.5015528202056885,1.0017995834350586
100,100,20,0,20,11,train_fatigue_bottleneck_1000020,1000020,fatigue_bottleneck,balanced_cost,1.0,0.0,0.0,group_anchor_0,301,301,0,0.0,301,0,0.0,0,0.0,1.650137771556154,1.712637771556154,-0.06249999999999997,1.650137771556154,1.712637771556154,0.0,quality,-1621.6999999999998,-1063.2112178183095,-4.784722222222222,1.0000000000000002,1.0,-0.5747244568876918,0.0,0.0,-0.06249999999999997,82,165.10000000000002,True,False,completed,1.0,1.0,1621.6999999999998,1621.6999999999998,1063.2112178183095,4.784722222222222,0.4594251828240088,0.5747244568876918,0.7087732118000002,0.5617296753166667,0.75,1,0.009708737864077669,0,0,5,0.027624309392265192,1,102,2,0,1174,117.4,0,0,0,0.0,0,0.0,0,0,50,0.0,0,{},0.0,21,0.9523809523809523,61,21,137,42,40,169,122,47,7,162,0,122,7,40,7,7,0,162,24,22,0,39,3,162,0,0,122,7,40,106,4,1.5943396226415094,0,10,2347,12.920343199999479,9.954664800025057,0.19565710000460967,0.2013810999051202,18.32231409999804,parallel_episode_batch,pending,0.000990888330380659,0.002070813121217479,0.5267191791051143,-0.0032408964958646007,6.038818988550652e-06,0.0,1.0000573074495471,0.18582108979289597,0.06756756756756757,1.0891777276992798,1.046800971031189,0.19834153354167938,0.08767034858465195,0.0547054223716259,0.9591306447982788,0.1909993588924408,0.9239264726638794,0.0001,-0.2992379665374756,-0.3015730082988739,-0.20173707604408264,-0.20116516947746277,-0.2015906125307083,0.3001212775707245,-0.3007795810699463,-0.3000917434692383,-0.2006332129240036,-0.20051923394203186,-0.20079198479652405,0.01798621006309986,0.12027417868375778,0.01798621006309986,0.11980702728033066,0.0,1.5011483430862427,1.002547025680542
101,101,20,1,20,11,train_fatigue_bottleneck_1000020,1000020,fatigue_bottleneck,balanced_cost,0.0,1.0,0.0,group_anchor_1,319,319,0,0.0,319,0,0.0,0,0.0,1.662613308144453,1.725113308144453,-0.0625,1.662613308144453,1.7251133081444534,-4.440892098500626e-16,quality,-1873.4000000000008,-1221.10369271973,-9.318055555555551,1.0000000000000002,1.0,-0.5497733837110931,0.0,0.0,-0.0625,82,183.9,True,False,completed,1.0,1.0,1873.4000000000008,1873.4000000000008,1221.10369271973,9.318055555555551,0.5011257498521048,0.5497733837110931,0.7287595030000001,0.5865951448333335,0.75,4,0.032,0,0,0,0.0,1,121,0,5,1337,133.70000000000002,0,0,0,0.0,0,0.0,0,0,51,0.0,0,{},0.0,24,0.9166666666666666,58,24,147,48,42,140,91,49,7,133,0,91,7,42,7,7,0,133,22,24,2,37,2,133,0,0,91,7,42,85,9,1.6470588235294117,0,10,2347,12.920343199999479,9.954664800025057,0.18280989999766462,0.3106171999970684,18.32231409999804,parallel_episode_batch,pending,0.000990888330380659,0.002070813121217479,0.5267191791051143,-0.0032408964958646007,6.038818988550652e-06,0.0,1.0000573074495471,0.18582108979289597,0.06756756756756757,1.0891777276992798,1.046800971031189,0.19834153354167938,0.08767034858465195,0.0547054223716259,0.9591306447982788,0.1909993588924408,0.9239264726638794,0.0001,-0.2992379665374756,-0.3015730082988739,-0.20173707604408264,-0.20116516947746277,-0.2015906125307083,0.3001212775707245,-0.3007795810699463,-0.3000917434692383,-0.2006332129240036,-0.20051923394203186,-0.20079198479652405,0.01798621006309986,0.12027417868375778,0.01798621006309986,0.11980702728033066,0.0,1.5011483430862427,1.002547025680542
102,102,20,2,20,11,train_fatigue_bottleneck_1000020,1000020,fatigue_bottleneck,balanced_cost,0.0,0.0,1.0,group_anchor_2,294,294,0,0.0,294,0,0.0,0,0.0,1.8980064547654742,1.9605064547654742,-0.0625,1.8980064547654742,1.9605064547654742,0.0,quality,-1648.8999999999994,-952.6200883616501,-4.288055555555556,1.0000000000000002,1.0,-0.07898709046905145,0.0,0.0,-0.0625,82,184.5,True,False,completed,1.0,1.0,1648.8999999999994,1648.8999999999994,952.6200883616501,4.288055555555556,0.4515500970246632,0.07898709046905142,0.6140104329000002,0.5139963419833333,0.75,0,0.0,0,0,0,0.0,1,96,0,4,1411,141.1,0,0,0,0.0,0,0.0,0,0,52,0.0,0,{},0.0,19,0.9473684210526315,63,19,139,38,35,141,102,39,4,137,0,102,4,35,4,4,0,137,20,21,3,34,0,137,0,0,102,4,35,89,6,1.5842696629213484,0,10,2347,12.920343199999479,9.954664800025057,0.1627325999943423,0.24711070003831992,18.32231409999804,parallel_episode_batch,pending,0.000990888330380659,0.002070813121217479,0.5267191791051143,-0.0032408964958646007,6.038818988550652e-06,0.0,1.0000573074495471,0.18582108979289597,0.06756756756756757,1.0891777276992798,1.046800971031189,0.19834153354167938,0.08767034858465195,0.0547054223716259,0.9591306447982788,0.1909993588924408,0.9239264726638794,0.0001,-0.2992379665374756,-0.3015730082988739,-0.20173707604408264,-0.20116516947746277,-0.2015906125307083,0.3001212775707245,-0.3007795810699463,-0.3000917434692383,-0.2006332129240036,-0.20051923394203186,-0.20079198479652405,0.01798621006309986,0.12027417868375778,0.01798621006309986,0.11980702728033066,0.0,1.5011483430862427,1.002547025680542
103,103,20,3,20,11,train_fatigue_bottleneck_1000020,1000020,fatigue_bottleneck,balanced_cost,0.3333333333333333,0.3333333333333333,0.3333333333333333,group_anchor_3,308,308,0,0.0,308,0,0.0,0,0.0,1.7129098281253778,1.7754098281253778,-0.0625,1.7129098281253778,1.7754098281253778,0.0,quality,-1674.1999999999996,-1115.4277433826599,-15.59666666666667,1.0000000000000002,1.0,-0.4491803437492442,0.0,0.0,-0.0625,82,163.60000000000002,True,False,completed,1.0,1.0,1674.1999999999996,1674.1999999999996,1115.4277433826599,15.59666666666667,0.4969841986404692,0.4491803437492442,0.6604595029999998,0.57136300865,0.75,0,0.0,0,0,13,0.040880503144654086,1,111,1,2,1140,114.0,0,0,0,0.0,0,0.0,0,0,50,0.0,0,{},0.0,22,1.0,60,22,140,44,42,150,105,45,3,147,0,105,3,42,3,3,0,147,23,21,1,40,3,147,0,0,105,3,42,94,5,1.5957446808510638,0,10,2347,12.920343199999479,9.954664800025057,0.1684672000046703,0.2575729000964202,18.32231409999804,parallel_episode_batch,pending,0.000990888330380659,0.002070813121217479,0.5267191791051143,-0.0032408964958646007,6.038818988550652e-06,0.0,1.0000573074495471,0.18582108979289597,0.06756756756756757,1.0891777276992798,1.046800971031189,0.19834153354167938,0.08767034858465195,0.0547054223716259,0.9591306447982788,0.1909993588924408,0.9239264726638794,0.0001,-0.2992379665374756,-0.3015730082988739,-0.20173707604408264,-0.20116516947746277,-0.2015906125307083,0.3001212775707245,-0.3007795810699463,-0.3000917434692383,-0.2006332129240036,-0.20051923394203186,-0.20079198479652405,0.01798621006309986,0.12027417868375778,0.01798621006309986,0.11980702728033066,0.0,1.5011483430862427,1.002547025680542
104,104,20,4,20,11,train_fatigue_bottleneck_1000020,1000020,fatigue_bottleneck,balanced_cost,0.5,0.3,0.2,group_anchor_4,399,399,0,0.0,399,0,0.0,0,0.0,1.6788114373913063,1.7413114373913063,-0.0625,1.6788114373913063,1.7413114373913063,0.0,quality,-1885.1999999999987,-1475.0351652617273,-9.903333333333327,1.0000000000000002,1.0,-0.5173771252173873,0.0,0.0,-0.0625,82,187.20000000000002,True,False,completed,1.0,1.0,1885.1999999999987,1885.1999999999987,1475.0351652617273,9.903333333333327,0.5173771252173873,0.5173771252173873,0.7499732117999985,0.7452963419833322,0.75,198,0.6265822784810127,40,40,230,0.5373831775700935,0,91,4,1,1147,114.7,0,0,0,0.0,0,0.0,0,0,51,0.0,0,{},24.900000000000002,26,0.8846153846153846,56,26,177,52,88,263,152,111,23,240,0,152,23,88,23,23,0,240,38,110,1,84,112,240,0,0,152,23,88,99,32,2.6565656565656566,0,10,2347,12.920343199999479,9.954664800025057,0.17683709999982966,0.3293828999885591,18.32231409999804,parallel_episode_batch,pending,0.000990888330380659,0.002070813121217479,0.5267191791051143,-0.0032408964958646007,6.038818988550652e-06,0.0,1.0000573074495471,0.18582108979289597,0.06756756756756757,1.0891777276992798,1.046800971031189,0.19834153354167938,0.08767034858465195,0.0547054223716259,0.9591306447982788,0.1909993588924408,0.9239264726638794,0.0001,-0.2992379665374756,-0.3015730082988739,-0.20173707604408264,-0.20116516947746277,-0.2015906125307083,0.3001212775707245,-0.3007795810699463,-0.3000917434692383,-0.2006332129240036,-0.20051923394203186,-0.20079198479652405,0.01798621006309986,0.12027417868375778,0.01798621006309986,0.11980702728033066,0.0,1.5011483430862427,1.002547025680542
105,105,21,0,21,11,train_balanced_1000021,1000021,balanced,fixed_cost_dominant,1.0,0.0,0.0,group_anchor_0,135,135,0,0.0,135,0,0.0,0,0.0,1.7830027064378668,1.8455027064378668,-0.0625,1.7830027064378668,1.845502706437867,-2.220446049250313e-16,quality,-536.6000000000003,-176.59690752212,-1.4233333333333338,1.0,1.0,-0.30899458712426586,0.0,0.0,-0.0625,47,198.8,True,False,completed,1.0,1.0,536.6000000000003,536.6000000000003,176.59690752212,1.4233333333333338,0.2050604193395443,0.30899458712426586,0.1487753623,0.1178012536,0.75,0,0.0,0,0,0,0.0,2,28,0,0,1793,179.3,0,0,0,0.0,0,0.0,0,0,11,0.0,0,{},0.0,5,1.0,42,5,68,10,10,72,62,10,0,72,0,62,0,10,0,0,0,72,5,5,0,10,0,72,0,0,62,0,10,52,4,1.3846153846153846,0,10,2347,12.920343199999479,9.954664800025057,0.10622560000047088,0.17687970001861686,18.32231409999804,parallel_episode_batch,pending,0.000990888330380659,0.002070813121217479,0.5267191791051143,-0.0032408964958646007,6.038818988550652e-06,0.0,1.0000573074495471,0.18582108979289597,0.06756756756756757,1.0891777276992798,1.046800971031189,0.19834153354167938,0.08767034858465195,0.0547054223716259,0.9591306447982788,0.1909993588924408,0.9239264726638794,0.0001,-0.2992379665374756,-0.3015730082988739,-0.20173707604408264,-0.20116516947746277,-0.2015906125307083,0.3001212775707245,-0.3007795810699463,-0.3000917434692383,-0.2006332129240036,-0.20051923394203186,-0.20079198479652405,0.01798621006309986,0.12027417868375778,0.01798621006309986,0.11980702728033066,0.0,1.5011483430862427,1.002547025680542
106,106,21,1,21,11,train_balanced_1000021,1000021,balanced,fixed_cost_dominant,0.0,1.0,0.0,group_anchor_1,153,153,0,0.0,153,0,0.0,0,0.0,1.825151224316993,1.887651224316993,-0.0625,1.825151224316993,1.8876512243169934,-4.440892098500626e-16,quality,-611.8000000000001,-289.819220566,-4.285833333333336,1.0,1.0,-0.2246975513660133,0.0,0.0,-0.0625,47,219.8,True,False,completed,1.0,1.0,611.8000000000001,611.8000000000001,289.819220566,4.285833333333335,0.25203676310994383,0.2246975513660133,0.1487753623,0.12439410966666668,0.75,0,0.0,0,0,0,0.0,2,47,0,0,1930,193.0,0,0,0,0.0,0,0.0,0,0,15,0.0,0,{},0.0,8,1.0,39,8,74,16,16,72,56,16,0,72,0,56,0,16,0,0,0,72,8,8,0,16,0,72,0,0,56,0,16,49,3,1.469387755102041,0,10,2347,12.920343199999479,9.954664800025057,0.12281430000439286,0.33020219991885824,18.32231409999804,parallel_episode_batch,pending,0.000990888330380659,0.002070813121217479,0.5267191791051143,-0.0032408964958646007,6.038818988550652e-06,0.0,1.0000573074495471,0.18582108979289597,0.06756756756756757,1.0891777276992798,1.046800971031189,0.19834153354167938,0.08767034858465195,0.0547054223716259,0.9591306447982788,0.1909993588924408,0.9239264726638794,0.0001,-0.2992379665374756,-0.3015730082988739,-0.20173707604408264,-0.20116516947746277,-0.2015906125307083,0.3001212775707245,-0.3007795810699463,-0.3000917434692383,-0.2006332129240036,-0.20051923394203186,-0.20079198479652405,0.01798621006309986,0.12027417868375778,0.01798621006309986,0.11980702728033066,0.0,1.5011483430862427,1.002547025680542
107,107,21,2,21,11,train_balanced_1000021,1000021,balanced,fixed_cost_dominant,0.0,0.0,1.0,group_anchor_2,150,150,0,0.0,150,0,0.0,0,0.0,1.9121409868313493,1.9746409868313493,-0.0625,1.9121409868313493,1.9746409868313495,-2.220446049250313e-16,quality,-687.3000000000001,-283.84464533384005,-2.6713888888888886,1.0,1.0,-0.05071802633730097,0.0,0.0,-0.0625,47,196.5,True,False,completed,1.0,1.0,687.3000000000001,687.3000000000001,283.84464533384005,2.6713888888888886,0.258555991699377,0.05071802633730097,0.20750000000000002,0.1419381735666667,0.75,0,0.0,0,0,0,0.0,3,42,0,2,1649,164.9,0,0,0,0.0,0,0.0,0,0,18,0.0,0,{},0.0,7,0.8571428571428571,40,7,75,14,14,50,36,14,0,50,0,36,0,14,0,0,0,50,5,5,0,10,0,50,0,0,36,0,14,37,3,1.3513513513513513,0,10,2347,12.920343199999479,9.954664800025057,0.11226000000169734,0.3712330999842379,18.32231409999804,parallel_episode_batch,pending,0.000990888330380659,0.002070813121217479,0.5267191791051143,-0.0032408964958646007,6.038818988550652e-06,0.0,1.0000573074495471,0.18582108979289597,0.06756756756756757,1.0891777276992798,1.046800971031189,0.19834153354167938,0.08767034858465195,0.0547054223716259,0.9591306447982788,0.1909993588924408,0.9239264726638794,0.0001,-0.2992379665374756,-0.3015730082988739,-0.20173707604408264,-0.20116516947746277,-0.2015906125307083,0.3001212775707245,-0.3007795810699463,-0.3000917434692383,-0.2006332129240036,-0.20051923394203186,-0.20079198479652405,0.01798621006309986,0.12027417868375778,0.01798621006309986,0.11980702728033066,0.0,1.5011483430862427,1.002547025680542
108,108,21,3,21,11,train_balanced_1000021,1000021,balanced,fixed_cost_dominant,0.3333333333333333,0.3333333333333333,0.3333333333333333,group_anchor_3,147,147,0,0.0,147,0,0.0,0,0.0,1.8301432425144777,1.8926432425144777,-0.0625,1.8301432425144777,1.892643242514478,-2.220446049250313e-16,quality,-642.4000000000001,-275.64383289295,-4.3113888888888905,1.0,1.0,-0.21471351497104413,0.0,0.0,-0.0625,47,194.70000000000002,True,False,completed,1.0,1.0,642.4000000000001,642.4000000000001,275.64383289295,4.3113888888888905,0.2550390138379725,0.21471351497104413,0.1487753623,0.133977443,0.75,0,0.0,0,0,0,0.0,2,41,0,1,1682,168.20000000000002,0,0,0,0.0,0,0.0,0,0,17,0.0,0,{},0.0,7,1.0,40,7,73,14,13,66,53,13,0,66,0,53,0,13,0,0,0,66,6,5,0,11,0,66,0,0,53,0,13,49,3,1.346938775510204,0,10,2347,12.920343199999479,9.954664800025057,0.10979329999827314,0.23103670001000864,18.32231409999804,parallel_episode_batch,pending,0.000990888330380659,0.002070813121217479,0.5267191791051143,-0.0032408964958646007,6.038818988550652e-06,0.0,1.0000573074495471,0.18582108979289597,0.06756756756756757,1.0891777276992798,1.046800971031189,0.19834153354167938,0.08767034858465195,0.0547054223716259,0.9591306447982788,0.1909993588924408,0.9239264726638794,0.0001,-0.2992379665374756,-0.3015730082988739,-0.20173707604408264,-0.20116516947746277,-0.2015906125307083,0.3001212775707245,-0.3007795810699463,-0.3000917434692383,-0.2006332129240036,-0.20051923394203186,-0.20079198479652405,0.01798621006309986,0.12027417868375778,0.01798621006309986,0.11980702728033066,0.0,1.5011483430862427,1.002547025680542
109,109,21,4,21,11,train_balanced_1000021,1000021,balanced,fixed_cost_dominant,0.5,0.3,0.2,group_anchor_4,141,141,0,0.0,141,0,0.0,0,0.0,1.823932396050465,1.886432396050465,-0.0625,1.823932396050465,1.886432396050465,0.0,quality,-569.8000000000002,-227.64284991515999,-2.778055555555555,1.0,1.0,-0.22713520789907024,0.0,0.0,-0.0625,47,197.60000000000002,True,False,completed,1.0,1.0,569.8000000000002,569.8000000000002,227.64284991515999,2.778055555555555,0.22713520789907024,0.22713520789907024,0.2075,0.13175894651666667,0.75,0,0.0,0,0,0,0.0,3,36,0,0,1715,171.5,0,0,0,0.0,0,0.0,0,0,17,0.0,0,{},0.0,6,1.0,41,6,70,12,12,66,54,12,0,66,0,54,0,12,0,0,0,66,6,6,0,12,0,66,0,0,54,0,12,51,3,1.2941176470588236,0,10,2347,12.920343199999479,9.954664800025057,0.09223220000421861,0.1921370999989449,18.32231409999804,parallel_episode_batch,pending,0.000990888330380659,0.002070813121217479,0.5267191791051143,-0.0032408964958646007,6.038818988550652e-06,0.0,1.0000573074495471,0.18582108979289597,0.06756756756756757,1.0891777276992798,1.046800971031189,0.19834153354167938,0.08767034858465195,0.0547054223716259,0.9591306447982788,0.1909993588924408,0.9239264726638794,0.0001,-0.2992379665374756,-0.3015730082988739,-0.20173707604408264,-0.20116516947746277,-0.2015906125307083,0.3001212775707245,-0.3007795810699463,-0.3000917434692383,-0.2006332129240036,-0.20051923394203186,-0.20079198479652405,0.01798621006309986,0.12027417868375778,0.01798621006309986,0.11980702728033066,0.0,1.5011483430862427,1.002547025680542
110,110,22,0,22,12,train_balanced_1000022,1000022,balanced,downtime_dominant,1.0,0.0,0.0,group_anchor_0,296,296,0,0.0,296,0,0.0,0,0.0,1.7121875429199283,1.7746875429199283,-0.0625,1.7121875429199283,1.7746875429199285,-2.220446049250313e-16,quality,-984.3000000000004,-1043.8232872618592,-6.448055555555562,1.0000000000000002,1.0,-0.450624914160143,0.0,0.0,-0.0625,77,199.8,True,False,completed,1.0,1.0,984.3000000000004,984.3000000000004,1043.8232872618592,6.448055555555562,0.40137470914485934,0.450624914160143,0.30290000000000017,0.2524041309666667,0.75,0,0.0,0,0,0,0.0,1,114,0,0,1513,151.3,0,0,0,0.0,0,0.0,0,0,43,0.0,0,{},0.0,21,0.9523809523809523,56,21,136,42,41,175,132,43,2,173,0,132,2,41,2,2,0,173,23,21,1,41,0,173,0,0,132,2,41,112,7,1.5625,0,10,2783,14.546645499998704,11.764656399973319,0.13187160000234144,0.160595000073954,22.21528799999942,parallel_episode_batch,pending,0.0009562332204289057,0.0014497973057917659,0.43605311265723273,-0.0026793989474588834,1.7267917147088176e-06,0.0,0.9999975243752653,0.18375214885666288,0.07954545454545454,0.8135533928871155,1.082111120223999,0.1567072719335556,0.07383956015110016,0.043176546692848206,1.0082714557647705,0.16366156935691833,0.9240868091583252,0.0001,-0.2995777428150177,-0.3018093705177307,-0.20197102427482605,-0.20131856203079224,-0.20177531242370605,0.3006535470485687,-0.3005649149417877,-0.299316942691803,-0.2001936286687851,-0.20025674998760223,-0.2009684443473816,0.01798621006309986,0.12038420140743256,0.01798621006309986,0.11972816288471222,0.0,1.5013877153396606,1.0033310651779175
111,111,22,1,22,12,train_balanced_1000022,1000022,balanced,downtime_dominant,0.0,1.0,0.0,group_anchor_1,267,267,0,0.0,267,0,0.0,0,0.0,1.708611810290925,1.771111810290925,-0.0625,1.708611810290925,1.771111810290925,0.0,quality,-1202.3,-844.2575388488598,-16.605833333333333,1.0000000000000002,1.0,-0.4577763794181503,0.0,0.0,-0.0625,77,220.70000000000002,True,False,completed,1.0,1.0,1202.3,1202.3,844.2575388488598,16.605833333333333,0.4374352677653959,0.4577763794181503,0.26940000000000003,0.1921544437166667,0.75,0,0.0,0,0,0,0.0,1,93,0,0,1699,169.9,0,0,0,0.0,0,0.0,0,0,42,0.0,0,{},0.0,17,1.0,60,17,124,34,32,115,82,33,1,114,0,82,1,32,1,1,0,114,16,15,1,29,0,114,0,0,82,1,32,77,5,1.4935064935064934,0,10,2783,14.546645499998704,11.764656399973319,0.12191000000166241,0.32775470002525253,22.21528799999942,parallel_episode_batch,pending,0.0009562332204289057,0.0014497973057917659,0.43605311265723273,-0.0026793989474588834,1.7267917147088176e-06,0.0,0.9999975243752653,0.18375214885666288,0.07954545454545454,0.8135533928871155,1.082111120223999,0.1567072719335556,0.07383956015110016,0.043176546692848206,1.0082714557647705,0.16366156935691833,0.9240868091583252,0.0001,-0.2995777428150177,-0.3018093705177307,-0.20197102427482605,-0.20131856203079224,-0.20177531242370605,0.3006535470485687,-0.3005649149417877,-0.299316942691803,-0.2001936286687851,-0.20025674998760223,-0.2009684443473816,0.01798621006309986,0.12038420140743256,0.01798621006309986,0.11972816288471222,0.0,1.5013877153396606,1.0033310651779175
112,112,22,2,22,12,train_balanced_1000022,1000022,balanced,downtime_dominant,0.0,0.0,1.0,group_anchor_2,293,293,0,0.0,293,0,0.0,0,0.0,1.8983082576839778,1.9608082576839778,-0.0625,1.8983082576839778,1.9608082576839776,2.220446049250313e-16,quality,-1071.3999999999996,-1036.0101214281503,-4.252500000000001,1.0000000000000002,1.0,-0.07838348463204463,0.0,0.0,-0.0625,77,202.9,True,False,completed,1.0,1.0,1071.3999999999996,1071.3999999999996,1036.0101214281503,4.252500000000001,0.4041754226631826,0.07838348463204463,0.2534,0.19833562513333336,0.75,0,0.0,0,0,0,0.0,1,111,0,4,1517,151.70000000000002,0,0,0,0.0,0,0.0,0,0,42,0.0,0,{},0.0,21,0.9523809523809523,56,21,136,42,38,145,100,45,7,138,0,100,7,38,7,7,0,138,19,24,1,35,0,138,0,0,100,7,38,85,11,1.7058823529411764,0,10,2783,14.546645499998704,11.764656399973319,0.15799510000215378,0.24514920002548024,22.21528799999942,parallel_episode_batch,pending,0.0009562332204289057,0.0014497973057917659,0.43605311265723273,-0.0026793989474588834,1.7267917147088176e-06,0.0,0.9999975243752653,0.18375214885666288,0.07954545454545454,0.8135533928871155,1.082111120223999,0.1567072719335556,0.07383956015110016,0.043176546692848206,1.0082714557647705,0.16366156935691833,0.9240868091583252,0.0001,-0.2995777428150177,-0.3018093705177307,-0.20197102427482605,-0.20131856203079224,-0.20177531242370605,0.3006535470485687,-0.3005649149417877,-0.299316942691803,-0.2001936286687851,-0.20025674998760223,-0.2009684443473816,0.01798621006309986,0.12038420140743256,0.01798621006309986,0.11972816288471222,0.0,1.5013877153396606,1.0033310651779175
113,113,22,3,22,12,train_balanced_1000022,1000022,balanced,downtime_dominant,0.3333333333333333,0.3333333333333333,0.3333333333333333,group_anchor_3,288,288,0,0.0,288,0,0.0,0,0.0,1.7547141640960917,1.8172141640960917,-0.0625,1.7547141640960917,1.8172141640960917,0.0,quality,-1059.0,-1004.6121277859904,-7.258888888888891,1.0000000000000002,1.0,-0.36557167180781663,0.0,0.0,-0.0625,77,202.60000000000002,True,False,completed,1.0,1.0,1059.0,1059.0,1004.6121277859904,7.258888888888891,0.41009549119377264,0.36557167180781663,0.2028096125,0.17406590058333335,0.75,0,0.0,0,0,0,0.0,2,109,0,2,1586,158.60000000000002,0,0,0,0.0,0,0.0,0,0,41,0.0,0,{},0.0,20,1.0,57,20,135,40,36,140,104,36,0,140,0,104,0,36,0,0,0,140,18,17,1,34,0,140,0,0,104,0,36,94,5,1.4893617021276595,0,10,2783,14.546645499998704,11.764656399973319,0.13215689999924507,0.21127040003193542,22.21528799999942,parallel_episode_batch,pending,0.0009562332204289057,0.0014497973057917659,0.43605311265723273,-0.0026793989474588834,1.7267917147088176e-06,0.0,0.9999975243752653,0.18375214885666288,0.07954545454545454,0.8135533928871155,1.082111120223999,0.1567072719335556,0.07383956015110016,0.043176546692848206,1.0082714557647705,0.16366156935691833,0.9240868091583252,0.0001,-0.2995777428150177,-0.3018093705177307,-0.20197102427482605,-0.20131856203079224,-0.20177531242370605,0.3006535470485687,-0.3005649149417877,-0.299316942691803,-0.2001936286687851,-0.20025674998760223,-0.2009684443473816,0.01798621006309986,0.12038420140743256,0.01798621006309986,0.11972816288471222,0.0,1.5013877153396606,1.0033310651779175
114,114,22,4,22,12,train_balanced_1000022,1000022,balanced,downtime_dominant,0.5,0.3,0.2,group_anchor_4,270,270,0,0.0,270,0,0.0,0,0.0,1.7440621513524428,1.8065621513524428,-0.0625,1.7440621513524428,1.8065621513524424,4.440892098500626e-16,quality,-994.4000000000005,-859.9347064425294,-6.05222222222222,1.0000000000000002,1.0,-0.3868756972951151,0.0,0.0,-0.0625,77,199.20000000000002,True,False,completed,1.0,1.0,994.4000000000005,994.4000000000005,859.9347064425294,6.05222222222222,0.3868756972951151,0.3868756972951151,0.2414096125,0.18263961621666666,0.75,0,0.0,0,0,0,0.0,1,94,0,0,1557,155.70000000000002,0,0,0,0.0,0,0.0,0,0,43,0.0,0,{},0.0,17,1.0,60,17,126,34,33,132,98,34,1,131,0,98,1,33,1,1,0,131,17,16,0,32,0,131,0,0,98,1,33,94,4,1.4042553191489362,0,10,2783,14.546645499998704,11.764656399973319,0.11284750000049826,0.24681849995977245,22.21528799999942,parallel_episode_batch,pending,0.0009562332204289057,0.0014497973057917659,0.43605311265723273,-0.0026793989474588834,1.7267917147088176e-06,0.0,0.9999975243752653,0.18375214885666288,0.07954545454545454,0.8135533928871155,1.082111120223999,0.1567072719335556,0.07383956015110016,0.043176546692848206,1.0082714557647705,0.16366156935691833,0.9240868091583252,0.0001,-0.2995777428150177,-0.3018093705177307,-0.20197102427482605,-0.20131856203079224,-0.20177531242370605,0.3006535470485687,-0.3005649149417877,-0.299316942691803,-0.2001936286687851,-0.20025674998760223,-0.2009684443473816,0.01798621006309986,0.12038420140743256,0.01798621006309986,0.11972816288471222,0.0,1.5013877153396606,1.0033310651779175
115,115,23,0,23,12,train_balanced_1000023,1000023,balanced,balanced_cost,1.0,0.0,0.0,group_anchor_0,250,250,0,0.0,250,0,0.0,0,0.0,1.7232006809199563,1.7857006809199563,-0.0625,1.7232006809199563,1.7857006809199563,0.0,quality,-900.0999999999998,-738.48215110909,-17.94472222222223,1.0,1.0,-0.42859863816008753,0.0,0.0,-0.0625,71,218.0,True,False,completed,1.0,1.0,900.0999999999998,900.0999999999998,738.48215110909,17.94472222222223,0.39455652730987495,0.42859863816008753,0.3126000000000001,0.20003333333333337,0.75,0,0.0,0,0,0,0.0,1,85,0,0,1703,170.3,0,0,0,0.0,0,0.0,0,0,44,0.0,0,{},0.0,17,0.9411764705882353,54,17,115,34,30,142,107,35,5,137,0,107,5,30,5,5,0,137,16,19,1,29,0,136,0,0,107,5,30,87,6,1.632183908045977,0,10,2783,14.546645499998704,11.764656399973319,0.14020950000121957,0.2528661999749602,22.21528799999942,parallel_episode_batch,pending,0.0009562332204289057,0.0014497973057917659,0.43605311265723273,-0.0026793989474588834,1.7267917147088176e-06,0.0,0.9999975243752653,0.18375214885666288,0.07954545454545454,0.8135533928871155,1.082111120223999,0.1567072719335556,0.07383956015110016,0.043176546692848206,1.0082714557647705,0.16366156935691833,0.9240868091583252,0.0001,-0.2995777428150177,-0.3018093705177307,-0.20197102427482605,-0.20131856203079224,-0.20177531242370605,0.3006535470485687,-0.3005649149417877,-0.299316942691803,-0.2001936286687851,-0.20025674998760223,-0.2009684443473816,0.01798621006309986,0.12038420140743256,0.01798621006309986,0.11972816288471222,0.0,1.5013877153396606,1.0033310651779175
116,116,23,1,23,12,train_balanced_1000023,1000023,balanced,balanced_cost,0.0,1.0,0.0,group_anchor_1,272,272,0,0.0,272,0,0.0,0,0.0,1.7040338482338746,1.7665338482338746,-0.0625,1.7040338482338746,1.7665338482338746,0.0,quality,-1087.9,-875.9343449739505,-17.725555555555562,1.0,1.0,-0.4669323035322507,0.0,0.0,-0.0625,71,221.60000000000002,True,False,completed,1.0,1.0,1087.9,1087.9,875.9343449739505,17.725555555555562,0.43017571649885533,0.4669323035322507,0.44340000000000007,0.2866,0.75,0,0.0,0,0,2,0.012121212121212121,1,105,0,1,1787,178.70000000000002,0,0,0,0.0,0,0.0,0,0,44,0.0,0,{},0.0,20,0.8,51,20,125,40,36,127,88,39,3,124,0,88,3,36,3,3,0,124,17,21,0,35,0,124,0,0,88,3,36,81,10,1.5679012345679013,0,10,2783,14.546645499998704,11.764656399973319,0.12972140000056243,0.3290690999929211,22.21528799999942,parallel_episode_batch,pending,0.0009562332204289057,0.0014497973057917659,0.43605311265723273,-0.0026793989474588834,1.7267917147088176e-06,0.0,0.9999975243752653,0.18375214885666288,0.07954545454545454,0.8135533928871155,1.082111120223999,0.1567072719335556,0.07383956015110016,0.043176546692848206,1.0082714557647705,0.16366156935691833,0.9240868091583252,0.0001,-0.2995777428150177,-0.3018093705177307,-0.20197102427482605,-0.20131856203079224,-0.20177531242370605,0.3006535470485687,-0.3005649149417877,-0.299316942691803,-0.2001936286687851,-0.20025674998760223,-0.2009684443473816,0.01798621006309986,0.12038420140743256,0.01798621006309986,0.11972816288471222,0.0,1.5013877153396606,1.0033310651779175
117,117,23,2,23,12,train_balanced_1000023,1000023,balanced,balanced_cost,0.0,0.0,1.0,group_anchor_2,283,283,0,0.0,283,0,0.0,0,0.0,1.925291658762635,1.987791658762635,-0.0625,1.925291658762635,1.9877916587626352,-2.220446049250313e-16,quality,-1064.6000000000001,-929.4861348904304,-1.251388888888889,1.0,1.0,-0.024416682474729688,0.0,0.0,-0.0625,71,239.3,True,False,completed,1.0,1.0,1064.6000000000001,1064.6000000000001,929.4861348904304,1.2513888888888893,0.384454072655898,0.02441668247472969,0.2681,0.21541666666666667,0.75,0,0.0,0,0,5,0.0273224043715847,1,107,0,6,1924,192.4,0,0,0,0.0,0,0.0,0,0,41,0.0,0,{},0.0,21,1.0,50,21,133,42,37,137,97,40,3,134,0,97,3,37,3,3,0,134,15,23,1,34,0,134,0,0,97,3,37,85,8,1.611764705882353,0,10,2783,14.546645499998704,11.764656399973319,0.14338790000329027,0.4473231000083615,22.21528799999942,parallel_episode_batch,pending,0.0009562332204289057,0.0014497973057917659,0.43605311265723273,-0.0026793989474588834,1.7267917147088176e-06,0.0,0.9999975243752653,0.18375214885666288,0.07954545454545454,0.8135533928871155,1.082111120223999,0.1567072719335556,0.07383956015110016,0.043176546692848206,1.0082714557647705,0.16366156935691833,0.9240868091583252,0.0001,-0.2995777428150177,-0.3018093705177307,-0.20197102427482605,-0.20131856203079224,-0.20177531242370605,0.3006535470485687,-0.3005649149417877,-0.299316942691803,-0.2001936286687851,-0.20025674998760223,-0.2009684443473816,0.01798621006309986,0.12038420140743256,0.01798621006309986,0.11972816288471222,0.0,1.5013877153396606,1.0033310651779175
118,118,23,3,23,12,train_balanced_1000023,1000023,balanced,balanced_cost,0.3333333333333333,0.3333333333333333,0.3333333333333333,group_anchor_3,288,288,0,0.0,288,0,0.0,0,0.0,1.7745723646695237,1.8370723646695237,-0.0625,1.7745723646695237,1.8370723646695235,2.220446049250313e-16,quality,-1016.2,-999.5819894180204,-0.9755555555555584,1.0,1.0,-0.3258552706609529,0.0,0.0,-0.0625,71,225.0,True,False,completed,1.0,1.0,1016.2,1016.2,999.5819894180204,0.9755555555555584,0.3830624969702369,0.3258552706609529,0.3653000000000002,0.2919500000000001,0.75,0,0.0,0,0,0,0.0,1,118,0,1,1764,176.4,0,0,0,0.0,0,0.0,0,0,38,0.0,0,{},0.0,23,0.9130434782608695,48,23,131,46,40,140,94,46,6,134,0,94,6,40,6,6,0,134,19,26,3,36,0,134,0,0,94,6,40,79,10,1.7721518987341771,0,10,2783,14.546645499998704,11.764656399973319,0.17223679999733577,0.3419222000084119,22.21528799999942,parallel_episode_batch,pending,0.0009562332204289057,0.0014497973057917659,0.43605311265723273,-0.0026793989474588834,1.7267917147088176e-06,0.0,0.9999975243752653,0.18375214885666288,0.07954545454545454,0.8135533928871155,1.082111120223999,0.1567072719335556,0.07383956015110016,0.043176546692848206,1.0082714557647705,0.16366156935691833,0.9240868091583252,0.0001,-0.2995777428150177,-0.3018093705177307,-0.20197102427482605,-0.20131856203079224,-0.20177531242370605,0.3006535470485687,-0.3005649149417877,-0.299316942691803,-0.2001936286687851,-0.20025674998760223,-0.2009684443473816,0.01798621006309986,0.12038420140743256,0.01798621006309986,0.11972816288471222,0.0,1.5013877153396606,1.0033310651779175
119,119,23,4,23,12,train_balanced_1000023,1000023,balanced,balanced_cost,0.5,0.3,0.2,group_anchor_4,276,276,0,0.0,276,0,0.0,0,0.0,1.7514109763294825,1.8139109763294825,-0.0625,1.7514109763294825,1.813910976329482,4.440892098500626e-16,quality,-967.6999999999997,-902.1115197325508,-1.7300000000000004,1.0,1.0,-0.37217804734103577,0.0,0.0,-0.0625,71,217.3,True,False,completed,1.0,1.0,967.6999999999997,967.6999999999997,902.1115197325508,1.7300000000000002,0.37217804734103577,0.37217804734103577,0.30949999999999994,0.25255,0.75,0,0.0,0,0,0,0.0,1,110,0,1,1669,166.9,0,0,0,0.0,0,0.0,0,0,40,0.0,0,{},0.0,21,1.0,50,21,126,42,37,145,104,41,4,141,0,104,4,37,4,4,0,141,20,22,2,36,0,141,0,0,104,4,37,90,5,1.6111111111111112,0,10,2783,14.546645499998704,11.764656399973319,0.16588950000004843,0.25482920000649756,22.21528799999942,parallel_episode_batch,pending,0.0009562332204289057,0.0014497973057917659,0.43605311265723273,-0.0026793989474588834,1.7267917147088176e-06,0.0,0.9999975243752653,0.18375214885666288,0.07954545454545454,0.8135533928871155,1.082111120223999,0.1567072719335556,0.07383956015110016,0.043176546692848206,1.0082714557647705,0.16366156935691833,0.9240868091583252,0.0001,-0.2995777428150177,-0.3018093705177307,-0.20197102427482605,-0.20131856203079224,-0.20177531242370605,0.3006535470485687,-0.3005649149417877,-0.299316942691803,-0.2001936286687851,-0.20025674998760223,-0.2009684443473816,0.01798621006309986,0.12038420140743256,0.01798621006309986,0.11972816288471222,0.0,1.5013877153396606,1.0033310651779175
120,120,24,0,24,13,train_balanced_1000024,1000024,balanced,downtime_dominant,1.0,0.0,0.0,group_anchor_0,225,225,0,0.0,225,0,0.0,0,0.0,1.7367966528657663,1.7992966528657663,-0.0625,1.7367966528657663,1.7992966528657655,8.881784197001252e-16,quality,-804.6999999999998,-599.9059144490802,-53.219166666666666,1.0,1.0,-0.40140669426846903,0.0,0.0,-0.0625,70,206.8,True,False,completed,1.0,1.0,804.6999999999998,804.6999999999998,599.9059144490802,53.219166666666666,0.41631108915195936,0.40140669426846903,0.20400000000000001,0.14751666666666668,0.75,0,0.0,0,0,0,0.0,2,68,0,0,1732,173.20000000000002,0,0,0,0.0,0,0.0,0,0,32,0.0,0,{},0.0,12,1.0,58,12,107,24,24,124,100,24,0,124,0,100,0,24,0,0,0,124,12,12,0,24,0,124,0,0,100,0,24,90,5,1.3777777777777778,0,10,1899,9.798965899994073,7.792589299984684,0.08663169999636011,0.13054210005066125,14.013928099993791,parallel_episode_batch,pending,-0.0002679896385719379,0.001642309116626469,0.5415250077843666,-0.004862086148932576,3.756834697128397e-05,0.0,0.99997378885746,0.17770452070981263,0.06666666666666667,0.9225021600723267,1.2379263639450073,0.21362397074699402,0.07550552487373352,0.05944141373038292,1.1624208688735962,0.19793552160263062,0.9225755333900452,0.0001,-0.2993565797805786,-0.30173951387405396,-0.20200936496257782,-0.20126017928123474,-0.20166757702827454,0.3003653585910797,-0.30061468482017517,-0.29925402998924255,-0.20013627409934998,-0.20028093457221985,-0.20113149285316467,0.01798621006309986,0.1209360733628273,0.01798621006309986,0.11967559158802032,0.0,1.5010969638824463,1.003184199333191
121,121,24,1,24,13,train_balanced_1000024,1000024,balanced,downtime_dominant,0.0,1.0,0.0,group_anchor_1,225,225,0,0.0,225,0,0.0,0,0.0,1.7500412775905234,1.8125412775905234,-0.0625,1.7500412775905234,1.8125412775905232,2.220446049250313e-16,quality,-893.0999999999999,-599.7886866485404,-4.784722222222222,1.0,1.0,-0.37491744481895356,0.0,0.0,-0.0625,70,211.10000000000002,True,False,completed,1.0,1.0,893.0999999999999,893.0999999999999,599.7886866485404,4.7847222222222205,0.3432864371193905,0.37491744481895356,0.21890000000000004,0.14386662413333337,0.75,0,0.0,0,0,0,0.0,1,61,0,1,1803,180.3,0,0,0,0.0,0,0.0,0,0,32,0.0,0,{},0.0,12,1.0,58,12,109,24,22,107,82,25,3,104,0,82,3,22,3,3,0,104,12,14,1,22,0,104,0,0,82,3,22,69,7,1.5507246376811594,0,10,1899,9.798965899994073,7.792589299984684,0.10531840000476222,0.1514844999401248,14.013928099993791,parallel_episode_batch,pending,-0.0002679896385719379,0.001642309116626469,0.5415250077843666,-0.004862086148932576,3.756834697128397e-05,0.0,0.99997378885746,0.17770452070981263,0.06666666666666667,0.9225021600723267,1.2379263639450073,0.21362397074699402,0.07550552487373352,0.05944141373038292,1.1624208688735962,0.19793552160263062,0.9225755333900452,0.0001,-0.2993565797805786,-0.30173951387405396,-0.20200936496257782,-0.20126017928123474,-0.20166757702827454,0.3003653585910797,-0.30061468482017517,-0.29925402998924255,-0.20013627409934998,-0.20028093457221985,-0.20113149285316467,0.01798621006309986,0.1209360733628273,0.01798621006309986,0.11967559158802032,0.0,1.5010969638824463,1.003184199333191
122,122,24,2,24,13,train_balanced_1000024,1000024,balanced,downtime_dominant,0.0,0.0,1.0,group_anchor_2,232,232,0,0.0,232,0,0.0,0,0.0,1.9182178720222196,1.9807178720222196,-0.0625,1.9182178720222196,1.9807178720222198,-2.220446049250313e-16,quality,-1006.4,-658.7839257965903,-2.0055555555555564,1.0,1.0,-0.03856425595556033,0.0,0.0,-0.0625,70,230.70000000000002,True,False,completed,1.0,1.0,1006.4,1006.4,658.7839257965903,2.005555555555557,0.3549212838841675,0.038564255955560324,0.18860000000000002,0.15288333333333334,0.75,0,0.0,0,0,0,0.0,2,74,0,1,1872,187.20000000000002,0,0,0,0.0,0,0.0,0,0,30,0.0,0,{},0.0,13,1.0,57,13,112,26,24,80,56,24,0,80,0,56,0,24,0,0,0,80,8,10,1,17,0,80,0,0,56,0,24,59,4,1.3559322033898304,0,10,1899,9.798965899994073,7.792589299984684,0.11381909999909112,0.20272660003683995,14.013928099993791,parallel_episode_batch,pending,-0.0002679896385719379,0.001642309116626469,0.5415250077843666,-0.004862086148932576,3.756834697128397e-05,0.0,0.99997378885746,0.17770452070981263,0.06666666666666667,0.9225021600723267,1.2379263639450073,0.21362397074699402,0.07550552487373352,0.05944141373038292,1.1624208688735962,0.19793552160263062,0.9225755333900452,0.0001,-0.2993565797805786,-0.30173951387405396,-0.20200936496257782,-0.20126017928123474,-0.20166757702827454,0.3003653585910797,-0.30061468482017517,-0.29925402998924255,-0.20013627409934998,-0.20028093457221985,-0.20113149285316467,0.01798621006309986,0.1209360733628273,0.01798621006309986,0.11967559158802032,0.0,1.5010969638824463,1.003184199333191
123,123,24,3,24,13,train_balanced_1000024,1000024,balanced,downtime_dominant,0.3333333333333333,0.3333333333333333,0.3333333333333333,group_anchor_3,219,219,0,0.0,219,0,0.0,0,0.0,1.7855954335877449,1.8480954335877449,-0.0625,1.7855954335877449,1.8480954335877449,0.0,quality,-859.4000000000001,-566.13824848536,-7.645833333333333,1.0,1.0,-0.30380913282451044,0.0,0.0,-0.0625,70,207.8,True,False,completed,1.0,1.0,859.4000000000001,859.4000000000001,566.13824848536,7.645833333333333,0.3436259596005232,0.30380913282451044,0.22800000000000004,0.1469,0.75,0,0.0,0,0,0,0.0,1,58,0,1,1847,184.70000000000002,0,0,0,0.0,0,0.0,0,0,34,0.0,0,{},0.0,11,1.0,59,11,106,22,21,103,81,22,1,102,0,81,1,21,1,1,0,102,11,8,1,17,0,102,0,0,81,1,21,74,4,1.3918918918918919,0,10,1899,9.798965899994073,7.792589299984684,0.09808860000339337,0.14891339997848263,14.013928099993791,parallel_episode_batch,pending,-0.0002679896385719379,0.001642309116626469,0.5415250077843666,-0.004862086148932576,3.756834697128397e-05,0.0,0.99997378885746,0.17770452070981263,0.06666666666666667,0.9225021600723267,1.2379263639450073,0.21362397074699402,0.07550552487373352,0.05944141373038292,1.1624208688735962,0.19793552160263062,0.9225755333900452,0.0001,-0.2993565797805786,-0.30173951387405396,-0.20200936496257782,-0.20126017928123474,-0.20166757702827454,0.3003653585910797,-0.30061468482017517,-0.29925402998924255,-0.20013627409934998,-0.20028093457221985,-0.20113149285316467,0.01798621006309986,0.1209360733628273,0.01798621006309986,0.11967559158802032,0.0,1.5010969638824463,1.003184199333191
124,124,24,4,24,13,train_balanced_1000024,1000024,balanced,downtime_dominant,0.5,0.3,0.2,group_anchor_4,220,220,0,0.0,220,0,0.0,0,0.0,1.7733201707473651,1.8358201707473651,-0.0625,1.7733201707473651,1.8358201707473651,0.0,quality,-867.4999999999999,-565.0312782800702,-2.702222222222226,1.0,1.0,-0.32835965850526977,0.0,0.0,-0.0625,70,226.3,True,False,completed,1.0,1.0,867.4999999999999,867.4999999999999,565.0312782800702,2.702222222222225,0.32835965850526977,0.32835965850526977,0.20090000000000005,0.1369666666666667,0.75,0,0.0,0,0,0,0.0,2,63,0,0,1978,197.8,0,0,0,0.0,0,0.0,0,0,32,0.0,0,{},0.0,11,1.0,59,11,106,22,22,103,81,22,0,103,0,81,0,22,0,0,0,103,10,11,0,21,0,103,0,0,81,0,22,74,5,1.3918918918918919,0,10,1899,9.798965899994073,7.792589299984684,0.1151227000009385,0.23888080004689982,14.013928099993791,parallel_episode_batch,pending,-0.0002679896385719379,0.001642309116626469,0.5415250077843666,-0.004862086148932576,3.756834697128397e-05,0.0,0.99997378885746,0.17770452070981263,0.06666666666666667,0.9225021600723267,1.2379263639450073,0.21362397074699402,0.07550552487373352,0.05944141373038292,1.1624208688735962,0.19793552160263062,0.9225755333900452,0.0001,-0.2993565797805786,-0.30173951387405396,-0.20200936496257782,-0.20126017928123474,-0.20166757702827454,0.3003653585910797,-0.30061468482017517,-0.29925402998924255,-0.20013627409934998,-0.20028093457221985,-0.20113149285316467,0.01798621006309986,0.1209360733628273,0.01798621006309986,0.11967559158802032,0.0,1.5010969638824463,1.003184199333191
125,125,25,0,25,13,train_balanced_1000025,1000025,balanced,downtime_dominant,1.0,0.0,0.0,group_anchor_0,146,146,0,0.0,146,0,0.0,0,0.0,1.782347405023277,1.844847405023277,-0.0625,1.782347405023277,1.8448474050232773,-2.220446049250313e-16,quality,-539.9,-315.11975785965006,-6.796666666666668,1.0,1.0,-0.3103051899534456,0.0,0.0,-0.0625,50,210.8,True,False,completed,1.0,1.0,539.9,539.9,315.11975785965006,6.796666666666668,0.25096981694254367,0.3103051899534456,0.2397,0.15785823803333335,0.75,0,0.0,0,0,0,0.0,2,34,0,0,1984,198.4,0,0,0,0.0,0,0.0,0,0,19,0.0,0,{},0.0,6,1.0,44,6,74,12,10,75,65,10,0,75,0,65,0,10,0,0,0,75,5,6,1,10,0,75,0,0,65,0,10,54,4,1.3888888888888888,0,10,1899,9.798965899994073,7.792589299984684,0.09704559999954654,0.17590339999151183,14.013928099993791,parallel_episode_batch,pending,-0.0002679896385719379,0.001642309116626469,0.5415250077843666,-0.004862086148932576,3.756834697128397e-05,0.0,0.99997378885746,0.17770452070981263,0.06666666666666667,0.9225021600723267,1.2379263639450073,0.21362397074699402,0.07550552487373352,0.05944141373038292,1.1624208688735962,0.19793552160263062,0.9225755333900452,0.0001,-0.2993565797805786,-0.30173951387405396,-0.20200936496257782,-0.20126017928123474,-0.20166757702827454,0.3003653585910797,-0.30061468482017517,-0.29925402998924255,-0.20013627409934998,-0.20028093457221985,-0.20113149285316467,0.01798621006309986,0.1209360733628273,0.01798621006309986,0.11967559158802032,0.0,1.5010969638824463,1.003184199333191
126,126,25,1,25,13,train_balanced_1000025,1000025,balanced,downtime_dominant,0.0,1.0,0.0,group_anchor_1,170,170,0,0.0,170,0,0.0,0,0.0,1.7623369375758315,1.8248369375758315,-0.0625,1.7623369375758315,1.8248369375758318,-2.220446049250313e-16,quality,-675.0999999999999,-539.23381907046,-8.735555555555557,1.0,1.0,-0.35032612484833664,0.0,0.0,-0.0625,50,225.70000000000002,True,False,completed,1.0,1.0,675.0999999999999,675.0999999999999,539.23381907046,8.735555555555557,0.31486027796034133,0.35032612484833664,0.3007000000000001,0.22976272343333334,0.75,0,0.0,0,0,0,0.0,1,54,0,1,1998,199.8,0,0,0,0.0,0,0.0,0,0,20,0.0,0,{},0.0,10,1.0,40,10,82,20,18,83,64,19,1,82,0,64,1,18,1,1,0,82,10,9,1,17,0,82,0,0,64,1,18,55,5,1.509090909090909,0,10,1899,9.798965899994073,7.792589299984684,0.12602999999944586,0.21473570007219678,14.013928099993791,parallel_episode_batch,pending,-0.0002679896385719379,0.001642309116626469,0.5415250077843666,-0.004862086148932576,3.756834697128397e-05,0.0,0.99997378885746,0.17770452070981263,0.06666666666666667,0.9225021600723267,1.2379263639450073,0.21362397074699402,0.07550552487373352,0.05944141373038292,1.1624208688735962,0.19793552160263062,0.9225755333900452,0.0001,-0.2993565797805786,-0.30173951387405396,-0.20200936496257782,-0.20126017928123474,-0.20166757702827454,0.3003653585910797,-0.30061468482017517,-0.29925402998924255,-0.20013627409934998,-0.20028093457221985,-0.20113149285316467,0.01798621006309986,0.1209360733628273,0.01798621006309986,0.11967559158802032,0.0,1.5010969638824463,1.003184199333191
127,127,25,2,25,13,train_balanced_1000025,1000025,balanced,downtime_dominant,0.0,0.0,1.0,group_anchor_2,164,164,0,0.0,164,0,0.0,0,0.0,1.9330919846256354,1.9955919846256354,-0.0625,1.9330919846256354,1.9955919846256354,0.0,quality,-629.4,-496.5032553851802,-0.444722222222222,1.0,1.0,-0.008816030748729352,0.0,0.0,-0.0625,50,222.5,True,False,completed,1.0,1.0,629.4,629.4,496.5032553851802,0.444722222222222,0.273319498430371,0.008816030748729352,0.1773,0.14832884793333337,0.75,0,0.0,0,0,0,0.0,2,53,0,0,1909,190.9,0,0,0,0.0,0,0.0,0,0,17,0.0,0,{},0.0,9,1.0,41,9,78,18,18,83,65,18,0,83,0,65,0,18,0,0,0,83,8,8,0,16,0,83,0,0,65,0,18,62,3,1.3387096774193548,0,10,1899,9.798965899994073,7.792589299984684,0.11571070000354666,0.20833950002270285,14.013928099993791,parallel_episode_batch,pending,-0.0002679896385719379,0.001642309116626469,0.5415250077843666,-0.004862086148932576,3.756834697128397e-05,0.0,0.99997378885746,0.17770452070981263,0.06666666666666667,0.9225021600723267,1.2379263639450073,0.21362397074699402,0.07550552487373352,0.05944141373038292,1.1624208688735962,0.19793552160263062,0.9225755333900452,0.0001,-0.2993565797805786,-0.30173951387405396,-0.20200936496257782,-0.20126017928123474,-0.20166757702827454,0.3003653585910797,-0.30061468482017517,-0.29925402998924255,-0.20013627409934998,-0.20028093457221985,-0.20113149285316467,0.01798621006309986,0.1209360733628273,0.01798621006309986,0.11967559158802032,0.0,1.5010969638824463,1.003184199333191
128,128,25,3,25,13,train_balanced_1000025,1000025,balanced,downtime_dominant,0.3333333333333333,0.3333333333333333,0.3333333333333333,group_anchor_3,147,147,0,0.0,147,0,0.0,0,0.0,1.8362778371587916,1.8987778371587916,-0.0625,1.8362778371587916,1.898777837158792,-4.440892098500626e-16,quality,-557.7,-318.76417671857996,-2.539166666666668,1.0,1.0,-0.20244432568241594,0.0,0.0,-0.0625,50,214.9,True,False,completed,1.0,1.0,557.7,557.7,318.76417671857996,2.539166666666668,0.24082491865036754,0.20244432568241594,0.17680000000000004,0.14498289940000003,0.75,0,0.0,0,0,0,0.0,3,36,0,0,2001,200.10000000000002,0,0,0,0.0,0,0.0,0,0,17,0.0,0,{},0.0,6,1.0,44,6,73,12,12,64,52,12,0,64,0,52,0,12,0,0,0,64,6,4,0,10,0,64,0,0,52,0,12,52,3,1.2307692307692308,0,10,1899,9.798965899994073,7.792589299984684,0.10223260000202572,0.20443410001462325,14.013928099993791,parallel_episode_batch,pending,-0.0002679896385719379,0.001642309116626469,0.5415250077843666,-0.004862086148932576,3.756834697128397e-05,0.0,0.99997378885746,0.17770452070981263,0.06666666666666667,0.9225021600723267,1.2379263639450073,0.21362397074699402,0.07550552487373352,0.05944141373038292,1.1624208688735962,0.19793552160263062,0.9225755333900452,0.0001,-0.2993565797805786,-0.30173951387405396,-0.20200936496257782,-0.20126017928123474,-0.20166757702827454,0.3003653585910797,-0.30061468482017517,-0.29925402998924255,-0.20013627409934998,-0.20028093457221985,-0.20113149285316467,0.01798621006309986,0.1209360733628273,0.01798621006309986,0.11967559158802032,0.0,1.5010969638824463,1.003184199333191
129,129,25,4,25,13,train_balanced_1000025,1000025,balanced,downtime_dominant,0.5,0.3,0.2,group_anchor_4,151,151,0,0.0,151,0,0.0,0,0.0,1.798177856346992,1.860677856346992,-0.0625,1.798177856346992,1.8606778563469921,-2.220446049250313e-16,quality,-603.1000000000001,-378.6502137577301,-8.482500000000002,1.0,1.0,-0.27864428730601576,0.0,0.0,-0.0625,50,219.8,True,False,completed,1.0,1.0,603.1000000000001,603.1000000000001,378.6502137577301,8.482500000000002,0.27864428730601576,0.27864428730601576,0.3183,0.19668289940000003,0.75,0,0.0,0,0,1,0.009174311926605505,1,38,1,0,2051,205.10000000000002,0,0,0,0.0,0,0.0,0,0,21,0.0,0,{},0.0,7,0.8571428571428571,43,7,75,14,12,66,53,13,1,65,0,53,1,12,1,1,0,65,5,7,0,11,0,65,0,0,53,1,12,45,4,1.4666666666666666,0,10,1899,9.798965899994073,7.792589299984684,0.10333379999792669,0.16925980002997676,14.013928099993791,parallel_episode_batch,pending,-0.0002679896385719379,0.001642309116626469,0.5415250077843666,-0.004862086148932576,3.756834697128397e-05,0.0,0.99997378885746,0.17770452070981263,0.06666666666666667,0.9225021600723267,1.2379263639450073,0.21362397074699402,0.07550552487373352,0.05944141373038292,1.1624208688735962,0.19793552160263062,0.9225755333900452,0.0001,-0.2993565797805786,-0.30173951387405396,-0.20200936496257782,-0.20126017928123474,-0.20166757702827454,0.3003653585910797,-0.30061468482017517,-0.29925402998924255,-0.20013627409934998,-0.20028093457221985,-0.20113149285316467,0.01798621006309986,0.1209360733628273,0.01798621006309986,0.11967559158802032,0.0,1.5010969638824463,1.003184199333191
130,130,26,0,26,14,train_balanced_1000026,1000026,balanced,downtime_dominant,1.0,0.0,0.0,group_anchor_0,196,196,0,0.0,196,0,0.0,0,0.0,1.7534058600537037,1.8159058600537037,-0.0625,1.7534058600537037,1.815905860053704,-2.220446049250313e-16,quality,-699.3000000000001,-629.4557064452403,-11.651388888888889,0.9999999999999999,1.0,-0.368188279892592,0.0,0.0,-0.0625,56,217.60000000000002,True,False,completed,1.0,1.0,699.3000000000001,699.3000000000001,629.4557064452403,11.651388888888889,0.3377812341189222,0.368188279892592,0.2387,0.18909741755,0.75,0,0.0,0,0,0,0.0,1,63,0,0,1966,196.60000000000002,0,0,0,0.0,0,0.0,0,0,22,0.0,0,{},0.0,12,0.9166666666666666,44,12,93,24,23,111,86,25,2,109,0,86,2,23,2,2,0,109,11,14,0,23,0,108,0,0,86,2,23,74,7,1.5,0,10,2023,10.365182500005176,8.244249799994577,0.08376019999559503,0.11250809990451671,14.867801499996858,parallel_episode_batch,pending,-0.001998109568376094,0.011565976652491372,0.5407895054668188,-0.001623015745281009,6.151574456225717e-05,0.0,0.9998748246580362,0.2922147953067906,0.171875,0.8541815280914307,1.2237299680709839,0.20280756056308746,0.04894787818193436,0.12278475612401962,1.1747822761535645,0.1385265588760376,0.6334606409072876,0.0001,-0.2996519207954407,-0.3015238046646118,-0.20195449888706207,-0.20110927522182465,-0.20148271322250366,0.3007141351699829,-0.3007528483867645,-0.29926949739456177,-0.2002454549074173,-0.2003861665725708,-0.20100361108779907,0.01798621006309986,0.1206209734082222,0.01798621006309986,0.11955292522907257,0.0,1.5006519556045532,1.0032553672790527
131,131,26,1,26,14,train_balanced_1000026,1000026,balanced,downtime_dominant,0.0,1.0,0.0,group_anchor_1,168,168,0,0.0,168,0,0.0,0,0.0,1.8034424358487677,1.8659424358487677,-0.0625,1.8034424358487677,1.8659424358487673,4.440892098500626e-16,quality,-711.1000000000001,-366.33511453871,-6.825555555555556,0.9999999999999999,1.0,-0.2681151283024654,0.0,0.0,-0.0625,56,212.3,True,False,completed,1.0,1.0,711.1000000000001,711.1000000000001,366.33511453871,6.825555555555556,0.2905020627220891,0.2681151283024654,0.1673,0.14509106581666667,0.75,0,0.0,0,0,0,0.0,1,38,0,1,1907,190.70000000000002,0,0,0,0.0,0,0.0,0,0,25,0.0,0,{},0.0,7,1.0,49,7,85,14,13,72,58,14,1,71,0,58,1,13,1,1,0,71,6,7,0,12,0,71,0,0,58,1,13,48,8,1.5,0,10,2023,10.365182500005176,8.244249799994577,0.09178029999748105,0.14813070001400774,14.867801499996858,parallel_episode_batch,pending,-0.001998109568376094,0.011565976652491372,0.5407895054668188,-0.001623015745281009,6.151574456225717e-05,0.0,0.9998748246580362,0.2922147953067906,0.171875,0.8541815280914307,1.2237299680709839,0.20280756056308746,0.04894787818193436,0.12278475612401962,1.1747822761535645,0.1385265588760376,0.6334606409072876,0.0001,-0.2996519207954407,-0.3015238046646118,-0.20195449888706207,-0.20110927522182465,-0.20148271322250366,0.3007141351699829,-0.3007528483867645,-0.29926949739456177,-0.2002454549074173,-0.2003861665725708,-0.20100361108779907,0.01798621006309986,0.1206209734082222,0.01798621006309986,0.11955292522907257,0.0,1.5006519556045532,1.0032553672790527
132,132,26,2,26,14,train_balanced_1000026,1000026,balanced,downtime_dominant,0.0,0.0,1.0,group_anchor_2,195,195,0,0.0,195,0,0.0,0,0.0,1.883651939521626,1.946151939521626,-0.0625,1.883651939521626,1.946151939521626,0.0,quality,-1176.7000000000003,-638.8842915856201,-6.0347222222222205,0.9999999999999999,1.0,-0.10769612095674802,0.0,0.0,-0.0625,56,226.8,True,False,completed,1.0,1.0,1176.7000000000003,1176.7000000000003,638.8842915856201,6.0347222222222205,0.3860369859832915,0.10769612095674802,0.23520000000000002,0.18006408421666667,0.75,0,0.0,0,0,0,0.0,1,64,0,2,1957,195.70000000000002,0,0,0,0.0,0,0.0,0,0,26,0.0,0,{},0.0,12,0.9166666666666666,44,12,94,24,21,71,48,23,2,69,0,48,2,21,2,2,0,69,8,11,0,17,0,69,0,0,48,2,21,44,7,1.6136363636363635,0,10,2023,10.365182500005176,8.244249799994577,0.08540740000171354,0.2750073000352131,14.867801499996858,parallel_episode_batch,pending,-0.001998109568376094,0.011565976652491372,0.5407895054668188,-0.001623015745281009,6.151574456225717e-05,0.0,0.9998748246580362,0.2922147953067906,0.171875,0.8541815280914307,1.2237299680709839,0.20280756056308746,0.04894787818193436,0.12278475612401962,1.1747822761535645,0.1385265588760376,0.6334606409072876,0.0001,-0.2996519207954407,-0.3015238046646118,-0.20195449888706207,-0.20110927522182465,-0.20148271322250366,0.3007141351699829,-0.3007528483867645,-0.29926949739456177,-0.2002454549074173,-0.2003861665725708,-0.20100361108779907,0.01798621006309986,0.1206209734082222,0.01798621006309986,0.11955292522907257,0.0,1.5006519556045532,1.0032553672790527
133,133,26,3,26,14,train_balanced_1000026,1000026,balanced,downtime_dominant,0.3333333333333333,0.3333333333333333,0.3333333333333333,group_anchor_3,183,183,0,0.0,183,0,0.0,0,0.0,1.8131400208890158,1.8756400208890158,-0.0625,1.8131400208890158,1.8756400208890158,0.0,quality,-718.7000000000002,-522.5608215089999,-1.459999999999999,0.9999999999999999,1.0,-0.2487199582219684,0.0,0.0,-0.0625,56,217.3,True,False,completed,1.0,1.0,718.7000000000002,718.7000000000002,522.5608215089999,1.4599999999999989,0.2959261145671476,0.2487199582219684,0.2006,0.159,0.75,0,0.0,0,0,0,0.0,2,57,0,1,1898,189.8,0,0,0,0.0,0,0.0,0,0,24,0.0,0,{},0.0,10,1.0,46,10,90,20,17,89,72,17,0,89,0,72,0,17,0,0,0,89,10,10,3,17,0,88,0,0,72,0,17,59,5,1.5084745762711864,0,10,2023,10.365182500005176,8.244249799994577,0.11546689999522641,0.14126979999855394,14.867801499996858,parallel_episode_batch,pending,-0.001998109568376094,0.011565976652491372,0.5407895054668188,-0.001623015745281009,6.151574456225717e-05,0.0,0.9998748246580362,0.2922147953067906,0.171875,0.8541815280914307,1.2237299680709839,0.20280756056308746,0.04894787818193436,0.12278475612401962,1.1747822761535645,0.1385265588760376,0.6334606409072876,0.0001,-0.2996519207954407,-0.3015238046646118,-0.20195449888706207,-0.20110927522182465,-0.20148271322250366,0.3007141351699829,-0.3007528483867645,-0.29926949739456177,-0.2002454549074173,-0.2003861665725708,-0.20100361108779907,0.01798621006309986,0.1206209734082222,0.01798621006309986,0.11955292522907257,0.0,1.5006519556045532,1.0032553672790527
134,134,26,4,26,14,train_balanced_1000026,1000026,balanced,downtime_dominant,0.5,0.3,0.2,group_anchor_4,191,191,0,0.0,191,0,0.0,0,0.0,1.7788493408116608,1.8413493408116608,-0.0625,1.7788493408116608,1.841349340811661,-2.220446049250313e-16,quality,-756.8000000000001,-551.8040716150399,-4.718888888888889,0.9999999999999999,1.0,-0.31730131837667813,0.0,0.0,-0.0625,56,220.5,True,False,completed,1.0,1.0,756.8000000000001,756.8000000000001,551.8040716150399,4.7188888888888885,0.31730131837667813,0.31730131837667813,0.1985,0.16832641218333333,0.75,0,0.0,0,0,0,0.0,1,60,0,2,1945,194.5,0,0,0,0.0,0,0.0,0,0,25,0.0,0,{},0.0,11,1.0,45,11,93,22,20,88,67,21,1,87,0,67,1,20,1,1,0,87,11,10,1,19,0,87,0,0,67,1,20,58,5,1.5172413793103448,0,10,2023,10.365182500005176,8.244249799994577,0.09848549999878742,0.21265899997524684,14.867801499996858,parallel_episode_batch,pending,-0.001998109568376094,0.011565976652491372,0.5407895054668188,-0.001623015745281009,6.151574456225717e-05,0.0,0.9998748246580362,0.2922147953067906,0.171875,0.8541815280914307,1.2237299680709839,0.20280756056308746,0.04894787818193436,0.12278475612401962,1.1747822761535645,0.1385265588760376,0.6334606409072876,0.0001,-0.2996519207954407,-0.3015238046646118,-0.20195449888706207,-0.20110927522182465,-0.20148271322250366,0.3007141351699829,-0.3007528483867645,-0.29926949739456177,-0.2002454549074173,-0.2003861665725708,-0.20100361108779907,0.01798621006309986,0.1206209734082222,0.01798621006309986,0.11955292522907257,0.0,1.5006519556045532,1.0032553672790527
135,135,27,0,27,14,train_balanced_1000027,1000027,balanced,balanced_cost,1.0,0.0,0.0,group_anchor_0,209,209,0,0.0,209,0,0.0,0,0.0,1.7445624360286591,1.8070624360286591,-0.0625,1.7445624360286591,1.8070624360286591,0.0,quality,-754.0000000000002,-445.17456867787,-2.114722222222222,1.0,1.0,-0.38587512794268175,0.0,0.0,-0.0625,65,202.20000000000002,True,False,completed,1.0,1.0,754.0000000000002,754.0000000000002,445.17456867787,2.1147222222222215,0.2934658279067712,0.38587512794268175,0.2189868815,0.17237055218333333,0.75,0,0.0,0,0,0,0.0,2,61,0,1,1751,175.10000000000002,0,0,0,0.0,0,0.0,0,0,37,0.0,0,{},0.0,11,1.0,54,11,100,22,22,118,96,22,0,118,0,96,0,22,0,0,0,118,11,11,0,22,0,118,0,0,96,0,22,83,3,1.4216867469879517,0,10,2023,10.365182500005176,8.244249799994577,0.13695600000210106,0.198796700060484,14.867801499996858,parallel_episode_batch,pending,-0.001998109568376094,0.011565976652491372,0.5407895054668188,-0.001623015745281009,6.151574456225717e-05,0.0,0.9998748246580362,0.2922147953067906,0.171875,0.8541815280914307,1.2237299680709839,0.20280756056308746,0.04894787818193436,0.12278475612401962,1.1747822761535645,0.1385265588760376,0.6334606409072876,0.0001,-0.2996519207954407,-0.3015238046646118,-0.20195449888706207,-0.20110927522182465,-0.20148271322250366,0.3007141351699829,-0.3007528483867645,-0.29926949739456177,-0.2002454549074173,-0.2003861665725708,-0.20100361108779907,0.01798621006309986,0.1206209734082222,0.01798621006309986,0.11955292522907257,0.0,1.5006519556045532,1.0032553672790527
136,136,27,1,27,14,train_balanced_1000027,1000027,balanced,balanced_cost,0.0,1.0,0.0,group_anchor_1,226,226,0,0.0,226,0,0.0,0,0.0,0.14187807088067816,0.20437807088067816,-0.0625,0.14187807088067816,0.20437807088067797,1.942890293094024e-16,quality,-1126.9,-518.0124124933999,-15.291388888888891,0.9375,0.0,-0.34124385823864406,-1.0,-0.0625,-0.0625,64,240.0,False,True,horizon,0.9375,0.9846153846153847,,1126.9,518.0124124933999,15.291388888888891,0.39135980660909053,0.34124385823864406,0.23500000000000004,0.1635960075333334,0.75,0,0.0,0,0,4,0.020100502512562814,1,70,0,4,1949,194.9,0,0,0,0.0,0,0.0,0,0,40,0.0,0,{},0.0,13,1.0,52,13,109,26,26,101,74,27,1,100,0,74,1,26,1,1,0,100,13,12,0,24,0,100,0,0,74,1,26,66,5,1.5303030303030303,0,10,2023,10.365182500005176,8.244249799994577,0.13419579999754205,0.35944500005280133,14.867801499996858,parallel_episode_batch,pending,-0.001998109568376094,0.011565976652491372,0.5407895054668188,-0.001623015745281009,6.151574456225717e-05,0.0,0.9998748246580362,0.2922147953067906,0.171875,0.8541815280914307,1.2237299680709839,0.20280756056308746,0.04894787818193436,0.12278475612401962,1.1747822761535645,0.1385265588760376,0.6334606409072876,0.0001,-0.2996519207954407,-0.3015238046646118,-0.20195449888706207,-0.20110927522182465,-0.20148271322250366,0.3007141351699829,-0.3007528483867645,-0.29926949739456177,-0.2002454549074173,-0.2003861665725708,-0.20100361108779907,0.01798621006309986,0.1206209734082222,0.01798621006309986,0.11955292522907257,0.0,1.5006519556045532,1.0032553672790527
137,137,27,2,27,14,train_balanced_1000027,1000027,balanced,balanced_cost,0.0,0.0,1.0,group_anchor_2,215,215,0,0.0,215,0,0.0,0,0.0,1.9137912785774762,1.9762912785774762,-0.0625,1.9137912785774762,1.9762912785774767,-4.440892098500626e-16,quality,-936.2,-498.6600760205899,-2.4888888888888885,1.0,1.0,-0.04741744284504657,0.0,0.0,-0.0625,65,217.60000000000002,True,False,completed,1.0,1.0,936.2,936.2,498.6600760205899,2.488888888888889,0.32843209483093533,0.04741744284504657,0.20897604520000002,0.1485279649,0.75,0,0.0,0,0,0,0.0,2,70,0,3,1772,177.20000000000002,0,0,0,0.0,0,0.0,0,0,35,0.0,0,{},0.0,12,1.0,53,12,102,24,24,88,64,24,0,88,0,64,0,24,0,0,0,88,10,11,0,21,0,88,0,0,64,0,24,61,4,1.4426229508196722,0,10,2023,10.365182500005176,8.244249799994577,0.11397109999961685,0.3502410999572021,14.867801499996858,parallel_episode_batch,pending,-0.001998109568376094,0.011565976652491372,0.5407895054668188,-0.001623015745281009,6.151574456225717e-05,0.0,0.9998748246580362,0.2922147953067906,0.171875,0.8541815280914307,1.2237299680709839,0.20280756056308746,0.04894787818193436,0.12278475612401962,1.1747822761535645,0.1385265588760376,0.6334606409072876,0.0001,-0.2996519207954407,-0.3015238046646118,-0.20195449888706207,-0.20110927522182465,-0.20148271322250366,0.3007141351699829,-0.3007528483867645,-0.29926949739456177,-0.2002454549074173,-0.2003861665725708,-0.20100361108779907,0.01798621006309986,0.1206209734082222,0.01798621006309986,0.11955292522907257,0.0,1.5006519556045532,1.0032553672790527
138,138,27,3,27,14,train_balanced_1000027,1000027,balanced,balanced_cost,0.3333333333333333,0.3333333333333333,0.3333333333333333,group_anchor_3,224,224,0,0.0,224,0,0.0,0,0.0,1.7781176022668372,1.8406176022668372,-0.0625,1.7781176022668372,1.840617602266838,-6.661338147750939e-16,quality,-832.1000000000001,-548.1318197230698,-11.939166666666667,1.0,1.0,-0.318764795466324,0.0,0.0,-0.0625,65,221.4,True,False,completed,1.0,1.0,832.1000000000001,832.1000000000001,548.1318197230698,11.939166666666667,0.3495082585748828,0.318764795466324,0.2382760452,0.17695053325000007,0.75,0,0.0,0,0,0,0.0,2,71,0,2,1870,187.0,0,0,0,0.0,0,0.0,0,0,37,0.0,0,{},0.0,13,1.0,52,13,108,26,25,107,82,25,0,107,0,82,0,25,0,0,0,107,12,12,0,24,0,107,0,0,82,0,25,77,4,1.3896103896103895,0,10,2023,10.365182500005176,8.244249799994577,0.1328637000042363,0.2576986000131001,14.867801499996858,parallel_episode_batch,pending,-0.001998109568376094,0.011565976652491372,0.5407895054668188,-0.001623015745281009,6.151574456225717e-05,0.0,0.9998748246580362,0.2922147953067906,0.171875,0.8541815280914307,1.2237299680709839,0.20280756056308746,0.04894787818193436,0.12278475612401962,1.1747822761535645,0.1385265588760376,0.6334606409072876,0.0001,-0.2996519207954407,-0.3015238046646118,-0.20195449888706207,-0.20110927522182465,-0.20148271322250366,0.3007141351699829,-0.3007528483867645,-0.29926949739456177,-0.2002454549074173,-0.2003861665725708,-0.20100361108779907,0.01798621006309986,0.1206209734082222,0.01798621006309986,0.11955292522907257,0.0,1.5006519556045532,1.0032553672790527
139,139,27,4,27,14,train_balanced_1000027,1000027,balanced,balanced_cost,0.5,0.3,0.2,group_anchor_4,216,216,0,0.0,216,0,0.0,0,0.0,1.7683567545044583,1.8308567545044583,-0.0625,1.7683567545044583,1.8308567545044587,-4.440892098500626e-16,quality,-810.8,-479.43304012423977,-12.288055555555559,1.0,1.0,-0.33828649099108254,0.0,0.0,-0.0625,65,226.4,True,False,completed,1.0,1.0,810.8,810.8,479.43304012423977,12.288055555555559,0.33828649099108254,0.33828649099108254,0.2082,0.16566501349999999,0.75,0,0.0,0,0,0,0.0,2,68,0,1,1930,193.0,0,0,0,0.0,0,0.0,0,0,37,0.0,0,{},0.0,12,1.0,53,12,104,24,23,110,87,23,0,110,0,87,0,23,0,0,0,110,11,12,0,23,0,110,0,0,87,0,23,76,4,1.4473684210526316,0,10,2023,10.365182500005176,8.244249799994577,0.12204619999829447,0.20999349997146055,14.867801499996858,parallel_episode_batch,pending,-0.001998109568376094,0.011565976652491372,0.5407895054668188,-0.001623015745281009,6.151574456225717e-05,0.0,0.9998748246580362,0.2922147953067906,0.171875,0.8541815280914307,1.2237299680709839,0.20280756056308746,0.04894787818193436,0.12278475612401962,1.1747822761535645,0.1385265588760376,0.6334606409072876,0.0001,-0.2996519207954407,-0.3015238046646118,-0.20195449888706207,-0.20110927522182465,-0.20148271322250366,0.3007141351699829,-0.3007528483867645,-0.29926949739456177,-0.2002454549074173,-0.2003861665725708,-0.20100361108779907,0.01798621006309986,0.1206209734082222,0.01798621006309986,0.11955292522907257,0.0,1.5006519556045532,1.0032553672790527
140,140,28,0,28,15,train_easy_1000028,1000028,easy,fixed_cost_dominant,1.0,0.0,0.0,group_anchor_0,148,148,0,0.0,148,0,0.0,0,0.0,1.7977305475504326,1.8602305475504326,-0.0625,1.7977305475504326,1.8602305475504324,2.220446049250313e-16,quality,-465.5999999999999,-237.03711903487005,-7.311388888888888,0.9999999999999998,1.0,-0.2795389048991354,0.0,0.0,-0.0625,47,170.60000000000002,True,False,completed,1.0,1.0,465.5999999999999,465.5999999999999,237.03711903487005,7.311388888888888,0.22276910919289783,0.2795389048991354,0.12950000000000003,0.10201044816666667,0.75,0,0.0,0,0,0,0.0,2,41,0,0,1455,145.5,0,0,0,0.0,0,0.0,0,0,11,0.0,0,{},0.0,7,1.0,40,7,73,14,14,82,68,14,0,82,0,68,0,14,0,0,0,82,7,7,0,14,0,82,0,0,68,0,14,59,4,1.3898305084745763,0,10,1614,8.304003099998226,6.384011800073495,0.08593609999661567,0.10118380000494653,10.60653729999467,parallel_episode_batch,pending,-0.0030296944941465673,0.001762098924910578,0.520147296671684,-0.007350117792017185,2.2017909261971513e-06,0.0,1.0000273367533317,0.22077383315907076,0.038461538461538464,0.5636640787124634,1.388000249862671,0.2245672196149826,0.04192091524600983,0.0585765577852726,1.3460794687271118,0.20063093304634094,0.9319614768028259,0.0001,-0.2996254861354828,-0.30159398913383484,-0.20184028148651123,-0.2011551558971405,-0.20139096677303314,0.3007870316505432,-0.30066928267478943,-0.299328476190567,-0.20060575008392334,-0.20035649836063385,-0.20072650909423828,0.01798621006309986,0.12066169828176498,0.01798621006309986,0.119611456990242,0.0,1.5004626512527466,1.0029181241989136
141,141,28,1,28,15,train_easy_1000028,1000028,easy,fixed_cost_dominant,0.0,1.0,0.0,group_anchor_1,147,147,0,0.0,147,0,0.0,0,0.0,1.8387049008914373,1.9012049008914373,-0.0625,1.8387049008914373,1.9012049008914373,0.0,quality,-573.8,-246.2459927310201,-4.062222222222224,0.9999999999999998,1.0,-0.1975901982171251,0.0,0.0,-0.0625,47,188.3,True,False,completed,1.0,1.0,573.8,573.8,246.2459927310201,4.062222222222224,0.23604816109572982,0.1975901982171251,0.18230000000000002,0.11696258256666668,0.75,0,0.0,0,0,0,0.0,3,42,0,0,1659,165.9,0,0,0,0.0,0,0.0,0,0,13,0.0,0,{},0.0,7,1.0,40,7,73,14,13,59,46,13,0,59,0,46,0,13,0,0,0,59,7,6,1,12,0,59,0,0,46,0,13,45,3,1.3111111111111111,0,10,1614,8.304003099998226,6.384011800073495,0.08765409999614349,0.20936819996131817,10.60653729999467,parallel_episode_batch,pending,-0.0030296944941465673,0.001762098924910578,0.520147296671684,-0.007350117792017185,2.2017909261971513e-06,0.0,1.0000273367533317,0.22077383315907076,0.038461538461538464,0.5636640787124634,1.388000249862671,0.2245672196149826,0.04192091524600983,0.0585765577852726,1.3460794687271118,0.20063093304634094,0.9319614768028259,0.0001,-0.2996254861354828,-0.30159398913383484,-0.20184028148651123,-0.2011551558971405,-0.20139096677303314,0.3007870316505432,-0.30066928267478943,-0.299328476190567,-0.20060575008392334,-0.20035649836063385,-0.20072650909423828,0.01798621006309986,0.12066169828176498,0.01798621006309986,0.119611456990242,0.0,1.5004626512527466,1.0029181241989136
142,142,28,2,28,15,train_easy_1000028,1000028,easy,fixed_cost_dominant,0.0,0.0,1.0,group_anchor_2,181,181,0,0.0,181,0,0.0,0,0.0,1.9273305730473451,1.9898305730473451,-0.0625,1.9273305730473451,1.989830573047345,2.220446049250313e-16,quality,-549.0000000000001,-428.38471762215977,-1.0380555555555546,0.9999999999999998,1.0,-0.0203388539053103,0.0,0.0,-0.0625,47,170.4,True,False,completed,1.0,1.0,549.0000000000001,549.0000000000001,428.38471762215977,1.038055555555555,0.2509871474420035,0.0203388539053103,0.20920000000000002,0.15011666666666668,0.75,0,0.0,0,0,0,0.0,2,70,0,2,1369,136.9,0,0,0,0.0,0,0.0,0,0,18,0.0,0,{},0.0,12,1.0,35,12,86,24,24,92,68,24,0,92,0,68,0,24,0,0,0,92,12,11,0,23,0,92,0,0,68,0,24,63,4,1.4603174603174602,0,10,1614,8.304003099998226,6.384011800073495,0.10053830000106245,0.1247567000464187,10.60653729999467,parallel_episode_batch,pending,-0.0030296944941465673,0.001762098924910578,0.520147296671684,-0.007350117792017185,2.2017909261971513e-06,0.0,1.0000273367533317,0.22077383315907076,0.038461538461538464,0.5636640787124634,1.388000249862671,0.2245672196149826,0.04192091524600983,0.0585765577852726,1.3460794687271118,0.20063093304634094,0.9319614768028259,0.0001,-0.2996254861354828,-0.30159398913383484,-0.20184028148651123,-0.2011551558971405,-0.20139096677303314,0.3007870316505432,-0.30066928267478943,-0.299328476190567,-0.20060575008392334,-0.20035649836063385,-0.20072650909423828,0.01798621006309986,0.12066169828176498,0.01798621006309986,0.119611456990242,0.0,1.5004626512527466,1.0029181241989136
143,143,28,3,28,15,train_easy_1000028,1000028,easy,fixed_cost_dominant,0.3333333333333333,0.3333333333333333,0.3333333333333333,group_anchor_3,148,148,0,0.0,148,0,0.0,0,0.0,1.8397441801596877,1.9022441801596877,-0.0625,1.8397441801596877,1.9022441801596877,0.0,quality,-552.1999999999999,-248.80995595072005,-3.888055555555557,0.9999999999999998,1.0,-0.19551163968062457,0.0,0.0,-0.0625,47,179.60000000000002,True,False,completed,1.0,1.0,552.1999999999999,552.1999999999999,248.80995595072005,3.888055555555557,0.23177475023671104,0.19551163968062457,0.159,0.11648382245000001,0.75,0,0.0,0,0,0,0.0,2,40,0,1,1587,158.70000000000002,0,0,0,0.0,0,0.0,0,0,12,0.0,0,{},0.0,7,1.0,40,7,74,14,13,67,54,13,0,67,0,54,0,13,0,0,0,67,6,6,0,12,0,67,0,0,54,0,13,47,4,1.425531914893617,0,10,1614,8.304003099998226,6.384011800073495,0.10144420000142418,0.19174339999153744,10.60653729999467,parallel_episode_batch,pending,-0.0030296944941465673,0.001762098924910578,0.520147296671684,-0.007350117792017185,2.2017909261971513e-06,0.0,1.0000273367533317,0.22077383315907076,0.038461538461538464,0.5636640787124634,1.388000249862671,0.2245672196149826,0.04192091524600983,0.0585765577852726,1.3460794687271118,0.20063093304634094,0.9319614768028259,0.0001,-0.2996254861354828,-0.30159398913383484,-0.20184028148651123,-0.2011551558971405,-0.20139096677303314,0.3007870316505432,-0.30066928267478943,-0.299328476190567,-0.20060575008392334,-0.20035649836063385,-0.20072650909423828,0.01798621006309986,0.12066169828176498,0.01798621006309986,0.119611456990242,0.0,1.5004626512527466,1.0029181241989136
144,144,28,4,28,15,train_easy_1000028,1000028,easy,fixed_cost_dominant,0.5,0.3,0.2,group_anchor_4,147,147,0,0.0,147,0,0.0,0,0.0,1.8226982026142904,1.8851982026142904,-0.0625,1.8226982026142904,1.8851982026142904,0.0,quality,-517.2999999999998,-237.72615699843004,-5.981388888888888,0.9999999999999998,1.0,-0.2296035947714193,0.0,0.0,-0.0625,47,184.5,True,False,completed,1.0,1.0,517.2999999999998,517.2999999999998,237.72615699843004,5.981388888888888,0.2296035947714193,0.2296035947714193,0.18950000000000003,0.11877711483333335,0.75,0,0.0,0,0,0,0.0,2,38,0,0,1635,163.5,0,0,0,0.0,0,0.0,0,0,11,0.0,0,{},0.0,7,0.8571428571428571,40,7,73,14,13,73,60,13,0,73,0,60,0,13,0,0,0,73,6,7,0,13,0,73,0,0,60,0,13,50,4,1.46,0,10,1614,8.304003099998226,6.384011800073495,0.10405449999962002,0.2347031000390416,10.60653729999467,parallel_episode_batch,pending,-0.0030296944941465673,0.001762098924910578,0.520147296671684,-0.007350117792017185,2.2017909261971513e-06,0.0,1.0000273367533317,0.22077383315907076,0.038461538461538464,0.5636640787124634,1.388000249862671,0.2245672196149826,0.04192091524600983,0.0585765577852726,1.3460794687271118,0.20063093304634094,0.9319614768028259,0.0001,-0.2996254861354828,-0.30159398913383484,-0.20184028148651123,-0.2011551558971405,-0.20139096677303314,0.3007870316505432,-0.30066928267478943,-0.299328476190567,-0.20060575008392334,-0.20035649836063385,-0.20072650909423828,0.01798621006309986,0.12066169828176498,0.01798621006309986,0.119611456990242,0.0,1.5004626512527466,1.0029181241989136
145,145,29,0,29,15,train_easy_1000029,1000029,easy,labor_dominant,1.0,0.0,0.0,group_anchor_0,165,165,0,0.0,165,0,0.0,0,0.0,1.786580754014429,1.849080754014429,-0.0625,1.786580754014429,1.8490807540144287,2.220446049250313e-16,quality,-518.7999999999998,-294.46746618048,-3.323333333333333,0.9999999999999997,1.0,-0.3018384919711426,0.0,0.0,-0.0625,52,181.20000000000002,True,False,completed,1.0,1.0,518.7999999999998,518.7999999999998,294.46746618048,3.323333333333333,0.23162854826981183,0.3018384919711426,0.1836,0.13620000000000002,0.75,0,0.0,0,0,0,0.0,2,46,0,0,1562,156.20000000000002,0,0,0,0.0,0,0.0,0,0,21,0.0,0,{},0.0,8,1.0,44,8,81,16,16,91,75,16,0,91,0,75,0,16,0,0,0,91,8,7,0,15,0,91,0,0,75,0,16,65,4,1.4,0,10,1614,8.304003099998226,6.384011800073495,0.10448460000043269,0.1597623000270687,10.60653729999467,parallel_episode_batch,pending,-0.0030296944941465673,0.001762098924910578,0.520147296671684,-0.007350117792017185,2.2017909261971513e-06,0.0,1.0000273367533317,0.22077383315907076,0.038461538461538464,0.5636640787124634,1.388000249862671,0.2245672196149826,0.04192091524600983,0.0585765577852726,1.3460794687271118,0.20063093304634094,0.9319614768028259,0.0001,-0.2996254861354828,-0.30159398913383484,-0.20184028148651123,-0.2011551558971405,-0.20139096677303314,0.3007870316505432,-0.30066928267478943,-0.299328476190567,-0.20060575008392334,-0.20035649836063385,-0.20072650909423828,0.01798621006309986,0.12066169828176498,0.01798621006309986,0.119611456990242,0.0,1.5004626512527466,1.0029181241989136
146,146,29,1,29,15,train_easy_1000029,1000029,easy,labor_dominant,0.0,1.0,0.0,group_anchor_1,177,177,0,0.0,177,0,0.0,0,0.0,1.8060843644668452,1.8685843644668452,-0.0625,1.8060843644668452,1.8685843644668456,-4.440892098500626e-16,quality,-606.6000000000001,-356.54153621856995,-2.775555555555554,0.9999999999999997,1.0,-0.2628312710663088,0.0,0.0,-0.0625,52,178.8,True,False,completed,1.0,1.0,606.6000000000001,606.6000000000001,356.54153621856995,2.775555555555554,0.25725214271358327,0.2628312710663088,0.3166,0.16305000000000003,0.75,0,0.0,0,0,2,0.01652892561983471,1,53,0,1,1491,149.1,0,0,0,0.0,0,0.0,0,0,23,0.0,0,{},0.0,10,0.9,42,10,86,20,19,84,63,21,2,82,0,63,2,19,2,2,0,82,8,11,0,17,0,82,0,0,63,2,19,50,14,1.68,0,10,1614,8.304003099998226,6.384011800073495,0.08842189999995753,0.19455820000439417,10.60653729999467,parallel_episode_batch,pending,-0.0030296944941465673,0.001762098924910578,0.520147296671684,-0.007350117792017185,2.2017909261971513e-06,0.0,1.0000273367533317,0.22077383315907076,0.038461538461538464,0.5636640787124634,1.388000249862671,0.2245672196149826,0.04192091524600983,0.0585765577852726,1.3460794687271118,0.20063093304634094,0.9319614768028259,0.0001,-0.2996254861354828,-0.30159398913383484,-0.20184028148651123,-0.2011551558971405,-0.20139096677303314,0.3007870316505432,-0.30066928267478943,-0.299328476190567,-0.20060575008392334,-0.20035649836063385,-0.20072650909423828,0.01798621006309986,0.12066169828176498,0.01798621006309986,0.119611456990242,0.0,1.5004626512527466,1.0029181241989136
147,147,29,2,29,15,train_easy_1000029,1000029,easy,labor_dominant,0.0,0.0,1.0,group_anchor_2,184,184,0,0.0,184,0,0.0,0,0.0,1.8840681239673107,1.9465681239673107,-0.0625,1.8840681239673107,1.9465681239673112,-4.440892098500626e-16,quality,-644.1000000000001,-408.74193868204014,-5.982500000000002,0.9999999999999997,1.0,-0.1068637520653776,0.0,0.0,-0.0625,52,200.10000000000002,True,False,completed,1.0,1.0,644.1000000000001,644.1000000000001,408.74193868204014,5.982500000000002,0.2830548195084377,0.1068637520653776,0.276,0.14893333333333333,0.75,0,0.0,0,0,0,0.0,2,62,0,1,1622,162.20000000000002,0,0,0,0.0,0,0.0,0,0,22,0.0,0,{},0.0,11,0.9090909090909091,41,11,89,22,21,84,63,21,0,84,0,63,0,21,0,0,0,84,11,10,1,20,0,82,0,0,63,0,21,57,5,1.4736842105263157,0,10,1614,8.304003099998226,6.384011800073495,0.07987640000646934,0.2830363000248326,10.60653729999467,parallel_episode_batch,pending,-0.0030296944941465673,0.001762098924910578,0.520147296671684,-0.007350117792017185,2.2017909261971513e-06,0.0,1.0000273367533317,0.22077383315907076,0.038461538461538464,0.5636640787124634,1.388000249862671,0.2245672196149826,0.04192091524600983,0.0585765577852726,1.3460794687271118,0.20063093304634094,0.9319614768028259,0.0001,-0.2996254861354828,-0.30159398913383484,-0.20184028148651123,-0.2011551558971405,-0.20139096677303314,0.3007870316505432,-0.30066928267478943,-0.299328476190567,-0.20060575008392334,-0.20035649836063385,-0.20072650909423828,0.01798621006309986,0.12066169828176498,0.01798621006309986,0.119611456990242,0.0,1.5004626512527466,1.0029181241989136
148,148,29,3,29,15,train_easy_1000029,1000029,easy,labor_dominant,0.3333333333333333,0.3333333333333333,0.3333333333333333,group_anchor_3,153,153,0,0.0,153,0,0.0,0,0.0,1.8343614263735355,1.8968614263735355,-0.0625,1.8343614263735355,1.8968614263735357,-2.220446049250313e-16,quality,-545.5,-220.26085791785005,-7.195833333333332,0.9999999999999997,1.0,-0.20627714725292867,0.0,0.0,-0.0625,52,184.0,True,False,completed,1.0,1.0,545.5,545.5,220.26085791785005,7.195833333333332,0.23557196850704043,0.20627714725292867,0.22650000000000003,0.13041666666666668,0.75,0,0.0,0,0,0,0.0,2,33,0,0,1684,168.4,0,0,0,0.0,0,0.0,0,0,22,0.0,0,{},0.0,6,0.8333333333333334,46,6,77,12,12,74,62,12,0,74,0,62,0,12,0,0,0,74,6,5,0,11,0,74,0,0,62,0,12,55,4,1.3454545454545455,0,10,1614,8.304003099998226,6.384011800073495,0.10172570000577252,0.20521250000456348,10.60653729999467,parallel_episode_batch,pending,-0.0030296944941465673,0.001762098924910578,0.520147296671684,-0.007350117792017185,2.2017909261971513e-06,0.0,1.0000273367533317,0.22077383315907076,0.038461538461538464,0.5636640787124634,1.388000249862671,0.2245672196149826,0.04192091524600983,0.0585765577852726,1.3460794687271118,0.20063093304634094,0.9319614768028259,0.0001,-0.2996254861354828,-0.30159398913383484,-0.20184028148651123,-0.2011551558971405,-0.20139096677303314,0.3007870316505432,-0.30066928267478943,-0.299328476190567,-0.20060575008392334,-0.20035649836063385,-0.20072650909423828,0.01798621006309986,0.12066169828176498,0.01798621006309986,0.119611456990242,0.0,1.5004626512527466,1.0029181241989136
149,149,29,4,29,15,train_easy_1000029,1000029,easy,labor_dominant,0.5,0.3,0.2,group_anchor_4,164,164,0,0.0,164,0,0.0,0,0.0,1.8070707859694215,1.8695707859694215,-0.0625,1.8070707859694215,1.8695707859694215,0.0,quality,-556.1,-325.8723884137901,-8.40805555555556,0.9999999999999998,1.0,-0.2608584280611569,0.0,0.0,-0.0625,52,179.60000000000002,True,False,completed,1.0,1.0,556.1,556.1,325.8723884137901,8.40805555555556,0.2608584280611569,0.2608584280611569,0.2835,0.17278333333333332,0.75,0,0.0,0,0,0,0.0,2,53,0,0,1478,147.8,0,0,0,0.0,0,0.0,0,0,24,0.0,0,{},0.0,9,0.8888888888888888,43,9,79,18,15,77,62,15,0,77,0,62,0,15,0,0,0,77,8,8,2,14,0,77,0,0,62,0,15,55,4,1.4,0,10,1614,8.304003099998226,6.384011800073495,0.10560719999921275,0.17311729997891234,10.60653729999467,parallel_episode_batch,pending,-0.0030296944941465673,0.001762098924910578,0.520147296671684,-0.007350117792017185,2.2017909261971513e-06,0.0,1.0000273367533317,0.22077383315907076,0.038461538461538464,0.5636640787124634,1.388000249862671,0.2245672196149826,0.04192091524600983,0.0585765577852726,1.3460794687271118,0.20063093304634094,0.9319614768028259,0.0001,-0.2996254861354828,-0.30159398913383484,-0.20184028148651123,-0.2011551558971405,-0.20139096677303314,0.3007870316505432,-0.30066928267478943,-0.299328476190567,-0.20060575008392334,-0.20035649836063385,-0.20072650909423828,0.01798621006309986,0.12066169828176498,0.01798621006309986,0.119611456990242,0.0,1.5004626512527466,1.0029181241989136
150,150,30,0,30,16,train_balanced_1000030,1000030,balanced,labor_dominant,1.0,0.0,0.0,group_anchor_0,271,271,0,0.0,271,0,0.0,0,0.0,1.7205589234325616,1.7830589234325616,-0.06250000000000003,1.7205589234325616,1.7830589234325611,4.440892098500626e-16,quality,-919.7000000000003,-752.93136721867,-32.908055555555556,1.0000000000000002,1.0,-0.43388215313487766,0.0,0.0,-0.06250000000000003,71,211.4,True,False,completed,1.0,1.0,919.7000000000003,919.7000000000003,752.93136721867,32.908055555555556,0.4251836379677685,0.43388215313487766,0.3834000000000001,0.2944666666666667,0.75,0,0.0,0,0,0,0.0,1,96,0,0,1635,163.5,0,0,0,0.0,0,0.0,0,0,36,0.0,0,{},0.0,19,0.8947368421052632,52,19,124,38,38,160,118,42,4,156,0,118,4,38,4,4,0,156,23,19,0,38,0,156,0,0,118,4,38,102,5,1.5686274509803921,0,10,2749,14.596691300001112,11.702636099958909,0.13779980000254,0.16873670000495622,22.78598950000014,parallel_episode_batch,pending,-0.0002884669635488197,0.0009525686520731163,0.549752413186916,-0.005309706724378778,1.2860059349366058e-05,0.0,1.0000961409058682,0.09626130883170422,0.0,0.48427826166152954,1.2653543949127197,0.1516592651605606,0.03986186534166336,0.0392686203122139,1.2254924774169922,0.16293570399284363,0.9329569935798645,0.0001,-0.2996916174888611,-0.3014187514781952,-0.20177972316741943,-0.20102986693382263,-0.20117658376693726,0.300650954246521,-0.3002837300300598,-0.29958590865135193,-0.20025432109832764,-0.20006915926933289,-0.2008553445339203,0.01798621006309986,0.12085022032260895,0.01798621006309986,0.11950600147247314,0.0,1.500925898551941,1.002918004989624
151,151,30,1,30,16,train_balanced_1000030,1000030,balanced,labor_dominant,0.0,1.0,0.0,group_anchor_1,275,275,0,0.0,275,0,0.0,0,0.0,1.7149806097123224,1.7774806097123224,-0.0625,1.7149806097123224,1.7774806097123221,2.220446049250313e-16,quality,-1127.5000000000002,-801.9277113394503,-13.84222222222222,1.0000000000000002,1.0,-0.44503878057535556,0.0,0.0,-0.0625,71,226.60000000000002,True,False,completed,1.0,1.0,1127.5000000000002,1127.5000000000002,801.9277113394503,13.84222222222222,0.4190881570923135,0.44503878057535556,0.4142000000000001,0.2753666666666667,0.75,0,0.0,0,0,0,0.0,1,106,0,3,1839,183.9,0,0,0,0.0,0,0.0,0,0,37,0.0,0,{},0.0,20,0.85,51,20,129,40,35,116,80,36,1,115,0,80,1,35,1,1,0,115,14,18,1,30,0,115,0,0,80,1,35,74,7,1.5675675675675675,0,10,2749,14.596691300001112,11.702636099958909,0.14069220000237692,0.27696220003417693,22.78598950000014,parallel_episode_batch,pending,-0.0002884669635488197,0.0009525686520731163,0.549752413186916,-0.005309706724378778,1.2860059349366058e-05,0.0,1.0000961409058682,0.09626130883170422,0.0,0.48427826166152954,1.2653543949127197,0.1516592651605606,0.03986186534166336,0.0392686203122139,1.2254924774169922,0.16293570399284363,0.9329569935798645,0.0001,-0.2996916174888611,-0.3014187514781952,-0.20177972316741943,-0.20102986693382263,-0.20117658376693726,0.300650954246521,-0.3002837300300598,-0.29958590865135193,-0.20025432109832764,-0.20006915926933289,-0.2008553445339203,0.01798621006309986,0.12085022032260895,0.01798621006309986,0.11950600147247314,0.0,1.500925898551941,1.002918004989624
152,152,30,2,30,16,train_balanced_1000030,1000030,balanced,labor_dominant,0.0,0.0,1.0,group_anchor_2,277,277,0,0.0,277,0,0.0,0,0.0,1.8497521334047904,1.9122521334047904,-0.06250000000000003,1.8497521334047904,1.9122521334047904,0.0,quality,-1054.6999999999998,-790.8122805252701,-10.642500000000004,1.0000000000000002,1.0,-0.17549573319041933,0.0,0.0,-0.06250000000000003,71,209.5,True,False,completed,1.0,1.0,1054.6999999999998,1054.6999999999998,790.8122805252701,10.642500000000005,0.40146660984095783,0.17549573319041933,0.44960000000000006,0.2601,0.75,0,0.0,0,0,0,0.0,1,102,0,3,1594,159.4,0,0,0,0.0,0,0.0,0,0,36,0.0,0,{},0.0,20,0.95,51,20,129,40,37,125,84,41,4,121,0,84,4,37,4,4,0,121,21,18,1,34,0,121,0,0,84,4,37,80,8,1.5625,0,10,2749,14.596691300001112,11.702636099958909,0.16074519999529002,0.20820629991067108,22.78598950000014,parallel_episode_batch,pending,-0.0002884669635488197,0.0009525686520731163,0.549752413186916,-0.005309706724378778,1.2860059349366058e-05,0.0,1.0000961409058682,0.09626130883170422,0.0,0.48427826166152954,1.2653543949127197,0.1516592651605606,0.03986186534166336,0.0392686203122139,1.2254924774169922,0.16293570399284363,0.9329569935798645,0.0001,-0.2996916174888611,-0.3014187514781952,-0.20177972316741943,-0.20102986693382263,-0.20117658376693726,0.300650954246521,-0.3002837300300598,-0.29958590865135193,-0.20025432109832764,-0.20006915926933289,-0.2008553445339203,0.01798621006309986,0.12085022032260895,0.01798621006309986,0.11950600147247314,0.0,1.500925898551941,1.002918004989624
153,153,30,3,30,16,train_balanced_1000030,1000030,balanced,labor_dominant,0.3333333333333333,0.3333333333333333,0.3333333333333333,group_anchor_3,268,268,0,0.0,268,0,0.0,0,0.0,1.7581384223795091,1.8206384223795091,-0.0625,1.7581384223795091,1.8206384223795091,0.0,quality,-1061.8,-752.3587091642402,-10.78138888888889,1.0000000000000002,1.0,-0.3587231552409816,0.0,0.0,-0.0625,71,209.8,True,False,completed,1.0,1.0,1061.8,1061.8,752.3587091642402,10.781388888888886,0.39900268480547696,0.3587231552409816,0.31799999999999995,0.24365,0.75,0,0.0,0,0,0,0.0,1,106,0,1,1564,156.4,0,0,0,0.0,0,0.0,0,0,35,0.0,0,{},0.0,19,0.9473684210526315,52,19,124,38,35,130,94,36,1,129,0,94,1,35,1,1,0,129,17,17,1,32,0,129,0,0,94,1,35,87,4,1.4942528735632183,0,10,2749,14.596691300001112,11.702636099958909,0.12466459999996005,0.26095089997397736,22.78598950000014,parallel_episode_batch,pending,-0.0002884669635488197,0.0009525686520731163,0.549752413186916,-0.005309706724378778,1.2860059349366058e-05,0.0,1.0000961409058682,0.09626130883170422,0.0,0.48427826166152954,1.2653543949127197,0.1516592651605606,0.03986186534166336,0.0392686203122139,1.2254924774169922,0.16293570399284363,0.9329569935798645,0.0001,-0.2996916174888611,-0.3014187514781952,-0.20177972316741943,-0.20102986693382263,-0.20117658376693726,0.300650954246521,-0.3002837300300598,-0.29958590865135193,-0.20025432109832764,-0.20006915926933289,-0.2008553445339203,0.01798621006309986,0.12085022032260895,0.01798621006309986,0.11950600147247314,0.0,1.500925898551941,1.002918004989624
154,154,30,4,30,16,train_balanced_1000030,1000030,balanced,labor_dominant,0.5,0.3,0.2,group_anchor_4,271,271,0,0.0,271,0,0.0,0,0.0,1.740328172057377,1.802828172057377,-0.0625,1.740328172057377,1.802828172057377,0.0,quality,-999.8999999999997,-805.0726814076596,-9.981388888888898,1.0000000000000002,1.0,-0.39434365588524595,0.0,0.0,-0.0625,71,218.8,True,False,completed,1.0,1.0,999.8999999999997,999.8999999999997,805.0726814076596,9.981388888888898,0.39434365588524595,0.39434365588524595,0.3663,0.32630000000000003,0.75,0,0.0,0,0,0,0.0,1,101,0,0,1751,175.10000000000002,0,0,0,0.0,0,0.0,0,0,33,0.0,0,{},0.0,20,0.95,51,20,124,40,36,142,104,38,2,140,0,104,2,36,2,2,0,140,19,21,2,36,0,140,0,0,104,2,36,94,8,1.5106382978723405,0,10,2749,14.596691300001112,11.702636099958909,0.15707660000043688,0.25967950001358986,22.78598950000014,parallel_episode_batch,pending,-0.0002884669635488197,0.0009525686520731163,0.549752413186916,-0.005309706724378778,1.2860059349366058e-05,0.0,1.0000961409058682,0.09626130883170422,0.0,0.48427826166152954,1.2653543949127197,0.1516592651605606,0.03986186534166336,0.0392686203122139,1.2254924774169922,0.16293570399284363,0.9329569935798645,0.0001,-0.2996916174888611,-0.3014187514781952,-0.20177972316741943,-0.20102986693382263,-0.20117658376693726,0.300650954246521,-0.3002837300300598,-0.29958590865135193,-0.20025432109832764,-0.20006915926933289,-0.2008553445339203,0.01798621006309986,0.12085022032260895,0.01798621006309986,0.11950600147247314,0.0,1.500925898551941,1.002918004989624
155,155,31,0,31,16,train_high_arrival_pressure_1000031,1000031,high_arrival_pressure,balanced_cost,1.0,0.0,0.0,group_anchor_0,297,297,0,0.0,297,0,0.0,0,0.0,1.6529553289284689,1.7154553289284689,-0.0625,1.6529553289284689,1.7154553289284689,0.0,quality,-1584.8000000000006,-950.8713457168301,-34.856666666666676,1.0000000000000002,1.0,-0.5690893421430624,0.0,0.0,-0.0625,82,156.20000000000002,True,False,completed,1.0,1.0,1584.8000000000006,1584.8000000000006,950.8713457168301,34.856666666666676,0.5129214525879072,0.5690893421430624,0.4824000000000001,0.40795156024999996,0.75,0,0.0,0,0,0,0.0,1,99,0,0,1124,112.4,0,0,0,0.0,0,0.0,0,0,43,0.0,0,{},0.0,20,0.95,62,20,137,40,38,167,128,39,1,166,0,128,1,38,1,1,0,166,19,21,1,38,0,166,0,0,128,1,38,110,6,1.518181818181818,0,10,2749,14.596691300001112,11.702636099958909,0.1755974999978207,0.2592619000133709,22.78598950000014,parallel_episode_batch,pending,-0.0002884669635488197,0.0009525686520731163,0.549752413186916,-0.005309706724378778,1.2860059349366058e-05,0.0,1.0000961409058682,0.09626130883170422,0.0,0.48427826166152954,1.2653543949127197,0.1516592651605606,0.03986186534166336,0.0392686203122139,1.2254924774169922,0.16293570399284363,0.9329569935798645,0.0001,-0.2996916174888611,-0.3014187514781952,-0.20177972316741943,-0.20102986693382263,-0.20117658376693726,0.300650954246521,-0.3002837300300598,-0.29958590865135193,-0.20025432109832764,-0.20006915926933289,-0.2008553445339203,0.01798621006309986,0.12085022032260895,0.01798621006309986,0.11950600147247314,0.0,1.500925898551941,1.002918004989624
156,156,31,1,31,16,train_high_arrival_pressure_1000031,1000031,high_arrival_pressure,balanced_cost,0.0,1.0,0.0,group_anchor_1,258,258,0,0.0,258,0,0.0,0,0.0,1.7481108989763432,1.8106108989763432,-0.0625,1.7481108989763432,1.8106108989763436,-4.440892098500626e-16,quality,-1799.3000000000002,-609.7310224715599,-18.298888888888893,1.0000000000000002,1.0,-0.3787782020473128,0.0,0.0,-0.0625,82,175.70000000000002,True,False,completed,1.0,1.0,1799.3000000000002,1799.3000000000002,609.7310224715599,18.298888888888893,0.4671715168243379,0.3787782020473128,0.3854629834999999,0.30123713365,0.75,0,0.0,0,0,0,0.0,2,66,0,3,1471,147.1,0,0,0,0.0,0,0.0,0,0,46,0.0,0,{},0.0,13,0.8461538461538461,69,13,126,26,24,92,68,24,0,92,0,68,0,24,0,0,0,92,11,13,1,23,0,92,0,0,68,0,24,62,4,1.4838709677419355,0,10,2749,14.596691300001112,11.702636099958909,0.17980720000196015,0.4959019000452827,22.78598950000014,parallel_episode_batch,pending,-0.0002884669635488197,0.0009525686520731163,0.549752413186916,-0.005309706724378778,1.2860059349366058e-05,0.0,1.0000961409058682,0.09626130883170422,0.0,0.48427826166152954,1.2653543949127197,0.1516592651605606,0.03986186534166336,0.0392686203122139,1.2254924774169922,0.16293570399284363,0.9329569935798645,0.0001,-0.2996916174888611,-0.3014187514781952,-0.20177972316741943,-0.20102986693382263,-0.20117658376693726,0.300650954246521,-0.3002837300300598,-0.29958590865135193,-0.20025432109832764,-0.20006915926933289,-0.2008553445339203,0.01798621006309986,0.12085022032260895,0.01798621006309986,0.11950600147247314,0.0,1.500925898551941,1.002918004989624
157,157,31,2,31,16,train_high_arrival_pressure_1000031,1000031,high_arrival_pressure,balanced_cost,0.0,0.0,1.0,group_anchor_2,277,277,0,0.0,277,0,0.0,0,0.0,1.9249033316725515,1.9874033316725515,-0.0625,1.9249033316725515,1.9874033316725517,-2.220446049250313e-16,quality,-2089.2,-730.7381588262699,-1.2922222222222224,1.0000000000000002,1.0,-0.02519333665489679,0.0,0.0,-0.0625,82,210.8,True,False,completed,1.0,1.0,2089.2,2089.2,730.7381588262699,1.2922222222222228,0.4492870452015114,0.02519333665489679,0.35806298350000004,0.2839920568833334,0.75,0,0.0,0,0,0,0.0,1,86,0,3,1748,174.8,0,0,0,0.0,0,0.0,0,0,49,0.0,0,{},0.0,16,0.9375,66,16,134,32,29,108,78,30,1,107,0,78,1,29,1,1,0,107,11,13,1,22,0,107,0,0,78,1,29,73,6,1.4794520547945205,0,10,2749,14.596691300001112,11.702636099958909,0.17583550000563264,0.7364859999652253,22.78598950000014,parallel_episode_batch,pending,-0.0002884669635488197,0.0009525686520731163,0.549752413186916,-0.005309706724378778,1.2860059349366058e-05,0.0,1.0000961409058682,0.09626130883170422,0.0,0.48427826166152954,1.2653543949127197,0.1516592651605606,0.03986186534166336,0.0392686203122139,1.2254924774169922,0.16293570399284363,0.9329569935798645,0.0001,-0.2996916174888611,-0.3014187514781952,-0.20177972316741943,-0.20102986693382263,-0.20117658376693726,0.300650954246521,-0.3002837300300598,-0.29958590865135193,-0.20025432109832764,-0.20006915926933289,-0.2008553445339203,0.01798621006309986,0.12085022032260895,0.01798621006309986,0.11950600147247314,0.0,1.500925898551941,1.002918004989624
158,158,31,3,31,16,train_high_arrival_pressure_1000031,1000031,high_arrival_pressure,balanced_cost,0.3333333333333333,0.3333333333333333,0.3333333333333333,group_anchor_3,285,285,0,0.0,285,0,0.0,0,0.0,1.7385114225120617,1.8010114225120617,-0.0625,1.7385114225120617,1.8010114225120617,0.0,quality,-1696.500000000001,-851.3310893232201,-8.711388888888884,1.0000000000000002,1.0,-0.3979771549758767,0.0,0.0,-0.0625,82,163.70000000000002,True,False,completed,1.0,1.0,1696.500000000001,1696.500000000001,851.3310893232201,8.711388888888884,0.4604831695655649,0.3979771549758767,0.3548429798,0.2665538003166667,0.75,0,0.0,0,0,1,0.0035587188612099642,1,96,1,2,1259,125.9,0,0,0,0.0,0,0.0,0,0,44,0.0,0,{},0.0,18,0.9444444444444444,64,18,135,36,32,136,102,34,2,134,0,102,2,32,2,2,0,134,17,16,2,29,1,134,0,0,102,2,32,93,4,1.4623655913978495,0,10,2749,14.596691300001112,11.702636099958909,0.1774001000012504,0.32270290002634283,22.78598950000014,parallel_episode_batch,pending,-0.0002884669635488197,0.0009525686520731163,0.549752413186916,-0.005309706724378778,1.2860059349366058e-05,0.0,1.0000961409058682,0.09626130883170422,0.0,0.48427826166152954,1.2653543949127197,0.1516592651605606,0.03986186534166336,0.0392686203122139,1.2254924774169922,0.16293570399284363,0.9329569935798645,0.0001,-0.2996916174888611,-0.3014187514781952,-0.20177972316741943,-0.20102986693382263,-0.20117658376693726,0.300650954246521,-0.3002837300300598,-0.29958590865135193,-0.20025432109832764,-0.20006915926933289,-0.2008553445339203,0.01798621006309986,0.12085022032260895,0.01798621006309986,0.11950600147247314,0.0,1.500925898551941,1.002918004989624
159,159,31,4,31,16,train_high_arrival_pressure_1000031,1000031,high_arrival_pressure,balanced_cost,0.5,0.3,0.2,group_anchor_4,270,270,0,0.0,270,0,0.0,0,0.0,1.7307065811470768,1.7932065811470768,-0.0625,1.7307065811470768,1.7932065811470763,4.440892098500626e-16,quality,-1630.2000000000005,-676.9645142527401,-1.1458333333333321,1.0000000000000002,1.0,-0.41358683770584725,0.0,0.0,-0.0625,82,161.9,True,False,completed,1.0,1.0,1630.2000000000005,1630.2000000000005,676.9645142527401,1.145833333333333,0.41358683770584725,0.41358683770584725,0.4706629835000001,0.2841594974333334,0.75,0,0.0,0,0,0,0.0,1,82,0,2,1195,119.5,0,0,0,0.0,0,0.0,0,0,48,0.0,0,{},0.0,15,0.9333333333333333,67,15,128,30,30,131,100,31,1,130,0,100,1,30,1,1,0,130,15,15,0,29,0,130,0,0,100,1,30,89,5,1.4719101123595506,0,10,2749,14.596691300001112,11.702636099958909,0.15063320000626845,0.26479870010371087,22.78598950000014,parallel_episode_batch,pending,-0.0002884669635488197,0.0009525686520731163,0.549752413186916,-0.005309706724378778,1.2860059349366058e-05,0.0,1.0000961409058682,0.09626130883170422,0.0,0.48427826166152954,1.2653543949127197,0.1516592651605606,0.03986186534166336,0.0392686203122139,1.2254924774169922,0.16293570399284363,0.9329569935798645,0.0001,-0.2996916174888611,-0.3014187514781952,-0.20177972316741943,-0.20102986693382263,-0.20117658376693726,0.300650954246521,-0.3002837300300598,-0.29958590865135193,-0.20025432109832764,-0.20006915926933289,-0.2008553445339203,0.01798621006309986,0.12085022032260895,0.01798621006309986,0.11950600147247314,0.0,1.500925898551941,1.002918004989624
160,160,32,0,32,17,train_balanced_1000032,1000032,balanced,labor_dominant,1.0,0.0,0.0,group_anchor_0,188,188,0,0.0,188,0,0.0,0,0.0,1.7654763857002294,1.8279763857002294,-0.0625,1.7654763857002294,1.8279763857002296,-2.220446049250313e-16,quality,-629.3999999999999,-368.19046358215,-1.3255555555555556,0.9999999999999997,1.0,-0.3440472285995408,0.0,0.0,-0.0625,55,212.3,True,False,completed,1.0,1.0,629.3999999999999,629.3999999999999,368.19046358215,1.3255555555555552,0.25792118162332334,0.3440472285995408,0.28076561980000003,0.21695447366666668,0.75,0,0.0,0,0,0,0.0,2,62,0,0,1788,178.8,0,0,0,0.0,0,0.0,0,0,37,0.0,0,{},0.0,11,1.0,44,11,89,22,22,109,87,22,0,109,0,87,0,22,0,0,0,109,11,11,0,22,0,109,0,0,87,0,22,76,4,1.4342105263157894,0,10,2456,13.65833919999568,10.343218900110514,0.12690789999760455,0.13355910001700977,18.912583899997117,parallel_episode_batch,pending,0.0037167867442640737,0.007527555136057811,0.5380249512501252,0.002100315088262925,1.7711492735846452e-05,0.0,1.0001872861996675,0.2259111696233352,0.0641025641025641,0.679827094078064,1.3438023328781128,0.2256784588098526,0.023361075669527054,0.10496652871370316,1.3204411268234253,0.16755573451519012,0.7836676836013794,0.0001,-0.2998790144920349,-0.3016662001609802,-0.20197004079818726,-0.20120203495025635,-0.20136217772960663,0.30094215273857117,-0.3001568019390106,-0.2995936870574951,-0.2001594454050064,-0.19993741810321808,-0.20080500841140747,0.01798621006309986,0.12094368785619736,0.01798621006309986,0.11958183348178864,0.0,1.5016096830368042,1.0028035640716553
161,161,32,1,32,17,train_balanced_1000032,1000032,balanced,labor_dominant,0.0,1.0,0.0,group_anchor_1,194,194,0,0.0,194,0,0.0,0,0.0,0.13872692486398397,0.20122692486398397,-0.0625,0.13872692486398397,0.20122692486398405,-8.326672684688674e-17,quality,-1358.5,-453.13325116012004,-6.115833333333331,0.9285714285714283,0.0,-0.3118318645577463,-1.0,-0.07142857142857142,-0.0625,54,240.0,False,True,deadlock,0.9285714285714286,0.9818181818181818,,1358.5,453.13325116012004,6.115833333333331,0.3808343252375465,0.3118318645577463,0.32230000000000003,0.21608296331666668,0.75,0,0.0,0,0,18,0.06315789473684211,1,68,0,1,2091,209.10000000000002,0,0,0,0.0,0,0.0,0,0,35,0.0,0,{},0.0,13,0.8461538461538461,41,13,94,26,20,77,55,22,2,75,0,55,2,20,2,2,0,75,10,13,2,19,0,75,0,0,55,2,20,47,5,1.6382978723404256,0,10,2456,13.65833919999568,10.343218900110514,0.11212370000430383,0.33291219999227906,18.912583899997117,parallel_episode_batch,pending,0.0037167867442640737,0.007527555136057811,0.5380249512501252,0.002100315088262925,1.7711492735846452e-05,0.0,1.0001872861996675,0.2259111696233352,0.0641025641025641,0.679827094078064,1.3438023328781128,0.2256784588098526,0.023361075669527054,0.10496652871370316,1.3204411268234253,0.16755573451519012,0.7836676836013794,0.0001,-0.2998790144920349,-0.3016662001609802,-0.20197004079818726,-0.20120203495025635,-0.20136217772960663,0.30094215273857117,-0.3001568019390106,-0.2995936870574951,-0.2001594454050064,-0.19993741810321808,-0.20080500841140747,0.01798621006309986,0.12094368785619736,0.01798621006309986,0.11958183348178864,0.0,1.5016096830368042,1.0028035640716553
162,162,32,2,32,17,train_balanced_1000032,1000032,balanced,labor_dominant,0.0,0.0,1.0,group_anchor_2,197,197,0,0.0,197,0,0.0,0,0.0,1.8876080259262222,1.9501080259262222,-0.0625,1.8876080259262222,1.9501080259262222,0.0,quality,-1381.4999999999995,-417.7258062194598,-5.542222222222225,0.9999999999999997,1.0,-0.09978394814755547,0.0,0.0,-0.0625,55,236.60000000000002,True,False,completed,1.0,1.0,1381.4999999999995,1381.4999999999995,417.7258062194598,5.542222222222225,0.37592727679876053,0.09978394814755547,0.2349,0.17816666666666667,0.75,0,0.0,0,0,3,0.008,1,65,0,6,2109,210.9,0,0,0,0.0,0,0.0,0,0,26,0.0,0,{},0.0,12,1.0,43,12,97,24,21,78,55,23,2,76,0,55,2,21,2,2,0,76,10,12,3,17,0,76,0,0,55,2,21,55,5,1.4181818181818182,0,10,2456,13.65833919999568,10.343218900110514,0.13319200000114506,0.44287770001392346,18.912583899997117,parallel_episode_batch,pending,0.0037167867442640737,0.007527555136057811,0.5380249512501252,0.002100315088262925,1.7711492735846452e-05,0.0,1.0001872861996675,0.2259111696233352,0.0641025641025641,0.679827094078064,1.3438023328781128,0.2256784588098526,0.023361075669527054,0.10496652871370316,1.3204411268234253,0.16755573451519012,0.7836676836013794,0.0001,-0.2998790144920349,-0.3016662001609802,-0.20197004079818726,-0.20120203495025635,-0.20136217772960663,0.30094215273857117,-0.3001568019390106,-0.2995936870574951,-0.2001594454050064,-0.19993741810321808,-0.20080500841140747,0.01798621006309986,0.12094368785619736,0.01798621006309986,0.11958183348178864,0.0,1.5016096830368042,1.0028035640716553
163,163,32,3,32,17,train_balanced_1000032,1000032,balanced,labor_dominant,0.3333333333333333,0.3333333333333333,0.3333333333333333,group_anchor_3,182,182,0,0.0,182,0,0.0,0,0.0,1.8218867810042587,1.8843867810042587,-0.0625,1.8218867810042587,1.8843867810042594,-6.661338147750939e-16,quality,-708.8000000000001,-334.47378029646984,-3.862222222222224,0.9999999999999997,1.0,-0.2312264379914812,0.0,0.0,-0.0625,55,233.4,True,False,completed,1.0,1.0,708.8000000000001,708.8000000000001,334.47378029646984,3.862222222222224,0.275199790468988,0.2312264379914812,0.29196122220000004,0.1858408375166667,0.75,0,0.0,0,0,2,0.010752688172043012,1,54,0,2,2031,203.10000000000002,0,0,0,0.0,0,0.0,0,0,40,0.0,0,{},0.0,10,1.0,45,10,89,20,18,82,63,19,1,81,0,63,1,18,1,1,0,81,10,9,1,17,0,81,0,0,63,1,18,51,4,1.607843137254902,0,10,2456,13.65833919999568,10.343218900110514,0.11803489999874728,0.24276340001961216,18.912583899997117,parallel_episode_batch,pending,0.0037167867442640737,0.007527555136057811,0.5380249512501252,0.002100315088262925,1.7711492735846452e-05,0.0,1.0001872861996675,0.2259111696233352,0.0641025641025641,0.679827094078064,1.3438023328781128,0.2256784588098526,0.023361075669527054,0.10496652871370316,1.3204411268234253,0.16755573451519012,0.7836676836013794,0.0001,-0.2998790144920349,-0.3016662001609802,-0.20197004079818726,-0.20120203495025635,-0.20136217772960663,0.30094215273857117,-0.3001568019390106,-0.2995936870574951,-0.2001594454050064,-0.19993741810321808,-0.20080500841140747,0.01798621006309986,0.12094368785619736,0.01798621006309986,0.11958183348178864,0.0,1.5016096830368042,1.0028035640716553
164,164,32,4,32,17,train_balanced_1000032,1000032,balanced,labor_dominant,0.5,0.3,0.2,group_anchor_4,180,180,0,0.0,180,0,0.0,0,0.0,1.793213666076968,1.855713666076968,-0.0625,1.793213666076968,1.855713666076968,0.0,quality,-666.7999999999998,-337.2563218973099,-10.35666666666667,0.9999999999999998,1.0,-0.2885726678460643,0.0,0.0,-0.0625,55,232.3,True,False,completed,1.0,1.0,666.7999999999998,666.7999999999998,337.2563218973099,10.35666666666667,0.2885726678460643,0.2885726678460643,0.39530000000000004,0.21436536953333332,0.75,0,0.0,0,0,1,0.007633587786259542,1,51,0,0,2034,203.4,0,0,0,0.0,0,0.0,0,0,38,0.0,0,{},0.0,10,0.6,45,10,85,20,20,95,73,22,2,93,0,73,2,20,2,2,0,93,10,12,0,20,0,93,0,0,73,2,20,64,9,1.484375,0,10,2456,13.65833919999568,10.343218900110514,0.12423950000084005,0.23975039998913417,18.912583899997117,parallel_episode_batch,pending,0.0037167867442640737,0.007527555136057811,0.5380249512501252,0.002100315088262925,1.7711492735846452e-05,0.0,1.0001872861996675,0.2259111696233352,0.0641025641025641,0.679827094078064,1.3438023328781128,0.2256784588098526,0.023361075669527054,0.10496652871370316,1.3204411268234253,0.16755573451519012,0.7836676836013794,0.0001,-0.2998790144920349,-0.3016662001609802,-0.20197004079818726,-0.20120203495025635,-0.20136217772960663,0.30094215273857117,-0.3001568019390106,-0.2995936870574951,-0.2001594454050064,-0.19993741810321808,-0.20080500841140747,0.01798621006309986,0.12094368785619736,0.01798621006309986,0.11958183348178864,0.0,1.5016096830368042,1.0028035640716553
165,165,33,0,33,17,train_fatigue_bottleneck_1000033,1000033,fatigue_bottleneck,fixed_cost_dominant,1.0,0.0,0.0,group_anchor_0,278,278,0,0.0,278,0,0.0,0,0.0,1.672407211651398,1.734907211651398,-0.0625,1.672407211651398,1.7349072116513977,2.220446049250313e-16,quality,-1354.1999999999996,-935.73205902086,-23.81472222222222,1.0,1.0,-0.5301855766972045,0.0,0.0,-0.0625,77,154.3,True,False,completed,1.0,1.0,1354.1999999999996,1354.1999999999996,935.73205902086,23.81472222222222,0.47463833203069355,0.5301855766972045,0.7334480254999999,0.65895804665,0.75,17,0.16666666666666666,0,0,16,0.09302325581395349,1,85,2,0,1187,118.7,0,0,0,0.0,0,0.0,0,0,44,0.0,0,{},0.0,19,0.9473684210526315,58,19,128,38,35,163,119,44,9,154,0,119,9,35,9,9,0,154,25,20,2,34,16,154,0,0,119,9,35,99,7,1.6464646464646464,0,10,2456,13.65833919999568,10.343218900110514,0.15923479999764822,0.25233730002946686,18.912583899997117,parallel_episode_batch,pending,0.0037167867442640737,0.007527555136057811,0.5380249512501252,0.002100315088262925,1.7711492735846452e-05,0.0,1.0001872861996675,0.2259111696233352,0.0641025641025641,0.679827094078064,1.3438023328781128,0.2256784588098526,0.023361075669527054,0.10496652871370316,1.3204411268234253,0.16755573451519012,0.7836676836013794,0.0001,-0.2998790144920349,-0.3016662001609802,-0.20197004079818726,-0.20120203495025635,-0.20136217772960663,0.30094215273857117,-0.3001568019390106,-0.2995936870574951,-0.2001594454050064,-0.19993741810321808,-0.20080500841140747,0.01798621006309986,0.12094368785619736,0.01798621006309986,0.11958183348178864,0.0,1.5016096830368042,1.0028035640716553
166,166,33,1,33,17,train_fatigue_bottleneck_1000033,1000033,fatigue_bottleneck,fixed_cost_dominant,0.0,1.0,0.0,group_anchor_1,291,291,0,0.0,291,0,0.0,0,0.0,1.6872947969960466,1.7497947969960466,-0.0625,1.6872947969960466,1.7497947969960468,-2.220446049250313e-16,quality,-1757.3999999999992,-1001.6429726032799,-16.798888888888893,1.0,1.0,-0.5004104060079064,0.0,0.0,-0.0625,77,182.0,True,False,completed,1.0,1.0,1757.3999999999992,1757.3999999999992,1001.6429726032799,16.798888888888893,0.49753912402216616,0.5004104060079064,0.7425916863999997,0.6032247133166666,0.75,7,0.07142857142857142,1,1,19,0.03598484848484849,0,90,2,6,1507,150.70000000000002,0,0,0,0.0,0,0.0,0,0,42,0.0,0,{},0.5,21,1.0,56,21,136,42,36,128,78,50,14,114,0,78,14,36,14,14,0,114,21,28,2,32,6,114,0,0,78,14,36,71,11,1.8028169014084507,0,10,2456,13.65833919999568,10.343218900110514,0.14919369999552146,0.4342965999894659,18.912583899997117,parallel_episode_batch,pending,0.0037167867442640737,0.007527555136057811,0.5380249512501252,0.002100315088262925,1.7711492735846452e-05,0.0,1.0001872861996675,0.2259111696233352,0.0641025641025641,0.679827094078064,1.3438023328781128,0.2256784588098526,0.023361075669527054,0.10496652871370316,1.3204411268234253,0.16755573451519012,0.7836676836013794,0.0001,-0.2998790144920349,-0.3016662001609802,-0.20197004079818726,-0.20120203495025635,-0.20136217772960663,0.30094215273857117,-0.3001568019390106,-0.2995936870574951,-0.2001594454050064,-0.19993741810321808,-0.20080500841140747,0.01798621006309986,0.12094368785619736,0.01798621006309986,0.11958183348178864,0.0,1.5016096830368042,1.0028035640716553
167,167,33,2,33,17,train_fatigue_bottleneck_1000033,1000033,fatigue_bottleneck,fixed_cost_dominant,0.0,0.0,1.0,group_anchor_2,415,415,0,0.0,415,0,0.0,0,0.0,1.8207641328648996,1.8832641328648996,-0.06249999999999997,1.8207641328648996,1.8832641328648996,0.0,quality,-1790.0000000000018,-1327.2813241056951,-15.22916666666665,1.0,1.0,-0.23347173427020101,0.0,0.0,-0.06249999999999997,77,222.0,True,False,completed,1.0,1.0,1790.0000000000018,1790.0000000000018,1327.2813241056951,15.229166666666652,0.5171196767046681,0.23347173427020101,0.749948025499998,0.7413080466499994,0.75,266,0.6584158415841584,52,52,262,0.4185303514376997,0,93,5,7,1599,159.9,0,0,0,0.0,0,0.0,0,0,41,0.0,0,{},20.6,26,0.9615384615384616,51,26,192,52,94,261,148,113,19,242,0,148,19,94,19,19,0,242,32,135,5,91,125,240,0,0,148,19,94,81,42,3.2222222222222223,0,10,2456,13.65833919999568,10.343218900110514,0.1321137999984785,0.5775104000495048,18.912583899997117,parallel_episode_batch,pending,0.0037167867442640737,0.007527555136057811,0.5380249512501252,0.002100315088262925,1.7711492735846452e-05,0.0,1.0001872861996675,0.2259111696233352,0.0641025641025641,0.679827094078064,1.3438023328781128,0.2256784588098526,0.023361075669527054,0.10496652871370316,1.3204411268234253,0.16755573451519012,0.7836676836013794,0.0001,-0.2998790144920349,-0.3016662001609802,-0.20197004079818726,-0.20120203495025635,-0.20136217772960663,0.30094215273857117,-0.3001568019390106,-0.2995936870574951,-0.2001594454050064,-0.19993741810321808,-0.20080500841140747,0.01798621006309986,0.12094368785619736,0.01798621006309986,0.11958183348178864,0.0,1.5016096830368042,1.0028035640716553
168,168,33,3,33,17,train_fatigue_bottleneck_1000033,1000033,fatigue_bottleneck,fixed_cost_dominant,0.3333333333333333,0.3333333333333333,0.3333333333333333,group_anchor_3,256,256,0,0.0,256,0,0.0,0,0.0,1.768831750022025,1.831331750022025,-0.0625,1.768831750022025,1.8313317500220252,-2.220446049250313e-16,quality,-1396.0999999999997,-696.6129600859495,-3.3988888888888886,1.0,1.0,-0.3373364999559498,0.0,0.0,-0.0625,77,155.60000000000002,True,False,completed,1.0,1.0,1396.0999999999997,1396.0999999999997,696.6129600859495,3.3988888888888886,0.4047913952032512,0.3373364999559498,0.5901916864000002,0.47955804665000007,0.75,0,0.0,0,0,1,0.0037174721189591076,1,76,1,2,1244,124.4,0,0,0,0.0,0,0.0,0,0,43,0.0,0,{},0.0,15,0.9333333333333333,62,15,121,30,28,118,87,31,3,115,0,87,3,28,3,3,0,115,16,13,1,25,1,115,0,0,87,3,28,80,5,1.475,0,10,2456,13.65833919999568,10.343218900110514,0.15658799999800976,0.30348179991415236,18.912583899997117,parallel_episode_batch,pending,0.0037167867442640737,0.007527555136057811,0.5380249512501252,0.002100315088262925,1.7711492735846452e-05,0.0,1.0001872861996675,0.2259111696233352,0.0641025641025641,0.679827094078064,1.3438023328781128,0.2256784588098526,0.023361075669527054,0.10496652871370316,1.3204411268234253,0.16755573451519012,0.7836676836013794,0.0001,-0.2998790144920349,-0.3016662001609802,-0.20197004079818726,-0.20120203495025635,-0.20136217772960663,0.30094215273857117,-0.3001568019390106,-0.2995936870574951,-0.2001594454050064,-0.19993741810321808,-0.20080500841140747,0.01798621006309986,0.12094368785619736,0.01798621006309986,0.11958183348178864,0.0,1.5016096830368042,1.0028035640716553
169,169,33,4,33,17,train_fatigue_bottleneck_1000033,1000033,fatigue_bottleneck,fixed_cost_dominant,0.5,0.3,0.2,group_anchor_4,275,275,0,0.0,275,0,0.0,0,0.0,1.710154156811159,1.772654156811159,-0.0625,1.710154156811159,1.7726541568111593,-4.440892098500626e-16,quality,-1467.4,-824.4378785471897,-14.128888888888891,1.0,1.0,-0.4546916863776811,0.0,0.0,-0.0625,77,179.3,True,False,completed,1.0,1.0,1467.4,1467.4,824.4378785471897,14.128888888888895,0.4546916863776811,0.4546916863776811,0.5414840662000002,0.42574137998333345,0.75,0,0.0,0,0,0,0.0,1,88,0,3,1282,128.20000000000002,0,0,0,0.0,0,0.0,0,0,35,0.0,0,{},0.0,18,0.9444444444444444,59,18,126,36,36,137,97,40,4,133,0,97,4,36,4,4,0,133,19,18,0,33,0,132,0,0,97,4,36,88,10,1.5568181818181819,0,10,2456,13.65833919999568,10.343218900110514,0.14854459999332903,0.2713621000366402,18.912583899997117,parallel_episode_batch,pending,0.0037167867442640737,0.007527555136057811,0.5380249512501252,0.002100315088262925,1.7711492735846452e-05,0.0,1.0001872861996675,0.2259111696233352,0.0641025641025641,0.679827094078064,1.3438023328781128,0.2256784588098526,0.023361075669527054,0.10496652871370316,1.3204411268234253,0.16755573451519012,0.7836676836013794,0.0001,-0.2998790144920349,-0.3016662001609802,-0.20197004079818726,-0.20120203495025635,-0.20136217772960663,0.30094215273857117,-0.3001568019390106,-0.2995936870574951,-0.2001594454050064,-0.19993741810321808,-0.20080500841140747,0.01798621006309986,0.12094368785619736,0.01798621006309986,0.11958183348178864,0.0,1.5016096830368042,1.0028035640716553
170,170,34,0,34,18,train_balanced_1000034,1000034,balanced,downtime_dominant,1.0,0.0,0.0,group_anchor_0,177,177,0,0.0,177,0,0.0,0,0.0,1.7575170675769374,1.8200170675769374,-0.0625,1.7575170675769374,1.8200170675769374,0.0,quality,-674.8999999999999,-399.6051752840602,-10.094722222222225,0.9999999999999997,1.0,-0.3599658648461251,0.0,0.0,-0.0625,58,222.0,True,False,completed,1.0,1.0,674.8999999999999,674.8999999999999,399.6051752840602,10.094722222222224,0.2992328046228573,0.3599658648461251,0.3223296057,0.19253588408333336,0.75,0,0.0,0,0,0,0.0,2,47,0,1,1943,194.3,0,0,0,0.0,0,0.0,0,0,22,0.0,0,{},0.0,8,1.0,50,8,87,16,16,98,82,16,0,98,0,82,0,16,0,0,0,98,8,8,0,16,0,98,0,0,82,0,16,72,3,1.3611111111111112,0,10,2827,16.031595299995388,12.182267600008345,0.13394680000055814,0.15040069998212857,22.805970200002776,parallel_episode_batch,pending,-0.0014999505830928684,0.010190930260190119,0.4398399442434311,-0.0008028845069929958,1.6021228135009047e-05,0.0,0.9999139964580536,0.3501947510573599,0.23333333333333334,0.9743073582649231,1.3158295154571533,0.24091191589832306,0.016434133052825928,0.10789120197296143,1.2993953227996826,0.20647664368152618,0.7994348406791687,0.0001,-0.2996351420879364,-0.3022376298904419,-0.20238442718982697,-0.2016037255525589,-0.20178046822547913,0.3012286126613617,-0.2999967038631439,-0.2994527220726013,-0.20022808015346527,-0.19978903234004974,-0.20124799013137817,0.01798621006309986,0.12078729271888733,0.01798621006309986,0.11979098618030548,0.0,1.5021741390228271,1.0037965774536133
171,171,34,1,34,18,train_balanced_1000034,1000034,balanced,downtime_dominant,0.0,1.0,0.0,group_anchor_1,197,197,0,0.0,197,0,0.0,0,0.0,1.7524440878801508,1.8149440878801508,-0.0625,1.7524440878801508,1.8149440878801513,-4.440892098500626e-16,quality,-814.8999999999997,-587.5833814358498,-4.644722222222222,0.9999999999999997,1.0,-0.37011182423969746,0.0,0.0,-0.0625,58,227.3,True,False,completed,1.0,1.0,814.8999999999997,814.8999999999997,587.5833814358498,4.644722222222222,0.33025172990221374,0.37011182423969746,0.21840000000000004,0.18270669515000004,0.75,0,0.0,0,0,0,0.0,2,62,0,3,1973,197.3,0,0,0,0.0,0,0.0,0,0,28,0.0,0,{},0.0,11,1.0,47,11,96,22,21,91,70,21,0,91,0,70,0,21,0,0,0,91,11,11,1,21,0,91,0,0,70,0,21,62,4,1.467741935483871,0,10,2827,16.031595299995388,12.182267600008345,0.13947310000366997,0.27906869998696493,22.805970200002776,parallel_episode_batch,pending,-0.0014999505830928684,0.010190930260190119,0.4398399442434311,-0.0008028845069929958,1.6021228135009047e-05,0.0,0.9999139964580536,0.3501947510573599,0.23333333333333334,0.9743073582649231,1.3158295154571533,0.24091191589832306,0.016434133052825928,0.10789120197296143,1.2993953227996826,0.20647664368152618,0.7994348406791687,0.0001,-0.2996351420879364,-0.3022376298904419,-0.20238442718982697,-0.2016037255525589,-0.20178046822547913,0.3012286126613617,-0.2999967038631439,-0.2994527220726013,-0.20022808015346527,-0.19978903234004974,-0.20124799013137817,0.01798621006309986,0.12078729271888733,0.01798621006309986,0.11979098618030548,0.0,1.5021741390228271,1.0037965774536133
172,172,34,2,34,18,train_balanced_1000034,1000034,balanced,downtime_dominant,0.0,0.0,1.0,group_anchor_2,199,199,0,0.0,199,0,0.0,0,0.0,1.7800948131145293,1.8425948131145293,-0.0625,1.7800948131145293,1.8425948131145293,0.0,quality,-834.7000000000002,-611.6138574450903,-22.972500000000007,0.9999999999999997,1.0,-0.3148103737709412,0.0,0.0,-0.0625,58,231.0,True,False,completed,1.0,1.0,834.7000000000002,834.7000000000002,611.6138574450903,22.972500000000007,0.38192949918701297,0.3148103737709412,0.2772,0.19858094980000005,0.75,0,0.0,0,0,1,0.004291845493562232,1,67,0,2,1910,191.0,0,0,0,0.0,0,0.0,0,0,22,0.0,0,{},0.0,12,1.0,46,12,96,24,21,90,68,22,1,89,0,68,1,21,1,1,0,89,10,11,1,19,0,89,0,0,68,1,21,63,4,1.4285714285714286,0,10,2827,16.031595299995388,12.182267600008345,0.1295652000044356,0.24874320002709283,22.805970200002776,parallel_episode_batch,pending,-0.0014999505830928684,0.010190930260190119,0.4398399442434311,-0.0008028845069929958,1.6021228135009047e-05,0.0,0.9999139964580536,0.3501947510573599,0.23333333333333334,0.9743073582649231,1.3158295154571533,0.24091191589832306,0.016434133052825928,0.10789120197296143,1.2993953227996826,0.20647664368152618,0.7994348406791687,0.0001,-0.2996351420879364,-0.3022376298904419,-0.20238442718982697,-0.2016037255525589,-0.20178046822547913,0.3012286126613617,-0.2999967038631439,-0.2994527220726013,-0.20022808015346527,-0.19978903234004974,-0.20124799013137817,0.01798621006309986,0.12078729271888733,0.01798621006309986,0.11979098618030548,0.0,1.5021741390228271,1.0037965774536133
173,173,34,3,34,18,train_balanced_1000034,1000034,balanced,downtime_dominant,0.3333333333333333,0.3333333333333333,0.3333333333333333,group_anchor_3,202,202,0,0.0,202,0,0.0,0,0.0,0.1053518893876434,0.1678518893876434,-0.0625,0.1053518893876434,0.16785188938764325,1.3877787807814457e-16,quality,-1030.1,-702.1622508146204,-17.688888888888883,0.9285714285714283,0.0,-0.3785819355104279,-1.0,-0.07142857142857142,-0.0625,56,240.0,False,True,horizon,0.9285714285714286,0.9655172413793104,,1030.1,702.1622508146204,17.688888888888883,0.40697261655383954,0.3785819355104279,0.2532,0.18704002848333334,0.75,0,0.0,0,0,3,0.017142857142857144,2,76,0,1,1746,174.60000000000002,0,0,0,0.0,0,0.0,0,0,22,0.0,0,{},0.0,13,1.0,44,13,94,26,25,89,64,25,0,89,0,64,0,25,0,0,0,89,13,12,1,24,0,89,0,0,64,0,25,63,4,1.4126984126984128,0,10,2827,16.031595299995388,12.182267600008345,0.15072560000407975,0.23042239997448632,22.805970200002776,parallel_episode_batch,pending,-0.0014999505830928684,0.010190930260190119,0.4398399442434311,-0.0008028845069929958,1.6021228135009047e-05,0.0,0.9999139964580536,0.3501947510573599,0.23333333333333334,0.9743073582649231,1.3158295154571533,0.24091191589832306,0.016434133052825928,0.10789120197296143,1.2993953227996826,0.20647664368152618,0.7994348406791687,0.0001,-0.2996351420879364,-0.3022376298904419,-0.20238442718982697,-0.2016037255525589,-0.20178046822547913,0.3012286126613617,-0.2999967038631439,-0.2994527220726013,-0.20022808015346527,-0.19978903234004974,-0.20124799013137817,0.01798621006309986,0.12078729271888733,0.01798621006309986,0.11979098618030548,0.0,1.5021741390228271,1.0037965774536133
174,174,34,4,34,18,train_balanced_1000034,1000034,balanced,downtime_dominant,0.5,0.3,0.2,group_anchor_4,192,192,0,0.0,192,0,0.0,0,0.0,1.7549605980520124,1.8174605980520124,-0.0625,1.7549605980520124,1.8174605980520127,-2.220446049250313e-16,quality,-925.5,-553.1402824299001,-12.704722222222225,0.9999999999999997,1.0,-0.3650788038959746,0.0,0.0,-0.0625,58,233.4,True,False,completed,1.0,1.0,925.5,925.5,553.1402824299001,12.704722222222225,0.3650788038959746,0.3650788038959746,0.28350000000000003,0.19765235628333336,0.75,0,0.0,1,1,4,0.021505376344086023,0,55,0,3,1998,199.8,0,0,0,0.0,0,0.0,0,0,25,0.0,0,{},0.2,10,0.9,48,10,94,20,20,85,63,22,2,83,0,63,2,20,2,2,0,83,10,11,0,18,0,83,0,0,63,2,20,56,7,1.5178571428571428,0,10,2827,16.031595299995388,12.182267600008345,0.1071596000037971,0.29414850007742643,22.805970200002776,parallel_episode_batch,pending,-0.0014999505830928684,0.010190930260190119,0.4398399442434311,-0.0008028845069929958,1.6021228135009047e-05,0.0,0.9999139964580536,0.3501947510573599,0.23333333333333334,0.9743073582649231,1.3158295154571533,0.24091191589832306,0.016434133052825928,0.10789120197296143,1.2993953227996826,0.20647664368152618,0.7994348406791687,0.0001,-0.2996351420879364,-0.3022376298904419,-0.20238442718982697,-0.2016037255525589,-0.20178046822547913,0.3012286126613617,-0.2999967038631439,-0.2994527220726013,-0.20022808015346527,-0.19978903234004974,-0.20124799013137817,0.01798621006309986,0.12078729271888733,0.01798621006309986,0.11979098618030548,0.0,1.5021741390228271,1.0037965774536133
175,175,35,0,35,18,train_reconfiguration_bottleneck_1000035,1000035,reconfiguration_bottleneck,labor_dominant,1.0,0.0,0.0,group_anchor_0,332,332,0,0.0,332,0,0.0,0,0.0,1.6696262766945216,1.7321262766945216,-0.06249999999999997,1.6696262766945216,1.7321262766945218,-2.220446049250313e-16,quality,-1384.8000000000004,-1220.88677921132,-3.2447222222222245,1.0000000000000002,1.0,-0.5357474466109565,0.0,0.0,-0.06249999999999997,84,184.8,True,False,completed,1.0,1.0,1384.8000000000004,1384.8000000000004,1220.88677921132,3.2447222222222263,0.4449805044772472,0.5357474466109565,0.7499459445000003,0.6977630478333333,0.75,14,0.11475409836065574,0,0,55,0.3273809523809524,1,108,2,0,1324,132.4,0,0,0,0.0,0,0.0,0,0,52,0.0,0,{},0.0,26,1.0,58,26,147,52,49,202,141,61,12,190,0,141,12,49,12,12,0,190,34,29,2,49,25,190,0,0,141,12,49,116,8,1.7413793103448276,0,10,2827,16.031595299995388,12.182267600008345,0.5238795999975991,0.2657281000429066,22.805970200002776,parallel_episode_batch,pending,-0.0014999505830928684,0.010190930260190119,0.4398399442434311,-0.0008028845069929958,1.6021228135009047e-05,0.0,0.9999139964580536,0.3501947510573599,0.23333333333333334,0.9743073582649231,1.3158295154571533,0.24091191589832306,0.016434133052825928,0.10789120197296143,1.2993953227996826,0.20647664368152618,0.7994348406791687,0.0001,-0.2996351420879364,-0.3022376298904419,-0.20238442718982697,-0.2016037255525589,-0.20178046822547913,0.3012286126613617,-0.2999967038631439,-0.2994527220726013,-0.20022808015346527,-0.19978903234004974,-0.20124799013137817,0.01798621006309986,0.12078729271888733,0.01798621006309986,0.11979098618030548,0.0,1.5021741390228271,1.0037965774536133
176,176,35,1,35,18,train_reconfiguration_bottleneck_1000035,1000035,reconfiguration_bottleneck,labor_dominant,0.0,1.0,0.0,group_anchor_1,327,327,0,0.0,327,0,0.0,0,0.0,1.664169112037889,1.726669112037889,-0.0625,1.664169112037889,1.7266691120378892,-2.220446049250313e-16,quality,-1505.5000000000002,-1205.8585552513302,-2.52472222222223,1.0000000000000002,1.0,-0.5466617759242217,0.0,0.0,-0.0625,84,196.0,True,False,completed,1.0,1.0,1505.5000000000002,1505.5000000000002,1205.8585552513302,2.5247222222222283,0.4518415276548087,0.5466617759242217,0.7404999999999998,0.6969833333333333,0.75,23,0.17829457364341086,2,2,55,0.13480392156862744,0,102,3,5,1373,137.3,0,0,0,0.0,0,0.0,0,0,48,0.0,0,{},1.8,25,0.92,59,25,151,50,42,159,99,60,18,141,0,99,18,42,18,18,0,141,27,35,4,38,20,141,0,0,99,18,42,83,12,1.9156626506024097,0,10,2827,16.031595299995388,12.182267600008345,0.5105687000032049,0.38865179984713905,22.805970200002776,parallel_episode_batch,pending,-0.0014999505830928684,0.010190930260190119,0.4398399442434311,-0.0008028845069929958,1.6021228135009047e-05,0.0,0.9999139964580536,0.3501947510573599,0.23333333333333334,0.9743073582649231,1.3158295154571533,0.24091191589832306,0.016434133052825928,0.10789120197296143,1.2993953227996826,0.20647664368152618,0.7994348406791687,0.0001,-0.2996351420879364,-0.3022376298904419,-0.20238442718982697,-0.2016037255525589,-0.20178046822547913,0.3012286126613617,-0.2999967038631439,-0.2994527220726013,-0.20022808015346527,-0.19978903234004974,-0.20124799013137817,0.01798621006309986,0.12078729271888733,0.01798621006309986,0.11979098618030548,0.0,1.5021741390228271,1.0037965774536133
177,177,35,2,35,18,train_reconfiguration_bottleneck_1000035,1000035,reconfiguration_bottleneck,labor_dominant,0.0,0.0,1.0,group_anchor_2,534,534,0,0.0,534,0,0.0,0,0.0,1.9198771546179572,1.9823771546179572,-0.0625,1.9198771546179572,1.9823771546179574,-2.220446049250313e-16,quality,-1733.5999999999995,-1453.0058480944115,-1.8266666666666656,1.0000000000000002,1.0,-0.03524569076408545,0.0,0.0,-0.0625,84,220.60000000000002,True,False,completed,1.0,1.0,1733.5999999999995,1733.5999999999995,1453.0058480944115,1.8266666666666673,0.4802233430878998,0.03524569076408542,0.7498999999999985,0.6961965099166654,0.75,381,0.6468590831918506,100,100,121,0.32791327913279134,0,119,3,5,1309,130.9,0,0,0,0.0,0,0.0,0,0,51,0.0,0,{},32.2,28,0.9642857142857143,56,28,243,56,151,358,191,167,16,342,0,191,16,151,16,16,0,342,30,226,1,139,215,342,0,0,191,16,151,95,108,3.768421052631579,0,10,2827,16.031595299995388,12.182267600008345,0.48828839999623597,0.46476490016357275,22.805970200002776,parallel_episode_batch,pending,-0.0014999505830928684,0.010190930260190119,0.4398399442434311,-0.0008028845069929958,1.6021228135009047e-05,0.0,0.9999139964580536,0.3501947510573599,0.23333333333333334,0.9743073582649231,1.3158295154571533,0.24091191589832306,0.016434133052825928,0.10789120197296143,1.2993953227996826,0.20647664368152618,0.7994348406791687,0.0001,-0.2996351420879364,-0.3022376298904419,-0.20238442718982697,-0.2016037255525589,-0.20178046822547913,0.3012286126613617,-0.2999967038631439,-0.2994527220726013,-0.20022808015346527,-0.19978903234004974,-0.20124799013137817,0.01798621006309986,0.12078729271888733,0.01798621006309986,0.11979098618030548,0.0,1.5021741390228271,1.0037965774536133
178,178,35,3,35,18,train_reconfiguration_bottleneck_1000035,1000035,reconfiguration_bottleneck,labor_dominant,0.3333333333333333,0.3333333333333333,0.3333333333333333,group_anchor_3,321,321,0,0.0,321,0,0.0,0,0.0,1.7330160712927811,1.7955160712927811,-0.0625,1.7330160712927811,1.7955160712927816,-4.440892098500626e-16,quality,-1398.2999999999995,-1076.2865238045301,-10.268055555555554,1.0000000000000002,1.0,-0.40896785741443686,0.0,0.0,-0.0625,84,186.5,True,False,completed,1.0,1.0,1398.2999999999995,1398.2999999999995,1076.2865238045301,10.268055555555554,0.45866567468175756,0.40896785741443686,0.639553283,0.5711572349333333,0.75,4,0.03508771929824561,0,0,2,0.010869565217391304,1,110,1,2,1286,128.6,0,0,0,0.0,0,0.0,0,0,55,0.0,0,{},0.0,23,0.9565217391304348,61,23,148,46,43,162,113,49,6,156,0,113,6,43,6,6,0,156,26,22,2,40,5,156,0,0,113,6,43,104,6,1.5576923076923077,0,10,2827,16.031595299995388,12.182267600008345,0.5350349000000278,0.2843799000402214,22.805970200002776,parallel_episode_batch,pending,-0.0014999505830928684,0.010190930260190119,0.4398399442434311,-0.0008028845069929958,1.6021228135009047e-05,0.0,0.9999139964580536,0.3501947510573599,0.23333333333333334,0.9743073582649231,1.3158295154571533,0.24091191589832306,0.016434133052825928,0.10789120197296143,1.2993953227996826,0.20647664368152618,0.7994348406791687,0.0001,-0.2996351420879364,-0.3022376298904419,-0.20238442718982697,-0.2016037255525589,-0.20178046822547913,0.3012286126613617,-0.2999967038631439,-0.2994527220726013,-0.20022808015346527,-0.19978903234004974,-0.20124799013137817,0.01798621006309986,0.12078729271888733,0.01798621006309986,0.11979098618030548,0.0,1.5021741390228271,1.0037965774536133
179,179,35,4,35,18,train_reconfiguration_bottleneck_1000035,1000035,reconfiguration_bottleneck,labor_dominant,0.5,0.3,0.2,group_anchor_4,346,346,0,0.0,346,0,0.0,0,0.0,1.6992711122130348,1.7617711122130348,-0.0625,1.6992711122130348,1.7617711122130348,0.0,quality,-1526.9000000000003,-1252.260108496029,-8.715555555555556,1.0000000000000002,1.0,-0.4764577755739303,0.0,0.0,-0.0625,84,184.5,True,False,completed,1.0,1.0,1526.9000000000003,1526.9000000000003,1252.260108496029,8.715555555555556,0.4764577755739303,0.4764577755739303,0.7499,0.7053541673333332,0.75,22,0.16417910447761194,0,0,82,0.30711610486891383,1,112,2,2,1179,117.9,0,0,0,0.0,0,0.0,0,0,51,0.0,0,{},0.0,27,0.9629629629629629,57,27,155,54,53,201,135,66,13,188,0,135,13,53,13,13,0,188,31,32,0,50,25,188,0,0,135,13,53,111,7,1.8108108108108107,0,10,2827,16.031595299995388,12.182267600008345,0.5280211999997846,0.2806855000089854,22.805970200002776,parallel_episode_batch,pending,-0.0014999505830928684,0.010190930260190119,0.4398399442434311,-0.0008028845069929958,1.6021228135009047e-05,0.0,0.9999139964580536,0.3501947510573599,0.23333333333333334,0.9743073582649231,1.3158295154571533,0.24091191589832306,0.016434133052825928,0.10789120197296143,1.2993953227996826,0.20647664368152618,0.7994348406791687,0.0001,-0.2996351420879364,-0.3022376298904419,-0.20238442718982697,-0.2016037255525589,-0.20178046822547913,0.3012286126613617,-0.2999967038631439,-0.2994527220726013,-0.20022808015346527,-0.19978903234004974,-0.20124799013137817,0.01798621006309986,0.12078729271888733,0.01798621006309986,0.11979098618030548,0.0,1.5021741390228271,1.0037965774536133
180,180,36,0,36,19,train_balanced_1000036,1000036,balanced,labor_dominant,1.0,0.0,0.0,group_anchor_0,207,207,0,0.0,207,0,0.0,0,0.0,1.7405149992424622,1.8030149992424622,-0.0625,1.7405149992424622,1.8030149992424627,-4.440892098500626e-16,quality,-780.0999999999998,-415.24521069792985,-3.7788888888888876,0.9999999999999999,1.0,-0.3939700015150749,0.0,0.0,-0.0625,63,211.8,True,False,completed,1.0,1.0,780.0999999999998,780.0999999999998,415.24521069792985,3.7788888888888876,0.29906102949487723,0.3939700015150749,0.28250000000000003,0.19911846390000001,0.75,0,0.0,0,0,0,0.0,1,57,0,1,1910,191.0,0,0,0,0.0,0,0.0,0,0,23,0.0,0,{},0.0,11,1.0,52,11,101,22,21,113,91,22,1,112,0,91,1,21,1,1,0,112,10,12,0,21,0,112,0,0,91,1,21,78,5,1.4487179487179487,0,10,2096,10.755377399997087,8.646982799997204,0.10648850000143284,0.15110160000767792,15.629940800004988,parallel_episode_batch,pending,-0.0003084604995268764,0.007503598753828555,0.5279708396304738,-0.0018363695055472128,2.41096966033872e-05,0.0,1.0001905876578707,0.2348513471696413,0.045454545454545456,0.5617067217826843,1.3738433122634888,0.26090705394744873,0.010764239355921745,0.10108491033315659,1.363079309463501,0.20355787873268127,0.8498929738998413,0.0001,-0.2993575930595398,-0.3023652732372284,-0.20251694321632385,-0.20169416069984436,-0.20184889435768127,0.30099332332611084,-0.30003660917282104,-0.2996317744255066,-0.20019584894180298,-0.19982203841209412,-0.20127986371517181,0.01798621006309986,0.1210353672504425,0.01798621006309986,0.11987397074699402,0.0,1.5020174980163574,1.0039501190185547
181,181,36,1,36,19,train_balanced_1000036,1000036,balanced,labor_dominant,0.0,1.0,0.0,group_anchor_1,188,188,0,0.0,188,0,0.0,0,0.0,0.1736112272871455,0.2361112272871455,-0.0625,0.1736112272871455,0.23611122728714562,-1.1102230246251565e-16,quality,-1392.7999999999995,-353.3830330598299,-4.664722222222221,0.9333333333333332,0.0,-0.26111087875904215,-1.0,-0.06666666666666667,-0.0625,62,240.0,False,True,horizon,0.9333333333333333,0.9841269841269841,,1392.7999999999995,353.3830330598299,4.664722222222221,0.3639898689603743,0.26111087875904215,0.255,0.21705000000000005,0.75,0,0.0,0,0,20,0.07272727272727272,2,46,0,1,2234,223.4,0,0,0,0.0,0,0.0,0,0,18,0.0,0,{},0.0,9,1.0,54,9,93,18,14,63,49,14,1,62,1,48,0,14,0,0,1,62,6,8,3,11,0,62,1,0,48,0,14,48,4,1.3125,0,10,2096,10.755377399997087,8.646982799997204,0.10379090000060387,0.2813167000640533,15.629940800004988,parallel_episode_batch,pending,-0.0003084604995268764,0.007503598753828555,0.5279708396304738,-0.0018363695055472128,2.41096966033872e-05,0.0,1.0001905876578707,0.2348513471696413,0.045454545454545456,0.5617067217826843,1.3738433122634888,0.26090705394744873,0.010764239355921745,0.10108491033315659,1.363079309463501,0.20355787873268127,0.8498929738998413,0.0001,-0.2993575930595398,-0.3023652732372284,-0.20251694321632385,-0.20169416069984436,-0.20184889435768127,0.30099332332611084,-0.30003660917282104,-0.2996317744255066,-0.20019584894180298,-0.19982203841209412,-0.20127986371517181,0.01798621006309986,0.1210353672504425,0.01798621006309986,0.11987397074699402,0.0,1.5020174980163574,1.0039501190185547
182,182,36,2,36,19,train_balanced_1000036,1000036,balanced,labor_dominant,0.0,0.0,1.0,group_anchor_2,212,212,0,0.0,212,0,0.0,0,0.0,1.9289165902240861,1.9914165902240861,-0.0625,1.9289165902240861,1.991416590224086,2.220446049250313e-16,quality,-854.9000000000002,-459.20582528258996,-0.873333333333334,0.9999999999999999,1.0,-0.017166819551828083,0.0,0.0,-0.0625,63,220.20000000000002,True,False,completed,1.0,1.0,854.9000000000002,854.9000000000002,459.20582528258996,0.873333333333334,0.30585706795354206,0.017166819551828083,0.231,0.1823851305666667,0.75,0,0.0,0,0,0,0.0,1,64,0,1,1755,175.5,0,0,0,0.0,0,0.0,0,0,19,0.0,0,{},0.0,12,0.9166666666666666,51,12,101,24,24,87,62,25,1,86,0,62,1,24,1,1,0,86,10,11,0,20,0,86,0,0,62,1,24,62,4,1.403225806451613,0,10,2096,10.755377399997087,8.646982799997204,0.13721239999722457,0.22597360004874645,15.629940800004988,parallel_episode_batch,pending,-0.0003084604995268764,0.007503598753828555,0.5279708396304738,-0.0018363695055472128,2.41096966033872e-05,0.0,1.0001905876578707,0.2348513471696413,0.045454545454545456,0.5617067217826843,1.3738433122634888,0.26090705394744873,0.010764239355921745,0.10108491033315659,1.363079309463501,0.20355787873268127,0.8498929738998413,0.0001,-0.2993575930595398,-0.3023652732372284,-0.20251694321632385,-0.20169416069984436,-0.20184889435768127,0.30099332332611084,-0.30003660917282104,-0.2996317744255066,-0.20019584894180298,-0.19982203841209412,-0.20127986371517181,0.01798621006309986,0.1210353672504425,0.01798621006309986,0.11987397074699402,0.0,1.5020174980163574,1.0039501190185547
183,183,36,3,36,19,train_balanced_1000036,1000036,balanced,labor_dominant,0.3333333333333333,0.3333333333333333,0.3333333333333333,group_anchor_3,205,205,0,0.0,205,0,0.0,0,0.0,1.8093750626502847,1.8718750626502847,-0.0625,1.8093750626502847,1.8718750626502847,0.0,quality,-826.7000000000002,-414.00210030618007,-3.6513888888888872,0.9999999999999999,1.0,-0.25624987469943084,0.0,0.0,-0.0625,63,229.4,True,False,completed,1.0,1.0,826.7000000000002,826.7000000000002,414.00210030618007,3.6513888888888872,0.3054000145930673,0.25624987469943084,0.27,0.1878862321666667,0.75,0,0.0,0,0,0,0.0,2,61,0,1,2053,205.3,0,0,0,0.0,0,0.0,0,0,20,0.0,0,{},0.0,11,0.9090909090909091,52,11,100,22,20,98,78,20,0,98,0,78,0,20,0,0,0,98,10,10,1,19,0,98,0,0,78,0,20,69,3,1.4202898550724639,0,10,2096,10.755377399997087,8.646982799997204,0.1424027000030037,0.216889799987257,15.629940800004988,parallel_episode_batch,pending,-0.0003084604995268764,0.007503598753828555,0.5279708396304738,-0.0018363695055472128,2.41096966033872e-05,0.0,1.0001905876578707,0.2348513471696413,0.045454545454545456,0.5617067217826843,1.3738433122634888,0.26090705394744873,0.010764239355921745,0.10108491033315659,1.363079309463501,0.20355787873268127,0.8498929738998413,0.0001,-0.2993575930595398,-0.3023652732372284,-0.20251694321632385,-0.20169416069984436,-0.20184889435768127,0.30099332332611084,-0.30003660917282104,-0.2996317744255066,-0.20019584894180298,-0.19982203841209412,-0.20127986371517181,0.01798621006309986,0.1210353672504425,0.01798621006309986,0.11987397074699402,0.0,1.5020174980163574,1.0039501190185547
184,184,36,4,36,19,train_balanced_1000036,1000036,balanced,labor_dominant,0.5,0.3,0.2,group_anchor_4,201,201,0,0.0,201,0,0.0,0,0.0,1.787183483127659,1.849683483127659,-0.0625,1.787183483127659,1.8496834831276587,2.220446049250313e-16,quality,-823.4000000000007,-394.0485876530001,-3.2947222222222208,0.9999999999999999,1.0,-0.30063303374468253,0.0,0.0,-0.0625,63,217.60000000000002,True,False,completed,1.0,1.0,823.4000000000007,823.4000000000007,394.0485876530001,3.2947222222222217,0.30063303374468253,0.30063303374468253,0.2385,0.15981786336666667,0.75,0,0.0,0,0,0,0.0,2,58,0,1,1936,193.60000000000002,0,0,0,0.0,0,0.0,0,0,24,0.0,0,{},0.0,10,1.0,53,10,99,20,19,93,74,19,0,93,0,74,0,19,0,0,0,93,9,9,0,18,0,93,0,0,74,0,19,65,4,1.4307692307692308,0,10,2096,10.755377399997087,8.646982799997204,0.10614369999530027,0.23936980003782082,15.629940800004988,parallel_episode_batch,pending,-0.0003084604995268764,0.007503598753828555,0.5279708396304738,-0.0018363695055472128,2.41096966033872e-05,0.0,1.0001905876578707,0.2348513471696413,0.045454545454545456,0.5617067217826843,1.3738433122634888,0.26090705394744873,0.010764239355921745,0.10108491033315659,1.363079309463501,0.20355787873268127,0.8498929738998413,0.0001,-0.2993575930595398,-0.3023652732372284,-0.20251694321632385,-0.20169416069984436,-0.20184889435768127,0.30099332332611084,-0.30003660917282104,-0.2996317744255066,-0.20019584894180298,-0.19982203841209412,-0.20127986371517181,0.01798621006309986,0.1210353672504425,0.01798621006309986,0.11987397074699402,0.0,1.5020174980163574,1.0039501190185547
185,185,37,0,37,19,train_balanced_1000037,1000037,balanced,downtime_dominant,1.0,0.0,0.0,group_anchor_0,205,205,0,0.0,205,0,0.0,0,0.0,1.7425950879690837,1.8050950879690837,-0.0625,1.7425950879690837,1.8050950879690837,0.0,quality,-766.6,-488.8498062107603,-6.5825000000000005,1.0,1.0,-0.3898098240618326,0.0,0.0,-0.0625,62,181.60000000000002,True,False,completed,1.0,1.0,766.6,766.6,488.8498062107603,6.5825000000000005,0.316673996635648,0.3898098240618326,0.20000000000000004,0.13345438975,0.75,0,0.0,0,0,0,0.0,2,58,0,0,1537,153.70000000000002,0,0,0,0.0,0,0.0,0,0,19,0.0,0,{},0.0,11,1.0,51,11,99,22,22,113,91,22,0,113,0,91,0,22,0,0,0,113,11,11,0,22,0,113,0,0,91,0,22,78,4,1.4487179487179487,0,10,2096,10.755377399997087,8.646982799997204,0.09920559999591205,0.19651560008787783,15.629940800004988,parallel_episode_batch,pending,-0.0003084604995268764,0.007503598753828555,0.5279708396304738,-0.0018363695055472128,2.41096966033872e-05,0.0,1.0001905876578707,0.2348513471696413,0.045454545454545456,0.5617067217826843,1.3738433122634888,0.26090705394744873,0.010764239355921745,0.10108491033315659,1.363079309463501,0.20355787873268127,0.8498929738998413,0.0001,-0.2993575930595398,-0.3023652732372284,-0.20251694321632385,-0.20169416069984436,-0.20184889435768127,0.30099332332611084,-0.30003660917282104,-0.2996317744255066,-0.20019584894180298,-0.19982203841209412,-0.20127986371517181,0.01798621006309986,0.1210353672504425,0.01798621006309986,0.11987397074699402,0.0,1.5020174980163574,1.0039501190185547
186,186,37,1,37,19,train_balanced_1000037,1000037,balanced,downtime_dominant,0.0,1.0,0.0,group_anchor_1,210,210,0,0.0,210,0,0.0,0,0.0,1.752081983553622,1.814581983553622,-0.0625,1.752081983553622,1.8145819835536223,-2.220446049250313e-16,quality,-843.5999999999998,-589.4107931796799,-7.288888888888887,1.0,1.0,-0.37083603289275524,0.0,0.0,-0.0625,62,183.5,True,False,completed,1.0,1.0,843.5999999999998,843.5999999999998,589.4107931796799,7.288888888888887,0.343097361861365,0.37083603289275524,0.2227,0.15263274873333335,0.75,0,0.0,0,0,0,0.0,1,67,0,1,1463,146.3,0,0,0,0.0,0,0.0,0,0,27,0.0,0,{},0.0,12,1.0,50,12,101,24,23,93,69,24,1,92,0,69,1,23,1,1,0,92,12,8,0,19,0,92,0,0,69,1,23,67,8,1.3880597014925373,0,10,2096,10.755377399997087,8.646982799997204,0.11589729999832343,0.247796099880361,15.629940800004988,parallel_episode_batch,pending,-0.0003084604995268764,0.007503598753828555,0.5279708396304738,-0.0018363695055472128,2.41096966033872e-05,0.0,1.0001905876578707,0.2348513471696413,0.045454545454545456,0.5617067217826843,1.3738433122634888,0.26090705394744873,0.010764239355921745,0.10108491033315659,1.363079309463501,0.20355787873268127,0.8498929738998413,0.0001,-0.2993575930595398,-0.3023652732372284,-0.20251694321632385,-0.20169416069984436,-0.20184889435768127,0.30099332332611084,-0.30003660917282104,-0.2996317744255066,-0.20019584894180298,-0.19982203841209412,-0.20127986371517181,0.01798621006309986,0.1210353672504425,0.01798621006309986,0.11987397074699402,0.0,1.5020174980163574,1.0039501190185547
187,187,37,2,37,19,train_balanced_1000037,1000037,balanced,downtime_dominant,0.0,0.0,1.0,group_anchor_2,241,241,0,0.0,241,0,0.0,0,0.0,1.9236396192986625,1.9861396192986625,-0.0625,1.9236396192986625,1.9861396192986627,-2.220446049250313e-16,quality,-925.4999999999999,-808.9490899100194,-1.4255555555555564,1.0,1.0,-0.02772076140267485,0.0,0.0,-0.0625,62,190.60000000000002,True,False,completed,1.0,1.0,925.4999999999999,925.4999999999999,808.9490899100194,1.4255555555555555,0.3574154849507921,0.02772076140267485,0.21140000000000003,0.15970438975,0.75,0,0.0,0,0,0,0.0,2,99,0,3,1416,141.6,0,0,0,0.0,0,0.0,0,0,26,0.0,0,{},0.0,17,1.0,45,17,111,34,34,114,80,34,0,114,0,80,0,34,0,0,0,114,15,15,0,30,0,114,0,0,80,0,34,73,4,1.5616438356164384,0,10,2096,10.755377399997087,8.646982799997204,0.1285437999977148,0.2595132000060403,15.629940800004988,parallel_episode_batch,pending,-0.0003084604995268764,0.007503598753828555,0.5279708396304738,-0.0018363695055472128,2.41096966033872e-05,0.0,1.0001905876578707,0.2348513471696413,0.045454545454545456,0.5617067217826843,1.3738433122634888,0.26090705394744873,0.010764239355921745,0.10108491033315659,1.363079309463501,0.20355787873268127,0.8498929738998413,0.0001,-0.2993575930595398,-0.3023652732372284,-0.20251694321632385,-0.20169416069984436,-0.20184889435768127,0.30099332332611084,-0.30003660917282104,-0.2996317744255066,-0.20019584894180298,-0.19982203841209412,-0.20127986371517181,0.01798621006309986,0.1210353672504425,0.01798621006309986,0.11987397074699402,0.0,1.5020174980163574,1.0039501190185547
188,188,37,3,37,19,train_balanced_1000037,1000037,balanced,downtime_dominant,0.3333333333333333,0.3333333333333333,0.3333333333333333,group_anchor_3,221,221,0,0.0,221,0,0.0,0,0.0,1.784490055489483,1.846990055489483,-0.0625,1.784490055489483,1.8469900554894825,4.440892098500626e-16,quality,-862.1000000000005,-663.4511626429799,-5.626666666666671,1.0,1.0,-0.3060198890210349,0.0,0.0,-0.0625,62,192.60000000000002,True,False,completed,1.0,1.0,862.1000000000005,862.1000000000005,663.4511626429799,5.626666666666671,0.34891663915210486,0.3060198890210349,0.18760000000000004,0.14452047181666666,0.75,0,0.0,0,0,0,0.0,2,81,0,2,1576,157.60000000000002,0,0,0,0.0,0,0.0,0,0,28,0.0,0,{},0.0,14,1.0,48,14,104,28,27,109,82,27,0,109,0,82,0,27,0,0,0,109,13,14,0,27,0,109,0,0,82,0,27,74,4,1.472972972972973,0,10,2096,10.755377399997087,8.646982799997204,0.12114370000199415,0.25578069993207464,15.629940800004988,parallel_episode_batch,pending,-0.0003084604995268764,0.007503598753828555,0.5279708396304738,-0.0018363695055472128,2.41096966033872e-05,0.0,1.0001905876578707,0.2348513471696413,0.045454545454545456,0.5617067217826843,1.3738433122634888,0.26090705394744873,0.010764239355921745,0.10108491033315659,1.363079309463501,0.20355787873268127,0.8498929738998413,0.0001,-0.2993575930595398,-0.3023652732372284,-0.20251694321632385,-0.20169416069984436,-0.20184889435768127,0.30099332332611084,-0.30003660917282104,-0.2996317744255066,-0.20019584894180298,-0.19982203841209412,-0.20127986371517181,0.01798621006309986,0.1210353672504425,0.01798621006309986,0.11987397074699402,0.0,1.5020174980163574,1.0039501190185547
189,189,37,4,37,19,train_balanced_1000037,1000037,balanced,downtime_dominant,0.5,0.3,0.2,group_anchor_4,206,206,0,0.0,206,0,0.0,0,0.0,1.7761976602976715,1.8386976602976715,-0.0625,1.7761976602976715,1.8386976602976717,-2.220446049250313e-16,quality,-797.0000000000001,-575.9126811042396,-3.596666666666668,1.0,1.0,-0.3226046794046565,0.0,0.0,-0.0625,62,189.60000000000002,True,False,completed,1.0,1.0,797.0000000000001,797.0000000000001,575.9126811042396,3.596666666666667,0.3226046794046565,0.3226046794046565,0.24550000000000002,0.1473731320666667,0.75,0,0.0,0,0,0,0.0,2,70,0,0,1563,156.3,0,0,0,0.0,0,0.0,0,0,18,0.0,0,{},0.0,12,0.9166666666666666,50,12,97,24,23,105,82,23,0,105,0,82,0,23,0,0,0,105,12,11,0,23,0,105,0,0,82,0,23,73,4,1.4383561643835616,0,10,2096,10.755377399997087,8.646982799997204,0.1446797000025981,0.1635435000353027,15.629940800004988,parallel_episode_batch,pending,-0.0003084604995268764,0.007503598753828555,0.5279708396304738,-0.0018363695055472128,2.41096966033872e-05,0.0,1.0001905876578707,0.2348513471696413,0.045454545454545456,0.5617067217826843,1.3738433122634888,0.26090705394744873,0.010764239355921745,0.10108491033315659,1.363079309463501,0.20355787873268127,0.8498929738998413,0.0001,-0.2993575930595398,-0.3023652732372284,-0.20251694321632385,-0.20169416069984436,-0.20184889435768127,0.30099332332611084,-0.30003660917282104,-0.2996317744255066,-0.20019584894180298,-0.19982203841209412,-0.20127986371517181,0.01798621006309986,0.1210353672504425,0.01798621006309986,0.11987397074699402,0.0,1.5020174980163574,1.0039501190185547
190,190,38,0,38,20,train_worker_bottleneck_1000038,1000038,worker_bottleneck,balanced_cost,1.0,0.0,0.0,group_anchor_0,312,312,0,0.0,312,0,0.0,0,0.0,1.681720123738196,1.744220123738196,-0.0625,1.681720123738196,1.744220123738196,0.0,quality,-1256.7999999999995,-1141.3958153694894,-9.30333333333335,1.0,1.0,-0.5115597525236079,0.0,0.0,-0.0625,74,137.20000000000002,True,False,completed,1.0,1.0,1256.7999999999995,1256.7999999999995,1141.3958153694894,9.303333333333349,0.4470597522485998,0.5115597525236079,0.6936144563000001,0.5398533863333334,0.75,0,0.0,0,0,4,0.027777777777777776,1,124,1,0,955,95.5,0,0,0,0.0,0,0.0,0,0,43,0.0,0,{},0.0,26,0.8461538461538461,48,26,135,52,51,186,129,57,6,180,0,129,6,51,6,6,0,180,28,29,1,50,2,180,0,0,129,6,51,114,8,1.631578947368421,0,10,2617,14.224836599998525,11.008990699985588,0.13009520000196062,0.17823340008908417,20.073602200005553,parallel_episode_batch,pending,8.217408889677467e-05,0.0017350065988976872,0.5069250846054496,-0.004119573734564389,5.016787337986099e-06,0.0,0.9999989154862194,0.15020087372693347,0.0,0.4848482608795166,1.440218210220337,0.23182250559329987,0.026335468515753746,0.052857350558042526,1.4138827323913574,0.226392924785614,0.9480124115943909,0.0001,-0.2994939684867859,-0.3024395704269409,-0.20231889188289642,-0.20173633098602295,-0.20203913748264313,0.3010639548301697,-0.2999963164329529,-0.2997889220714569,-0.20058868825435638,-0.19984015822410583,-0.20124076306819916,0.01798621006309986,0.12095581740140915,0.01798621006309986,0.11969278007745743,0.0,1.5020021200180054,1.0039037466049194
191,191,38,1,38,20,train_worker_bottleneck_1000038,1000038,worker_bottleneck,balanced_cost,0.0,1.0,0.0,group_anchor_1,258,258,0,0.0,258,0,0.0,0,0.0,1.7187044579477395,1.7812044579477395,-0.0625,1.7187044579477395,1.7812044579477395,0.0,quality,-1252.2999999999997,-778.0656951495499,-4.965555555555555,1.0,1.0,-0.4375910841045208,0.0,0.0,-0.0625,74,153.8,True,False,completed,1.0,1.0,1252.2999999999997,1252.2999999999997,778.0656951495499,4.965555555555555,0.40467693552335493,0.4375910841045208,0.35422153370000004,0.2999858735166667,0.75,0,0.0,0,0,0,0.0,1,92,0,1,1239,123.9,0,0,0,0.0,0,0.0,0,0,47,0.0,0,{},0.0,18,0.9444444444444444,56,18,117,36,31,116,84,32,1,115,0,84,1,31,1,1,0,115,15,18,2,30,0,115,0,0,84,1,31,81,6,1.4320987654320987,0,10,2617,14.224836599998525,11.008990699985588,0.15482170000177575,0.2128389999998035,20.073602200005553,parallel_episode_batch,pending,8.217408889677467e-05,0.0017350065988976872,0.5069250846054496,-0.004119573734564389,5.016787337986099e-06,0.0,0.9999989154862194,0.15020087372693347,0.0,0.4848482608795166,1.440218210220337,0.23182250559329987,0.026335468515753746,0.052857350558042526,1.4138827323913574,0.226392924785614,0.9480124115943909,0.0001,-0.2994939684867859,-0.3024395704269409,-0.20231889188289642,-0.20173633098602295,-0.20203913748264313,0.3010639548301697,-0.2999963164329529,-0.2997889220714569,-0.20058868825435638,-0.19984015822410583,-0.20124076306819916,0.01798621006309986,0.12095581740140915,0.01798621006309986,0.11969278007745743,0.0,1.5020021200180054,1.0039037466049194
192,192,38,2,38,20,train_worker_bottleneck_1000038,1000038,worker_bottleneck,balanced_cost,0.0,0.0,1.0,group_anchor_2,293,293,0,0.0,293,0,0.0,0,0.0,1.9215765701561414,1.9840765701561414,-0.0625,1.9215765701561414,1.9840765701561416,-2.220446049250313e-16,quality,-1937.1000000000001,-962.3179441783096,-1.6447222222222253,1.0,1.0,-0.0318468596877169,0.0,0.0,-0.0625,74,209.0,True,False,completed,1.0,1.0,1937.1000000000001,1937.1000000000001,962.3179441783096,1.6447222222222262,0.46222950416047337,0.0318468596877169,0.4946144563000001,0.39503587351666675,0.75,0,0.0,4,4,6,0.008583690987124463,0,104,0,6,1705,170.5,0,0,0,0.0,0,0.0,0,0,43,0.0,0,{},2.0,22,0.9090909090909091,52,22,131,44,44,127,76,51,7,120,0,76,7,44,7,7,0,120,20,30,0,39,0,120,0,0,76,7,44,76,6,1.6710526315789473,0,10,2617,14.224836599998525,11.008990699985588,0.14071189999958733,0.7982232999347616,20.073602200005553,parallel_episode_batch,pending,8.217408889677467e-05,0.0017350065988976872,0.5069250846054496,-0.004119573734564389,5.016787337986099e-06,0.0,0.9999989154862194,0.15020087372693347,0.0,0.4848482608795166,1.440218210220337,0.23182250559329987,0.026335468515753746,0.052857350558042526,1.4138827323913574,0.226392924785614,0.9480124115943909,0.0001,-0.2994939684867859,-0.3024395704269409,-0.20231889188289642,-0.20173633098602295,-0.20203913748264313,0.3010639548301697,-0.2999963164329529,-0.2997889220714569,-0.20058868825435638,-0.19984015822410583,-0.20124076306819916,0.01798621006309986,0.12095581740140915,0.01798621006309986,0.11969278007745743,0.0,1.5020021200180054,1.0039037466049194
193,193,38,3,38,20,train_worker_bottleneck_1000038,1000038,worker_bottleneck,balanced_cost,0.3333333333333333,0.3333333333333333,0.3333333333333333,group_anchor_3,293,293,0,0.0,293,0,0.0,0,0.0,1.745383402865231,1.807883402865231,-0.0625,1.745383402865231,1.8078834028652309,2.220446049250313e-16,quality,-1350.1,-1068.0950367209898,-5.978888888888892,1.0,1.0,-0.3842331942695381,0.0,0.0,-0.0625,74,152.70000000000002,True,False,completed,1.0,1.0,1350.1,1350.1,1068.0950367209898,5.978888888888892,0.4410153048037182,0.3842331942695381,0.5285144562999998,0.48195254018333333,0.75,0,0.0,0,0,2,0.0091324200913242,1,126,1,1,1064,106.4,0,0,0,0.0,0,0.0,0,0,43,0.0,0,{},0.0,25,0.92,49,25,126,50,43,139,92,47,4,135,0,92,4,43,4,4,0,135,21,28,2,43,1,135,0,0,92,4,43,85,6,1.6352941176470588,0,10,2617,14.224836599998525,11.008990699985588,0.1397958000015933,0.23023309995187446,20.073602200005553,parallel_episode_batch,pending,8.217408889677467e-05,0.0017350065988976872,0.5069250846054496,-0.004119573734564389,5.016787337986099e-06,0.0,0.9999989154862194,0.15020087372693347,0.0,0.4848482608795166,1.440218210220337,0.23182250559329987,0.026335468515753746,0.052857350558042526,1.4138827323913574,0.226392924785614,0.9480124115943909,0.0001,-0.2994939684867859,-0.3024395704269409,-0.20231889188289642,-0.20173633098602295,-0.20203913748264313,0.3010639548301697,-0.2999963164329529,-0.2997889220714569,-0.20058868825435638,-0.19984015822410583,-0.20124076306819916,0.01798621006309986,0.12095581740140915,0.01798621006309986,0.11969278007745743,0.0,1.5020021200180054,1.0039037466049194
194,194,38,4,38,20,train_worker_bottleneck_1000038,1000038,worker_bottleneck,balanced_cost,0.5,0.3,0.2,group_anchor_4,265,265,0,0.0,265,0,0.0,0,0.0,1.737049611135526,1.799549611135526,-0.0625,1.737049611135526,1.799549611135526,0.0,quality,-1242.7000000000003,-769.60465030665,-4.365555555555553,1.0,1.0,-0.40090077772894817,0.0,0.0,-0.0625,74,148.6,True,False,completed,1.0,1.0,1242.7000000000003,1242.7000000000003,769.60465030665,4.365555555555553,0.40090077772894817,0.40090077772894817,0.44671445630000006,0.3553023485333333,0.75,0,0.0,0,0,0,0.0,1,92,0,2,1181,118.10000000000001,0,0,0,0.0,0,0.0,0,0,48,0.0,0,{},0.0,18,0.7777777777777778,56,18,121,36,34,137,100,37,3,134,0,100,3,34,3,3,0,134,18,19,0,34,0,134,0,0,100,3,34,91,6,1.5054945054945055,0,10,2617,14.224836599998525,11.008990699985588,0.16209140000137268,0.2740527999776532,20.073602200005553,parallel_episode_batch,pending,8.217408889677467e-05,0.0017350065988976872,0.5069250846054496,-0.004119573734564389,5.016787337986099e-06,0.0,0.9999989154862194,0.15020087372693347,0.0,0.4848482608795166,1.440218210220337,0.23182250559329987,0.026335468515753746,0.052857350558042526,1.4138827323913574,0.226392924785614,0.9480124115943909,0.0001,-0.2994939684867859,-0.3024395704269409,-0.20231889188289642,-0.20173633098602295,-0.20203913748264313,0.3010639548301697,-0.2999963164329529,-0.2997889220714569,-0.20058868825435638,-0.19984015822410583,-0.20124076306819916,0.01798621006309986,0.12095581740140915,0.01798621006309986,0.11969278007745743,0.0,1.5020021200180054,1.0039037466049194
195,195,39,0,39,20,train_balanced_1000039,1000039,balanced,fixed_cost_dominant,1.0,0.0,0.0,group_anchor_0,236,236,0,0.0,236,0,0.0,0,0.0,1.739022689582391,1.801522689582391,-0.0625,1.739022689582391,1.801522689582391,0.0,quality,-789.9000000000002,-615.1786348791603,-9.526666666666669,1.0000000000000002,1.0,-0.39695462083521793,0.0,0.0,-0.0625,62,193.0,True,False,completed,1.0,1.0,789.9000000000002,789.9000000000002,615.1786348791603,9.526666666666669,0.3447474045443232,0.39695462083521793,0.31387182659999996,0.2251193775,0.75,0,0.0,0,0,0,0.0,1,91,0,0,1464,146.4,0,0,0,0.0,0,0.0,0,0,46,0.0,0,{},0.0,16,0.9375,46,16,111,32,31,136,104,32,1,135,0,104,1,31,1,1,0,135,16,17,1,31,0,135,0,0,104,1,31,88,7,1.5454545454545454,0,10,2617,14.224836599998525,11.008990699985588,0.10539750000316417,0.2176599000231363,20.073602200005553,parallel_episode_batch,pending,8.217408889677467e-05,0.0017350065988976872,0.5069250846054496,-0.004119573734564389,5.016787337986099e-06,0.0,0.9999989154862194,0.15020087372693347,0.0,0.4848482608795166,1.440218210220337,0.23182250559329987,0.026335468515753746,0.052857350558042526,1.4138827323913574,0.226392924785614,0.9480124115943909,0.0001,-0.2994939684867859,-0.3024395704269409,-0.20231889188289642,-0.20173633098602295,-0.20203913748264313,0.3010639548301697,-0.2999963164329529,-0.2997889220714569,-0.20058868825435638,-0.19984015822410583,-0.20124076306819916,0.01798621006309986,0.12095581740140915,0.01798621006309986,0.11969278007745743,0.0,1.5020021200180054,1.0039037466049194
196,196,39,1,39,20,train_balanced_1000039,1000039,balanced,fixed_cost_dominant,0.0,1.0,0.0,group_anchor_1,240,240,0,0.0,240,0,0.0,0,0.0,1.7390292883795484,1.8015292883795484,-0.0625,1.7390292883795484,1.8015292883795488,-4.440892098500626e-16,quality,-947.0000000000001,-658.2137101409102,-5.4358333333333375,1.0000000000000002,1.0,-0.3969414232409024,0.0,0.0,-0.0625,62,213.0,True,False,completed,1.0,1.0,947.0000000000001,947.0000000000001,658.2137101409102,5.4358333333333375,0.35923397801749796,0.3969414232409024,0.2937326521,0.22213719778333338,0.75,0,0.0,0,0,0,0.0,1,90,0,5,1709,170.9,0,0,0,0.0,0,0.0,0,0,45,0.0,0,{},0.0,17,1.0,45,17,116,34,28,102,72,30,2,100,0,72,2,28,2,2,0,100,15,16,3,26,0,100,0,0,72,2,28,62,7,1.6451612903225807,0,10,2617,14.224836599998525,11.008990699985588,0.1349128000001656,0.37205490008636843,20.073602200005553,parallel_episode_batch,pending,8.217408889677467e-05,0.0017350065988976872,0.5069250846054496,-0.004119573734564389,5.016787337986099e-06,0.0,0.9999989154862194,0.15020087372693347,0.0,0.4848482608795166,1.440218210220337,0.23182250559329987,0.026335468515753746,0.052857350558042526,1.4138827323913574,0.226392924785614,0.9480124115943909,0.0001,-0.2994939684867859,-0.3024395704269409,-0.20231889188289642,-0.20173633098602295,-0.20203913748264313,0.3010639548301697,-0.2999963164329529,-0.2997889220714569,-0.20058868825435638,-0.19984015822410583,-0.20124076306819916,0.01798621006309986,0.12095581740140915,0.01798621006309986,0.11969278007745743,0.0,1.5020021200180054,1.0039037466049194
197,197,39,2,39,20,train_balanced_1000039,1000039,balanced,fixed_cost_dominant,0.0,0.0,1.0,group_anchor_2,240,240,0,0.0,240,0,0.0,0,0.0,1.9123413238576112,1.9748413238576112,-0.0625,1.9123413238576112,1.974841323857611,2.220446049250313e-16,quality,-869.7999999999995,-661.1839724391195,-2.649166666666666,1.0000000000000002,1.0,-0.05031735228477815,0.0,0.0,-0.0625,62,200.70000000000002,True,False,completed,1.0,1.0,869.7999999999995,869.7999999999995,661.1839724391195,2.6491666666666656,0.3395863046767198,0.05031735228477815,0.3241326521000001,0.21013622616666672,0.75,0,0.0,0,0,0,0.0,2,93,0,5,1524,152.4,0,0,0,0.0,0,0.0,0,0,45,0.0,0,{},0.0,17,0.8823529411764706,45,17,113,34,31,109,78,31,0,109,0,78,0,31,0,0,0,109,15,15,0,30,0,109,0,0,78,0,31,73,4,1.4931506849315068,0,10,2617,14.224836599998525,11.008990699985588,0.13445040000078734,0.2997656000225106,20.073602200005553,parallel_episode_batch,pending,8.217408889677467e-05,0.0017350065988976872,0.5069250846054496,-0.004119573734564389,5.016787337986099e-06,0.0,0.9999989154862194,0.15020087372693347,0.0,0.4848482608795166,1.440218210220337,0.23182250559329987,0.026335468515753746,0.052857350558042526,1.4138827323913574,0.226392924785614,0.9480124115943909,0.0001,-0.2994939684867859,-0.3024395704269409,-0.20231889188289642,-0.20173633098602295,-0.20203913748264313,0.3010639548301697,-0.2999963164329529,-0.2997889220714569,-0.20058868825435638,-0.19984015822410583,-0.20124076306819916,0.01798621006309986,0.12095581740140915,0.01798621006309986,0.11969278007745743,0.0,1.5020021200180054,1.0039037466049194
198,198,39,3,39,20,train_balanced_1000039,1000039,balanced,fixed_cost_dominant,0.3333333333333333,0.3333333333333333,0.3333333333333333,group_anchor_3,244,244,0,0.0,244,0,0.0,0,0.0,1.775670242507874,1.838170242507874,-0.0625,1.775670242507874,1.838170242507874,0.0,quality,-839.9,-700.9956424207498,-8.625833333333336,1.0000000000000002,1.0,-0.32365951498425194,0.0,0.0,-0.0625,62,200.10000000000002,True,False,completed,1.0,1.0,839.9,839.9,700.9956424207498,8.625833333333334,0.3589273715298821,0.32365951498425194,0.3365326521,0.2285740730666667,0.75,0,0.0,0,0,0,0.0,1,97,0,0,1460,146.0,0,0,0,0.0,0,0.0,0,0,44,0.0,0,{},0.0,18,0.8888888888888888,44,18,112,36,34,123,87,36,2,121,0,87,2,34,2,2,0,121,16,19,1,32,0,121,0,0,87,2,34,79,6,1.5569620253164558,0,10,2617,14.224836599998525,11.008990699985588,0.1241712999981246,0.2773322001521592,20.073602200005553,parallel_episode_batch,pending,8.217408889677467e-05,0.0017350065988976872,0.5069250846054496,-0.004119573734564389,5.016787337986099e-06,0.0,0.9999989154862194,0.15020087372693347,0.0,0.4848482608795166,1.440218210220337,0.23182250559329987,0.026335468515753746,0.052857350558042526,1.4138827323913574,0.226392924785614,0.9480124115943909,0.0001,-0.2994939684867859,-0.3024395704269409,-0.20231889188289642,-0.20173633098602295,-0.20203913748264313,0.3010639548301697,-0.2999963164329529,-0.2997889220714569,-0.20058868825435638,-0.19984015822410583,-0.20124076306819916,0.01798621006309986,0.12095581740140915,0.01798621006309986,0.11969278007745743,0.0,1.5020021200180054,1.0039037466049194
199,199,39,4,39,20,train_balanced_1000039,1000039,balanced,fixed_cost_dominant,0.5,0.3,0.2,group_anchor_4,236,236,0,0.0,236,0,0.0,0,0.0,1.768486236459105,1.830986236459105,-0.0625,1.768486236459105,1.830986236459105,0.0,quality,-789.9999999999999,-625.6617777553093,-6.842499999999995,1.0000000000000002,1.0,-0.33802752708178985,0.0,0.0,-0.0625,62,190.10000000000002,True,False,completed,1.0,1.0,789.9999999999999,789.9999999999999,625.6617777553093,6.842499999999997,0.33802752708178985,0.33802752708178985,0.2808718266,0.22412053111666666,0.75,0,0.0,0,0,0,0.0,1,85,0,1,1389,138.9,0,0,0,0.0,0,0.0,0,0,46,0.0,0,{},0.0,16,0.875,46,16,112,32,30,126,94,32,2,124,0,94,2,30,2,2,0,124,14,18,1,29,0,124,0,0,94,2,30,79,10,1.5949367088607596,0,10,2617,14.224836599998525,11.008990699985588,0.12053130000276724,0.20223399997485103,20.073602200005553,parallel_episode_batch,pending,8.217408889677467e-05,0.0017350065988976872,0.5069250846054496,-0.004119573734564389,5.016787337986099e-06,0.0,0.9999989154862194,0.15020087372693347,0.0,0.4848482608795166,1.440218210220337,0.23182250559329987,0.026335468515753746,0.052857350558042526,1.4138827323913574,0.226392924785614,0.9480124115943909,0.0001,-0.2994939684867859,-0.3024395704269409,-0.20231889188289642,-0.20173633098602295,-0.20203913748264313,0.3010639548301697,-0.2999963164329529,-0.2997889220714569,-0.20058868825435638,-0.19984015822410583,-0.20124076306819916,0.01798621006309986,0.12095581740140915,0.01798621006309986,0.11969278007745743,0.0,1.5020021200180054,1.0039037466049194
200,200,40,0,40,21,train_fatigue_bottleneck_1000040,1000040,fatigue_bottleneck,labor_dominant,1.0,0.0,0.0,group_anchor_0,322,322,0,0.0,322,0,0.0,0,0.0,1.6454362328885808,1.7079362328885808,-0.0625,1.6454362328885808,1.7079362328885808,0.0,quality,-1685.5,-1139.1296908300897,-8.559166666666666,1.0000000000000002,1.0,-0.5841275342228384,0.0,0.0,-0.0625,79,170.0,True,False,completed,1.0,1.0,1685.5,1685.5,1139.1296908300897,8.559166666666664,0.48105235848311206,0.5841275342228384,0.7499419925999996,0.7309547866333332,0.75,56,0.39436619718309857,12,12,75,0.3246753246753247,0,86,1,2,1047,104.7,0,0,0,0.0,0,0.0,0,0,55,0.0,0,{},14.200000000000001,23,0.9565217391304348,56,23,145,46,52,196,133,63,11,185,0,133,11,52,11,11,0,185,28,48,4,49,40,185,0,0,133,11,52,103,9,1.9029126213592233,0,10,3294,18.189506700000493,14.298664799971448,0.21928320000006352,0.22502230000100099,27.441447800003516,parallel_episode_batch,pending,0.001561762854600182,0.0006692840089761795,0.4891642489685462,-0.0029952376386902938,2.5607469935424047e-05,0.0,1.0000068241587052,0.08251540289403728,0.0,0.2743839919567108,1.4171780347824097,0.17881765961647034,0.026157302781939507,0.03301900625228882,1.3910207748413086,0.18042445182800293,0.9659036993980408,0.0001,-0.29938891530036926,-0.3030867874622345,-0.20270784199237823,-0.2021816074848175,-0.20257200300693512,0.3012440800666809,-0.3003814220428467,-0.29987379908561707,-0.20024624466896057,-0.20015792548656464,-0.20147612690925598,0.01798621006309986,0.12143392860889435,0.01798621006309986,0.12053821235895157,0.0,1.502915859222412,1.0049535036087036
201,201,40,1,40,21,train_fatigue_bottleneck_1000040,1000040,fatigue_bottleneck,labor_dominant,0.0,1.0,0.0,group_anchor_1,261,261,0,0.0,261,0,0.0,0,0.0,1.7261934094709308,1.7886934094709308,-0.0625,1.7261934094709308,1.7886934094709306,2.220446049250313e-16,quality,-1865.7000000000003,-731.94116525319,-7.736666666666677,1.0000000000000002,1.0,-0.42261318105813866,0.0,0.0,-0.0625,79,174.5,True,False,completed,1.0,1.0,1865.7000000000003,1865.7000000000003,731.94116525319,7.736666666666679,0.4578699263365282,0.42261318105813866,0.5539419926000001,0.4740381199666667,0.75,0,0.0,0,0,0,0.0,1,81,0,5,1451,145.1,0,0,0,0.0,0,0.0,0,0,59,0.0,0,{},0.0,16,1.0,63,16,125,32,25,98,71,27,2,96,0,71,2,25,2,2,0,96,9,14,1,20,0,96,0,0,71,2,25,65,7,1.5076923076923077,0,10,3294,18.189506700000493,14.298664799971448,0.19469720000051893,0.3116144000014174,27.441447800003516,parallel_episode_batch,pending,0.001561762854600182,0.0006692840089761795,0.4891642489685462,-0.0029952376386902938,2.5607469935424047e-05,0.0,1.0000068241587052,0.08251540289403728,0.0,0.2743839919567108,1.4171780347824097,0.17881765961647034,0.026157302781939507,0.03301900625228882,1.3910207748413086,0.18042445182800293,0.9659036993980408,0.0001,-0.29938891530036926,-0.3030867874622345,-0.20270784199237823,-0.2021816074848175,-0.20257200300693512,0.3012440800666809,-0.3003814220428467,-0.29987379908561707,-0.20024624466896057,-0.20015792548656464,-0.20147612690925598,0.01798621006309986,0.12143392860889435,0.01798621006309986,0.12053821235895157,0.0,1.502915859222412,1.0049535036087036
202,202,40,2,40,21,train_fatigue_bottleneck_1000040,1000040,fatigue_bottleneck,labor_dominant,0.0,0.0,1.0,group_anchor_2,626,626,0,0.0,626,0,0.0,0,0.0,1.8983011796510199,1.9608011796510199,-0.06249999999999997,1.8983011796510199,1.9608011796510199,0.0,quality,-1910.7999999999959,-1268.7145336273577,-4.253333333333334,1.0000000000000002,1.0,-0.0783976406979602,0.0,0.0,-0.06249999999999997,79,213.20000000000002,True,False,completed,1.0,1.0,1910.7999999999959,1910.7999999999959,1268.7145336273577,4.253333333333334,0.4905696255329097,0.0783976406979602,0.7498802913999925,0.7122381199666644,0.75,513,0.47588126159554733,165,165,262,0.43666666666666665,0,94,2,2,1345,134.5,0,0,0,0.0,0,0.0,0,0,55,0.0,0,{},36.5,24,0.875,55,24,295,48,204,461,241,220,16,445,0,241,16,204,16,16,0,445,28,349,3,193,329,443,0,0,241,16,204,85,88,5.423529411764706,0,10,3294,18.189506700000493,14.298664799971448,0.1854562000007718,0.5198925000440795,27.441447800003516,parallel_episode_batch,pending,0.001561762854600182,0.0006692840089761795,0.4891642489685462,-0.0029952376386902938,2.5607469935424047e-05,0.0,1.0000068241587052,0.08251540289403728,0.0,0.2743839919567108,1.4171780347824097,0.17881765961647034,0.026157302781939507,0.03301900625228882,1.3910207748413086,0.18042445182800293,0.9659036993980408,0.0001,-0.29938891530036926,-0.3030867874622345,-0.20270784199237823,-0.2021816074848175,-0.20257200300693512,0.3012440800666809,-0.3003814220428467,-0.29987379908561707,-0.20024624466896057,-0.20015792548656464,-0.20147612690925598,0.01798621006309986,0.12143392860889435,0.01798621006309986,0.12053821235895157,0.0,1.502915859222412,1.0049535036087036
203,203,40,3,40,21,train_fatigue_bottleneck_1000040,1000040,fatigue_bottleneck,labor_dominant,0.3333333333333333,0.3333333333333333,0.3333333333333333,group_anchor_3,295,295,0,0.0,295,0,0.0,0,0.0,1.7062277481149035,1.7687277481149035,-0.0625,1.7062277481149035,1.7687277481149037,-2.220446049250313e-16,quality,-1870.7,-1025.8456500723091,-18.685555555555542,1.0000000000000002,1.0,-0.4625445037701926,0.0,0.0,-0.0625,79,174.4,True,False,completed,1.0,1.0,1870.7,1870.7,1025.8456500723091,18.685555555555542,0.5109274880129939,0.4625445037701926,0.7454802914,0.6290047866333334,0.75,10,0.09615384615384616,0,0,8,0.01839080459770115,1,94,0,2,1376,137.6,0,0,0,0.0,0,0.0,0,0,55,0.0,0,{},0.0,22,1.0,57,22,134,44,38,153,104,49,11,142,0,104,11,38,11,11,0,142,23,28,4,36,9,142,0,0,104,11,38,85,10,1.8,0,10,3294,18.189506700000493,14.298664799971448,0.20062309999775607,0.2946103999202023,27.441447800003516,parallel_episode_batch,pending,0.001561762854600182,0.0006692840089761795,0.4891642489685462,-0.0029952376386902938,2.5607469935424047e-05,0.0,1.0000068241587052,0.08251540289403728,0.0,0.2743839919567108,1.4171780347824097,0.17881765961647034,0.026157302781939507,0.03301900625228882,1.3910207748413086,0.18042445182800293,0.9659036993980408,0.0001,-0.29938891530036926,-0.3030867874622345,-0.20270784199237823,-0.2021816074848175,-0.20257200300693512,0.3012440800666809,-0.3003814220428467,-0.29987379908561707,-0.20024624466896057,-0.20015792548656464,-0.20147612690925598,0.01798621006309986,0.12143392860889435,0.01798621006309986,0.12053821235895157,0.0,1.502915859222412,1.0049535036087036
204,204,40,4,40,21,train_fatigue_bottleneck_1000040,1000040,fatigue_bottleneck,labor_dominant,0.5,0.3,0.2,group_anchor_4,322,322,0,0.0,322,0,0.0,0,0.0,1.703035308684087,1.765535308684087,-0.0625,1.703035308684087,1.765535308684087,0.0,quality,-1744.8000000000004,-999.9640213067402,-6.395555555555556,1.0000000000000002,1.0,-0.4689293826318261,0.0,0.0,-0.0625,79,164.8,True,False,completed,1.0,1.0,1744.8000000000004,1744.8000000000004,999.9640213067402,6.39555555555556,0.4689293826318261,0.4689293826318261,0.7498802914000001,0.6525381199666666,0.75,129,0.6056338028169014,28,28,35,0.17412935323383086,0,74,3,3,1086,108.60000000000001,0,0,0,0.0,0,0.0,0,0,51,0.0,0,{},36.5,19,0.8947368421052632,60,19,145,38,60,195,123,72,12,183,0,123,12,60,12,12,0,183,24,75,1,58,66,183,0,0,123,12,60,87,21,2.2413793103448274,0,10,3294,18.189506700000493,14.298664799971448,0.16560940000636037,0.3370997000092757,27.441447800003516,parallel_episode_batch,pending,0.001561762854600182,0.0006692840089761795,0.4891642489685462,-0.0029952376386902938,2.5607469935424047e-05,0.0,1.0000068241587052,0.08251540289403728,0.0,0.2743839919567108,1.4171780347824097,0.17881765961647034,0.026157302781939507,0.03301900625228882,1.3910207748413086,0.18042445182800293,0.9659036993980408,0.0001,-0.29938891530036926,-0.3030867874622345,-0.20270784199237823,-0.2021816074848175,-0.20257200300693512,0.3012440800666809,-0.3003814220428467,-0.29987379908561707,-0.20024624466896057,-0.20015792548656464,-0.20147612690925598,0.01798621006309986,0.12143392860889435,0.01798621006309986,0.12053821235895157,0.0,1.502915859222412,1.0049535036087036
205,205,41,0,41,21,train_high_arrival_pressure_1000041,1000041,high_arrival_pressure,fixed_cost_dominant,1.0,0.0,0.0,group_anchor_0,306,306,0,0.0,306,0,0.0,0,0.0,1.6442967188253945,1.7067967188253945,-0.06250000000000003,1.6442967188253945,1.7067967188253947,-2.220446049250313e-16,quality,-1701.3999999999992,-986.3928012284603,-4.06138888888889,1.0000000000000002,1.0,-0.5864065623492106,0.0,0.0,-0.06250000000000003,80,172.20000000000002,True,False,completed,1.0,1.0,1701.3999999999992,1701.3999999999992,986.3928012284603,4.06138888888889,0.4572008504249946,0.5864065623492106,0.701606603,0.4729885395166667,0.75,1,0.009259259259259259,0,0,2,0.0070921985815602835,1,107,0,0,1283,128.3,0,0,0,0.0,0,0.0,0,0,54,0.0,0,{},0.0,23,0.9130434782608695,57,23,137,46,43,173,124,49,6,167,0,124,6,43,6,6,0,167,25,25,1,43,1,167,0,0,124,6,43,107,9,1.6168224299065421,0,10,3294,18.189506700000493,14.298664799971448,0.18801630000234582,0.31701190000603674,27.441447800003516,parallel_episode_batch,pending,0.001561762854600182,0.0006692840089761795,0.4891642489685462,-0.0029952376386902938,2.5607469935424047e-05,0.0,1.0000068241587052,0.08251540289403728,0.0,0.2743839919567108,1.4171780347824097,0.17881765961647034,0.026157302781939507,0.03301900625228882,1.3910207748413086,0.18042445182800293,0.9659036993980408,0.0001,-0.29938891530036926,-0.3030867874622345,-0.20270784199237823,-0.2021816074848175,-0.20257200300693512,0.3012440800666809,-0.3003814220428467,-0.29987379908561707,-0.20024624466896057,-0.20015792548656464,-0.20147612690925598,0.01798621006309986,0.12143392860889435,0.01798621006309986,0.12053821235895157,0.0,1.502915859222412,1.0049535036087036
206,206,41,1,41,21,train_high_arrival_pressure_1000041,1000041,high_arrival_pressure,fixed_cost_dominant,0.0,1.0,0.0,group_anchor_1,262,262,0,0.0,262,0,0.0,0,0.0,1.7448999276142296,1.8073999276142296,-0.0625,1.7448999276142296,1.8073999276142299,-2.220446049250313e-16,quality,-1708.9999999999993,-626.5456009718806,-13.164722222222224,1.0000000000000002,1.0,-0.38520014477154046,0.0,0.0,-0.0625,80,151.0,True,False,completed,1.0,1.0,1708.9999999999993,1708.9999999999993,626.5456009718806,13.164722222222224,0.4509873788606647,0.38520014477154046,0.4378066029999999,0.3387660609,0.75,0,0.0,1,1,2,0.005494505494505495,0,75,1,1,1215,121.5,0,0,0,0.0,0,0.0,0,0,46,0.0,0,{},0.5,15,0.9333333333333333,65,15,124,30,28,115,85,30,2,113,0,85,2,28,2,2,0,113,15,17,2,27,0,113,0,0,85,2,28,79,9,1.4556962025316456,0,10,3294,18.189506700000493,14.298664799971448,0.16410209999594372,0.3882548999899882,27.441447800003516,parallel_episode_batch,pending,0.001561762854600182,0.0006692840089761795,0.4891642489685462,-0.0029952376386902938,2.5607469935424047e-05,0.0,1.0000068241587052,0.08251540289403728,0.0,0.2743839919567108,1.4171780347824097,0.17881765961647034,0.026157302781939507,0.03301900625228882,1.3910207748413086,0.18042445182800293,0.9659036993980408,0.0001,-0.29938891530036926,-0.3030867874622345,-0.20270784199237823,-0.2021816074848175,-0.20257200300693512,0.3012440800666809,-0.3003814220428467,-0.29987379908561707,-0.20024624466896057,-0.20015792548656464,-0.20147612690925598,0.01798621006309986,0.12143392860889435,0.01798621006309986,0.12053821235895157,0.0,1.502915859222412,1.0049535036087036
207,207,41,2,41,21,train_high_arrival_pressure_1000041,1000041,high_arrival_pressure,fixed_cost_dominant,0.0,0.0,1.0,group_anchor_2,332,332,0,0.0,332,0,0.0,0,0.0,1.926779345887879,1.989279345887879,-0.0625,1.926779345887879,1.9892793458878788,2.220446049250313e-16,quality,-1916.1,-1107.5902840026808,-1.0955555555555554,1.0000000000000002,1.0,-0.021441308224242193,0.0,0.0,-0.0625,80,199.4,True,False,completed,1.0,1.0,1916.1,1916.1,1107.5902840026808,1.0955555555555572,0.4693972272883181,0.021441308224242193,0.6165066030000002,0.4708385395166668,0.75,1,0.007575757575757576,0,0,0,0.0,1,131,0,9,1483,148.3,0,0,0,0.0,0,0.0,0,0,52,0.0,0,{},0.0,26,0.9615384615384616,54,26,153,52,47,158,106,52,5,153,0,106,5,47,5,5,0,153,27,26,3,45,1,153,0,0,106,5,47,97,9,1.6288659793814433,0,10,3294,18.189506700000493,14.298664799971448,0.18955270000151359,0.4255665000164299,27.441447800003516,parallel_episode_batch,pending,0.001561762854600182,0.0006692840089761795,0.4891642489685462,-0.0029952376386902938,2.5607469935424047e-05,0.0,1.0000068241587052,0.08251540289403728,0.0,0.2743839919567108,1.4171780347824097,0.17881765961647034,0.026157302781939507,0.03301900625228882,1.3910207748413086,0.18042445182800293,0.9659036993980408,0.0001,-0.29938891530036926,-0.3030867874622345,-0.20270784199237823,-0.2021816074848175,-0.20257200300693512,0.3012440800666809,-0.3003814220428467,-0.29987379908561707,-0.20024624466896057,-0.20015792548656464,-0.20147612690925598,0.01798621006309986,0.12143392860889435,0.01798621006309986,0.12053821235895157,0.0,1.502915859222412,1.0049535036087036
208,208,41,3,41,21,train_high_arrival_pressure_1000041,1000041,high_arrival_pressure,fixed_cost_dominant,0.3333333333333333,0.3333333333333333,0.3333333333333333,group_anchor_3,289,289,0,0.0,289,0,0.0,0,0.0,1.691894825897898,1.754394825897898,-0.0625,1.691894825897898,1.7543948258978983,-2.220446049250313e-16,quality,-1706.2000000000012,-868.1129151376093,-36.4813888888889,1.0000000000000002,1.0,-0.4912103482042035,0.0,0.0,-0.0625,80,156.9,True,False,completed,1.0,1.0,1706.2000000000012,1706.2000000000012,868.1129151376093,36.4813888888889,0.5173231551815785,0.4912103482042035,0.5804696108000001,0.3905874081833334,0.75,0,0.0,0,0,2,0.005698005698005698,1,100,0,1,1134,113.4,0,0,0,0.0,0,0.0,0,0,47,0.0,0,{},0.0,20,0.8,60,20,132,40,37,144,103,41,4,140,0,103,4,37,4,4,0,140,18,23,1,36,0,140,0,0,103,4,37,93,9,1.5483870967741935,0,10,3294,18.189506700000493,14.298664799971448,0.20267900000180816,0.35231690001819516,27.441447800003516,parallel_episode_batch,pending,0.001561762854600182,0.0006692840089761795,0.4891642489685462,-0.0029952376386902938,2.5607469935424047e-05,0.0,1.0000068241587052,0.08251540289403728,0.0,0.2743839919567108,1.4171780347824097,0.17881765961647034,0.026157302781939507,0.03301900625228882,1.3910207748413086,0.18042445182800293,0.9659036993980408,0.0001,-0.29938891530036926,-0.3030867874622345,-0.20270784199237823,-0.2021816074848175,-0.20257200300693512,0.3012440800666809,-0.3003814220428467,-0.29987379908561707,-0.20024624466896057,-0.20015792548656464,-0.20147612690925598,0.01798621006309986,0.12143392860889435,0.01798621006309986,0.12053821235895157,0.0,1.502915859222412,1.0049535036087036
209,209,41,4,41,21,train_high_arrival_pressure_1000041,1000041,high_arrival_pressure,fixed_cost_dominant,0.5,0.3,0.2,group_anchor_4,279,279,0,0.0,279,0,0.0,0,0.0,1.7233668244262543,1.7858668244262543,-0.06250000000000003,1.7233668244262543,1.7858668244262543,0.0,quality,-1650.3999999999994,-738.7090352049296,-2.9955555555555575,1.0000000000000002,1.0,-0.4282663511474911,0.0,0.0,-0.06250000000000003,80,158.8,True,False,completed,1.0,1.0,1650.3999999999994,1650.3999999999994,738.7090352049296,2.995555555555557,0.4282663511474911,0.4282663511474911,0.39749194270000004,0.32225520618333336,0.75,0,0.0,0,0,0,0.0,1,81,0,2,1291,129.1,0,0,0,0.0,0,0.0,0,0,50,0.0,0,{},0.0,17,0.9411764705882353,63,17,131,34,34,142,105,37,3,139,0,105,3,34,3,3,0,139,18,19,0,34,0,139,0,0,105,3,34,92,11,1.5434782608695652,0,10,3294,18.189506700000493,14.298664799971448,0.2017682999940007,0.26156130006711464,27.441447800003516,parallel_episode_batch,pending,0.001561762854600182,0.0006692840089761795,0.4891642489685462,-0.0029952376386902938,2.5607469935424047e-05,0.0,1.0000068241587052,0.08251540289403728,0.0,0.2743839919567108,1.4171780347824097,0.17881765961647034,0.026157302781939507,0.03301900625228882,1.3910207748413086,0.18042445182800293,0.9659036993980408,0.0001,-0.29938891530036926,-0.3030867874622345,-0.20270784199237823,-0.2021816074848175,-0.20257200300693512,0.3012440800666809,-0.3003814220428467,-0.29987379908561707,-0.20024624466896057,-0.20015792548656464,-0.20147612690925598,0.01798621006309986,0.12143392860889435,0.01798621006309986,0.12053821235895157,0.0,1.502915859222412,1.0049535036087036
210,210,42,0,42,22,train_balanced_1000042,1000042,balanced,labor_dominant,1.0,0.0,0.0,group_anchor_0,192,192,0,0.0,192,0,0.0,0,0.0,1.748703319502075,1.811203319502075,-0.0625,1.748703319502075,1.8112033195020747,2.220446049250313e-16,quality,-727.9999999999999,-347.41155827828015,-18.41222222222222,0.9999999999999999,1.0,-0.37759336099585056,0.0,0.0,-0.0625,60,215.10000000000002,True,False,completed,1.0,1.0,727.9999999999999,727.9999999999999,347.41155827828015,18.41222222222222,0.31997484763312717,0.37759336099585056,0.2596,0.18767057518333333,0.75,0,0.0,0,0,0,0.0,1,57,0,0,1903,190.3,0,0,0,0.0,0,0.0,0,0,24,0.0,0,{},0.0,10,1.0,50,10,95,20,17,104,85,19,2,102,0,85,2,17,2,2,0,102,12,10,3,17,0,102,0,0,85,2,17,73,6,1.4246575342465753,0,10,1912,10.523172000001068,7.785785999985819,0.14482629999838537,0.14225819997955114,13.949490899998636,parallel_episode_batch,pending,-2.3160285005966823e-05,0.030693051195703445,0.5301348040501277,0.010022017646891375,7.638836386073915e-06,0.0,1.00000006655852,0.3797159149001042,0.25,1.121485710144043,1.3842376470565796,0.43151575326919556,-0.03632992506027222,0.2014019787311554,1.4205677509307861,0.30407655239105225,0.7821617126464844,0.0001,-0.29913073778152466,-0.30300000309944153,-0.20258772373199463,-0.20212146639823914,-0.20252816379070282,0.3009656071662903,-0.30002331733703613,-0.2996236979961395,-0.20037156343460083,-0.19986285269260406,-0.20142973959445953,0.01798621006309986,0.12136948108673096,0.01798621006309986,0.12025406211614609,0.0,1.5024123191833496,1.0048164129257202
211,211,42,1,42,22,train_balanced_1000042,1000042,balanced,labor_dominant,0.0,1.0,0.0,group_anchor_1,163,163,0,0.0,163,0,0.0,0,0.0,-0.04554654387576662,0.01695345612423338,-0.0625,-0.04554654387576662,0.01695345612423399,-6.106226635438361e-16,quality,-1704.4,-199.17461447068996,-4.532222222222223,0.7999999999999999,0.0,-0.1660930877515321,-1.0,-0.2,-0.0625,56,240.0,False,True,horizon,0.8,0.9333333333333333,,1704.4,199.17461447068996,4.532222222222223,0.35986699161810753,0.1660930877515321,0.1439261949,0.12427308534999999,0.75,0,0.0,0,0,13,0.043333333333333335,2,34,0,2,2181,218.10000000000002,0,0,0,0.0,0,0.0,0,0,12,0.0,0,{},0.0,6,1.0,53,6,83,12,9,46,37,9,1,45,1,36,0,9,0,0,1,45,3,4,0,7,0,45,1,0,36,0,9,33,3,1.393939393939394,0,10,1912,10.523172000001068,7.785785999985819,0.10668120000627823,0.44000420004158514,13.949490899998636,parallel_episode_batch,pending,-2.3160285005966823e-05,0.030693051195703445,0.5301348040501277,0.010022017646891375,7.638836386073915e-06,0.0,1.00000006655852,0.3797159149001042,0.25,1.121485710144043,1.3842376470565796,0.43151575326919556,-0.03632992506027222,0.2014019787311554,1.4205677509307861,0.30407655239105225,0.7821617126464844,0.0001,-0.29913073778152466,-0.30300000309944153,-0.20258772373199463,-0.20212146639823914,-0.20252816379070282,0.3009656071662903,-0.30002331733703613,-0.2996236979961395,-0.20037156343460083,-0.19986285269260406,-0.20142973959445953,0.01798621006309986,0.12136948108673096,0.01798621006309986,0.12025406211614609,0.0,1.5024123191833496,1.0048164129257202
212,212,42,2,42,22,train_balanced_1000042,1000042,balanced,labor_dominant,0.0,0.0,1.0,group_anchor_2,222,222,0,0.0,222,0,0.0,0,0.0,0.29377340365536797,0.35627340365536797,-0.0625,0.29377340365536797,0.35627340365536764,3.3306690738754696e-16,quality,-1265.8000000000004,-527.0956411607699,-1.0613888888888885,0.9333333333333332,0.0,-0.02078652602259808,-1.0,-0.06666666666666667,-0.0625,59,240.0,False,True,horizon,0.9333333333333333,0.9833333333333333,,1265.8000000000004,527.0956411607699,1.0613888888888894,0.36437721826739156,0.02078652602259808,0.2009,0.16252103248333336,0.75,0,0.0,0,0,5,0.021739130434782608,2,85,0,2,1856,185.60000000000002,0,0,0,0.0,0,0.0,0,0,28,0.0,0,{},0.0,15,1.0,45,15,104,30,28,95,67,28,0,95,0,67,0,28,0,0,0,95,12,13,1,24,0,95,0,0,67,0,28,70,4,1.3571428571428572,0,10,1912,10.523172000001068,7.785785999985819,0.1285351000042283,0.41118280000955565,13.949490899998636,parallel_episode_batch,pending,-2.3160285005966823e-05,0.030693051195703445,0.5301348040501277,0.010022017646891375,7.638836386073915e-06,0.0,1.00000006655852,0.3797159149001042,0.25,1.121485710144043,1.3842376470565796,0.43151575326919556,-0.03632992506027222,0.2014019787311554,1.4205677509307861,0.30407655239105225,0.7821617126464844,0.0001,-0.29913073778152466,-0.30300000309944153,-0.20258772373199463,-0.20212146639823914,-0.20252816379070282,0.3009656071662903,-0.30002331733703613,-0.2996236979961395,-0.20037156343460083,-0.19986285269260406,-0.20142973959445953,0.01798621006309986,0.12136948108673096,0.01798621006309986,0.12025406211614609,0.0,1.5024123191833496,1.0048164129257202
213,213,42,3,42,22,train_balanced_1000042,1000042,balanced,labor_dominant,0.3333333333333333,0.3333333333333333,0.3333333333333333,group_anchor_3,201,201,0,0.0,201,0,0.0,0,0.0,1.7837466039689573,1.8462466039689573,-0.062499999999999986,1.7837466039689573,1.8462466039689573,0.0,quality,-731.7999999999998,-364.82127037924,-19.098888888888897,0.9999999999999999,1.0,-0.3075067920620854,0.0,0.0,-0.062499999999999986,60,216.70000000000002,True,False,completed,1.0,1.0,731.7999999999998,731.7999999999998,364.82127037924,19.098888888888897,0.32487971313072445,0.3075067920620854,0.17089999999999997,0.13710827433333334,0.75,0,0.0,0,0,0,0.0,2,62,0,1,1831,183.10000000000002,0,0,0,0.0,0,0.0,0,0,17,0.0,0,{},0.0,11,1.0,49,11,97,22,22,108,86,22,0,108,0,86,0,22,0,0,0,108,11,11,0,22,0,108,0,0,86,0,22,77,4,1.4025974025974026,0,10,1912,10.523172000001068,7.785785999985819,0.12902890000259504,0.1567831000429578,13.949490899998636,parallel_episode_batch,pending,-2.3160285005966823e-05,0.030693051195703445,0.5301348040501277,0.010022017646891375,7.638836386073915e-06,0.0,1.00000006655852,0.3797159149001042,0.25,1.121485710144043,1.3842376470565796,0.43151575326919556,-0.03632992506027222,0.2014019787311554,1.4205677509307861,0.30407655239105225,0.7821617126464844,0.0001,-0.29913073778152466,-0.30300000309944153,-0.20258772373199463,-0.20212146639823914,-0.20252816379070282,0.3009656071662903,-0.30002331733703613,-0.2996236979961395,-0.20037156343460083,-0.19986285269260406,-0.20142973959445953,0.01798621006309986,0.12136948108673096,0.01798621006309986,0.12025406211614609,0.0,1.5024123191833496,1.0048164129257202
214,214,42,4,42,22,train_balanced_1000042,1000042,balanced,labor_dominant,0.5,0.3,0.2,group_anchor_4,197,197,0,0.0,197,0,0.0,0,0.0,1.7693906617234525,1.8318906617234525,-0.06249999999999997,1.7693906617234525,1.8318906617234527,-2.220446049250313e-16,quality,-718.6999999999998,-354.11387904334987,-27.206666666666667,0.9999999999999999,1.0,-0.33621867655309456,0.0,0.0,-0.06249999999999997,60,211.8,True,False,completed,1.0,1.0,718.6999999999998,718.6999999999998,354.11387904334987,27.206666666666667,0.33621867655309456,0.33621867655309456,0.20810000000000003,0.14462494100000003,0.75,0,0.0,0,0,0,0.0,2,65,0,1,1712,171.20000000000002,0,0,0,0.0,0,0.0,0,0,28,0.0,0,{},0.0,11,1.0,49,11,94,22,21,104,83,21,0,104,0,83,0,21,0,0,0,104,10,11,0,21,0,104,0,0,83,0,21,72,5,1.4444444444444444,0,10,1912,10.523172000001068,7.785785999985819,0.140776400003233,0.21706849997281097,13.949490899998636,parallel_episode_batch,pending,-2.3160285005966823e-05,0.030693051195703445,0.5301348040501277,0.010022017646891375,7.638836386073915e-06,0.0,1.00000006655852,0.3797159149001042,0.25,1.121485710144043,1.3842376470565796,0.43151575326919556,-0.03632992506027222,0.2014019787311554,1.4205677509307861,0.30407655239105225,0.7821617126464844,0.0001,-0.29913073778152466,-0.30300000309944153,-0.20258772373199463,-0.20212146639823914,-0.20252816379070282,0.3009656071662903,-0.30002331733703613,-0.2996236979961395,-0.20037156343460083,-0.19986285269260406,-0.20142973959445953,0.01798621006309986,0.12136948108673096,0.01798621006309986,0.12025406211614609,0.0,1.5024123191833496,1.0048164129257202
215,215,43,0,43,22,train_balanced_1000043,1000043,balanced,labor_dominant,1.0,0.0,0.0,group_anchor_0,176,176,0,0.0,176,0,0.0,0,0.0,1.753472405076623,1.815972405076623,-0.0625,1.753472405076623,1.8159724050766233,-2.220446049250313e-16,quality,-698.9000000000003,-276.63445826079004,-6.054722222222222,0.9999999999999998,1.0,-0.3680551898467535,0.0,0.0,-0.0625,60,220.10000000000002,True,False,completed,1.0,1.0,698.9000000000003,698.9000000000003,276.63445826079004,6.054722222222222,0.27063761919392043,0.3680551898467535,0.31450000000000006,0.17974995401666669,0.75,0,0.0,0,0,0,0.0,2,42,0,0,2007,200.70000000000002,0,0,0,0.0,0,0.0,0,0,22,0.0,0,{},0.0,8,1.0,52,8,85,16,15,93,78,15,0,93,0,78,0,15,0,0,0,93,7,8,0,15,0,93,0,0,78,0,15,67,3,1.3880597014925373,0,10,1912,10.523172000001068,7.785785999985819,0.10892120000062278,0.20565840002382174,13.949490899998636,parallel_episode_batch,pending,-2.3160285005966823e-05,0.030693051195703445,0.5301348040501277,0.010022017646891375,7.638836386073915e-06,0.0,1.00000006655852,0.3797159149001042,0.25,1.121485710144043,1.3842376470565796,0.43151575326919556,-0.03632992506027222,0.2014019787311554,1.4205677509307861,0.30407655239105225,0.7821617126464844,0.0001,-0.29913073778152466,-0.30300000309944153,-0.20258772373199463,-0.20212146639823914,-0.20252816379070282,0.3009656071662903,-0.30002331733703613,-0.2996236979961395,-0.20037156343460083,-0.19986285269260406,-0.20142973959445953,0.01798621006309986,0.12136948108673096,0.01798621006309986,0.12025406211614609,0.0,1.5024123191833496,1.0048164129257202
216,216,43,1,43,22,train_balanced_1000043,1000043,balanced,labor_dominant,0.0,1.0,0.0,group_anchor_1,211,211,0,0.0,211,0,0.0,0,0.0,1.7775783108135585,1.8400783108135585,-0.0625,1.7775783108135585,1.8400783108135579,6.661338147750939e-16,quality,-969.2000000000002,-470.24959869938994,-4.152222222222224,0.9999999999999998,1.0,-0.31984337837288407,0.0,0.0,-0.0625,60,234.4,True,False,completed,1.0,1.0,969.2000000000002,969.2000000000002,470.24959869938994,4.152222222222224,0.3346887169151446,0.31984337837288407,0.26990000000000003,0.21463333333333334,0.75,0,0.0,0,0,4,0.023255813953488372,2,73,0,4,1978,197.8,0,0,0,0.0,0,0.0,0,0,32,0.0,0,{},0.0,13,1.0,47,13,100,26,25,97,72,25,0,97,0,72,0,25,0,0,0,97,12,12,0,24,0,97,0,0,72,0,25,67,5,1.4477611940298507,0,10,1912,10.523172000001068,7.785785999985819,0.13580280000314815,0.3179827001004014,13.949490899998636,parallel_episode_batch,pending,-2.3160285005966823e-05,0.030693051195703445,0.5301348040501277,0.010022017646891375,7.638836386073915e-06,0.0,1.00000006655852,0.3797159149001042,0.25,1.121485710144043,1.3842376470565796,0.43151575326919556,-0.03632992506027222,0.2014019787311554,1.4205677509307861,0.30407655239105225,0.7821617126464844,0.0001,-0.29913073778152466,-0.30300000309944153,-0.20258772373199463,-0.20212146639823914,-0.20252816379070282,0.3009656071662903,-0.30002331733703613,-0.2996236979961395,-0.20037156343460083,-0.19986285269260406,-0.20142973959445953,0.01798621006309986,0.12136948108673096,0.01798621006309986,0.12025406211614609,0.0,1.5024123191833496,1.0048164129257202
217,217,43,2,43,22,train_balanced_1000043,1000043,balanced,labor_dominant,0.0,0.0,1.0,group_anchor_2,218,218,0,0.0,218,0,0.0,0,0.0,1.929504920049201,1.992004920049201,-0.0625,1.929504920049201,1.9920049200492005,4.440892098500626e-16,quality,-834.8,-515.4043908570799,-0.8124999999999999,0.9999999999999998,1.0,-0.015990159901599015,0.0,0.0,-0.0625,60,233.10000000000002,True,False,completed,1.0,1.0,834.8,834.8,515.4043908570799,0.8125,0.3103617976415826,0.015990159901599015,0.24470000000000003,0.18958333333333335,0.75,0,0.0,0,0,0,0.0,2,81,0,3,1946,194.60000000000002,0,0,0,0.0,0,0.0,0,0,31,0.0,0,{},0.0,14,1.0,46,14,102,28,28,104,76,28,0,104,0,76,0,28,0,0,0,104,13,13,0,26,0,103,0,0,76,0,28,75,4,1.3866666666666667,0,10,1912,10.523172000001068,7.785785999985819,0.12973129999591038,0.24445530002412852,13.949490899998636,parallel_episode_batch,pending,-2.3160285005966823e-05,0.030693051195703445,0.5301348040501277,0.010022017646891375,7.638836386073915e-06,0.0,1.00000006655852,0.3797159149001042,0.25,1.121485710144043,1.3842376470565796,0.43151575326919556,-0.03632992506027222,0.2014019787311554,1.4205677509307861,0.30407655239105225,0.7821617126464844,0.0001,-0.29913073778152466,-0.30300000309944153,-0.20258772373199463,-0.20212146639823914,-0.20252816379070282,0.3009656071662903,-0.30002331733703613,-0.2996236979961395,-0.20037156343460083,-0.19986285269260406,-0.20142973959445953,0.01798621006309986,0.12136948108673096,0.01798621006309986,0.12025406211614609,0.0,1.5024123191833496,1.0048164129257202
218,218,43,3,43,22,train_balanced_1000043,1000043,balanced,labor_dominant,0.3333333333333333,0.3333333333333333,0.3333333333333333,group_anchor_3,177,177,0,0.0,177,0,0.0,0,0.0,-0.0001486217567389092,0.06235137824326109,-0.0625,-0.0001486217567389092,0.062351378243261146,-5.551115123125783e-17,quality,-1280.6,-276.24699439506,-2.4680555555555572,0.846153846153846,0.0,-0.2599126281288623,-1.0,-0.15384615384615385,-0.0625,57,240.0,False,True,horizon,0.8461538461538461,0.95,,1280.6,276.24699439506,2.468055555555557,0.33246665884100773,0.2599126281288623,0.20950000000000002,0.13559687261666667,0.75,0,0.0,0,0,7,0.043478260869565216,1,42,0,2,2235,223.5,0,0,0,0.0,0,0.0,0,0,22,0.0,0,{},0.0,8,0.875,51,8,86,16,16,80,62,18,2,78,0,62,2,16,2,2,0,78,8,10,0,16,0,78,0,0,62,2,16,55,8,1.4545454545454546,0,10,1912,10.523172000001068,7.785785999985819,0.10604069999681087,0.29616699992038775,13.949490899998636,parallel_episode_batch,pending,-2.3160285005966823e-05,0.030693051195703445,0.5301348040501277,0.010022017646891375,7.638836386073915e-06,0.0,1.00000006655852,0.3797159149001042,0.25,1.121485710144043,1.3842376470565796,0.43151575326919556,-0.03632992506027222,0.2014019787311554,1.4205677509307861,0.30407655239105225,0.7821617126464844,0.0001,-0.29913073778152466,-0.30300000309944153,-0.20258772373199463,-0.20212146639823914,-0.20252816379070282,0.3009656071662903,-0.30002331733703613,-0.2996236979961395,-0.20037156343460083,-0.19986285269260406,-0.20142973959445953,0.01798621006309986,0.12136948108673096,0.01798621006309986,0.12025406211614609,0.0,1.5024123191833496,1.0048164129257202
219,219,43,4,43,22,train_balanced_1000043,1000043,balanced,labor_dominant,0.5,0.3,0.2,group_anchor_4,155,155,0,0.0,155,0,0.0,0,0.0,1.8012039731678193,1.8637039731678193,-0.0625,1.8012039731678193,1.863703973167819,2.220446049250313e-16,quality,-871.1000000000001,-148.96080124853998,-6.624722222222222,0.9999999999999998,1.0,-0.27259205366436184,0.0,0.0,-0.0625,60,229.0,True,False,completed,1.0,1.0,871.1000000000001,871.1000000000001,148.96080124853998,6.624722222222222,0.27259205366436184,0.27259205366436184,0.20440000000000003,0.12471349329999999,0.75,0,0.0,0,0,0,0.0,2,22,0,2,2167,216.70000000000002,0,0,0,0.0,0,0.0,0,0,13,0.0,0,{},0.0,4,1.0,56,4,80,8,7,57,50,7,0,57,0,50,0,7,0,0,0,57,3,4,0,7,0,57,0,0,50,0,7,42,4,1.3571428571428572,0,10,1912,10.523172000001068,7.785785999985819,0.11882989999867277,0.307963999977801,13.949490899998636,parallel_episode_batch,pending,-2.3160285005966823e-05,0.030693051195703445,0.5301348040501277,0.010022017646891375,7.638836386073915e-06,0.0,1.00000006655852,0.3797159149001042,0.25,1.121485710144043,1.3842376470565796,0.43151575326919556,-0.03632992506027222,0.2014019787311554,1.4205677509307861,0.30407655239105225,0.7821617126464844,0.0001,-0.29913073778152466,-0.30300000309944153,-0.20258772373199463,-0.20212146639823914,-0.20252816379070282,0.3009656071662903,-0.30002331733703613,-0.2996236979961395,-0.20037156343460083,-0.19986285269260406,-0.20142973959445953,0.01798621006309986,0.12136948108673096,0.01798621006309986,0.12025406211614609,0.0,1.5024123191833496,1.0048164129257202
220,220,44,0,44,23,train_balanced_1000044,1000044,balanced,balanced_cost,1.0,0.0,0.0,group_anchor_0,214,214,0,0.0,214,0,0.0,0,0.0,1.7517019271051533,1.8142019271051533,-0.0625,1.7517019271051533,1.8142019271051528,4.440892098500626e-16,quality,-709.6000000000003,-631.4010849368703,-23.545555555555563,0.9999999999999999,1.0,-0.37159614578969424,0.0,0.0,-0.0625,59,213.10000000000002,True,False,completed,1.0,1.0,709.6000000000003,709.6000000000003,631.4010849368703,23.545555555555563,0.3659369117426093,0.37159614578969424,0.27970000000000006,0.18721308661666672,0.75,0,0.0,0,0,0,0.0,1,77,0,0,1699,169.9,0,0,0,0.0,0,0.0,0,0,29,0.0,0,{},0.0,14,1.0,45,14,99,28,28,120,91,29,1,119,0,91,1,28,1,1,0,119,15,14,0,28,0,119,0,0,91,1,28,81,4,1.4814814814814814,0,10,2227,12.85502919999999,9.374973799996951,0.11014529999374645,0.146720299970184,17.529599199995573,parallel_episode_batch,pending,0.000809962661670787,0.001914971727195994,0.5759065662111554,-0.00399161647739155,1.6611641292131805e-05,0.0,0.9999803474971226,0.1561260419764689,0.0,0.4130476713180542,1.4843075275421143,0.26308247447013855,0.023934030905365944,0.0536271296441555,1.4603735208511353,0.2637339234352112,0.9584486484527588,0.0001,-0.29934611916542053,-0.30268511176109314,-0.20221953094005585,-0.2019006907939911,-0.20223145186901093,0.30096209049224854,-0.29965049028396606,-0.29967936873435974,-0.2005782127380371,-0.19961394369602203,-0.20123155415058136,0.01798621006309986,0.12123987078666687,0.01798621006309986,0.12033654749393463,0.0,1.502860188484192,1.0058772563934326
221,221,44,1,44,23,train_balanced_1000044,1000044,balanced,balanced_cost,0.0,1.0,0.0,group_anchor_1,215,215,0,0.0,215,0,0.0,0,0.0,1.744826148898278,1.807326148898278,-0.0625,1.744826148898278,1.8073261488982777,2.220446049250313e-16,quality,-830.8000000000004,-626.9360800974204,-11.154722222222217,0.9999999999999999,1.0,-0.38534770220344466,0.0,0.0,-0.0625,59,216.5,True,False,completed,1.0,1.0,830.8000000000004,830.8000000000004,626.9360800974204,11.154722222222217,0.3566345716690405,0.38534770220344466,0.23950000000000005,0.1801,0.75,0,0.0,0,0,2,0.0106951871657754,1,77,0,4,1880,188.0,0,0,0,0.0,0,0.0,0,0,30,0.0,0,{},0.0,14,0.9285714285714286,45,14,104,28,24,87,62,25,1,86,0,62,1,24,1,1,0,86,10,13,1,21,0,86,0,0,62,1,24,59,7,1.4745762711864407,0,10,2227,12.85502919999999,9.374973799996951,0.11806799999612849,0.2681101000198396,17.529599199995573,parallel_episode_batch,pending,0.000809962661670787,0.001914971727195994,0.5759065662111554,-0.00399161647739155,1.6611641292131805e-05,0.0,0.9999803474971226,0.1561260419764689,0.0,0.4130476713180542,1.4843075275421143,0.26308247447013855,0.023934030905365944,0.0536271296441555,1.4603735208511353,0.2637339234352112,0.9584486484527588,0.0001,-0.29934611916542053,-0.30268511176109314,-0.20221953094005585,-0.2019006907939911,-0.20223145186901093,0.30096209049224854,-0.29965049028396606,-0.29967936873435974,-0.2005782127380371,-0.19961394369602203,-0.20123155415058136,0.01798621006309986,0.12123987078666687,0.01798621006309986,0.12033654749393463,0.0,1.502860188484192,1.0058772563934326
222,222,44,2,44,23,train_balanced_1000044,1000044,balanced,balanced_cost,0.0,0.0,1.0,group_anchor_2,206,206,0,0.0,206,0,0.0,0,0.0,1.8579821528686224,1.9204821528686224,-0.0625,1.8579821528686224,1.9204821528686227,-2.220446049250313e-16,quality,-780.1000000000001,-566.7358326370801,-9.45555555555556,0.9999999999999999,1.0,-0.15903569426275466,0.0,0.0,-0.0625,59,214.3,True,False,completed,1.0,1.0,780.1000000000001,780.1000000000001,566.7358326370801,9.45555555555556,0.33731123150125336,0.15903569426275466,0.22350000000000003,0.17675,0.75,0,0.0,0,0,0,0.0,1,65,0,3,1707,170.70000000000002,0,0,0,0.0,0,0.0,0,0,29,0.0,0,{},0.0,12,1.0,47,12,99,24,24,96,70,26,2,94,0,70,2,24,2,2,0,94,13,12,0,23,0,94,0,0,70,2,24,63,5,1.5238095238095237,0,10,2227,12.85502919999999,9.374973799996951,0.12742570000409614,0.20813139992242213,17.529599199995573,parallel_episode_batch,pending,0.000809962661670787,0.001914971727195994,0.5759065662111554,-0.00399161647739155,1.6611641292131805e-05,0.0,0.9999803474971226,0.1561260419764689,0.0,0.4130476713180542,1.4843075275421143,0.26308247447013855,0.023934030905365944,0.0536271296441555,1.4603735208511353,0.2637339234352112,0.9584486484527588,0.0001,-0.29934611916542053,-0.30268511176109314,-0.20221953094005585,-0.2019006907939911,-0.20223145186901093,0.30096209049224854,-0.29965049028396606,-0.29967936873435974,-0.2005782127380371,-0.19961394369602203,-0.20123155415058136,0.01798621006309986,0.12123987078666687,0.01798621006309986,0.12033654749393463,0.0,1.502860188484192,1.0058772563934326
223,223,44,3,44,23,train_balanced_1000044,1000044,balanced,balanced_cost,0.3333333333333333,0.3333333333333333,0.3333333333333333,group_anchor_3,191,191,0,0.0,191,0,0.0,0,0.0,1.8116243557883789,1.8741243557883789,-0.0625,1.8116243557883789,1.8741243557883787,2.220446049250313e-16,quality,-739.2999999999998,-460.36532590196003,-3.1233333333333357,0.9999999999999999,1.0,-0.2517512884232428,0.0,0.0,-0.0625,59,212.3,True,False,completed,1.0,1.0,739.2999999999998,739.2999999999998,460.36532590196003,3.1233333333333353,0.2969407650118947,0.2517512884232428,0.19740000000000002,0.15249641995000002,0.75,0,0.0,0,0,0,0.0,1,57,0,0,1810,181.0,0,0,0,0.0,0,0.0,0,0,33,0.0,0,{},0.0,10,1.0,49,10,94,20,18,89,70,19,1,88,0,70,1,18,1,1,0,88,9,11,2,17,0,88,0,0,70,1,18,59,6,1.5084745762711864,0,10,2227,12.85502919999999,9.374973799996951,0.11198329999751877,0.21320269999705488,17.529599199995573,parallel_episode_batch,pending,0.000809962661670787,0.001914971727195994,0.5759065662111554,-0.00399161647739155,1.6611641292131805e-05,0.0,0.9999803474971226,0.1561260419764689,0.0,0.4130476713180542,1.4843075275421143,0.26308247447013855,0.023934030905365944,0.0536271296441555,1.4603735208511353,0.2637339234352112,0.9584486484527588,0.0001,-0.29934611916542053,-0.30268511176109314,-0.20221953094005585,-0.2019006907939911,-0.20223145186901093,0.30096209049224854,-0.29965049028396606,-0.29967936873435974,-0.2005782127380371,-0.19961394369602203,-0.20123155415058136,0.01798621006309986,0.12123987078666687,0.01798621006309986,0.12033654749393463,0.0,1.502860188484192,1.0058772563934326
224,224,44,4,44,23,train_balanced_1000044,1000044,balanced,balanced_cost,0.5,0.3,0.2,group_anchor_4,198,198,0,0.0,198,0,0.0,0,0.0,1.7815378174350665,1.8440378174350665,-0.0625,1.7815378174350665,1.844037817435067,-4.440892098500626e-16,quality,-733.1999999999999,-484.5924716235901,-6.936666666666667,0.9999999999999999,1.0,-0.3119243651298664,0.0,0.0,-0.0625,59,210.5,True,False,completed,1.0,1.0,733.1999999999999,733.1999999999999,484.5924716235901,6.936666666666671,0.3119243651298664,0.3119243651298664,0.266,0.19823333333333334,0.75,0,0.0,0,0,0,0.0,1,59,0,2,1821,182.10000000000002,0,0,0,0.0,0,0.0,0,0,31,0.0,0,{},0.0,11,1.0,48,11,96,22,21,100,78,22,1,99,0,78,1,21,1,1,0,99,10,12,0,21,0,99,0,0,78,1,21,70,6,1.4285714285714286,0,10,2227,12.85502919999999,9.374973799996951,0.09539719999884255,0.22634290007408708,17.529599199995573,parallel_episode_batch,pending,0.000809962661670787,0.001914971727195994,0.5759065662111554,-0.00399161647739155,1.6611641292131805e-05,0.0,0.9999803474971226,0.1561260419764689,0.0,0.4130476713180542,1.4843075275421143,0.26308247447013855,0.023934030905365944,0.0536271296441555,1.4603735208511353,0.2637339234352112,0.9584486484527588,0.0001,-0.29934611916542053,-0.30268511176109314,-0.20221953094005585,-0.2019006907939911,-0.20223145186901093,0.30096209049224854,-0.29965049028396606,-0.29967936873435974,-0.2005782127380371,-0.19961394369602203,-0.20123155415058136,0.01798621006309986,0.12123987078666687,0.01798621006309986,0.12033654749393463,0.0,1.502860188484192,1.0058772563934326
225,225,45,0,45,23,train_high_arrival_pressure_1000045,1000045,high_arrival_pressure,labor_dominant,1.0,0.0,0.0,group_anchor_0,241,241,0,0.0,241,0,0.0,0,0.0,1.6668928735280626,1.7293928735280626,-0.0625,1.6668928735280626,1.7293928735280624,2.220446049250313e-16,quality,-1415.6000000000006,-444.82691657093,-12.908888888888889,1.0,1.0,-0.5412142529438754,0.0,0.0,-0.0625,78,150.20000000000002,True,False,completed,1.0,1.0,1415.6000000000006,1415.6000000000006,444.82691657093,12.908888888888889,0.40400975069317857,0.5412142529438754,0.2937919937,0.20216533228333333,0.75,0,0.0,0,0,18,0.08333333333333333,1,66,1,0,1183,118.30000000000001,0,0,0,0.0,0,0.0,0,0,38,0.0,0,{},0.0,12,0.9166666666666666,66,12,117,24,22,128,104,24,2,126,0,104,2,22,2,2,0,126,14,12,2,22,2,126,0,0,104,2,22,87,5,1.471264367816092,0,10,2227,12.85502919999999,9.374973799996951,0.16329460000270046,0.23342110004159622,17.529599199995573,parallel_episode_batch,pending,0.000809962661670787,0.001914971727195994,0.5759065662111554,-0.00399161647739155,1.6611641292131805e-05,0.0,0.9999803474971226,0.1561260419764689,0.0,0.4130476713180542,1.4843075275421143,0.26308247447013855,0.023934030905365944,0.0536271296441555,1.4603735208511353,0.2637339234352112,0.9584486484527588,0.0001,-0.29934611916542053,-0.30268511176109314,-0.20221953094005585,-0.2019006907939911,-0.20223145186901093,0.30096209049224854,-0.29965049028396606,-0.29967936873435974,-0.2005782127380371,-0.19961394369602203,-0.20123155415058136,0.01798621006309986,0.12123987078666687,0.01798621006309986,0.12033654749393463,0.0,1.502860188484192,1.0058772563934326
226,226,45,1,45,23,train_high_arrival_pressure_1000045,1000045,high_arrival_pressure,labor_dominant,0.0,1.0,0.0,group_anchor_1,230,230,0,0.0,230,0,0.0,0,0.0,1.8019992907228257,1.8644992907228257,-0.0625,1.8019992907228257,1.8644992907228257,0.0,quality,-2018.3999999999999,-371.7447817483202,-17.38222222222222,1.0,1.0,-0.27100141855434867,0.0,0.0,-0.0625,78,182.60000000000002,True,False,completed,1.0,1.0,2018.3999999999999,2018.3999999999999,371.7447817483202,17.38222222222222,0.44646528963209287,0.27100141855434867,0.23250000000000004,0.17788353105000002,0.75,0,0.0,0,0,9,0.012711864406779662,1,55,0,2,1567,156.70000000000002,0,0,0,0.0,0,0.0,0,0,36,0.0,0,{},0.0,10,1.0,68,10,114,20,18,87,68,19,1,86,0,68,1,18,1,1,0,86,9,10,2,16,0,86,0,0,68,1,18,61,5,1.4262295081967213,0,10,2227,12.85502919999999,9.374973799996951,0.15842479999992065,0.9392519000175525,17.529599199995573,parallel_episode_batch,pending,0.000809962661670787,0.001914971727195994,0.5759065662111554,-0.00399161647739155,1.6611641292131805e-05,0.0,0.9999803474971226,0.1561260419764689,0.0,0.4130476713180542,1.4843075275421143,0.26308247447013855,0.023934030905365944,0.0536271296441555,1.4603735208511353,0.2637339234352112,0.9584486484527588,0.0001,-0.29934611916542053,-0.30268511176109314,-0.20221953094005585,-0.2019006907939911,-0.20223145186901093,0.30096209049224854,-0.29965049028396606,-0.29967936873435974,-0.2005782127380371,-0.19961394369602203,-0.20123155415058136,0.01798621006309986,0.12123987078666687,0.01798621006309986,0.12033654749393463,0.0,1.502860188484192,1.0058772563934326
227,227,45,2,45,23,train_high_arrival_pressure_1000045,1000045,high_arrival_pressure,labor_dominant,0.0,0.0,1.0,group_anchor_2,264,264,0,0.0,264,0,0.0,0,0.0,1.8830004455004457,1.9455004455004457,-0.0625,1.8830004455004457,1.9455004455004454,2.220446049250313e-16,quality,-1512.2000000000003,-607.8713170629901,-6.116666666666663,1.0,1.0,-0.10899910899910897,0.0,0.0,-0.0625,78,153.0,True,False,completed,1.0,1.0,1512.2000000000003,1512.2000000000003,607.8713170629901,6.116666666666663,0.41399510237060433,0.10899910899910895,0.29270000000000007,0.21281666666666668,0.75,0,0.0,0,0,0,0.0,1,87,0,2,1245,124.5,0,0,0,0.0,0,0.0,0,0,38,0.0,0,{},0.0,16,1.0,62,16,123,32,31,121,89,32,1,120,0,89,1,31,1,1,0,120,13,17,0,29,0,120,0,0,89,1,31,87,4,1.3908045977011494,0,10,2227,12.85502919999999,9.374973799996951,0.12535740000021178,0.30253890003223205,17.529599199995573,parallel_episode_batch,pending,0.000809962661670787,0.001914971727195994,0.5759065662111554,-0.00399161647739155,1.6611641292131805e-05,0.0,0.9999803474971226,0.1561260419764689,0.0,0.4130476713180542,1.4843075275421143,0.26308247447013855,0.023934030905365944,0.0536271296441555,1.4603735208511353,0.2637339234352112,0.9584486484527588,0.0001,-0.29934611916542053,-0.30268511176109314,-0.20221953094005585,-0.2019006907939911,-0.20223145186901093,0.30096209049224854,-0.29965049028396606,-0.29967936873435974,-0.2005782127380371,-0.19961394369602203,-0.20123155415058136,0.01798621006309986,0.12123987078666687,0.01798621006309986,0.12033654749393463,0.0,1.502860188484192,1.0058772563934326
228,228,45,3,45,23,train_high_arrival_pressure_1000045,1000045,high_arrival_pressure,labor_dominant,0.3333333333333333,0.3333333333333333,0.3333333333333333,group_anchor_3,223,223,0,0.0,223,0,0.0,0,0.0,1.7923865483158878,1.8548865483158878,-0.0625,1.7923865483158878,1.8548865483158883,-4.440892098500626e-16,quality,-1556.7,-338.13190452705004,-2.8147222222222212,1.0,1.0,-0.2902269033682236,0.0,0.0,-0.0625,78,175.60000000000002,True,False,completed,1.0,1.0,1556.7,1556.7,338.13190452705004,2.8147222222222212,0.3688141697819135,0.2902269033682236,0.2418,0.17574025550000003,0.75,0,0.0,0,0,2,0.005555555555555556,1,47,0,0,1574,157.4,0,0,0,0.0,0,0.0,0,0,38,0.0,0,{},0.0,9,1.0,69,9,110,18,17,100,81,19,2,98,0,81,2,17,2,2,0,98,8,10,0,16,0,98,0,0,81,2,17,70,8,1.4285714285714286,0,10,2227,12.85502919999999,9.374973799996951,0.13564010000118287,0.3721674999615061,17.529599199995573,parallel_episode_batch,pending,0.000809962661670787,0.001914971727195994,0.5759065662111554,-0.00399161647739155,1.6611641292131805e-05,0.0,0.9999803474971226,0.1561260419764689,0.0,0.4130476713180542,1.4843075275421143,0.26308247447013855,0.023934030905365944,0.0536271296441555,1.4603735208511353,0.2637339234352112,0.9584486484527588,0.0001,-0.29934611916542053,-0.30268511176109314,-0.20221953094005585,-0.2019006907939911,-0.20223145186901093,0.30096209049224854,-0.29965049028396606,-0.29967936873435974,-0.2005782127380371,-0.19961394369602203,-0.20123155415058136,0.01798621006309986,0.12123987078666687,0.01798621006309986,0.12033654749393463,0.0,1.502860188484192,1.0058772563934326
229,229,45,4,45,23,train_high_arrival_pressure_1000045,1000045,high_arrival_pressure,labor_dominant,0.5,0.3,0.2,group_anchor_4,245,245,0,0.0,245,0,0.0,0,0.0,1.7368648653089576,1.7993648653089576,-0.0625,1.7368648653089576,1.7993648653089576,0.0,quality,-1585.6000000000004,-484.92151514219995,-5.155555555555556,1.0,1.0,-0.4012702693820847,0.0,0.0,-0.0625,78,160.70000000000002,True,False,completed,1.0,1.0,1585.6000000000004,1585.6000000000004,484.92151514219995,5.155555555555556,0.4012702693820847,0.4012702693820847,0.25189199370000004,0.1822902555,0.75,0,0.0,0,0,0,0.0,2,74,0,2,1314,131.4,0,0,0,0.0,0,0.0,0,0,38,0.0,0,{},0.0,13,0.9230769230769231,65,13,116,26,25,115,90,25,0,115,0,90,0,25,0,0,0,115,12,12,0,24,0,115,0,0,90,0,25,80,5,1.4375,0,10,2227,12.85502919999999,9.374973799996951,0.15297979999741074,0.21400260002701543,17.529599199995573,parallel_episode_batch,pending,0.000809962661670787,0.001914971727195994,0.5759065662111554,-0.00399161647739155,1.6611641292131805e-05,0.0,0.9999803474971226,0.1561260419764689,0.0,0.4130476713180542,1.4843075275421143,0.26308247447013855,0.023934030905365944,0.0536271296441555,1.4603735208511353,0.2637339234352112,0.9584486484527588,0.0001,-0.29934611916542053,-0.30268511176109314,-0.20221953094005585,-0.2019006907939911,-0.20223145186901093,0.30096209049224854,-0.29965049028396606,-0.29967936873435974,-0.2005782127380371,-0.19961394369602203,-0.20123155415058136,0.01798621006309986,0.12123987078666687,0.01798621006309986,0.12033654749393463,0.0,1.502860188484192,1.0058772563934326
230,230,46,0,46,24,train_fatigue_bottleneck_1000046,1000046,fatigue_bottleneck,balanced_cost,1.0,0.0,0.0,group_anchor_0,255,255,0,0.0,255,0,0.0,0,0.0,1.662590036014406,1.725090036014406,-0.06249999999999997,1.662590036014406,1.7250900360144057,2.220446049250313e-16,quality,-1465.6000000000001,-746.3712532366709,-2.385833333333333,1.0,1.0,-0.5498199279711885,0.0,0.0,-0.06249999999999997,79,156.10000000000002,True,False,completed,1.0,1.0,1465.6000000000001,1465.6000000000001,746.3712532366709,2.385833333333331,0.4122338815545218,0.5498199279711885,0.6547041657000001,0.5287177658833334,0.75,0,0.0,0,0,4,0.01646090534979424,1,67,0,2,1235,123.5,0,0,0,0.0,0,0.0,0,0,55,0.0,0,{},0.0,14,1.0,65,14,121,28,27,138,106,32,5,133,0,106,5,27,5,5,0,133,15,17,0,27,0,133,0,0,106,5,27,88,7,1.5681818181818181,0,10,2947,16.538798499997938,12.619146800025192,0.1588365999996313,0.20410450002964353,24.229738900001394,parallel_episode_batch,pending,4.306046708308636e-05,0.0007613595427098149,0.514275387563604,-0.004719012486253013,1.74404902165716e-05,0.0,1.0002657466746392,0.08701117117790148,0.0,0.2382231056690216,1.5812870264053345,0.20285645127296448,0.01807958260178566,0.03266613557934761,1.5632075071334839,0.19692100584506989,0.9740690588951111,0.0001,-0.29982250928878784,-0.3033783435821533,-0.20265929400920868,-0.20238418877124786,-0.20273715257644653,0.30162331461906433,-0.299567312002182,-0.2999520003795624,-0.2009989619255066,-0.19951067864894867,-0.20121653378009796,0.01798621006309986,0.12118270248174667,0.01798621006309986,0.11999759078025818,0.0,1.5024969577789307,1.0066803693771362
231,231,46,1,46,24,train_fatigue_bottleneck_1000046,1000046,fatigue_bottleneck,balanced_cost,0.0,1.0,0.0,group_anchor_1,299,299,0,0.0,299,0,0.0,0,0.0,1.671214534295198,1.733714534295198,-0.0625,1.671214534295198,1.733714534295198,0.0,quality,-1898.1999999999996,-1139.3620277310804,-9.982222222222225,1.0,1.0,-0.532570931409604,0.0,0.0,-0.0625,79,183.3,True,False,completed,1.0,1.0,1898.1999999999996,1898.1999999999996,1139.3620277310804,9.982222222222225,0.4993943800801762,0.532570931409604,0.7437178537,0.60803443255,0.75,6,0.061855670103092786,0,0,10,0.015748031496062992,1,91,1,11,1464,146.4,0,0,0,0.0,0,0.0,0,0,52,0.0,0,{},0.0,20,1.0,59,20,143,40,37,120,78,42,5,115,0,78,5,37,5,5,0,115,21,17,2,31,5,115,0,0,78,5,37,79,8,1.518987341772152,0,10,2947,16.538798499997938,12.619146800025192,0.16251800000463845,0.36879930007853545,24.229738900001394,parallel_episode_batch,pending,4.306046708308636e-05,0.0007613595427098149,0.514275387563604,-0.004719012486253013,1.74404902165716e-05,0.0,1.0002657466746392,0.08701117117790148,0.0,0.2382231056690216,1.5812870264053345,0.20285645127296448,0.01807958260178566,0.03266613557934761,1.5632075071334839,0.19692100584506989,0.9740690588951111,0.0001,-0.29982250928878784,-0.3033783435821533,-0.20265929400920868,-0.20238418877124786,-0.20273715257644653,0.30162331461906433,-0.299567312002182,-0.2999520003795624,-0.2009989619255066,-0.19951067864894867,-0.20121653378009796,0.01798621006309986,0.12118270248174667,0.01798621006309986,0.11999759078025818,0.0,1.5024969577789307,1.0066803693771362
232,232,46,2,46,24,train_fatigue_bottleneck_1000046,1000046,fatigue_bottleneck,balanced_cost,0.0,0.0,1.0,group_anchor_2,288,288,0,0.0,288,0,0.0,0,0.0,1.8895886495609722,1.9520886495609722,-0.0625,1.8895886495609722,1.9520886495609717,4.440892098500626e-16,quality,-1828.1000000000004,-1139.4867229553604,-5.298888888888888,1.0,1.0,-0.09582270087805655,0.0,0.0,-0.0625,79,161.4,True,False,completed,1.0,1.0,1828.1000000000004,1828.1000000000004,1139.4867229553604,5.298888888888886,0.4807999417926504,0.09582270087805658,0.717504969,0.6130289458500001,0.75,1,0.00980392156862745,0,0,6,0.012096774193548387,1,100,1,5,1248,124.80000000000001,0,0,0,0.0,0,0.0,0,0,52,0.0,0,{},0.0,20,0.9,59,20,137,40,32,122,84,38,6,116,0,84,6,32,6,6,0,116,17,21,4,28,1,116,0,0,84,6,32,80,7,1.525,0,10,2947,16.538798499997938,12.619146800025192,0.1675286000026972,0.3230319000213058,24.229738900001394,parallel_episode_batch,pending,4.306046708308636e-05,0.0007613595427098149,0.514275387563604,-0.004719012486253013,1.74404902165716e-05,0.0,1.0002657466746392,0.08701117117790148,0.0,0.2382231056690216,1.5812870264053345,0.20285645127296448,0.01807958260178566,0.03266613557934761,1.5632075071334839,0.19692100584506989,0.9740690588951111,0.0001,-0.29982250928878784,-0.3033783435821533,-0.20265929400920868,-0.20238418877124786,-0.20273715257644653,0.30162331461906433,-0.299567312002182,-0.2999520003795624,-0.2009989619255066,-0.19951067864894867,-0.20121653378009796,0.01798621006309986,0.12118270248174667,0.01798621006309986,0.11999759078025818,0.0,1.5024969577789307,1.0066803693771362
233,233,46,3,46,24,train_fatigue_bottleneck_1000046,1000046,fatigue_bottleneck,balanced_cost,0.3333333333333333,0.3333333333333333,0.3333333333333333,group_anchor_3,263,263,0,0.0,263,0,0.0,0,0.0,1.751984381041352,1.814484381041352,-0.0625,1.751984381041352,1.8144843810413518,2.220446049250313e-16,quality,-1741.4,-825.5477522626298,-3.6966666666666685,1.0,1.0,-0.37103123791729625,0.0,0.0,-0.0625,79,156.10000000000002,True,False,completed,1.0,1.0,1741.4,1741.4,825.5477522626298,3.6966666666666685,0.4454499648911298,0.37103123791729625,0.7226178537,0.5560344325500001,0.75,2,0.025,0,0,6,0.02040816326530612,1,78,0,6,1226,122.60000000000001,0,0,0,0.0,0,0.0,0,0,61,0.0,0,{},0.0,15,1.0,64,15,126,30,28,122,92,30,2,120,0,92,2,28,2,2,0,120,16,14,2,26,2,120,0,0,92,2,28,87,5,1.4022988505747127,0,10,2947,16.538798499997938,12.619146800025192,0.169909700001881,0.2252463999975589,24.229738900001394,parallel_episode_batch,pending,4.306046708308636e-05,0.0007613595427098149,0.514275387563604,-0.004719012486253013,1.74404902165716e-05,0.0,1.0002657466746392,0.08701117117790148,0.0,0.2382231056690216,1.5812870264053345,0.20285645127296448,0.01807958260178566,0.03266613557934761,1.5632075071334839,0.19692100584506989,0.9740690588951111,0.0001,-0.29982250928878784,-0.3033783435821533,-0.20265929400920868,-0.20238418877124786,-0.20273715257644653,0.30162331461906433,-0.299567312002182,-0.2999520003795624,-0.2009989619255066,-0.19951067864894867,-0.20121653378009796,0.01798621006309986,0.12118270248174667,0.01798621006309986,0.11999759078025818,0.0,1.5024969577789307,1.0066803693771362
234,234,46,4,46,24,train_fatigue_bottleneck_1000046,1000046,fatigue_bottleneck,balanced_cost,0.5,0.3,0.2,group_anchor_4,265,265,0,0.0,265,0,0.0,0,0.0,1.7072154173965939,1.7697154173965939,-0.0625,1.7072154173965939,1.7697154173965939,0.0,quality,-1617.2000000000003,-917.8650188515803,-8.813333333333341,1.0,1.0,-0.46056916520681235,0.0,0.0,-0.0625,79,151.20000000000002,True,False,completed,1.0,1.0,1617.2000000000003,1617.2000000000003,917.8650188515803,8.813333333333341,0.46056916520681235,0.46056916520681235,0.5873471317,0.5036510992166666,0.75,0,0.0,0,0,4,0.0182648401826484,1,77,0,2,1140,114.0,0,0,0,0.0,0,0.0,0,0,55,0.0,0,{},0.0,16,0.9375,63,16,124,32,30,132,99,33,3,129,0,99,3,30,3,3,0,129,16,17,1,29,0,129,0,0,99,3,30,91,7,1.4505494505494505,0,10,2947,16.538798499997938,12.619146800025192,0.1752481000003172,0.2806193000578787,24.229738900001394,parallel_episode_batch,pending,4.306046708308636e-05,0.0007613595427098149,0.514275387563604,-0.004719012486253013,1.74404902165716e-05,0.0,1.0002657466746392,0.08701117117790148,0.0,0.2382231056690216,1.5812870264053345,0.20285645127296448,0.01807958260178566,0.03266613557934761,1.5632075071334839,0.19692100584506989,0.9740690588951111,0.0001,-0.29982250928878784,-0.3033783435821533,-0.20265929400920868,-0.20238418877124786,-0.20273715257644653,0.30162331461906433,-0.299567312002182,-0.2999520003795624,-0.2009989619255066,-0.19951067864894867,-0.20121653378009796,0.01798621006309986,0.12118270248174667,0.01798621006309986,0.11999759078025818,0.0,1.5024969577789307,1.0066803693771362
235,235,47,0,47,24,train_worker_bottleneck_1000047,1000047,worker_bottleneck,downtime_dominant,1.0,0.0,0.0,group_anchor_0,295,295,0,0.0,295,0,0.0,0,0.0,1.6641117762586395,1.7266117762586395,-0.0625,1.6641117762586395,1.7266117762586395,0.0,quality,-1447.7,-1316.9347125005904,-6.43805555555556,1.0,1.0,-0.5467764474827209,0.0,0.0,-0.0625,75,158.9,True,False,completed,1.0,1.0,1447.7,1447.7,1316.9347125005904,6.43805555555556,0.46672139251747363,0.5467764474827209,0.7496518316000002,0.6558989593500001,0.75,24,0.21818181818181817,5,5,25,0.1488095238095238,0,85,1,0,1170,117.0,0,0,0,0.0,0,0.0,0,0,41,0.0,0,{},6.9,22,1.0,53,22,129,44,47,182,122,60,13,169,0,122,13,47,13,13,0,169,27,39,1,47,18,169,0,0,122,13,47,98,10,1.8571428571428572,0,10,2947,16.538798499997938,12.619146800025192,1.0140043999999762,0.27555890008079587,24.229738900001394,parallel_episode_batch,pending,4.306046708308636e-05,0.0007613595427098149,0.514275387563604,-0.004719012486253013,1.74404902165716e-05,0.0,1.0002657466746392,0.08701117117790148,0.0,0.2382231056690216,1.5812870264053345,0.20285645127296448,0.01807958260178566,0.03266613557934761,1.5632075071334839,0.19692100584506989,0.9740690588951111,0.0001,-0.29982250928878784,-0.3033783435821533,-0.20265929400920868,-0.20238418877124786,-0.20273715257644653,0.30162331461906433,-0.299567312002182,-0.2999520003795624,-0.2009989619255066,-0.19951067864894867,-0.20121653378009796,0.01798621006309986,0.12118270248174667,0.01798621006309986,0.11999759078025818,0.0,1.5024969577789307,1.0066803693771362
236,236,47,1,47,24,train_worker_bottleneck_1000047,1000047,worker_bottleneck,downtime_dominant,0.0,1.0,0.0,group_anchor_1,310,310,0,0.0,310,0,0.0,0,0.0,1.637283752247256,1.699783752247256,-0.06250000000000003,1.637283752247256,1.699783752247256,0.0,quality,-1502.5000000000002,-1502.70602276601,-7.829166666666676,1.0,1.0,-0.6004324955054879,0.0,0.0,-0.06250000000000003,75,155.0,True,False,completed,1.0,1.0,1502.5000000000002,1502.5000000000002,1502.70602276601,7.829166666666676,0.485189976140464,0.6004324955054879,0.7476800683,0.6379322926833334,0.75,10,0.07936507936507936,1,1,6,0.03,0,116,0,3,1095,109.5,0,0,0,0.0,0,0.0,0,0,37,0.0,0,{},0.2,26,1.0,49,26,138,52,45,175,119,56,11,164,0,119,11,45,11,11,0,164,29,32,4,45,5,164,0,0,119,11,45,103,11,1.6990291262135921,0,10,2947,16.538798499997938,12.619146800025192,1.0185286999985692,0.28950209997128695,24.229738900001394,parallel_episode_batch,pending,4.306046708308636e-05,0.0007613595427098149,0.514275387563604,-0.004719012486253013,1.74404902165716e-05,0.0,1.0002657466746392,0.08701117117790148,0.0,0.2382231056690216,1.5812870264053345,0.20285645127296448,0.01807958260178566,0.03266613557934761,1.5632075071334839,0.19692100584506989,0.9740690588951111,0.0001,-0.29982250928878784,-0.3033783435821533,-0.20265929400920868,-0.20238418877124786,-0.20273715257644653,0.30162331461906433,-0.299567312002182,-0.2999520003795624,-0.2009989619255066,-0.19951067864894867,-0.20121653378009796,0.01798621006309986,0.12118270248174667,0.01798621006309986,0.11999759078025818,0.0,1.5024969577789307,1.0066803693771362
237,237,47,2,47,24,train_worker_bottleneck_1000047,1000047,worker_bottleneck,downtime_dominant,0.0,0.0,1.0,group_anchor_2,261,261,0,0.0,261,0,0.0,0,0.0,1.9109425056681588,1.9734425056681588,-0.0625,1.9109425056681588,1.9734425056681588,0.0,quality,-1570.2999999999997,-1033.1388172554507,-2.8047222222222223,1.0,1.0,-0.05311498866368222,0.0,0.0,-0.0625,75,167.60000000000002,True,False,completed,1.0,1.0,1570.2999999999997,1570.2999999999997,1033.1388172554507,2.8047222222222223,0.44648485691971884,0.05311498866368222,0.5192978622999999,0.4505656260166666,0.75,0,0.0,0,0,4,0.01606425702811245,1,83,0,1,1274,127.4,0,0,0,0.0,0,0.0,0,0,39,0.0,0,{},0.0,18,0.8888888888888888,57,18,118,36,32,115,78,37,5,110,0,78,5,32,5,5,0,110,14,19,3,25,0,110,0,0,78,5,32,66,10,1.7424242424242424,0,10,2947,16.538798499997938,12.619146800025192,1.0459131000025081,0.34705019996181363,24.229738900001394,parallel_episode_batch,pending,4.306046708308636e-05,0.0007613595427098149,0.514275387563604,-0.004719012486253013,1.74404902165716e-05,0.0,1.0002657466746392,0.08701117117790148,0.0,0.2382231056690216,1.5812870264053345,0.20285645127296448,0.01807958260178566,0.03266613557934761,1.5632075071334839,0.19692100584506989,0.9740690588951111,0.0001,-0.29982250928878784,-0.3033783435821533,-0.20265929400920868,-0.20238418877124786,-0.20273715257644653,0.30162331461906433,-0.299567312002182,-0.2999520003795624,-0.2009989619255066,-0.19951067864894867,-0.20121653378009796,0.01798621006309986,0.12118270248174667,0.01798621006309986,0.11999759078025818,0.0,1.5024969577789307,1.0066803693771362
238,238,47,3,47,24,train_worker_bottleneck_1000047,1000047,worker_bottleneck,downtime_dominant,0.3333333333333333,0.3333333333333333,0.3333333333333333,group_anchor_3,274,274,0,0.0,274,0,0.0,0,0.0,1.7395279243976987,1.8020279243976987,-0.0625,1.7395279243976987,1.8020279243976987,0.0,quality,-1563.5999999999995,-1186.22522532455,-4.315833333333329,1.0,1.0,-0.39594415120460263,0.0,0.0,-0.0625,75,170.60000000000002,True,False,completed,1.0,1.0,1563.5999999999995,1563.5999999999995,1186.22522532455,4.315833333333328,0.4615606773793978,0.39594415120460263,0.7017189961000001,0.5070322926833335,0.75,0,0.0,0,0,20,0.07722007722007722,1,91,2,1,1349,134.9,0,0,0,0.0,0,0.0,0,0,50,0.0,0,{},0.0,20,0.95,55,20,126,40,33,136,98,38,5,131,0,98,5,33,5,5,0,131,20,22,4,33,1,131,0,0,98,5,33,82,6,1.6585365853658536,0,10,2947,16.538798499997938,12.619146800025192,1.011312499998894,0.3071010000567185,24.229738900001394,parallel_episode_batch,pending,4.306046708308636e-05,0.0007613595427098149,0.514275387563604,-0.004719012486253013,1.74404902165716e-05,0.0,1.0002657466746392,0.08701117117790148,0.0,0.2382231056690216,1.5812870264053345,0.20285645127296448,0.01807958260178566,0.03266613557934761,1.5632075071334839,0.19692100584506989,0.9740690588951111,0.0001,-0.29982250928878784,-0.3033783435821533,-0.20265929400920868,-0.20238418877124786,-0.20273715257644653,0.30162331461906433,-0.299567312002182,-0.2999520003795624,-0.2009989619255066,-0.19951067864894867,-0.20121653378009796,0.01798621006309986,0.12118270248174667,0.01798621006309986,0.11999759078025818,0.0,1.5024969577789307,1.0066803693771362
239,239,47,4,47,24,train_worker_bottleneck_1000047,1000047,worker_bottleneck,downtime_dominant,0.5,0.3,0.2,group_anchor_4,437,437,0,0.0,437,0,0.0,0,0.0,1.683010001406255,1.745510001406255,-0.0625,1.683010001406255,1.745510001406255,0.0,quality,-1544.2000000000007,-1490.167449534807,-15.831388888888887,1.0,1.0,-0.5089799971874898,0.0,0.0,-0.0625,75,155.9,True,False,completed,1.0,1.0,1544.2000000000007,1544.2000000000007,1490.167449534807,15.831388888888887,0.5089799971874898,0.5089799971874898,0.7494978622999964,0.6002822926833317,0.75,474,0.6537931034482759,81,81,20,0.08333333333333333,0,99,1,1,987,98.7,0,0,0,0.0,0,0.0,0,0,45,0.0,0,{},29.400000000000002,22,0.9545454545454546,53,22,199,44,119,297,171,126,7,290,0,171,7,119,7,7,0,290,22,184,2,116,167,290,0,0,171,7,119,90,149,3.3,0,10,2947,16.538798499997938,12.619146800025192,1.0579355000008945,0.32499860001553316,24.229738900001394,parallel_episode_batch,pending,4.306046708308636e-05,0.0007613595427098149,0.514275387563604,-0.004719012486253013,1.74404902165716e-05,0.0,1.0002657466746392,0.08701117117790148,0.0,0.2382231056690216,1.5812870264053345,0.20285645127296448,0.01807958260178566,0.03266613557934761,1.5632075071334839,0.19692100584506989,0.9740690588951111,0.0001,-0.29982250928878784,-0.3033783435821533,-0.20265929400920868,-0.20238418877124786,-0.20273715257644653,0.30162331461906433,-0.299567312002182,-0.2999520003795624,-0.2009989619255066,-0.19951067864894867,-0.20121653378009796,0.01798621006309986,0.12118270248174667,0.01798621006309986,0.11999759078025818,0.0,1.5024969577789307,1.0066803693771362
240,240,48,0,48,25,train_balanced_1000048,1000048,balanced,fixed_cost_dominant,1.0,0.0,0.0,group_anchor_0,177,177,0,0.0,177,0,0.0,0,0.0,1.7619821805202531,1.8244821805202531,-0.0625,1.7619821805202531,1.8244821805202531,0.0,quality,-649.1000000000003,-337.2033521862301,-7.299166666666668,0.9999999999999998,1.0,-0.35103563895949386,0.0,0.0,-0.0625,55,198.3,True,False,completed,1.0,1.0,649.1000000000003,649.1000000000003,337.2033521862301,7.299166666666668,0.27664638716518064,0.35103563895949386,0.2082,0.13815000000000002,0.75,0,0.0,0,0,0,0.0,2,51,0,0,1746,174.60000000000002,0,0,0,0.0,0,0.0,0,0,17,0.0,0,{},0.0,9,1.0,46,9,86,18,18,96,78,18,0,96,0,78,0,18,0,0,0,96,9,9,0,18,0,96,0,0,78,0,18,68,4,1.411764705882353,0,10,2452,12.800346399999398,10.291159800101013,0.09575059999770019,0.1188225000150851,18.9070928000001,parallel_episode_batch,pending,0.0015128211428721745,0.0012148026457557885,0.4912014424036711,-0.0027917917602910446,1.190530626142087e-05,0.0,1.000093780266933,0.11112104141368316,0.0,0.3066854774951935,1.433526635169983,0.3336970806121826,0.013492039404809475,0.052470337599515915,1.4200347661972046,0.3352225124835968,0.9752757549285889,0.0001,-0.3001749515533447,-0.30380457639694214,-0.20293042063713074,-0.20269286632537842,-0.20279830694198608,0.3017902076244354,-0.2996956706047058,-0.29972195625305176,-0.2009493112564087,-0.1996239870786667,-0.2011280357837677,0.01798621006309986,0.12113085389137268,0.01798621006309986,0.11994866281747818,0.0,1.5022997856140137,1.0072399377822876
241,241,48,1,48,25,train_balanced_1000048,1000048,balanced,fixed_cost_dominant,0.0,1.0,0.0,group_anchor_1,185,185,0,0.0,185,0,0.0,0,0.0,1.789744850093876,1.852244850093876,-0.0625,1.789744850093876,1.8522448500938762,-2.220446049250313e-16,quality,-738.9999999999999,-419.4671685526298,-4.091388888888891,0.9999999999999998,1.0,-0.2955102998122476,0.0,0.0,-0.0625,55,201.5,True,False,completed,1.0,1.0,738.9999999999999,738.9999999999999,419.4671685526298,4.091388888888891,0.29434292565672304,0.2955102998122476,0.258,0.15958333333333333,0.75,0,0.0,0,0,0,0.0,1,59,0,2,1775,177.5,0,0,0,0.0,0,0.0,0,0,23,0.0,0,{},0.0,11,0.9090909090909091,44,11,91,22,17,84,65,19,2,82,0,65,2,17,2,2,0,82,8,13,3,16,0,82,0,0,65,2,17,53,6,1.5849056603773586,0,10,2452,12.800346399999398,10.291159800101013,0.09103009999671485,0.1723232000513235,18.9070928000001,parallel_episode_batch,pending,0.0015128211428721745,0.0012148026457557885,0.4912014424036711,-0.0027917917602910446,1.190530626142087e-05,0.0,1.000093780266933,0.11112104141368316,0.0,0.3066854774951935,1.433526635169983,0.3336970806121826,0.013492039404809475,0.052470337599515915,1.4200347661972046,0.3352225124835968,0.9752757549285889,0.0001,-0.3001749515533447,-0.30380457639694214,-0.20293042063713074,-0.20269286632537842,-0.20279830694198608,0.3017902076244354,-0.2996956706047058,-0.29972195625305176,-0.2009493112564087,-0.1996239870786667,-0.2011280357837677,0.01798621006309986,0.12113085389137268,0.01798621006309986,0.11994866281747818,0.0,1.5022997856140137,1.0072399377822876
242,242,48,2,48,25,train_balanced_1000048,1000048,balanced,fixed_cost_dominant,0.0,0.0,1.0,group_anchor_2,181,181,0,0.0,181,0,0.0,0,0.0,1.8674041313787024,1.9299041313787024,-0.0625,1.8674041313787024,1.9299041313787024,0.0,quality,-808.0999999999999,-357.1789448006199,-8.152500000000003,0.9999999999999998,1.0,-0.14019173724259495,0.0,0.0,-0.0625,55,206.8,True,False,completed,1.0,1.0,808.0999999999999,808.0999999999999,357.1789448006199,8.152500000000003,0.3082016928016106,0.14019173724259495,0.14700000000000002,0.12641666666666668,0.75,0,0.0,0,0,0,0.0,2,52,0,4,1789,178.9,0,0,0,0.0,0,0.0,0,0,17,0.0,0,{},0.0,9,1.0,46,9,90,18,18,68,50,18,0,68,0,50,0,18,0,0,0,68,9,9,0,18,0,68,0,0,50,0,18,49,3,1.3877551020408163,0,10,2452,12.800346399999398,10.291159800101013,0.09796389999974053,0.21472919997904683,18.9070928000001,parallel_episode_batch,pending,0.0015128211428721745,0.0012148026457557885,0.4912014424036711,-0.0027917917602910446,1.190530626142087e-05,0.0,1.000093780266933,0.11112104141368316,0.0,0.3066854774951935,1.433526635169983,0.3336970806121826,0.013492039404809475,0.052470337599515915,1.4200347661972046,0.3352225124835968,0.9752757549285889,0.0001,-0.3001749515533447,-0.30380457639694214,-0.20293042063713074,-0.20269286632537842,-0.20279830694198608,0.3017902076244354,-0.2996956706047058,-0.29972195625305176,-0.2009493112564087,-0.1996239870786667,-0.2011280357837677,0.01798621006309986,0.12113085389137268,0.01798621006309986,0.11994866281747818,0.0,1.5022997856140137,1.0072399377822876
243,243,48,3,48,25,train_balanced_1000048,1000048,balanced,fixed_cost_dominant,0.3333333333333333,0.3333333333333333,0.3333333333333333,group_anchor_3,197,197,0,0.0,197,0,0.0,0,0.0,1.8093128902343725,1.8718128902343725,-0.0625,1.8093128902343725,1.8718128902343727,-2.220446049250313e-16,quality,-698.7000000000002,-511.39747182491,-3.3488888888888924,0.9999999999999998,1.0,-0.25637421953125444,0.0,0.0,-0.0625,55,207.20000000000002,True,False,completed,1.0,1.0,698.7000000000002,698.7000000000002,511.39747182491,3.3488888888888924,0.2980571865601096,0.25637421953125444,0.29020000000000007,0.20266666666666666,0.75,0,0.0,0,0,0,0.0,1,71,0,0,1754,175.4,0,0,0,0.0,0,0.0,0,0,22,0.0,0,{},0.0,13,0.9230769230769231,42,13,92,26,24,104,79,25,1,103,0,79,1,24,1,1,0,103,14,12,2,23,0,103,0,0,79,1,24,72,5,1.4444444444444444,0,10,2452,12.800346399999398,10.291159800101013,0.09534079999866663,0.12756809998245444,18.9070928000001,parallel_episode_batch,pending,0.0015128211428721745,0.0012148026457557885,0.4912014424036711,-0.0027917917602910446,1.190530626142087e-05,0.0,1.000093780266933,0.11112104141368316,0.0,0.3066854774951935,1.433526635169983,0.3336970806121826,0.013492039404809475,0.052470337599515915,1.4200347661972046,0.3352225124835968,0.9752757549285889,0.0001,-0.3001749515533447,-0.30380457639694214,-0.20293042063713074,-0.20269286632537842,-0.20279830694198608,0.3017902076244354,-0.2996956706047058,-0.29972195625305176,-0.2009493112564087,-0.1996239870786667,-0.2011280357837677,0.01798621006309986,0.12113085389137268,0.01798621006309986,0.11994866281747818,0.0,1.5022997856140137,1.0072399377822876
244,244,48,4,48,25,train_balanced_1000048,1000048,balanced,fixed_cost_dominant,0.5,0.3,0.2,group_anchor_4,192,192,0,0.0,192,0,0.0,0,0.0,1.7864720733636625,1.8489720733636625,-0.0625,1.7864720733636625,1.8489720733636623,2.220446049250313e-16,quality,-743.0000000000003,-464.22172571096996,-4.272222222222221,0.9999999999999998,1.0,-0.3020558532726755,0.0,0.0,-0.0625,55,202.4,True,False,completed,1.0,1.0,743.0000000000003,743.0000000000003,464.22172571096996,4.27222222222222,0.3020558532726755,0.3020558532726755,0.22440000000000002,0.18336666666666668,0.75,0,0.0,0,0,0,0.0,2,68,0,0,1704,170.4,0,0,0,0.0,0,0.0,0,0,19,0.0,0,{},0.0,12,1.0,43,12,90,24,23,88,65,23,0,88,0,65,0,23,0,0,0,88,12,10,1,21,0,88,0,0,65,0,23,63,5,1.3968253968253967,0,10,2452,12.800346399999398,10.291159800101013,0.08382110000093235,0.2231957000476541,18.9070928000001,parallel_episode_batch,pending,0.0015128211428721745,0.0012148026457557885,0.4912014424036711,-0.0027917917602910446,1.190530626142087e-05,0.0,1.000093780266933,0.11112104141368316,0.0,0.3066854774951935,1.433526635169983,0.3336970806121826,0.013492039404809475,0.052470337599515915,1.4200347661972046,0.3352225124835968,0.9752757549285889,0.0001,-0.3001749515533447,-0.30380457639694214,-0.20293042063713074,-0.20269286632537842,-0.20279830694198608,0.3017902076244354,-0.2996956706047058,-0.29972195625305176,-0.2009493112564087,-0.1996239870786667,-0.2011280357837677,0.01798621006309986,0.12113085389137268,0.01798621006309986,0.11994866281747818,0.0,1.5022997856140137,1.0072399377822876
245,245,49,0,49,25,train_balanced_1000049,1000049,balanced,balanced_cost,1.0,0.0,0.0,group_anchor_0,304,304,0,0.0,304,0,0.0,0,0.0,1.7126536274419881,1.7751536274419881,-0.0625,1.7126536274419881,1.7751536274419886,-4.440892098500626e-16,quality,-980.5999999999996,-1046.2210167970704,-7.3122222222222115,1.0000000000000002,1.0,-0.44969274511602303,0.0,0.0,-0.0625,77,212.9,True,False,completed,1.0,1.0,980.5999999999996,980.5999999999996,1046.2210167970704,7.3122222222222115,0.40375179192593946,0.44969274511602303,0.4723295963000001,0.31481169180000007,0.75,0,0.0,0,0,0,0.0,1,122,0,0,1497,149.70000000000002,0,0,0,0.0,0,0.0,0,0,51,0.0,0,{},0.0,23,0.9130434782608695,54,23,136,46,45,174,127,47,2,172,0,127,2,45,2,2,0,172,24,22,0,44,0,172,0,0,127,2,45,111,5,1.5675675675675675,0,10,2452,12.800346399999398,10.291159800101013,0.15957720000005793,0.21734559996548342,18.9070928000001,parallel_episode_batch,pending,0.0015128211428721745,0.0012148026457557885,0.4912014424036711,-0.0027917917602910446,1.190530626142087e-05,0.0,1.000093780266933,0.11112104141368316,0.0,0.3066854774951935,1.433526635169983,0.3336970806121826,0.013492039404809475,0.052470337599515915,1.4200347661972046,0.3352225124835968,0.9752757549285889,0.0001,-0.3001749515533447,-0.30380457639694214,-0.20293042063713074,-0.20269286632537842,-0.20279830694198608,0.3017902076244354,-0.2996956706047058,-0.29972195625305176,-0.2009493112564087,-0.1996239870786667,-0.2011280357837677,0.01798621006309986,0.12113085389137268,0.01798621006309986,0.11994866281747818,0.0,1.5022997856140137,1.0072399377822876
246,246,49,1,49,25,train_balanced_1000049,1000049,balanced,balanced_cost,0.0,1.0,0.0,group_anchor_1,323,323,0,0.0,323,0,0.0,0,0.0,1.6663321314920443,1.7288321314920443,-0.0625,1.6663321314920443,1.728832131492044,2.220446049250313e-16,quality,-1118.4000000000003,-1185.0078340828804,-29.673333333333336,1.0000000000000002,1.0,-0.542335737015912,0.0,0.0,-0.0625,77,215.9,True,False,completed,1.0,1.0,1118.4000000000003,1118.4000000000003,1185.0078340828804,29.673333333333336,0.4783890398486853,0.542335737015912,0.3890295963,0.3336514409166667,0.75,0,0.0,0,0,0,0.0,1,137,0,0,1593,159.3,0,0,0,0.0,0,0.0,0,0,48,0.0,0,{},0.0,26,0.9230769230769231,51,26,146,52,48,156,107,49,1,155,0,107,1,48,1,1,0,155,23,26,1,47,0,155,0,0,107,1,48,100,5,1.56,0,10,2452,12.800346399999398,10.291159800101013,0.1457936000006157,0.31716579994827043,18.9070928000001,parallel_episode_batch,pending,0.0015128211428721745,0.0012148026457557885,0.4912014424036711,-0.0027917917602910446,1.190530626142087e-05,0.0,1.000093780266933,0.11112104141368316,0.0,0.3066854774951935,1.433526635169983,0.3336970806121826,0.013492039404809475,0.052470337599515915,1.4200347661972046,0.3352225124835968,0.9752757549285889,0.0001,-0.3001749515533447,-0.30380457639694214,-0.20293042063713074,-0.20269286632537842,-0.20279830694198608,0.3017902076244354,-0.2996956706047058,-0.29972195625305176,-0.2009493112564087,-0.1996239870786667,-0.2011280357837677,0.01798621006309986,0.12113085389137268,0.01798621006309986,0.11994866281747818,0.0,1.5022997856140137,1.0072399377822876
247,247,49,2,49,25,train_balanced_1000049,1000049,balanced,balanced_cost,0.0,0.0,1.0,group_anchor_2,325,325,0,0.0,325,0,0.0,0,0.0,1.788229517396184,1.850729517396184,-0.0625,1.788229517396184,1.8507295173961842,-2.220446049250313e-16,quality,-1318.4000000000003,-1227.2550867526102,-21.27999999999999,1.0000000000000002,1.0,-0.2985409652076318,0.0,0.0,-0.0625,77,236.8,True,False,completed,1.0,1.0,1318.4000000000003,1318.4000000000003,1227.2550867526102,21.27999999999999,0.4867667429571762,0.2985409652076318,0.41593849470000005,0.3268191300666667,0.75,0,0.0,0,0,5,0.014164305949008499,1,143,1,5,1741,174.10000000000002,0,0,0,0.0,0,0.0,0,0,48,0.0,0,{},0.0,27,0.9629629629629629,50,27,148,54,46,136,86,50,4,132,0,86,4,46,4,4,0,132,22,24,3,39,1,132,0,0,86,4,46,90,6,1.511111111111111,0,10,2452,12.800346399999398,10.291159800101013,0.14953450000029989,0.4414129000142566,18.9070928000001,parallel_episode_batch,pending,0.0015128211428721745,0.0012148026457557885,0.4912014424036711,-0.0027917917602910446,1.190530626142087e-05,0.0,1.000093780266933,0.11112104141368316,0.0,0.3066854774951935,1.433526635169983,0.3336970806121826,0.013492039404809475,0.052470337599515915,1.4200347661972046,0.3352225124835968,0.9752757549285889,0.0001,-0.3001749515533447,-0.30380457639694214,-0.20293042063713074,-0.20269286632537842,-0.20279830694198608,0.3017902076244354,-0.2996956706047058,-0.29972195625305176,-0.2009493112564087,-0.1996239870786667,-0.2011280357837677,0.01798621006309986,0.12113085389137268,0.01798621006309986,0.11994866281747818,0.0,1.5022997856140137,1.0072399377822876
248,248,49,3,49,25,train_balanced_1000049,1000049,balanced,balanced_cost,0.3333333333333333,0.3333333333333333,0.3333333333333333,group_anchor_3,281,281,0,0.0,281,0,0.0,0,0.0,1.7638402226915775,1.8263402226915775,-0.0625,1.7638402226915775,1.8263402226915773,2.220446049250313e-16,quality,-993.2,-811.9635511146398,-8.206666666666669,1.0000000000000002,1.0,-0.3473195546168456,0.0,0.0,-0.0625,77,231.5,True,False,completed,1.0,1.0,993.2,993.2,811.9635511146398,8.206666666666669,0.3890592677206731,0.3473195546168456,0.2672295963,0.2070176069666667,0.75,0,0.0,0,0,1,0.00558659217877095,2,99,0,3,1773,177.3,0,0,0,0.0,0,0.0,0,0,50,0.0,0,{},0.0,18,1.0,59,18,132,36,36,132,96,36,0,132,0,96,0,36,0,0,0,132,16,17,0,33,0,132,0,0,96,0,36,91,5,1.4505494505494505,0,10,2452,12.800346399999398,10.291159800101013,0.1656444999971427,0.2950948999496177,18.9070928000001,parallel_episode_batch,pending,0.0015128211428721745,0.0012148026457557885,0.4912014424036711,-0.0027917917602910446,1.190530626142087e-05,0.0,1.000093780266933,0.11112104141368316,0.0,0.3066854774951935,1.433526635169983,0.3336970806121826,0.013492039404809475,0.052470337599515915,1.4200347661972046,0.3352225124835968,0.9752757549285889,0.0001,-0.3001749515533447,-0.30380457639694214,-0.20293042063713074,-0.20269286632537842,-0.20279830694198608,0.3017902076244354,-0.2996956706047058,-0.29972195625305176,-0.2009493112564087,-0.1996239870786667,-0.2011280357837677,0.01798621006309986,0.12113085389137268,0.01798621006309986,0.11994866281747818,0.0,1.5022997856140137,1.0072399377822876
249,249,49,4,49,25,train_balanced_1000049,1000049,balanced,balanced_cost,0.5,0.3,0.2,group_anchor_4,287,287,0,0.0,287,0,0.0,0,0.0,1.7252885046870374,1.7877885046870374,-0.0625,1.7252885046870374,1.7877885046870372,2.220446049250313e-16,quality,-1046.8000000000002,-912.6002473509699,-15.93,1.0000000000000002,1.0,-0.4244229906259255,0.0,0.0,-0.0625,77,212.9,True,False,completed,1.0,1.0,1046.8000000000002,1046.8000000000002,912.6002473509699,15.93,0.4244229906259255,0.4244229906259255,0.40390000000000004,0.28017899761666665,0.75,0,0.0,0,0,0,0.0,1,109,0,2,1594,159.4,0,0,0,0.0,0,0.0,0,0,50,0.0,0,{},0.0,20,0.95,57,20,131,40,39,145,103,42,3,142,0,103,3,39,3,3,0,142,19,21,0,37,0,142,0,0,103,3,39,91,4,1.5934065934065933,0,10,2452,12.800346399999398,10.291159800101013,0.16428040000027977,0.24932059988350375,18.9070928000001,parallel_episode_batch,pending,0.0015128211428721745,0.0012148026457557885,0.4912014424036711,-0.0027917917602910446,1.190530626142087e-05,0.0,1.000093780266933,0.11112104141368316,0.0,0.3066854774951935,1.433526635169983,0.3336970806121826,0.013492039404809475,0.052470337599515915,1.4200347661972046,0.3352225124835968,0.9752757549285889,0.0001,-0.3001749515533447,-0.30380457639694214,-0.20293042063713074,-0.20269286632537842,-0.20279830694198608,0.3017902076244354,-0.2996956706047058,-0.29972195625305176,-0.2009493112564087,-0.1996239870786667,-0.2011280357837677,0.01798621006309986,0.12113085389137268,0.01798621006309986,0.11994866281747818,0.0,1.5022997856140137,1.0072399377822876
250,250,50,0,50,26,train_balanced_1000050,1000050,balanced,labor_dominant,1.0,0.0,0.0,group_anchor_0,246,246,0,0.0,246,0,0.0,0,0.0,1.7241424613032676,1.7866424613032676,-0.0625,1.7241424613032676,1.7866424613032676,0.0,quality,-893.2,-506.07455281130996,-11.12888888888889,1.0000000000000002,1.0,-0.4267150773934646,0.0,0.0,-0.0625,74,211.5,True,False,completed,1.0,1.0,893.2,893.2,506.07455281130996,11.12888888888889,0.35057543810924974,0.4267150773934646,0.20700000000000002,0.1746,0.75,0,0.0,0,0,0,0.0,2,78,0,1,1652,165.20000000000002,0,0,0,0.0,0,0.0,0,0,31,0.0,0,{},0.0,14,1.0,60,14,117,28,27,135,108,27,0,135,0,108,0,27,0,0,0,135,14,14,1,27,0,135,0,0,108,0,27,94,5,1.4361702127659575,0,10,2615,13.732336200002464,11.15426429999934,0.14610869999887655,0.15985820001515094,21.414787499998056,parallel_episode_batch,not_promoted,-0.0012226427746255223,0.0007905843518617586,0.5598725932763844,-0.006426076345122987,0.0001361314328877176,0.0009527439024390244,1.0002801149356655,0.10862331862402398,0.0,0.2633250951766968,1.4500305652618408,0.27562567591667175,0.014402280561625957,0.034567348659038544,1.4356284141540527,0.2780352830886841,0.9842712879180908,0.0001,-0.30059555172920227,-0.30380555987358093,-0.20297205448150635,-0.20276452600955963,-0.2027389258146286,0.3020172417163849,-0.2995639145374298,-0.2999284565448761,-0.20114447176456451,-0.19965717196464539,-0.20124302804470062,0.01798621006309986,0.1216999888420105,0.01798621006309986,0.12022566050291061,0.0,1.501894235610962,1.0070748329162598
251,251,50,1,50,26,train_balanced_1000050,1000050,balanced,labor_dominant,0.0,1.0,0.0,group_anchor_1,224,224,0,0.0,224,0,0.0,0,0.0,1.802675396319767,1.865175396319767,-0.0625,1.802675396319767,1.8651753963197666,4.440892098500626e-16,quality,-1023.5000000000003,-369.2050588265099,-13.692222222222226,1.0000000000000002,1.0,-0.26964920736046694,0.0,0.0,-0.0625,74,218.20000000000002,True,False,completed,1.0,1.0,1023.5000000000003,1023.5000000000003,369.2050588265099,13.692222222222226,0.3540448813843541,0.26964920736046694,0.14700000000000002,0.13130337828333336,0.75,0,0.0,0,0,0,0.0,1,59,0,1,1831,183.10000000000002,0,0,0,0.0,0,0.0,0,0,36,0.0,0,{},0.0,10,1.0,64,10,112,20,18,81,62,19,1,80,0,62,1,18,1,1,0,80,9,9,1,16,0,80,0,0,62,1,18,55,4,1.4727272727272727,0,10,2615,13.732336200002464,11.15426429999934,0.13537770000402816,0.231573600001866,21.414787499998056,parallel_episode_batch,not_promoted,-0.0012226427746255223,0.0007905843518617586,0.5598725932763844,-0.006426076345122987,0.0001361314328877176,0.0009527439024390244,1.0002801149356655,0.10862331862402398,0.0,0.2633250951766968,1.4500305652618408,0.27562567591667175,0.014402280561625957,0.034567348659038544,1.4356284141540527,0.2780352830886841,0.9842712879180908,0.0001,-0.30059555172920227,-0.30380555987358093,-0.20297205448150635,-0.20276452600955963,-0.2027389258146286,0.3020172417163849,-0.2995639145374298,-0.2999284565448761,-0.20114447176456451,-0.19965717196464539,-0.20124302804470062,0.01798621006309986,0.1216999888420105,0.01798621006309986,0.12022566050291061,0.0,1.501894235610962,1.0070748329162598
252,252,50,2,50,26,train_balanced_1000050,1000050,balanced,labor_dominant,0.0,0.0,1.0,group_anchor_2,245,245,0,0.0,245,0,0.0,0,0.0,1.9199702476680598,1.9824702476680598,-0.0625,1.9199702476680598,1.9824702476680605,-6.661338147750939e-16,quality,-955.9000000000001,-520.7028897830502,-1.8166666666666662,1.0000000000000002,1.0,-0.03505950466387904,0.0,0.0,-0.0625,74,230.5,True,False,completed,1.0,1.0,955.9000000000001,955.9000000000001,520.7028897830502,1.8166666666666658,0.3314286623982894,0.03505950466387905,0.22260000000000002,0.1600246942,0.75,0,0.0,0,0,0,0.0,2,80,0,0,1823,182.3,0,0,0,0.0,0,0.0,0,0,31,0.0,0,{},0.0,14,1.0,60,14,117,28,26,104,78,26,0,104,0,78,0,26,0,0,0,104,11,13,0,24,0,102,0,0,78,0,26,73,4,1.4246575342465753,0,10,2615,13.732336200002464,11.15426429999934,0.11547820000123465,0.19784060004894855,21.414787499998056,parallel_episode_batch,not_promoted,-0.0012226427746255223,0.0007905843518617586,0.5598725932763844,-0.006426076345122987,0.0001361314328877176,0.0009527439024390244,1.0002801149356655,0.10862331862402398,0.0,0.2633250951766968,1.4500305652618408,0.27562567591667175,0.014402280561625957,0.034567348659038544,1.4356284141540527,0.2780352830886841,0.9842712879180908,0.0001,-0.30059555172920227,-0.30380555987358093,-0.20297205448150635,-0.20276452600955963,-0.2027389258146286,0.3020172417163849,-0.2995639145374298,-0.2999284565448761,-0.20114447176456451,-0.19965717196464539,-0.20124302804470062,0.01798621006309986,0.1216999888420105,0.01798621006309986,0.12022566050291061,0.0,1.501894235610962,1.0070748329162598
253,253,50,3,50,26,train_balanced_1000050,1000050,balanced,labor_dominant,0.3333333333333333,0.3333333333333333,0.3333333333333333,group_anchor_3,241,241,0,0.0,241,0,0.0,0,0.0,1.7879536979594208,1.8504536979594208,-0.0625,1.7879536979594208,1.8504536979594208,0.0,quality,-931.3999999999996,-481.38851700208005,-7.825555555555558,1.0000000000000002,1.0,-0.2990926040811583,0.0,0.0,-0.0625,74,224.20000000000002,True,False,completed,1.0,1.0,931.3999999999996,931.3999999999996,481.38851700208005,7.825555555555558,0.3430482580830487,0.2990926040811583,0.20790000000000003,0.15452174966666668,0.75,0,0.0,0,0,0,0.0,2,72,0,0,1873,187.3,0,0,0,0.0,0,0.0,0,0,33,0.0,0,{},0.0,13,0.9230769230769231,61,13,115,26,26,112,86,26,0,112,0,86,0,26,0,0,0,112,12,12,0,24,0,112,0,0,86,0,26,80,5,1.4,0,10,2615,13.732336200002464,11.15426429999934,0.11322030000155792,0.20625410004868172,21.414787499998056,parallel_episode_batch,not_promoted,-0.0012226427746255223,0.0007905843518617586,0.5598725932763844,-0.006426076345122987,0.0001361314328877176,0.0009527439024390244,1.0002801149356655,0.10862331862402398,0.0,0.2633250951766968,1.4500305652618408,0.27562567591667175,0.014402280561625957,0.034567348659038544,1.4356284141540527,0.2780352830886841,0.9842712879180908,0.0001,-0.30059555172920227,-0.30380555987358093,-0.20297205448150635,-0.20276452600955963,-0.2027389258146286,0.3020172417163849,-0.2995639145374298,-0.2999284565448761,-0.20114447176456451,-0.19965717196464539,-0.20124302804470062,0.01798621006309986,0.1216999888420105,0.01798621006309986,0.12022566050291061,0.0,1.501894235610962,1.0070748329162598
254,254,50,4,50,26,train_balanced_1000050,1000050,balanced,labor_dominant,0.5,0.3,0.2,group_anchor_4,252,252,0,0.0,252,0,0.0,0,0.0,1.7724855098242605,1.8349855098242605,-0.0625,1.7724855098242605,1.8349855098242607,-2.220446049250313e-16,quality,-907.2999999999994,-541.0976922191999,-2.471388888888891,1.0000000000000002,1.0,-0.3300289803514788,0.0,0.0,-0.0625,74,215.9,True,False,completed,1.0,1.0,907.2999999999994,907.2999999999994,541.0976922191999,2.471388888888891,0.3300289803514788,0.3300289803514788,0.19679999999999997,0.16425000000000003,0.75,0,0.0,0,0,0,0.0,2,86,0,0,1709,170.9,0,0,0,0.0,0,0.0,0,0,31,0.0,0,{},0.0,15,1.0,59,15,119,30,29,129,100,29,0,129,0,100,0,29,0,0,0,129,15,15,1,29,0,129,0,0,100,0,29,89,5,1.449438202247191,0,10,2615,13.732336200002464,11.15426429999934,0.1031377999970573,0.24230970000644447,21.414787499998056,parallel_episode_batch,not_promoted,-0.0012226427746255223,0.0007905843518617586,0.5598725932763844,-0.006426076345122987,0.0001361314328877176,0.0009527439024390244,1.0002801149356655,0.10862331862402398,0.0,0.2633250951766968,1.4500305652618408,0.27562567591667175,0.014402280561625957,0.034567348659038544,1.4356284141540527,0.2780352830886841,0.9842712879180908,0.0001,-0.30059555172920227,-0.30380555987358093,-0.20297205448150635,-0.20276452600955963,-0.2027389258146286,0.3020172417163849,-0.2995639145374298,-0.2999284565448761,-0.20114447176456451,-0.19965717196464539,-0.20124302804470062,0.01798621006309986,0.1216999888420105,0.01798621006309986,0.12022566050291061,0.0,1.501894235610962,1.0070748329162598
255,255,51,0,51,26,train_high_arrival_pressure_1000051,1000051,high_arrival_pressure,downtime_dominant,1.0,0.0,0.0,group_anchor_0,274,274,0,0.0,274,0,0.0,0,0.0,1.662471878515186,1.724971878515186,-0.0625,1.662471878515186,1.7249718785151855,4.440892098500626e-16,quality,-1467.0,-931.4570661379104,-4.445555555555557,1.0,1.0,-0.5500562429696289,0.0,0.0,-0.0625,76,157.9,True,False,completed,1.0,1.0,1467.0,1467.0,931.4570661379104,4.445555555555557,0.4360352481818301,0.5500562429696289,0.345355444,0.3013283672333333,0.75,0,0.0,0,0,0,0.0,1,84,0,0,1283,128.3,0,0,0,0.0,0,0.0,0,0,48,0.0,0,{},0.0,18,0.9444444444444444,58,18,126,36,36,156,116,40,4,152,0,116,4,36,4,4,0,152,20,19,0,35,0,152,0,0,116,4,36,103,10,1.5145631067961165,0,10,2615,13.732336200002464,11.15426429999934,0.15660789999674307,0.2575785000080941,21.414787499998056,parallel_episode_batch,not_promoted,-0.0012226427746255223,0.0007905843518617586,0.5598725932763844,-0.006426076345122987,0.0001361314328877176,0.0009527439024390244,1.0002801149356655,0.10862331862402398,0.0,0.2633250951766968,1.4500305652618408,0.27562567591667175,0.014402280561625957,0.034567348659038544,1.4356284141540527,0.2780352830886841,0.9842712879180908,0.0001,-0.30059555172920227,-0.30380555987358093,-0.20297205448150635,-0.20276452600955963,-0.2027389258146286,0.3020172417163849,-0.2995639145374298,-0.2999284565448761,-0.20114447176456451,-0.19965717196464539,-0.20124302804470062,0.01798621006309986,0.1216999888420105,0.01798621006309986,0.12022566050291061,0.0,1.501894235610962,1.0070748329162598
256,256,51,1,51,26,train_high_arrival_pressure_1000051,1000051,high_arrival_pressure,downtime_dominant,0.0,1.0,0.0,group_anchor_1,264,264,0,0.0,264,0,0.0,0,0.0,1.7071079360510506,1.7696079360510506,-0.0625,1.7071079360510506,1.7696079360510508,-2.220446049250313e-16,quality,-1630.7,-854.5448154216203,-3.7666666666666666,1.0,1.0,-0.4607841278978984,0.0,0.0,-0.0625,76,161.70000000000002,True,False,completed,1.0,1.0,1630.7,1630.7,854.5448154216203,3.766666666666666,0.44028469211461885,0.4607841278978984,0.2718271842,0.2060328758833334,0.75,0,0.0,0,0,14,0.027131782945736434,1,89,0,2,1268,126.80000000000001,0,0,0,0.0,0,0.0,0,0,41,0.0,0,{},0.0,17,1.0,59,17,124,34,30,106,74,32,2,104,0,74,2,30,2,2,0,104,12,13,1,22,0,104,0,0,74,2,30,71,5,1.4929577464788732,0,10,2615,13.732336200002464,11.15426429999934,0.16834789999848,0.4531320000241976,21.414787499998056,parallel_episode_batch,not_promoted,-0.0012226427746255223,0.0007905843518617586,0.5598725932763844,-0.006426076345122987,0.0001361314328877176,0.0009527439024390244,1.0002801149356655,0.10862331862402398,0.0,0.2633250951766968,1.4500305652618408,0.27562567591667175,0.014402280561625957,0.034567348659038544,1.4356284141540527,0.2780352830886841,0.9842712879180908,0.0001,-0.30059555172920227,-0.30380555987358093,-0.20297205448150635,-0.20276452600955963,-0.2027389258146286,0.3020172417163849,-0.2995639145374298,-0.2999284565448761,-0.20114447176456451,-0.19965717196464539,-0.20124302804470062,0.01798621006309986,0.1216999888420105,0.01798621006309986,0.12022566050291061,0.0,1.501894235610962,1.0070748329162598
257,257,51,2,51,26,train_high_arrival_pressure_1000051,1000051,high_arrival_pressure,downtime_dominant,0.0,0.0,1.0,group_anchor_2,301,301,0,0.0,301,0,0.0,0,0.0,1.931603695895645,1.994103695895645,-0.0625,1.931603695895645,1.9941036958956453,-2.220446049250313e-16,quality,-1900.3000000000004,-1120.5726077383297,-0.5966666666666653,1.0,1.0,-0.01179260820870938,0.0,0.0,-0.0625,76,174.70000000000002,True,False,completed,1.0,1.0,1900.3000000000004,1900.3000000000004,1120.5726077383297,0.5966666666666649,0.46735764035223337,0.011792608208709367,0.34472718420000004,0.28553612153333335,0.75,0,0.0,0,0,2,0.002828854314002829,1,107,2,5,1357,135.70000000000002,0,0,0,0.0,0,0.0,0,0,48,0.0,0,{},0.0,22,0.8181818181818182,54,22,141,44,40,123,81,42,2,121,0,81,2,40,2,2,0,121,14,18,1,29,0,121,0,0,81,2,40,71,5,1.732394366197183,0,10,2615,13.732336200002464,11.15426429999934,0.14049209999939194,0.5726397999605979,21.414787499998056,parallel_episode_batch,not_promoted,-0.0012226427746255223,0.0007905843518617586,0.5598725932763844,-0.006426076345122987,0.0001361314328877176,0.0009527439024390244,1.0002801149356655,0.10862331862402398,0.0,0.2633250951766968,1.4500305652618408,0.27562567591667175,0.014402280561625957,0.034567348659038544,1.4356284141540527,0.2780352830886841,0.9842712879180908,0.0001,-0.30059555172920227,-0.30380555987358093,-0.20297205448150635,-0.20276452600955963,-0.2027389258146286,0.3020172417163849,-0.2995639145374298,-0.2999284565448761,-0.20114447176456451,-0.19965717196464539,-0.20124302804470062,0.01798621006309986,0.1216999888420105,0.01798621006309986,0.12022566050291061,0.0,1.501894235610962,1.0070748329162598
258,258,51,3,51,26,train_high_arrival_pressure_1000051,1000051,high_arrival_pressure,downtime_dominant,0.3333333333333333,0.3333333333333333,0.3333333333333333,group_anchor_3,282,282,0,0.0,282,0,0.0,0,0.0,1.7374105468977183,1.7999105468977183,-0.0625,1.7374105468977183,1.7999105468977183,0.0,quality,-1513.9,-1066.8916019933097,-7.242500000000001,1.0,1.0,-0.4001789062045631,0.0,0.0,-0.0625,76,164.8,True,False,completed,1.0,1.0,1513.9,1513.9,1066.8916019933097,7.242500000000001,0.459075083539729,0.4001789062045631,0.3866640298999998,0.27690699059999996,0.75,0,0.0,0,0,2,0.005305039787798408,1,106,1,0,1307,130.70000000000002,0,0,0,0.0,0,0.0,0,0,50,0.0,0,{},0.0,21,0.9047619047619048,55,21,128,42,36,142,100,42,6,136,0,100,6,36,6,6,0,136,22,20,2,34,1,136,0,0,100,6,36,90,8,1.5777777777777777,0,10,2615,13.732336200002464,11.15426429999934,0.14731720000418136,0.32470809996448224,21.414787499998056,parallel_episode_batch,not_promoted,-0.0012226427746255223,0.0007905843518617586,0.5598725932763844,-0.006426076345122987,0.0001361314328877176,0.0009527439024390244,1.0002801149356655,0.10862331862402398,0.0,0.2633250951766968,1.4500305652618408,0.27562567591667175,0.014402280561625957,0.034567348659038544,1.4356284141540527,0.2780352830886841,0.9842712879180908,0.0001,-0.30059555172920227,-0.30380555987358093,-0.20297205448150635,-0.20276452600955963,-0.2027389258146286,0.3020172417163849,-0.2995639145374298,-0.2999284565448761,-0.20114447176456451,-0.19965717196464539,-0.20124302804470062,0.01798621006309986,0.1216999888420105,0.01798621006309986,0.12022566050291061,0.0,1.501894235610962,1.0070748329162598
259,259,51,4,51,26,train_high_arrival_pressure_1000051,1000051,high_arrival_pressure,downtime_dominant,0.5,0.3,0.2,group_anchor_4,286,286,0,0.0,286,0,0.0,0,0.0,1.7024681541292814,1.7649681541292814,-0.0625,1.7024681541292814,1.7649681541292814,0.0,quality,-1509.1000000000001,-1013.2813893052194,-12.715555555555554,1.0,1.0,-0.47006369174143714,0.0,0.0,-0.0625,76,154.9,True,False,completed,1.0,1.0,1509.1000000000001,1509.1000000000001,1013.2813893052194,12.715555555555554,0.47006369174143714,0.47006369174143714,0.3934640299,0.2988569906,0.75,0,0.0,0,0,0,0.0,1,101,0,2,1182,118.2,0,0,0,0.0,0,0.0,0,0,48,0.0,0,{},0.0,20,0.95,56,20,133,40,37,143,103,40,3,140,0,103,3,37,3,3,0,140,19,20,1,35,0,140,0,0,103,3,37,94,5,1.5212765957446808,0,10,2615,13.732336200002464,11.15426429999934,0.17085879999649478,0.2716736000147648,21.414787499998056,parallel_episode_batch,not_promoted,-0.0012226427746255223,0.0007905843518617586,0.5598725932763844,-0.006426076345122987,0.0001361314328877176,0.0009527439024390244,1.0002801149356655,0.10862331862402398,0.0,0.2633250951766968,1.4500305652618408,0.27562567591667175,0.014402280561625957,0.034567348659038544,1.4356284141540527,0.2780352830886841,0.9842712879180908,0.0001,-0.30059555172920227,-0.30380555987358093,-0.20297205448150635,-0.20276452600955963,-0.2027389258146286,0.3020172417163849,-0.2995639145374298,-0.2999284565448761,-0.20114447176456451,-0.19965717196464539,-0.20124302804470062,0.01798621006309986,0.1216999888420105,0.01798621006309986,0.12022566050291061,0.0,1.501894235610962,1.0070748329162598
260,260,52,0,52,27,train_machine_bottleneck_1000052,1000052,machine_bottleneck,downtime_dominant,1.0,0.0,0.0,group_anchor_0,258,258,0,0.0,258,0,0.0,0,0.0,1.6894632133708474,1.7519632133708474,-0.0625,1.6894632133708474,1.7519632133708478,-4.440892098500626e-16,quality,-1181.3,-762.3648860567401,-29.6413888888889,1.0000000000000002,1.0,-0.49607357325830426,0.0,0.0,-0.0625,80,193.60000000000002,True,False,completed,1.0,1.0,1181.3,1181.3,762.3648860567401,29.6413888888889,0.4522481181661972,0.49607357325830426,0.24890000000000004,0.18261545098333334,0.75,0,0.0,0,0,0,0.0,1,73,0,0,1639,163.9,0,0,0,0.0,0,0.0,0,0,45,0.0,0,{},0.0,14,0.8571428571428571,66,14,122,28,28,145,114,31,3,142,0,114,3,28,3,3,0,142,15,16,0,28,0,142,0,0,114,3,28,93,11,1.5591397849462365,0,10,3142,17.637284700002056,13.711217800002487,0.16093470000487287,0.16902310003206367,27.022111600002972,parallel_episode_batch,pending,0.003146138908341527,0.0006003058960777708,0.5108259493112564,-0.001661966829560697,6.046017175926011e-05,0.00046875,1.000154864192009,0.0829295478388667,0.0,0.24704252183437347,1.4874356985092163,0.20814065635204315,0.01587284728884697,0.026488324627280235,1.4715628623962402,0.21008318662643433,0.98380446434021,5e-05,-0.30067574977874756,-0.3038434386253357,-0.20298753678798676,-0.20278982818126678,-0.20264044404029846,0.30208197236061096,-0.2996162176132202,-0.29996001720428467,-0.20117004215717316,-0.19969336688518524,-0.20137251913547516,0.01798621006309986,0.12172464281320572,0.01798621006309986,0.12035233527421951,0.0,1.5021041631698608,1.0073636770248413
261,261,52,1,52,27,train_machine_bottleneck_1000052,1000052,machine_bottleneck,downtime_dominant,0.0,1.0,0.0,group_anchor_1,282,282,0,0.0,282,0,0.0,0,0.0,1.6805875891102886,1.7430875891102886,-0.0625,1.6805875891102886,1.7430875891102888,-2.220446049250313e-16,quality,-1384.4999999999995,-1056.87177132334,-31.15555555555555,1.0000000000000002,1.0,-0.5138248217794223,0.0,0.0,-0.0625,80,186.10000000000002,True,False,completed,1.0,1.0,1384.4999999999995,1384.4999999999995,1056.87177132334,31.15555555555555,0.4987740720672483,0.5138248217794223,0.38239999999999996,0.24386549038333336,0.75,0,0.0,0,0,2,0.010050251256281407,1,100,1,2,1437,143.70000000000002,0,0,0,0.0,0,0.0,0,0,44,0.0,0,{},0.0,19,0.9473684210526315,61,19,130,38,34,127,90,37,3,124,0,90,3,34,3,3,0,124,16,20,2,31,0,124,0,0,90,3,34,82,4,1.548780487804878,0,10,3142,17.637284700002056,13.711217800002487,0.16040009999414906,0.2416952000494348,27.022111600002972,parallel_episode_batch,pending,0.003146138908341527,0.0006003058960777708,0.5108259493112564,-0.001661966829560697,6.046017175926011e-05,0.00046875,1.000154864192009,0.0829295478388667,0.0,0.24704252183437347,1.4874356985092163,0.20814065635204315,0.01587284728884697,0.026488324627280235,1.4715628623962402,0.21008318662643433,0.98380446434021,5e-05,-0.30067574977874756,-0.3038434386253357,-0.20298753678798676,-0.20278982818126678,-0.20264044404029846,0.30208197236061096,-0.2996162176132202,-0.29996001720428467,-0.20117004215717316,-0.19969336688518524,-0.20137251913547516,0.01798621006309986,0.12172464281320572,0.01798621006309986,0.12035233527421951,0.0,1.5021041631698608,1.0073636770248413
262,262,52,2,52,27,train_machine_bottleneck_1000052,1000052,machine_bottleneck,downtime_dominant,0.0,0.0,1.0,group_anchor_2,295,295,0,0.0,295,0,0.0,0,0.0,1.885270104877709,1.947770104877709,-0.0625,1.885270104877709,1.947770104877709,0.0,quality,-1526.1999999999998,-1130.88541726648,-5.832222222222229,1.0000000000000002,1.0,-0.10445979024458212,0.0,0.0,-0.0625,80,196.60000000000002,True,False,completed,1.0,1.0,1526.1999999999998,1526.1999999999998,1130.88541726648,5.832222222222229,0.46001884364209444,0.10445979024458209,0.3269,0.23744642841666666,0.75,0,0.0,0,0,1,0.003952569169960474,1,106,0,3,1433,143.3,0,0,0,0.0,0,0.0,0,0,43,0.0,0,{},0.0,20,0.9,60,20,136,40,39,128,87,41,2,126,0,87,2,39,2,2,0,126,17,16,0,31,0,126,0,0,87,2,39,87,5,1.471264367816092,0,10,3142,17.637284700002056,13.711217800002487,0.12886620000062976,0.2637349999786238,27.022111600002972,parallel_episode_batch,pending,0.003146138908341527,0.0006003058960777708,0.5108259493112564,-0.001661966829560697,6.046017175926011e-05,0.00046875,1.000154864192009,0.0829295478388667,0.0,0.24704252183437347,1.4874356985092163,0.20814065635204315,0.01587284728884697,0.026488324627280235,1.4715628623962402,0.21008318662643433,0.98380446434021,5e-05,-0.30067574977874756,-0.3038434386253357,-0.20298753678798676,-0.20278982818126678,-0.20264044404029846,0.30208197236061096,-0.2996162176132202,-0.29996001720428467,-0.20117004215717316,-0.19969336688518524,-0.20137251913547516,0.01798621006309986,0.12172464281320572,0.01798621006309986,0.12035233527421951,0.0,1.5021041631698608,1.0073636770248413
263,263,52,3,52,27,train_machine_bottleneck_1000052,1000052,machine_bottleneck,downtime_dominant,0.3333333333333333,0.3333333333333333,0.3333333333333333,group_anchor_3,291,291,0,0.0,291,0,0.0,0,0.0,1.7144067805698482,1.7769067805698482,-0.0625,1.7144067805698482,1.776906780569848,2.220446049250313e-16,quality,-1524.8999999999999,-1127.2207952562496,-16.581388888888892,1.0000000000000002,1.0,-0.4461864388603042,0.0,0.0,-0.0625,80,212.0,True,False,completed,1.0,1.0,1524.8999999999999,1524.8999999999999,1127.2207952562496,16.581388888888892,0.4885872286863076,0.4461864388603042,0.29740000000000005,0.2369660716166667,0.75,0,0.0,0,0,8,0.025806451612903226,1,105,1,1,1602,160.20000000000002,0,0,0,0.0,0,0.0,0,0,42,0.0,0,{},0.0,20,0.95,60,20,135,40,36,134,94,40,4,130,0,94,4,36,4,4,0,130,19,20,3,32,0,130,0,0,94,4,36,83,7,1.6144578313253013,0,10,3142,17.637284700002056,13.711217800002487,0.16438889999699313,0.4422015999662108,27.022111600002972,parallel_episode_batch,pending,0.003146138908341527,0.0006003058960777708,0.5108259493112564,-0.001661966829560697,6.046017175926011e-05,0.00046875,1.000154864192009,0.0829295478388667,0.0,0.24704252183437347,1.4874356985092163,0.20814065635204315,0.01587284728884697,0.026488324627280235,1.4715628623962402,0.21008318662643433,0.98380446434021,5e-05,-0.30067574977874756,-0.3038434386253357,-0.20298753678798676,-0.20278982818126678,-0.20264044404029846,0.30208197236061096,-0.2996162176132202,-0.29996001720428467,-0.20117004215717316,-0.19969336688518524,-0.20137251913547516,0.01798621006309986,0.12172464281320572,0.01798621006309986,0.12035233527421951,0.0,1.5021041631698608,1.0073636770248413
264,264,52,4,52,27,train_machine_bottleneck_1000052,1000052,machine_bottleneck,downtime_dominant,0.5,0.3,0.2,group_anchor_4,262,262,0,0.0,262,0,0.0,0,0.0,1.7010983015711032,1.7635983015711032,-0.0625,1.7010983015711032,1.7635983015711032,0.0,quality,-1397.8000000000009,-863.4028260384295,-23.94472222222223,1.0000000000000002,1.0,-0.47280339685779343,0.0,0.0,-0.0625,80,215.0,True,False,completed,1.0,1.0,1397.8000000000009,1397.8000000000009,863.4028260384295,23.94472222222223,0.47280339685779343,0.47280339685779343,0.35630000000000006,0.22077795638333333,0.75,0,0.0,0,0,0,0.0,1,76,0,1,1787,178.70000000000002,0,0,0,0.0,0,0.0,0,0,34,0.0,0,{},0.0,15,0.9333333333333333,65,15,124,30,28,127,96,31,3,124,0,96,3,28,3,3,0,124,15,16,2,26,0,124,0,0,96,3,28,84,6,1.5119047619047619,0,10,3142,17.637284700002056,13.711217800002487,0.1338580000010552,0.27993799997784663,27.022111600002972,parallel_episode_batch,pending,0.003146138908341527,0.0006003058960777708,0.5108259493112564,-0.001661966829560697,6.046017175926011e-05,0.00046875,1.000154864192009,0.0829295478388667,0.0,0.24704252183437347,1.4874356985092163,0.20814065635204315,0.01587284728884697,0.026488324627280235,1.4715628623962402,0.21008318662643433,0.98380446434021,5e-05,-0.30067574977874756,-0.3038434386253357,-0.20298753678798676,-0.20278982818126678,-0.20264044404029846,0.30208197236061096,-0.2996162176132202,-0.29996001720428467,-0.20117004215717316,-0.19969336688518524,-0.20137251913547516,0.01798621006309986,0.12172464281320572,0.01798621006309986,0.12035233527421951,0.0,1.5021041631698608,1.0073636770248413
265,265,53,0,53,27,train_fatigue_bottleneck_1000053,1000053,fatigue_bottleneck,balanced_cost,1.0,0.0,0.0,group_anchor_0,331,331,0,0.0,331,0,0.0,0,0.0,1.6318508681005444,1.6943508681005444,-0.0625,1.6318508681005444,1.6943508681005441,2.220446049250313e-16,quality,-1887.1999999999998,-1065.2028114756306,-9.115555555555545,1.0000000000000002,1.0,-0.6112982637989116,0.0,0.0,-0.0625,84,180.20000000000002,True,False,completed,1.0,1.0,1887.1999999999998,1887.1999999999998,1065.2028114756306,9.115555555555547,0.49122473496443314,0.6112982637989116,0.7494379406999995,0.6490783686666665,0.75,95,0.45454545454545453,24,24,46,0.20444444444444446,0,79,1,0,1338,133.8,0,0,0,0.0,0,0.0,0,0,52,0.0,0,{},10.4,20,0.85,64,20,148,40,59,206,134,72,13,193,0,134,13,59,13,13,0,193,24,74,3,58,58,193,0,0,134,13,59,98,39,2.1020408163265305,0,10,3142,17.637284700002056,13.711217800002487,0.22527600000466919,0.3570211999176536,27.022111600002972,parallel_episode_batch,pending,0.003146138908341527,0.0006003058960777708,0.5108259493112564,-0.001661966829560697,6.046017175926011e-05,0.00046875,1.000154864192009,0.0829295478388667,0.0,0.24704252183437347,1.4874356985092163,0.20814065635204315,0.01587284728884697,0.026488324627280235,1.4715628623962402,0.21008318662643433,0.98380446434021,5e-05,-0.30067574977874756,-0.3038434386253357,-0.20298753678798676,-0.20278982818126678,-0.20264044404029846,0.30208197236061096,-0.2996162176132202,-0.29996001720428467,-0.20117004215717316,-0.19969336688518524,-0.20137251913547516,0.01798621006309986,0.12172464281320572,0.01798621006309986,0.12035233527421951,0.0,1.5021041631698608,1.0073636770248413
266,266,53,1,53,27,train_fatigue_bottleneck_1000053,1000053,fatigue_bottleneck,balanced_cost,0.0,1.0,0.0,group_anchor_1,294,294,0,0.0,294,0,0.0,0,0.0,1.6954732391038103,1.7579732391038103,-0.0625,1.6954732391038103,1.7579732391038108,-4.440892098500626e-16,quality,-2087.2000000000016,-938.1855332629893,-10.462222222222227,1.0000000000000002,1.0,-0.4840535217923786,0.0,0.0,-0.0625,84,217.3,True,False,completed,1.0,1.0,2087.2000000000016,2087.2000000000016,938.1855332629893,10.462222222222227,0.49729736284613124,0.4840535217923786,0.6298435264999999,0.5520178142,0.75,0,0.0,0,0,0,0.0,1,92,0,8,1826,182.60000000000002,0,0,0,0.0,0,0.0,0,0,58,0.0,0,{},0.0,18,1.0,66,18,142,36,32,123,88,35,3,120,0,88,3,32,3,3,0,120,15,18,1,29,0,120,0,0,88,3,32,83,8,1.4819277108433735,0,10,3142,17.637284700002056,13.711217800002487,0.23344879999785917,0.44687320006778464,27.022111600002972,parallel_episode_batch,pending,0.003146138908341527,0.0006003058960777708,0.5108259493112564,-0.001661966829560697,6.046017175926011e-05,0.00046875,1.000154864192009,0.0829295478388667,0.0,0.24704252183437347,1.4874356985092163,0.20814065635204315,0.01587284728884697,0.026488324627280235,1.4715628623962402,0.21008318662643433,0.98380446434021,5e-05,-0.30067574977874756,-0.3038434386253357,-0.20298753678798676,-0.20278982818126678,-0.20264044404029846,0.30208197236061096,-0.2996162176132202,-0.29996001720428467,-0.20117004215717316,-0.19969336688518524,-0.20137251913547516,0.01798621006309986,0.12172464281320572,0.01798621006309986,0.12035233527421951,0.0,1.5021041631698608,1.0073636770248413
267,267,53,2,53,27,train_fatigue_bottleneck_1000053,1000053,fatigue_bottleneck,balanced_cost,0.0,0.0,1.0,group_anchor_2,300,300,0,0.0,300,0,0.0,0,0.0,1.8920270898145528,1.9545270898145528,-0.0625,1.8920270898145528,1.954527089814553,-2.220446049250313e-16,quality,-2021.6,-1071.7994543232205,-5.0022222222222235,1.0000000000000002,1.0,-0.09094582037089415,0.0,0.0,-0.0625,84,198.70000000000002,True,False,completed,1.0,1.0,2021.6,2021.6,1071.7994543232205,5.0022222222222235,0.4871446434673875,0.09094582037089413,0.7256435264999999,0.6645950353333333,0.75,5,0.052083333333333336,0,0,54,0.10975609756097561,1,90,3,5,1517,151.70000000000002,0,0,0,0.0,0,0.0,0,0,58,0.0,0,{},0.0,20,0.9,64,20,141,40,35,127,85,42,7,120,0,85,7,35,7,7,0,120,24,18,3,32,7,120,0,0,85,7,35,82,6,1.548780487804878,0,10,3142,17.637284700002056,13.711217800002487,0.22064790000149515,0.4894743001132156,27.022111600002972,parallel_episode_batch,pending,0.003146138908341527,0.0006003058960777708,0.5108259493112564,-0.001661966829560697,6.046017175926011e-05,0.00046875,1.000154864192009,0.0829295478388667,0.0,0.24704252183437347,1.4874356985092163,0.20814065635204315,0.01587284728884697,0.026488324627280235,1.4715628623962402,0.21008318662643433,0.98380446434021,5e-05,-0.30067574977874756,-0.3038434386253357,-0.20298753678798676,-0.20278982818126678,-0.20264044404029846,0.30208197236061096,-0.2996162176132202,-0.29996001720428467,-0.20117004215717316,-0.19969336688518524,-0.20137251913547516,0.01798621006309986,0.12172464281320572,0.01798621006309986,0.12035233527421951,0.0,1.5021041631698608,1.0073636770248413
268,268,53,3,53,27,train_fatigue_bottleneck_1000053,1000053,fatigue_bottleneck,balanced_cost,0.3333333333333333,0.3333333333333333,0.3333333333333333,group_anchor_3,320,320,0,0.0,320,0,0.0,0,0.0,1.7210257918262113,1.7835257918262113,-0.06250000000000003,1.7210257918262113,1.7835257918262117,-4.440892098500626e-16,quality,-2041.6999999999996,-1241.92822258918,-6.501388888888895,1.0000000000000002,1.0,-0.43294841634757675,0.0,0.0,-0.06250000000000003,84,190.60000000000002,True,False,completed,1.0,1.0,2041.6999999999996,2041.6999999999996,1241.92822258918,6.501388888888894,0.5041117461505512,0.43294841634757675,0.7499435265000002,0.7374950353333335,0.75,38,0.33043478260869563,8,8,155,0.4025974025974026,0,77,3,2,1371,137.1,0,0,0,0.0,0,0.0,0,0,59,0.0,0,{},13.700000000000001,22,1.0,62,22,144,44,48,176,109,67,19,157,0,109,19,48,19,19,0,157,32,41,4,42,34,155,0,0,109,19,48,90,11,1.9555555555555555,0,10,3142,17.637284700002056,13.711217800002487,0.2363277999975253,0.4157267999689793,27.022111600002972,parallel_episode_batch,pending,0.003146138908341527,0.0006003058960777708,0.5108259493112564,-0.001661966829560697,6.046017175926011e-05,0.00046875,1.000154864192009,0.0829295478388667,0.0,0.24704252183437347,1.4874356985092163,0.20814065635204315,0.01587284728884697,0.026488324627280235,1.4715628623962402,0.21008318662643433,0.98380446434021,5e-05,-0.30067574977874756,-0.3038434386253357,-0.20298753678798676,-0.20278982818126678,-0.20264044404029846,0.30208197236061096,-0.2996162176132202,-0.29996001720428467,-0.20117004215717316,-0.19969336688518524,-0.20137251913547516,0.01798621006309986,0.12172464281320572,0.01798621006309986,0.12035233527421951,0.0,1.5021041631698608,1.0073636770248413
269,269,53,4,53,27,train_fatigue_bottleneck_1000053,1000053,fatigue_bottleneck,balanced_cost,0.5,0.3,0.2,group_anchor_4,509,509,0,0.0,509,0,0.0,0,0.0,1.6795323833533564,1.7420323833533564,-0.0625,1.6795323833533564,1.7420323833533562,2.220446049250313e-16,quality,-2145.599999999995,-1242.4111133703489,-8.499999999999991,1.0000000000000002,1.0,-0.5159352332932876,0.0,0.0,-0.0625,84,199.5,True,False,completed,1.0,1.0,2145.599999999995,2145.599999999995,1242.4111133703489,8.499999999999991,0.5159352332932876,0.5159352332932876,0.7499547811999979,0.6703283686666642,0.75,663,0.6793032786885246,109,109,2450,0.925226586102719,0,83,5,3,1520,152.0,0,0,0,0.0,0,0.0,0,0,55,0.0,0,{},34.0,21,0.8571428571428571,63,21,240,42,143,377,220,157,14,363,0,220,14,143,14,14,0,363,26,242,2,143,240,363,0,0,220,14,143,88,83,4.284090909090909,0,10,3142,17.637284700002056,13.711217800002487,0.23366230000101496,0.7866027998970821,27.022111600002972,parallel_episode_batch,pending,0.003146138908341527,0.0006003058960777708,0.5108259493112564,-0.001661966829560697,6.046017175926011e-05,0.00046875,1.000154864192009,0.0829295478388667,0.0,0.24704252183437347,1.4874356985092163,0.20814065635204315,0.01587284728884697,0.026488324627280235,1.4715628623962402,0.21008318662643433,0.98380446434021,5e-05,-0.30067574977874756,-0.3038434386253357,-0.20298753678798676,-0.20278982818126678,-0.20264044404029846,0.30208197236061096,-0.2996162176132202,-0.29996001720428467,-0.20117004215717316,-0.19969336688518524,-0.20137251913547516,0.01798621006309986,0.12172464281320572,0.01798621006309986,0.12035233527421951,0.0,1.5021041631698608,1.0073636770248413
270,270,54,0,54,28,train_reconfiguration_bottleneck_1000054,1000054,reconfiguration_bottleneck,fixed_cost_dominant,1.0,0.0,0.0,group_anchor_0,293,293,0,0.0,293,0,0.0,0,0.0,1.6903125395019591,1.7528125395019591,-0.0625,1.6903125395019591,1.7528125395019594,-2.220446049250313e-16,quality,-1173.3,-1181.1388360309,-3.6591666666666627,1.0,1.0,-0.4943749209960813,0.0,0.0,-0.0625,75,187.10000000000002,True,False,completed,1.0,1.0,1173.3,1173.3,1181.1388360309,3.6591666666666645,0.4232831861972733,0.4943749209960813,0.7497286025999998,0.7379558545666666,0.75,29,0.27358490566037735,5,5,76,0.4578313253012048,0,77,5,1,1361,136.1,0,0,0,0.0,0,0.0,0,0,48,0.0,0,{},4.6000000000000005,21,0.9523809523809523,54,21,132,42,44,183,121,62,18,165,0,121,18,44,18,18,0,165,30,39,2,44,41,165,0,0,121,18,44,90,8,2.033333333333333,0,10,2767,14.971190600001137,11.551292200019816,0.35323480000079144,0.2251985999828321,20.72640769999998,parallel_episode_batch,pending,-0.0028843812813813038,0.000781882221913706,0.3647224044596607,-0.006140663690695708,1.074116860651357e-05,0.0,1.0001238347454504,0.10284090758597647,0.0,0.2534664571285248,1.5230977535247803,0.2887396216392517,0.0008811535080894828,0.03327728062868118,1.522216558456421,0.2854278087615967,0.9867174029350281,5e-05,-0.30075502395629883,-0.3037903606891632,-0.20296867191791534,-0.20275075733661652,-0.20259283483028412,0.30211886763572693,-0.2996251583099365,-0.3000793755054474,-0.20118509232997894,-0.19973237812519073,-0.20129452645778656,0.01798621006309986,0.12180306017398834,0.01798621006309986,0.12027993053197861,0.0,1.5021662712097168,1.0074540376663208
271,271,54,1,54,28,train_reconfiguration_bottleneck_1000054,1000054,reconfiguration_bottleneck,fixed_cost_dominant,0.0,1.0,0.0,group_anchor_1,479,479,0,0.0,479,0,0.0,0,0.0,1.6405722581749727,1.7030722581749727,-0.0625,1.6405722581749727,1.7030722581749727,0.0,quality,-1440.7999999999997,-1462.1777710729275,-6.461388888888904,1.0,1.0,-0.5938554836500549,0.0,0.0,-0.0625,75,233.60000000000002,True,False,completed,1.0,1.0,1440.7999999999997,1440.7999999999997,1462.1777710729275,6.461388888888904,0.4738405816718098,0.5938554836500549,0.7499286025999998,0.7417383058166666,0.75,409,0.7100694444444444,86,86,179,0.5391566265060241,0,92,11,4,1492,149.20000000000002,0,0,0,0.0,0,0.0,0,0,44,0.0,0,{},40.0,24,0.9583333333333334,51,24,225,48,131,340,187,153,22,318,0,187,22,131,22,22,0,318,34,202,0,128,210,315,0,0,187,22,131,83,159,4.096385542168675,0,10,2767,14.971190600001137,11.551292200019816,0.3542620000007446,0.36944770005356986,20.72640769999998,parallel_episode_batch,pending,-0.0028843812813813038,0.000781882221913706,0.3647224044596607,-0.006140663690695708,1.074116860651357e-05,0.0,1.0001238347454504,0.10284090758597647,0.0,0.2534664571285248,1.5230977535247803,0.2887396216392517,0.0008811535080894828,0.03327728062868118,1.522216558456421,0.2854278087615967,0.9867174029350281,5e-05,-0.30075502395629883,-0.3037903606891632,-0.20296867191791534,-0.20275075733661652,-0.20259283483028412,0.30211886763572693,-0.2996251583099365,-0.3000793755054474,-0.20118509232997894,-0.19973237812519073,-0.20129452645778656,0.01798621006309986,0.12180306017398834,0.01798621006309986,0.12027993053197861,0.0,1.5021662712097168,1.0074540376663208
272,272,54,2,54,28,train_reconfiguration_bottleneck_1000054,1000054,reconfiguration_bottleneck,fixed_cost_dominant,0.0,0.0,1.0,group_anchor_2,508,508,0,0.0,508,0,0.0,0,0.0,1.9223824429455003,1.9848824429455003,-0.0625,1.9223824429455003,1.9848824429454992,1.1102230246251565e-15,quality,-1224.3999999999987,-1287.4963337797165,-1.558888888888881,1.0,1.0,-0.03023511410900153,0.0,0.0,-0.0625,75,198.60000000000002,True,False,completed,1.0,1.0,1224.3999999999987,1224.3999999999987,1287.4963337797165,1.5588888888888845,0.4274153580995487,0.03023511410900149,0.7496999999999958,0.7041285382333311,0.75,508,0.6414141414141414,124,124,92,0.4623115577889447,0,75,4,2,1301,130.1,0,0,0,0.0,0,0.0,0,0,47,0.0,0,{},46.6,20,0.9,55,20,236,40,157,377,207,170,13,364,0,207,13,157,13,13,0,364,25,267,3,152,257,364,0,0,207,13,157,89,54,4.235955056179775,0,10,2767,14.971190600001137,11.551292200019816,0.33255970000027446,0.36894719999691006,20.72640769999998,parallel_episode_batch,pending,-0.0028843812813813038,0.000781882221913706,0.3647224044596607,-0.006140663690695708,1.074116860651357e-05,0.0,1.0001238347454504,0.10284090758597647,0.0,0.2534664571285248,1.5230977535247803,0.2887396216392517,0.0008811535080894828,0.03327728062868118,1.522216558456421,0.2854278087615967,0.9867174029350281,5e-05,-0.30075502395629883,-0.3037903606891632,-0.20296867191791534,-0.20275075733661652,-0.20259283483028412,0.30211886763572693,-0.2996251583099365,-0.3000793755054474,-0.20118509232997894,-0.19973237812519073,-0.20129452645778656,0.01798621006309986,0.12180306017398834,0.01798621006309986,0.12027993053197861,0.0,1.5021662712097168,1.0074540376663208
273,273,54,3,54,28,train_reconfiguration_bottleneck_1000054,1000054,reconfiguration_bottleneck,fixed_cost_dominant,0.3333333333333333,0.3333333333333333,0.3333333333333333,group_anchor_3,296,296,0,0.0,296,0,0.0,0,0.0,1.7510663315488366,1.8135663315488366,-0.0625,1.7510663315488366,1.8135663315488366,0.0,quality,-1328.6999999999991,-1219.8416709117498,-2.2813888888888805,1.0,1.0,-0.372867336902327,0.0,0.0,-0.0625,75,207.60000000000002,True,False,completed,1.0,1.0,1328.6999999999991,1328.6999999999991,1219.8416709117498,2.28138888888888,0.43630650185625713,0.372867336902327,0.7424885565,0.7061149648000001,0.75,14,0.1346153846153846,0,0,102,0.3269230769230769,1,90,5,4,1608,160.8,0,0,0,0.0,0,0.0,0,0,47,0.0,0,{},0.0,22,0.9545454545454546,53,22,138,44,39,137,83,54,15,122,0,83,15,39,15,15,0,122,27,26,2,36,10,122,0,0,83,15,39,70,9,1.957142857142857,0,10,2767,14.971190600001137,11.551292200019816,0.32305880000058096,0.31781929998396663,20.72640769999998,parallel_episode_batch,pending,-0.0028843812813813038,0.000781882221913706,0.3647224044596607,-0.006140663690695708,1.074116860651357e-05,0.0,1.0001238347454504,0.10284090758597647,0.0,0.2534664571285248,1.5230977535247803,0.2887396216392517,0.0008811535080894828,0.03327728062868118,1.522216558456421,0.2854278087615967,0.9867174029350281,5e-05,-0.30075502395629883,-0.3037903606891632,-0.20296867191791534,-0.20275075733661652,-0.20259283483028412,0.30211886763572693,-0.2996251583099365,-0.3000793755054474,-0.20118509232997894,-0.19973237812519073,-0.20129452645778656,0.01798621006309986,0.12180306017398834,0.01798621006309986,0.12027993053197861,0.0,1.5021662712097168,1.0074540376663208
274,274,54,4,54,28,train_reconfiguration_bottleneck_1000054,1000054,reconfiguration_bottleneck,fixed_cost_dominant,0.5,0.3,0.2,group_anchor_4,278,278,0,0.0,278,0,0.0,0,0.0,1.7142885731088715,1.7767885731088715,-0.0625,1.7142885731088715,1.776788573108871,4.440892098500626e-16,quality,-1189.8999999999999,-1077.6951944239604,-13.239166666666677,1.0,1.0,-0.4464228537822578,0.0,0.0,-0.0625,75,179.0,True,False,completed,1.0,1.0,1189.8999999999999,1189.8999999999999,1077.6951944239604,13.239166666666675,0.4464228537822578,0.4464228537822578,0.7495638979999999,0.6941608550499999,0.75,18,0.18,3,3,58,0.31351351351351353,0,82,2,2,1377,137.70000000000002,0,0,0,0.0,0,0.0,0,0,48,0.0,0,{},0.5,19,0.9473684210526315,56,19,128,38,37,148,101,47,10,138,0,101,10,37,10,10,0,138,21,31,3,36,25,138,0,0,101,10,37,81,8,1.8271604938271604,0,10,2767,14.971190600001137,11.551292200019816,0.32203819999995176,0.2836593000611174,20.72640769999998,parallel_episode_batch,pending,-0.0028843812813813038,0.000781882221913706,0.3647224044596607,-0.006140663690695708,1.074116860651357e-05,0.0,1.0001238347454504,0.10284090758597647,0.0,0.2534664571285248,1.5230977535247803,0.2887396216392517,0.0008811535080894828,0.03327728062868118,1.522216558456421,0.2854278087615967,0.9867174029350281,5e-05,-0.30075502395629883,-0.3037903606891632,-0.20296867191791534,-0.20275075733661652,-0.20259283483028412,0.30211886763572693,-0.2996251583099365,-0.3000793755054474,-0.20118509232997894,-0.19973237812519073,-0.20129452645778656,0.01798621006309986,0.12180306017398834,0.01798621006309986,0.12027993053197861,0.0,1.5021662712097168,1.0074540376663208
275,275,55,0,55,28,train_balanced_1000055,1000055,balanced,downtime_dominant,1.0,0.0,0.0,group_anchor_0,174,174,0,0.0,174,0,0.0,0,0.0,1.767896475770925,1.830396475770925,-0.0625,1.767896475770925,1.830396475770925,0.0,quality,-616.0000000000001,-514.8336002635501,-8.56138888888889,0.9999999999999998,1.0,-0.33920704845814986,0.0,0.0,-0.0625,51,204.5,True,False,completed,1.0,1.0,616.0000000000001,616.0000000000001,514.8336002635501,8.56138888888889,0.3008009930705372,0.33920704845814986,0.18271790749999997,0.14120298458333333,0.75,0,0.0,0,0,0,0.0,2,58,0,0,1670,167.0,0,0,0,0.0,0,0.0,0,0,18,0.0,0,{},0.0,10,1.0,41,10,83,20,20,95,75,20,0,95,0,75,0,20,0,0,0,95,10,10,0,20,0,95,0,0,75,0,20,67,4,1.4179104477611941,0,10,2767,14.971190600001137,11.551292200019816,0.1559073000025819,0.17472780001844512,20.72640769999998,parallel_episode_batch,pending,-0.0028843812813813038,0.000781882221913706,0.3647224044596607,-0.006140663690695708,1.074116860651357e-05,0.0,1.0001238347454504,0.10284090758597647,0.0,0.2534664571285248,1.5230977535247803,0.2887396216392517,0.0008811535080894828,0.03327728062868118,1.522216558456421,0.2854278087615967,0.9867174029350281,5e-05,-0.30075502395629883,-0.3037903606891632,-0.20296867191791534,-0.20275075733661652,-0.20259283483028412,0.30211886763572693,-0.2996251583099365,-0.3000793755054474,-0.20118509232997894,-0.19973237812519073,-0.20129452645778656,0.01798621006309986,0.12180306017398834,0.01798621006309986,0.12027993053197861,0.0,1.5021662712097168,1.0074540376663208
276,276,55,1,55,28,train_balanced_1000055,1000055,balanced,downtime_dominant,0.0,1.0,0.0,group_anchor_1,163,163,0,0.0,163,0,0.0,0,0.0,1.7893608776257826,1.8518608776257826,-0.06250000000000003,1.7893608776257826,1.8518608776257823,2.220446049250313e-16,quality,-729.5000000000001,-421.01617938828997,-1.8200000000000012,0.9999999999999998,1.0,-0.29627824474843517,0.0,0.0,-0.06250000000000003,51,225.10000000000002,True,False,completed,1.0,1.0,729.5000000000001,729.5000000000001,421.01617938828997,1.8200000000000012,0.2849463993999779,0.29627824474843517,0.16171790749999998,0.14503686733333332,0.75,0,0.0,0,0,0,0.0,2,46,0,1,2020,202.0,0,0,0,0.0,0,0.0,0,0,22,0.0,0,{},0.0,8,1.0,43,8,80,16,16,70,54,16,0,70,0,54,0,16,0,0,0,70,8,8,0,16,0,70,0,0,54,0,16,51,3,1.3725490196078431,0,10,2767,14.971190600001137,11.551292200019816,0.15887089999887394,0.3427529999971739,20.72640769999998,parallel_episode_batch,pending,-0.0028843812813813038,0.000781882221913706,0.3647224044596607,-0.006140663690695708,1.074116860651357e-05,0.0,1.0001238347454504,0.10284090758597647,0.0,0.2534664571285248,1.5230977535247803,0.2887396216392517,0.0008811535080894828,0.03327728062868118,1.522216558456421,0.2854278087615967,0.9867174029350281,5e-05,-0.30075502395629883,-0.3037903606891632,-0.20296867191791534,-0.20275075733661652,-0.20259283483028412,0.30211886763572693,-0.2996251583099365,-0.3000793755054474,-0.20118509232997894,-0.19973237812519073,-0.20129452645778656,0.01798621006309986,0.12180306017398834,0.01798621006309986,0.12027993053197861,0.0,1.5021662712097168,1.0074540376663208
277,277,55,2,55,28,train_balanced_1000055,1000055,balanced,downtime_dominant,0.0,0.0,1.0,group_anchor_2,188,188,0,0.0,188,0,0.0,0,0.0,1.9025465821659802,1.9650465821659802,-0.06250000000000003,1.9025465821659802,1.9650465821659804,-2.220446049250313e-16,quality,-649.2000000000002,-665.93988583734,-3.758055555555555,0.9999999999999998,1.0,-0.06990683566803942,0.0,0.0,-0.06250000000000003,51,204.8,True,False,completed,1.0,1.0,649.2000000000002,649.2000000000002,665.93988583734,3.758055555555556,0.3094382072061118,0.06990683566803942,0.20400000000000004,0.16580298458333334,0.75,0,0.0,0,0,0,0.0,2,69,0,3,1615,161.5,0,0,0,0.0,0,0.0,0,0,16,0.0,0,{},0.0,12,1.0,39,12,89,24,24,96,72,24,0,96,0,72,0,24,0,0,0,96,12,12,0,24,0,96,0,0,72,0,24,69,3,1.391304347826087,0,10,2767,14.971190600001137,11.551292200019816,0.13906829999905312,0.21107869999104878,20.72640769999998,parallel_episode_batch,pending,-0.0028843812813813038,0.000781882221913706,0.3647224044596607,-0.006140663690695708,1.074116860651357e-05,0.0,1.0001238347454504,0.10284090758597647,0.0,0.2534664571285248,1.5230977535247803,0.2887396216392517,0.0008811535080894828,0.03327728062868118,1.522216558456421,0.2854278087615967,0.9867174029350281,5e-05,-0.30075502395629883,-0.3037903606891632,-0.20296867191791534,-0.20275075733661652,-0.20259283483028412,0.30211886763572693,-0.2996251583099365,-0.3000793755054474,-0.20118509232997894,-0.19973237812519073,-0.20129452645778656,0.01798621006309986,0.12180306017398834,0.01798621006309986,0.12027993053197861,0.0,1.5021662712097168,1.0074540376663208
278,278,55,3,55,28,train_balanced_1000055,1000055,balanced,downtime_dominant,0.3333333333333333,0.3333333333333333,0.3333333333333333,group_anchor_3,189,189,0,0.0,189,0,0.0,0,0.0,1.7930426711751297,1.8555426711751297,-0.06250000000000003,1.7930426711751297,1.8555426711751295,2.220446049250313e-16,quality,-648.0000000000001,-628.1078729780303,-7.491388888888889,0.9999999999999998,1.0,-0.28891465764974095,0.0,0.0,-0.06250000000000003,51,210.10000000000002,True,False,completed,1.0,1.0,648.0000000000001,648.0000000000001,628.1078729780303,7.491388888888889,0.31712260817855525,0.28891465764974095,0.2232,0.14639904776666665,0.75,0,0.0,0,0,0,0.0,2,71,0,4,1637,163.70000000000002,0,0,0,0.0,0,0.0,0,0,25,0.0,0,{},0.0,12,1.0,39,12,91,24,23,93,70,23,0,93,0,70,0,23,0,0,0,93,12,12,1,23,0,93,0,0,70,0,23,65,4,1.4307692307692308,0,10,2767,14.971190600001137,11.551292200019816,0.11659389999840641,0.28486370002065087,20.72640769999998,parallel_episode_batch,pending,-0.0028843812813813038,0.000781882221913706,0.3647224044596607,-0.006140663690695708,1.074116860651357e-05,0.0,1.0001238347454504,0.10284090758597647,0.0,0.2534664571285248,1.5230977535247803,0.2887396216392517,0.0008811535080894828,0.03327728062868118,1.522216558456421,0.2854278087615967,0.9867174029350281,5e-05,-0.30075502395629883,-0.3037903606891632,-0.20296867191791534,-0.20275075733661652,-0.20259283483028412,0.30211886763572693,-0.2996251583099365,-0.3000793755054474,-0.20118509232997894,-0.19973237812519073,-0.20129452645778656,0.01798621006309986,0.12180306017398834,0.01798621006309986,0.12027993053197861,0.0,1.5021662712097168,1.0074540376663208
279,279,55,4,55,28,train_balanced_1000055,1000055,balanced,downtime_dominant,0.5,0.3,0.2,group_anchor_4,199,199,0,0.0,199,0,0.0,0,0.0,1.7714256161243842,1.8339256161243842,-0.0625,1.7714256161243842,1.8339256161243842,0.0,quality,-673.3,-762.63255603261,-6.382222222222219,0.9999999999999998,1.0,-0.33214876775123137,0.0,0.0,-0.0625,51,209.0,True,False,completed,1.0,1.0,673.3,673.3,762.63255603261,6.382222222222221,0.33214876775123137,0.33214876775123137,0.2412,0.19625000000000004,0.75,0,0.0,0,0,0,0.0,1,74,0,2,1725,172.5,0,0,0,0.0,0,0.0,0,0,26,0.0,0,{},0.0,14,1.0,37,14,93,28,27,99,71,28,1,98,0,71,1,27,1,1,0,98,13,14,0,26,0,98,0,0,71,1,27,66,4,1.5,0,10,2767,14.971190600001137,11.551292200019816,0.12621090000175172,0.216791299993929,20.72640769999998,parallel_episode_batch,pending,-0.0028843812813813038,0.000781882221913706,0.3647224044596607,-0.006140663690695708,1.074116860651357e-05,0.0,1.0001238347454504,0.10284090758597647,0.0,0.2534664571285248,1.5230977535247803,0.2887396216392517,0.0008811535080894828,0.03327728062868118,1.522216558456421,0.2854278087615967,0.9867174029350281,5e-05,-0.30075502395629883,-0.3037903606891632,-0.20296867191791534,-0.20275075733661652,-0.20259283483028412,0.30211886763572693,-0.2996251583099365,-0.3000793755054474,-0.20118509232997894,-0.19973237812519073,-0.20129452645778656,0.01798621006309986,0.12180306017398834,0.01798621006309986,0.12027993053197861,0.0,1.5021662712097168,1.0074540376663208
280,280,56,0,56,29,train_easy_1000056,1000056,easy,labor_dominant,1.0,0.0,0.0,group_anchor_0,199,199,0,0.0,199,0,0.0,0,0.0,1.7824068751437112,1.8449068751437112,-0.0625,1.7824068751437112,1.8449068751437112,0.0,quality,-539.5999999999999,-487.1156020016502,-13.774722222222223,0.9999999999999997,1.0,-0.3101862497125776,0.0,0.0,-0.0625,50,167.3,True,False,completed,1.0,1.0,539.5999999999999,539.5999999999999,487.1156020016502,13.774722222222223,0.2965583836587255,0.3101862497125776,0.18870000000000003,0.16286893446666667,0.75,0,0.0,0,0,0,0.0,1,83,0,0,1334,133.4,0,0,0,0.0,0,0.0,0,0,20,0.0,0,{},0.0,15,0.9333333333333333,35,15,92,30,27,112,84,28,1,111,0,84,1,27,1,1,0,111,15,14,2,26,0,111,0,0,84,1,27,73,6,1.5342465753424657,0,10,1632,8.3015224999981,6.3972343000205,0.196950099998503,0.12135619998298353,10.296775400005572,parallel_episode_batch,pending,-0.0028586766252724025,0.001528610070146477,0.4969106259254309,-0.0070634771389170336,3.316987176031734e-05,0.0,1.0000787469056935,0.15132734612919962,0.0,0.4343276023864746,1.6173992156982422,0.33998048305511475,-0.02668740041553974,0.04339836165308952,1.644086480140686,0.3346806764602661,0.9837055802345276,5e-05,-0.30091390013694763,-0.30391085147857666,-0.2030804306268692,-0.2028338760137558,-0.202671080827713,0.30220720171928406,-0.29962217807769775,-0.300035297870636,-0.2012104094028473,-0.19971536099910736,-0.20125462114810944,0.01798621006309986,0.12196023017168045,0.01798621006309986,0.1202796921133995,0.0,1.50247323513031,1.007447600364685
281,281,56,1,56,29,train_easy_1000056,1000056,easy,labor_dominant,0.0,1.0,0.0,group_anchor_1,171,171,0,0.0,171,0,0.0,0,0.0,1.8157885149207467,1.8782885149207467,-0.0625,1.8157885149207467,1.8782885149207469,-2.220446049250313e-16,quality,-634.5999999999999,-321.7424803519401,-6.958055555555556,0.9999999999999997,1.0,-0.24342297015850606,0.0,0.0,-0.0625,50,177.70000000000002,True,False,completed,1.0,1.0,634.5999999999999,634.5999999999999,321.7424803519401,6.958055555555556,0.2704123322464288,0.24342297015850606,0.1824,0.12792077226666668,0.75,0,0.0,0,0,0,0.0,2,56,0,0,1486,148.6,0,0,0,0.0,0,0.0,0,0,20,0.0,0,{},0.0,10,0.9,40,10,83,20,18,72,54,18,0,72,0,54,0,18,0,0,0,72,7,9,0,16,0,72,0,0,54,0,18,47,4,1.5319148936170213,0,10,1632,8.3015224999981,6.3972343000205,0.1805995000031544,0.28874630005157087,10.296775400005572,parallel_episode_batch,pending,-0.0028586766252724025,0.001528610070146477,0.4969106259254309,-0.0070634771389170336,3.316987176031734e-05,0.0,1.0000787469056935,0.15132734612919962,0.0,0.4343276023864746,1.6173992156982422,0.33998048305511475,-0.02668740041553974,0.04339836165308952,1.644086480140686,0.3346806764602661,0.9837055802345276,5e-05,-0.30091390013694763,-0.30391085147857666,-0.2030804306268692,-0.2028338760137558,-0.202671080827713,0.30220720171928406,-0.29962217807769775,-0.300035297870636,-0.2012104094028473,-0.19971536099910736,-0.20125462114810944,0.01798621006309986,0.12196023017168045,0.01798621006309986,0.1202796921133995,0.0,1.50247323513031,1.007447600364685
282,282,56,2,56,29,train_easy_1000056,1000056,easy,labor_dominant,0.0,0.0,1.0,group_anchor_2,191,191,0,0.0,191,0,0.0,0,0.0,1.9350536943361802,1.9975536943361802,-0.0625,1.9350536943361802,1.9975536943361805,-2.220446049250313e-16,quality,-577.9000000000002,-410.4748299939801,-0.24583333333333313,0.9999999999999997,1.0,-0.004892611327639105,0.0,0.0,-0.0625,50,170.0,True,False,completed,1.0,1.0,577.9000000000002,577.9000000000002,410.4748299939801,0.24583333333333313,0.2508073930491729,0.004892611327639104,0.1756,0.13641666666666669,0.75,0,0.0,0,0,0,0.0,2,72,0,0,1404,140.4,0,0,0,0.0,0,0.0,0,0,19,0.0,0,{},0.0,13,1.0,37,13,90,26,25,102,77,25,0,102,0,77,0,25,0,0,0,102,12,13,0,25,0,102,0,0,77,0,25,67,7,1.5223880597014925,0,10,1632,8.3015224999981,6.3972343000205,0.2117632000008598,0.12020590004249243,10.296775400005572,parallel_episode_batch,pending,-0.0028586766252724025,0.001528610070146477,0.4969106259254309,-0.0070634771389170336,3.316987176031734e-05,0.0,1.0000787469056935,0.15132734612919962,0.0,0.4343276023864746,1.6173992156982422,0.33998048305511475,-0.02668740041553974,0.04339836165308952,1.644086480140686,0.3346806764602661,0.9837055802345276,5e-05,-0.30091390013694763,-0.30391085147857666,-0.2030804306268692,-0.2028338760137558,-0.202671080827713,0.30220720171928406,-0.29962217807769775,-0.300035297870636,-0.2012104094028473,-0.19971536099910736,-0.20125462114810944,0.01798621006309986,0.12196023017168045,0.01798621006309986,0.1202796921133995,0.0,1.50247323513031,1.007447600364685
283,283,56,3,56,29,train_easy_1000056,1000056,easy,labor_dominant,0.3333333333333333,0.3333333333333333,0.3333333333333333,group_anchor_3,173,173,0,0.0,173,0,0.0,0,0.0,1.8079451565232345,1.8704451565232345,-0.0625,1.8079451565232345,1.8704451565232345,0.0,quality,-569.4000000000001,-351.8271952197601,-12.132222222222223,0.9999999999999997,1.0,-0.2591096869535311,0.0,0.0,-0.0625,50,174.0,True,False,completed,1.0,1.0,569.4000000000001,569.4000000000001,351.8271952197601,12.132222222222223,0.2780330606171189,0.2591096869535311,0.17550000000000002,0.13375000000000004,0.75,0,0.0,0,0,2,0.012738853503184714,1,59,0,1,1442,144.20000000000002,0,0,0,0.0,0,0.0,0,0,19,0.0,0,{},0.0,11,0.9090909090909091,39,11,81,22,20,77,56,21,1,76,0,56,1,20,1,1,0,76,9,9,0,17,0,76,0,0,56,1,20,53,5,1.4528301886792452,0,10,1632,8.3015224999981,6.3972343000205,0.1901298000011593,0.1967570999986492,10.296775400005572,parallel_episode_batch,pending,-0.0028586766252724025,0.001528610070146477,0.4969106259254309,-0.0070634771389170336,3.316987176031734e-05,0.0,1.0000787469056935,0.15132734612919962,0.0,0.4343276023864746,1.6173992156982422,0.33998048305511475,-0.02668740041553974,0.04339836165308952,1.644086480140686,0.3346806764602661,0.9837055802345276,5e-05,-0.30091390013694763,-0.30391085147857666,-0.2030804306268692,-0.2028338760137558,-0.202671080827713,0.30220720171928406,-0.29962217807769775,-0.300035297870636,-0.2012104094028473,-0.19971536099910736,-0.20125462114810944,0.01798621006309986,0.12196023017168045,0.01798621006309986,0.1202796921133995,0.0,1.50247323513031,1.007447600364685
284,284,56,4,56,29,train_easy_1000056,1000056,easy,labor_dominant,0.5,0.3,0.2,group_anchor_4,194,194,0,0.0,194,0,0.0,0,0.0,1.7757506037310247,1.8382506037310247,-0.0625,1.7757506037310247,1.8382506037310247,0.0,quality,-837.4999999999997,-488.27186328802,-5.418055555555557,0.9999999999999997,1.0,-0.3234987925379505,0.0,0.0,-0.0625,50,176.60000000000002,True,False,completed,1.0,1.0,837.4999999999997,837.4999999999997,488.27186328802,5.418055555555557,0.3234987925379505,0.3234987925379505,0.3103,0.24105000000000001,0.75,0,0.0,0,0,0,0.0,1,67,0,0,1463,146.3,0,0,0,0.0,0,0.0,0,0,21,0.0,0,{},0.0,14,1.0,36,14,90,28,26,101,71,30,4,97,0,71,4,26,4,4,0,97,13,16,0,25,0,97,0,0,71,4,26,60,8,1.6833333333333333,0,10,1632,8.3015224999981,6.3972343000205,0.18839419999858364,0.2388025999753154,10.296775400005572,parallel_episode_batch,pending,-0.0028586766252724025,0.001528610070146477,0.4969106259254309,-0.0070634771389170336,3.316987176031734e-05,0.0,1.0000787469056935,0.15132734612919962,0.0,0.4343276023864746,1.6173992156982422,0.33998048305511475,-0.02668740041553974,0.04339836165308952,1.644086480140686,0.3346806764602661,0.9837055802345276,5e-05,-0.30091390013694763,-0.30391085147857666,-0.2030804306268692,-0.2028338760137558,-0.202671080827713,0.30220720171928406,-0.29962217807769775,-0.300035297870636,-0.2012104094028473,-0.19971536099910736,-0.20125462114810944,0.01798621006309986,0.12196023017168045,0.01798621006309986,0.1202796921133995,0.0,1.50247323513031,1.007447600364685
285,285,57,0,57,29,train_easy_1000057,1000057,easy,balanced_cost,1.0,0.0,0.0,group_anchor_0,143,143,0,0.0,143,0,0.0,0,0.0,1.8053048182431186,1.8678048182431186,-0.0625,1.8053048182431186,1.867804818243119,-4.440892098500626e-16,quality,-431.29999999999995,-264.39755158788,-4.318888888888888,0.9999999999999998,1.0,-0.264390363513762,0.0,0.0,-0.0625,44,167.3,True,False,completed,1.0,1.0,431.29999999999995,431.29999999999995,264.39755158788,4.318888888888888,0.21083001258146084,0.264390363513762,0.13650000000000004,0.11055000000000002,0.75,0,0.0,0,0,0,0.0,2,39,0,0,1424,142.4,0,0,0,0.0,0,0.0,0,0,14,0.0,0,{},0.0,7,1.0,37,7,71,14,14,81,67,14,0,81,0,67,0,14,0,0,0,81,7,7,0,14,0,81,0,0,67,0,14,56,6,1.4464285714285714,0,10,1632,8.3015224999981,6.3972343000205,0.08503189999464666,0.136042100006307,10.296775400005572,parallel_episode_batch,pending,-0.0028586766252724025,0.001528610070146477,0.4969106259254309,-0.0070634771389170336,3.316987176031734e-05,0.0,1.0000787469056935,0.15132734612919962,0.0,0.4343276023864746,1.6173992156982422,0.33998048305511475,-0.02668740041553974,0.04339836165308952,1.644086480140686,0.3346806764602661,0.9837055802345276,5e-05,-0.30091390013694763,-0.30391085147857666,-0.2030804306268692,-0.2028338760137558,-0.202671080827713,0.30220720171928406,-0.29962217807769775,-0.300035297870636,-0.2012104094028473,-0.19971536099910736,-0.20125462114810944,0.01798621006309986,0.12196023017168045,0.01798621006309986,0.1202796921133995,0.0,1.50247323513031,1.007447600364685
286,286,57,1,57,29,train_easy_1000057,1000057,easy,balanced_cost,0.0,1.0,0.0,group_anchor_1,142,142,0,0.0,142,0,0.0,0,0.0,1.8301617106979111,1.8926617106979111,-0.0625,1.8301617106979111,1.8926617106979113,-2.220446049250313e-16,quality,-757.5,-273.36072343623,-3.4847222222222207,0.9999999999999998,1.0,-0.21467657860417735,0.0,0.0,-0.0625,44,182.20000000000002,True,False,completed,1.0,1.0,757.5,757.5,273.36072343623,3.4847222222222207,0.2709202837109746,0.21467657860417735,0.14,0.11033333333333334,0.75,0,0.0,0,0,0,0.0,2,37,0,0,1608,160.8,0,0,0,0.0,0,0.0,0,0,15,0.0,0,{},0.0,7,1.0,37,7,70,14,14,60,46,14,0,60,0,46,0,14,0,0,0,60,7,7,0,14,0,60,0,0,46,0,14,37,7,1.6216216216216217,0,10,1632,8.3015224999981,6.3972343000205,0.10034250000171596,0.2487221000046702,10.296775400005572,parallel_episode_batch,pending,-0.0028586766252724025,0.001528610070146477,0.4969106259254309,-0.0070634771389170336,3.316987176031734e-05,0.0,1.0000787469056935,0.15132734612919962,0.0,0.4343276023864746,1.6173992156982422,0.33998048305511475,-0.02668740041553974,0.04339836165308952,1.644086480140686,0.3346806764602661,0.9837055802345276,5e-05,-0.30091390013694763,-0.30391085147857666,-0.2030804306268692,-0.2028338760137558,-0.202671080827713,0.30220720171928406,-0.29962217807769775,-0.300035297870636,-0.2012104094028473,-0.19971536099910736,-0.20125462114810944,0.01798621006309986,0.12196023017168045,0.01798621006309986,0.1202796921133995,0.0,1.50247323513031,1.007447600364685
287,287,57,2,57,29,train_easy_1000057,1000057,easy,balanced_cost,0.0,0.0,1.0,group_anchor_2,141,141,0,0.0,141,0,0.0,0,0.0,1.9341750365608013,1.9966750365608013,-0.0625,1.9341750365608013,1.9966750365608013,0.0,quality,-473.8000000000002,-273.17716567258,-0.33472222222222214,0.9999999999999998,1.0,-0.0066499268783973935,0.0,0.0,-0.0625,44,168.5,True,False,completed,1.0,1.0,473.8000000000002,473.8000000000002,273.17716567258,0.3347222222222222,0.20723322570899927,0.006649926878397394,0.15090000000000003,0.1273166666666667,0.75,0,0.0,0,0,0,0.0,2,38,0,1,1532,153.20000000000002,0,0,0,0.0,0,0.0,0,0,18,0.0,0,{},0.0,7,1.0,37,7,71,14,12,64,52,12,0,64,0,52,0,12,0,0,0,64,6,6,1,11,0,64,0,0,52,0,12,46,8,1.391304347826087,0,10,1632,8.3015224999981,6.3972343000205,0.10778629999549594,0.17554749998089392,10.296775400005572,parallel_episode_batch,pending,-0.0028586766252724025,0.001528610070146477,0.4969106259254309,-0.0070634771389170336,3.316987176031734e-05,0.0,1.0000787469056935,0.15132734612919962,0.0,0.4343276023864746,1.6173992156982422,0.33998048305511475,-0.02668740041553974,0.04339836165308952,1.644086480140686,0.3346806764602661,0.9837055802345276,5e-05,-0.30091390013694763,-0.30391085147857666,-0.2030804306268692,-0.2028338760137558,-0.202671080827713,0.30220720171928406,-0.29962217807769775,-0.300035297870636,-0.2012104094028473,-0.19971536099910736,-0.20125462114810944,0.01798621006309986,0.12196023017168045,0.01798621006309986,0.1202796921133995,0.0,1.50247323513031,1.007447600364685
288,288,57,3,57,29,train_easy_1000057,1000057,easy,balanced_cost,0.3333333333333333,0.3333333333333333,0.3333333333333333,group_anchor_3,136,136,0,0.0,136,0,0.0,0,0.0,1.8448574199212409,1.9073574199212409,-0.0625,1.8448574199212409,1.907357419921241,-2.220446049250313e-16,quality,-472.5000000000001,-220.15674956401995,-5.12138888888889,0.9999999999999998,1.0,-0.18528516015751798,0.0,0.0,-0.0625,44,163.70000000000002,True,False,completed,1.0,1.0,472.5000000000001,472.5000000000001,220.15674956401995,5.12138888888889,0.2139677762693884,0.18528516015751798,0.13650000000000004,0.09558905853333337,0.75,0,0.0,0,0,0,0.0,2,33,0,0,1444,144.4,0,0,0,0.0,0,0.0,0,0,14,0.0,0,{},0.0,6,1.0,38,6,69,12,11,64,53,11,0,64,0,53,0,11,0,0,0,64,5,6,0,11,0,64,0,0,53,0,11,45,5,1.4222222222222223,0,10,1632,8.3015224999981,6.3972343000205,0.08356579999963287,0.18276719997811597,10.296775400005572,parallel_episode_batch,pending,-0.0028586766252724025,0.001528610070146477,0.4969106259254309,-0.0070634771389170336,3.316987176031734e-05,0.0,1.0000787469056935,0.15132734612919962,0.0,0.4343276023864746,1.6173992156982422,0.33998048305511475,-0.02668740041553974,0.04339836165308952,1.644086480140686,0.3346806764602661,0.9837055802345276,5e-05,-0.30091390013694763,-0.30391085147857666,-0.2030804306268692,-0.2028338760137558,-0.202671080827713,0.30220720171928406,-0.29962217807769775,-0.300035297870636,-0.2012104094028473,-0.19971536099910736,-0.20125462114810944,0.01798621006309986,0.12196023017168045,0.01798621006309986,0.1202796921133995,0.0,1.50247323513031,1.007447600364685
289,289,57,4,57,29,train_easy_1000057,1000057,easy,balanced_cost,0.5,0.3,0.2,group_anchor_4,142,142,0,0.0,142,0,0.0,0,0.0,1.829941939805463,1.892441939805463,-0.0625,1.829941939805463,1.892441939805463,0.0,quality,-455.8,-263.2551083215101,-4.0424999999999995,0.9999999999999998,1.0,-0.21511612038907402,0.0,0.0,-0.0625,44,168.10000000000002,True,False,completed,1.0,1.0,455.8,455.8,263.2551083215101,4.0424999999999995,0.21511612038907402,0.21511612038907402,0.13650000000000004,0.09891944270000001,0.75,0,0.0,0,0,0,0.0,2,41,0,0,1492,149.20000000000002,0,0,0,0.0,0,0.0,0,0,14,0.0,0,{},0.0,7,1.0,37,7,71,14,13,77,64,13,0,77,0,64,0,13,0,0,0,77,7,7,1,13,0,77,0,0,64,0,13,53,7,1.4528301886792452,0,10,1632,8.3015224999981,6.3972343000205,0.0883800000010524,0.12558919997536577,10.296775400005572,parallel_episode_batch,pending,-0.0028586766252724025,0.001528610070146477,0.4969106259254309,-0.0070634771389170336,3.316987176031734e-05,0.0,1.0000787469056935,0.15132734612919962,0.0,0.4343276023864746,1.6173992156982422,0.33998048305511475,-0.02668740041553974,0.04339836165308952,1.644086480140686,0.3346806764602661,0.9837055802345276,5e-05,-0.30091390013694763,-0.30391085147857666,-0.2030804306268692,-0.2028338760137558,-0.202671080827713,0.30220720171928406,-0.29962217807769775,-0.300035297870636,-0.2012104094028473,-0.19971536099910736,-0.20125462114810944,0.01798621006309986,0.12196023017168045,0.01798621006309986,0.1202796921133995,0.0,1.50247323513031,1.007447600364685
290,290,58,0,58,30,train_reconfiguration_bottleneck_1000058,1000058,reconfiguration_bottleneck,balanced_cost,1.0,0.0,0.0,group_anchor_0,482,482,0,0.0,482,0,0.0,0,0.0,1.6908783783783778,1.7533783783783778,-0.0625,1.6908783783783778,1.7533783783783783,-4.440892098500626e-16,quality,-1168.0000000000002,-1696.2404006131721,-24.745833333333337,0.9999999999999999,1.0,-0.4932432432432433,0.0,0.0,-0.0625,68,204.8,True,False,completed,1.0,1.0,1168.0000000000002,1168.0000000000002,1696.2404006131721,24.745833333333337,0.5015688570846564,0.4932432432432433,0.7499098264999962,0.677450640399997,0.75,345,0.2863070539419087,108,108,128,0.6037735849056604,0,97,3,0,1131,113.10000000000001,0,0,0,0.0,0,0.0,0,0,39,0.0,0,{},57.2,24,1.0,44,24,218,48,148,378,214,164,16,362,0,214,16,148,16,16,0,362,32,241,2,147,232,362,0,0,214,16,148,92,103,4.108695652173913,0,10,2473,13.770713899997645,10.202576099916769,0.1910838000039803,0.41057010008080397,17.754520499998762,parallel_episode_batch,pending,0.0007611079490743577,0.00060178766412159,0.4206344256034264,-0.0031443416284253965,7.744871464428097e-06,0.0,0.9999917210676731,0.07558238924218294,0.0,0.18163426220417023,1.5445753335952759,0.2745312452316284,-0.005011408124119043,0.029160795733332634,1.5495866537094116,0.2794100046157837,0.988717257976532,5e-05,-0.301129013299942,-0.30385518074035645,-0.20305757224559784,-0.202787846326828,-0.20258629322052002,0.302162766456604,-0.29953253269195557,-0.2998822033405304,-0.20134156942367554,-0.19965367019176483,-0.20107875764369965,0.01798621006309986,0.12196509540081024,0.01798621006309986,0.12026868760585785,0.0,1.5028753280639648,1.0073727369308472
291,291,58,1,58,30,train_reconfiguration_bottleneck_1000058,1000058,reconfiguration_bottleneck,balanced_cost,0.0,1.0,0.0,group_anchor_1,296,296,0,0.0,296,0,0.0,0,0.0,1.6456953190860024,1.7081953190860024,-0.0625,1.6456953190860024,1.7081953190860022,2.220446049250313e-16,quality,-1189.8,-1401.5909781019511,-16.745555555555555,0.9999999999999999,1.0,-0.5836093618279955,0.0,0.0,-0.0625,68,198.9,True,False,completed,1.0,1.0,1189.8,1189.8,1401.5909781019511,16.74555555555556,0.4741930638566697,0.5836093618279955,0.7402098265000004,0.6094339737333335,0.75,10,0.08130081300813008,2,2,6,0.021352313167259787,0,113,2,4,1336,133.6,0,0,0,0.0,0,0.0,0,0,38,0.0,0,{},2.0,24,1.0,44,24,134,48,46,135,81,54,8,127,0,81,8,46,8,8,0,127,24,29,3,40,8,127,0,0,81,8,46,76,12,1.7763157894736843,0,10,2473,13.770713899997645,10.202576099916769,0.15817739999329206,0.29850759990222286,17.754520499998762,parallel_episode_batch,pending,0.0007611079490743577,0.00060178766412159,0.4206344256034264,-0.0031443416284253965,7.744871464428097e-06,0.0,0.9999917210676731,0.07558238924218294,0.0,0.18163426220417023,1.5445753335952759,0.2745312452316284,-0.005011408124119043,0.029160795733332634,1.5495866537094116,0.2794100046157837,0.988717257976532,5e-05,-0.301129013299942,-0.30385518074035645,-0.20305757224559784,-0.202787846326828,-0.20258629322052002,0.302162766456604,-0.29953253269195557,-0.2998822033405304,-0.20134156942367554,-0.19965367019176483,-0.20107875764369965,0.01798621006309986,0.12196509540081024,0.01798621006309986,0.12026868760585785,0.0,1.5028753280639648,1.0073727369308472
292,292,58,2,58,30,train_reconfiguration_bottleneck_1000058,1000058,reconfiguration_bottleneck,balanced_cost,0.0,0.0,1.0,group_anchor_2,283,283,0,0.0,283,0,0.0,0,0.0,1.8887725887001339,1.9512725887001339,-0.0625,1.8887725887001339,1.9512725887001343,-4.440892098500626e-16,quality,-1339.3000000000002,-1392.94232969212,-5.3988888888889,0.9999999999999999,1.0,-0.09745482259973139,0.0,0.0,-0.0625,68,200.3,True,False,completed,1.0,1.0,1339.3000000000002,1339.3000000000002,1392.94232969212,5.398888888888898,0.45783670285792544,0.09745482259973139,0.7497999999999999,0.7025666666666667,0.75,13,0.12037037037037036,0,0,28,0.08695652173913043,1,95,4,1,1543,154.3,0,0,0,0.0,0,0.0,0,0,39,0.0,0,{},0.0,23,1.0,45,23,129,46,40,126,73,53,13,113,0,73,13,40,13,13,0,113,21,23,2,29,13,113,0,0,73,13,40,67,10,1.8805970149253732,0,10,2473,13.770713899997645,10.202576099916769,0.20231419999618083,0.3172022999933688,17.754520499998762,parallel_episode_batch,pending,0.0007611079490743577,0.00060178766412159,0.4206344256034264,-0.0031443416284253965,7.744871464428097e-06,0.0,0.9999917210676731,0.07558238924218294,0.0,0.18163426220417023,1.5445753335952759,0.2745312452316284,-0.005011408124119043,0.029160795733332634,1.5495866537094116,0.2794100046157837,0.988717257976532,5e-05,-0.301129013299942,-0.30385518074035645,-0.20305757224559784,-0.202787846326828,-0.20258629322052002,0.302162766456604,-0.29953253269195557,-0.2998822033405304,-0.20134156942367554,-0.19965367019176483,-0.20107875764369965,0.01798621006309986,0.12196509540081024,0.01798621006309986,0.12026868760585785,0.0,1.5028753280639648,1.0073727369308472
293,293,58,3,58,30,train_reconfiguration_bottleneck_1000058,1000058,reconfiguration_bottleneck,balanced_cost,0.3333333333333333,0.3333333333333333,0.3333333333333333,group_anchor_3,299,299,0,0.0,299,0,0.0,0,0.0,1.7278654292961226,1.7903654292961226,-0.0625,1.7278654292961226,1.7903654292961226,0.0,quality,-1290.3999999999999,-1363.3015442422397,-9.722500000000002,0.9999999999999999,1.0,-0.4192691414077548,0.0,0.0,-0.0625,68,193.9,True,False,completed,1.0,1.0,1290.3999999999999,1290.3999999999999,1363.3015442422397,9.722500000000002,0.46469270706730115,0.4192691414077548,0.7500000000000002,0.6471251149333336,0.75,42,0.32558139534883723,10,10,297,0.6890951276102089,0,87,4,4,1320,132.0,0,0,0,0.0,0,0.0,0,0,40,0.0,0,{},15.8,22,0.9545454545454546,46,22,134,44,53,185,117,68,15,170,0,117,15,53,15,15,0,170,26,51,0,52,44,170,0,0,117,15,53,83,13,2.2289156626506026,0,10,2473,13.770713899997645,10.202576099916769,0.19170500000473112,0.29139889999351,17.754520499998762,parallel_episode_batch,pending,0.0007611079490743577,0.00060178766412159,0.4206344256034264,-0.0031443416284253965,7.744871464428097e-06,0.0,0.9999917210676731,0.07558238924218294,0.0,0.18163426220417023,1.5445753335952759,0.2745312452316284,-0.005011408124119043,0.029160795733332634,1.5495866537094116,0.2794100046157837,0.988717257976532,5e-05,-0.301129013299942,-0.30385518074035645,-0.20305757224559784,-0.202787846326828,-0.20258629322052002,0.302162766456604,-0.29953253269195557,-0.2998822033405304,-0.20134156942367554,-0.19965367019176483,-0.20107875764369965,0.01798621006309986,0.12196509540081024,0.01798621006309986,0.12026868760585785,0.0,1.5028753280639648,1.0073727369308472
294,294,58,4,58,30,train_reconfiguration_bottleneck_1000058,1000058,reconfiguration_bottleneck,balanced_cost,0.5,0.3,0.2,group_anchor_4,284,284,0,0.0,284,0,0.0,0,0.0,1.702913391190017,1.765413391190017,-0.0625,1.702913391190017,1.7654133911900172,-2.220446049250313e-16,quality,-1135.8999999999999,-1326.52172750567,-18.956666666666663,0.9999999999999999,1.0,-0.4691732176199658,0.0,0.0,-0.0625,68,185.10000000000002,True,False,completed,1.0,1.0,1135.8999999999999,1135.8999999999999,1326.52172750567,18.956666666666663,0.4691732176199658,0.4691732176199658,0.7496408631,0.6938776251666666,0.75,23,0.21100917431192662,2,2,90,0.45,0,85,3,3,1378,137.8,0,0,0,0.0,0,0.0,0,0,41,0.0,0,{},3.2,22,0.9090909090909091,46,22,129,44,43,172,112,60,17,155,0,112,17,43,17,17,0,155,31,32,3,41,31,155,0,0,112,17,43,86,10,2.0,0,10,2473,13.770713899997645,10.202576099916769,0.19099300000380026,0.2719219999926281,17.754520499998762,parallel_episode_batch,pending,0.0007611079490743577,0.00060178766412159,0.4206344256034264,-0.0031443416284253965,7.744871464428097e-06,0.0,0.9999917210676731,0.07558238924218294,0.0,0.18163426220417023,1.5445753335952759,0.2745312452316284,-0.005011408124119043,0.029160795733332634,1.5495866537094116,0.2794100046157837,0.988717257976532,5e-05,-0.301129013299942,-0.30385518074035645,-0.20305757224559784,-0.202787846326828,-0.20258629322052002,0.302162766456604,-0.29953253269195557,-0.2998822033405304,-0.20134156942367554,-0.19965367019176483,-0.20107875764369965,0.01798621006309986,0.12196509540081024,0.01798621006309986,0.12026868760585785,0.0,1.5028753280639648,1.0073727369308472
295,295,59,0,59,30,train_easy_1000059,1000059,easy,balanced_cost,1.0,0.0,0.0,group_anchor_0,167,167,0,0.0,167,0,0.0,0,0.0,1.7882951356407857,1.8507951356407857,-0.0625,1.7882951356407857,1.850795135640786,-2.220446049250313e-16,quality,-510.4,-363.0099568046902,-3.9513888888888893,0.9999999999999997,1.0,-0.2984097287184284,0.0,0.0,-0.0625,50,168.70000000000002,True,False,completed,1.0,1.0,510.4,510.4,363.0099568046902,3.9513888888888893,0.243751717452527,0.2984097287184284,0.18500000000000003,0.13325000000000004,0.75,0,0.0,0,0,0,0.0,2,51,0,0,1439,143.9,0,0,0,0.0,0,0.0,0,0,23,0.0,0,{},0.0,9,1.0,41,9,81,18,18,95,77,18,0,95,0,77,0,18,0,0,0,95,9,9,0,18,0,95,0,0,77,0,18,65,5,1.4615384615384615,0,10,2473,13.770713899997645,10.202576099916769,0.18567230000189738,0.154838899965398,17.754520499998762,parallel_episode_batch,pending,0.0007611079490743577,0.00060178766412159,0.4206344256034264,-0.0031443416284253965,7.744871464428097e-06,0.0,0.9999917210676731,0.07558238924218294,0.0,0.18163426220417023,1.5445753335952759,0.2745312452316284,-0.005011408124119043,0.029160795733332634,1.5495866537094116,0.2794100046157837,0.988717257976532,5e-05,-0.301129013299942,-0.30385518074035645,-0.20305757224559784,-0.202787846326828,-0.20258629322052002,0.302162766456604,-0.29953253269195557,-0.2998822033405304,-0.20134156942367554,-0.19965367019176483,-0.20107875764369965,0.01798621006309986,0.12196509540081024,0.01798621006309986,0.12026868760585785,0.0,1.5028753280639648,1.0073727369308472
296,296,59,1,59,30,train_easy_1000059,1000059,easy,balanced_cost,0.0,1.0,0.0,group_anchor_1,168,168,0,0.0,168,0,0.0,0,0.0,1.8041704267210832,1.8666704267210832,-0.0625,1.8041704267210832,1.8666704267210834,-2.220446049250313e-16,quality,-582.6000000000001,-363.62238010631006,-15.699166666666665,0.9999999999999997,1.0,-0.2666591465578333,0.0,0.0,-0.0625,50,171.8,True,False,completed,1.0,1.0,582.6000000000001,582.6000000000001,363.62238010631006,15.699166666666665,0.2912018040983485,0.2666591465578333,0.25350000000000006,0.15506666666666669,0.75,0,0.0,0,0,0,0.0,1,45,0,2,1419,141.9,0,0,0,0.0,0,0.0,0,0,24,0.0,0,{},0.0,9,0.7777777777777778,41,9,84,18,16,81,62,19,3,78,0,62,3,16,3,3,0,78,7,11,0,15,0,78,0,0,62,3,16,49,12,1.653061224489796,0,10,2473,13.770713899997645,10.202576099916769,0.20344919999479316,0.2577932999629411,17.754520499998762,parallel_episode_batch,pending,0.0007611079490743577,0.00060178766412159,0.4206344256034264,-0.0031443416284253965,7.744871464428097e-06,0.0,0.9999917210676731,0.07558238924218294,0.0,0.18163426220417023,1.5445753335952759,0.2745312452316284,-0.005011408124119043,0.029160795733332634,1.5495866537094116,0.2794100046157837,0.988717257976532,5e-05,-0.301129013299942,-0.30385518074035645,-0.20305757224559784,-0.202787846326828,-0.20258629322052002,0.302162766456604,-0.29953253269195557,-0.2998822033405304,-0.20134156942367554,-0.19965367019176483,-0.20107875764369965,0.01798621006309986,0.12196509540081024,0.01798621006309986,0.12026868760585785,0.0,1.5028753280639648,1.0073727369308472
297,297,59,2,59,30,train_easy_1000059,1000059,easy,balanced_cost,0.0,0.0,1.0,group_anchor_2,159,159,0,0.0,159,0,0.0,0,0.0,1.9271387010429304,1.9896387010429304,-0.0625,1.9271387010429304,1.9896387010429304,0.0,quality,-774.8,-316.7416732264301,-1.0580555555555553,0.9999999999999997,1.0,-0.020722597914139128,0.0,0.0,-0.0625,50,202.70000000000002,True,False,completed,1.0,1.0,774.8,774.8,316.7416732264301,1.0580555555555553,0.2724811616313888,0.020722597914139128,0.13650000000000004,0.11291666666666668,0.75,0,0.0,0,0,0,0.0,2,48,0,1,1750,175.0,0,0,0,0.0,0,0.0,0,0,24,0.0,0,{},0.0,8,1.0,42,8,79,16,14,58,44,14,0,58,0,44,0,14,0,0,0,58,6,5,0,11,0,58,0,0,44,0,14,40,4,1.45,0,10,2473,13.770713899997645,10.202576099916769,0.17873680000047898,0.43118469999171793,17.754520499998762,parallel_episode_batch,pending,0.0007611079490743577,0.00060178766412159,0.4206344256034264,-0.0031443416284253965,7.744871464428097e-06,0.0,0.9999917210676731,0.07558238924218294,0.0,0.18163426220417023,1.5445753335952759,0.2745312452316284,-0.005011408124119043,0.029160795733332634,1.5495866537094116,0.2794100046157837,0.988717257976532,5e-05,-0.301129013299942,-0.30385518074035645,-0.20305757224559784,-0.202787846326828,-0.20258629322052002,0.302162766456604,-0.29953253269195557,-0.2998822033405304,-0.20134156942367554,-0.19965367019176483,-0.20107875764369965,0.01798621006309986,0.12196509540081024,0.01798621006309986,0.12026868760585785,0.0,1.5028753280639648,1.0073727369308472
298,298,59,3,59,30,train_easy_1000059,1000059,easy,balanced_cost,0.3333333333333333,0.3333333333333333,0.3333333333333333,group_anchor_3,160,160,0,0.0,160,0,0.0,0,0.0,1.8327735267463647,1.8952735267463647,-0.0625,1.8327735267463647,1.8952735267463643,4.440892098500626e-16,quality,-576.3000000000002,-317.27025152032996,-3.3655555555555554,0.9999999999999997,1.0,-0.20945294650727123,0.0,0.0,-0.0625,50,186.0,True,False,completed,1.0,1.0,576.3000000000002,576.3000000000002,317.27025152032996,3.3655555555555554,0.24708873332181844,0.20945294650727123,0.1674,0.1274,0.75,0,0.0,0,0,0,0.0,2,46,0,1,1659,165.9,0,0,0,0.0,0,0.0,0,0,24,0.0,0,{},0.0,8,1.0,42,8,78,16,16,78,62,16,0,78,0,62,0,16,0,0,0,78,8,8,0,16,0,78,0,0,62,0,16,52,4,1.5,0,10,2473,13.770713899997645,10.202576099916769,0.17542029999458464,0.3286877000282402,17.754520499998762,parallel_episode_batch,pending,0.0007611079490743577,0.00060178766412159,0.4206344256034264,-0.0031443416284253965,7.744871464428097e-06,0.0,0.9999917210676731,0.07558238924218294,0.0,0.18163426220417023,1.5445753335952759,0.2745312452316284,-0.005011408124119043,0.029160795733332634,1.5495866537094116,0.2794100046157837,0.988717257976532,5e-05,-0.301129013299942,-0.30385518074035645,-0.20305757224559784,-0.202787846326828,-0.20258629322052002,0.302162766456604,-0.29953253269195557,-0.2998822033405304,-0.20134156942367554,-0.19965367019176483,-0.20107875764369965,0.01798621006309986,0.12196509540081024,0.01798621006309986,0.12026868760585785,0.0,1.5028753280639648,1.0073727369308472
299,299,59,4,59,30,train_easy_1000059,1000059,easy,balanced_cost,0.5,0.3,0.2,group_anchor_4,175,175,0,0.0,175,0,0.0,0,0.0,1.801501680836945,1.864001680836945,-0.0625,1.801501680836945,1.8640016808369453,-2.220446049250313e-16,quality,-541.0999999999999,-441.6423784627999,-7.045833333333333,0.9999999999999997,1.0,-0.2719966383261096,0.0,0.0,-0.0625,50,173.3,True,False,completed,1.0,1.0,541.0999999999999,541.0999999999999,441.6423784627999,7.045833333333334,0.2719966383261096,0.2719966383261096,0.19900000000000004,0.1460666666666667,0.75,0,0.0,0,0,0,0.0,1,57,0,1,1507,150.70000000000002,0,0,0,0.0,0,0.0,0,0,24,0.0,0,{},0.0,11,0.9090909090909091,39,11,83,22,20,88,67,21,1,87,0,67,1,20,1,1,0,87,8,12,1,18,0,86,0,0,67,1,20,55,10,1.6,0,10,2473,13.770713899997645,10.202576099916769,0.15219079999951646,0.1409788000237313,17.754520499998762,parallel_episode_batch,pending,0.0007611079490743577,0.00060178766412159,0.4206344256034264,-0.0031443416284253965,7.744871464428097e-06,0.0,0.9999917210676731,0.07558238924218294,0.0,0.18163426220417023,1.5445753335952759,0.2745312452316284,-0.005011408124119043,0.029160795733332634,1.5495866537094116,0.2794100046157837,0.988717257976532,5e-05,-0.301129013299942,-0.30385518074035645,-0.20305757224559784,-0.202787846326828,-0.20258629322052002,0.302162766456604,-0.29953253269195557,-0.2998822033405304,-0.20134156942367554,-0.19965367019176483,-0.20107875764369965,0.01798621006309986,0.12196509540081024,0.01798621006309986,0.12026868760585785,0.0,1.5028753280639648,1.0073727369308472
300,300,60,0,60,31,train_high_arrival_pressure_1000060,1000060,high_arrival_pressure,fixed_cost_dominant,1.0,0.0,0.0,group_anchor_0,282,282,0,0.0,282,0,0.0,0,0.0,1.6513046538146312,1.7138046538146312,-0.0625,1.6513046538146312,1.7138046538146314,-2.220446049250313e-16,quality,-1606.2999999999997,-754.7200404636204,-11.88250000000001,1.0000000000000002,1.0,-0.5723906923707373,0.0,0.0,-0.0625,79,139.9,True,False,completed,1.0,1.0,1606.2999999999997,1606.2999999999997,754.7200404636204,11.88250000000001,0.45363132817728896,0.5723906923707373,0.3471979807000001,0.3031186195166667,0.75,0,0.0,0,0,0,0.0,1,102,0,0,1004,100.4,0,0,0,0.0,0,0.0,0,0,44,0.0,0,{},0.0,19,0.9473684210526315,60,19,127,38,38,154,114,40,2,152,0,114,2,38,2,2,0,152,20,18,0,36,0,152,0,0,114,2,38,102,6,1.5098039215686274,0,10,2329,14.499618400004692,9.819200899946736,0.15947150000283727,0.18516359992645448,18.255070200000773,parallel_episode_batch,pending,-0.0029940031393355616,0.0006293448848835495,0.5756368741795823,-0.008435700110763916,1.1009495026243983e-05,0.0,1.0001195830267828,0.0962068966615039,0.0,0.2149481326341629,1.465289831161499,0.26173844933509827,0.006192879285663366,0.030381176620721817,1.459096908569336,0.27176588773727417,0.9865266680717468,5e-05,-0.30111783742904663,-0.3036143183708191,-0.20288951694965363,-0.20262013375759125,-0.2024320513010025,0.30197563767433167,-0.2993727922439575,-0.2998092472553253,-0.20143140852451324,-0.1995718628168106,-0.20110434293746948,0.01798621006309986,0.12194414436817169,0.01798621006309986,0.12022356688976288,0.0,1.502722978591919,1.0071171522140503
301,301,60,1,60,31,train_high_arrival_pressure_1000060,1000060,high_arrival_pressure,fixed_cost_dominant,0.0,1.0,0.0,group_anchor_1,285,285,0,0.0,285,0,0.0,0,0.0,1.7234222645036528,1.7859222645036528,-0.0625,1.7234222645036528,1.7859222645036523,4.440892098500626e-16,quality,-1702.1000000000001,-748.7270565234804,-8.218055555555564,1.0000000000000002,1.0,-0.4281554709926953,0.0,0.0,-0.0625,79,159.20000000000002,True,False,completed,1.0,1.0,1702.1000000000001,1702.1000000000001,748.7270565234804,8.218055555555564,0.44993178505218545,0.4281554709926953,0.34440000000000004,0.2594784567666667,0.75,0,0.0,0,0,0,0.0,1,100,0,9,1240,124.0,0,0,0,0.0,0,0.0,0,0,44,0.0,0,{},0.0,19,0.8947368421052632,60,19,137,38,31,123,88,35,4,119,0,88,4,31,4,4,0,119,15,16,1,26,0,119,0,0,88,4,31,77,10,1.5974025974025974,0,10,2329,14.499618400004692,9.819200899946736,0.17695530000492,0.2839735000379733,18.255070200000773,parallel_episode_batch,pending,-0.0029940031393355616,0.0006293448848835495,0.5756368741795823,-0.008435700110763916,1.1009495026243983e-05,0.0,1.0001195830267828,0.0962068966615039,0.0,0.2149481326341629,1.465289831161499,0.26173844933509827,0.006192879285663366,0.030381176620721817,1.459096908569336,0.27176588773727417,0.9865266680717468,5e-05,-0.30111783742904663,-0.3036143183708191,-0.20288951694965363,-0.20262013375759125,-0.2024320513010025,0.30197563767433167,-0.2993727922439575,-0.2998092472553253,-0.20143140852451324,-0.1995718628168106,-0.20110434293746948,0.01798621006309986,0.12194414436817169,0.01798621006309986,0.12022356688976288,0.0,1.502722978591919,1.0071171522140503
302,302,60,2,60,31,train_high_arrival_pressure_1000060,1000060,high_arrival_pressure,fixed_cost_dominant,0.0,0.0,1.0,group_anchor_2,248,248,0,0.0,248,0,0.0,0,0.0,1.9285492631533003,1.9910492631533003,-0.0625,1.9285492631533003,1.9910492631533,2.220446049250313e-16,quality,-2287.8,-511.16565446101015,-0.9113888888888892,1.0000000000000002,1.0,-0.017901473693399755,0.0,0.0,-0.0625,79,199.9,True,False,completed,1.0,1.0,2287.8,2287.8,511.16565446101015,0.9113888888888892,0.4330298359805592,0.01790147369339976,0.23409818280000005,0.2120850482,0.75,0,0.0,1,1,1,0.00130718954248366,0,68,0,2,1713,171.3,0,0,0,0.0,0,0.0,0,0,36,0.0,0,{},1.8,13,1.0,66,13,119,26,24,96,70,26,2,94,0,70,2,24,2,2,0,94,9,14,0,20,0,94,0,0,70,2,24,64,5,1.5,0,10,2329,14.499618400004692,9.819200899946736,0.14528419999987818,1.4169492000582977,18.255070200000773,parallel_episode_batch,pending,-0.0029940031393355616,0.0006293448848835495,0.5756368741795823,-0.008435700110763916,1.1009495026243983e-05,0.0,1.0001195830267828,0.0962068966615039,0.0,0.2149481326341629,1.465289831161499,0.26173844933509827,0.006192879285663366,0.030381176620721817,1.459096908569336,0.27176588773727417,0.9865266680717468,5e-05,-0.30111783742904663,-0.3036143183708191,-0.20288951694965363,-0.20262013375759125,-0.2024320513010025,0.30197563767433167,-0.2993727922439575,-0.2998092472553253,-0.20143140852451324,-0.1995718628168106,-0.20110434293746948,0.01798621006309986,0.12194414436817169,0.01798621006309986,0.12022356688976288,0.0,1.502722978591919,1.0071171522140503
303,303,60,3,60,31,train_high_arrival_pressure_1000060,1000060,high_arrival_pressure,fixed_cost_dominant,0.3333333333333333,0.3333333333333333,0.3333333333333333,group_anchor_3,278,278,0,0.0,278,0,0.0,0,0.0,1.7666999891926491,1.8291999891926491,-0.0625,1.7666999891926491,1.829199989192649,2.220446049250313e-16,quality,-1705.3000000000002,-712.1831486788402,-1.1188888888888893,1.0000000000000002,1.0,-0.3416000216147022,0.0,0.0,-0.0625,79,167.5,True,False,completed,1.0,1.0,1705.3000000000002,1705.3000000000002,712.1831486788402,1.1188888888888895,0.42264357400488894,0.3416000216147022,0.2974910184,0.27077662328333335,0.75,0,0.0,0,0,0,0.0,1,96,0,1,1244,124.4,0,0,0,0.0,0,0.0,0,0,41,0.0,0,{},0.0,18,1.0,61,18,130,36,33,132,98,34,1,131,0,98,1,33,1,1,0,131,19,18,3,33,0,131,0,0,98,1,33,89,6,1.4831460674157304,0,10,2329,14.499618400004692,9.819200899946736,0.18352889999368927,0.2686630000389414,18.255070200000773,parallel_episode_batch,pending,-0.0029940031393355616,0.0006293448848835495,0.5756368741795823,-0.008435700110763916,1.1009495026243983e-05,0.0,1.0001195830267828,0.0962068966615039,0.0,0.2149481326341629,1.465289831161499,0.26173844933509827,0.006192879285663366,0.030381176620721817,1.459096908569336,0.27176588773727417,0.9865266680717468,5e-05,-0.30111783742904663,-0.3036143183708191,-0.20288951694965363,-0.20262013375759125,-0.2024320513010025,0.30197563767433167,-0.2993727922439575,-0.2998092472553253,-0.20143140852451324,-0.1995718628168106,-0.20110434293746948,0.01798621006309986,0.12194414436817169,0.01798621006309986,0.12022356688976288,0.0,1.502722978591919,1.0071171522140503
304,304,60,4,60,31,train_high_arrival_pressure_1000060,1000060,high_arrival_pressure,fixed_cost_dominant,0.5,0.3,0.2,group_anchor_4,261,261,0,0.0,261,0,0.0,0,0.0,1.7194520120797718,1.7819520120797718,-0.0625,1.7194520120797718,1.7819520120797716,2.220446049250313e-16,quality,-1653.1999999999994,-622.5755109383302,-9.268888888888894,1.0000000000000002,1.0,-0.4360959758404566,0.0,0.0,-0.0625,79,161.70000000000002,True,False,completed,1.0,1.0,1653.1999999999994,1653.1999999999994,622.5755109383302,9.268888888888894,0.4360959758404566,0.4360959758404566,0.3133979807,0.25554500481666664,0.75,0,0.0,0,0,0,0.0,2,80,0,0,1284,128.4,0,0,0,0.0,0,0.0,0,0,50,0.0,0,{},0.0,15,0.8666666666666667,64,15,123,30,29,137,108,29,0,137,0,108,0,29,0,0,0,137,14,15,0,29,0,137,0,0,108,0,29,96,6,1.4270833333333333,0,10,2329,14.499618400004692,9.819200899946736,0.1600313000017195,0.24649920006777393,18.255070200000773,parallel_episode_batch,pending,-0.0029940031393355616,0.0006293448848835495,0.5756368741795823,-0.008435700110763916,1.1009495026243983e-05,0.0,1.0001195830267828,0.0962068966615039,0.0,0.2149481326341629,1.465289831161499,0.26173844933509827,0.006192879285663366,0.030381176620721817,1.459096908569336,0.27176588773727417,0.9865266680717468,5e-05,-0.30111783742904663,-0.3036143183708191,-0.20288951694965363,-0.20262013375759125,-0.2024320513010025,0.30197563767433167,-0.2993727922439575,-0.2998092472553253,-0.20143140852451324,-0.1995718628168106,-0.20110434293746948,0.01798621006309986,0.12194414436817169,0.01798621006309986,0.12022356688976288,0.0,1.502722978591919,1.0071171522140503
305,305,61,0,61,31,train_balanced_1000061,1000061,balanced,labor_dominant,1.0,0.0,0.0,group_anchor_0,190,190,0,0.0,190,0,0.0,0,0.0,1.7563775510204083,1.8188775510204083,-0.0625,1.7563775510204083,1.818877551020408,2.220446049250313e-16,quality,-681.6000000000001,-425.9708005715201,-10.69888888888889,0.9999999999999997,1.0,-0.36224489795918374,0.0,0.0,-0.0625,56,221.10000000000002,True,False,completed,1.0,1.0,681.6000000000001,681.6000000000001,425.9708005715201,10.69888888888889,0.3059917979558356,0.36224489795918374,0.24210000000000004,0.17908333333333337,0.75,0,0.0,0,0,0,0.0,1,61,0,0,1892,189.20000000000002,0,0,0,0.0,0,0.0,0,0,18,0.0,0,{},0.0,11,0.9090909090909091,45,11,92,22,20,105,84,21,1,104,0,84,1,20,1,1,0,104,9,12,0,20,0,104,0,0,84,1,20,69,8,1.5217391304347827,0,10,2329,14.499618400004692,9.819200899946736,0.12433630000305129,0.19978270003775833,18.255070200000773,parallel_episode_batch,pending,-0.0029940031393355616,0.0006293448848835495,0.5756368741795823,-0.008435700110763916,1.1009495026243983e-05,0.0,1.0001195830267828,0.0962068966615039,0.0,0.2149481326341629,1.465289831161499,0.26173844933509827,0.006192879285663366,0.030381176620721817,1.459096908569336,0.27176588773727417,0.9865266680717468,5e-05,-0.30111783742904663,-0.3036143183708191,-0.20288951694965363,-0.20262013375759125,-0.2024320513010025,0.30197563767433167,-0.2993727922439575,-0.2998092472553253,-0.20143140852451324,-0.1995718628168106,-0.20110434293746948,0.01798621006309986,0.12194414436817169,0.01798621006309986,0.12022356688976288,0.0,1.502722978591919,1.0071171522140503
306,306,61,1,61,31,train_balanced_1000061,1000061,balanced,labor_dominant,0.0,1.0,0.0,group_anchor_1,185,185,0,0.0,185,0,0.0,0,0.0,1.7957387522927624,1.8582387522927624,-0.0625,1.7957387522927624,1.8582387522927626,-2.220446049250313e-16,quality,-950.5999999999999,-395.71723271129025,-8.328888888888885,0.9999999999999997,1.0,-0.2835224954144748,0.0,0.0,-0.0625,56,238.0,True,False,completed,1.0,1.0,950.5999999999999,950.5999999999999,395.71723271129025,8.328888888888885,0.33462320574143223,0.2835224954144748,0.22240000000000004,0.15823333333333336,0.75,0,0.0,0,0,3,0.016042780748663103,2,57,0,1,2002,200.20000000000002,0,0,0,0.0,0,0.0,0,0,21,0.0,0,{},0.0,10,1.0,46,10,89,20,20,83,63,20,0,83,0,63,0,20,0,0,0,83,9,8,0,17,0,83,0,0,63,0,20,62,3,1.3387096774193548,0,10,2329,14.499618400004692,9.819200899946736,0.12308460000349442,0.40637879991845693,18.255070200000773,parallel_episode_batch,pending,-0.0029940031393355616,0.0006293448848835495,0.5756368741795823,-0.008435700110763916,1.1009495026243983e-05,0.0,1.0001195830267828,0.0962068966615039,0.0,0.2149481326341629,1.465289831161499,0.26173844933509827,0.006192879285663366,0.030381176620721817,1.459096908569336,0.27176588773727417,0.9865266680717468,5e-05,-0.30111783742904663,-0.3036143183708191,-0.20288951694965363,-0.20262013375759125,-0.2024320513010025,0.30197563767433167,-0.2993727922439575,-0.2998092472553253,-0.20143140852451324,-0.1995718628168106,-0.20110434293746948,0.01798621006309986,0.12194414436817169,0.01798621006309986,0.12022356688976288,0.0,1.502722978591919,1.0071171522140503
307,307,61,2,61,31,train_balanced_1000061,1000061,balanced,labor_dominant,0.0,0.0,1.0,group_anchor_2,200,200,0,0.0,200,0,0.0,0,0.0,1.890216297786721,1.952716297786721,-0.0625,1.890216297786721,1.9527162977867203,6.661338147750939e-16,quality,-741.1999999999999,-487.43143526974023,-5.222222222222221,0.9999999999999997,1.0,-0.09456740442655936,0.0,0.0,-0.0625,56,222.10000000000002,True,False,completed,1.0,1.0,741.1999999999999,741.1999999999999,487.43143526974023,5.222222222222222,0.30813634935197365,0.09456740442655936,0.23910000000000003,0.16238333333333338,0.75,0,0.0,0,0,0,0.0,1,72,0,1,1842,184.20000000000002,0,0,0,0.0,0,0.0,0,0,21,0.0,0,{},0.0,13,1.0,43,13,94,26,24,95,70,25,1,94,0,70,1,24,1,1,0,94,10,14,0,23,0,94,0,0,70,1,24,61,7,1.5573770491803278,0,10,2329,14.499618400004692,9.819200899946736,0.10454919999756385,0.21254670002235798,18.255070200000773,parallel_episode_batch,pending,-0.0029940031393355616,0.0006293448848835495,0.5756368741795823,-0.008435700110763916,1.1009495026243983e-05,0.0,1.0001195830267828,0.0962068966615039,0.0,0.2149481326341629,1.465289831161499,0.26173844933509827,0.006192879285663366,0.030381176620721817,1.459096908569336,0.27176588773727417,0.9865266680717468,5e-05,-0.30111783742904663,-0.3036143183708191,-0.20288951694965363,-0.20262013375759125,-0.2024320513010025,0.30197563767433167,-0.2993727922439575,-0.2998092472553253,-0.20143140852451324,-0.1995718628168106,-0.20110434293746948,0.01798621006309986,0.12194414436817169,0.01798621006309986,0.12022356688976288,0.0,1.502722978591919,1.0071171522140503
308,308,61,3,61,31,train_balanced_1000061,1000061,balanced,labor_dominant,0.3333333333333333,0.3333333333333333,0.3333333333333333,group_anchor_3,198,198,0,0.0,198,0,0.0,0,0.0,1.8091675353137675,1.8716675353137675,-0.0625,1.8091675353137675,1.8716675353137673,2.220446049250313e-16,quality,-786.8,-497.2658322861503,-2.1847222222222227,0.9999999999999997,1.0,-0.25666492937246554,0.0,0.0,-0.0625,56,240.0,True,False,completed,1.0,1.0,786.8,786.8,497.2658322861503,2.1847222222222227,0.3060146575927481,0.25666492937246554,0.24180000000000007,0.19846666666666668,0.75,0,0.0,0,0,3,0.027522935779816515,1,71,0,0,2032,203.20000000000002,0,0,0,0.0,0,0.0,0,0,19,0.0,0,{},0.0,13,1.0,43,13,94,26,22,93,69,24,2,91,0,69,2,22,2,2,0,91,12,13,2,21,0,89,0,0,69,2,22,62,4,1.5,0,10,2329,14.499618400004692,9.819200899946736,0.14237860000139335,0.22846249995200196,18.255070200000773,parallel_episode_batch,pending,-0.0029940031393355616,0.0006293448848835495,0.5756368741795823,-0.008435700110763916,1.1009495026243983e-05,0.0,1.0001195830267828,0.0962068966615039,0.0,0.2149481326341629,1.465289831161499,0.26173844933509827,0.006192879285663366,0.030381176620721817,1.459096908569336,0.27176588773727417,0.9865266680717468,5e-05,-0.30111783742904663,-0.3036143183708191,-0.20288951694965363,-0.20262013375759125,-0.2024320513010025,0.30197563767433167,-0.2993727922439575,-0.2998092472553253,-0.20143140852451324,-0.1995718628168106,-0.20110434293746948,0.01798621006309986,0.12194414436817169,0.01798621006309986,0.12022356688976288,0.0,1.502722978591919,1.0071171522140503
309,309,61,4,61,31,train_balanced_1000061,1000061,balanced,labor_dominant,0.5,0.3,0.2,group_anchor_4,202,202,0,0.0,202,0,0.0,0,0.0,1.7722932333918766,1.8347932333918766,-0.0625,1.7722932333918766,1.8347932333918768,-2.220446049250313e-16,quality,-717.4999999999999,-487.12377001344015,-14.538055555555555,0.9999999999999997,1.0,-0.33041353321624656,0.0,0.0,-0.0625,56,214.8,True,False,completed,1.0,1.0,717.4999999999999,717.4999999999999,487.12377001344015,14.538055555555557,0.33041353321624656,0.33041353321624656,0.2884,0.19355,0.75,0,0.0,0,0,0,0.0,1,69,0,0,1813,181.3,0,0,0,0.0,0,0.0,0,0,21,0.0,0,{},0.0,13,0.9230769230769231,43,13,95,26,25,102,76,26,1,101,0,76,1,25,1,1,0,101,13,12,0,24,0,101,0,0,76,1,25,70,6,1.457142857142857,0,10,2329,14.499618400004692,9.819200899946736,0.1210270000010496,0.19272440003987867,18.255070200000773,parallel_episode_batch,pending,-0.0029940031393355616,0.0006293448848835495,0.5756368741795823,-0.008435700110763916,1.1009495026243983e-05,0.0,1.0001195830267828,0.0962068966615039,0.0,0.2149481326341629,1.465289831161499,0.26173844933509827,0.006192879285663366,0.030381176620721817,1.459096908569336,0.27176588773727417,0.9865266680717468,5e-05,-0.30111783742904663,-0.3036143183708191,-0.20288951694965363,-0.20262013375759125,-0.2024320513010025,0.30197563767433167,-0.2993727922439575,-0.2998092472553253,-0.20143140852451324,-0.1995718628168106,-0.20110434293746948,0.01798621006309986,0.12194414436817169,0.01798621006309986,0.12022356688976288,0.0,1.502722978591919,1.0071171522140503
310,310,62,0,62,32,train_fatigue_bottleneck_1000062,1000062,fatigue_bottleneck,balanced_cost,1.0,0.0,0.0,group_anchor_0,416,416,0,0.0,416,0,0.0,0,0.0,1.6606146809460065,1.7231146809460065,-0.0625,1.6606146809460065,1.7231146809460063,2.220446049250313e-16,quality,-1489.1999999999998,-1324.8148872480094,-6.94555555555556,0.9999999999999999,1.0,-0.5537706381079874,0.0,0.0,-0.0625,68,155.0,True,False,completed,1.0,1.0,1489.1999999999998,1489.1999999999998,1324.8148872480094,6.945555555555559,0.47223645719849205,0.5537706381079874,0.7497371710999972,0.7107330355499982,0.75,346,0.6540642722117203,79,79,1516,0.932349323493235,0,80,2,0,892,89.2,0,0,0,0.0,0,0.0,0,0,39,0.0,0,{},35.300000000000004,21,0.9047619047619048,47,21,188,42,118,312,183,129,11,301,0,183,11,118,11,11,0,301,26,183,2,117,168,301,0,0,183,11,118,91,130,3.4285714285714284,0,10,2657,14.041039399999136,11.163662000006298,0.16660170000250218,0.42553219997353153,20.222432199996547,parallel_episode_batch,pending,-0.0005732581817678043,0.00054512261946608,0.474325031042099,-0.005043946893974429,5.437892464431657e-05,0.00018601190476190475,1.0000859051942825,0.09978710984190305,0.0,0.22986622154712677,1.5613136291503906,0.2850394546985626,0.002933580195531249,0.027058692649006844,1.5583800077438354,0.29117321968078613,0.9909883737564087,5e-05,-0.3012513816356659,-0.30361562967300415,-0.20285746455192566,-0.2026192992925644,-0.20245352387428284,0.30204322934150696,-0.29939278960227966,-0.2999250888824463,-0.20131388306617737,-0.1995825469493866,-0.2012258917093277,0.01798621006309986,0.12203440815210342,0.01798621006309986,0.12021307647228241,0.0,1.5030983686447144,1.0071738958358765
311,311,62,1,62,32,train_fatigue_bottleneck_1000062,1000062,fatigue_bottleneck,balanced_cost,0.0,1.0,0.0,group_anchor_1,307,307,0,0.0,307,0,0.0,0,0.0,1.6676854005750168,1.7301854005750168,-0.0625,1.6676854005750168,1.7301854005750168,0.0,quality,-1593.6999999999998,-1172.1620865222994,-7.226666666666674,0.9999999999999999,1.0,-0.5396291988499662,0.0,0.0,-0.0625,68,176.8,True,False,completed,1.0,1.0,1593.6999999999998,1593.6999999999998,1172.1620865222994,7.226666666666671,0.47237610601788377,0.5396291988499662,0.7496743116999993,0.6870497022166663,0.75,107,0.5245098039215687,21,21,363,0.5163584637268848,0,80,1,7,1240,124.0,0,0,0,0.0,0,0.0,0,0,39,0.0,0,{},15.700000000000001,20,0.95,48,20,144,40,55,167,99,68,13,154,0,99,13,55,13,13,0,154,23,68,3,54,52,154,0,0,99,13,55,62,41,2.693548387096774,0,10,2657,14.041039399999136,11.163662000006298,0.1951379000020097,0.35826209995138925,20.222432199996547,parallel_episode_batch,pending,-0.0005732581817678043,0.00054512261946608,0.474325031042099,-0.005043946893974429,5.437892464431657e-05,0.00018601190476190475,1.0000859051942825,0.09978710984190305,0.0,0.22986622154712677,1.5613136291503906,0.2850394546985626,0.002933580195531249,0.027058692649006844,1.5583800077438354,0.29117321968078613,0.9909883737564087,5e-05,-0.3012513816356659,-0.30361562967300415,-0.20285746455192566,-0.2026192992925644,-0.20245352387428284,0.30204322934150696,-0.29939278960227966,-0.2999250888824463,-0.20131388306617737,-0.1995825469493866,-0.2012258917093277,0.01798621006309986,0.12203440815210342,0.01798621006309986,0.12021307647228241,0.0,1.5030983686447144,1.0071738958358765
312,312,62,2,62,32,train_fatigue_bottleneck_1000062,1000062,fatigue_bottleneck,balanced_cost,0.0,0.0,1.0,group_anchor_2,270,270,0,0.0,270,0,0.0,0,0.0,1.885296839549417,1.947796839549417,-0.0625,1.885296839549417,1.947796839549417,0.0,quality,-1498.2,-1037.4752409598996,-5.8288888888888835,0.9999999999999999,1.0,-0.1044063209011662,0.0,0.0,-0.0625,68,155.9,True,False,completed,1.0,1.0,1498.2,1498.2,1037.4752409598996,5.828888888888884,0.4512697419492738,0.1044063209011662,0.7228743116999998,0.6682497022166666,0.75,9,0.10344827586206896,0,0,14,0.03753351206434316,1,78,2,10,1187,118.7,0,0,0,0.0,0,0.0,0,0,41,0.0,0,{},0.0,19,1.0,49,19,130,38,34,119,71,48,14,105,0,71,14,34,14,14,0,105,23,17,0,26,5,105,0,0,71,14,34,58,17,2.0517241379310347,0,10,2657,14.041039399999136,11.163662000006298,0.19849400000384776,0.3105398000116111,20.222432199996547,parallel_episode_batch,pending,-0.0005732581817678043,0.00054512261946608,0.474325031042099,-0.005043946893974429,5.437892464431657e-05,0.00018601190476190475,1.0000859051942825,0.09978710984190305,0.0,0.22986622154712677,1.5613136291503906,0.2850394546985626,0.002933580195531249,0.027058692649006844,1.5583800077438354,0.29117321968078613,0.9909883737564087,5e-05,-0.3012513816356659,-0.30361562967300415,-0.20285746455192566,-0.2026192992925644,-0.20245352387428284,0.30204322934150696,-0.29939278960227966,-0.2999250888824463,-0.20131388306617737,-0.1995825469493866,-0.2012258917093277,0.01798621006309986,0.12203440815210342,0.01798621006309986,0.12021307647228241,0.0,1.5030983686447144,1.0071738958358765
313,313,62,3,62,32,train_fatigue_bottleneck_1000062,1000062,fatigue_bottleneck,balanced_cost,0.3333333333333333,0.3333333333333333,0.3333333333333333,group_anchor_3,284,284,0,0.0,284,0,0.0,0,0.0,1.7440717346924806,1.8065717346924806,-0.0625,1.7440717346924806,1.806571734692481,-4.440892098500626e-16,quality,-1409.0999999999992,-1241.23692245468,-3.5722222222222153,0.9999999999999999,1.0,-0.3868565306150378,0.0,0.0,-0.0625,68,158.8,True,False,completed,1.0,1.0,1409.0999999999992,1409.0999999999992,1241.23692245468,3.5722222222222144,0.4495170859813449,0.3868565306150378,0.7455388006000001,0.7168330355500001,0.75,24,0.23300970873786409,3,3,86,0.2621951219512195,0,79,4,4,1109,110.9,0,0,0,0.0,0,0.0,0,0,41,0.0,0,{},2.6,22,0.9090909090909091,46,22,129,44,43,144,88,56,13,131,0,88,13,43,13,13,0,131,29,28,2,39,24,131,0,0,88,13,43,74,10,1.945945945945946,0,10,2657,14.041039399999136,11.163662000006298,0.18777509999927133,0.26984689998062095,20.222432199996547,parallel_episode_batch,pending,-0.0005732581817678043,0.00054512261946608,0.474325031042099,-0.005043946893974429,5.437892464431657e-05,0.00018601190476190475,1.0000859051942825,0.09978710984190305,0.0,0.22986622154712677,1.5613136291503906,0.2850394546985626,0.002933580195531249,0.027058692649006844,1.5583800077438354,0.29117321968078613,0.9909883737564087,5e-05,-0.3012513816356659,-0.30361562967300415,-0.20285746455192566,-0.2026192992925644,-0.20245352387428284,0.30204322934150696,-0.29939278960227966,-0.2999250888824463,-0.20131388306617737,-0.1995825469493866,-0.2012258917093277,0.01798621006309986,0.12203440815210342,0.01798621006309986,0.12021307647228241,0.0,1.5030983686447144,1.0071738958358765
314,314,62,4,62,32,train_fatigue_bottleneck_1000062,1000062,fatigue_bottleneck,balanced_cost,0.5,0.3,0.2,group_anchor_4,271,271,0,0.0,271,0,0.0,0,0.0,1.6981232515065847,1.7606232515065847,-0.0625,1.6981232515065847,1.7606232515065845,2.220446049250313e-16,quality,-1396.5,-1113.5603766687802,-17.464722222222232,0.9999999999999999,1.0,-0.478753496986831,0.0,0.0,-0.0625,68,166.8,True,False,completed,1.0,1.0,1396.5,1396.5,1113.5603766687802,17.464722222222232,0.478753496986831,0.478753496986831,0.7495064038000002,0.6503330355500001,0.75,21,0.19626168224299065,6,6,14,0.06965174129353234,0,86,1,1,1153,115.30000000000001,0,0,0,0.0,0,0.0,0,0,39,0.0,0,{},6.4,19,0.9473684210526315,49,19,122,38,43,147,99,48,5,142,0,99,5,43,5,5,0,142,19,30,0,38,15,142,0,0,99,5,43,86,9,1.7093023255813953,0,10,2657,14.041039399999136,11.163662000006298,0.1674812999990536,0.27900680003949674,20.222432199996547,parallel_episode_batch,pending,-0.0005732581817678043,0.00054512261946608,0.474325031042099,-0.005043946893974429,5.437892464431657e-05,0.00018601190476190475,1.0000859051942825,0.09978710984190305,0.0,0.22986622154712677,1.5613136291503906,0.2850394546985626,0.002933580195531249,0.027058692649006844,1.5583800077438354,0.29117321968078613,0.9909883737564087,5e-05,-0.3012513816356659,-0.30361562967300415,-0.20285746455192566,-0.2026192992925644,-0.20245352387428284,0.30204322934150696,-0.29939278960227966,-0.2999250888824463,-0.20131388306617737,-0.1995825469493866,-0.2012258917093277,0.01798621006309986,0.12203440815210342,0.01798621006309986,0.12021307647228241,0.0,1.5030983686447144,1.0071738958358765
315,315,63,0,63,32,train_balanced_1000063,1000063,balanced,downtime_dominant,1.0,0.0,0.0,group_anchor_0,223,223,0,0.0,223,0,0.0,0,0.0,1.7393412315122245,1.8018412315122245,-0.0625,1.7393412315122245,1.8018412315122245,0.0,quality,-787.7999999999997,-691.2305148231302,-22.185833333333335,1.0,1.0,-0.3963175369755508,0.0,0.0,-0.0625,66,210.5,True,False,completed,1.0,1.0,787.7999999999997,787.7999999999997,691.2305148231302,22.185833333333335,0.3822417958373267,0.3963175369755508,0.2063342224,0.1546342009166667,0.75,0,0.0,0,0,0,0.0,2,73,0,0,1573,157.3,0,0,0,0.0,0,0.0,0,0,33,0.0,0,{},0.0,13,1.0,53,13,106,26,25,126,101,25,0,126,0,101,0,25,0,0,0,126,13,12,1,24,0,126,0,0,101,0,25,90,4,1.4,0,10,2657,14.041039399999136,11.163662000006298,0.14524780000647297,0.21799289993214188,20.222432199996547,parallel_episode_batch,pending,-0.0005732581817678043,0.00054512261946608,0.474325031042099,-0.005043946893974429,5.437892464431657e-05,0.00018601190476190475,1.0000859051942825,0.09978710984190305,0.0,0.22986622154712677,1.5613136291503906,0.2850394546985626,0.002933580195531249,0.027058692649006844,1.5583800077438354,0.29117321968078613,0.9909883737564087,5e-05,-0.3012513816356659,-0.30361562967300415,-0.20285746455192566,-0.2026192992925644,-0.20245352387428284,0.30204322934150696,-0.29939278960227966,-0.2999250888824463,-0.20131388306617737,-0.1995825469493866,-0.2012258917093277,0.01798621006309986,0.12203440815210342,0.01798621006309986,0.12021307647228241,0.0,1.5030983686447144,1.0071738958358765
316,316,63,1,63,32,train_balanced_1000063,1000063,balanced,downtime_dominant,0.0,1.0,0.0,group_anchor_1,210,210,0,0.0,210,0,0.0,0,0.0,1.7666430330230676,1.8291430330230676,-0.0625,1.7666430330230676,1.8291430330230676,0.0,quality,-986.3000000000002,-519.0964104804799,-6.038888888888892,1.0,1.0,-0.3417139339538649,0.0,0.0,-0.0625,66,220.20000000000002,True,False,completed,1.0,1.0,986.3000000000002,986.3000000000002,519.0964104804799,6.038888888888892,0.3496304113162689,0.3417139339538649,0.16920000000000002,0.14349521015000002,0.75,0,0.0,0,0,0,0.0,2,57,0,5,1895,189.5,0,0,0,0.0,0,0.0,0,0,32,0.0,0,{},0.0,10,1.0,56,10,105,20,19,80,61,19,0,80,0,61,0,19,0,0,0,80,9,9,0,18,0,80,0,0,61,0,19,55,4,1.4545454545454546,0,10,2657,14.041039399999136,11.163662000006298,0.13300939999317052,0.4565752999042161,20.222432199996547,parallel_episode_batch,pending,-0.0005732581817678043,0.00054512261946608,0.474325031042099,-0.005043946893974429,5.437892464431657e-05,0.00018601190476190475,1.0000859051942825,0.09978710984190305,0.0,0.22986622154712677,1.5613136291503906,0.2850394546985626,0.002933580195531249,0.027058692649006844,1.5583800077438354,0.29117321968078613,0.9909883737564087,5e-05,-0.3012513816356659,-0.30361562967300415,-0.20285746455192566,-0.2026192992925644,-0.20245352387428284,0.30204322934150696,-0.29939278960227966,-0.2999250888824463,-0.20131388306617737,-0.1995825469493866,-0.2012258917093277,0.01798621006309986,0.12203440815210342,0.01798621006309986,0.12021307647228241,0.0,1.5030983686447144,1.0071738958358765
317,317,63,2,63,32,train_balanced_1000063,1000063,balanced,downtime_dominant,0.0,0.0,1.0,group_anchor_2,240,240,0,0.0,240,0,0.0,0,0.0,1.8795757914384654,1.9420757914384654,-0.0625,1.8795757914384654,1.9420757914384654,0.0,quality,-892.9,-845.6811368925202,-6.55138888888889,1.0,1.0,-0.11584841712306901,0.0,0.0,-0.0625,66,220.0,True,False,completed,1.0,1.0,892.9,892.9,845.6811368925202,6.55138888888889,0.3739445153626093,0.11584841712306901,0.2927458366000001,0.21253189923333338,0.75,0,0.0,0,0,0,0.0,2,85,0,2,1639,163.9,0,0,0,0.0,0,0.0,0,0,42,0.0,0,{},0.0,15,1.0,51,15,114,30,30,114,84,30,0,114,0,84,0,30,0,0,0,114,15,13,0,28,0,114,0,0,84,0,30,79,5,1.4430379746835442,0,10,2657,14.041039399999136,11.163662000006298,0.1589363000020967,0.28169949994480703,20.222432199996547,parallel_episode_batch,pending,-0.0005732581817678043,0.00054512261946608,0.474325031042099,-0.005043946893974429,5.437892464431657e-05,0.00018601190476190475,1.0000859051942825,0.09978710984190305,0.0,0.22986622154712677,1.5613136291503906,0.2850394546985626,0.002933580195531249,0.027058692649006844,1.5583800077438354,0.29117321968078613,0.9909883737564087,5e-05,-0.3012513816356659,-0.30361562967300415,-0.20285746455192566,-0.2026192992925644,-0.20245352387428284,0.30204322934150696,-0.29939278960227966,-0.2999250888824463,-0.20131388306617737,-0.1995825469493866,-0.2012258917093277,0.01798621006309986,0.12203440815210342,0.01798621006309986,0.12021307647228241,0.0,1.5030983686447144,1.0071738958358765
318,318,63,3,63,32,train_balanced_1000063,1000063,balanced,downtime_dominant,0.3333333333333333,0.3333333333333333,0.3333333333333333,group_anchor_3,209,209,0,0.0,209,0,0.0,0,0.0,1.7833226087714114,1.8458226087714114,-0.0625,1.7833226087714114,1.8458226087714116,-2.220446049250313e-16,quality,-896.2,-608.9095721024802,-6.758055555555559,1.0,1.0,-0.3083547824571766,0.0,0.0,-0.0625,66,220.4,True,False,completed,1.0,1.0,896.2,896.2,608.9095721024802,6.758055555555558,0.35111963451719597,0.3083547824571766,0.21970000000000003,0.16753422273333338,0.75,0,0.0,0,0,0,0.0,2,60,0,1,1903,190.3,0,0,0,0.0,0,0.0,0,0,35,0.0,0,{},0.0,11,1.0,55,11,102,22,19,88,69,19,0,88,0,69,0,19,0,0,0,88,8,9,1,16,0,88,0,0,69,0,19,66,3,1.3333333333333333,0,10,2657,14.041039399999136,11.163662000006298,0.1277944999965257,0.2972976000091876,20.222432199996547,parallel_episode_batch,pending,-0.0005732581817678043,0.00054512261946608,0.474325031042099,-0.005043946893974429,5.437892464431657e-05,0.00018601190476190475,1.0000859051942825,0.09978710984190305,0.0,0.22986622154712677,1.5613136291503906,0.2850394546985626,0.002933580195531249,0.027058692649006844,1.5583800077438354,0.29117321968078613,0.9909883737564087,5e-05,-0.3012513816356659,-0.30361562967300415,-0.20285746455192566,-0.2026192992925644,-0.20245352387428284,0.30204322934150696,-0.29939278960227966,-0.2999250888824463,-0.20131388306617737,-0.1995825469493866,-0.2012258917093277,0.01798621006309986,0.12203440815210342,0.01798621006309986,0.12021307647228241,0.0,1.5030983686447144,1.0071738958358765
319,319,63,4,63,32,train_balanced_1000063,1000063,balanced,downtime_dominant,0.5,0.3,0.2,group_anchor_4,227,227,0,0.0,227,0,0.0,0,0.0,1.7619794726106686,1.8244794726106686,-0.0625,1.7619794726106686,1.824479472610669,-4.440892098500626e-16,quality,-815.6000000000001,-702.3417699701203,-7.125555555555549,1.0,1.0,-0.35104105477866204,0.0,0.0,-0.0625,66,212.3,True,False,completed,1.0,1.0,815.6000000000001,815.6000000000001,702.3417699701203,7.125555555555551,0.35104105477866204,0.35104105477866204,0.24270000000000003,0.18585,0.75,0,0.0,0,0,0,0.0,2,74,0,2,1759,175.9,0,0,0,0.0,0,0.0,0,0,33,0.0,0,{},0.0,13,1.0,53,13,109,26,26,118,92,26,0,118,0,92,0,26,0,0,0,118,13,13,0,26,0,118,0,0,92,0,26,86,4,1.372093023255814,0,10,2657,14.041039399999136,11.163662000006298,0.1308578000025591,0.19849539998540422,20.222432199996547,parallel_episode_batch,pending,-0.0005732581817678043,0.00054512261946608,0.474325031042099,-0.005043946893974429,5.437892464431657e-05,0.00018601190476190475,1.0000859051942825,0.09978710984190305,0.0,0.22986622154712677,1.5613136291503906,0.2850394546985626,0.002933580195531249,0.027058692649006844,1.5583800077438354,0.29117321968078613,0.9909883737564087,5e-05,-0.3012513816356659,-0.30361562967300415,-0.20285746455192566,-0.2026192992925644,-0.20245352387428284,0.30204322934150696,-0.29939278960227966,-0.2999250888824463,-0.20131388306617737,-0.1995825469493866,-0.2012258917093277,0.01798621006309986,0.12203440815210342,0.01798621006309986,0.12021307647228241,0.0,1.5030983686447144,1.0071738958358765
320,320,64,0,64,33,train_balanced_1000064,1000064,balanced,downtime_dominant,1.0,0.0,0.0,group_anchor_0,166,166,0,0.0,166,0,0.0,0,0.0,1.7646894426873159,1.8271894426873159,-0.0625,1.7646894426873159,1.827189442687316,-2.220446049250313e-16,quality,-633.7999999999997,-355.16583721335013,-26.194722222222225,0.9999999999999997,1.0,-0.345621114625368,0.0,0.0,-0.0625,55,219.5,True,False,completed,1.0,1.0,633.7999999999997,633.7999999999997,355.16583721335013,26.194722222222225,0.3201927512349755,0.345621114625368,0.29490000000000005,0.14557920901666668,0.75,0,0.0,0,0,0,0.0,2,41,0,0,1915,191.5,0,0,0,0.0,0,0.0,0,0,21,0.0,0,{},0.0,7,0.8571428571428571,48,7,83,14,14,92,78,14,0,92,0,78,0,14,0,0,0,92,7,7,0,14,0,92,0,0,78,0,14,66,3,1.393939393939394,0,10,3524,19.99361130000034,15.008756799958064,0.11567359999753535,0.12379879999934928,26.268073100000038,parallel_episode_batch,pending,0.003921565267124346,0.00035239289374138546,0.3312188382925732,0.0007855736496691991,1.0324997544687773e-05,0.0,1.000024825334549,0.06557545762708676,0.0,0.14934128522872925,1.457999587059021,0.24729034304618835,0.0002077219687635079,0.02120989002287388,1.457791805267334,0.2514338791370392,0.9926436543464661,5e-05,-0.30123263597488403,-0.3035324513912201,-0.20280984044075012,-0.20256231725215912,-0.20236116647720337,0.30190107226371765,-0.29889997839927673,-0.29979148507118225,-0.20136940479278564,-0.19932399690151215,-0.2013489156961441,0.01798621006309986,0.12195910513401031,0.01798621006309986,0.12019834667444229,0.0,1.5031139850616455,1.00798499584198
321,321,64,1,64,33,train_balanced_1000064,1000064,balanced,downtime_dominant,0.0,1.0,0.0,group_anchor_1,159,159,0,0.0,159,0,0.0,0,0.0,1.820510170486385,1.883010170486385,-0.0625,1.820510170486385,1.8830101704863849,2.220446049250313e-16,quality,-703.5,-305.44836280731016,-12.498888888888887,0.9999999999999997,1.0,-0.23397965902723009,0.0,0.0,-0.0625,55,228.5,True,False,completed,1.0,1.0,703.5,703.5,305.44836280731016,12.498888888888887,0.2949822273660321,0.23397965902723009,0.20819999999999994,0.15291239604999998,0.75,0,0.0,0,0,0,0.0,2,32,0,0,2079,207.9,0,0,0,0.0,0,0.0,0,0,21,0.0,0,{},0.0,6,0.8333333333333334,49,6,80,12,12,66,54,12,0,66,0,54,0,12,0,0,0,66,6,5,0,11,0,66,0,0,54,0,12,52,4,1.2692307692307692,0,10,3524,19.99361130000034,15.008756799958064,0.08973730000434443,0.18450070003018482,26.268073100000038,parallel_episode_batch,pending,0.003921565267124346,0.00035239289374138546,0.3312188382925732,0.0007855736496691991,1.0324997544687773e-05,0.0,1.000024825334549,0.06557545762708676,0.0,0.14934128522872925,1.457999587059021,0.24729034304618835,0.0002077219687635079,0.02120989002287388,1.457791805267334,0.2514338791370392,0.9926436543464661,5e-05,-0.30123263597488403,-0.3035324513912201,-0.20280984044075012,-0.20256231725215912,-0.20236116647720337,0.30190107226371765,-0.29889997839927673,-0.29979148507118225,-0.20136940479278564,-0.19932399690151215,-0.2013489156961441,0.01798621006309986,0.12195910513401031,0.01798621006309986,0.12019834667444229,0.0,1.5031139850616455,1.00798499584198
322,322,64,2,64,33,train_balanced_1000064,1000064,balanced,downtime_dominant,0.0,0.0,1.0,group_anchor_2,174,174,0,0.0,174,0,0.0,0,0.0,1.8937205674370037,1.9562205674370037,-0.0625,1.8937205674370037,1.9562205674370035,2.220446049250313e-16,quality,-959.9,-450.37720020361036,-4.798055555555553,0.9999999999999997,1.0,-0.08755886512599287,0.0,0.0,-0.0625,55,218.70000000000002,True,False,completed,1.0,1.0,959.9,959.9,450.37720020361036,4.798055555555553,0.3328783905181087,0.08755886512599288,0.20160000000000006,0.15663006836666668,0.75,0,0.0,0,0,0,0.0,2,52,0,0,1928,192.8,0,0,0,0.0,0,0.0,0,0,24,0.0,0,{},0.0,9,1.0,46,9,84,18,17,67,50,17,0,67,0,50,0,17,0,0,0,67,8,8,1,15,0,67,0,0,50,0,17,46,4,1.4565217391304348,0,10,3524,19.99361130000034,15.008756799958064,0.11118480000004638,0.22203000000445172,26.268073100000038,parallel_episode_batch,pending,0.003921565267124346,0.00035239289374138546,0.3312188382925732,0.0007855736496691991,1.0324997544687773e-05,0.0,1.000024825334549,0.06557545762708676,0.0,0.14934128522872925,1.457999587059021,0.24729034304618835,0.0002077219687635079,0.02120989002287388,1.457791805267334,0.2514338791370392,0.9926436543464661,5e-05,-0.30123263597488403,-0.3035324513912201,-0.20280984044075012,-0.20256231725215912,-0.20236116647720337,0.30190107226371765,-0.29889997839927673,-0.29979148507118225,-0.20136940479278564,-0.19932399690151215,-0.2013489156961441,0.01798621006309986,0.12195910513401031,0.01798621006309986,0.12019834667444229,0.0,1.5031139850616455,1.00798499584198
323,323,64,3,64,33,train_balanced_1000064,1000064,balanced,downtime_dominant,0.3333333333333333,0.3333333333333333,0.3333333333333333,group_anchor_3,178,178,0,0.0,178,0,0.0,0,0.0,1.7884838402756396,1.8509838402756396,-0.0625,1.7884838402756396,1.8509838402756398,-2.220446049250313e-16,quality,-682.8000000000001,-449.5351279482403,-14.21138888888889,0.9999999999999997,1.0,-0.29803231944872033,0.0,0.0,-0.0625,55,234.5,True,False,completed,1.0,1.0,682.8000000000001,682.8000000000001,449.5351279482403,14.21138888888889,0.31862716798439233,0.29803231944872033,0.18510000000000004,0.12537250600000002,0.75,0,0.0,0,0,1,0.011764705882352941,2,53,0,0,1994,199.4,0,0,0,0.0,0,0.0,0,0,21,0.0,0,{},0.0,9,1.0,46,9,87,18,18,92,74,18,0,92,0,74,0,18,0,0,0,92,9,9,0,18,0,92,0,0,74,0,18,64,4,1.4375,0,10,3524,19.99361130000034,15.008756799958064,0.10243569999875035,0.13319779999437742,26.268073100000038,parallel_episode_batch,pending,0.003921565267124346,0.00035239289374138546,0.3312188382925732,0.0007855736496691991,1.0324997544687773e-05,0.0,1.000024825334549,0.06557545762708676,0.0,0.14934128522872925,1.457999587059021,0.24729034304618835,0.0002077219687635079,0.02120989002287388,1.457791805267334,0.2514338791370392,0.9926436543464661,5e-05,-0.30123263597488403,-0.3035324513912201,-0.20280984044075012,-0.20256231725215912,-0.20236116647720337,0.30190107226371765,-0.29889997839927673,-0.29979148507118225,-0.20136940479278564,-0.19932399690151215,-0.2013489156961441,0.01798621006309986,0.12195910513401031,0.01798621006309986,0.12019834667444229,0.0,1.5031139850616455,1.00798499584198
324,324,64,4,64,33,train_balanced_1000064,1000064,balanced,downtime_dominant,0.5,0.3,0.2,group_anchor_4,171,171,0,0.0,171,0,0.0,0,0.0,1.7928381136042826,1.8553381136042826,-0.0625,1.7928381136042826,1.8553381136042821,4.440892098500626e-16,quality,-698.6999999999998,-401.7309220852001,-5.355833333333332,0.9999999999999997,1.0,-0.28932377279143556,0.0,0.0,-0.0625,55,231.4,True,False,completed,1.0,1.0,698.6999999999998,698.6999999999998,401.7309220852001,5.35583333333333,0.28932377279143556,0.28932377279143556,0.16340000000000005,0.13179344328333337,0.75,0,0.0,0,0,0,0.0,2,47,0,1,2081,208.10000000000002,0,0,0,0.0,0,0.0,0,0,22,0.0,0,{},0.0,8,1.0,47,8,84,16,16,80,64,16,0,80,0,64,0,16,0,0,0,80,8,7,0,15,0,80,0,0,64,0,16,57,4,1.4035087719298245,0,10,3524,19.99361130000034,15.008756799958064,0.11002059999736957,0.19921300002897624,26.268073100000038,parallel_episode_batch,pending,0.003921565267124346,0.00035239289374138546,0.3312188382925732,0.0007855736496691991,1.0324997544687773e-05,0.0,1.000024825334549,0.06557545762708676,0.0,0.14934128522872925,1.457999587059021,0.24729034304618835,0.0002077219687635079,0.02120989002287388,1.457791805267334,0.2514338791370392,0.9926436543464661,5e-05,-0.30123263597488403,-0.3035324513912201,-0.20280984044075012,-0.20256231725215912,-0.20236116647720337,0.30190107226371765,-0.29889997839927673,-0.29979148507118225,-0.20136940479278564,-0.19932399690151215,-0.2013489156961441,0.01798621006309986,0.12195910513401031,0.01798621006309986,0.12019834667444229,0.0,1.5031139850616455,1.00798499584198
325,325,65,0,65,33,train_reconfiguration_bottleneck_1000065,1000065,reconfiguration_bottleneck,balanced_cost,1.0,0.0,0.0,group_anchor_0,295,295,0,0.0,295,0,0.0,0,0.0,1.6758127457600192,1.7383127457600192,-0.0625,1.6758127457600192,1.7383127457600192,0.0,quality,-1317.6999999999994,-1442.1010806294214,-8.632222222222223,1.0,1.0,-0.5233745084799617,0.0,0.0,-0.0625,74,188.5,True,False,completed,1.0,1.0,1317.6999999999994,1317.6999999999994,1442.1010806294214,8.632222222222223,0.4682875345343443,0.5233745084799617,0.7495856621000001,0.7008025594166668,0.75,20,0.18018018018018017,0,0,38,0.2857142857142857,1,91,1,0,1303,130.3,0,0,0,0.0,0,0.0,0,0,47,0.0,0,{},0.0,22,1.0,52,22,133,44,44,182,125,57,13,169,0,125,13,44,13,13,0,169,29,27,0,43,19,169,0,0,125,13,44,94,13,1.9361702127659575,0,10,3524,19.99361130000034,15.008756799958064,0.1465191999959643,0.21216289993026294,26.268073100000038,parallel_episode_batch,pending,0.003921565267124346,0.00035239289374138546,0.3312188382925732,0.0007855736496691991,1.0324997544687773e-05,0.0,1.000024825334549,0.06557545762708676,0.0,0.14934128522872925,1.457999587059021,0.24729034304618835,0.0002077219687635079,0.02120989002287388,1.457791805267334,0.2514338791370392,0.9926436543464661,5e-05,-0.30123263597488403,-0.3035324513912201,-0.20280984044075012,-0.20256231725215912,-0.20236116647720337,0.30190107226371765,-0.29889997839927673,-0.29979148507118225,-0.20136940479278564,-0.19932399690151215,-0.2013489156961441,0.01798621006309986,0.12195910513401031,0.01798621006309986,0.12019834667444229,0.0,1.5031139850616455,1.00798499584198
326,326,65,1,65,33,train_reconfiguration_bottleneck_1000065,1000065,reconfiguration_bottleneck,balanced_cost,0.0,1.0,0.0,group_anchor_1,543,543,0,0.0,543,0,0.0,0,0.0,1.6215391651082665,1.6840391651082665,-0.0625,1.6215391651082665,1.6840391651082665,0.0,quality,-1579.299999999998,-1716.8130202387097,-15.133333333333338,1.0,1.0,-0.6319216697834671,0.0,0.0,-0.0625,74,233.20000000000002,True,False,completed,1.0,1.0,1579.299999999998,1579.299999999998,1716.8130202387097,15.133333333333338,0.5201635860905732,0.6319216697834671,0.7495999999999946,0.7183809436833318,0.75,526,0.6052934407364787,126,126,19,0.07224334600760456,0,99,0,6,1564,156.4,0,0,0,0.0,0,0.0,0,0,46,0.0,0,{},41.2,23,0.8695652173913043,51,23,258,46,165,390,213,177,12,378,0,213,12,165,12,12,0,378,25,276,5,158,267,378,0,0,213,12,165,85,90,4.588235294117647,0,10,3524,19.99361130000034,15.008756799958064,0.14300359999469947,0.42361070008337265,26.268073100000038,parallel_episode_batch,pending,0.003921565267124346,0.00035239289374138546,0.3312188382925732,0.0007855736496691991,1.0324997544687773e-05,0.0,1.000024825334549,0.06557545762708676,0.0,0.14934128522872925,1.457999587059021,0.24729034304618835,0.0002077219687635079,0.02120989002287388,1.457791805267334,0.2514338791370392,0.9926436543464661,5e-05,-0.30123263597488403,-0.3035324513912201,-0.20280984044075012,-0.20256231725215912,-0.20236116647720337,0.30190107226371765,-0.29889997839927673,-0.29979148507118225,-0.20136940479278564,-0.19932399690151215,-0.2013489156961441,0.01798621006309986,0.12195910513401031,0.01798621006309986,0.12019834667444229,0.0,1.5031139850616455,1.00798499584198
327,327,65,2,65,33,train_reconfiguration_bottleneck_1000065,1000065,reconfiguration_bottleneck,balanced_cost,0.0,0.0,1.0,group_anchor_2,922,922,0,0.0,922,0,0.0,0,0.0,1.8990195274040056,1.9615195274040056,-0.0625,1.8990195274040056,1.961519527404004,1.5543122344752192e-15,quality,-1800.1000000000072,-1985.8336077716094,-4.168888888888879,1.0,1.0,-0.07696094519199195,0.0,0.0,-0.0625,74,237.0,True,False,completed,1.0,1.0,1800.1000000000072,1800.1000000000072,1985.8336077716094,4.168888888888879,0.5149244019770853,0.07696094519199195,0.7498826201999876,0.7207193540166626,0.75,1588,0.7146714671467147,316,316,2003,0.8781236299868479,0,106,3,4,1435,143.5,0,0,0,0.0,0,0.0,0,0,45,0.0,0,{},78.4,25,1.0,49,25,443,50,355,763,396,367,12,751,0,396,12,355,12,12,0,751,26,653,3,348,647,751,0,0,396,12,355,82,305,9.304878048780488,0,10,3524,19.99361130000034,15.008756799958064,0.154546499994467,1.3596118999485043,26.268073100000038,parallel_episode_batch,pending,0.003921565267124346,0.00035239289374138546,0.3312188382925732,0.0007855736496691991,1.0324997544687773e-05,0.0,1.000024825334549,0.06557545762708676,0.0,0.14934128522872925,1.457999587059021,0.24729034304618835,0.0002077219687635079,0.02120989002287388,1.457791805267334,0.2514338791370392,0.9926436543464661,5e-05,-0.30123263597488403,-0.3035324513912201,-0.20280984044075012,-0.20256231725215912,-0.20236116647720337,0.30190107226371765,-0.29889997839927673,-0.29979148507118225,-0.20136940479278564,-0.19932399690151215,-0.2013489156961441,0.01798621006309986,0.12195910513401031,0.01798621006309986,0.12019834667444229,0.0,1.5031139850616455,1.00798499584198
328,328,65,3,65,33,train_reconfiguration_bottleneck_1000065,1000065,reconfiguration_bottleneck,balanced_cost,0.3333333333333333,0.3333333333333333,0.3333333333333333,group_anchor_3,284,284,0,0.0,284,0,0.0,0,0.0,1.7188478248558894,1.7813478248558894,-0.0625,1.7188478248558894,1.7813478248558894,0.0,quality,-1332.1999999999996,-1300.6336109754905,-14.141388888888876,1.0,1.0,-0.43730435028822107,0.0,0.0,-0.0625,74,207.10000000000002,True,False,completed,1.0,1.0,1332.1999999999996,1332.1999999999996,1300.6336109754905,14.141388888888878,0.47674745850927697,0.43730435028822107,0.6999856621000001,0.6104887893833334,0.75,5,0.05102040816326531,0,0,86,0.3628691983122363,1,93,1,4,1515,151.5,0,0,0,0.0,0,0.0,0,0,49,0.0,0,{},0.0,20,0.95,54,20,131,40,39,147,102,45,6,141,0,102,6,39,6,6,0,141,23,19,0,36,17,141,0,0,102,6,39,90,6,1.6333333333333333,0,10,3524,19.99361130000034,15.008756799958064,0.1671762000041781,0.27496300004713703,26.268073100000038,parallel_episode_batch,pending,0.003921565267124346,0.00035239289374138546,0.3312188382925732,0.0007855736496691991,1.0324997544687773e-05,0.0,1.000024825334549,0.06557545762708676,0.0,0.14934128522872925,1.457999587059021,0.24729034304618835,0.0002077219687635079,0.02120989002287388,1.457791805267334,0.2514338791370392,0.9926436543464661,5e-05,-0.30123263597488403,-0.3035324513912201,-0.20280984044075012,-0.20256231725215912,-0.20236116647720337,0.30190107226371765,-0.29889997839927673,-0.29979148507118225,-0.20136940479278564,-0.19932399690151215,-0.2013489156961441,0.01798621006309986,0.12195910513401031,0.01798621006309986,0.12019834667444229,0.0,1.5031139850616455,1.00798499584198
329,329,65,4,65,33,train_reconfiguration_bottleneck_1000065,1000065,reconfiguration_bottleneck,balanced_cost,0.5,0.3,0.2,group_anchor_4,632,632,0,0.0,632,0,0.0,0,0.0,1.7046625317238584,1.7671625317238584,-0.0625,1.7046625317238584,1.7671625317238582,2.220446049250313e-16,quality,-1336.0999999999935,-1655.737682654206,-4.118888888888883,1.0,1.0,-0.46567493655228365,0.0,0.0,-0.0625,74,201.3,True,False,completed,1.0,1.0,1336.0999999999935,1336.0999999999935,1655.737682654206,4.118888888888884,0.46567493655228365,0.46567493655228365,0.7497999999999923,0.7218780470499945,0.75,811,0.6120754716981132,178,178,70,0.3349282296650718,0,99,2,2,1265,126.5,0,0,0,0.0,0,0.0,0,0,48,0.0,0,{},54.400000000000006,22,0.9090909090909091,52,22,299,44,215,500,276,224,9,491,0,276,9,215,9,9,0,491,24,377,3,211,360,491,0,0,276,9,215,96,110,5.208333333333333,0,10,3524,19.99361130000034,15.008756799958064,0.16186919999745442,0.45442539993382525,26.268073100000038,parallel_episode_batch,pending,0.003921565267124346,0.00035239289374138546,0.3312188382925732,0.0007855736496691991,1.0324997544687773e-05,0.0,1.000024825334549,0.06557545762708676,0.0,0.14934128522872925,1.457999587059021,0.24729034304618835,0.0002077219687635079,0.02120989002287388,1.457791805267334,0.2514338791370392,0.9926436543464661,5e-05,-0.30123263597488403,-0.3035324513912201,-0.20280984044075012,-0.20256231725215912,-0.20236116647720337,0.30190107226371765,-0.29889997839927673,-0.29979148507118225,-0.20136940479278564,-0.19932399690151215,-0.2013489156961441,0.01798621006309986,0.12195910513401031,0.01798621006309986,0.12019834667444229,0.0,1.5031139850616455,1.00798499584198
330,330,66,0,66,34,train_fatigue_bottleneck_1000066,1000066,fatigue_bottleneck,fixed_cost_dominant,1.0,0.0,0.0,group_anchor_0,294,294,0,0.0,294,0,0.0,0,0.0,1.682377969145376,1.744877969145376,-0.0625,1.682377969145376,1.7448779691453757,2.220446049250313e-16,quality,-1250.2000000000005,-1110.1663066661608,-4.668888888888882,0.9999999999999999,1.0,-0.5102440617092483,0.0,0.0,-0.0625,66,168.8,True,False,completed,1.0,1.0,1250.2000000000005,1250.2000000000005,1110.1663066661608,4.668888888888882,0.43003374806105293,0.5102440617092483,0.7497283973000002,0.6857664084166667,0.75,17,0.14049586776859505,5,5,32,0.13973799126637554,0,104,1,1,1223,122.30000000000001,0,0,0,0.0,0,0.0,0,0,40,0.0,0,{},8.700000000000001,25,0.92,41,25,130,50,48,176,114,62,14,162,0,114,14,48,14,14,0,162,28,39,2,46,24,162,0,0,114,14,48,89,10,1.9775280898876404,0,10,2445,12.591654200004996,10.11340300001757,0.13584399999672314,0.22929910001403186,18.53988560000289,parallel_episode_batch,pending,0.0014338564360514283,0.00047034465592915716,0.5113020747517928,-0.0034439909683827022,1.1416304355057386e-05,0.0,1.0000697710575202,0.07760066049507795,0.0,0.1638227105140686,1.5593795776367188,0.27658718824386597,0.006096477620303631,0.02351251430809498,1.5532829761505127,0.27455973625183105,0.9927734136581421,5e-05,-0.30110853910446167,-0.30370521545410156,-0.20287713408470154,-0.2026767134666443,-0.20249328017234802,0.3018141984939575,-0.2986447215080261,-0.2995440363883972,-0.20127743482589722,-0.19915029406547546,-0.2012161761522293,0.01798621006309986,0.12206029146909714,0.01798621006309986,0.12018700689077377,0.0,1.5027477741241455,1.0081756114959717
331,331,66,1,66,34,train_fatigue_bottleneck_1000066,1000066,fatigue_bottleneck,fixed_cost_dominant,0.0,1.0,0.0,group_anchor_1,235,235,0,0.0,235,0,0.0,0,0.0,1.7410543539345675,1.8035543539345675,-0.0625,1.7410543539345675,1.8035543539345675,0.0,quality,-1483.0999999999992,-647.1514689846199,-6.766666666666665,0.9999999999999999,1.0,-0.3928912921308651,0.0,0.0,-0.0625,66,170.3,True,False,completed,1.0,1.0,1483.0999999999992,1483.0999999999992,647.1514689846199,6.766666666666665,0.4180857396375538,0.3928912921308651,0.39532839729999997,0.3471914196833333,0.75,0,0.0,0,0,10,0.022935779816513763,1,76,1,7,1400,140.0,0,0,0,0.0,0,0.0,0,0,44,0.0,0,{},0.0,15,0.9333333333333333,51,15,111,30,28,94,63,31,3,91,0,63,3,28,3,3,0,91,12,13,0,22,2,91,0,0,63,3,28,62,5,1.5161290322580645,0,10,2445,12.591654200004996,10.11340300001757,0.12619119999726536,0.3689341999197495,18.53988560000289,parallel_episode_batch,pending,0.0014338564360514283,0.00047034465592915716,0.5113020747517928,-0.0034439909683827022,1.1416304355057386e-05,0.0,1.0000697710575202,0.07760066049507795,0.0,0.1638227105140686,1.5593795776367188,0.27658718824386597,0.006096477620303631,0.02351251430809498,1.5532829761505127,0.27455973625183105,0.9927734136581421,5e-05,-0.30110853910446167,-0.30370521545410156,-0.20287713408470154,-0.2026767134666443,-0.20249328017234802,0.3018141984939575,-0.2986447215080261,-0.2995440363883972,-0.20127743482589722,-0.19915029406547546,-0.2012161761522293,0.01798621006309986,0.12206029146909714,0.01798621006309986,0.12018700689077377,0.0,1.5027477741241455,1.0081756114959717
332,332,66,2,66,34,train_fatigue_bottleneck_1000066,1000066,fatigue_bottleneck,fixed_cost_dominant,0.0,0.0,1.0,group_anchor_2,258,258,0,0.0,258,0,0.0,0,0.0,1.8849139473841199,1.9474139473841199,-0.0625,1.8849139473841199,1.9474139473841199,0.0,quality,-1252.2000000000003,-847.73954966127,-5.876666666666665,0.9999999999999999,1.0,-0.10517210523176039,0.0,0.0,-0.0625,66,136.6,True,False,completed,1.0,1.0,1252.2000000000003,1252.2000000000003,847.73954966127,5.876666666666665,0.41399562810554186,0.1051721052317604,0.7022475244,0.54694974175,0.75,3,0.03125,0,0,11,0.05365853658536585,1,92,0,0,965,96.5,0,0,0,0.0,0,0.0,0,0,43,0.0,0,{},0.0,20,0.9,46,20,116,40,36,121,79,42,6,115,0,79,6,36,6,6,0,115,20,19,2,31,2,115,0,0,79,6,36,74,7,1.635135135135135,0,10,2445,12.591654200004996,10.11340300001757,0.1132108000019798,0.22010360003332607,18.53988560000289,parallel_episode_batch,pending,0.0014338564360514283,0.00047034465592915716,0.5113020747517928,-0.0034439909683827022,1.1416304355057386e-05,0.0,1.0000697710575202,0.07760066049507795,0.0,0.1638227105140686,1.5593795776367188,0.27658718824386597,0.006096477620303631,0.02351251430809498,1.5532829761505127,0.27455973625183105,0.9927734136581421,5e-05,-0.30110853910446167,-0.30370521545410156,-0.20287713408470154,-0.2026767134666443,-0.20249328017234802,0.3018141984939575,-0.2986447215080261,-0.2995440363883972,-0.20127743482589722,-0.19915029406547546,-0.2012161761522293,0.01798621006309986,0.12206029146909714,0.01798621006309986,0.12018700689077377,0.0,1.5027477741241455,1.0081756114959717
333,333,66,3,66,34,train_fatigue_bottleneck_1000066,1000066,fatigue_bottleneck,fixed_cost_dominant,0.3333333333333333,0.3333333333333333,0.3333333333333333,group_anchor_3,291,291,0,0.0,291,0,0.0,0,0.0,1.7326289565241015,1.7951289565241015,-0.0625,1.7326289565241015,1.7951289565241015,0.0,quality,-1383.4,-1067.3564744918995,-10.785833333333342,0.9999999999999999,1.0,-0.4097420869517971,0.0,0.0,-0.0625,66,172.20000000000002,True,False,completed,1.0,1.0,1383.4,1383.4,1067.3564744918995,10.785833333333342,0.45812305800682396,0.4097420869517971,0.7414248179999999,0.6543830750833334,0.75,8,0.06611570247933884,0,0,19,0.05093833780160858,1,113,2,4,1326,132.6,0,0,0,0.0,0,0.0,0,0,40,0.0,0,{},0.0,25,0.92,41,25,132,50,43,141,92,49,6,135,0,92,6,43,6,6,0,135,24,24,3,39,10,135,0,0,92,6,43,80,10,1.7625,0,10,2445,12.591654200004996,10.11340300001757,0.1284317000026931,0.3077729000142426,18.53988560000289,parallel_episode_batch,pending,0.0014338564360514283,0.00047034465592915716,0.5113020747517928,-0.0034439909683827022,1.1416304355057386e-05,0.0,1.0000697710575202,0.07760066049507795,0.0,0.1638227105140686,1.5593795776367188,0.27658718824386597,0.006096477620303631,0.02351251430809498,1.5532829761505127,0.27455973625183105,0.9927734136581421,5e-05,-0.30110853910446167,-0.30370521545410156,-0.20287713408470154,-0.2026767134666443,-0.20249328017234802,0.3018141984939575,-0.2986447215080261,-0.2995440363883972,-0.20127743482589722,-0.19915029406547546,-0.2012161761522293,0.01798621006309986,0.12206029146909714,0.01798621006309986,0.12018700689077377,0.0,1.5027477741241455,1.0081756114959717
334,334,66,4,66,34,train_fatigue_bottleneck_1000066,1000066,fatigue_bottleneck,fixed_cost_dominant,0.5,0.3,0.2,group_anchor_4,246,246,0,0.0,246,0,0.0,0,0.0,1.7447515825978455,1.8072515825978455,-0.0625,1.7447515825978455,1.807251582597845,4.440892098500626e-16,quality,-1175.2,-776.9328311777795,-1.7966666666666675,0.9999999999999999,1.0,-0.38549683480430985,0.0,0.0,-0.0625,66,146.3,True,False,completed,1.0,1.0,1175.2,1175.2,776.9328311777795,1.7966666666666675,0.38549683480430985,0.38549683480430985,0.7347475244000001,0.5334164084166667,0.75,1,0.011235955056179775,0,0,11,0.06432748538011696,1,88,0,2,1083,108.30000000000001,0,0,0,0.0,0,0.0,0,0,46,0.0,0,{},0.0,18,0.9444444444444444,48,18,115,36,29,118,86,32,3,115,0,86,3,29,3,3,0,115,16,16,4,25,1,115,0,0,86,3,29,75,8,1.5733333333333333,0,10,2445,12.591654200004996,10.11340300001757,0.12929150000127265,0.2697401000186801,18.53988560000289,parallel_episode_batch,pending,0.0014338564360514283,0.00047034465592915716,0.5113020747517928,-0.0034439909683827022,1.1416304355057386e-05,0.0,1.0000697710575202,0.07760066049507795,0.0,0.1638227105140686,1.5593795776367188,0.27658718824386597,0.006096477620303631,0.02351251430809498,1.5532829761505127,0.27455973625183105,0.9927734136581421,5e-05,-0.30110853910446167,-0.30370521545410156,-0.20287713408470154,-0.2026767134666443,-0.20249328017234802,0.3018141984939575,-0.2986447215080261,-0.2995440363883972,-0.20127743482589722,-0.19915029406547546,-0.2012161761522293,0.01798621006309986,0.12206029146909714,0.01798621006309986,0.12018700689077377,0.0,1.5027477741241455,1.0081756114959717
335,335,67,0,67,34,train_balanced_1000067,1000067,balanced,balanced_cost,1.0,0.0,0.0,group_anchor_0,243,243,0,0.0,243,0,0.0,0,0.0,1.73369390827862,1.79619390827862,-0.0625,1.73369390827862,1.7961939082786198,2.220446049250313e-16,quality,-825.6999999999997,-659.6329257405307,-21.388888888888886,1.0000000000000002,1.0,-0.4076121834427604,0.0,0.0,-0.0625,66,204.8,True,False,completed,1.0,1.0,825.6999999999997,825.6999999999997,659.6329257405307,21.388888888888886,0.3829654072191918,0.4076121834427604,0.25820000000000004,0.17931397498333335,0.75,0,0.0,0,0,0,0.0,1,82,0,0,1580,158.0,0,0,0,0.0,0,0.0,0,0,27,0.0,0,{},0.0,16,0.9375,50,16,113,32,32,141,105,36,4,137,0,105,4,32,4,4,0,137,17,18,0,31,0,137,0,0,105,4,32,87,12,1.6206896551724137,0,10,2445,12.591654200004996,10.11340300001757,0.14941669999825535,0.22328829993057298,18.53988560000289,parallel_episode_batch,pending,0.0014338564360514283,0.00047034465592915716,0.5113020747517928,-0.0034439909683827022,1.1416304355057386e-05,0.0,1.0000697710575202,0.07760066049507795,0.0,0.1638227105140686,1.5593795776367188,0.27658718824386597,0.006096477620303631,0.02351251430809498,1.5532829761505127,0.27455973625183105,0.9927734136581421,5e-05,-0.30110853910446167,-0.30370521545410156,-0.20287713408470154,-0.2026767134666443,-0.20249328017234802,0.3018141984939575,-0.2986447215080261,-0.2995440363883972,-0.20127743482589722,-0.19915029406547546,-0.2012161761522293,0.01798621006309986,0.12206029146909714,0.01798621006309986,0.12018700689077377,0.0,1.5027477741241455,1.0081756114959717
336,336,67,1,67,34,train_balanced_1000067,1000067,balanced,balanced_cost,0.0,1.0,0.0,group_anchor_1,227,227,0,0.0,227,0,0.0,0,0.0,1.750915940926161,1.813415940926161,-0.0625,1.750915940926161,1.813415940926161,0.0,quality,-934.4999999999998,-595.3240876085403,-9.579999999999998,1.0000000000000002,1.0,-0.373168118147678,0.0,0.0,-0.0625,66,204.5,True,False,completed,1.0,1.0,934.4999999999998,934.4999999999998,595.3240876085403,9.579999999999998,0.36301260240029914,0.373168118147678,0.2136,0.16346666666666668,0.75,0,0.0,0,0,0,0.0,1,79,0,1,1608,160.8,0,0,0,0.0,0,0.0,0,0,26,0.0,0,{},0.0,14,0.9285714285714286,52,14,109,28,24,107,81,26,2,105,0,81,2,24,2,2,0,105,12,13,1,22,0,105,0,0,81,2,24,74,5,1.445945945945946,0,10,2445,12.591654200004996,10.11340300001757,0.16753159999643685,0.32363580005039694,18.53988560000289,parallel_episode_batch,pending,0.0014338564360514283,0.00047034465592915716,0.5113020747517928,-0.0034439909683827022,1.1416304355057386e-05,0.0,1.0000697710575202,0.07760066049507795,0.0,0.1638227105140686,1.5593795776367188,0.27658718824386597,0.006096477620303631,0.02351251430809498,1.5532829761505127,0.27455973625183105,0.9927734136581421,5e-05,-0.30110853910446167,-0.30370521545410156,-0.20287713408470154,-0.2026767134666443,-0.20249328017234802,0.3018141984939575,-0.2986447215080261,-0.2995440363883972,-0.20127743482589722,-0.19915029406547546,-0.2012161761522293,0.01798621006309986,0.12206029146909714,0.01798621006309986,0.12018700689077377,0.0,1.5027477741241455,1.0081756114959717
337,337,67,2,67,34,train_balanced_1000067,1000067,balanced,balanced_cost,0.0,0.0,1.0,group_anchor_2,212,212,0,0.0,212,0,0.0,0,0.0,1.9187808487655147,1.9812808487655147,-0.0625,1.9187808487655147,1.9812808487655147,0.0,quality,-1062.6,-467.9927136847601,-1.9447222222222227,1.0000000000000002,1.0,-0.03743830246897076,0.0,0.0,-0.0625,66,215.3,True,False,completed,1.0,1.0,1062.6,1062.6,467.9927136847601,1.9447222222222227,0.33794532370944513,0.03743830246897076,0.22790000000000005,0.1876333333333334,0.75,0,0.0,0,0,0,0.0,1,59,0,2,1892,189.20000000000002,0,0,0,0.0,0,0.0,0,0,35,0.0,0,{},0.0,11,0.9090909090909091,55,11,104,22,20,78,57,21,1,77,0,57,1,20,1,1,0,77,10,10,2,17,0,77,0,0,57,1,20,52,5,1.5,0,10,2445,12.591654200004996,10.11340300001757,0.14955300000292482,0.39363790001516463,18.53988560000289,parallel_episode_batch,pending,0.0014338564360514283,0.00047034465592915716,0.5113020747517928,-0.0034439909683827022,1.1416304355057386e-05,0.0,1.0000697710575202,0.07760066049507795,0.0,0.1638227105140686,1.5593795776367188,0.27658718824386597,0.006096477620303631,0.02351251430809498,1.5532829761505127,0.27455973625183105,0.9927734136581421,5e-05,-0.30110853910446167,-0.30370521545410156,-0.20287713408470154,-0.2026767134666443,-0.20249328017234802,0.3018141984939575,-0.2986447215080261,-0.2995440363883972,-0.20127743482589722,-0.19915029406547546,-0.2012161761522293,0.01798621006309986,0.12206029146909714,0.01798621006309986,0.12018700689077377,0.0,1.5027477741241455,1.0081756114959717
338,338,67,3,67,34,train_balanced_1000067,1000067,balanced,balanced_cost,0.3333333333333333,0.3333333333333333,0.3333333333333333,group_anchor_3,232,232,0,0.0,232,0,0.0,0,0.0,1.8033477650055012,1.8658477650055012,-0.0625,1.8033477650055012,1.8658477650055008,4.440892098500626e-16,quality,-836.0999999999998,-575.8884351250105,-1.484722222222223,1.0000000000000002,1.0,-0.2683044699889985,0.0,0.0,-0.0625,66,204.60000000000002,True,False,completed,1.0,1.0,836.0999999999998,836.0999999999998,575.8884351250105,1.4847222222222225,0.3207178085956067,0.2683044699889985,0.18200000000000002,0.15170000000000003,0.75,0,0.0,0,0,0,0.0,2,79,0,1,1677,167.70000000000002,0,0,0,0.0,0,0.0,0,0,30,0.0,0,{},0.0,14,0.9285714285714286,52,14,110,28,28,110,82,28,0,110,0,82,0,28,0,0,0,110,14,13,0,27,0,110,0,0,82,0,28,72,5,1.5277777777777777,0,10,2445,12.591654200004996,10.11340300001757,0.16648960000020452,0.2562178999578464,18.53988560000289,parallel_episode_batch,pending,0.0014338564360514283,0.00047034465592915716,0.5113020747517928,-0.0034439909683827022,1.1416304355057386e-05,0.0,1.0000697710575202,0.07760066049507795,0.0,0.1638227105140686,1.5593795776367188,0.27658718824386597,0.006096477620303631,0.02351251430809498,1.5532829761505127,0.27455973625183105,0.9927734136581421,5e-05,-0.30110853910446167,-0.30370521545410156,-0.20287713408470154,-0.2026767134666443,-0.20249328017234802,0.3018141984939575,-0.2986447215080261,-0.2995440363883972,-0.20127743482589722,-0.19915029406547546,-0.2012161761522293,0.01798621006309986,0.12206029146909714,0.01798621006309986,0.12018700689077377,0.0,1.5027477741241455,1.0081756114959717
339,339,67,4,67,34,train_balanced_1000067,1000067,balanced,balanced_cost,0.5,0.3,0.2,group_anchor_4,207,207,0,0.0,207,0,0.0,0,0.0,1.7775137325638308,1.8400137325638308,-0.0625,1.7775137325638308,1.8400137325638306,2.220446049250313e-16,quality,-823.4,-414.44259953756995,-8.343333333333334,1.0000000000000002,1.0,-0.3199725348723388,0.0,0.0,-0.0625,66,213.10000000000002,True,False,completed,1.0,1.0,823.4,823.4,414.44259953756995,8.343333333333334,0.3199725348723388,0.3199725348723388,0.19920000000000002,0.16046397498333334,0.75,0,0.0,0,0,0,0.0,2,53,0,1,1839,183.9,0,0,0,0.0,0,0.0,0,0,23,0.0,0,{},0.0,10,1.0,56,10,101,20,20,102,82,20,0,102,0,82,0,20,0,0,0,102,10,9,0,19,0,102,0,0,82,0,20,75,4,1.36,0,10,2445,12.591654200004996,10.11340300001757,0.1388918000011472,0.18762090001109755,18.53988560000289,parallel_episode_batch,pending,0.0014338564360514283,0.00047034465592915716,0.5113020747517928,-0.0034439909683827022,1.1416304355057386e-05,0.0,1.0000697710575202,0.07760066049507795,0.0,0.1638227105140686,1.5593795776367188,0.27658718824386597,0.006096477620303631,0.02351251430809498,1.5532829761505127,0.27455973625183105,0.9927734136581421,5e-05,-0.30110853910446167,-0.30370521545410156,-0.20287713408470154,-0.2026767134666443,-0.20249328017234802,0.3018141984939575,-0.2986447215080261,-0.2995440363883972,-0.20127743482589722,-0.19915029406547546,-0.2012161761522293,0.01798621006309986,0.12206029146909714,0.01798621006309986,0.12018700689077377,0.0,1.5027477741241455,1.0081756114959717
340,340,68,0,68,35,train_reconfiguration_bottleneck_1000068,1000068,reconfiguration_bottleneck,fixed_cost_dominant,1.0,0.0,0.0,group_anchor_0,294,294,0,0.0,294,0,0.0,0,0.0,1.6838458696009195,1.7463458696009195,-0.0625,1.6838458696009195,1.7463458696009198,-2.220446049250313e-16,quality,-1235.6,-965.1903624642806,-1.3913888888888881,1.0000000000000002,1.0,-0.5073082607981606,0.0,0.0,-0.0625,84,188.60000000000002,True,False,completed,1.0,1.0,1235.6,1235.6,965.1903624642806,1.3913888888888877,0.4064120352664962,0.5073082607981606,0.5032000000000003,0.44221744206666685,0.75,0,0.0,0,0,0,0.0,2,107,0,0,1372,137.20000000000002,0,0,0,0.0,0,0.0,0,0,49,0.0,0,{},0.0,19,1.0,65,19,134,38,38,159,121,38,0,159,0,121,0,38,0,0,0,159,19,19,0,38,0,159,0,0,121,0,38,107,6,1.485981308411215,0,10,2907,16.49327849999827,12.549418999973568,0.3582663999986835,0.18328059994382784,24.939744399998744,parallel_episode_batch,pending,-0.00028058442631331474,0.00047183707837298835,0.5410107876295629,-0.005454772939075432,7.982160752354037e-06,0.0,1.0000057596227396,0.10373044406752223,0.0,0.30683401226997375,1.511515498161316,0.22255393862724304,0.013822977431118488,0.022903645411133766,1.4976924657821655,0.22421427071094513,0.9894089698791504,5e-05,-0.30119025707244873,-0.30364546179771423,-0.20288453996181488,-0.20263713598251343,-0.20247280597686768,0.3018825650215149,-0.2986701726913452,-0.2996021509170532,-0.20122288167476654,-0.1991448849439621,-0.201198548078537,0.01798621006309986,0.12207094579935074,0.01798621006309986,0.12020087987184525,0.0,1.5030516386032104,1.0084664821624756
341,341,68,1,68,35,train_reconfiguration_bottleneck_1000068,1000068,reconfiguration_bottleneck,fixed_cost_dominant,0.0,1.0,0.0,group_anchor_1,281,281,0,0.0,281,0,0.0,0,0.0,1.70094042066862,1.76344042066862,-0.0625,1.70094042066862,1.76344042066862,0.0,quality,-1370.3999999999999,-897.9623503902104,-30.45222222222223,1.0000000000000002,1.0,-0.4731191586627598,0.0,0.0,-0.0625,84,204.5,True,False,completed,1.0,1.0,1370.3999999999999,1370.3999999999999,897.9623503902104,30.45222222222223,0.4842116690206558,0.4731191586627598,0.6360000000000001,0.46665077540000016,0.75,1,0.011904761904761904,0,0,0,0.0,1,83,0,3,1623,162.3,0,0,0,0.0,0,0.0,0,0,50,0.0,0,{},0.0,17,0.8235294117647058,67,17,133,34,30,119,88,31,1,118,0,88,1,30,1,1,0,118,16,16,2,29,1,118,0,0,88,1,30,82,5,1.451219512195122,0,10,2907,16.49327849999827,12.549418999973568,0.359553499998583,0.24509430002217414,24.939744399998744,parallel_episode_batch,pending,-0.00028058442631331474,0.00047183707837298835,0.5410107876295629,-0.005454772939075432,7.982160752354037e-06,0.0,1.0000057596227396,0.10373044406752223,0.0,0.30683401226997375,1.511515498161316,0.22255393862724304,0.013822977431118488,0.022903645411133766,1.4976924657821655,0.22421427071094513,0.9894089698791504,5e-05,-0.30119025707244873,-0.30364546179771423,-0.20288453996181488,-0.20263713598251343,-0.20247280597686768,0.3018825650215149,-0.2986701726913452,-0.2996021509170532,-0.20122288167476654,-0.1991448849439621,-0.201198548078537,0.01798621006309986,0.12207094579935074,0.01798621006309986,0.12020087987184525,0.0,1.5030516386032104,1.0084664821624756
342,342,68,2,68,35,train_reconfiguration_bottleneck_1000068,1000068,reconfiguration_bottleneck,fixed_cost_dominant,0.0,0.0,1.0,group_anchor_2,334,334,0,0.0,334,0,0.0,0,0.0,1.8798800044237995,1.9423800044237995,-0.06250000000000003,1.8798800044237995,1.9423800044238,-4.440892098500626e-16,quality,-1599.8000000000002,-1332.2158445827283,-6.512500000000008,1.0000000000000002,1.0,-0.11523999115240005,0.0,0.0,-0.06250000000000003,84,207.3,True,False,completed,1.0,1.0,1599.8000000000002,1599.8000000000002,1332.2158445827283,6.512500000000007,0.4801139427424716,0.11523999115240002,0.7275,0.6738507753999999,0.75,8,0.06557377049180328,2,2,9,0.036585365853658534,0,114,0,7,1410,141.0,0,0,0,0.0,0,0.0,0,0,50,0.0,0,{},1.9000000000000001,25,0.96,59,25,153,50,47,166,107,59,12,154,0,107,12,47,12,12,0,154,28,29,1,42,5,154,0,0,107,12,47,95,12,1.7473684210526317,0,10,2907,16.49327849999827,12.549418999973568,0.33067250000021886,0.2849319000233663,24.939744399998744,parallel_episode_batch,pending,-0.00028058442631331474,0.00047183707837298835,0.5410107876295629,-0.005454772939075432,7.982160752354037e-06,0.0,1.0000057596227396,0.10373044406752223,0.0,0.30683401226997375,1.511515498161316,0.22255393862724304,0.013822977431118488,0.022903645411133766,1.4976924657821655,0.22421427071094513,0.9894089698791504,5e-05,-0.30119025707244873,-0.30364546179771423,-0.20288453996181488,-0.20263713598251343,-0.20247280597686768,0.3018825650215149,-0.2986701726913452,-0.2996021509170532,-0.20122288167476654,-0.1991448849439621,-0.201198548078537,0.01798621006309986,0.12207094579935074,0.01798621006309986,0.12020087987184525,0.0,1.5030516386032104,1.0084664821624756
343,343,68,3,68,35,train_reconfiguration_bottleneck_1000068,1000068,reconfiguration_bottleneck,fixed_cost_dominant,0.3333333333333333,0.3333333333333333,0.3333333333333333,group_anchor_3,311,311,0,0.0,311,0,0.0,0,0.0,1.679865039765837,1.742365039765837,-0.0625,1.679865039765837,1.7423650397658375,-4.440892098500626e-16,quality,-1340.2,-1116.0901158891804,-48.190000000000005,1.0000000000000002,1.0,-0.515269920468325,0.0,0.0,-0.0625,84,208.10000000000002,True,False,completed,1.0,1.0,1340.2,1340.2,1116.0901158891804,48.190000000000005,0.520183861326601,0.515269920468325,0.7425204045,0.5086007754,0.75,9,0.08653846153846154,2,2,7,0.03910614525139665,0,95,2,5,1599,159.9,0,0,0,0.0,0,0.0,0,0,41,0.0,0,{},1.1,21,1.0,63,21,146,42,39,151,104,47,8,143,0,104,8,39,8,8,0,143,21,27,1,37,11,143,0,0,104,8,39,85,6,1.776470588235294,0,10,2907,16.49327849999827,12.549418999973568,0.3703786999976728,0.2529347999734455,24.939744399998744,parallel_episode_batch,pending,-0.00028058442631331474,0.00047183707837298835,0.5410107876295629,-0.005454772939075432,7.982160752354037e-06,0.0,1.0000057596227396,0.10373044406752223,0.0,0.30683401226997375,1.511515498161316,0.22255393862724304,0.013822977431118488,0.022903645411133766,1.4976924657821655,0.22421427071094513,0.9894089698791504,5e-05,-0.30119025707244873,-0.30364546179771423,-0.20288453996181488,-0.20263713598251343,-0.20247280597686768,0.3018825650215149,-0.2986701726913452,-0.2996021509170532,-0.20122288167476654,-0.1991448849439621,-0.201198548078537,0.01798621006309986,0.12207094579935074,0.01798621006309986,0.12020087987184525,0.0,1.5030516386032104,1.0084664821624756
344,344,68,4,68,35,train_reconfiguration_bottleneck_1000068,1000068,reconfiguration_bottleneck,fixed_cost_dominant,0.5,0.3,0.2,group_anchor_4,320,320,0,0.0,320,0,0.0,0,0.0,1.6736141606067716,1.7361141606067716,-0.0625,1.6736141606067716,1.7361141606067712,4.440892098500626e-16,quality,-1428.6000000000001,-1235.4173743523008,-41.10222222222225,1.0000000000000002,1.0,-0.5277716787864576,0.0,0.0,-0.0625,84,213.4,True,False,completed,1.0,1.0,1428.6000000000001,1428.6000000000001,1235.4173743523008,41.10222222222225,0.5277716787864576,0.5277716787864576,0.7499999999999998,0.6020145147500001,0.75,16,0.13675213675213677,2,2,20,0.09852216748768473,0,101,3,1,1620,162.0,0,0,0,0.0,0,0.0,0,0,51,0.0,0,{},1.6,23,1.0,61,23,147,46,43,172,118,54,11,161,0,118,11,43,11,11,0,161,28,28,3,40,18,161,0,0,118,11,43,98,10,1.7551020408163265,0,10,2907,16.49327849999827,12.549418999973568,0.37429799999517854,0.3344889999352745,24.939744399998744,parallel_episode_batch,pending,-0.00028058442631331474,0.00047183707837298835,0.5410107876295629,-0.005454772939075432,7.982160752354037e-06,0.0,1.0000057596227396,0.10373044406752223,0.0,0.30683401226997375,1.511515498161316,0.22255393862724304,0.013822977431118488,0.022903645411133766,1.4976924657821655,0.22421427071094513,0.9894089698791504,5e-05,-0.30119025707244873,-0.30364546179771423,-0.20288453996181488,-0.20263713598251343,-0.20247280597686768,0.3018825650215149,-0.2986701726913452,-0.2996021509170532,-0.20122288167476654,-0.1991448849439621,-0.201198548078537,0.01798621006309986,0.12207094579935074,0.01798621006309986,0.12020087987184525,0.0,1.5030516386032104,1.0084664821624756
345,345,69,0,69,35,train_worker_bottleneck_1000069,1000069,worker_bottleneck,fixed_cost_dominant,1.0,0.0,0.0,group_anchor_0,283,283,0,0.0,283,0,0.0,0,0.0,1.6584212415773778,1.7209212415773778,-0.06249999999999997,1.6584212415773778,1.7209212415773778,0.0,quality,-1515.8999999999996,-855.6632063738499,-7.522222222222219,1.0,1.0,-0.5581575168452446,0.0,0.0,-0.06249999999999997,76,167.0,True,False,completed,1.0,1.0,1515.8999999999996,1515.8999999999996,855.6632063738499,7.522222222222219,0.44356563423526546,0.5581575168452446,0.5945667687000001,0.4563001475333334,0.75,0,0.0,0,0,15,0.0967741935483871,1,97,2,0,1350,135.0,0,0,0,0.0,0,0.0,0,0,48,0.0,0,{},0.0,21,0.9047619047619048,55,21,126,42,39,169,123,46,7,162,0,123,7,39,7,7,0,162,24,23,2,38,3,162,0,0,123,7,39,105,6,1.6095238095238096,0,10,2907,16.49327849999827,12.549418999973568,1.10284290000709,0.2744061000121292,24.939744399998744,parallel_episode_batch,pending,-0.00028058442631331474,0.00047183707837298835,0.5410107876295629,-0.005454772939075432,7.982160752354037e-06,0.0,1.0000057596227396,0.10373044406752223,0.0,0.30683401226997375,1.511515498161316,0.22255393862724304,0.013822977431118488,0.022903645411133766,1.4976924657821655,0.22421427071094513,0.9894089698791504,5e-05,-0.30119025707244873,-0.30364546179771423,-0.20288453996181488,-0.20263713598251343,-0.20247280597686768,0.3018825650215149,-0.2986701726913452,-0.2996021509170532,-0.20122288167476654,-0.1991448849439621,-0.201198548078537,0.01798621006309986,0.12207094579935074,0.01798621006309986,0.12020087987184525,0.0,1.5030516386032104,1.0084664821624756
346,346,69,1,69,35,train_worker_bottleneck_1000069,1000069,worker_bottleneck,fixed_cost_dominant,0.0,1.0,0.0,group_anchor_1,243,243,0,0.0,243,0,0.0,0,0.0,1.7567037700539465,1.8192037700539465,-0.0625,1.7567037700539465,1.8192037700539465,0.0,quality,-2184.6000000000004,-566.3975394635797,-15.665555555555564,1.0,1.0,-0.36159245989210714,0.0,0.0,-0.0625,76,219.0,True,False,completed,1.0,1.0,2184.6000000000004,2184.6000000000004,566.3975394635797,15.665555555555564,0.47891736418123293,0.36159245989210714,0.42676206699999997,0.3462334808666667,0.75,0,0.0,0,0,15,0.017123287671232876,1,58,1,2,1962,196.20000000000002,0,0,0,0.0,0,0.0,0,0,42,0.0,0,{},0.0,14,0.9285714285714286,62,14,115,28,24,95,66,29,5,90,0,66,5,24,5,5,0,90,16,16,3,24,3,90,0,0,66,5,24,58,6,1.6379310344827587,0,10,2907,16.49327849999827,12.549418999973568,1.0436382999978377,0.6586628000150085,24.939744399998744,parallel_episode_batch,pending,-0.00028058442631331474,0.00047183707837298835,0.5410107876295629,-0.005454772939075432,7.982160752354037e-06,0.0,1.0000057596227396,0.10373044406752223,0.0,0.30683401226997375,1.511515498161316,0.22255393862724304,0.013822977431118488,0.022903645411133766,1.4976924657821655,0.22421427071094513,0.9894089698791504,5e-05,-0.30119025707244873,-0.30364546179771423,-0.20288453996181488,-0.20263713598251343,-0.20247280597686768,0.3018825650215149,-0.2986701726913452,-0.2996021509170532,-0.20122288167476654,-0.1991448849439621,-0.201198548078537,0.01798621006309986,0.12207094579935074,0.01798621006309986,0.12020087987184525,0.0,1.5030516386032104,1.0084664821624756
347,347,69,2,69,35,train_worker_bottleneck_1000069,1000069,worker_bottleneck,fixed_cost_dominant,0.0,0.0,1.0,group_anchor_2,301,301,0,0.0,301,0,0.0,0,0.0,1.9293435937371914,1.9918435937371914,-0.0625,1.9293435937371914,1.9918435937371917,-2.220446049250313e-16,quality,-1734.9000000000003,-905.5356376477991,-0.8291666666666687,1.0,1.0,-0.01631281252561689,0.0,0.0,-0.0625,76,188.60000000000002,True,False,completed,1.0,1.0,1734.9000000000003,1734.9000000000003,905.5356376477991,0.8291666666666687,0.44139024757140977,0.016312812525616893,0.6208620670000001,0.48930014753333345,0.75,0,0.0,1,1,22,0.049886621315192746,0,113,0,4,1471,147.1,0,0,0,0.0,0,0.0,0,0,42,0.0,0,{},1.8,23,1.0,53,23,137,46,42,126,80,46,4,122,0,80,4,42,4,4,0,122,18,27,4,36,0,122,0,0,80,4,42,77,5,1.6363636363636365,0,10,2907,16.49327849999827,12.549418999973568,1.094868200001656,0.5159893001473392,24.939744399998744,parallel_episode_batch,pending,-0.00028058442631331474,0.00047183707837298835,0.5410107876295629,-0.005454772939075432,7.982160752354037e-06,0.0,1.0000057596227396,0.10373044406752223,0.0,0.30683401226997375,1.511515498161316,0.22255393862724304,0.013822977431118488,0.022903645411133766,1.4976924657821655,0.22421427071094513,0.9894089698791504,5e-05,-0.30119025707244873,-0.30364546179771423,-0.20288453996181488,-0.20263713598251343,-0.20247280597686768,0.3018825650215149,-0.2986701726913452,-0.2996021509170532,-0.20122288167476654,-0.1991448849439621,-0.201198548078537,0.01798621006309986,0.12207094579935074,0.01798621006309986,0.12020087987184525,0.0,1.5030516386032104,1.0084664821624756
348,348,69,3,69,35,train_worker_bottleneck_1000069,1000069,worker_bottleneck,fixed_cost_dominant,0.3333333333333333,0.3333333333333333,0.3333333333333333,group_anchor_3,261,261,0,0.0,261,0,0.0,0,0.0,1.7572436306319594,1.8197436306319594,-0.0625,1.7572436306319594,1.8197436306319592,2.220446049250313e-16,quality,-1550.9000000000003,-640.7207228163203,-7.289999999999996,1.0,1.0,-0.3605127387360815,0.0,0.0,-0.0625,76,151.70000000000002,True,False,completed,1.0,1.0,1550.9000000000003,1550.9000000000003,640.7207228163203,7.289999999999996,0.42449255641827904,0.3605127387360815,0.44026206700000003,0.31736681420000007,0.75,0,0.0,0,0,23,0.06406685236768803,1,71,2,5,1314,131.4,0,0,0,0.0,0,0.0,0,0,46,0.0,0,{},0.0,16,0.9375,60,16,124,32,29,118,84,34,5,113,0,84,5,29,5,5,0,113,17,18,2,28,1,113,0,0,84,5,29,74,4,1.5945945945945945,0,10,2907,16.49327849999827,12.549418999973568,1.0755314999987604,0.37283729989576386,24.939744399998744,parallel_episode_batch,pending,-0.00028058442631331474,0.00047183707837298835,0.5410107876295629,-0.005454772939075432,7.982160752354037e-06,0.0,1.0000057596227396,0.10373044406752223,0.0,0.30683401226997375,1.511515498161316,0.22255393862724304,0.013822977431118488,0.022903645411133766,1.4976924657821655,0.22421427071094513,0.9894089698791504,5e-05,-0.30119025707244873,-0.30364546179771423,-0.20288453996181488,-0.20263713598251343,-0.20247280597686768,0.3018825650215149,-0.2986701726913452,-0.2996021509170532,-0.20122288167476654,-0.1991448849439621,-0.201198548078537,0.01798621006309986,0.12207094579935074,0.01798621006309986,0.12020087987184525,0.0,1.5030516386032104,1.0084664821624756
349,349,69,4,69,35,train_worker_bottleneck_1000069,1000069,worker_bottleneck,fixed_cost_dominant,0.5,0.3,0.2,group_anchor_4,279,279,0,0.0,279,0,0.0,0,0.0,1.712117474980974,1.774617474980974,-0.0625,1.712117474980974,1.7746174749809738,2.220446049250313e-16,quality,-1584.5000000000005,-829.37167645845,-8.904722222222219,1.0,1.0,-0.4507650500380524,0.0,0.0,-0.0625,76,161.8,True,False,completed,1.0,1.0,1584.5000000000005,1584.5000000000005,829.37167645845,8.90472222222222,0.4507650500380524,0.4507650500380524,0.5016688438000001,0.43195014753333344,0.75,0,0.0,1,1,14,0.05622489959839357,0,91,0,1,1288,128.8,0,0,0,0.0,0,0.0,0,0,48,0.0,0,{},0.2,20,0.95,56,20,127,40,36,145,104,41,5,140,0,104,5,36,5,5,0,140,19,25,2,36,0,140,0,0,104,5,36,87,11,1.6666666666666667,0,10,2907,16.49327849999827,12.549418999973568,1.0653645000056713,0.26708610008790856,24.939744399998744,parallel_episode_batch,pending,-0.00028058442631331474,0.00047183707837298835,0.5410107876295629,-0.005454772939075432,7.982160752354037e-06,0.0,1.0000057596227396,0.10373044406752223,0.0,0.30683401226997375,1.511515498161316,0.22255393862724304,0.013822977431118488,0.022903645411133766,1.4976924657821655,0.22421427071094513,0.9894089698791504,5e-05,-0.30119025707244873,-0.30364546179771423,-0.20288453996181488,-0.20263713598251343,-0.20247280597686768,0.3018825650215149,-0.2986701726913452,-0.2996021509170532,-0.20122288167476654,-0.1991448849439621,-0.201198548078537,0.01798621006309986,0.12207094579935074,0.01798621006309986,0.12020087987184525,0.0,1.5030516386032104,1.0084664821624756
350,350,70,0,70,36,train_high_arrival_pressure_1000070,1000070,high_arrival_pressure,balanced_cost,1.0,0.0,0.0,group_anchor_0,280,280,0,0.0,280,0,0.0,0,0.0,1.6558167776443617,1.7183167776443617,-0.0625,1.6558167776443617,1.718316777644362,-2.220446049250313e-16,quality,-1548.3000000000004,-846.5895782789501,-10.065833333333336,1.0,1.0,-0.5633664447112762,0.0,0.0,-0.0625,79,146.20000000000002,True,False,completed,1.0,1.0,1548.3000000000004,1548.3000000000004,846.5895782789501,10.06583333333334,0.45273757008446686,0.5633664447112762,0.30600000000000005,0.24886666666666668,0.75,0,0.0,1,1,0,0.0,0,85,0,0,1151,115.10000000000001,0,0,0,0.0,0,0.0,0,0,37,0.0,0,{},1.4000000000000001,18,0.9444444444444444,61,18,130,36,35,159,119,40,5,154,0,119,5,35,5,5,0,154,19,22,0,35,0,154,0,0,119,5,35,98,9,1.6224489795918366,0,10,2244,12.471308299995144,9.469718399974226,0.1384156999993138,0.1759949000334018,17.78502400000434,parallel_episode_batch,pending,0.00673759067689793,0.00041073904059077095,0.5638006265378661,0.0013049542386498717,3.238825916519595e-05,0.0,1.0002828902668424,0.07253792856095566,0.0,0.1606559306383133,1.525459885597229,0.25145623087882996,0.0024902084842324257,0.02423364482820034,1.5229698419570923,0.25469645857810974,0.9907122254371643,5e-05,-0.30115634202957153,-0.303705632686615,-0.20290568470954895,-0.20267875492572784,-0.20246154069900513,0.30188947916030884,-0.29869964718818665,-0.29967743158340454,-0.20125286281108856,-0.19914892315864563,-0.2012460082769394,0.01798621006309986,0.12215781211853027,0.01798621006309986,0.12018046528100967,0.0,1.502882957458496,1.0086289644241333
351,351,70,1,70,36,train_high_arrival_pressure_1000070,1000070,high_arrival_pressure,balanced_cost,0.0,1.0,0.0,group_anchor_1,256,256,0,0.0,256,0,0.0,0,0.0,1.7460257792358216,1.8085257792358216,-0.0625,1.7460257792358216,1.8085257792358216,0.0,quality,-1953.2,-620.61011964198,-2.7788888888888867,1.0,1.0,-0.3829484415283567,0.0,0.0,-0.0625,79,193.3,True,False,completed,1.0,1.0,1953.2,1953.2,620.61011964198,2.7788888888888885,0.4351319498579973,0.3829484415283567,0.2705000000000001,0.19426666666666667,0.75,0,0.0,0,0,0,0.0,2,79,0,1,1614,161.4,0,0,0,0.0,0,0.0,0,0,32,0.0,0,{},0.0,14,0.9285714285714286,65,14,122,28,27,97,70,27,0,97,0,70,0,27,0,0,0,97,12,12,0,24,0,96,0,0,70,0,27,69,4,1.4057971014492754,0,10,2244,12.471308299995144,9.469718399974226,0.14396959999430692,0.7202526999972179,17.78502400000434,parallel_episode_batch,pending,0.00673759067689793,0.00041073904059077095,0.5638006265378661,0.0013049542386498717,3.238825916519595e-05,0.0,1.0002828902668424,0.07253792856095566,0.0,0.1606559306383133,1.525459885597229,0.25145623087882996,0.0024902084842324257,0.02423364482820034,1.5229698419570923,0.25469645857810974,0.9907122254371643,5e-05,-0.30115634202957153,-0.303705632686615,-0.20290568470954895,-0.20267875492572784,-0.20246154069900513,0.30188947916030884,-0.29869964718818665,-0.29967743158340454,-0.20125286281108856,-0.19914892315864563,-0.2012460082769394,0.01798621006309986,0.12215781211853027,0.01798621006309986,0.12018046528100967,0.0,1.502882957458496,1.0086289644241333
352,352,70,2,70,36,train_high_arrival_pressure_1000070,1000070,high_arrival_pressure,balanced_cost,0.0,0.0,1.0,group_anchor_2,258,258,0,0.0,258,0,0.0,0,0.0,1.8293955990124233,1.8918955990124233,-0.0625,1.8293955990124233,1.891895599012423,2.220446049250313e-16,quality,-1639.6000000000004,-702.8034308632501,-13.792500000000002,1.0,1.0,-0.21620880197515388,0.0,0.0,-0.0625,79,171.10000000000002,True,False,completed,1.0,1.0,1639.6000000000004,1639.6000000000004,702.8034308632501,13.792500000000002,0.45576434080427725,0.21620880197515385,0.265,0.23403333333333334,0.75,0,0.0,0,0,0,0.0,1,80,0,2,1376,137.6,0,0,0,0.0,0,0.0,0,0,38,0.0,0,{},0.0,15,1.0,64,15,121,30,28,104,75,29,1,103,0,75,1,28,1,1,0,103,14,11,1,23,0,103,0,0,75,1,28,75,5,1.3866666666666667,0,10,2244,12.471308299995144,9.469718399974226,0.14056259999779286,0.2270763000124134,17.78502400000434,parallel_episode_batch,pending,0.00673759067689793,0.00041073904059077095,0.5638006265378661,0.0013049542386498717,3.238825916519595e-05,0.0,1.0002828902668424,0.07253792856095566,0.0,0.1606559306383133,1.525459885597229,0.25145623087882996,0.0024902084842324257,0.02423364482820034,1.5229698419570923,0.25469645857810974,0.9907122254371643,5e-05,-0.30115634202957153,-0.303705632686615,-0.20290568470954895,-0.20267875492572784,-0.20246154069900513,0.30188947916030884,-0.29869964718818665,-0.29967743158340454,-0.20125286281108856,-0.19914892315864563,-0.2012460082769394,0.01798621006309986,0.12215781211853027,0.01798621006309986,0.12018046528100967,0.0,1.502882957458496,1.0086289644241333
353,353,70,3,70,36,train_high_arrival_pressure_1000070,1000070,high_arrival_pressure,balanced_cost,0.3333333333333333,0.3333333333333333,0.3333333333333333,group_anchor_3,288,288,0,0.0,288,0,0.0,0,0.0,1.738690278883855,1.801190278883855,-0.0625,1.738690278883855,1.8011902788838547,2.220446049250313e-16,quality,-1549.4999999999998,-867.8000113437301,-9.858055555555556,1.0,1.0,-0.39761944223229057,0.0,0.0,-0.0625,79,156.20000000000002,True,False,completed,1.0,1.0,1549.4999999999998,1549.4999999999998,867.8000113437301,9.858055555555556,0.4540998459773159,0.39761944223229057,0.40080000000000005,0.2786223058000001,0.75,0,0.0,0,0,19,0.07011070110701106,1,94,0,3,1233,123.30000000000001,0,0,0,0.0,0,0.0,0,0,39,0.0,0,{},0.0,19,0.8947368421052632,60,19,135,38,36,138,100,38,2,136,0,100,2,36,2,2,0,136,16,21,1,34,0,136,0,0,100,2,36,89,7,1.550561797752809,0,10,2244,12.471308299995144,9.469718399974226,0.15166870000393828,0.23575939999864204,17.78502400000434,parallel_episode_batch,pending,0.00673759067689793,0.00041073904059077095,0.5638006265378661,0.0013049542386498717,3.238825916519595e-05,0.0,1.0002828902668424,0.07253792856095566,0.0,0.1606559306383133,1.525459885597229,0.25145623087882996,0.0024902084842324257,0.02423364482820034,1.5229698419570923,0.25469645857810974,0.9907122254371643,5e-05,-0.30115634202957153,-0.303705632686615,-0.20290568470954895,-0.20267875492572784,-0.20246154069900513,0.30188947916030884,-0.29869964718818665,-0.29967743158340454,-0.20125286281108856,-0.19914892315864563,-0.2012460082769394,0.01798621006309986,0.12215781211853027,0.01798621006309986,0.12018046528100967,0.0,1.502882957458496,1.0086289644241333
354,354,70,4,70,36,train_high_arrival_pressure_1000070,1000070,high_arrival_pressure,balanced_cost,0.5,0.3,0.2,group_anchor_4,257,257,0,0.0,257,0,0.0,0,0.0,1.7279068843966203,1.7904068843966203,-0.0625,1.7279068843966203,1.7904068843966208,-4.440892098500626e-16,quality,-1546.6000000000001,-682.8987613939199,-4.318888888888887,1.0,1.0,-0.4191862312067587,0.0,0.0,-0.0625,79,146.9,True,False,completed,1.0,1.0,1546.6000000000001,1546.6000000000001,682.8987613939199,4.318888888888889,0.4191862312067587,0.4191862312067587,0.3722,0.21896666666666667,0.75,0,0.0,0,0,0,0.0,2,85,0,2,1181,118.10000000000001,0,0,0,0.0,0,0.0,0,0,37,0.0,0,{},0.0,15,1.0,64,15,123,30,25,117,92,25,0,117,0,92,0,25,0,0,0,117,14,12,3,23,0,117,0,0,92,0,25,82,4,1.4268292682926829,0,10,2244,12.471308299995144,9.469718399974226,0.14317229999869596,0.28623540002445225,17.78502400000434,parallel_episode_batch,pending,0.00673759067689793,0.00041073904059077095,0.5638006265378661,0.0013049542386498717,3.238825916519595e-05,0.0,1.0002828902668424,0.07253792856095566,0.0,0.1606559306383133,1.525459885597229,0.25145623087882996,0.0024902084842324257,0.02423364482820034,1.5229698419570923,0.25469645857810974,0.9907122254371643,5e-05,-0.30115634202957153,-0.303705632686615,-0.20290568470954895,-0.20267875492572784,-0.20246154069900513,0.30188947916030884,-0.29869964718818665,-0.29967743158340454,-0.20125286281108856,-0.19914892315864563,-0.2012460082769394,0.01798621006309986,0.12215781211853027,0.01798621006309986,0.12018046528100967,0.0,1.502882957458496,1.0086289644241333
355,355,71,0,71,36,train_balanced_1000071,1000071,balanced,balanced_cost,1.0,0.0,0.0,group_anchor_0,180,180,0,0.0,180,0,0.0,0,0.0,1.7638707571801566,1.8263707571801566,-0.0625,1.7638707571801566,1.8263707571801566,0.0,quality,-638.4000000000001,-382.19857188997,-10.528055555555559,0.9999999999999999,1.0,-0.3472584856396867,0.0,0.0,-0.0625,56,194.0,True,False,completed,1.0,1.0,638.4000000000001,638.4000000000001,382.19857188997,10.528055555555559,0.29137108600937883,0.3472584856396867,0.16450000000000004,0.13428941706666667,0.75,0,0.0,0,0,0,0.0,1,50,0,0,1661,166.10000000000002,0,0,0,0.0,0,0.0,0,0,21,0.0,0,{},0.0,9,1.0,47,9,89,18,17,100,82,18,1,99,0,82,1,17,1,1,0,99,8,10,0,17,0,99,0,0,82,1,17,68,5,1.4705882352941178,0,10,2244,12.471308299995144,9.469718399974226,0.10778790000040317,0.19705999998404877,17.78502400000434,parallel_episode_batch,pending,0.00673759067689793,0.00041073904059077095,0.5638006265378661,0.0013049542386498717,3.238825916519595e-05,0.0,1.0002828902668424,0.07253792856095566,0.0,0.1606559306383133,1.525459885597229,0.25145623087882996,0.0024902084842324257,0.02423364482820034,1.5229698419570923,0.25469645857810974,0.9907122254371643,5e-05,-0.30115634202957153,-0.303705632686615,-0.20290568470954895,-0.20267875492572784,-0.20246154069900513,0.30188947916030884,-0.29869964718818665,-0.29967743158340454,-0.20125286281108856,-0.19914892315864563,-0.2012460082769394,0.01798621006309986,0.12215781211853027,0.01798621006309986,0.12018046528100967,0.0,1.502882957458496,1.0086289644241333
356,356,71,1,71,36,train_balanced_1000071,1000071,balanced,balanced_cost,0.0,1.0,0.0,group_anchor_1,188,188,0,0.0,188,0,0.0,0,0.0,1.787221064013314,1.849721064013314,-0.0625,1.787221064013314,1.8497210640133133,6.661338147750939e-16,quality,-739.5000000000002,-429.71085087676,-11.739166666666668,0.9999999999999999,1.0,-0.30055787197337336,0.0,0.0,-0.0625,56,199.4,True,False,completed,1.0,1.0,739.5000000000002,739.5000000000002,429.71085087676,11.739166666666668,0.31883754368004047,0.30055787197337336,0.3269000000000001,0.17490792943333333,0.75,0,0.0,0,0,0,0.0,2,59,0,4,1720,172.0,0,0,0,0.0,0,0.0,0,0,30,0.0,0,{},0.0,10,1.0,46,10,94,20,18,87,69,18,0,87,0,69,0,18,0,0,0,87,9,10,1,18,0,87,0,0,69,0,18,61,4,1.4262295081967213,0,10,2244,12.471308299995144,9.469718399974226,0.12354829999821959,0.2527081999578513,17.78502400000434,parallel_episode_batch,pending,0.00673759067689793,0.00041073904059077095,0.5638006265378661,0.0013049542386498717,3.238825916519595e-05,0.0,1.0002828902668424,0.07253792856095566,0.0,0.1606559306383133,1.525459885597229,0.25145623087882996,0.0024902084842324257,0.02423364482820034,1.5229698419570923,0.25469645857810974,0.9907122254371643,5e-05,-0.30115634202957153,-0.303705632686615,-0.20290568470954895,-0.20267875492572784,-0.20246154069900513,0.30188947916030884,-0.29869964718818665,-0.29967743158340454,-0.20125286281108856,-0.19914892315864563,-0.2012460082769394,0.01798621006309986,0.12215781211853027,0.01798621006309986,0.12018046528100967,0.0,1.502882957458496,1.0086289644241333
357,357,71,2,71,36,train_balanced_1000071,1000071,balanced,balanced_cost,0.0,0.0,1.0,group_anchor_2,184,184,0,0.0,184,0,0.0,0,0.0,1.9201668954865283,1.9826668954865283,-0.0625,1.9201668954865283,1.9826668954865283,0.0,quality,-706.7,-428.8891773958899,-1.7955555555555567,0.9999999999999999,1.0,-0.03466620902694354,0.0,0.0,-0.0625,56,189.5,True,False,completed,1.0,1.0,706.7,706.7,428.8891773958899,1.7955555555555558,0.28230012720568937,0.03466620902694354,0.20270619960000003,0.14766256685,0.75,0,0.0,0,0,0,0.0,3,60,0,0,1582,158.20000000000002,0,0,0,0.0,0,0.0,0,0,21,0.0,0,{},0.0,10,1.0,46,10,88,20,20,85,65,20,0,85,0,65,0,20,0,0,0,85,9,8,0,17,0,85,0,0,65,0,20,61,3,1.3934426229508197,0,10,2244,12.471308299995144,9.469718399974226,0.12676099999953294,0.2507091999796103,17.78502400000434,parallel_episode_batch,pending,0.00673759067689793,0.00041073904059077095,0.5638006265378661,0.0013049542386498717,3.238825916519595e-05,0.0,1.0002828902668424,0.07253792856095566,0.0,0.1606559306383133,1.525459885597229,0.25145623087882996,0.0024902084842324257,0.02423364482820034,1.5229698419570923,0.25469645857810974,0.9907122254371643,5e-05,-0.30115634202957153,-0.303705632686615,-0.20290568470954895,-0.20267875492572784,-0.20246154069900513,0.30188947916030884,-0.29869964718818665,-0.29967743158340454,-0.20125286281108856,-0.19914892315864563,-0.2012460082769394,0.01798621006309986,0.12215781211853027,0.01798621006309986,0.12018046528100967,0.0,1.502882957458496,1.0086289644241333
358,358,71,3,71,36,train_balanced_1000071,1000071,balanced,balanced_cost,0.3333333333333333,0.3333333333333333,0.3333333333333333,group_anchor_3,184,184,0,0.0,184,0,0.0,0,0.0,1.8095187020182888,1.8720187020182888,-0.0625,1.8095187020182888,1.8720187020182895,-6.661338147750939e-16,quality,-702.8999999999997,-414.94048487775007,-5.881388888888889,0.9999999999999999,1.0,-0.25596259596342125,0.0,0.0,-0.0625,56,187.10000000000002,True,False,completed,1.0,1.0,702.8999999999997,702.8999999999997,414.94048487775007,5.881388888888889,0.2937182786445089,0.25596259596342125,0.18150000000000002,0.13945792943333332,0.75,0,0.0,0,0,0,0.0,1,57,0,2,1565,156.5,0,0,0,0.0,0,0.0,0,0,21,0.0,0,{},0.0,10,0.9,46,10,91,20,17,89,71,18,1,88,0,71,1,17,1,1,0,88,9,10,1,17,0,88,0,0,71,1,17,61,5,1.459016393442623,0,10,2244,12.471308299995144,9.469718399974226,0.13050849999854108,0.24723130000347737,17.78502400000434,parallel_episode_batch,pending,0.00673759067689793,0.00041073904059077095,0.5638006265378661,0.0013049542386498717,3.238825916519595e-05,0.0,1.0002828902668424,0.07253792856095566,0.0,0.1606559306383133,1.525459885597229,0.25145623087882996,0.0024902084842324257,0.02423364482820034,1.5229698419570923,0.25469645857810974,0.9907122254371643,5e-05,-0.30115634202957153,-0.303705632686615,-0.20290568470954895,-0.20267875492572784,-0.20246154069900513,0.30188947916030884,-0.29869964718818665,-0.29967743158340454,-0.20125286281108856,-0.19914892315864563,-0.2012460082769394,0.01798621006309986,0.12215781211853027,0.01798621006309986,0.12018046528100967,0.0,1.502882957458496,1.0086289644241333
359,359,71,4,71,36,train_balanced_1000071,1000071,balanced,balanced_cost,0.5,0.3,0.2,group_anchor_4,169,169,0,0.0,169,0,0.0,0,0.0,1.7995916160186096,1.8620916160186096,-0.0625,1.7995916160186096,1.8620916160186103,-6.661338147750939e-16,quality,-659.4999999999999,-301.8939543294901,-8.451388888888891,0.9999999999999999,1.0,-0.2758167679627796,0.0,0.0,-0.0625,56,198.70000000000002,True,False,completed,1.0,1.0,659.4999999999999,659.4999999999999,301.8939543294901,8.451388888888891,0.2758167679627796,0.2758167679627796,0.1646702824,0.14243446413333335,0.75,0,0.0,0,0,0,0.0,2,41,0,0,1713,171.3,0,0,0,0.0,0,0.0,0,0,17,0.0,0,{},0.0,7,1.0,49,7,85,14,14,83,69,14,0,83,0,69,0,14,0,0,0,83,7,7,0,14,0,83,0,0,69,0,14,60,4,1.3833333333333333,0,10,2244,12.471308299995144,9.469718399974226,0.1043504999979632,0.19750630004273262,17.78502400000434,parallel_episode_batch,pending,0.00673759067689793,0.00041073904059077095,0.5638006265378661,0.0013049542386498717,3.238825916519595e-05,0.0,1.0002828902668424,0.07253792856095566,0.0,0.1606559306383133,1.525459885597229,0.25145623087882996,0.0024902084842324257,0.02423364482820034,1.5229698419570923,0.25469645857810974,0.9907122254371643,5e-05,-0.30115634202957153,-0.303705632686615,-0.20290568470954895,-0.20267875492572784,-0.20246154069900513,0.30188947916030884,-0.29869964718818665,-0.29967743158340454,-0.20125286281108856,-0.19914892315864563,-0.2012460082769394,0.01798621006309986,0.12215781211853027,0.01798621006309986,0.12018046528100967,0.0,1.502882957458496,1.0086289644241333
360,360,72,0,72,37,train_balanced_1000072,1000072,balanced,balanced_cost,1.0,0.0,0.0,group_anchor_0,115,115,0,0.0,115,0,0.0,0,0.0,1.7990328994938545,1.8615328994938545,-0.0625,1.7990328994938545,1.861532899493854,4.440892098500626e-16,quality,-459.59999999999997,-161.56733980101004,-1.0822222222222222,1.0,1.0,-0.2769342010122921,0.0,0.0,-0.0625,40,209.0,True,False,completed,1.0,1.0,459.59999999999997,459.59999999999997,161.56733980101004,1.0822222222222224,0.18443255351827495,0.2769342010122921,0.1404,0.11331960965,0.75,0,0.0,0,0,0,0.0,3,24,0,0,1928,192.8,0,0,0,0.0,0,0.0,0,0,4,0.0,0,{},0.0,4,1.0,36,4,59,8,8,65,57,8,0,65,0,57,0,8,0,0,0,65,4,4,0,8,0,65,0,0,57,0,8,46,3,1.4130434782608696,0,10,1872,10.776190200005658,7.776945300021907,0.11079289999906905,0.10095309993630508,14.270745499998156,parallel_episode_batch,pending,0.007496113236993551,0.04180870745331049,0.5664914498726527,0.022735552854525547,1.7170518064328158e-05,0.0,0.9999600301186243,0.46064809982975324,0.4,1.4853863716125488,1.3562421798706055,0.35425251722335815,-0.04757227003574371,0.23405809700489044,1.4038143157958984,0.27090367674827576,0.5634626150131226,5e-05,-0.30119699239730835,-0.30355241894721985,-0.20278146862983704,-0.20257088541984558,-0.20235438644886017,0.30173584818840027,-0.2986316382884979,-0.2996422350406647,-0.2011653482913971,-0.19909371435642242,-0.20125283300876617,0.01798621006309986,0.12227809429168701,0.01798621006309986,0.12017881125211716,0.0,1.5029847621917725,1.0085163116455078
361,361,72,1,72,37,train_balanced_1000072,1000072,balanced,balanced_cost,0.0,1.0,0.0,group_anchor_1,108,108,0,0.0,108,0,0.0,0,0.0,0.05099142660305178,0.11349142660305178,-0.0625,0.05099142660305178,0.11349142660305192,-1.3877787807814457e-16,quality,-1102.1000000000001,-119.00692358943,-5.145555555555557,0.8333333333333334,0.0,-0.1063504801272296,-1.0,-0.16666666666666666,-0.0625,38,240.0,False,True,horizon,0.8333333333333334,0.95,,1102.1000000000001,119.00692358943,5.145555555555557,0.28993527032043825,0.1063504801272296,0.13650000000000004,0.10296780405,0.75,0,0.0,0,0,13,0.07647058823529412,2,17,0,2,2288,228.8,0,0,0,0.0,0,0.0,0,0,5,0.0,0,{},0.0,3,1.0,36,3,58,6,5,44,39,5,0,44,0,39,0,5,0,0,0,44,2,3,0,5,0,44,0,0,39,0,5,32,3,1.375,0,10,1872,10.776190200005658,7.776945300021907,0.09607659999892348,0.25147829997877125,14.270745499998156,parallel_episode_batch,pending,0.007496113236993551,0.04180870745331049,0.5664914498726527,0.022735552854525547,1.7170518064328158e-05,0.0,0.9999600301186243,0.46064809982975324,0.4,1.4853863716125488,1.3562421798706055,0.35425251722335815,-0.04757227003574371,0.23405809700489044,1.4038143157958984,0.27090367674827576,0.5634626150131226,5e-05,-0.30119699239730835,-0.30355241894721985,-0.20278146862983704,-0.20257088541984558,-0.20235438644886017,0.30173584818840027,-0.2986316382884979,-0.2996422350406647,-0.2011653482913971,-0.19909371435642242,-0.20125283300876617,0.01798621006309986,0.12227809429168701,0.01798621006309986,0.12017881125211716,0.0,1.5029847621917725,1.0085163116455078
362,362,72,2,72,37,train_balanced_1000072,1000072,balanced,balanced_cost,0.0,0.0,1.0,group_anchor_2,84,84,0,0.0,84,0,0.0,0,0.0,-0.7490258253532148,-0.6865258253532148,-0.0625,-0.7490258253532148,-0.6865258253532148,0.0,quality,-2750.1,-80.11711335418002,-2.0680555555555555,0.41666666666666663,0.0,-0.03971831737309611,-1.0,-0.5833333333333334,-0.0625,27,240.0,False,True,horizon,0.4166666666666667,0.675,,2750.1,80.11711335418002,2.0680555555555555,0.37830111544132505,0.03971831737309611,0.1325654174,0.10096344023333333,0.75,0,0.0,0,0,29,0.08100558659217877,3,12,0,0,2227,222.70000000000002,0,0,0,0.0,0,0.0,0,0,7,0.0,0,{},0.0,2,1.0,31,2,43,4,4,25,21,4,0,25,0,21,0,4,0,0,0,25,2,2,0,4,0,25,0,0,21,0,4,19,3,1.3157894736842106,0,10,1872,10.776190200005658,7.776945300021907,0.0850877999982913,0.4760348999989219,14.270745499998156,parallel_episode_batch,pending,0.007496113236993551,0.04180870745331049,0.5664914498726527,0.022735552854525547,1.7170518064328158e-05,0.0,0.9999600301186243,0.46064809982975324,0.4,1.4853863716125488,1.3562421798706055,0.35425251722335815,-0.04757227003574371,0.23405809700489044,1.4038143157958984,0.27090367674827576,0.5634626150131226,5e-05,-0.30119699239730835,-0.30355241894721985,-0.20278146862983704,-0.20257088541984558,-0.20235438644886017,0.30173584818840027,-0.2986316382884979,-0.2996422350406647,-0.2011653482913971,-0.19909371435642242,-0.20125283300876617,0.01798621006309986,0.12227809429168701,0.01798621006309986,0.12017881125211716,0.0,1.5029847621917725,1.0085163116455078
363,363,72,3,72,37,train_balanced_1000072,1000072,balanced,balanced_cost,0.3333333333333333,0.3333333333333333,0.3333333333333333,group_anchor_3,139,139,0,0.0,139,0,0.0,0,0.0,1.8016830755290778,1.8641830755290778,-0.0625,1.8016830755290778,1.8641830755290782,-4.440892098500626e-16,quality,-588.6,-338.03066767396007,-15.204722222222225,1.0,1.0,-0.27163384894184356,0.0,0.0,-0.0625,40,217.3,True,False,completed,1.0,1.0,588.6,588.6,338.03066767396007,15.204722222222225,0.28696886680449013,0.27163384894184356,0.22980000000000006,0.14755000000000001,0.75,0,0.0,0,0,0,0.0,2,46,0,0,1871,187.10000000000002,0,0,0,0.0,0,0.0,0,0,5,0.0,0,{},0.0,8,0.875,32,8,68,16,15,64,49,15,0,64,0,49,0,15,0,0,0,64,7,8,1,14,0,64,0,0,49,0,15,44,4,1.4545454545454546,0,10,1872,10.776190200005658,7.776945300021907,0.10510359999898355,0.20665579996421002,14.270745499998156,parallel_episode_batch,pending,0.007496113236993551,0.04180870745331049,0.5664914498726527,0.022735552854525547,1.7170518064328158e-05,0.0,0.9999600301186243,0.46064809982975324,0.4,1.4853863716125488,1.3562421798706055,0.35425251722335815,-0.04757227003574371,0.23405809700489044,1.4038143157958984,0.27090367674827576,0.5634626150131226,5e-05,-0.30119699239730835,-0.30355241894721985,-0.20278146862983704,-0.20257088541984558,-0.20235438644886017,0.30173584818840027,-0.2986316382884979,-0.2996422350406647,-0.2011653482913971,-0.19909371435642242,-0.20125283300876617,0.01798621006309986,0.12227809429168701,0.01798621006309986,0.12017881125211716,0.0,1.5029847621917725,1.0085163116455078
364,364,72,4,72,37,train_balanced_1000072,1000072,balanced,balanced_cost,0.5,0.3,0.2,group_anchor_4,113,113,0,0.0,113,0,0.0,0,0.0,1.8350601097425114,1.8975601097425114,-0.0625,1.8350601097425114,1.8975601097425119,-4.440892098500626e-16,quality,-528.8000000000001,-174.12571524274006,-1.9347222222222227,1.0,1.0,-0.20487978051497602,0.0,0.0,-0.0625,40,212.20000000000002,True,False,completed,1.0,1.0,528.8000000000001,528.8000000000001,174.12571524274006,1.9347222222222227,0.20487978051497602,0.20487978051497602,0.13650000000000004,0.11095648938333334,0.75,0,0.0,0,0,0,0.0,2,23,0,0,2013,201.3,0,0,0,0.0,0,0.0,0,0,4,0.0,0,{},0.0,4,1.0,36,4,57,8,8,55,47,8,0,55,0,47,0,8,0,0,0,55,4,4,0,8,0,55,0,0,47,0,8,39,4,1.4102564102564104,0,10,1872,10.776190200005658,7.776945300021907,0.09095969999907538,0.17783519998920383,14.270745499998156,parallel_episode_batch,pending,0.007496113236993551,0.04180870745331049,0.5664914498726527,0.022735552854525547,1.7170518064328158e-05,0.0,0.9999600301186243,0.46064809982975324,0.4,1.4853863716125488,1.3562421798706055,0.35425251722335815,-0.04757227003574371,0.23405809700489044,1.4038143157958984,0.27090367674827576,0.5634626150131226,5e-05,-0.30119699239730835,-0.30355241894721985,-0.20278146862983704,-0.20257088541984558,-0.20235438644886017,0.30173584818840027,-0.2986316382884979,-0.2996422350406647,-0.2011653482913971,-0.19909371435642242,-0.20125283300876617,0.01798621006309986,0.12227809429168701,0.01798621006309986,0.12017881125211716,0.0,1.5029847621917725,1.0085163116455078
365,365,73,0,73,37,train_balanced_1000073,1000073,balanced,balanced_cost,1.0,0.0,0.0,group_anchor_0,273,273,0,0.0,273,0,0.0,0,0.0,1.7221975088967973,1.7846975088967973,-0.0625,1.7221975088967973,1.7846975088967971,2.220446049250313e-16,quality,-907.4999999999999,-776.7240711737096,-18.134722222222212,1.0000000000000002,1.0,-0.43060498220640564,0.0,0.0,-0.0625,76,222.5,True,False,completed,1.0,1.0,907.4999999999999,907.4999999999999,776.7240711737096,18.134722222222212,0.39968436664373197,0.43060498220640564,0.28570000000000007,0.23565708875000002,0.75,0,0.0,0,0,0,0.0,2,102,0,0,1653,165.3,0,0,0,0.0,0,0.0,0,0,28,0.0,0,{},0.0,18,0.9444444444444444,58,18,126,36,35,156,121,35,0,156,0,121,0,35,0,0,0,156,18,18,1,35,0,156,0,0,121,0,35,109,4,1.4311926605504588,0,10,1872,10.776190200005658,7.776945300021907,0.14326710000023013,0.19544319998385618,14.270745499998156,parallel_episode_batch,pending,0.007496113236993551,0.04180870745331049,0.5664914498726527,0.022735552854525547,1.7170518064328158e-05,0.0,0.9999600301186243,0.46064809982975324,0.4,1.4853863716125488,1.3562421798706055,0.35425251722335815,-0.04757227003574371,0.23405809700489044,1.4038143157958984,0.27090367674827576,0.5634626150131226,5e-05,-0.30119699239730835,-0.30355241894721985,-0.20278146862983704,-0.20257088541984558,-0.20235438644886017,0.30173584818840027,-0.2986316382884979,-0.2996422350406647,-0.2011653482913971,-0.19909371435642242,-0.20125283300876617,0.01798621006309986,0.12227809429168701,0.01798621006309986,0.12017881125211716,0.0,1.5029847621917725,1.0085163116455078
366,366,73,1,73,37,train_balanced_1000073,1000073,balanced,balanced_cost,0.0,1.0,0.0,group_anchor_1,239,239,0,0.0,239,0,0.0,0,0.0,1.7688657198195634,1.8313657198195634,-0.0625,1.7688657198195634,1.8313657198195634,0.0,quality,-1023.0,-508.9068364472402,-4.648055555555556,1.0000000000000002,1.0,-0.33726856036087316,0.0,0.0,-0.0625,76,235.4,True,False,completed,1.0,1.0,1023.0,1023.0,508.9068364472402,4.648055555555556,0.3482859076488202,0.33726856036087316,0.2742,0.17693333333333336,0.75,0,0.0,0,0,4,0.01639344262295082,2,68,0,3,2027,202.70000000000002,0,0,0,0.0,0,0.0,0,0,33,0.0,0,{},0.0,12,1.0,64,12,117,24,22,90,68,22,0,90,0,68,0,22,0,0,0,90,10,12,2,20,0,90,0,0,68,0,22,66,3,1.3636363636363635,0,10,1872,10.776190200005658,7.776945300021907,0.15250509999896167,0.30782259997795336,14.270745499998156,parallel_episode_batch,pending,0.007496113236993551,0.04180870745331049,0.5664914498726527,0.022735552854525547,1.7170518064328158e-05,0.0,0.9999600301186243,0.46064809982975324,0.4,1.4853863716125488,1.3562421798706055,0.35425251722335815,-0.04757227003574371,0.23405809700489044,1.4038143157958984,0.27090367674827576,0.5634626150131226,5e-05,-0.30119699239730835,-0.30355241894721985,-0.20278146862983704,-0.20257088541984558,-0.20235438644886017,0.30173584818840027,-0.2986316382884979,-0.2996422350406647,-0.2011653482913971,-0.19909371435642242,-0.20125283300876617,0.01798621006309986,0.12227809429168701,0.01798621006309986,0.12017881125211716,0.0,1.5029847621917725,1.0085163116455078
367,367,73,2,73,37,train_balanced_1000073,1000073,balanced,balanced_cost,0.0,0.0,1.0,group_anchor_2,279,279,0,0.0,279,0,0.0,0,0.0,1.8284151323247724,1.8909151323247724,-0.0625,1.8284151323247724,1.8909151323247724,0.0,quality,-1093.6000000000006,-832.5330178842397,-13.9525,1.0000000000000002,1.0,-0.21816973535045542,0.0,0.0,-0.0625,76,235.9,True,False,completed,1.0,1.0,1093.6000000000006,1093.6000000000006,832.5330178842397,13.9525,0.4183286304584311,0.21816973535045542,0.3252,0.21353333333333335,0.75,0,0.0,0,0,3,0.012244897959183673,1,100,0,6,1866,186.60000000000002,0,0,0,0.0,0,0.0,0,0,32,0.0,0,{},0.0,19,0.9473684210526315,57,19,131,38,34,123,86,37,3,120,0,86,3,34,3,3,0,120,14,19,2,28,0,119,0,0,86,3,34,77,7,1.5974025974025974,0,10,1872,10.776190200005658,7.776945300021907,0.14114419999532402,0.34728170002199477,14.270745499998156,parallel_episode_batch,pending,0.007496113236993551,0.04180870745331049,0.5664914498726527,0.022735552854525547,1.7170518064328158e-05,0.0,0.9999600301186243,0.46064809982975324,0.4,1.4853863716125488,1.3562421798706055,0.35425251722335815,-0.04757227003574371,0.23405809700489044,1.4038143157958984,0.27090367674827576,0.5634626150131226,5e-05,-0.30119699239730835,-0.30355241894721985,-0.20278146862983704,-0.20257088541984558,-0.20235438644886017,0.30173584818840027,-0.2986316382884979,-0.2996422350406647,-0.2011653482913971,-0.19909371435642242,-0.20125283300876617,0.01798621006309986,0.12227809429168701,0.01798621006309986,0.12017881125211716,0.0,1.5029847621917725,1.0085163116455078
368,368,73,3,73,37,train_balanced_1000073,1000073,balanced,balanced_cost,0.3333333333333333,0.3333333333333333,0.3333333333333333,group_anchor_3,240,240,0,0.0,240,0,0.0,0,0.0,1.7602532742727082,1.8227532742727082,-0.0625,1.7602532742727082,1.8227532742727077,4.440892098500626e-16,quality,-1356.5000000000005,-543.475417768,-11.032222222222218,1.0000000000000002,1.0,-0.3544934514545845,0.0,0.0,-0.0625,76,232.0,True,False,completed,1.0,1.0,1356.5000000000005,1356.5000000000005,543.475417768,11.032222222222218,0.4070896951781693,0.3544934514545845,0.3557000000000001,0.20264884233333336,0.75,0,0.0,0,0,1,0.0031545741324921135,1,67,0,5,2033,203.3,0,0,0,0.0,0,0.0,0,0,33,0.0,0,{},0.0,12,1.0,64,12,117,24,23,92,68,24,1,91,0,68,1,23,1,1,0,91,13,10,1,21,0,91,0,0,68,1,23,65,5,1.4153846153846155,0,10,1872,10.776190200005658,7.776945300021907,0.13099890000012238,0.4259388000355102,14.270745499998156,parallel_episode_batch,pending,0.007496113236993551,0.04180870745331049,0.5664914498726527,0.022735552854525547,1.7170518064328158e-05,0.0,0.9999600301186243,0.46064809982975324,0.4,1.4853863716125488,1.3562421798706055,0.35425251722335815,-0.04757227003574371,0.23405809700489044,1.4038143157958984,0.27090367674827576,0.5634626150131226,5e-05,-0.30119699239730835,-0.30355241894721985,-0.20278146862983704,-0.20257088541984558,-0.20235438644886017,0.30173584818840027,-0.2986316382884979,-0.2996422350406647,-0.2011653482913971,-0.19909371435642242,-0.20125283300876617,0.01798621006309986,0.12227809429168701,0.01798621006309986,0.12017881125211716,0.0,1.5029847621917725,1.0085163116455078
369,369,73,4,73,37,train_balanced_1000073,1000073,balanced,balanced_cost,0.5,0.3,0.2,group_anchor_4,282,282,0,0.0,282,0,0.0,0,0.0,1.7476741920176946,1.8101741920176946,-0.0625,1.7476741920176946,1.8101741920176944,2.220446049250313e-16,quality,-960.9999999999999,-839.3864612427597,-5.678888888888892,1.0000000000000002,1.0,-0.37965161596461133,0.0,0.0,-0.0625,76,219.9,True,False,completed,1.0,1.0,960.9999999999999,960.9999999999999,839.3864612427597,5.678888888888892,0.37965161596461133,0.37965161596461133,0.27489305399999997,0.22551550900000006,0.75,0,0.0,0,0,0,0.0,2,104,0,1,1668,166.8,0,0,0,0.0,0,0.0,0,0,36,0.0,0,{},0.0,19,0.9473684210526315,57,19,131,38,37,140,103,37,0,140,0,103,0,37,0,0,0,140,19,17,1,35,0,140,0,0,103,0,37,101,4,1.386138613861386,0,10,1872,10.776190200005658,7.776945300021907,0.14897989999735728,0.23099780001939507,14.270745499998156,parallel_episode_batch,pending,0.007496113236993551,0.04180870745331049,0.5664914498726527,0.022735552854525547,1.7170518064328158e-05,0.0,0.9999600301186243,0.46064809982975324,0.4,1.4853863716125488,1.3562421798706055,0.35425251722335815,-0.04757227003574371,0.23405809700489044,1.4038143157958984,0.27090367674827576,0.5634626150131226,5e-05,-0.30119699239730835,-0.30355241894721985,-0.20278146862983704,-0.20257088541984558,-0.20235438644886017,0.30173584818840027,-0.2986316382884979,-0.2996422350406647,-0.2011653482913971,-0.19909371435642242,-0.20125283300876617,0.01798621006309986,0.12227809429168701,0.01798621006309986,0.12017881125211716,0.0,1.5029847621917725,1.0085163116455078
370,370,74,0,74,38,train_machine_bottleneck_1000074,1000074,machine_bottleneck,fixed_cost_dominant,1.0,0.0,0.0,group_anchor_0,261,261,0,0.0,261,0,0.0,0,0.0,1.701027758257203,1.763527758257203,-0.0625,1.701027758257203,1.763527758257203,0.0,quality,-1076.7999999999993,-666.8653967271697,-24.178055555555563,1.0,1.0,-0.47294448348559365,0.0,0.0,-0.0625,73,178.10000000000002,True,False,completed,1.0,1.0,1076.7999999999993,1076.7999999999993,666.8653967271697,24.178055555555563,0.42168294263395145,0.47294448348559365,0.3304,0.2527333333333334,0.75,0,0.0,0,0,0,0.0,1,93,0,2,1350,135.0,0,0,0,0.0,0,0.0,0,0,33,0.0,0,{},0.0,17,1.0,56,17,121,34,33,147,113,34,1,146,0,113,1,33,1,1,0,146,17,17,0,33,0,146,0,0,113,1,33,99,4,1.4848484848484849,0,10,2830,15.154211499997473,12.042214599896397,0.12115999999514315,0.14991850002115825,22.886244799999986,parallel_episode_batch,pending,0.0008620780711579654,0.0010788797646657461,0.45713185138172574,-0.0031698010344472197,2.874885113770789e-05,0.0,1.0002387119664087,0.12771283005260758,0.0,0.3829164206981659,1.4677317142486572,0.213332861661911,0.00630471995100379,0.04238481819629669,1.4614269733428955,0.23046858608722687,0.9605265259742737,5e-05,-0.30117878317832947,-0.303568571805954,-0.20277032256126404,-0.20258203148841858,-0.2023191601037979,0.30179500579833984,-0.29851382970809937,-0.299442857503891,-0.20130200684070587,-0.19900353252887726,-0.20121416449546814,0.01798621006309986,0.12227781116962433,0.01798621006309986,0.120163194835186,0.0,1.5026438236236572,1.008771300315857
371,371,74,1,74,38,train_machine_bottleneck_1000074,1000074,machine_bottleneck,fixed_cost_dominant,0.0,1.0,0.0,group_anchor_1,240,240,0,0.0,240,0,0.0,0,0.0,1.76278627351222,1.82528627351222,-0.0625,1.76278627351222,1.8252862735122202,-2.220446049250313e-16,quality,-1225.5999999999992,-537.1075901892199,-13.781388888888886,1.0,1.0,-0.3494274529755599,0.0,0.0,-0.0625,73,188.5,True,False,completed,1.0,1.0,1225.5999999999992,1225.5999999999992,537.1075901892199,13.781388888888886,0.4006812104634976,0.3494274529755599,0.2916000000000001,0.18732824810000004,0.75,0,0.0,0,0,0,0.0,1,78,0,4,1557,155.70000000000002,0,0,0,0.0,0,0.0,0,0,31,0.0,0,{},0.0,14,1.0,59,14,114,28,25,93,67,26,1,92,0,67,1,25,1,1,0,92,11,9,1,18,0,92,0,0,67,1,25,68,5,1.3676470588235294,0,10,2830,15.154211499997473,12.042214599896397,0.11846840000362135,0.2446990000171354,22.886244799999986,parallel_episode_batch,pending,0.0008620780711579654,0.0010788797646657461,0.45713185138172574,-0.0031698010344472197,2.874885113770789e-05,0.0,1.0002387119664087,0.12771283005260758,0.0,0.3829164206981659,1.4677317142486572,0.213332861661911,0.00630471995100379,0.04238481819629669,1.4614269733428955,0.23046858608722687,0.9605265259742737,5e-05,-0.30117878317832947,-0.303568571805954,-0.20277032256126404,-0.20258203148841858,-0.2023191601037979,0.30179500579833984,-0.29851382970809937,-0.299442857503891,-0.20130200684070587,-0.19900353252887726,-0.20121416449546814,0.01798621006309986,0.12227781116962433,0.01798621006309986,0.120163194835186,0.0,1.5026438236236572,1.008771300315857
372,372,74,2,74,38,train_machine_bottleneck_1000074,1000074,machine_bottleneck,fixed_cost_dominant,0.0,0.0,1.0,group_anchor_2,257,257,0,0.0,257,0,0.0,0,0.0,1.8795171699114,1.9420171699114,-0.0625,1.8795171699114,1.9420171699114002,-2.220446049250313e-16,quality,-1232.5000000000007,-652.8002256731099,-6.558888888888887,1.0,1.0,-0.11596566017719975,0.0,0.0,-0.0625,73,193.0,True,False,completed,1.0,1.0,1232.5000000000007,1232.5000000000007,652.8002256731099,6.558888888888887,0.3950231772444576,0.11596566017719975,0.27580000000000005,0.22412981443333338,0.75,0,0.0,0,0,0,0.0,1,88,0,2,1619,161.9,0,0,0,0.0,0,0.0,0,0,41,0.0,0,{},0.0,17,1.0,56,17,121,34,29,119,85,34,5,114,0,85,5,29,5,5,0,114,16,16,2,25,0,114,0,0,85,5,29,74,11,1.6081081081081081,0,10,2830,15.154211499997473,12.042214599896397,0.10570040000311565,0.1956172000427614,22.886244799999986,parallel_episode_batch,pending,0.0008620780711579654,0.0010788797646657461,0.45713185138172574,-0.0031698010344472197,2.874885113770789e-05,0.0,1.0002387119664087,0.12771283005260758,0.0,0.3829164206981659,1.4677317142486572,0.213332861661911,0.00630471995100379,0.04238481819629669,1.4614269733428955,0.23046858608722687,0.9605265259742737,5e-05,-0.30117878317832947,-0.303568571805954,-0.20277032256126404,-0.20258203148841858,-0.2023191601037979,0.30179500579833984,-0.29851382970809937,-0.299442857503891,-0.20130200684070587,-0.19900353252887726,-0.20121416449546814,0.01798621006309986,0.12227781116962433,0.01798621006309986,0.120163194835186,0.0,1.5026438236236572,1.008771300315857
373,373,74,3,74,38,train_machine_bottleneck_1000074,1000074,machine_bottleneck,fixed_cost_dominant,0.3333333333333333,0.3333333333333333,0.3333333333333333,group_anchor_3,241,241,0,0.0,241,0,0.0,0,0.0,1.7817904154247506,1.8442904154247506,-0.0625,1.7817904154247506,1.8442904154247506,0.0,quality,-1087.6000000000004,-537.3712888406499,-6.13472222222222,1.0,1.0,-0.31141916915049894,0.0,0.0,-0.0625,73,185.9,True,False,completed,1.0,1.0,1087.6000000000004,1087.6000000000004,537.3712888406499,6.134722222222218,0.36443523616745344,0.31141916915049894,0.2526001265,0.18311160251666667,0.75,0,0.0,0,0,0,0.0,2,74,0,0,1561,156.10000000000002,0,0,0,0.0,0,0.0,0,0,36,0.0,0,{},0.0,14,1.0,59,14,113,28,27,116,89,27,0,116,0,89,0,27,0,0,0,116,14,14,1,27,0,116,0,0,89,0,27,87,3,1.3333333333333333,0,10,2830,15.154211499997473,12.042214599896397,0.09191809999902034,0.15962489994853968,22.886244799999986,parallel_episode_batch,pending,0.0008620780711579654,0.0010788797646657461,0.45713185138172574,-0.0031698010344472197,2.874885113770789e-05,0.0,1.0002387119664087,0.12771283005260758,0.0,0.3829164206981659,1.4677317142486572,0.213332861661911,0.00630471995100379,0.04238481819629669,1.4614269733428955,0.23046858608722687,0.9605265259742737,5e-05,-0.30117878317832947,-0.303568571805954,-0.20277032256126404,-0.20258203148841858,-0.2023191601037979,0.30179500579833984,-0.29851382970809937,-0.299442857503891,-0.20130200684070587,-0.19900353252887726,-0.20121416449546814,0.01798621006309986,0.12227781116962433,0.01798621006309986,0.120163194835186,0.0,1.5026438236236572,1.008771300315857
374,374,74,4,74,38,train_machine_bottleneck_1000074,1000074,machine_bottleneck,fixed_cost_dominant,0.5,0.3,0.2,group_anchor_4,262,262,0,0.0,262,0,0.0,0,0.0,1.739419870294161,1.801919870294161,-0.0625,1.739419870294161,1.8019198702941615,-4.440892098500626e-16,quality,-1113.9999999999998,-667.2766333342297,-10.748055555555561,1.0,1.0,-0.3961602594116772,0.0,0.0,-0.0625,73,184.20000000000002,True,False,completed,1.0,1.0,1113.9999999999998,1113.9999999999998,667.2766333342297,10.748055555555561,0.3961602594116772,0.3961602594116772,0.3032,0.24590751758333337,0.75,0,0.0,0,0,1,0.010416666666666666,1,84,0,1,1444,144.4,0,0,0,0.0,0,0.0,0,0,37,0.0,0,{},0.0,17,1.0,56,17,122,34,33,130,94,36,3,127,0,94,3,33,3,3,0,127,17,18,0,32,0,127,0,0,94,3,33,85,5,1.5294117647058822,0,10,2830,15.154211499997473,12.042214599896397,0.10509340000135126,0.23114129991881782,22.886244799999986,parallel_episode_batch,pending,0.0008620780711579654,0.0010788797646657461,0.45713185138172574,-0.0031698010344472197,2.874885113770789e-05,0.0,1.0002387119664087,0.12771283005260758,0.0,0.3829164206981659,1.4677317142486572,0.213332861661911,0.00630471995100379,0.04238481819629669,1.4614269733428955,0.23046858608722687,0.9605265259742737,5e-05,-0.30117878317832947,-0.303568571805954,-0.20277032256126404,-0.20258203148841858,-0.2023191601037979,0.30179500579833984,-0.29851382970809937,-0.299442857503891,-0.20130200684070587,-0.19900353252887726,-0.20121416449546814,0.01798621006309986,0.12227781116962433,0.01798621006309986,0.120163194835186,0.0,1.5026438236236572,1.008771300315857
375,375,75,0,75,38,train_reconfiguration_bottleneck_1000075,1000075,reconfiguration_bottleneck,balanced_cost,1.0,0.0,0.0,group_anchor_0,340,340,0,0.0,340,0,0.0,0,0.0,1.6847493509704539,1.7472493509704539,-0.0625,1.6847493509704539,1.7472493509704536,2.220446049250313e-16,quality,-1226.7000000000003,-1503.5795772226493,-2.6022222222222164,1.0,1.0,-0.5055012980590926,0.0,0.0,-0.0625,76,188.10000000000002,True,False,completed,1.0,1.0,1226.7000000000003,1226.7000000000003,1503.5795772226493,2.6022222222222204,0.4428161861484039,0.5055012980590926,0.75,0.7064333333333334,0.75,26,0.1780821917808219,6,6,6,0.056074766355140186,0,120,1,0,1298,129.8,0,0,0,0.0,0,0.0,0,0,46,0.0,0,{},3.3000000000000003,28,0.8928571428571429,48,28,148,56,60,211,137,74,14,197,0,137,14,60,14,14,0,197,37,43,2,58,25,197,0,0,137,14,60,113,9,1.8672566371681416,0,10,2830,15.154211499997473,12.042214599896397,0.6810631999978796,0.2518132000186597,22.886244799999986,parallel_episode_batch,pending,0.0008620780711579654,0.0010788797646657461,0.45713185138172574,-0.0031698010344472197,2.874885113770789e-05,0.0,1.0002387119664087,0.12771283005260758,0.0,0.3829164206981659,1.4677317142486572,0.213332861661911,0.00630471995100379,0.04238481819629669,1.4614269733428955,0.23046858608722687,0.9605265259742737,5e-05,-0.30117878317832947,-0.303568571805954,-0.20277032256126404,-0.20258203148841858,-0.2023191601037979,0.30179500579833984,-0.29851382970809937,-0.299442857503891,-0.20130200684070587,-0.19900353252887726,-0.20121416449546814,0.01798621006309986,0.12227781116962433,0.01798621006309986,0.120163194835186,0.0,1.5026438236236572,1.008771300315857
376,376,75,1,75,38,train_reconfiguration_bottleneck_1000075,1000075,reconfiguration_bottleneck,balanced_cost,0.0,1.0,0.0,group_anchor_1,305,305,0,0.0,305,0,0.0,0,0.0,1.6603971015725107,1.7228971015725107,-0.0625,1.6603971015725107,1.7228971015725107,0.0,quality,-1356.5,-1243.1875357398699,-7.46222222222221,1.0,1.0,-0.5542057968549784,0.0,0.0,-0.0625,76,191.9,True,False,completed,1.0,1.0,1356.5,1356.5,1243.1875357398699,7.462222222222214,0.45753848548442994,0.5542057968549784,0.6481999999999996,0.5391064013333333,0.75,2,0.017699115044247787,0,0,1,0.0056179775280898875,1,111,1,4,1387,138.70000000000002,0,0,0,0.0,0,0.0,0,0,50,0.0,0,{},0.0,24,0.9583333333333334,52,24,138,48,43,150,98,52,9,141,0,98,9,43,9,9,0,141,25,27,2,41,3,141,0,0,98,9,43,91,8,1.6483516483516483,0,10,2830,15.154211499997473,12.042214599896397,0.6952084000004106,0.3076589000193053,22.886244799999986,parallel_episode_batch,pending,0.0008620780711579654,0.0010788797646657461,0.45713185138172574,-0.0031698010344472197,2.874885113770789e-05,0.0,1.0002387119664087,0.12771283005260758,0.0,0.3829164206981659,1.4677317142486572,0.213332861661911,0.00630471995100379,0.04238481819629669,1.4614269733428955,0.23046858608722687,0.9605265259742737,5e-05,-0.30117878317832947,-0.303568571805954,-0.20277032256126404,-0.20258203148841858,-0.2023191601037979,0.30179500579833984,-0.29851382970809937,-0.299442857503891,-0.20130200684070587,-0.19900353252887726,-0.20121416449546814,0.01798621006309986,0.12227781116962433,0.01798621006309986,0.120163194835186,0.0,1.5026438236236572,1.008771300315857
377,377,75,2,75,38,train_reconfiguration_bottleneck_1000075,1000075,reconfiguration_bottleneck,balanced_cost,0.0,0.0,1.0,group_anchor_2,314,314,0,0.0,314,0,0.0,0,0.0,1.9008347748192995,1.9633347748192995,-0.0625,1.9008347748192995,1.9633347748192995,0.0,quality,-1453.5000000000007,-1415.2434348438399,-3.956666666666664,1.0,1.0,-0.07333045036140114,0.0,0.0,-0.0625,76,195.4,True,False,completed,1.0,1.0,1453.5000000000007,1453.5000000000007,1415.2434348438399,3.9566666666666657,0.464338558239392,0.07333045036140111,0.6419,0.6039166666666667,0.75,2,0.016129032258064516,0,0,2,0.008695652173913044,1,122,1,4,1467,146.70000000000002,0,0,0,0.0,0,0.0,0,0,49,0.0,0,{},0.0,26,0.9615384615384616,50,26,142,52,44,153,99,54,10,143,0,99,10,44,10,10,0,143,23,26,1,38,2,143,0,0,99,10,44,89,5,1.7191011235955056,0,10,2830,15.154211499997473,12.042214599896397,0.705488300001889,0.3769106999243377,22.886244799999986,parallel_episode_batch,pending,0.0008620780711579654,0.0010788797646657461,0.45713185138172574,-0.0031698010344472197,2.874885113770789e-05,0.0,1.0002387119664087,0.12771283005260758,0.0,0.3829164206981659,1.4677317142486572,0.213332861661911,0.00630471995100379,0.04238481819629669,1.4614269733428955,0.23046858608722687,0.9605265259742737,5e-05,-0.30117878317832947,-0.303568571805954,-0.20277032256126404,-0.20258203148841858,-0.2023191601037979,0.30179500579833984,-0.29851382970809937,-0.299442857503891,-0.20130200684070587,-0.19900353252887726,-0.20121416449546814,0.01798621006309986,0.12227781116962433,0.01798621006309986,0.120163194835186,0.0,1.5026438236236572,1.008771300315857
378,378,75,3,75,38,train_reconfiguration_bottleneck_1000075,1000075,reconfiguration_bottleneck,balanced_cost,0.3333333333333333,0.3333333333333333,0.3333333333333333,group_anchor_3,316,316,0,0.0,316,0,0.0,0,0.0,1.7373433097805995,1.7998433097805995,-0.0625,1.7373433097805995,1.7998433097805997,-2.220446049250313e-16,quality,-1291.599999999999,-1288.3939375046093,-6.788888888888881,1.0,1.0,-0.40031338043880077,0.0,0.0,-0.0625,76,198.20000000000002,True,False,completed,1.0,1.0,1291.599999999999,1291.599999999999,1288.3939375046093,6.788888888888881,0.45200378723060713,0.40031338043880077,0.6416000000000001,0.5628333333333334,0.75,1,0.007936507936507936,0,0,0,0.0,1,125,0,6,1443,144.3,0,0,0,0.0,0,0.0,0,0,50,0.0,0,{},0.0,25,1.0,51,25,144,50,46,151,102,49,3,148,0,102,3,46,3,3,0,148,25,24,2,44,1,148,0,0,102,3,46,99,6,1.5252525252525253,0,10,2830,15.154211499997473,12.042214599896397,0.6974019999979646,0.3313318998552859,22.886244799999986,parallel_episode_batch,pending,0.0008620780711579654,0.0010788797646657461,0.45713185138172574,-0.0031698010344472197,2.874885113770789e-05,0.0,1.0002387119664087,0.12771283005260758,0.0,0.3829164206981659,1.4677317142486572,0.213332861661911,0.00630471995100379,0.04238481819629669,1.4614269733428955,0.23046858608722687,0.9605265259742737,5e-05,-0.30117878317832947,-0.303568571805954,-0.20277032256126404,-0.20258203148841858,-0.2023191601037979,0.30179500579833984,-0.29851382970809937,-0.299442857503891,-0.20130200684070587,-0.19900353252887726,-0.20121416449546814,0.01798621006309986,0.12227781116962433,0.01798621006309986,0.120163194835186,0.0,1.5026438236236572,1.008771300315857
379,379,75,4,75,38,train_reconfiguration_bottleneck_1000075,1000075,reconfiguration_bottleneck,balanced_cost,0.5,0.3,0.2,group_anchor_4,294,294,0,0.0,294,0,0.0,0,0.0,1.7178290831156988,1.7803290831156988,-0.0625,1.7178290831156988,1.780329083115699,-2.220446049250313e-16,quality,-1333.6,-1158.8925558462497,-4.088888888888895,1.0,1.0,-0.43934183376860175,0.0,0.0,-0.0625,76,208.3,True,False,completed,1.0,1.0,1333.6,1333.6,1158.8925558462497,4.088888888888896,0.43934183376860175,0.43934183376860175,0.6175,0.47009999999999996,0.75,0,0.0,1,1,0,0.0,0,108,0,2,1563,156.3,0,0,0,0.0,0,0.0,0,0,52,0.0,0,{},0.4,22,0.9545454545454546,54,22,133,44,41,145,103,42,1,144,0,103,1,41,1,1,0,144,22,23,2,41,0,144,0,0,103,1,41,94,5,1.5425531914893618,0,10,2830,15.154211499997473,12.042214599896397,0.6716395999974338,0.25626410002587363,22.886244799999986,parallel_episode_batch,pending,0.0008620780711579654,0.0010788797646657461,0.45713185138172574,-0.0031698010344472197,2.874885113770789e-05,0.0,1.0002387119664087,0.12771283005260758,0.0,0.3829164206981659,1.4677317142486572,0.213332861661911,0.00630471995100379,0.04238481819629669,1.4614269733428955,0.23046858608722687,0.9605265259742737,5e-05,-0.30117878317832947,-0.303568571805954,-0.20277032256126404,-0.20258203148841858,-0.2023191601037979,0.30179500579833984,-0.29851382970809937,-0.299442857503891,-0.20130200684070587,-0.19900353252887726,-0.20121416449546814,0.01798621006309986,0.12227781116962433,0.01798621006309986,0.120163194835186,0.0,1.5026438236236572,1.008771300315857
380,380,76,0,76,39,train_machine_bottleneck_1000076,1000076,machine_bottleneck,labor_dominant,1.0,0.0,0.0,group_anchor_0,227,227,0,0.0,227,0,0.0,0,0.0,1.7079408185342104,1.7704408185342104,-0.0625,1.7079408185342104,1.7704408185342109,-4.440892098500626e-16,quality,-1018.6000000000001,-426.1917957374099,-2.0922222222222238,1.0,1.0,-0.4591183629315785,0.0,0.0,-0.0625,70,179.4,True,False,completed,1.0,1.0,1018.6000000000001,1018.6000000000001,426.1917957374099,2.0922222222222238,0.32724155418857676,0.4591183629315785,0.26054641590000005,0.17699106931666667,0.75,0,0.0,0,0,0,0.0,1,62,0,1,1504,150.4,0,0,0,0.0,0,0.0,0,0,43,0.0,0,{},0.0,12,0.9166666666666666,58,12,109,24,24,124,97,27,3,121,0,97,3,24,3,3,0,121,13,14,0,24,0,121,0,0,97,3,24,80,10,1.55,0,10,3106,16.64984959999856,13.312819700004184,0.12333820000640117,0.1671641999928397,25.455831999999646,parallel_episode_batch,pending,0.0008332013076513397,0.0007255890531992844,0.40150489399627765,-0.002819052909272818,7.322635249400784e-06,0.0,1.0000395154466435,0.09671765041290498,0.0,0.37099990248680115,1.4539567232131958,0.2147909551858902,0.007567176595330238,0.03378129005432129,1.4463896751403809,0.22011522948741913,0.9752644896507263,5e-05,-0.3012544512748718,-0.30321767926216125,-0.20261351764202118,-0.20233583450317383,-0.20207446813583374,0.3016906678676605,-0.2985498607158661,-0.2995821535587311,-0.20137478411197662,-0.19896651804447174,-0.20108115673065186,0.01798621006309986,0.12220386415719986,0.01798621006309986,0.1201820895075798,0.0,1.5019629001617432,1.008654236793518
381,381,76,1,76,39,train_machine_bottleneck_1000076,1000076,machine_bottleneck,labor_dominant,0.0,1.0,0.0,group_anchor_1,245,245,0,0.0,245,0,0.0,0,0.0,1.759021258437693,1.821521258437693,-0.0625,1.759021258437693,1.8215212584376932,-2.220446049250313e-16,quality,-1165.5,-555.1071255118701,-13.284722222222225,1.0,1.0,-0.35695748312461384,0.0,0.0,-0.0625,70,182.70000000000002,True,False,completed,1.0,1.0,1165.5,1165.5,555.1071255118701,13.284722222222223,0.39542506026680585,0.35695748312461384,0.26054641590000005,0.16885491171666667,0.75,0,0.0,0,0,0,0.0,1,80,0,3,1437,143.70000000000002,0,0,0,0.0,0,0.0,0,0,37,0.0,0,{},0.0,15,0.9333333333333333,55,15,117,30,28,109,79,30,2,107,0,79,2,28,2,2,0,107,13,13,1,23,0,107,0,0,79,2,28,76,9,1.4342105263157894,0,10,3106,16.64984959999856,13.312819700004184,0.14571260000229813,0.17976659994019428,25.455831999999646,parallel_episode_batch,pending,0.0008332013076513397,0.0007255890531992844,0.40150489399627765,-0.002819052909272818,7.322635249400784e-06,0.0,1.0000395154466435,0.09671765041290498,0.0,0.37099990248680115,1.4539567232131958,0.2147909551858902,0.007567176595330238,0.03378129005432129,1.4463896751403809,0.22011522948741913,0.9752644896507263,5e-05,-0.3012544512748718,-0.30321767926216125,-0.20261351764202118,-0.20233583450317383,-0.20207446813583374,0.3016906678676605,-0.2985498607158661,-0.2995821535587311,-0.20137478411197662,-0.19896651804447174,-0.20108115673065186,0.01798621006309986,0.12220386415719986,0.01798621006309986,0.1201820895075798,0.0,1.5019629001617432,1.008654236793518
382,382,76,2,76,39,train_machine_bottleneck_1000076,1000076,machine_bottleneck,labor_dominant,0.0,0.0,1.0,group_anchor_2,233,233,0,0.0,233,0,0.0,0,0.0,1.8997781065088755,1.9622781065088755,-0.0625,1.8997781065088755,1.9622781065088757,-2.220446049250313e-16,quality,-1197.1000000000006,-502.08904866192,-4.079999999999999,1.0,1.0,-0.07544378698224852,0.0,0.0,-0.0625,70,201.10000000000002,True,False,completed,1.0,1.0,1197.1000000000006,1197.1000000000006,502.08904866192,4.079999999999999,0.36506446104309487,0.0754437869822485,0.18289999999999995,0.15801666666666667,0.75,0,0.0,0,0,0,0.0,2,73,0,4,1673,167.3,0,0,0,0.0,0,0.0,0,0,42,0.0,0,{},0.0,13,1.0,57,13,112,26,25,95,70,25,0,95,0,70,0,25,0,0,0,95,11,8,1,18,0,95,0,0,70,0,25,70,3,1.3571428571428572,0,10,3106,16.64984959999856,13.312819700004184,0.15149550000205636,0.2178442000222276,25.455831999999646,parallel_episode_batch,pending,0.0008332013076513397,0.0007255890531992844,0.40150489399627765,-0.002819052909272818,7.322635249400784e-06,0.0,1.0000395154466435,0.09671765041290498,0.0,0.37099990248680115,1.4539567232131958,0.2147909551858902,0.007567176595330238,0.03378129005432129,1.4463896751403809,0.22011522948741913,0.9752644896507263,5e-05,-0.3012544512748718,-0.30321767926216125,-0.20261351764202118,-0.20233583450317383,-0.20207446813583374,0.3016906678676605,-0.2985498607158661,-0.2995821535587311,-0.20137478411197662,-0.19896651804447174,-0.20108115673065186,0.01798621006309986,0.12220386415719986,0.01798621006309986,0.1201820895075798,0.0,1.5019629001617432,1.008654236793518
383,383,76,3,76,39,train_machine_bottleneck_1000076,1000076,machine_bottleneck,labor_dominant,0.3333333333333333,0.3333333333333333,0.3333333333333333,group_anchor_3,234,234,0,0.0,234,0,0.0,0,0.0,1.7952935278501996,1.8577935278501996,-0.0625,1.7952935278501996,1.8577935278501996,0.0,quality,-1099.6,-530.47484360457,-1.4647222222222211,1.0,1.0,-0.2844129442996006,0.0,0.0,-0.0625,70,195.10000000000002,True,False,completed,1.0,1.0,1099.6,1099.6,530.47484360457,1.4647222222222211,0.3487596027846226,0.2844129442996006,0.21660000000000004,0.15470040240000002,0.75,0,0.0,0,0,0,0.0,2,79,0,3,1607,160.70000000000002,0,0,0,0.0,0,0.0,0,0,40,0.0,0,{},0.0,14,1.0,56,14,109,28,27,109,82,27,0,109,0,82,0,27,0,0,0,109,14,13,1,26,0,109,0,0,82,0,27,79,4,1.379746835443038,0,10,3106,16.64984959999856,13.312819700004184,0.1292535000029602,0.18327599998156074,25.455831999999646,parallel_episode_batch,pending,0.0008332013076513397,0.0007255890531992844,0.40150489399627765,-0.002819052909272818,7.322635249400784e-06,0.0,1.0000395154466435,0.09671765041290498,0.0,0.37099990248680115,1.4539567232131958,0.2147909551858902,0.007567176595330238,0.03378129005432129,1.4463896751403809,0.22011522948741913,0.9752644896507263,5e-05,-0.3012544512748718,-0.30321767926216125,-0.20261351764202118,-0.20233583450317383,-0.20207446813583374,0.3016906678676605,-0.2985498607158661,-0.2995821535587311,-0.20137478411197662,-0.19896651804447174,-0.20108115673065186,0.01798621006309986,0.12220386415719986,0.01798621006309986,0.1201820895075798,0.0,1.5019629001617432,1.008654236793518
384,384,76,4,76,39,train_machine_bottleneck_1000076,1000076,machine_bottleneck,labor_dominant,0.5,0.3,0.2,group_anchor_4,263,263,0,0.0,263,0,0.0,0,0.0,1.723180823897964,1.785680823897964,-0.0625,1.723180823897964,1.785680823897964,0.0,quality,-1177.6999999999998,-665.2440722889997,-22.013333333333346,1.0,1.0,-0.428638352204072,0.0,0.0,-0.0625,70,188.9,True,False,completed,1.0,1.0,1177.6999999999998,1177.6999999999998,665.2440722889997,22.013333333333346,0.428638352204072,0.428638352204072,0.37580000000000013,0.22832440265,0.75,0,0.0,0,0,2,0.014925373134328358,1,87,0,3,1486,148.6,0,0,0,0.0,0,0.0,0,0,39,0.0,0,{},0.0,18,0.8333333333333334,52,18,122,36,35,140,99,41,6,134,0,99,6,35,6,6,0,134,20,21,0,35,0,134,0,0,99,6,35,83,10,1.6867469879518073,0,10,3106,16.64984959999856,13.312819700004184,0.12887219999538502,0.2463160000552307,25.455831999999646,parallel_episode_batch,pending,0.0008332013076513397,0.0007255890531992844,0.40150489399627765,-0.002819052909272818,7.322635249400784e-06,0.0,1.0000395154466435,0.09671765041290498,0.0,0.37099990248680115,1.4539567232131958,0.2147909551858902,0.007567176595330238,0.03378129005432129,1.4463896751403809,0.22011522948741913,0.9752644896507263,5e-05,-0.3012544512748718,-0.30321767926216125,-0.20261351764202118,-0.20233583450317383,-0.20207446813583374,0.3016906678676605,-0.2985498607158661,-0.2995821535587311,-0.20137478411197662,-0.19896651804447174,-0.20108115673065186,0.01798621006309986,0.12220386415719986,0.01798621006309986,0.1201820895075798,0.0,1.5019629001617432,1.008654236793518
385,385,77,0,77,39,train_reconfiguration_bottleneck_1000077,1000077,reconfiguration_bottleneck,labor_dominant,1.0,0.0,0.0,group_anchor_0,347,347,0,0.0,347,0,0.0,0,0.0,1.6916296060991107,1.7541296060991107,-0.0625,1.6916296060991107,1.7541296060991105,2.220446049250313e-16,quality,-1161.0,-1246.4252939215005,-2.7888888888888914,1.0000000000000002,1.0,-0.49174078780177893,0.0,0.0,-0.0625,81,191.8,True,False,completed,1.0,1.0,1161.0,1161.0,1246.4252939215005,2.788888888888892,0.4228910856342063,0.49174078780177893,0.7497,0.7143203177166667,0.75,36,0.23376623376623376,7,7,37,0.32456140350877194,0,118,3,1,1188,118.80000000000001,0,0,0,0.0,0,0.0,0,0,49,0.0,0,{},5.4,27,1.0,54,27,152,54,60,220,146,74,14,206,0,146,14,60,14,14,0,206,35,47,1,60,33,206,0,0,146,14,60,113,12,1.9469026548672566,0,10,3106,16.64984959999856,13.312819700004184,0.22219870000117226,0.2657180999958655,25.455831999999646,parallel_episode_batch,pending,0.0008332013076513397,0.0007255890531992844,0.40150489399627765,-0.002819052909272818,7.322635249400784e-06,0.0,1.0000395154466435,0.09671765041290498,0.0,0.37099990248680115,1.4539567232131958,0.2147909551858902,0.007567176595330238,0.03378129005432129,1.4463896751403809,0.22011522948741913,0.9752644896507263,5e-05,-0.3012544512748718,-0.30321767926216125,-0.20261351764202118,-0.20233583450317383,-0.20207446813583374,0.3016906678676605,-0.2985498607158661,-0.2995821535587311,-0.20137478411197662,-0.19896651804447174,-0.20108115673065186,0.01798621006309986,0.12220386415719986,0.01798621006309986,0.1201820895075798,0.0,1.5019629001617432,1.008654236793518
386,386,77,1,77,39,train_reconfiguration_bottleneck_1000077,1000077,reconfiguration_bottleneck,labor_dominant,0.0,1.0,0.0,group_anchor_1,486,486,0,0.0,486,0,0.0,0,0.0,1.6388801203335879,1.7013801203335879,-0.0625,1.6388801203335879,1.7013801203335874,4.440892098500626e-16,quality,-1444.100000000004,-1482.8667257311542,-4.630000000000014,1.0000000000000002,1.0,-0.5972397593328251,0.0,0.0,-0.0625,81,211.70000000000002,True,False,completed,1.0,1.0,1444.100000000004,1444.100000000004,1482.8667257311542,4.63,0.46920200820646957,0.5972397593328251,0.7499999999999998,0.7461755051999995,0.75,289,0.5463137996219282,72,72,250,0.5241090146750524,0,111,10,3,1246,124.60000000000001,0,0,0,0.0,0,0.0,0,0,45,0.0,0,{},27.400000000000002,30,0.9666666666666667,51,30,223,60,122,320,177,143,21,299,0,177,21,122,21,21,0,299,36,173,5,111,175,299,0,0,177,21,122,96,120,3.3333333333333335,0,10,3106,16.64984959999856,13.312819700004184,0.2288976999989245,0.628907600104867,25.455831999999646,parallel_episode_batch,pending,0.0008332013076513397,0.0007255890531992844,0.40150489399627765,-0.002819052909272818,7.322635249400784e-06,0.0,1.0000395154466435,0.09671765041290498,0.0,0.37099990248680115,1.4539567232131958,0.2147909551858902,0.007567176595330238,0.03378129005432129,1.4463896751403809,0.22011522948741913,0.9752644896507263,5e-05,-0.3012544512748718,-0.30321767926216125,-0.20261351764202118,-0.20233583450317383,-0.20207446813583374,0.3016906678676605,-0.2985498607158661,-0.2995821535587311,-0.20137478411197662,-0.19896651804447174,-0.20108115673065186,0.01798621006309986,0.12220386415719986,0.01798621006309986,0.1201820895075798,0.0,1.5019629001617432,1.008654236793518
387,387,77,2,77,39,train_reconfiguration_bottleneck_1000077,1000077,reconfiguration_bottleneck,labor_dominant,0.0,0.0,1.0,group_anchor_2,347,347,0,0.0,347,0,0.0,0,0.0,1.8910101687057828,1.9535101687057828,-0.0625,1.8910101687057828,1.9535101687057828,0.0,quality,-1411.8999999999999,-1267.5455732003404,-5.125555555555554,1.0000000000000002,1.0,-0.09297966258843443,0.0,0.0,-0.0625,81,206.60000000000002,True,False,completed,1.0,1.0,1411.8999999999999,1411.8999999999999,1267.5455732003404,5.125555555555553,0.4565764617515763,0.09297966258843444,0.74967347,0.7121869843833334,0.75,21,0.14383561643835616,4,4,59,0.21532846715328466,0,124,2,8,1505,150.5,0,0,0,0.0,0,0.0,0,0,47,0.0,0,{},1.9000000000000001,28,1.0,53,28,159,56,51,185,119,66,15,170,0,119,15,51,15,15,0,170,27,43,4,47,26,170,0,0,119,15,51,90,15,2.0555555555555554,0,10,3106,16.64984959999856,13.312819700004184,0.21950440000364324,0.4091565000708215,25.455831999999646,parallel_episode_batch,pending,0.0008332013076513397,0.0007255890531992844,0.40150489399627765,-0.002819052909272818,7.322635249400784e-06,0.0,1.0000395154466435,0.09671765041290498,0.0,0.37099990248680115,1.4539567232131958,0.2147909551858902,0.007567176595330238,0.03378129005432129,1.4463896751403809,0.22011522948741913,0.9752644896507263,5e-05,-0.3012544512748718,-0.30321767926216125,-0.20261351764202118,-0.20233583450317383,-0.20207446813583374,0.3016906678676605,-0.2985498607158661,-0.2995821535587311,-0.20137478411197662,-0.19896651804447174,-0.20108115673065186,0.01798621006309986,0.12220386415719986,0.01798621006309986,0.1201820895075798,0.0,1.5019629001617432,1.008654236793518
388,388,77,3,77,39,train_reconfiguration_bottleneck_1000077,1000077,reconfiguration_bottleneck,labor_dominant,0.3333333333333333,0.3333333333333333,0.3333333333333333,group_anchor_3,350,350,0,0.0,350,0,0.0,0,0.0,1.7330100777682749,1.7955100777682749,-0.0625,1.7330100777682749,1.7955100777682746,2.220446049250313e-16,quality,-1305.4000000000005,-1344.04697692988,-7.6380555555555505,1.0000000000000002,1.0,-0.40897984446345065,0.0,0.0,-0.0625,81,191.4,True,False,completed,1.0,1.0,1305.4000000000005,1305.4000000000005,1344.04697692988,7.6380555555555505,0.4590370152281391,0.40897984446345065,0.7498000000000002,0.6944289116666669,0.75,23,0.15862068965517243,3,3,16,0.08205128205128205,0,121,3,2,1146,114.60000000000001,0,0,0,0.0,0,0.0,0,0,46,0.0,0,{},5.2,29,0.9655172413793104,52,29,157,58,54,189,119,70,16,173,0,119,16,54,16,16,0,173,38,38,5,52,21,173,0,0,119,16,54,92,17,2.0543478260869565,0,10,3106,16.64984959999856,13.312819700004184,0.19222420000005513,0.35943240005144617,25.455831999999646,parallel_episode_batch,pending,0.0008332013076513397,0.0007255890531992844,0.40150489399627765,-0.002819052909272818,7.322635249400784e-06,0.0,1.0000395154466435,0.09671765041290498,0.0,0.37099990248680115,1.4539567232131958,0.2147909551858902,0.007567176595330238,0.03378129005432129,1.4463896751403809,0.22011522948741913,0.9752644896507263,5e-05,-0.3012544512748718,-0.30321767926216125,-0.20261351764202118,-0.20233583450317383,-0.20207446813583374,0.3016906678676605,-0.2985498607158661,-0.2995821535587311,-0.20137478411197662,-0.19896651804447174,-0.20108115673065186,0.01798621006309986,0.12220386415719986,0.01798621006309986,0.1201820895075798,0.0,1.5019629001617432,1.008654236793518
389,389,77,4,77,39,train_reconfiguration_bottleneck_1000077,1000077,reconfiguration_bottleneck,labor_dominant,0.5,0.3,0.2,group_anchor_4,374,374,0,0.0,374,0,0.0,0,0.0,1.7161623657170098,1.7786623657170098,-0.0625,1.7161623657170098,1.7786623657170095,2.220446049250313e-16,quality,-1287.2999999999997,-1364.6506653445815,-2.845555555555544,1.0000000000000002,1.0,-0.442675268565981,0.0,0.0,-0.0625,81,200.10000000000002,True,False,completed,1.0,1.0,1287.2999999999997,1287.2999999999997,1364.6506653445815,2.8455555555555456,0.442675268565981,0.442675268565981,0.7500000000000001,0.7399289116666666,0.75,57,0.31843575418994413,20,20,89,0.4320388349514563,0,112,4,1,1189,118.9,0,0,0,0.0,0,0.0,0,0,46,0.0,0,{},16.900000000000002,29,0.9655172413793104,52,29,163,58,72,229,139,90,18,211,0,139,18,72,18,18,0,211,39,72,2,71,64,211,0,0,139,18,72,104,22,2.201923076923077,0,10,3106,16.64984959999856,13.312819700004184,0.21429540000099223,0.28154279986483743,25.455831999999646,parallel_episode_batch,pending,0.0008332013076513397,0.0007255890531992844,0.40150489399627765,-0.002819052909272818,7.322635249400784e-06,0.0,1.0000395154466435,0.09671765041290498,0.0,0.37099990248680115,1.4539567232131958,0.2147909551858902,0.007567176595330238,0.03378129005432129,1.4463896751403809,0.22011522948741913,0.9752644896507263,5e-05,-0.3012544512748718,-0.30321767926216125,-0.20261351764202118,-0.20233583450317383,-0.20207446813583374,0.3016906678676605,-0.2985498607158661,-0.2995821535587311,-0.20137478411197662,-0.19896651804447174,-0.20108115673065186,0.01798621006309986,0.12220386415719986,0.01798621006309986,0.1201820895075798,0.0,1.5019629001617432,1.008654236793518
390,390,78,0,78,40,train_machine_bottleneck_1000078,1000078,machine_bottleneck,fixed_cost_dominant,1.0,0.0,0.0,group_anchor_0,307,307,0,0.0,307,0,0.0,0,0.0,1.6696711875556243,1.7321711875556243,-0.0625,1.6696711875556243,1.7321711875556243,0.0,quality,-1384.3000000000002,-909.3682876212301,-11.934722222222229,1.0000000000000002,1.0,-0.5356576248887513,0.0,0.0,-0.0625,81,193.9,True,False,completed,1.0,1.0,1384.3000000000002,1384.3000000000002,909.3682876212301,11.934722222222229,0.4492484649387627,0.5356576248887513,0.4413,0.32600010270000007,0.75,0,0.0,0,0,0,0.0,1,115,0,0,1477,147.70000000000002,0,0,0,0.0,0,0.0,0,0,43,0.0,0,{},0.0,22,0.9090909090909091,59,22,141,44,41,173,129,44,3,170,0,129,3,41,3,3,0,170,23,21,1,40,0,170,0,0,129,3,41,113,6,1.5309734513274336,0,10,2522,13.111212299998442,10.688652800083219,0.15063830000144662,0.19186950006405823,20.2538837999964,parallel_episode_batch,pending,-0.007402459078002721,0.0006075589148167637,0.47256958931684495,-0.011824374966090545,5.204369290368049e-06,0.0,0.9999874249100685,0.09813703678082675,0.0,0.36771997809410095,1.4309393167495728,0.2475559413433075,0.007659034803509712,0.03014598973095417,1.4232803583145142,0.2599817216396332,0.9851709604263306,5e-05,-0.30129486322402954,-0.3031686842441559,-0.20252518355846405,-0.20229926705360413,-0.20203141868114471,0.3016457259654999,-0.29862821102142334,-0.29963958263397217,-0.2013496607542038,-0.19902165234088898,-0.2012094408273697,0.01798621006309986,0.12213343381881714,0.01798621006309986,0.12018535286188126,0.0,1.5011504888534546,1.00868821144104
391,391,78,1,78,40,train_machine_bottleneck_1000078,1000078,machine_bottleneck,fixed_cost_dominant,0.0,1.0,0.0,group_anchor_1,290,290,0,0.0,290,0,0.0,0,0.0,1.7182732785019716,1.7807732785019716,-0.0625,1.7182732785019716,1.7807732785019719,-2.220446049250313e-16,quality,-1443.3000000000004,-780.7962448124802,-7.6158333333333355,1.0000000000000002,1.0,-0.43845344299605643,0.0,0.0,-0.0625,81,211.20000000000002,True,False,completed,1.0,1.0,1443.3000000000004,1443.3000000000004,780.7962448124802,7.6158333333333355,0.43098364060076205,0.43845344299605643,0.45020000000000004,0.24611981410000003,0.75,0,0.0,0,0,0,0.0,1,95,0,1,1607,160.70000000000002,0,0,0,0.0,0,0.0,0,0,45,0.0,0,{},0.0,19,0.9473684210526315,62,19,133,38,38,135,94,41,3,132,0,94,3,38,3,3,0,132,19,17,0,33,0,132,0,0,94,3,38,91,5,1.4835164835164836,0,10,2522,13.111212299998442,10.688652800083219,0.13535929999488872,0.22693439989961917,20.2538837999964,parallel_episode_batch,pending,-0.007402459078002721,0.0006075589148167637,0.47256958931684495,-0.011824374966090545,5.204369290368049e-06,0.0,0.9999874249100685,0.09813703678082675,0.0,0.36771997809410095,1.4309393167495728,0.2475559413433075,0.007659034803509712,0.03014598973095417,1.4232803583145142,0.2599817216396332,0.9851709604263306,5e-05,-0.30129486322402954,-0.3031686842441559,-0.20252518355846405,-0.20229926705360413,-0.20203141868114471,0.3016457259654999,-0.29862821102142334,-0.29963958263397217,-0.2013496607542038,-0.19902165234088898,-0.2012094408273697,0.01798621006309986,0.12213343381881714,0.01798621006309986,0.12018535286188126,0.0,1.5011504888534546,1.00868821144104
392,392,78,2,78,40,train_machine_bottleneck_1000078,1000078,machine_bottleneck,fixed_cost_dominant,0.0,0.0,1.0,group_anchor_2,310,310,0,0.0,310,0,0.0,0,0.0,1.8847071910916333,1.9472071910916333,-0.0625,1.8847071910916333,1.9472071910916326,6.661338147750939e-16,quality,-1411.6,-916.4451623047095,-5.902500000000003,1.0000000000000002,1.0,-0.10558561781673455,0.0,0.0,-0.0625,81,198.8,True,False,completed,1.0,1.0,1411.6,1411.6,916.4451623047095,5.902500000000003,0.43483307541332417,0.10558561781673455,0.4223,0.32756666666666673,0.75,0,0.0,0,0,1,0.005681818181818182,1,111,0,2,1528,152.8,0,0,0,0.0,0,0.0,0,0,43,0.0,0,{},0.0,22,0.9090909090909091,59,22,143,44,42,151,105,46,4,147,0,105,4,42,4,4,0,147,23,19,1,37,0,147,0,0,105,4,42,99,9,1.5252525252525253,0,10,2522,13.111212299998442,10.688652800083219,0.171593799997936,0.2210447999459575,20.2538837999964,parallel_episode_batch,pending,-0.007402459078002721,0.0006075589148167637,0.47256958931684495,-0.011824374966090545,5.204369290368049e-06,0.0,0.9999874249100685,0.09813703678082675,0.0,0.36771997809410095,1.4309393167495728,0.2475559413433075,0.007659034803509712,0.03014598973095417,1.4232803583145142,0.2599817216396332,0.9851709604263306,5e-05,-0.30129486322402954,-0.3031686842441559,-0.20252518355846405,-0.20229926705360413,-0.20203141868114471,0.3016457259654999,-0.29862821102142334,-0.29963958263397217,-0.2013496607542038,-0.19902165234088898,-0.2012094408273697,0.01798621006309986,0.12213343381881714,0.01798621006309986,0.12018535286188126,0.0,1.5011504888534546,1.00868821144104
393,393,78,3,78,40,train_machine_bottleneck_1000078,1000078,machine_bottleneck,fixed_cost_dominant,0.3333333333333333,0.3333333333333333,0.3333333333333333,group_anchor_3,303,303,0,0.0,303,0,0.0,0,0.0,1.7357737145501182,1.7982737145501182,-0.062499999999999986,1.7357737145501182,1.7982737145501182,0.0,quality,-1612.4999999999995,-908.7866537248697,-9.58888888888888,1.0000000000000002,1.0,-0.4034525708997637,0.0,0.0,-0.062499999999999986,81,217.4,True,False,completed,1.0,1.0,1612.4999999999995,1612.4999999999995,908.7866537248697,9.58888888888888,0.4616822407785238,0.4034525708997637,0.47440000000000004,0.3571833333333334,0.75,0,0.0,0,0,11,0.03985507246376811,1,105,2,4,1713,171.3,0,0,0,0.0,0,0.0,0,0,43,0.0,0,{},0.0,22,0.9090909090909091,59,22,141,44,37,140,96,44,7,133,0,96,7,37,7,7,0,133,25,21,4,35,3,133,0,0,96,7,37,85,8,1.6470588235294117,0,10,2522,13.111212299998442,10.688652800083219,0.14136229999712668,0.2695697000162909,20.2538837999964,parallel_episode_batch,pending,-0.007402459078002721,0.0006075589148167637,0.47256958931684495,-0.011824374966090545,5.204369290368049e-06,0.0,0.9999874249100685,0.09813703678082675,0.0,0.36771997809410095,1.4309393167495728,0.2475559413433075,0.007659034803509712,0.03014598973095417,1.4232803583145142,0.2599817216396332,0.9851709604263306,5e-05,-0.30129486322402954,-0.3031686842441559,-0.20252518355846405,-0.20229926705360413,-0.20203141868114471,0.3016457259654999,-0.29862821102142334,-0.29963958263397217,-0.2013496607542038,-0.19902165234088898,-0.2012094408273697,0.01798621006309986,0.12213343381881714,0.01798621006309986,0.12018535286188126,0.0,1.5011504888534546,1.00868821144104
394,394,78,4,78,40,train_machine_bottleneck_1000078,1000078,machine_bottleneck,fixed_cost_dominant,0.5,0.3,0.2,group_anchor_4,284,284,0,0.0,284,0,0.0,0,0.0,1.722366178597298,1.784866178597298,-0.0625,1.722366178597298,1.7848661785972983,-4.440892098500626e-16,quality,-1417.9999999999998,-753.0610161506298,-9.02472222222222,1.0000000000000002,1.0,-0.4302676428054033,0.0,0.0,-0.0625,81,196.3,True,False,completed,1.0,1.0,1417.9999999999998,1417.9999999999998,753.0610161506298,9.02472222222222,0.4302676428054033,0.4302676428054033,0.26,0.21293333333333334,0.75,0,0.0,0,0,0,0.0,1,93,0,2,1545,154.5,0,0,0,0.0,0,0.0,0,0,40,0.0,0,{},0.0,18,1.0,63,18,131,36,36,147,109,38,2,145,0,109,2,36,2,2,0,145,19,18,0,35,0,145,0,0,109,2,36,97,7,1.5154639175257731,0,10,2522,13.111212299998442,10.688652800083219,0.16167069999937667,0.259334100104752,20.2538837999964,parallel_episode_batch,pending,-0.007402459078002721,0.0006075589148167637,0.47256958931684495,-0.011824374966090545,5.204369290368049e-06,0.0,0.9999874249100685,0.09813703678082675,0.0,0.36771997809410095,1.4309393167495728,0.2475559413433075,0.007659034803509712,0.03014598973095417,1.4232803583145142,0.2599817216396332,0.9851709604263306,5e-05,-0.30129486322402954,-0.3031686842441559,-0.20252518355846405,-0.20229926705360413,-0.20203141868114471,0.3016457259654999,-0.29862821102142334,-0.29963958263397217,-0.2013496607542038,-0.19902165234088898,-0.2012094408273697,0.01798621006309986,0.12213343381881714,0.01798621006309986,0.12018535286188126,0.0,1.5011504888534546,1.00868821144104
395,395,79,0,79,40,train_balanced_1000079,1000079,balanced,downtime_dominant,1.0,0.0,0.0,group_anchor_0,195,195,0,0.0,195,0,0.0,0,0.0,1.752262354422411,1.814762354422411,-0.0625,1.752262354422411,1.814762354422411,0.0,quality,-706.2,-533.4449665950201,-1.7247222222222205,0.9999999999999999,1.0,-0.37047529115517785,0.0,0.0,-0.0625,60,222.0,True,False,completed,1.0,1.0,706.2,706.2,533.4449665950201,1.724722222222221,0.29626856553996733,0.37047529115517785,0.14700000000000002,0.13587082545,0.75,0,0.0,0,0,0,0.0,2,55,0,0,1917,191.70000000000002,0,0,0,0.0,0,0.0,0,0,35,0.0,0,{},0.0,10,1.0,50,10,95,20,20,112,92,20,0,112,0,92,0,20,0,0,0,112,10,10,0,20,0,112,0,0,92,0,20,77,4,1.4545454545454546,0,10,2522,13.111212299998442,10.688652800083219,0.13422300000092946,0.19485929997608764,20.2538837999964,parallel_episode_batch,pending,-0.007402459078002721,0.0006075589148167637,0.47256958931684495,-0.011824374966090545,5.204369290368049e-06,0.0,0.9999874249100685,0.09813703678082675,0.0,0.36771997809410095,1.4309393167495728,0.2475559413433075,0.007659034803509712,0.03014598973095417,1.4232803583145142,0.2599817216396332,0.9851709604263306,5e-05,-0.30129486322402954,-0.3031686842441559,-0.20252518355846405,-0.20229926705360413,-0.20203141868114471,0.3016457259654999,-0.29862821102142334,-0.29963958263397217,-0.2013496607542038,-0.19902165234088898,-0.2012094408273697,0.01798621006309986,0.12213343381881714,0.01798621006309986,0.12018535286188126,0.0,1.5011504888534546,1.00868821144104
396,396,79,1,79,40,train_balanced_1000079,1000079,balanced,downtime_dominant,0.0,1.0,0.0,group_anchor_1,224,224,0,0.0,224,0,0.0,0,0.0,1.7097214853201623,1.7722214853201623,-0.0625,1.7097214853201623,1.7722214853201623,0.0,quality,-890.3999999999996,-836.7396659082398,-9.73805555555556,0.9999999999999999,1.0,-0.4555570293596751,0.0,0.0,-0.0625,60,223.9,True,False,completed,1.0,1.0,890.3999999999996,890.3999999999996,836.7396659082398,9.73805555555556,0.38224322171059505,0.4555570293596751,0.28300000000000003,0.2193912223,0.75,0,0.0,0,0,0,0.0,1,88,0,2,1726,172.60000000000002,0,0,0,0.0,0,0.0,0,0,31,0.0,0,{},0.0,16,0.9375,44,16,103,32,29,109,78,31,2,107,0,78,2,29,2,2,0,107,13,16,0,27,0,107,0,0,78,2,29,70,9,1.5571428571428572,0,10,2522,13.111212299998442,10.688652800083219,0.1407517000043299,0.32304399996064603,20.2538837999964,parallel_episode_batch,pending,-0.007402459078002721,0.0006075589148167637,0.47256958931684495,-0.011824374966090545,5.204369290368049e-06,0.0,0.9999874249100685,0.09813703678082675,0.0,0.36771997809410095,1.4309393167495728,0.2475559413433075,0.007659034803509712,0.03014598973095417,1.4232803583145142,0.2599817216396332,0.9851709604263306,5e-05,-0.30129486322402954,-0.3031686842441559,-0.20252518355846405,-0.20229926705360413,-0.20203141868114471,0.3016457259654999,-0.29862821102142334,-0.29963958263397217,-0.2013496607542038,-0.19902165234088898,-0.2012094408273697,0.01798621006309986,0.12213343381881714,0.01798621006309986,0.12018535286188126,0.0,1.5011504888534546,1.00868821144104
397,397,79,2,79,40,train_balanced_1000079,1000079,balanced,downtime_dominant,0.0,0.0,1.0,group_anchor_2,219,219,0,0.0,219,0,0.0,0,0.0,1.901848364461871,1.964348364461871,-0.0625,1.901848364461871,1.9643483644618718,-6.661338147750939e-16,quality,-799.0000000000001,-735.8536357932898,-3.838888888888892,0.9999999999999999,1.0,-0.07130327107625638,0.0,0.0,-0.0625,60,226.60000000000002,True,False,completed,1.0,1.0,799.0000000000001,799.0000000000001,735.8536357932898,3.838888888888892,0.3412849481371874,0.07130327107625638,0.2506,0.20127532621666666,0.75,0,0.0,0,0,0,0.0,2,75,0,3,1793,179.3,0,0,0,0.0,0,0.0,0,0,29,0.0,0,{},0.0,14,1.0,46,14,104,28,27,99,72,27,0,99,0,72,0,27,0,0,0,99,14,12,1,25,0,99,0,0,72,0,27,72,4,1.375,0,10,2522,13.111212299998442,10.688652800083219,0.16424249999545282,0.3113454000267666,20.2538837999964,parallel_episode_batch,pending,-0.007402459078002721,0.0006075589148167637,0.47256958931684495,-0.011824374966090545,5.204369290368049e-06,0.0,0.9999874249100685,0.09813703678082675,0.0,0.36771997809410095,1.4309393167495728,0.2475559413433075,0.007659034803509712,0.03014598973095417,1.4232803583145142,0.2599817216396332,0.9851709604263306,5e-05,-0.30129486322402954,-0.3031686842441559,-0.20252518355846405,-0.20229926705360413,-0.20203141868114471,0.3016457259654999,-0.29862821102142334,-0.29963958263397217,-0.2013496607542038,-0.19902165234088898,-0.2012094408273697,0.01798621006309986,0.12213343381881714,0.01798621006309986,0.12018535286188126,0.0,1.5011504888534546,1.00868821144104
398,398,79,3,79,40,train_balanced_1000079,1000079,balanced,downtime_dominant,0.3333333333333333,0.3333333333333333,0.3333333333333333,group_anchor_3,195,195,0,0.0,195,0,0.0,0,0.0,1.7984192744808953,1.8609192744808953,-0.0625,1.7984192744808953,1.8609192744808951,2.220446049250313e-16,quality,-738.0000000000002,-471.44822599957007,-7.688888888888886,0.9999999999999999,1.0,-0.27816145103820966,0.0,0.0,-0.0625,60,228.70000000000002,True,False,completed,1.0,1.0,738.0000000000002,738.0000000000002,471.44822599957007,7.688888888888886,0.31317809941996066,0.27816145103820966,0.19610000000000002,0.14400865955,0.75,0,0.0,0,0,0,0.0,2,56,0,3,1999,199.9,0,0,0,0.0,0,0.0,0,0,25,0.0,0,{},0.0,10,1.0,50,10,97,20,18,93,75,18,0,93,0,75,0,18,0,0,0,93,8,10,1,17,0,93,0,0,75,0,18,69,4,1.3478260869565217,0,10,2522,13.111212299998442,10.688652800083219,0.13663850000011735,0.24435590011125896,20.2538837999964,parallel_episode_batch,pending,-0.007402459078002721,0.0006075589148167637,0.47256958931684495,-0.011824374966090545,5.204369290368049e-06,0.0,0.9999874249100685,0.09813703678082675,0.0,0.36771997809410095,1.4309393167495728,0.2475559413433075,0.007659034803509712,0.03014598973095417,1.4232803583145142,0.2599817216396332,0.9851709604263306,5e-05,-0.30129486322402954,-0.3031686842441559,-0.20252518355846405,-0.20229926705360413,-0.20203141868114471,0.3016457259654999,-0.29862821102142334,-0.29963958263397217,-0.2013496607542038,-0.19902165234088898,-0.2012094408273697,0.01798621006309986,0.12213343381881714,0.01798621006309986,0.12018535286188126,0.0,1.5011504888534546,1.00868821144104
399,399,79,4,79,40,train_balanced_1000079,1000079,balanced,downtime_dominant,0.5,0.3,0.2,group_anchor_4,195,195,0,0.0,195,0,0.0,0,0.0,1.789095254178306,1.851595254178306,-0.0625,1.789095254178306,1.8515952541783063,-2.220446049250313e-16,quality,-736.1000000000001,-483.9232189475402,-2.3225000000000002,0.9999999999999999,1.0,-0.2968094916433876,0.0,0.0,-0.0625,60,231.70000000000002,True,False,completed,1.0,1.0,736.1000000000001,736.1000000000001,483.9232189475402,2.3225000000000002,0.2968094916433876,0.2968094916433876,0.14700000000000002,0.1381165485166667,0.75,0,0.0,0,0,1,0.007246376811594203,2,56,0,1,1975,197.5,0,0,0,0.0,0,0.0,0,0,33,0.0,0,{},0.0,10,1.0,50,10,96,20,19,99,80,19,0,99,0,80,0,19,0,0,0,99,10,9,1,18,0,99,0,0,80,0,19,70,3,1.4142857142857144,0,10,2522,13.111212299998442,10.688652800083219,0.16819199999736156,0.21652399997401517,20.2538837999964,parallel_episode_batch,pending,-0.007402459078002721,0.0006075589148167637,0.47256958931684495,-0.011824374966090545,5.204369290368049e-06,0.0,0.9999874249100685,0.09813703678082675,0.0,0.36771997809410095,1.4309393167495728,0.2475559413433075,0.007659034803509712,0.03014598973095417,1.4232803583145142,0.2599817216396332,0.9851709604263306,5e-05,-0.30129486322402954,-0.3031686842441559,-0.20252518355846405,-0.20229926705360413,-0.20203141868114471,0.3016457259654999,-0.29862821102142334,-0.29963958263397217,-0.2013496607542038,-0.19902165234088898,-0.2012094408273697,0.01798621006309986,0.12213343381881714,0.01798621006309986,0.12018535286188126,0.0,1.5011504888534546,1.00868821144104
400,400,80,0,80,41,train_balanced_1000080,1000080,balanced,downtime_dominant,1.0,0.0,0.0,group_anchor_0,218,218,0,0.0,218,0,0.0,0,0.0,1.7459991516273328,1.8084991516273328,-0.0625,1.7459991516273328,1.808499151627333,-2.220446049250313e-16,quality,-744.9,-698.3408574880101,-7.795555555555558,1.0,1.0,-0.3830016967453339,0.0,0.0,-0.0625,65,219.5,True,False,completed,1.0,1.0,744.9,744.9,698.3408574880101,7.7955555555555565,0.34183417753666595,0.3830016967453339,0.2548,0.19943575575000003,0.75,0,0.0,0,0,0,0.0,1,67,0,0,1798,179.8,0,0,0,0.0,0,0.0,0,0,23,0.0,0,{},0.0,12,0.9166666666666666,53,12,105,24,24,127,102,25,1,126,0,102,1,24,1,1,0,126,13,12,0,24,0,126,0,0,102,1,24,87,5,1.4597701149425288,0,10,2458,12.798971600001096,10.384045700069692,0.15228209999622777,0.14936329998454312,19.990957400004845,parallel_episode_batch,pending,0.002718364330342947,0.000616887851113764,0.5536656574561045,-0.0025098494385393,2.258283040363223e-05,0.0,1.0001737024539556,0.10151783742297155,0.0,0.31161174178123474,1.4544079303741455,0.23563535511493683,0.009174901060760021,0.029096009209752083,1.4452329874038696,0.23817139863967896,0.9847529530525208,5e-05,-0.30103710293769836,-0.30331751704216003,-0.20255859196186066,-0.20240338146686554,-0.20199905335903168,0.3014014661312103,-0.29874691367149353,-0.29981306195259094,-0.20129705965518951,-0.19910433888435364,-0.20132234692573547,0.01798621006309986,0.12213534116744995,0.01798621006309986,0.1201772540807724,0.0,1.500270128250122,1.0089720487594604
401,401,80,1,80,41,train_balanced_1000080,1000080,balanced,downtime_dominant,0.0,1.0,0.0,group_anchor_1,214,214,0,0.0,214,0,0.0,0,0.0,1.7292586086134523,1.7917586086134523,-0.0625,1.7292586086134523,1.791758608613452,2.220446049250313e-16,quality,-928.1000000000001,-713.7454910968701,-12.292222222222227,1.0,1.0,-0.4164827827730958,0.0,0.0,-0.0625,65,232.70000000000002,True,False,completed,1.0,1.0,928.1000000000001,928.1000000000001,713.7454910968702,12.292222222222227,0.3824695114327089,0.4164827827730958,0.22650000000000003,0.165,0.75,0,0.0,0,0,1,0.003937007874015748,2,68,0,3,1918,191.8,0,0,0,0.0,0,0.0,0,0,22,0.0,0,{},0.0,12,0.9166666666666666,53,12,105,24,20,82,62,20,0,82,0,62,0,20,0,0,0,82,9,9,0,18,0,82,0,0,62,0,20,59,3,1.3898305084745763,0,10,2458,12.798971600001096,10.384045700069692,0.11984020000090823,0.24128400003246497,19.990957400004845,parallel_episode_batch,pending,0.002718364330342947,0.000616887851113764,0.5536656574561045,-0.0025098494385393,2.258283040363223e-05,0.0,1.0001737024539556,0.10151783742297155,0.0,0.31161174178123474,1.4544079303741455,0.23563535511493683,0.009174901060760021,0.029096009209752083,1.4452329874038696,0.23817139863967896,0.9847529530525208,5e-05,-0.30103710293769836,-0.30331751704216003,-0.20255859196186066,-0.20240338146686554,-0.20199905335903168,0.3014014661312103,-0.29874691367149353,-0.29981306195259094,-0.20129705965518951,-0.19910433888435364,-0.20132234692573547,0.01798621006309986,0.12213534116744995,0.01798621006309986,0.1201772540807724,0.0,1.500270128250122,1.0089720487594604
402,402,80,2,80,41,train_balanced_1000080,1000080,balanced,downtime_dominant,0.0,0.0,1.0,group_anchor_2,258,258,0,0.0,258,0,0.0,0,0.0,1.8299698125302526,1.8924698125302526,-0.0625,1.8299698125302526,1.8924698125302528,-2.220446049250313e-16,quality,-909.2000000000002,-1106.79961213302,-13.699166666666665,1.0,1.0,-0.21506037493949423,0.0,0.0,-0.0625,65,218.60000000000002,True,False,completed,1.0,1.0,909.2000000000002,909.2000000000002,1106.79961213302,13.699166666666665,0.41614795313327513,0.21506037493949423,0.3246000000000001,0.25681666666666675,0.75,0,0.0,0,0,0,0.0,1,98,0,3,1722,172.20000000000002,0,0,0,0.0,0,0.0,0,0,39,0.0,0,{},0.0,19,0.8421052631578947,46,19,121,38,34,125,88,37,3,122,0,88,3,34,3,3,0,122,14,18,1,28,0,122,0,0,88,3,34,81,7,1.5432098765432098,0,10,2458,12.798971600001096,10.384045700069692,0.14342219999525696,0.21743599999172147,19.990957400004845,parallel_episode_batch,pending,0.002718364330342947,0.000616887851113764,0.5536656574561045,-0.0025098494385393,2.258283040363223e-05,0.0,1.0001737024539556,0.10151783742297155,0.0,0.31161174178123474,1.4544079303741455,0.23563535511493683,0.009174901060760021,0.029096009209752083,1.4452329874038696,0.23817139863967896,0.9847529530525208,5e-05,-0.30103710293769836,-0.30331751704216003,-0.20255859196186066,-0.20240338146686554,-0.20199905335903168,0.3014014661312103,-0.29874691367149353,-0.29981306195259094,-0.20129705965518951,-0.19910433888435364,-0.20132234692573547,0.01798621006309986,0.12213534116744995,0.01798621006309986,0.1201772540807724,0.0,1.500270128250122,1.0089720487594604
403,403,80,3,80,41,train_balanced_1000080,1000080,balanced,downtime_dominant,0.3333333333333333,0.3333333333333333,0.3333333333333333,group_anchor_3,217,217,0,0.0,217,0,0.0,0,0.0,1.778944420664474,1.841444420664474,-0.0625,1.778944420664474,1.8414444206644742,-2.220446049250313e-16,quality,-850.7,-711.0781816795303,-6.878055555555555,1.0,1.0,-0.3171111586710517,0.0,0.0,-0.0625,65,224.9,True,False,completed,1.0,1.0,850.7,850.7,711.0781816795303,6.878055555555555,0.3562741998032063,0.3171111586710517,0.23690000000000005,0.1870015808666667,0.75,0,0.0,0,0,0,0.0,2,68,0,2,1830,183.0,0,0,0,0.0,0,0.0,0,0,41,0.0,0,{},0.0,12,1.0,53,12,106,24,22,102,80,22,0,102,0,80,0,22,0,0,0,102,10,12,1,21,0,102,0,0,80,0,22,71,4,1.4366197183098592,0,10,2458,12.798971600001096,10.384045700069692,0.1549631000016234,0.22990329999447567,19.990957400004845,parallel_episode_batch,pending,0.002718364330342947,0.000616887851113764,0.5536656574561045,-0.0025098494385393,2.258283040363223e-05,0.0,1.0001737024539556,0.10151783742297155,0.0,0.31161174178123474,1.4544079303741455,0.23563535511493683,0.009174901060760021,0.029096009209752083,1.4452329874038696,0.23817139863967896,0.9847529530525208,5e-05,-0.30103710293769836,-0.30331751704216003,-0.20255859196186066,-0.20240338146686554,-0.20199905335903168,0.3014014661312103,-0.29874691367149353,-0.29981306195259094,-0.20129705965518951,-0.19910433888435364,-0.20132234692573547,0.01798621006309986,0.12213534116744995,0.01798621006309986,0.1201772540807724,0.0,1.500270128250122,1.0089720487594604
404,404,80,4,80,41,train_balanced_1000080,1000080,balanced,downtime_dominant,0.5,0.3,0.2,group_anchor_4,227,227,0,0.0,227,0,0.0,0,0.0,1.7340338005261233,1.7965338005261233,-0.0625,1.7340338005261233,1.796533800526123,2.220446049250313e-16,quality,-809.5999999999999,-794.1325039288697,-28.56138888888889,1.0,1.0,-0.4069323989477539,0.0,0.0,-0.0625,65,227.4,True,False,completed,1.0,1.0,809.5999999999999,809.5999999999999,794.1325039288697,28.56138888888889,0.4069323989477539,0.4069323989477539,0.27590000000000003,0.20143491420000004,0.75,0,0.0,0,0,0,0.0,2,77,0,3,1797,179.70000000000002,0,0,0,0.0,0,0.0,0,0,26,0.0,0,{},0.0,14,1.0,51,14,108,28,26,111,85,26,0,111,0,85,0,26,0,0,0,111,12,14,0,26,0,111,0,0,85,0,26,77,3,1.4415584415584415,0,10,2458,12.798971600001096,10.384045700069692,0.1436639000021387,0.24685019995376933,19.990957400004845,parallel_episode_batch,pending,0.002718364330342947,0.000616887851113764,0.5536656574561045,-0.0025098494385393,2.258283040363223e-05,0.0,1.0001737024539556,0.10151783742297155,0.0,0.31161174178123474,1.4544079303741455,0.23563535511493683,0.009174901060760021,0.029096009209752083,1.4452329874038696,0.23817139863967896,0.9847529530525208,5e-05,-0.30103710293769836,-0.30331751704216003,-0.20255859196186066,-0.20240338146686554,-0.20199905335903168,0.3014014661312103,-0.29874691367149353,-0.29981306195259094,-0.20129705965518951,-0.19910433888435364,-0.20132234692573547,0.01798621006309986,0.12213534116744995,0.01798621006309986,0.1201772540807724,0.0,1.500270128250122,1.0089720487594604
405,405,81,0,81,41,train_machine_bottleneck_1000081,1000081,machine_bottleneck,balanced_cost,1.0,0.0,0.0,group_anchor_0,276,276,0,0.0,276,0,0.0,0,0.0,1.6741583836232399,1.7366583836232399,-0.0625,1.6741583836232399,1.7366583836232399,0.0,quality,-1335.2999999999997,-804.7468041879397,-8.408055555555553,1.0000000000000002,1.0,-0.5266832327535202,0.0,0.0,-0.0625,80,188.10000000000002,True,False,completed,1.0,1.0,1335.2999999999997,1335.2999999999997,804.7468041879397,8.408055555555553,0.42590405208503784,0.5266832327535202,0.24611377530000006,0.20301896255,0.75,0,0.0,0,0,0,0.0,1,91,0,1,1544,154.4,0,0,0,0.0,0,0.0,0,0,39,0.0,0,{},0.0,17,1.0,63,17,128,34,34,152,117,35,1,151,0,117,1,34,1,1,0,151,17,18,0,34,0,151,0,0,117,1,34,103,7,1.4757281553398058,0,10,2458,12.798971600001096,10.384045700069692,0.10951319999730913,0.20856749999074964,19.990957400004845,parallel_episode_batch,pending,0.002718364330342947,0.000616887851113764,0.5536656574561045,-0.0025098494385393,2.258283040363223e-05,0.0,1.0001737024539556,0.10151783742297155,0.0,0.31161174178123474,1.4544079303741455,0.23563535511493683,0.009174901060760021,0.029096009209752083,1.4452329874038696,0.23817139863967896,0.9847529530525208,5e-05,-0.30103710293769836,-0.30331751704216003,-0.20255859196186066,-0.20240338146686554,-0.20199905335903168,0.3014014661312103,-0.29874691367149353,-0.29981306195259094,-0.20129705965518951,-0.19910433888435364,-0.20132234692573547,0.01798621006309986,0.12213534116744995,0.01798621006309986,0.1201772540807724,0.0,1.500270128250122,1.0089720487594604
406,406,81,1,81,41,train_machine_bottleneck_1000081,1000081,machine_bottleneck,balanced_cost,0.0,1.0,0.0,group_anchor_1,249,249,0,0.0,249,0,0.0,0,0.0,1.751802069154106,1.814302069154106,-0.0625,1.751802069154106,1.814302069154106,0.0,quality,-1605.7000000000003,-590.8263071435401,-31.378055555555548,1.0000000000000002,1.0,-0.371395861691788,0.0,0.0,-0.0625,80,221.4,True,False,completed,1.0,1.0,1605.7000000000003,1605.7000000000003,590.8263071435401,31.378055555555548,0.4746851318157008,0.371395861691788,0.28641377530000006,0.1991856292166667,0.75,0,0.0,0,0,0,0.0,1,70,0,3,1914,191.4,0,0,0,0.0,0,0.0,0,0,40,0.0,0,{},0.0,13,0.9230769230769231,67,13,120,26,23,84,60,24,1,83,0,60,1,23,1,1,0,83,10,11,1,19,0,83,0,0,60,1,23,65,3,1.2923076923076924,0,10,2458,12.798971600001096,10.384045700069692,0.13188719999743626,0.417657100049837,19.990957400004845,parallel_episode_batch,pending,0.002718364330342947,0.000616887851113764,0.5536656574561045,-0.0025098494385393,2.258283040363223e-05,0.0,1.0001737024539556,0.10151783742297155,0.0,0.31161174178123474,1.4544079303741455,0.23563535511493683,0.009174901060760021,0.029096009209752083,1.4452329874038696,0.23817139863967896,0.9847529530525208,5e-05,-0.30103710293769836,-0.30331751704216003,-0.20255859196186066,-0.20240338146686554,-0.20199905335903168,0.3014014661312103,-0.29874691367149353,-0.29981306195259094,-0.20129705965518951,-0.19910433888435364,-0.20132234692573547,0.01798621006309986,0.12213534116744995,0.01798621006309986,0.1201772540807724,0.0,1.500270128250122,1.0089720487594604
407,407,81,2,81,41,train_machine_bottleneck_1000081,1000081,machine_bottleneck,balanced_cost,0.0,0.0,1.0,group_anchor_2,286,286,0,0.0,286,0,0.0,0,0.0,1.9193915851020544,1.9818915851020544,-0.0625,1.9193915851020544,1.981891585102054,4.440892098500626e-16,quality,-1498.5999999999995,-836.3861307651597,-1.8788888888888906,1.0000000000000002,1.0,-0.03621682979589218,0.0,0.0,-0.0625,80,211.9,True,False,completed,1.0,1.0,1498.5999999999995,1498.5999999999995,836.3861307651597,1.8788888888888906,0.4215415221072909,0.03621682979589218,0.2765268407,0.25085447345,0.75,0,0.0,0,0,0,0.0,1,97,0,6,1517,151.70000000000002,0,0,0,0.0,0,0.0,0,0,40,0.0,0,{},0.0,18,0.9444444444444444,62,18,134,36,36,128,90,38,2,126,0,90,2,36,2,2,0,126,19,17,0,34,0,126,0,0,90,2,36,91,6,1.4065934065934067,0,10,2458,12.798971600001096,10.384045700069692,0.136166600001161,0.3089745000252151,19.990957400004845,parallel_episode_batch,pending,0.002718364330342947,0.000616887851113764,0.5536656574561045,-0.0025098494385393,2.258283040363223e-05,0.0,1.0001737024539556,0.10151783742297155,0.0,0.31161174178123474,1.4544079303741455,0.23563535511493683,0.009174901060760021,0.029096009209752083,1.4452329874038696,0.23817139863967896,0.9847529530525208,5e-05,-0.30103710293769836,-0.30331751704216003,-0.20255859196186066,-0.20240338146686554,-0.20199905335903168,0.3014014661312103,-0.29874691367149353,-0.29981306195259094,-0.20129705965518951,-0.19910433888435364,-0.20132234692573547,0.01798621006309986,0.12213534116744995,0.01798621006309986,0.1201772540807724,0.0,1.500270128250122,1.0089720487594604
408,408,81,3,81,41,train_machine_bottleneck_1000081,1000081,machine_bottleneck,balanced_cost,0.3333333333333333,0.3333333333333333,0.3333333333333333,group_anchor_3,274,274,0,0.0,274,0,0.0,0,0.0,1.7420744389458171,1.8045744389458171,-0.0625,1.7420744389458171,1.8045744389458167,4.440892098500626e-16,quality,-1649.4999999999995,-780.3167983563701,-9.19805555555556,1.0000000000000002,1.0,-0.39085112210836653,0.0,0.0,-0.0625,80,205.0,True,False,completed,1.0,1.0,1649.4999999999995,1649.4999999999995,780.3167983563701,9.19805555555556,0.4520029408635407,0.39085112210836653,0.2807,0.22460000000000002,0.75,0,0.0,0,0,11,0.032448377581120944,1,83,0,3,1742,174.20000000000002,0,0,0,0.0,0,0.0,0,0,41,0.0,0,{},0.0,17,1.0,63,17,132,34,28,109,76,33,5,104,0,76,5,28,5,5,0,104,13,13,3,18,0,104,0,0,76,5,28,74,6,1.472972972972973,0,10,2458,12.798971600001096,10.384045700069692,0.10681810000096448,0.40127529994788347,19.990957400004845,parallel_episode_batch,pending,0.002718364330342947,0.000616887851113764,0.5536656574561045,-0.0025098494385393,2.258283040363223e-05,0.0,1.0001737024539556,0.10151783742297155,0.0,0.31161174178123474,1.4544079303741455,0.23563535511493683,0.009174901060760021,0.029096009209752083,1.4452329874038696,0.23817139863967896,0.9847529530525208,5e-05,-0.30103710293769836,-0.30331751704216003,-0.20255859196186066,-0.20240338146686554,-0.20199905335903168,0.3014014661312103,-0.29874691367149353,-0.29981306195259094,-0.20129705965518951,-0.19910433888435364,-0.20132234692573547,0.01798621006309986,0.12213534116744995,0.01798621006309986,0.1201772540807724,0.0,1.500270128250122,1.0089720487594604
409,409,81,4,81,41,train_machine_bottleneck_1000081,1000081,machine_bottleneck,balanced_cost,0.5,0.3,0.2,group_anchor_4,239,239,0,0.0,239,0,0.0,0,0.0,1.7391857548314706,1.8016857548314706,-0.0625,1.7391857548314706,1.8016857548314706,0.0,quality,-1386.599999999999,-511.82025282934006,-7.813333333333334,1.0000000000000002,1.0,-0.3966284903370588,0.0,0.0,-0.0625,80,212.9,True,False,completed,1.0,1.0,1386.599999999999,1386.599999999999,511.82025282934006,7.813333333333335,0.3966284903370588,0.3966284903370588,0.23082684070000004,0.19370447345000005,0.75,0,0.0,0,0,0,0.0,2,57,0,2,1895,189.5,0,0,0,0.0,0,0.0,0,0,42,0.0,0,{},0.0,11,0.9090909090909091,69,11,116,22,21,113,92,21,0,113,0,92,0,21,0,0,0,113,10,11,0,21,0,113,0,0,92,0,21,78,4,1.4487179487179487,0,10,2458,12.798971600001096,10.384045700069692,0.13259410000318894,0.20930650000082096,19.990957400004845,parallel_episode_batch,pending,0.002718364330342947,0.000616887851113764,0.5536656574561045,-0.0025098494385393,2.258283040363223e-05,0.0,1.0001737024539556,0.10151783742297155,0.0,0.31161174178123474,1.4544079303741455,0.23563535511493683,0.009174901060760021,0.029096009209752083,1.4452329874038696,0.23817139863967896,0.9847529530525208,5e-05,-0.30103710293769836,-0.30331751704216003,-0.20255859196186066,-0.20240338146686554,-0.20199905335903168,0.3014014661312103,-0.29874691367149353,-0.29981306195259094,-0.20129705965518951,-0.19910433888435364,-0.20132234692573547,0.01798621006309986,0.12213534116744995,0.01798621006309986,0.1201772540807724,0.0,1.500270128250122,1.0089720487594604
410,410,82,0,82,42,train_easy_1000082,1000082,easy,downtime_dominant,1.0,0.0,0.0,group_anchor_0,127,127,0,0.0,127,0,0.0,0,0.0,1.808465747495981,1.870965747495981,-0.0625,1.808465747495981,1.870965747495981,0.0,quality,-417.40000000000003,-245.18601122520005,-4.448888888888889,1.0,1.0,-0.2580685050080376,0.0,0.0,-0.0625,40,187.8,True,False,completed,1.0,1.0,417.40000000000003,417.40000000000003,245.18601122520005,4.448888888888889,0.2044479164371765,0.2580685050080376,0.18730000000000002,0.11107950340000002,0.75,0,0.0,0,0,0,0.0,2,35,0,0,1653,165.3,0,0,0,0.0,0,0.0,0,0,15,0.0,0,{},0.0,6,1.0,34,6,63,12,12,68,56,12,0,68,0,56,0,12,0,0,0,68,6,6,0,12,0,68,0,0,56,0,12,45,4,1.511111111111111,0,10,1347,7.212046799999371,5.183302499972342,0.18972159999975702,0.13003529998968588,8.318763399998716,parallel_episode_batch,pending,-0.024922821162776512,0.0011706173519831448,0.6184672794558785,-0.030522185801105065,9.900523406153832e-07,0.0,1.0000253712589091,0.10333075357431715,0.0,0.20867985486984253,1.4802181720733643,0.3274337947368622,-0.01686904951930046,0.040988363325595856,1.4970873594284058,0.34263643622398376,0.9843298196792603,2.5e-05,-0.3009328842163086,-0.3033270239830017,-0.20256422460079193,-0.20240984857082367,-0.20199263095855713,0.3013477325439453,-0.2987527847290039,-0.299841970205307,-0.20129898190498352,-0.1991329938173294,-0.2013023942708969,0.01798621006309986,0.12214525789022446,0.01798621006309986,0.1201767846941948,0.0,1.5002769231796265,1.0088812112808228
411,411,82,1,82,42,train_easy_1000082,1000082,easy,downtime_dominant,0.0,1.0,0.0,group_anchor_1,154,154,0,0.0,154,0,0.0,0,0.0,1.7594181485156608,1.8219181485156608,-0.0625,1.7594181485156608,1.8219181485156608,0.0,quality,-906.1999999999999,-553.1898474983798,-9.702222222222225,1.0,1.0,-0.3561637029686784,0.0,0.0,-0.0625,40,185.10000000000002,True,False,completed,1.0,1.0,906.1999999999999,906.1999999999999,553.1898474983798,9.702222222222225,0.3544779266757828,0.3561637029686784,0.32970000000000005,0.22794999999999999,0.75,0,0.0,0,0,0,0.0,2,63,0,1,1607,160.70000000000002,0,0,0,0.0,0,0.0,0,0,16,0.0,0,{},0.0,12,1.0,28,12,71,24,19,54,35,19,0,54,0,35,0,19,0,0,0,54,6,10,2,14,0,54,0,0,35,0,19,37,5,1.4594594594594594,0,10,1347,7.212046799999371,5.183302499972342,0.1884996000007959,0.28479399995558197,8.318763399998716,parallel_episode_batch,pending,-0.024922821162776512,0.0011706173519831448,0.6184672794558785,-0.030522185801105065,9.900523406153832e-07,0.0,1.0000253712589091,0.10333075357431715,0.0,0.20867985486984253,1.4802181720733643,0.3274337947368622,-0.01686904951930046,0.040988363325595856,1.4970873594284058,0.34263643622398376,0.9843298196792603,2.5e-05,-0.3009328842163086,-0.3033270239830017,-0.20256422460079193,-0.20240984857082367,-0.20199263095855713,0.3013477325439453,-0.2987527847290039,-0.299841970205307,-0.20129898190498352,-0.1991329938173294,-0.2013023942708969,0.01798621006309986,0.12214525789022446,0.01798621006309986,0.1201767846941948,0.0,1.5002769231796265,1.0088812112808228
412,412,82,2,82,42,train_easy_1000082,1000082,easy,downtime_dominant,0.0,0.0,1.0,group_anchor_2,132,132,0,0.0,132,0,0.0,0,0.0,1.9071967324763974,1.9696967324763974,-0.0625,1.9071967324763974,1.9696967324763976,-2.220446049250313e-16,quality,-464.70000000000016,-292.15059522819007,-3.2258333333333336,1.0,1.0,-0.06060653504720453,0.0,0.0,-0.0625,40,192.60000000000002,True,False,completed,1.0,1.0,464.70000000000016,464.70000000000016,292.15059522819007,3.2258333333333336,0.21952492454710745,0.06060653504720453,0.17010000000000003,0.11388491183333334,0.75,0,0.0,0,0,0,0.0,2,39,0,1,1742,174.20000000000002,0,0,0,0.0,0,0.0,0,0,18,0.0,0,{},0.0,7,1.0,33,7,66,14,12,62,50,12,0,62,0,50,0,12,0,0,0,62,4,7,1,10,0,62,0,0,50,0,12,40,3,1.55,0,10,1347,7.212046799999371,5.183302499972342,0.17585629999666708,0.19461669998418074,8.318763399998716,parallel_episode_batch,pending,-0.024922821162776512,0.0011706173519831448,0.6184672794558785,-0.030522185801105065,9.900523406153832e-07,0.0,1.0000253712589091,0.10333075357431715,0.0,0.20867985486984253,1.4802181720733643,0.3274337947368622,-0.01686904951930046,0.040988363325595856,1.4970873594284058,0.34263643622398376,0.9843298196792603,2.5e-05,-0.3009328842163086,-0.3033270239830017,-0.20256422460079193,-0.20240984857082367,-0.20199263095855713,0.3013477325439453,-0.2987527847290039,-0.299841970205307,-0.20129898190498352,-0.1991329938173294,-0.2013023942708969,0.01798621006309986,0.12214525789022446,0.01798621006309986,0.1201767846941948,0.0,1.5002769231796265,1.0088812112808228
413,413,82,3,82,42,train_easy_1000082,1000082,easy,downtime_dominant,0.3333333333333333,0.3333333333333333,0.3333333333333333,group_anchor_3,131,131,0,0.0,131,0,0.0,0,0.0,1.8417542202390562,1.9042542202390562,-0.0625,1.8417542202390562,1.9042542202390567,-4.440892098500626e-16,quality,-485.70000000000005,-290.70395261681,-3.254722222222223,1.0,1.0,-0.1914915595218869,0.0,0.0,-0.0625,40,198.5,True,False,completed,1.0,1.0,485.70000000000005,485.70000000000005,290.70395261681,3.2547222222222225,0.22385670322496284,0.1914915595218869,0.12600000000000003,0.10141666666666667,0.75,0,0.0,0,0,0,0.0,2,37,0,0,1796,179.60000000000002,0,0,0,0.0,0,0.0,0,0,13,0.0,0,{},0.0,7,1.0,33,7,64,14,13,61,48,13,0,61,0,48,0,13,0,0,0,61,6,5,0,11,0,61,0,0,48,0,13,43,5,1.4186046511627908,0,10,1347,7.212046799999371,5.183302499972342,0.16618520000338322,0.19438979999540607,8.318763399998716,parallel_episode_batch,pending,-0.024922821162776512,0.0011706173519831448,0.6184672794558785,-0.030522185801105065,9.900523406153832e-07,0.0,1.0000253712589091,0.10333075357431715,0.0,0.20867985486984253,1.4802181720733643,0.3274337947368622,-0.01686904951930046,0.040988363325595856,1.4970873594284058,0.34263643622398376,0.9843298196792603,2.5e-05,-0.3009328842163086,-0.3033270239830017,-0.20256422460079193,-0.20240984857082367,-0.20199263095855713,0.3013477325439453,-0.2987527847290039,-0.299841970205307,-0.20129898190498352,-0.1991329938173294,-0.2013023942708969,0.01798621006309986,0.12214525789022446,0.01798621006309986,0.1201767846941948,0.0,1.5002769231796265,1.0088812112808228
414,414,82,4,82,42,train_easy_1000082,1000082,easy,downtime_dominant,0.5,0.3,0.2,group_anchor_4,133,133,0,0.0,133,0,0.0,0,0.0,1.8309138635989177,1.8934138635989177,-0.0625,1.8309138635989177,1.8934138635989177,0.0,quality,-440.4,-294.85441943484017,-2.804722222222223,1.0,1.0,-0.2131722728021647,0.0,0.0,-0.0625,40,186.4,True,False,completed,1.0,1.0,440.4,440.4,294.85441943484017,2.804722222222223,0.2131722728021647,0.2131722728021647,0.11550000000000002,0.09735082933333335,0.75,0,0.0,0,0,0,0.0,2,40,0,1,1654,165.4,0,0,0,0.0,0,0.0,0,0,14,0.0,0,{},0.0,7,1.0,33,7,65,14,14,65,51,14,0,65,0,51,0,14,0,0,0,65,6,6,0,12,0,65,0,0,51,0,14,45,4,1.4444444444444444,0,10,1347,7.212046799999371,5.183302499972342,0.183452600002056,0.20850889996654587,8.318763399998716,parallel_episode_batch,pending,-0.024922821162776512,0.0011706173519831448,0.6184672794558785,-0.030522185801105065,9.900523406153832e-07,0.0,1.0000253712589091,0.10333075357431715,0.0,0.20867985486984253,1.4802181720733643,0.3274337947368622,-0.01686904951930046,0.040988363325595856,1.4970873594284058,0.34263643622398376,0.9843298196792603,2.5e-05,-0.3009328842163086,-0.3033270239830017,-0.20256422460079193,-0.20240984857082367,-0.20199263095855713,0.3013477325439453,-0.2987527847290039,-0.299841970205307,-0.20129898190498352,-0.1991329938173294,-0.2013023942708969,0.01798621006309986,0.12214525789022446,0.01798621006309986,0.1201767846941948,0.0,1.5002769231796265,1.0088812112808228
415,415,83,0,83,42,train_easy_1000083,1000083,easy,balanced_cost,1.0,0.0,0.0,group_anchor_0,128,128,0,0.0,128,0,0.0,0,0.0,1.8020864981466853,1.8645864981466853,-0.0625,1.8020864981466853,1.8645864981466853,0.0,quality,-445.70000000000016,-152.45586216219002,-4.888888888888889,0.9999999999999998,1.0,-0.27082700370662943,0.0,0.0,-0.0625,46,176.10000000000002,True,False,completed,1.0,1.0,445.70000000000016,445.70000000000016,152.45586216219002,4.888888888888889,0.1929136100446359,0.27082700370662943,0.12950000000000003,0.08682839998333332,0.75,0,0.0,0,0,0,0.0,2,23,0,0,1632,163.20000000000002,0,0,0,0.0,0,0.0,0,0,10,0.0,0,{},0.0,4,1.0,42,4,66,8,8,67,59,8,0,67,0,59,0,8,0,0,0,67,4,4,0,8,0,67,0,0,59,0,8,48,5,1.3958333333333333,0,10,1347,7.212046799999371,5.183302499972342,0.08007319999887841,0.13569369999459013,8.318763399998716,parallel_episode_batch,pending,-0.024922821162776512,0.0011706173519831448,0.6184672794558785,-0.030522185801105065,9.900523406153832e-07,0.0,1.0000253712589091,0.10333075357431715,0.0,0.20867985486984253,1.4802181720733643,0.3274337947368622,-0.01686904951930046,0.040988363325595856,1.4970873594284058,0.34263643622398376,0.9843298196792603,2.5e-05,-0.3009328842163086,-0.3033270239830017,-0.20256422460079193,-0.20240984857082367,-0.20199263095855713,0.3013477325439453,-0.2987527847290039,-0.299841970205307,-0.20129898190498352,-0.1991329938173294,-0.2013023942708969,0.01798621006309986,0.12214525789022446,0.01798621006309986,0.1201767846941948,0.0,1.5002769231796265,1.0088812112808228
416,416,83,1,83,42,train_easy_1000083,1000083,easy,balanced_cost,0.0,1.0,0.0,group_anchor_1,136,136,0,0.0,136,0,0.0,0,0.0,1.8417941339006263,1.9042941339006263,-0.0625,1.8417941339006263,1.9042941339006259,4.440892098500626e-16,quality,-656.4999999999999,-236.72336072750994,-2.361388888888889,0.9999999999999998,1.0,-0.19141173219874816,0.0,0.0,-0.0625,46,191.4,True,False,completed,1.0,1.0,656.4999999999999,656.4999999999999,236.72336072750994,2.361388888888889,0.2432543043358698,0.19141173219874816,0.22220000000000006,0.13334332895,0.75,0,0.0,0,0,3,0.015873015873015872,1,33,0,0,1800,180.0,0,0,0,0.0,0,0.0,0,0,9,0.0,0,{},0.0,6,1.0,40,6,69,12,9,54,45,9,0,54,0,45,0,9,0,0,0,54,4,5,1,8,0,54,0,0,45,0,9,38,5,1.4210526315789473,0,10,1347,7.212046799999371,5.183302499972342,0.09201549999852432,0.28540440001233947,8.318763399998716,parallel_episode_batch,pending,-0.024922821162776512,0.0011706173519831448,0.6184672794558785,-0.030522185801105065,9.900523406153832e-07,0.0,1.0000253712589091,0.10333075357431715,0.0,0.20867985486984253,1.4802181720733643,0.3274337947368622,-0.01686904951930046,0.040988363325595856,1.4970873594284058,0.34263643622398376,0.9843298196792603,2.5e-05,-0.3009328842163086,-0.3033270239830017,-0.20256422460079193,-0.20240984857082367,-0.20199263095855713,0.3013477325439453,-0.2987527847290039,-0.299841970205307,-0.20129898190498352,-0.1991329938173294,-0.2013023942708969,0.01798621006309986,0.12214525789022446,0.01798621006309986,0.1201767846941948,0.0,1.5002769231796265,1.0088812112808228
417,417,83,2,83,42,train_easy_1000083,1000083,easy,balanced_cost,0.0,0.0,1.0,group_anchor_2,134,134,0,0.0,134,0,0.0,0,0.0,1.9252520052026878,1.9877520052026878,-0.0625,1.9252520052026878,1.987752005202688,-2.220446049250313e-16,quality,-585.0999999999999,-194.15482556941996,-1.2555555555555555,0.9999999999999998,1.0,-0.024495989594623888,0.0,0.0,-0.0625,46,188.8,True,False,completed,1.0,1.0,585.0999999999999,585.0999999999999,194.15482556941996,1.2555555555555555,0.21755986882879128,0.02449598959462389,0.22750000000000004,0.12558333333333335,0.75,0,0.0,0,0,0,0.0,2,28,0,2,1777,177.70000000000002,0,0,0,0.0,0,0.0,0,0,14,0.0,0,{},0.0,5,1.0,41,5,70,10,8,48,40,8,0,48,0,40,0,8,0,0,0,48,3,5,1,7,0,48,0,0,40,0,8,33,4,1.4545454545454546,0,10,1347,7.212046799999371,5.183302499972342,0.08819699999730801,0.31291069999861065,8.318763399998716,parallel_episode_batch,pending,-0.024922821162776512,0.0011706173519831448,0.6184672794558785,-0.030522185801105065,9.900523406153832e-07,0.0,1.0000253712589091,0.10333075357431715,0.0,0.20867985486984253,1.4802181720733643,0.3274337947368622,-0.01686904951930046,0.040988363325595856,1.4970873594284058,0.34263643622398376,0.9843298196792603,2.5e-05,-0.3009328842163086,-0.3033270239830017,-0.20256422460079193,-0.20240984857082367,-0.20199263095855713,0.3013477325439453,-0.2987527847290039,-0.299841970205307,-0.20129898190498352,-0.1991329938173294,-0.2013023942708969,0.01798621006309986,0.12214525789022446,0.01798621006309986,0.1201767846941948,0.0,1.5002769231796265,1.0088812112808228
418,418,83,3,83,42,train_easy_1000083,1000083,easy,balanced_cost,0.3333333333333333,0.3333333333333333,0.3333333333333333,group_anchor_3,140,140,0,0.0,140,0,0.0,0,0.0,1.8561712170785047,1.9186712170785047,-0.0625,1.8561712170785047,1.9186712170785052,-4.440892098500626e-16,quality,-488.5999999999999,-215.14301945865992,-1.1022222222222224,0.9999999999999998,1.0,-0.1626575658429894,0.0,0.0,-0.0625,46,181.20000000000002,True,False,completed,1.0,1.0,488.5999999999999,488.5999999999999,215.14301945865992,1.1022222222222224,0.2021053376113754,0.1626575658429894,0.12950000000000003,0.10067717051666669,0.75,0,0.0,0,0,0,0.0,2,34,0,0,1614,161.4,0,0,0,0.0,0,0.0,0,0,15,0.0,0,{},0.0,6,1.0,40,6,70,12,12,66,54,12,0,66,0,54,0,12,0,0,0,66,5,6,0,11,0,66,0,0,54,0,12,46,5,1.434782608695652,0,10,1347,7.212046799999371,5.183302499972342,0.09674620000441791,0.17479830000957008,8.318763399998716,parallel_episode_batch,pending,-0.024922821162776512,0.0011706173519831448,0.6184672794558785,-0.030522185801105065,9.900523406153832e-07,0.0,1.0000253712589091,0.10333075357431715,0.0,0.20867985486984253,1.4802181720733643,0.3274337947368622,-0.01686904951930046,0.040988363325595856,1.4970873594284058,0.34263643622398376,0.9843298196792603,2.5e-05,-0.3009328842163086,-0.3033270239830017,-0.20256422460079193,-0.20240984857082367,-0.20199263095855713,0.3013477325439453,-0.2987527847290039,-0.299841970205307,-0.20129898190498352,-0.1991329938173294,-0.2013023942708969,0.01798621006309986,0.12214525789022446,0.01798621006309986,0.1201767846941948,0.0,1.5002769231796265,1.0088812112808228
419,419,83,4,83,42,train_easy_1000083,1000083,easy,balanced_cost,0.5,0.3,0.2,group_anchor_4,132,132,0,0.0,132,0,0.0,0,0.0,1.8303637979769518,1.8928637979769518,-0.0625,1.8303637979769518,1.8928637979769514,4.440892098500626e-16,quality,-544.5000000000001,-183.70305674750998,-3.093333333333334,0.9999999999999998,1.0,-0.2142724040460971,0.0,0.0,-0.0625,46,188.3,True,False,completed,1.0,1.0,544.5000000000001,544.5000000000001,183.70305674750998,3.093333333333334,0.2142724040460971,0.2142724040460971,0.12950000000000003,0.09312694700000002,0.75,0,0.0,0,0,0,0.0,3,30,0,0,1732,173.20000000000002,0,0,0,0.0,0,0.0,0,0,13,0.0,0,{},0.0,5,1.0,41,5,67,10,9,53,44,9,0,53,0,44,0,9,0,0,0,53,5,5,1,9,0,53,0,0,44,0,9,38,5,1.394736842105263,0,10,1347,7.212046799999371,5.183302499972342,0.08460080000077141,0.24411570002121152,8.318763399998716,parallel_episode_batch,pending,-0.024922821162776512,0.0011706173519831448,0.6184672794558785,-0.030522185801105065,9.900523406153832e-07,0.0,1.0000253712589091,0.10333075357431715,0.0,0.20867985486984253,1.4802181720733643,0.3274337947368622,-0.01686904951930046,0.040988363325595856,1.4970873594284058,0.34263643622398376,0.9843298196792603,2.5e-05,-0.3009328842163086,-0.3033270239830017,-0.20256422460079193,-0.20240984857082367,-0.20199263095855713,0.3013477325439453,-0.2987527847290039,-0.299841970205307,-0.20129898190498352,-0.1991329938173294,-0.2013023942708969,0.01798621006309986,0.12214525789022446,0.01798621006309986,0.1201767846941948,0.0,1.5002769231796265,1.0088812112808228
420,420,84,0,84,43,train_balanced_1000084,1000084,balanced,fixed_cost_dominant,1.0,0.0,0.0,group_anchor_0,189,189,0,0.0,189,0,0.0,0,0.0,1.7517842176942011,1.8142842176942011,-0.0625,1.7517842176942011,1.8142842176942016,-4.440892098500626e-16,quality,-709.0999999999999,-343.8808780145799,-6.968888888888887,1.0,1.0,-0.37143156461159704,0.0,0.0,-0.0625,62,217.20000000000002,True,False,completed,1.0,1.0,709.0999999999999,709.0999999999999,343.8808780145799,6.9688888888888885,0.286947306070051,0.37143156461159704,0.1505,0.13571666666666668,0.75,0,0.0,0,0,0,0.0,2,50,0,0,1917,191.70000000000002,0,0,0,0.0,0,0.0,0,0,27,0.0,0,{},0.0,9,1.0,53,9,91,18,18,104,86,18,0,104,0,86,0,18,0,0,0,104,9,9,0,18,0,104,0,0,86,0,18,76,3,1.368421052631579,0,10,2537,13.689159899993683,10.826307699979225,0.1285965999995824,0.14428689999476774,20.70245060000161,parallel_episode_batch,pending,0.00011711969273164868,0.0006531190880195936,0.4817023050040007,-0.004373343923361972,7.668655422321536e-06,0.0,1.000020556896925,0.10292991790920496,0.0,0.18326884508132935,1.4935706853866577,0.23054200410842896,0.010412420146167278,0.027192585170269012,1.4831583499908447,0.22658315300941467,0.9860876202583313,2.5e-05,-0.3007732927799225,-0.3033524453639984,-0.2025834172964096,-0.20242996513843536,-0.2019987851381302,0.3012441098690033,-0.29876822233200073,-0.2999010980129242,-0.2012547254562378,-0.19918301701545715,-0.20135459303855896,0.01798621006309986,0.12212366610765457,0.01798621006309986,0.12017212063074112,0.0,1.5003159046173096,1.0089811086654663
421,421,84,1,84,43,train_balanced_1000084,1000084,balanced,fixed_cost_dominant,0.0,1.0,0.0,group_anchor_1,201,201,0,0.0,201,0,0.0,0,0.0,1.8026938191595052,1.8651938191595052,-0.06250000000000003,1.8026938191595052,1.8651938191595052,0.0,quality,-884.8000000000002,-369.13598688704997,-15.614722222222227,1.0,1.0,-0.2696123616809896,0.0,0.0,-0.06250000000000003,62,232.20000000000002,True,False,completed,1.0,1.0,884.8000000000002,884.8000000000002,369.13598688704997,15.614722222222227,0.34068149679479875,0.2696123616809896,0.1779,0.13560000000000003,0.75,0,0.0,0,0,1,0.004347826086956522,2,54,0,1,2014,201.4,0,0,0,0.0,0,0.0,0,0,27,0.0,0,{},0.0,10,1.0,52,10,99,20,20,85,65,20,0,85,0,65,0,20,0,0,0,85,10,10,0,20,0,85,0,0,65,0,20,59,4,1.4406779661016949,0,10,2537,13.689159899993683,10.826307699979225,0.1436792999957106,0.2922430000253371,20.70245060000161,parallel_episode_batch,pending,0.00011711969273164868,0.0006531190880195936,0.4817023050040007,-0.004373343923361972,7.668655422321536e-06,0.0,1.000020556896925,0.10292991790920496,0.0,0.18326884508132935,1.4935706853866577,0.23054200410842896,0.010412420146167278,0.027192585170269012,1.4831583499908447,0.22658315300941467,0.9860876202583313,2.5e-05,-0.3007732927799225,-0.3033524453639984,-0.2025834172964096,-0.20242996513843536,-0.2019987851381302,0.3012441098690033,-0.29876822233200073,-0.2999010980129242,-0.2012547254562378,-0.19918301701545715,-0.20135459303855896,0.01798621006309986,0.12212366610765457,0.01798621006309986,0.12017212063074112,0.0,1.5003159046173096,1.0089811086654663
422,422,84,2,84,43,train_balanced_1000084,1000084,balanced,fixed_cost_dominant,0.0,0.0,1.0,group_anchor_2,239,239,0,0.0,239,0,0.0,0,0.0,1.91533889396224,1.97783889396224,-0.0625,1.91533889396224,1.97783889396224,0.0,quality,-925.1999999999997,-698.4773346408001,-2.3188888888888894,1.0,1.0,-0.04432221207551979,0.0,0.0,-0.0625,62,229.70000000000002,True,False,completed,1.0,1.0,925.1999999999997,925.1999999999997,698.4773346408001,2.3188888888888894,0.3499092810480106,0.04432221207551979,0.2623,0.18456666666666668,0.75,0,0.0,0,0,1,0.004405286343612335,2,102,0,2,1748,174.8,0,0,0,0.0,0,0.0,0,0,29,0.0,0,{},0.0,18,1.0,44,18,110,36,31,101,70,31,0,101,0,70,0,31,0,0,0,101,12,16,2,26,0,101,0,0,70,0,31,65,3,1.5538461538461539,0,10,2537,13.689159899993683,10.826307699979225,0.11445649999950547,0.2953396999510005,20.70245060000161,parallel_episode_batch,pending,0.00011711969273164868,0.0006531190880195936,0.4817023050040007,-0.004373343923361972,7.668655422321536e-06,0.0,1.000020556896925,0.10292991790920496,0.0,0.18326884508132935,1.4935706853866577,0.23054200410842896,0.010412420146167278,0.027192585170269012,1.4831583499908447,0.22658315300941467,0.9860876202583313,2.5e-05,-0.3007732927799225,-0.3033524453639984,-0.2025834172964096,-0.20242996513843536,-0.2019987851381302,0.3012441098690033,-0.29876822233200073,-0.2999010980129242,-0.2012547254562378,-0.19918301701545715,-0.20135459303855896,0.01798621006309986,0.12212366610765457,0.01798621006309986,0.12017212063074112,0.0,1.5003159046173096,1.0089811086654663
423,423,84,3,84,43,train_balanced_1000084,1000084,balanced,fixed_cost_dominant,0.3333333333333333,0.3333333333333333,0.3333333333333333,group_anchor_3,186,186,0,0.0,186,0,0.0,0,0.0,1.8212010821470472,1.8837010821470472,-0.0625,1.8212010821470472,1.8837010821470477,-4.440892098500626e-16,quality,-704.1000000000003,-298.71889655379994,-5.432500000000001,1.0,1.0,-0.2325978357059047,0.0,0.0,-0.0625,62,214.5,True,False,completed,1.0,1.0,704.1000000000003,704.1000000000003,298.71889655379994,5.432500000000001,0.2734940444552147,0.2325978357059047,0.15820000000000004,0.12386666666666668,0.75,0,0.0,0,0,0,0.0,2,46,0,1,1885,188.5,0,0,0,0.0,0,0.0,0,0,27,0.0,0,{},0.0,8,1.0,54,8,92,16,16,99,83,16,0,99,0,83,0,16,0,0,0,99,8,8,0,16,0,99,0,0,83,0,16,72,3,1.375,0,10,2537,13.689159899993683,10.826307699979225,0.12817980000545504,0.14607090006029466,20.70245060000161,parallel_episode_batch,pending,0.00011711969273164868,0.0006531190880195936,0.4817023050040007,-0.004373343923361972,7.668655422321536e-06,0.0,1.000020556896925,0.10292991790920496,0.0,0.18326884508132935,1.4935706853866577,0.23054200410842896,0.010412420146167278,0.027192585170269012,1.4831583499908447,0.22658315300941467,0.9860876202583313,2.5e-05,-0.3007732927799225,-0.3033524453639984,-0.2025834172964096,-0.20242996513843536,-0.2019987851381302,0.3012441098690033,-0.29876822233200073,-0.2999010980129242,-0.2012547254562378,-0.19918301701545715,-0.20135459303855896,0.01798621006309986,0.12212366610765457,0.01798621006309986,0.12017212063074112,0.0,1.5003159046173096,1.0089811086654663
424,424,84,4,84,43,train_balanced_1000084,1000084,balanced,fixed_cost_dominant,0.5,0.3,0.2,group_anchor_4,212,212,0,0.0,212,0,0.0,0,0.0,1.7739246888223086,1.8364246888223086,-0.0625,1.7739246888223086,1.8364246888223086,0.0,quality,-789.9000000000003,-511.39289674174006,-7.858888888888889,1.0,1.0,-0.32715062235538295,0.0,0.0,-0.0625,62,216.9,True,False,completed,1.0,1.0,789.9000000000003,789.9000000000003,511.39289674174006,7.858888888888889,0.32715062235538295,0.32715062235538295,0.28049999999999997,0.1995666666666667,0.75,0,0.0,0,0,0,0.0,2,71,0,0,1809,180.9,0,0,0,0.0,0,0.0,0,0,36,0.0,0,{},0.0,13,0.9230769230769231,49,13,98,26,26,107,81,26,0,107,0,81,0,26,0,0,0,107,12,12,0,24,0,107,0,0,81,0,26,76,4,1.4078947368421053,0,10,2537,13.689159899993683,10.826307699979225,0.13306759999977658,0.24350010004854994,20.70245060000161,parallel_episode_batch,pending,0.00011711969273164868,0.0006531190880195936,0.4817023050040007,-0.004373343923361972,7.668655422321536e-06,0.0,1.000020556896925,0.10292991790920496,0.0,0.18326884508132935,1.4935706853866577,0.23054200410842896,0.010412420146167278,0.027192585170269012,1.4831583499908447,0.22658315300941467,0.9860876202583313,2.5e-05,-0.3007732927799225,-0.3033524453639984,-0.2025834172964096,-0.20242996513843536,-0.2019987851381302,0.3012441098690033,-0.29876822233200073,-0.2999010980129242,-0.2012547254562378,-0.19918301701545715,-0.20135459303855896,0.01798621006309986,0.12212366610765457,0.01798621006309986,0.12017212063074112,0.0,1.5003159046173096,1.0089811086654663
425,425,85,0,85,43,train_reconfiguration_bottleneck_1000085,1000085,reconfiguration_bottleneck,balanced_cost,1.0,0.0,0.0,group_anchor_0,301,301,0,0.0,301,0,0.0,0,0.0,1.6696622039931899,1.7321622039931899,-0.0625,1.6696622039931899,1.7321622039931899,0.0,quality,-1384.4000000000003,-1255.8874954996502,-6.354722222222226,1.0000000000000002,1.0,-0.5356755920136201,0.0,0.0,-0.0625,82,189.5,True,False,completed,1.0,1.0,1384.4000000000003,1384.4000000000003,1255.8874954996502,6.354722222222225,0.45740502187431137,0.5356755920136201,0.6345338732,0.5676026068666666,0.75,3,0.02830188679245283,0,0,1,0.0072992700729927005,1,103,0,2,1336,133.6,0,0,0,0.0,0,0.0,0,0,47,0.0,0,{},0.0,21,1.0,61,21,137,42,40,171,127,44,4,167,0,127,4,40,4,4,0,167,24,22,2,40,2,167,0,0,127,4,40,110,5,1.5545454545454545,0,10,2537,13.689159899993683,10.826307699979225,0.4125346000000718,0.22901610007102136,20.70245060000161,parallel_episode_batch,pending,0.00011711969273164868,0.0006531190880195936,0.4817023050040007,-0.004373343923361972,7.668655422321536e-06,0.0,1.000020556896925,0.10292991790920496,0.0,0.18326884508132935,1.4935706853866577,0.23054200410842896,0.010412420146167278,0.027192585170269012,1.4831583499908447,0.22658315300941467,0.9860876202583313,2.5e-05,-0.3007732927799225,-0.3033524453639984,-0.2025834172964096,-0.20242996513843536,-0.2019987851381302,0.3012441098690033,-0.29876822233200073,-0.2999010980129242,-0.2012547254562378,-0.19918301701545715,-0.20135459303855896,0.01798621006309986,0.12212366610765457,0.01798621006309986,0.12017212063074112,0.0,1.5003159046173096,1.0089811086654663
426,426,85,1,85,43,train_reconfiguration_bottleneck_1000085,1000085,reconfiguration_bottleneck,balanced_cost,0.0,1.0,0.0,group_anchor_1,317,317,0,0.0,317,0,0.0,0,0.0,1.6535346685998822,1.7160346685998822,-0.06249999999999997,1.6535346685998822,1.7160346685998822,0.0,quality,-1662.3999999999999,-1314.4433402309596,-18.22222222222221,1.0000000000000002,1.0,-0.5679306628002354,0.0,0.0,-0.06249999999999997,82,222.8,True,False,completed,1.0,1.0,1662.3999999999999,1662.3999999999999,1314.4433402309596,18.22222222222221,0.5141850846096032,0.5679306628002354,0.7186,0.6094585470666666,0.75,7,0.06666666666666667,4,4,42,0.11864406779661017,0,97,2,10,1659,165.9,0,0,0,0.0,0,0.0,0,0,56,0.0,0,{},2.9000000000000004,22,0.9090909090909091,60,22,148,44,43,142,89,53,10,132,0,89,10,43,10,10,0,132,23,34,3,40,8,132,0,0,89,10,43,76,18,1.868421052631579,0,10,2537,13.689159899993683,10.826307699979225,0.41386530000454513,0.3814177999374806,20.70245060000161,parallel_episode_batch,pending,0.00011711969273164868,0.0006531190880195936,0.4817023050040007,-0.004373343923361972,7.668655422321536e-06,0.0,1.000020556896925,0.10292991790920496,0.0,0.18326884508132935,1.4935706853866577,0.23054200410842896,0.010412420146167278,0.027192585170269012,1.4831583499908447,0.22658315300941467,0.9860876202583313,2.5e-05,-0.3007732927799225,-0.3033524453639984,-0.2025834172964096,-0.20242996513843536,-0.2019987851381302,0.3012441098690033,-0.29876822233200073,-0.2999010980129242,-0.2012547254562378,-0.19918301701545715,-0.20135459303855896,0.01798621006309986,0.12212366610765457,0.01798621006309986,0.12017212063074112,0.0,1.5003159046173096,1.0089811086654663
427,427,85,2,85,43,train_reconfiguration_bottleneck_1000085,1000085,reconfiguration_bottleneck,balanced_cost,0.0,0.0,1.0,group_anchor_2,287,287,0,0.0,287,0,0.0,0,0.0,1.8680478482175318,1.9305478482175318,-0.0625,1.8680478482175318,1.9305478482175318,0.0,quality,-1487.7,-1027.340345165381,-8.06555555555556,1.0000000000000002,1.0,-0.13890430356493624,0.0,0.0,-0.0625,82,194.10000000000002,True,False,completed,1.0,1.0,1487.7,1487.7,1027.340345165381,8.06555555555556,0.45656453277553577,0.13890430356493624,0.5711000000000002,0.49912009701666676,0.75,0,0.0,0,0,2,0.0076045627376425855,1,87,1,4,1455,145.5,0,0,0,0.0,0,0.0,0,0,54,0.0,0,{},0.0,18,1.0,64,18,134,36,35,125,85,40,5,120,0,85,5,35,5,5,0,120,19,16,0,30,1,120,0,0,85,5,35,79,8,1.5822784810126582,0,10,2537,13.689159899993683,10.826307699979225,0.3842830000066897,0.3391034999876865,20.70245060000161,parallel_episode_batch,pending,0.00011711969273164868,0.0006531190880195936,0.4817023050040007,-0.004373343923361972,7.668655422321536e-06,0.0,1.000020556896925,0.10292991790920496,0.0,0.18326884508132935,1.4935706853866577,0.23054200410842896,0.010412420146167278,0.027192585170269012,1.4831583499908447,0.22658315300941467,0.9860876202583313,2.5e-05,-0.3007732927799225,-0.3033524453639984,-0.2025834172964096,-0.20242996513843536,-0.2019987851381302,0.3012441098690033,-0.29876822233200073,-0.2999010980129242,-0.2012547254562378,-0.19918301701545715,-0.20135459303855896,0.01798621006309986,0.12212366610765457,0.01798621006309986,0.12017212063074112,0.0,1.5003159046173096,1.0089811086654663
428,428,85,3,85,43,train_reconfiguration_bottleneck_1000085,1000085,reconfiguration_bottleneck,balanced_cost,0.3333333333333333,0.3333333333333333,0.3333333333333333,group_anchor_3,300,300,0,0.0,300,0,0.0,0,0.0,1.6961141745940398,1.7586141745940398,-0.0625,1.6961141745940398,1.75861417459404,-2.220446049250313e-16,quality,-1461.5,-1173.7065516042906,-28.031388888888895,1.0000000000000002,1.0,-0.48277165081192003,0.0,0.0,-0.0625,82,203.3,True,False,completed,1.0,1.0,1461.5,1461.5,1173.7065516042906,28.031388888888895,0.5083965504428984,0.48277165081192003,0.6905611859,0.5512802946666667,0.75,1,0.009615384615384616,0,0,2,0.009345794392523364,1,103,1,3,1520,152.0,0,0,0,0.0,0,0.0,0,0,45,0.0,0,{},0.0,20,1.0,62,20,140,40,38,134,94,40,2,132,0,94,2,38,2,2,0,132,20,18,1,35,1,132,0,0,94,2,38,95,6,1.4105263157894736,0,10,2537,13.689159899993683,10.826307699979225,0.41204710000602063,0.29850539998005843,20.70245060000161,parallel_episode_batch,pending,0.00011711969273164868,0.0006531190880195936,0.4817023050040007,-0.004373343923361972,7.668655422321536e-06,0.0,1.000020556896925,0.10292991790920496,0.0,0.18326884508132935,1.4935706853866577,0.23054200410842896,0.010412420146167278,0.027192585170269012,1.4831583499908447,0.22658315300941467,0.9860876202583313,2.5e-05,-0.3007732927799225,-0.3033524453639984,-0.2025834172964096,-0.20242996513843536,-0.2019987851381302,0.3012441098690033,-0.29876822233200073,-0.2999010980129242,-0.2012547254562378,-0.19918301701545715,-0.20135459303855896,0.01798621006309986,0.12212366610765457,0.01798621006309986,0.12017212063074112,0.0,1.5003159046173096,1.0089811086654663
429,429,85,4,85,43,train_reconfiguration_bottleneck_1000085,1000085,reconfiguration_bottleneck,balanced_cost,0.5,0.3,0.2,group_anchor_4,305,305,0,0.0,305,0,0.0,0,0.0,1.6966918187632634,1.7591918187632634,-0.0625,1.6966918187632634,1.7591918187632631,2.220446049250313e-16,quality,-1442.5000000000002,-1297.4789017668106,-12.20916666666667,1.0000000000000002,1.0,-0.48161636247347384,0.0,0.0,-0.0625,82,188.5,True,False,completed,1.0,1.0,1442.5000000000002,1442.5000000000002,1297.4789017668106,12.209166666666674,0.48161636247347384,0.48161636247347384,0.6575000000000002,0.5343063318833334,0.75,2,0.019230769230769232,0,0,21,0.0958904109589041,1,101,0,1,1358,135.8,0,0,0,0.0,0,0.0,0,0,52,0.0,0,{},0.0,22,0.9545454545454546,60,22,139,44,40,166,119,47,7,159,0,119,7,40,7,7,0,159,22,26,3,38,1,159,0,0,119,7,40,92,6,1.8043478260869565,0,10,2537,13.689159899993683,10.826307699979225,0.43963029999576975,0.2586189999274211,20.70245060000161,parallel_episode_batch,pending,0.00011711969273164868,0.0006531190880195936,0.4817023050040007,-0.004373343923361972,7.668655422321536e-06,0.0,1.000020556896925,0.10292991790920496,0.0,0.18326884508132935,1.4935706853866577,0.23054200410842896,0.010412420146167278,0.027192585170269012,1.4831583499908447,0.22658315300941467,0.9860876202583313,2.5e-05,-0.3007732927799225,-0.3033524453639984,-0.2025834172964096,-0.20242996513843536,-0.2019987851381302,0.3012441098690033,-0.29876822233200073,-0.2999010980129242,-0.2012547254562378,-0.19918301701545715,-0.20135459303855896,0.01798621006309986,0.12212366610765457,0.01798621006309986,0.12017212063074112,0.0,1.5003159046173096,1.0089811086654663
430,430,86,0,86,44,train_high_arrival_pressure_1000086,1000086,high_arrival_pressure,downtime_dominant,1.0,0.0,0.0,group_anchor_0,275,275,0,0.0,275,0,0.0,0,0.0,1.6723796241926014,1.7348796241926014,-0.0625,1.6723796241926014,1.7348796241926012,2.220446049250313e-16,quality,-1354.5000000000002,-1072.1697518452293,-9.215833333333345,1.0,1.0,-0.5302407516147976,0.0,0.0,-0.0625,75,150.1,True,False,completed,1.0,1.0,1354.5000000000002,1354.5000000000002,1072.1697518452293,9.215833333333341,0.4514708392056229,0.5302407516147976,0.4338000000000001,0.337277444,0.75,0,0.0,0,0,3,0.018518518518518517,1,93,0,0,1126,112.60000000000001,0,0,0,0.0,0,0.0,0,0,35,0.0,0,{},0.0,19,0.9473684210526315,56,19,126,38,36,164,122,42,6,158,0,122,6,36,6,6,0,158,21,22,1,36,0,158,0,0,122,6,36,99,8,1.6565656565656566,0,10,2893,15.577328500003205,12.441769200035196,0.1407279999984894,0.1785006000136491,23.70838250000088,parallel_episode_batch,pending,-0.0044612567264424715,0.0006603779522423713,0.4537425637245178,-0.008668493398505709,2.697265622447523e-06,0.0,1.0000034227319385,0.06822619837222864,0.0,0.19388152658939362,1.5899264812469482,0.20583310723304749,0.005814851261675358,0.03609131649136543,1.5841116905212402,0.18458405137062073,0.9692549705505371,2.5e-05,-0.3008025586605072,-0.303387850522995,-0.20261748135089874,-0.20245249569416046,-0.20202800631523132,0.3012445271015167,-0.29873397946357727,-0.30000177025794983,-0.2012525200843811,-0.1991642564535141,-0.2014540433883667,0.01798621006309986,0.12211090326309204,0.01798621006309986,0.12026534974575043,0.0,1.500035047531128,1.00943922996521
431,431,86,1,86,44,train_high_arrival_pressure_1000086,1000086,high_arrival_pressure,downtime_dominant,0.0,1.0,0.0,group_anchor_1,263,263,0,0.0,263,0,0.0,0,0.0,1.6863109176259639,1.7488109176259639,-0.0625,1.6863109176259639,1.748810917625964,-2.220446049250313e-16,quality,-1396.1,-1009.5581205630497,-4.7455555555555575,1.0,1.0,-0.502378164748072,0.0,0.0,-0.0625,75,146.6,True,False,completed,1.0,1.0,1396.1,1396.1,1009.5581205630497,4.7455555555555575,0.43693431490642876,0.502378164748072,0.3975000000000001,0.2862,0.75,0,0.0,0,0,1,0.0033444816053511705,1,82,0,3,1076,107.60000000000001,0,0,0,0.0,0,0.0,0,0,32,0.0,0,{},0.0,17,0.8235294117647058,58,17,123,34,31,119,84,35,4,115,0,84,4,31,4,4,0,115,14,20,1,29,0,115,0,0,84,4,31,74,11,1.6081081081081081,0,10,2893,15.577328500003205,12.441769200035196,0.12428849999560043,0.23092979998182273,23.70838250000088,parallel_episode_batch,pending,-0.0044612567264424715,0.0006603779522423713,0.4537425637245178,-0.008668493398505709,2.697265622447523e-06,0.0,1.0000034227319385,0.06822619837222864,0.0,0.19388152658939362,1.5899264812469482,0.20583310723304749,0.005814851261675358,0.03609131649136543,1.5841116905212402,0.18458405137062073,0.9692549705505371,2.5e-05,-0.3008025586605072,-0.303387850522995,-0.20261748135089874,-0.20245249569416046,-0.20202800631523132,0.3012445271015167,-0.29873397946357727,-0.30000177025794983,-0.2012525200843811,-0.1991642564535141,-0.2014540433883667,0.01798621006309986,0.12211090326309204,0.01798621006309986,0.12026534974575043,0.0,1.500035047531128,1.00943922996521
432,432,86,2,86,44,train_high_arrival_pressure_1000086,1000086,high_arrival_pressure,downtime_dominant,0.0,0.0,1.0,group_anchor_2,239,239,0,0.0,239,0,0.0,0,0.0,1.853873662977905,1.916373662977905,-0.0625,1.853873662977905,1.9163736629779045,4.440892098500626e-16,quality,-1428.4,-758.51145112178,-10.042222222222227,1.0,1.0,-0.1672526740441912,0.0,0.0,-0.0625,75,144.70000000000002,True,False,completed,1.0,1.0,1428.4,1428.4,758.51145112178,10.042222222222227,0.4345759454781524,0.1672526740441912,0.28540000000000004,0.2541546021166667,0.75,0,0.0,0,0,1,0.0032679738562091504,1,71,0,2,1187,118.7,0,0,0,0.0,0,0.0,0,0,33,0.0,0,{},0.0,13,0.9230769230769231,62,13,117,26,21,95,72,23,2,93,0,72,2,21,2,2,0,93,11,11,1,19,0,93,0,0,72,2,21,63,5,1.507936507936508,0,10,2893,15.577328500003205,12.441769200035196,0.14126609999948414,0.24852819994703168,23.70838250000088,parallel_episode_batch,pending,-0.0044612567264424715,0.0006603779522423713,0.4537425637245178,-0.008668493398505709,2.697265622447523e-06,0.0,1.0000034227319385,0.06822619837222864,0.0,0.19388152658939362,1.5899264812469482,0.20583310723304749,0.005814851261675358,0.03609131649136543,1.5841116905212402,0.18458405137062073,0.9692549705505371,2.5e-05,-0.3008025586605072,-0.303387850522995,-0.20261748135089874,-0.20245249569416046,-0.20202800631523132,0.3012445271015167,-0.29873397946357727,-0.30000177025794983,-0.2012525200843811,-0.1991642564535141,-0.2014540433883667,0.01798621006309986,0.12211090326309204,0.01798621006309986,0.12026534974575043,0.0,1.500035047531128,1.00943922996521
433,433,86,3,86,44,train_high_arrival_pressure_1000086,1000086,high_arrival_pressure,downtime_dominant,0.3333333333333333,0.3333333333333333,0.3333333333333333,group_anchor_3,256,256,0,0.0,256,0,0.0,0,0.0,1.7449430816417544,1.8074430816417544,-0.0625,1.7449430816417544,1.807443081641754,4.440892098500626e-16,quality,-1424.500000000001,-864.1093863030399,-8.755833333333333,1.0,1.0,-0.385113836716492,0.0,0.0,-0.0625,75,140.8,True,False,completed,1.0,1.0,1424.500000000001,1424.500000000001,864.1093863030399,8.755833333333333,0.4402543968710306,0.385113836716492,0.3078,0.24864886338333336,0.75,0,0.0,0,0,0,0.0,1,78,0,4,1097,109.7,0,0,0,0.0,0,0.0,0,0,40,0.0,0,{},0.0,15,1.0,60,15,123,30,28,123,94,29,1,122,0,94,1,28,1,1,0,122,15,15,1,28,0,122,0,0,94,1,28,86,6,1.430232558139535,0,10,2893,15.577328500003205,12.441769200035196,0.12162040000112029,0.19895769999857293,23.70838250000088,parallel_episode_batch,pending,-0.0044612567264424715,0.0006603779522423713,0.4537425637245178,-0.008668493398505709,2.697265622447523e-06,0.0,1.0000034227319385,0.06822619837222864,0.0,0.19388152658939362,1.5899264812469482,0.20583310723304749,0.005814851261675358,0.03609131649136543,1.5841116905212402,0.18458405137062073,0.9692549705505371,2.5e-05,-0.3008025586605072,-0.303387850522995,-0.20261748135089874,-0.20245249569416046,-0.20202800631523132,0.3012445271015167,-0.29873397946357727,-0.30000177025794983,-0.2012525200843811,-0.1991642564535141,-0.2014540433883667,0.01798621006309986,0.12211090326309204,0.01798621006309986,0.12026534974575043,0.0,1.500035047531128,1.00943922996521
434,434,86,4,86,44,train_high_arrival_pressure_1000086,1000086,high_arrival_pressure,downtime_dominant,0.5,0.3,0.2,group_anchor_4,258,258,0,0.0,258,0,0.0,0,0.0,1.6909123820452563,1.7534123820452563,-0.0625,1.6909123820452563,1.753412382045256,2.220446049250313e-16,quality,-1347.2999999999993,-899.1503900758695,-38.2488888888889,1.0,1.0,-0.493175235909488,0.0,0.0,-0.0625,75,148.3,True,False,completed,1.0,1.0,1347.2999999999993,1347.2999999999993,899.1503900758695,38.2488888888889,0.493175235909488,0.493175235909488,0.4457,0.2917182342666667,0.75,0,0.0,0,0,5,0.02617801047120419,1,69,1,2,1251,125.10000000000001,0,0,0,0.0,0,0.0,0,0,33,0.0,0,{},0.0,16,0.8125,59,16,122,32,29,138,102,36,7,131,0,102,7,29,7,7,0,131,18,18,2,27,1,131,0,0,102,7,29,84,7,1.6428571428571428,0,10,2893,15.577328500003205,12.441769200035196,0.14020029999664985,0.2582489998821984,23.70838250000088,parallel_episode_batch,pending,-0.0044612567264424715,0.0006603779522423713,0.4537425637245178,-0.008668493398505709,2.697265622447523e-06,0.0,1.0000034227319385,0.06822619837222864,0.0,0.19388152658939362,1.5899264812469482,0.20583310723304749,0.005814851261675358,0.03609131649136543,1.5841116905212402,0.18458405137062073,0.9692549705505371,2.5e-05,-0.3008025586605072,-0.303387850522995,-0.20261748135089874,-0.20245249569416046,-0.20202800631523132,0.3012445271015167,-0.29873397946357727,-0.30000177025794983,-0.2012525200843811,-0.1991642564535141,-0.2014540433883667,0.01798621006309986,0.12211090326309204,0.01798621006309986,0.12026534974575043,0.0,1.500035047531128,1.00943922996521
435,435,87,0,87,44,train_reconfiguration_bottleneck_1000087,1000087,reconfiguration_bottleneck,fixed_cost_dominant,1.0,0.0,0.0,group_anchor_0,315,315,0,0.0,315,0,0.0,0,0.0,1.6750673107380423,1.7375673107380423,-0.0625,1.6750673107380423,1.7375673107380425,-2.220446049250313e-16,quality,-1325.5999999999995,-1204.5120863719008,-37.36472222222223,1.0,1.0,-0.524865378523915,0.0,0.0,-0.0625,78,183.5,True,False,completed,1.0,1.0,1325.5999999999995,1325.5999999999995,1204.5120863719008,37.36472222222222,0.5118854780305034,0.524865378523915,0.7497921776,0.6866509938166665,0.75,25,0.24509803921568626,4,4,110,0.541871921182266,0,77,6,1,1319,131.9,0,0,0,0.0,0,0.0,0,0,52,0.0,0,{},3.5,23,0.8695652173913043,55,23,144,46,47,204,137,67,20,184,0,137,20,47,20,20,0,184,34,39,2,47,49,184,0,0,137,20,47,100,8,2.04,0,10,2893,15.577328500003205,12.441769200035196,0.6639491000023554,0.2974422000334016,23.70838250000088,parallel_episode_batch,pending,-0.0044612567264424715,0.0006603779522423713,0.4537425637245178,-0.008668493398505709,2.697265622447523e-06,0.0,1.0000034227319385,0.06822619837222864,0.0,0.19388152658939362,1.5899264812469482,0.20583310723304749,0.005814851261675358,0.03609131649136543,1.5841116905212402,0.18458405137062073,0.9692549705505371,2.5e-05,-0.3008025586605072,-0.303387850522995,-0.20261748135089874,-0.20245249569416046,-0.20202800631523132,0.3012445271015167,-0.29873397946357727,-0.30000177025794983,-0.2012525200843811,-0.1991642564535141,-0.2014540433883667,0.01798621006309986,0.12211090326309204,0.01798621006309986,0.12026534974575043,0.0,1.500035047531128,1.00943922996521
436,436,87,1,87,44,train_reconfiguration_bottleneck_1000087,1000087,reconfiguration_bottleneck,fixed_cost_dominant,0.0,1.0,0.0,group_anchor_1,307,307,0,0.0,307,0,0.0,0,0.0,1.6626062144912113,1.7251062144912113,-0.0625,1.6626062144912113,1.7251062144912113,0.0,quality,-1346.6999999999998,-1221.1736851872702,-16.02333333333333,1.0,1.0,-0.5497875710175772,0.0,0.0,-0.0625,78,195.4,True,False,completed,1.0,1.0,1346.6999999999998,1346.6999999999998,1221.1736851872702,16.02333333333333,0.47787565633785367,0.5497875710175772,0.7496,0.6489343271500002,0.75,19,0.1557377049180328,0,0,47,0.16433566433566432,1,102,4,3,1542,154.20000000000002,0,0,0,0.0,0,0.0,0,0,41,0.0,0,{},0.0,24,0.9583333333333334,54,24,143,48,38,140,90,50,12,128,0,90,12,38,12,12,0,128,26,25,6,33,26,128,0,0,90,12,38,79,6,1.7721518987341771,0,10,2893,15.577328500003205,12.441769200035196,0.6335439000031329,0.4072741000636597,23.70838250000088,parallel_episode_batch,pending,-0.0044612567264424715,0.0006603779522423713,0.4537425637245178,-0.008668493398505709,2.697265622447523e-06,0.0,1.0000034227319385,0.06822619837222864,0.0,0.19388152658939362,1.5899264812469482,0.20583310723304749,0.005814851261675358,0.03609131649136543,1.5841116905212402,0.18458405137062073,0.9692549705505371,2.5e-05,-0.3008025586605072,-0.303387850522995,-0.20261748135089874,-0.20245249569416046,-0.20202800631523132,0.3012445271015167,-0.29873397946357727,-0.30000177025794983,-0.2012525200843811,-0.1991642564535141,-0.2014540433883667,0.01798621006309986,0.12211090326309204,0.01798621006309986,0.12026534974575043,0.0,1.500035047531128,1.00943922996521
437,437,87,2,87,44,train_reconfiguration_bottleneck_1000087,1000087,reconfiguration_bottleneck,fixed_cost_dominant,0.0,0.0,1.0,group_anchor_2,316,316,0,0.0,316,0,0.0,0,0.0,1.8584226624761473,1.9209226624761473,-0.0625,1.8584226624761473,1.9209226624761477,-4.440892098500626e-16,quality,-1344.3999999999999,-1173.9477816246206,-9.393333333333329,1.0,1.0,-0.15815467504770453,0.0,0.0,-0.0625,78,195.5,True,False,completed,1.0,1.0,1344.3999999999999,1344.3999999999999,1173.9477816246206,9.39333333333333,0.4578211609032888,0.15815467504770453,0.7316921776,0.6812843271500001,0.75,23,0.19166666666666668,5,5,37,0.1689497716894977,0,97,2,4,1479,147.9,0,0,0,0.0,0,0.0,0,0,52,0.0,0,{},3.7,23,0.9565217391304348,55,23,144,46,48,161,103,58,10,151,0,103,10,48,10,10,0,151,25,36,2,44,25,151,0,0,103,10,48,91,7,1.7692307692307692,0,10,2893,15.577328500003205,12.441769200035196,0.6696817000047304,0.347921500026132,23.70838250000088,parallel_episode_batch,pending,-0.0044612567264424715,0.0006603779522423713,0.4537425637245178,-0.008668493398505709,2.697265622447523e-06,0.0,1.0000034227319385,0.06822619837222864,0.0,0.19388152658939362,1.5899264812469482,0.20583310723304749,0.005814851261675358,0.03609131649136543,1.5841116905212402,0.18458405137062073,0.9692549705505371,2.5e-05,-0.3008025586605072,-0.303387850522995,-0.20261748135089874,-0.20245249569416046,-0.20202800631523132,0.3012445271015167,-0.29873397946357727,-0.30000177025794983,-0.2012525200843811,-0.1991642564535141,-0.2014540433883667,0.01798621006309986,0.12211090326309204,0.01798621006309986,0.12026534974575043,0.0,1.500035047531128,1.00943922996521
438,438,87,3,87,44,train_reconfiguration_bottleneck_1000087,1000087,reconfiguration_bottleneck,fixed_cost_dominant,0.3333333333333333,0.3333333333333333,0.3333333333333333,group_anchor_3,352,352,0,0.0,352,0,0.0,0,0.0,1.7305550630498692,1.7930550630498692,-0.0625,1.7305550630498692,1.7930550630498692,0.0,quality,-1469.0,-1453.1299682628194,-5.488888888888903,1.0,1.0,-0.4138898739002616,0.0,0.0,-0.0625,78,208.8,True,False,completed,1.0,1.0,1469.0,1469.0,1453.1299682628194,5.488888888888905,0.47268769741993255,0.4138898739002616,0.7500000000000001,0.73520229755,0.75,112,0.5517241379310345,22,22,201,0.5303430079155673,0,89,8,4,1245,124.5,0,0,0,0.0,0,0.0,0,0,40,0.0,0,{},36.1,26,0.8846153846153846,52,26,156,52,66,212,125,87,21,191,0,125,21,66,21,21,0,191,32,76,5,60,77,191,0,0,125,21,66,93,13,2.2795698924731185,0,10,2893,15.577328500003205,12.441769200035196,0.6603897000022698,0.4273994999603019,23.70838250000088,parallel_episode_batch,pending,-0.0044612567264424715,0.0006603779522423713,0.4537425637245178,-0.008668493398505709,2.697265622447523e-06,0.0,1.0000034227319385,0.06822619837222864,0.0,0.19388152658939362,1.5899264812469482,0.20583310723304749,0.005814851261675358,0.03609131649136543,1.5841116905212402,0.18458405137062073,0.9692549705505371,2.5e-05,-0.3008025586605072,-0.303387850522995,-0.20261748135089874,-0.20245249569416046,-0.20202800631523132,0.3012445271015167,-0.29873397946357727,-0.30000177025794983,-0.2012525200843811,-0.1991642564535141,-0.2014540433883667,0.01798621006309986,0.12211090326309204,0.01798621006309986,0.12026534974575043,0.0,1.500035047531128,1.00943922996521
439,439,87,4,87,44,train_reconfiguration_bottleneck_1000087,1000087,reconfiguration_bottleneck,fixed_cost_dominant,0.5,0.3,0.2,group_anchor_4,312,312,0,0.0,312,0,0.0,0,0.0,1.716395740412065,1.778895740412065,-0.0625,1.716395740412065,1.778895740412065,0.0,quality,-1370.2999999999995,-1240.6691617220201,-2.502500000000007,1.0,1.0,-0.4422085191758697,0.0,0.0,-0.0625,78,182.8,True,False,completed,1.0,1.0,1370.2999999999995,1370.2999999999995,1240.6691617220201,2.5025000000000053,0.4422085191758697,0.4422085191758697,0.7499829224000001,0.6784185714,0.75,22,0.18032786885245902,3,3,77,0.30677290836653387,0,100,2,1,1298,129.8,0,0,0,0.0,0,0.0,0,0,48,0.0,0,{},1.6,24,0.9583333333333334,54,24,140,48,46,170,115,55,9,161,0,115,9,46,9,9,0,161,28,32,3,45,26,161,0,0,115,9,46,99,9,1.7171717171717171,0,10,2893,15.577328500003205,12.441769200035196,0.6568101000011666,0.30780600001162384,23.70838250000088,parallel_episode_batch,pending,-0.0044612567264424715,0.0006603779522423713,0.4537425637245178,-0.008668493398505709,2.697265622447523e-06,0.0,1.0000034227319385,0.06822619837222864,0.0,0.19388152658939362,1.5899264812469482,0.20583310723304749,0.005814851261675358,0.03609131649136543,1.5841116905212402,0.18458405137062073,0.9692549705505371,2.5e-05,-0.3008025586605072,-0.303387850522995,-0.20261748135089874,-0.20245249569416046,-0.20202800631523132,0.3012445271015167,-0.29873397946357727,-0.30000177025794983,-0.2012525200843811,-0.1991642564535141,-0.2014540433883667,0.01798621006309986,0.12211090326309204,0.01798621006309986,0.12026534974575043,0.0,1.500035047531128,1.00943922996521
440,440,88,0,88,45,train_balanced_1000088,1000088,balanced,balanced_cost,1.0,0.0,0.0,group_anchor_0,276,276,0,0.0,276,0,0.0,0,0.0,1.7134001241550556,1.7759001241550556,-0.0625,1.7134001241550556,1.7759001241550558,-2.220446049250313e-16,quality,-974.6999999999999,-889.1243944874705,-32.50222222222222,1.0,1.0,-0.4481997516898883,0.0,0.0,-0.0625,73,213.8,True,False,completed,1.0,1.0,974.6999999999999,974.6999999999999,889.1243944874705,32.50222222222222,0.44408728966531846,0.4481997516898883,0.39980000000000004,0.2863166666666667,0.75,0,0.0,0,0,5,0.046296296296296294,1,96,1,1,1639,163.9,0,0,0,0.0,0,0.0,0,0,38,0.0,0,{},0.0,20,0.95,53,20,124,40,39,164,119,45,6,158,0,119,6,39,6,6,0,158,22,23,1,38,2,158,0,0,119,6,39,101,6,1.6237623762376239,0,10,2583,13.336483500002942,10.867369599975063,0.16516630000114674,0.17669980001664953,20.717688899996574,parallel_episode_batch,pending,0.0007724499488930876,0.0004983664190016188,0.4717679310862611,-0.0036960451738772596,1.3317926513145832e-06,0.0,0.9999990804893214,0.06285463137234129,0.0,0.13093245029449463,1.565261960029602,0.2770255506038666,0.0025588739663362503,0.027726348489522934,1.562703013420105,0.2700304687023163,0.9899828433990479,2.5e-05,-0.30068305134773254,-0.3032642900943756,-0.20254530012607574,-0.2023685872554779,-0.20194467902183533,0.3010883033275604,-0.2987116873264313,-0.2999243140220642,-0.20125730335712433,-0.19914907217025757,-0.20143325626850128,0.01798621006309986,0.12211163341999054,0.01798621006309986,0.12025205045938492,0.0,1.4999802112579346,1.009595274925232
441,441,88,1,88,45,train_balanced_1000088,1000088,balanced,balanced_cost,0.0,1.0,0.0,group_anchor_1,287,287,0,0.0,287,0,0.0,0,0.0,1.694994511806506,1.757494511806506,-0.0625,1.694994511806506,1.757494511806506,0.0,quality,-1028.7999999999995,-941.7889588874999,-1.9191666666666654,1.0,1.0,-0.4850109763869883,0.0,0.0,-0.0625,73,211.4,True,False,completed,1.0,1.0,1028.7999999999995,1028.7999999999995,941.7889588874999,1.9191666666666636,0.3836930366941561,0.4850109763869883,0.33620000000000005,0.2730333333333333,0.75,0,0.0,0,0,0,0.0,1,105,0,3,1578,157.8,0,0,0,0.0,0,0.0,0,0,37,0.0,0,{},0.0,21,0.9523809523809523,52,21,132,42,40,138,95,43,3,135,0,95,3,40,3,3,0,135,19,21,0,37,0,135,0,0,95,3,40,89,9,1.550561797752809,0,10,2583,13.336483500002942,10.867369599975063,0.14634469999873545,0.22163170005660504,20.717688899996574,parallel_episode_batch,pending,0.0007724499488930876,0.0004983664190016188,0.4717679310862611,-0.0036960451738772596,1.3317926513145832e-06,0.0,0.9999990804893214,0.06285463137234129,0.0,0.13093245029449463,1.565261960029602,0.2770255506038666,0.0025588739663362503,0.027726348489522934,1.562703013420105,0.2700304687023163,0.9899828433990479,2.5e-05,-0.30068305134773254,-0.3032642900943756,-0.20254530012607574,-0.2023685872554779,-0.20194467902183533,0.3010883033275604,-0.2987116873264313,-0.2999243140220642,-0.20125730335712433,-0.19914907217025757,-0.20143325626850128,0.01798621006309986,0.12211163341999054,0.01798621006309986,0.12025205045938492,0.0,1.4999802112579346,1.009595274925232
442,442,88,2,88,45,train_balanced_1000088,1000088,balanced,balanced_cost,0.0,0.0,1.0,group_anchor_2,287,287,0,0.0,287,0,0.0,0,0.0,1.9158264950360335,1.9783264950360335,-0.0625,1.9158264950360335,1.978326495036034,-4.440892098500626e-16,quality,-1092.1000000000001,-899.7793964784696,-2.2655555555555575,1.0,1.0,-0.04334700992793216,0.0,0.0,-0.0625,73,228.20000000000002,True,False,completed,1.0,1.0,1092.1000000000001,1092.1000000000001,899.7793964784696,2.2655555555555567,0.38898764657225454,0.04334700992793216,0.34419999999999995,0.27036666666666664,0.75,0,0.0,0,0,0,0.0,1,110,0,6,1721,172.10000000000002,0,0,0,0.0,0,0.0,0,0,38,0.0,0,{},0.0,20,1.0,53,20,135,40,39,126,86,40,1,125,0,86,1,39,1,1,0,125,15,16,0,30,0,125,0,0,86,1,39,86,4,1.4651162790697674,0,10,2583,13.336483500002942,10.867369599975063,0.1587816000028397,0.26163870011805557,20.717688899996574,parallel_episode_batch,pending,0.0007724499488930876,0.0004983664190016188,0.4717679310862611,-0.0036960451738772596,1.3317926513145832e-06,0.0,0.9999990804893214,0.06285463137234129,0.0,0.13093245029449463,1.565261960029602,0.2770255506038666,0.0025588739663362503,0.027726348489522934,1.562703013420105,0.2700304687023163,0.9899828433990479,2.5e-05,-0.30068305134773254,-0.3032642900943756,-0.20254530012607574,-0.2023685872554779,-0.20194467902183533,0.3010883033275604,-0.2987116873264313,-0.2999243140220642,-0.20125730335712433,-0.19914907217025757,-0.20143325626850128,0.01798621006309986,0.12211163341999054,0.01798621006309986,0.12025205045938492,0.0,1.4999802112579346,1.009595274925232
443,443,88,3,88,45,train_balanced_1000088,1000088,balanced,balanced_cost,0.3333333333333333,0.3333333333333333,0.3333333333333333,group_anchor_3,276,276,0,0.0,276,0,0.0,0,0.0,1.7573384524502123,1.8198384524502123,-0.0625,1.7573384524502123,1.8198384524502127,-4.440892098500626e-16,quality,-1129.0999999999997,-865.8699706847201,-7.612499999999997,1.0,1.0,-0.3603230950995745,0.0,0.0,-0.0625,73,214.9,True,False,completed,1.0,1.0,1129.0999999999997,1129.0999999999997,865.8699706847201,7.612499999999996,0.4080334129358612,0.3603230950995745,0.3710000000000001,0.2850333333333334,0.75,0,0.0,0,0,0,0.0,1,99,0,4,1648,164.8,0,0,0,0.0,0,0.0,0,0,37,0.0,0,{},0.0,19,0.8947368421052632,54,19,127,38,38,129,90,39,1,128,0,90,1,38,1,1,0,128,19,17,0,35,0,128,0,0,90,1,38,86,6,1.5,0,10,2583,13.336483500002942,10.867369599975063,0.13148769999679644,0.2314382999902591,20.717688899996574,parallel_episode_batch,pending,0.0007724499488930876,0.0004983664190016188,0.4717679310862611,-0.0036960451738772596,1.3317926513145832e-06,0.0,0.9999990804893214,0.06285463137234129,0.0,0.13093245029449463,1.565261960029602,0.2770255506038666,0.0025588739663362503,0.027726348489522934,1.562703013420105,0.2700304687023163,0.9899828433990479,2.5e-05,-0.30068305134773254,-0.3032642900943756,-0.20254530012607574,-0.2023685872554779,-0.20194467902183533,0.3010883033275604,-0.2987116873264313,-0.2999243140220642,-0.20125730335712433,-0.19914907217025757,-0.20143325626850128,0.01798621006309986,0.12211163341999054,0.01798621006309986,0.12025205045938492,0.0,1.4999802112579346,1.009595274925232
444,444,88,4,88,45,train_balanced_1000088,1000088,balanced,balanced_cost,0.5,0.3,0.2,group_anchor_4,264,264,0,0.0,264,0,0.0,0,0.0,1.724380948881226,1.786880948881226,-0.0625,1.724380948881226,1.7868809488812258,2.220446049250313e-16,quality,-995.6000000000003,-819.9896737255297,-23.718055555555555,1.0,1.0,-0.4262381022375482,0.0,0.0,-0.0625,73,229.10000000000002,True,False,completed,1.0,1.0,995.6000000000003,995.6000000000003,819.9896737255297,23.718055555555555,0.4262381022375482,0.4262381022375482,0.3871,0.2615222624333334,0.75,0,0.0,0,0,3,0.02097902097902098,1,86,0,1,1882,188.20000000000002,0,0,0,0.0,0,0.0,0,0,36,0.0,0,{},0.0,18,1.0,55,18,122,36,33,141,102,39,6,135,0,102,6,33,6,6,0,135,20,20,1,33,0,135,0,0,102,6,33,89,6,1.5842696629213484,0,10,2583,13.336483500002942,10.867369599975063,0.13027700000384357,0.2715807999848039,20.717688899996574,parallel_episode_batch,pending,0.0007724499488930876,0.0004983664190016188,0.4717679310862611,-0.0036960451738772596,1.3317926513145832e-06,0.0,0.9999990804893214,0.06285463137234129,0.0,0.13093245029449463,1.565261960029602,0.2770255506038666,0.0025588739663362503,0.027726348489522934,1.562703013420105,0.2700304687023163,0.9899828433990479,2.5e-05,-0.30068305134773254,-0.3032642900943756,-0.20254530012607574,-0.2023685872554779,-0.20194467902183533,0.3010883033275604,-0.2987116873264313,-0.2999243140220642,-0.20125730335712433,-0.19914907217025757,-0.20143325626850128,0.01798621006309986,0.12211163341999054,0.01798621006309986,0.12025205045938492,0.0,1.4999802112579346,1.009595274925232
445,445,89,0,89,45,train_high_arrival_pressure_1000089,1000089,high_arrival_pressure,downtime_dominant,1.0,0.0,0.0,group_anchor_0,248,248,0,0.0,248,0,0.0,0,0.0,1.688388563662973,1.750888563662973,-0.0625,1.688388563662973,1.750888563662973,0.0,quality,-1191.4999999999998,-885.4067089436799,-3.004722222222224,1.0,1.0,-0.49822287267405385,0.0,0.0,-0.0625,72,154.3,True,False,completed,1.0,1.0,1191.4999999999998,1191.4999999999998,885.4067089436799,3.0047222222222234,0.40133213813388546,0.49822287267405385,0.3778,0.27211153556666673,0.75,0,0.0,0,0,6,0.04,1,73,1,2,1214,121.4,0,0,0,0.0,0,0.0,0,0,36,0.0,0,{},0.0,15,1.0,57,15,116,30,30,134,101,33,3,131,0,101,3,30,3,3,0,131,18,15,0,30,1,131,0,0,101,3,30,90,5,1.488888888888889,0,10,2583,13.336483500002942,10.867369599975063,0.13522000000375556,0.22754040001018438,20.717688899996574,parallel_episode_batch,pending,0.0007724499488930876,0.0004983664190016188,0.4717679310862611,-0.0036960451738772596,1.3317926513145832e-06,0.0,0.9999990804893214,0.06285463137234129,0.0,0.13093245029449463,1.565261960029602,0.2770255506038666,0.0025588739663362503,0.027726348489522934,1.562703013420105,0.2700304687023163,0.9899828433990479,2.5e-05,-0.30068305134773254,-0.3032642900943756,-0.20254530012607574,-0.2023685872554779,-0.20194467902183533,0.3010883033275604,-0.2987116873264313,-0.2999243140220642,-0.20125730335712433,-0.19914907217025757,-0.20143325626850128,0.01798621006309986,0.12211163341999054,0.01798621006309986,0.12025205045938492,0.0,1.4999802112579346,1.009595274925232
446,446,89,1,89,45,train_high_arrival_pressure_1000089,1000089,high_arrival_pressure,downtime_dominant,0.0,1.0,0.0,group_anchor_1,235,235,0,0.0,235,0,0.0,0,0.0,1.7277564891996584,1.7902564891996584,-0.0625,1.7277564891996584,1.7902564891996582,2.220446049250313e-16,quality,-1259.2000000000007,-722.61437247684,-23.753333333333345,1.0,1.0,-0.4194870216006835,0.0,0.0,-0.0625,72,159.20000000000002,True,False,completed,1.0,1.0,1259.2000000000007,1259.2000000000007,722.61437247684,23.753333333333345,0.446277231677815,0.4194870216006835,0.40890000000000004,0.24222737235000005,0.75,0,0.0,0,0,0,0.0,1,66,0,2,1227,122.7,0,0,0,0.0,0,0.0,0,0,38,0.0,0,{},0.0,13,0.8461538461538461,59,13,112,26,25,112,85,27,2,110,0,85,2,25,2,2,0,110,12,14,0,24,0,110,0,0,85,2,25,75,8,1.4933333333333334,0,10,2583,13.336483500002942,10.867369599975063,0.11501229999703355,0.2606591998919612,20.717688899996574,parallel_episode_batch,pending,0.0007724499488930876,0.0004983664190016188,0.4717679310862611,-0.0036960451738772596,1.3317926513145832e-06,0.0,0.9999990804893214,0.06285463137234129,0.0,0.13093245029449463,1.565261960029602,0.2770255506038666,0.0025588739663362503,0.027726348489522934,1.562703013420105,0.2700304687023163,0.9899828433990479,2.5e-05,-0.30068305134773254,-0.3032642900943756,-0.20254530012607574,-0.2023685872554779,-0.20194467902183533,0.3010883033275604,-0.2987116873264313,-0.2999243140220642,-0.20125730335712433,-0.19914907217025757,-0.20143325626850128,0.01798621006309986,0.12211163341999054,0.01798621006309986,0.12025205045938492,0.0,1.4999802112579346,1.009595274925232
447,447,89,2,89,45,train_high_arrival_pressure_1000089,1000089,high_arrival_pressure,downtime_dominant,0.0,0.0,1.0,group_anchor_2,221,221,0,0.0,221,0,0.0,0,0.0,1.8722406047724856,1.9347406047724856,-0.0625,1.8722406047724856,1.9347406047724858,-2.220446049250313e-16,quality,-1279.6999999999998,-621.0039868543097,-7.505555555555556,1.0,1.0,-0.1305187904550285,0.0,0.0,-0.0625,72,162.0,True,False,completed,1.0,1.0,1279.6999999999998,1279.6999999999998,621.0039868543097,7.505555555555556,0.399068515609745,0.1305187904550285,0.3324049793000001,0.21357820223333338,0.75,0,0.0,0,0,0,0.0,2,61,0,2,1413,141.3,0,0,0,0.0,0,0.0,0,0,42,0.0,0,{},0.0,11,1.0,61,11,106,22,21,92,71,21,0,92,0,71,0,21,0,0,0,92,10,8,1,17,0,92,0,0,71,0,21,72,3,1.2777777777777777,0,10,2583,13.336483500002942,10.867369599975063,0.09820059999765363,0.3312542999701691,20.717688899996574,parallel_episode_batch,pending,0.0007724499488930876,0.0004983664190016188,0.4717679310862611,-0.0036960451738772596,1.3317926513145832e-06,0.0,0.9999990804893214,0.06285463137234129,0.0,0.13093245029449463,1.565261960029602,0.2770255506038666,0.0025588739663362503,0.027726348489522934,1.562703013420105,0.2700304687023163,0.9899828433990479,2.5e-05,-0.30068305134773254,-0.3032642900943756,-0.20254530012607574,-0.2023685872554779,-0.20194467902183533,0.3010883033275604,-0.2987116873264313,-0.2999243140220642,-0.20125730335712433,-0.19914907217025757,-0.20143325626850128,0.01798621006309986,0.12211163341999054,0.01798621006309986,0.12025205045938492,0.0,1.4999802112579346,1.009595274925232
448,448,89,3,89,45,train_high_arrival_pressure_1000089,1000089,high_arrival_pressure,downtime_dominant,0.3333333333333333,0.3333333333333333,0.3333333333333333,group_anchor_3,232,232,0,0.0,232,0,0.0,0,0.0,1.7587830169130012,1.8212830169130012,-0.0625,1.7587830169130012,1.8212830169130012,0.0,quality,-1154.3000000000004,-734.0453444309599,-9.431388888888891,1.0,1.0,-0.3574339661739977,0.0,0.0,-0.0625,72,154.3,True,False,completed,1.0,1.0,1154.3000000000004,1154.3000000000004,734.0453444309599,9.431388888888891,0.40388006737850335,0.3574339661739977,0.42260000000000003,0.24823416321666666,0.75,0,0.0,0,0,0,0.0,1,64,0,1,1236,123.60000000000001,0,0,0,0.0,0,0.0,0,0,37,0.0,0,{},0.0,13,1.0,59,13,109,26,25,113,85,28,3,110,0,85,3,25,3,3,0,110,14,13,0,24,0,110,0,0,85,3,25,82,6,1.3780487804878048,0,10,2583,13.336483500002942,10.867369599975063,0.12812129999656463,0.24500389996683225,20.717688899996574,parallel_episode_batch,pending,0.0007724499488930876,0.0004983664190016188,0.4717679310862611,-0.0036960451738772596,1.3317926513145832e-06,0.0,0.9999990804893214,0.06285463137234129,0.0,0.13093245029449463,1.565261960029602,0.2770255506038666,0.0025588739663362503,0.027726348489522934,1.562703013420105,0.2700304687023163,0.9899828433990479,2.5e-05,-0.30068305134773254,-0.3032642900943756,-0.20254530012607574,-0.2023685872554779,-0.20194467902183533,0.3010883033275604,-0.2987116873264313,-0.2999243140220642,-0.20125730335712433,-0.19914907217025757,-0.20143325626850128,0.01798621006309986,0.12211163341999054,0.01798621006309986,0.12025205045938492,0.0,1.4999802112579346,1.009595274925232
449,449,89,4,89,45,train_high_arrival_pressure_1000089,1000089,high_arrival_pressure,downtime_dominant,0.5,0.3,0.2,group_anchor_4,257,257,0,0.0,257,0,0.0,0,0.0,1.712205042733408,1.774705042733408,-0.0625,1.712205042733408,1.7747050427334077,2.220446049250313e-16,quality,-1294.4,-974.1416739614501,-13.732222222222221,1.0,1.0,-0.4505899145331847,0.0,0.0,-0.0625,72,138.20000000000002,True,False,completed,1.0,1.0,1294.4,1294.4,974.1416739614501,13.732222222222225,0.4505899145331847,0.4505899145331847,0.42020000000000013,0.31705000000000005,0.75,0,0.0,0,0,7,0.03333333333333333,1,80,1,4,1050,105.0,0,0,0,0.0,0,0.0,0,0,25,0.0,0,{},0.0,17,1.0,55,17,120,34,31,130,95,35,4,126,0,95,4,31,4,4,0,126,17,18,1,30,1,126,0,0,95,4,31,83,7,1.5662650602409638,0,10,2583,13.336483500002942,10.867369599975063,0.11296479999873554,0.23434979990997817,20.717688899996574,parallel_episode_batch,pending,0.0007724499488930876,0.0004983664190016188,0.4717679310862611,-0.0036960451738772596,1.3317926513145832e-06,0.0,0.9999990804893214,0.06285463137234129,0.0,0.13093245029449463,1.565261960029602,0.2770255506038666,0.0025588739663362503,0.027726348489522934,1.562703013420105,0.2700304687023163,0.9899828433990479,2.5e-05,-0.30068305134773254,-0.3032642900943756,-0.20254530012607574,-0.2023685872554779,-0.20194467902183533,0.3010883033275604,-0.2987116873264313,-0.2999243140220642,-0.20125730335712433,-0.19914907217025757,-0.20143325626850128,0.01798621006309986,0.12211163341999054,0.01798621006309986,0.12025205045938492,0.0,1.4999802112579346,1.009595274925232
450,450,90,0,90,46,train_worker_bottleneck_1000090,1000090,worker_bottleneck,downtime_dominant,1.0,0.0,0.0,group_anchor_0,283,283,0,0.0,283,0,0.0,0,0.0,1.6669806088885488,1.7294806088885488,-0.06249999999999997,1.6669806088885488,1.729480608888549,-2.220446049250313e-16,quality,-1414.6,-1138.5806390366904,-12.785833333333338,1.0,1.0,-0.5410387822229021,0.0,0.0,-0.06249999999999997,75,149.20000000000002,True,False,completed,1.0,1.0,1414.6,1414.6,1138.5806390366904,12.785833333333342,0.47096783625893773,0.5410387822229021,0.5116577799000002,0.46129546070000016,0.75,0,0.0,1,1,13,0.08666666666666667,0,91,1,0,1188,118.80000000000001,0,0,0,0.0,0,0.0,0,0,50,0.0,0,{},0.4,21,0.9047619047619048,54,21,128,42,38,169,121,48,10,159,0,121,10,38,10,10,0,159,25,27,3,38,1,159,0,0,121,10,38,97,6,1.7422680412371134,0,10,3229,17.22519359999569,13.812606799983769,0.1455733999973745,0.19314840008883039,26.33290229999693,parallel_episode_batch,not_promoted,-0.0001579745508292142,0.0003542836181141491,0.4273036978408402,-0.00425386929647157,1.793621766874848e-06,0.0,0.9999657565472173,0.05992210428139158,0.0,0.1357554942369461,1.5832583904266357,0.2379063069820404,0.0029615999665111303,0.021426571533083916,1.5802969932556152,0.22953654825687408,0.9918886423110962,2.5e-05,-0.30074435472488403,-0.3033810555934906,-0.20263580977916718,-0.20244723558425903,-0.20198281109333038,0.30123376846313477,-0.29861652851104736,-0.29999324679374695,-0.2012055218219757,-0.19910410046577454,-0.2015056610107422,0.01798621006309986,0.12211211770772934,0.01798621006309986,0.12022869288921356,0.0,1.4999573230743408,1.0097627639770508
451,451,90,1,90,46,train_worker_bottleneck_1000090,1000090,worker_bottleneck,downtime_dominant,0.0,1.0,0.0,group_anchor_1,281,281,0,0.0,281,0,0.0,0,0.0,1.6779904767240497,1.7404904767240497,-0.0625,1.6779904767240497,1.7404904767240494,2.220446049250313e-16,quality,-1515.0999999999992,-1079.08440621424,-6.065833333333335,1.0,1.0,-0.519019046551901,0.0,0.0,-0.0625,75,160.20000000000002,True,False,completed,1.0,1.0,1515.0999999999992,1515.0999999999992,1079.08440621424,6.065833333333335,0.4563576309367414,0.519019046551901,0.5134564470000003,0.42659546070000004,0.75,0,0.0,2,2,10,0.04032258064516129,0,99,2,0,1212,121.2,0,0,0,0.0,0,0.0,0,0,49,0.0,0,{},1.6,20,1.0,55,20,128,40,38,128,88,40,2,126,0,88,2,38,2,2,0,126,18,20,2,32,1,126,0,0,88,2,38,87,9,1.471264367816092,0,10,3229,17.22519359999569,13.812606799983769,0.16554570000153035,0.25467820000631036,26.33290229999693,parallel_episode_batch,not_promoted,-0.0001579745508292142,0.0003542836181141491,0.4273036978408402,-0.00425386929647157,1.793621766874848e-06,0.0,0.9999657565472173,0.05992210428139158,0.0,0.1357554942369461,1.5832583904266357,0.2379063069820404,0.0029615999665111303,0.021426571533083916,1.5802969932556152,0.22953654825687408,0.9918886423110962,2.5e-05,-0.30074435472488403,-0.3033810555934906,-0.20263580977916718,-0.20244723558425903,-0.20198281109333038,0.30123376846313477,-0.29861652851104736,-0.29999324679374695,-0.2012055218219757,-0.19910410046577454,-0.2015056610107422,0.01798621006309986,0.12211211770772934,0.01798621006309986,0.12022869288921356,0.0,1.4999573230743408,1.0097627639770508
452,452,90,2,90,46,train_worker_bottleneck_1000090,1000090,worker_bottleneck,downtime_dominant,0.0,0.0,1.0,group_anchor_2,292,292,0,0.0,292,0,0.0,0,0.0,1.911501042802294,1.974001042802294,-0.0625,1.911501042802294,1.9740010428022943,-2.220446049250313e-16,quality,-1506.8999999999996,-1200.4990458159598,-2.7424999999999997,1.0,1.0,-0.05199791439541167,0.0,0.0,-0.0625,75,150.3,True,False,completed,1.0,1.0,1506.8999999999996,1506.8999999999996,1200.4990458159598,2.7424999999999997,0.4524111035008395,0.05199791439541167,0.5131984426,0.4359621273666667,0.75,0,0.0,0,0,0,0.0,1,125,0,0,1153,115.30000000000001,0,0,0,0.0,0,0.0,0,0,42,0.0,0,{},0.0,23,1.0,52,23,134,46,37,130,93,37,0,130,0,93,0,37,0,0,0,130,19,19,6,32,0,130,0,0,93,0,37,92,6,1.4130434782608696,0,10,3229,17.22519359999569,13.812606799983769,0.19466980000288459,0.23385100004816195,26.33290229999693,parallel_episode_batch,not_promoted,-0.0001579745508292142,0.0003542836181141491,0.4273036978408402,-0.00425386929647157,1.793621766874848e-06,0.0,0.9999657565472173,0.05992210428139158,0.0,0.1357554942369461,1.5832583904266357,0.2379063069820404,0.0029615999665111303,0.021426571533083916,1.5802969932556152,0.22953654825687408,0.9918886423110962,2.5e-05,-0.30074435472488403,-0.3033810555934906,-0.20263580977916718,-0.20244723558425903,-0.20198281109333038,0.30123376846313477,-0.29861652851104736,-0.29999324679374695,-0.2012055218219757,-0.19910410046577454,-0.2015056610107422,0.01798621006309986,0.12211211770772934,0.01798621006309986,0.12022869288921356,0.0,1.4999573230743408,1.0097627639770508
453,453,90,3,90,46,train_worker_bottleneck_1000090,1000090,worker_bottleneck,downtime_dominant,0.3333333333333333,0.3333333333333333,0.3333333333333333,group_anchor_3,298,298,0,0.0,298,0,0.0,0,0.0,1.7366299473492064,1.7991299473492064,-0.06249999999999997,1.7366299473492064,1.7991299473492062,2.220446049250313e-16,quality,-1505.5,-1262.979773034159,-4.984722222222221,1.0,1.0,-0.4017401053015876,0.0,0.0,-0.06249999999999997,75,169.5,True,False,completed,1.0,1.0,1505.5,1505.5,1262.979773034159,4.98472222222222,0.46379225819588404,0.4017401053015876,0.5086054071000001,0.44554546070000006,0.75,0,0.0,0,0,5,0.018796992481203006,1,112,1,1,1327,132.70000000000002,0,0,0,0.0,0,0.0,0,0,40,0.0,0,{},0.0,24,0.9583333333333334,51,24,134,48,41,150,101,49,8,142,0,101,8,41,8,8,0,142,22,26,3,37,1,142,0,0,101,8,41,88,9,1.7045454545454546,0,10,3229,17.22519359999569,13.812606799983769,0.17089750000013737,0.25881589993514353,26.33290229999693,parallel_episode_batch,not_promoted,-0.0001579745508292142,0.0003542836181141491,0.4273036978408402,-0.00425386929647157,1.793621766874848e-06,0.0,0.9999657565472173,0.05992210428139158,0.0,0.1357554942369461,1.5832583904266357,0.2379063069820404,0.0029615999665111303,0.021426571533083916,1.5802969932556152,0.22953654825687408,0.9918886423110962,2.5e-05,-0.30074435472488403,-0.3033810555934906,-0.20263580977916718,-0.20244723558425903,-0.20198281109333038,0.30123376846313477,-0.29861652851104736,-0.29999324679374695,-0.2012055218219757,-0.19910410046577454,-0.2015056610107422,0.01798621006309986,0.12211211770772934,0.01798621006309986,0.12022869288921356,0.0,1.4999573230743408,1.0097627639770508
454,454,90,4,90,46,train_worker_bottleneck_1000090,1000090,worker_bottleneck,downtime_dominant,0.5,0.3,0.2,group_anchor_4,290,290,0,0.0,290,0,0.0,0,0.0,1.702967816523111,1.765467816523111,-0.0625,1.702967816523111,1.7654678165231108,2.220446049250313e-16,quality,-1503.0000000000007,-1235.0701564426597,-7.229166666666668,1.0,1.0,-0.4690643669537783,0.0,0.0,-0.0625,75,151.0,True,False,completed,1.0,1.0,1503.0000000000007,1503.0000000000007,1235.0701564426597,7.229166666666668,0.4690643669537783,0.4690643669537783,0.701656447,0.5023954607,0.75,3,0.0297029702970297,0,0,15,0.07009345794392523,1,98,3,0,1111,111.10000000000001,0,0,0,0.0,0,0.0,0,0,48,0.0,0,{},0.0,23,0.9130434782608695,52,23,128,46,41,162,108,54,13,149,0,108,13,41,13,13,0,149,28,27,2,40,7,149,0,0,108,13,41,88,12,1.8409090909090908,0,10,3229,17.22519359999569,13.812606799983769,0.1299146000019391,0.3202103001094656,26.33290229999693,parallel_episode_batch,not_promoted,-0.0001579745508292142,0.0003542836181141491,0.4273036978408402,-0.00425386929647157,1.793621766874848e-06,0.0,0.9999657565472173,0.05992210428139158,0.0,0.1357554942369461,1.5832583904266357,0.2379063069820404,0.0029615999665111303,0.021426571533083916,1.5802969932556152,0.22953654825687408,0.9918886423110962,2.5e-05,-0.30074435472488403,-0.3033810555934906,-0.20263580977916718,-0.20244723558425903,-0.20198281109333038,0.30123376846313477,-0.29861652851104736,-0.29999324679374695,-0.2012055218219757,-0.19910410046577454,-0.2015056610107422,0.01798621006309986,0.12211211770772934,0.01798621006309986,0.12022869288921356,0.0,1.4999573230743408,1.0097627639770508
455,455,91,0,91,46,train_reconfiguration_bottleneck_1000091,1000091,reconfiguration_bottleneck,labor_dominant,1.0,0.0,0.0,group_anchor_0,338,338,0,0.0,338,0,0.0,0,0.0,1.685649220397866,1.748149220397866,-0.0625,1.685649220397866,1.748149220397866,0.0,quality,-1217.9,-1345.1026915906402,-3.259166666666663,1.0000000000000002,1.0,-0.5037015592042682,0.0,0.0,-0.0625,77,177.60000000000002,True,False,completed,1.0,1.0,1217.9,1217.9,1345.1026915906402,3.259166666666663,0.43616350669958764,0.5037015592042682,0.7497999999999999,0.7109686283666665,0.75,27,0.17307692307692307,5,5,8,0.06666666666666667,0,129,2,1,1157,115.7,0,0,0,0.0,0,0.0,0,0,42,0.0,0,{},1.3,29,0.9655172413793104,48,29,147,58,56,197,128,69,13,184,0,128,13,56,13,13,0,184,32,45,5,54,26,184,0,0,128,13,56,106,13,1.8584905660377358,0,10,3229,17.22519359999569,13.812606799983769,0.484858499999973,0.2927084000548348,26.33290229999693,parallel_episode_batch,not_promoted,-0.0001579745508292142,0.0003542836181141491,0.4273036978408402,-0.00425386929647157,1.793621766874848e-06,0.0,0.9999657565472173,0.05992210428139158,0.0,0.1357554942369461,1.5832583904266357,0.2379063069820404,0.0029615999665111303,0.021426571533083916,1.5802969932556152,0.22953654825687408,0.9918886423110962,2.5e-05,-0.30074435472488403,-0.3033810555934906,-0.20263580977916718,-0.20244723558425903,-0.20198281109333038,0.30123376846313477,-0.29861652851104736,-0.29999324679374695,-0.2012055218219757,-0.19910410046577454,-0.2015056610107422,0.01798621006309986,0.12211211770772934,0.01798621006309986,0.12022869288921356,0.0,1.4999573230743408,1.0097627639770508
456,456,91,1,91,46,train_reconfiguration_bottleneck_1000091,1000091,reconfiguration_bottleneck,labor_dominant,0.0,1.0,0.0,group_anchor_1,484,484,0,0.0,484,0,0.0,0,0.0,1.6394311519932954,1.7019311519932954,-0.0625,1.6394311519932954,1.7019311519932954,0.0,quality,-1354.4000000000037,-1476.091455253032,-3.31138888888888,1.0000000000000002,1.0,-0.5961376960134093,0.0,0.0,-0.0625,77,205.8,True,False,completed,1.0,1.0,1354.4000000000037,1354.4000000000037,1476.091455253032,3.3113888888888816,0.45637530931788745,0.5961376960134093,0.7499160383999971,0.7068350030999991,0.75,411,0.6748768472906403,81,81,44,0.18106995884773663,0,126,4,5,1295,129.5,0,0,0,0.0,0,0.0,0,0,41,0.0,0,{},34.300000000000004,29,0.9310344827586207,48,29,218,58,131,323,182,141,10,313,0,182,10,131,10,10,0,313,29,190,3,125,168,313,0,0,182,10,131,100,108,3.23,0,10,3229,17.22519359999569,13.812606799983769,0.46532180000212975,0.4812098999682348,26.33290229999693,parallel_episode_batch,not_promoted,-0.0001579745508292142,0.0003542836181141491,0.4273036978408402,-0.00425386929647157,1.793621766874848e-06,0.0,0.9999657565472173,0.05992210428139158,0.0,0.1357554942369461,1.5832583904266357,0.2379063069820404,0.0029615999665111303,0.021426571533083916,1.5802969932556152,0.22953654825687408,0.9918886423110962,2.5e-05,-0.30074435472488403,-0.3033810555934906,-0.20263580977916718,-0.20244723558425903,-0.20198281109333038,0.30123376846313477,-0.29861652851104736,-0.29999324679374695,-0.2012055218219757,-0.19910410046577454,-0.2015056610107422,0.01798621006309986,0.12211211770772934,0.01798621006309986,0.12022869288921356,0.0,1.4999573230743408,1.0097627639770508
457,457,91,2,91,46,train_reconfiguration_bottleneck_1000091,1000091,reconfiguration_bottleneck,labor_dominant,0.0,0.0,1.0,group_anchor_2,312,312,0,0.0,312,0,0.0,0,0.0,1.8516358365543901,1.9141358365543901,-0.0625,1.8516358365543901,1.91413583655439,2.220446049250313e-16,quality,-1316.9999999999998,-1074.08925351221,-10.36666666666667,1.0000000000000002,1.0,-0.17172832689122036,0.0,0.0,-0.0625,77,184.60000000000002,True,False,completed,1.0,1.0,1316.9999999999998,1316.9999999999998,1074.08925351221,10.366666666666669,0.4513248441731886,0.17172832689122036,0.5306009924,0.44226848111666667,0.75,0,0.0,0,0,0,0.0,1,127,0,2,1240,124.0,0,0,0,0.0,0,0.0,0,0,50,0.0,0,{},0.0,24,1.0,53,24,141,48,46,138,90,48,2,136,0,90,2,46,2,2,0,136,20,18,1,35,0,136,0,0,90,2,46,97,6,1.422680412371134,0,10,3229,17.22519359999569,13.812606799983769,0.48737899999832734,0.36988460002612555,26.33290229999693,parallel_episode_batch,not_promoted,-0.0001579745508292142,0.0003542836181141491,0.4273036978408402,-0.00425386929647157,1.793621766874848e-06,0.0,0.9999657565472173,0.05992210428139158,0.0,0.1357554942369461,1.5832583904266357,0.2379063069820404,0.0029615999665111303,0.021426571533083916,1.5802969932556152,0.22953654825687408,0.9918886423110962,2.5e-05,-0.30074435472488403,-0.3033810555934906,-0.20263580977916718,-0.20244723558425903,-0.20198281109333038,0.30123376846313477,-0.29861652851104736,-0.29999324679374695,-0.2012055218219757,-0.19910410046577454,-0.2015056610107422,0.01798621006309986,0.12211211770772934,0.01798621006309986,0.12022869288921356,0.0,1.4999573230743408,1.0097627639770508
458,458,91,3,91,46,train_reconfiguration_bottleneck_1000091,1000091,reconfiguration_bottleneck,labor_dominant,0.3333333333333333,0.3333333333333333,0.3333333333333333,group_anchor_3,327,327,0,0.0,327,0,0.0,0,0.0,1.7546085621398808,1.8171085621398808,-0.0625,1.7546085621398808,1.8171085621398806,2.220446049250313e-16,quality,-1176.1999999999991,-1237.7762800543503,-2.588888888888892,1.0000000000000002,1.0,-0.3657828757202386,0.0,0.0,-0.0625,77,174.10000000000002,True,False,completed,1.0,1.0,1176.1999999999991,1176.1999999999991,1237.7762800543503,2.588888888888892,0.4232801070631364,0.3657828757202386,0.7134009924000001,0.6365155161166668,0.75,3,0.022388059701492536,0,0,4,0.03333333333333333,1,131,0,6,1218,121.80000000000001,0,0,0,0.0,0,0.0,0,0,42,0.0,0,{},0.0,27,0.9259259259259259,50,27,146,54,50,171,115,56,6,165,0,115,6,50,6,6,0,165,28,31,4,49,3,165,0,0,115,6,50,102,8,1.6764705882352942,0,10,3229,17.22519359999569,13.812606799983769,0.49476339999819174,0.28414500006329035,26.33290229999693,parallel_episode_batch,not_promoted,-0.0001579745508292142,0.0003542836181141491,0.4273036978408402,-0.00425386929647157,1.793621766874848e-06,0.0,0.9999657565472173,0.05992210428139158,0.0,0.1357554942369461,1.5832583904266357,0.2379063069820404,0.0029615999665111303,0.021426571533083916,1.5802969932556152,0.22953654825687408,0.9918886423110962,2.5e-05,-0.30074435472488403,-0.3033810555934906,-0.20263580977916718,-0.20244723558425903,-0.20198281109333038,0.30123376846313477,-0.29861652851104736,-0.29999324679374695,-0.2012055218219757,-0.19910410046577454,-0.2015056610107422,0.01798621006309986,0.12211211770772934,0.01798621006309986,0.12022869288921356,0.0,1.4999573230743408,1.0097627639770508
459,459,91,4,91,46,train_reconfiguration_bottleneck_1000091,1000091,reconfiguration_bottleneck,labor_dominant,0.5,0.3,0.2,group_anchor_4,324,324,0,0.0,324,0,0.0,0,0.0,1.7277664169772655,1.7902664169772655,-0.0625,1.7277664169772655,1.790266416977265,4.440892098500626e-16,quality,-1177.9999999999995,-1239.8018576417896,-1.4722222222222185,1.0000000000000002,1.0,-0.4194671660454697,0.0,0.0,-0.0625,77,170.10000000000002,True,False,completed,1.0,1.0,1177.9999999999995,1177.9999999999995,1239.8018576417896,1.4722222222222208,0.4194671660454697,0.4194671660454697,0.7472009924,0.6676351477833333,0.75,16,0.11851851851851852,0,0,15,0.10948905109489052,1,118,2,0,1086,108.60000000000001,0,0,0,0.0,0,0.0,0,0,44,0.0,0,{},0.0,27,0.9629629629629629,50,27,144,54,49,178,117,61,12,166,0,117,12,49,12,12,0,166,32,30,3,47,17,166,0,0,117,12,49,100,6,1.78,0,10,3229,17.22519359999569,13.812606799983769,0.5026297999938834,0.24731569998402847,26.33290229999693,parallel_episode_batch,not_promoted,-0.0001579745508292142,0.0003542836181141491,0.4273036978408402,-0.00425386929647157,1.793621766874848e-06,0.0,0.9999657565472173,0.05992210428139158,0.0,0.1357554942369461,1.5832583904266357,0.2379063069820404,0.0029615999665111303,0.021426571533083916,1.5802969932556152,0.22953654825687408,0.9918886423110962,2.5e-05,-0.30074435472488403,-0.3033810555934906,-0.20263580977916718,-0.20244723558425903,-0.20198281109333038,0.30123376846313477,-0.29861652851104736,-0.29999324679374695,-0.2012055218219757,-0.19910410046577454,-0.2015056610107422,0.01798621006309986,0.12211211770772934,0.01798621006309986,0.12022869288921356,0.0,1.4999573230743408,1.0097627639770508
460,460,92,0,92,47,train_balanced_1000092,1000092,balanced,downtime_dominant,1.0,0.0,0.0,group_anchor_0,191,191,0,0.0,191,0,0.0,0,0.0,1.7502443315089913,1.8127443315089913,-0.0625,1.7502443315089913,1.8127443315089915,-2.220446049250313e-16,quality,-718.4999999999998,-617.7296383423001,-22.978055555555567,0.9999999999999997,1.0,-0.3745113369820171,0.0,0.0,-0.0625,56,224.10000000000002,True,False,completed,1.0,1.0,718.4999999999998,718.4999999999998,617.7296383423001,22.978055555555567,0.3647830968074567,0.3745113369820171,0.37640000000000007,0.18538333333333337,0.75,0,0.0,0,0,0,0.0,2,61,0,0,1897,189.70000000000002,0,0,0,0.0,0,0.0,0,0,12,0.0,0,{},0.0,11,0.9090909090909091,45,11,91,22,22,106,84,22,0,106,0,84,0,22,0,0,0,106,11,11,0,22,0,106,0,0,84,0,22,74,4,1.4324324324324325,0,10,2793,14.939112100000784,11.515625999971235,0.1357553000052576,0.15265809999982594,20.399295899995195,parallel_episode_batch,pending,-0.0013935838148675182,0.0004996394292737187,0.3760997713966803,-0.004904760677494447,2.2346375649300914e-06,0.0,1.0000627291473476,0.087628133806654,0.0,0.30601778626441956,1.4955095052719116,0.26076793670654297,-0.0011199687141925097,0.024617617949843407,1.4966295957565308,0.26294568181037903,0.9910878539085388,2.5e-05,-0.3007577359676361,-0.3033406734466553,-0.2026604264974594,-0.20241956412792206,-0.20196020603179932,0.30121931433677673,-0.2986593544483185,-0.299940288066864,-0.20119544863700867,-0.19912461936473846,-0.20149286091327667,0.01798621006309986,0.12205898016691208,0.01798621006309986,0.12016407400369644,0.0,1.4999834299087524,1.0098711252212524
461,461,92,1,92,47,train_balanced_1000092,1000092,balanced,downtime_dominant,0.0,1.0,0.0,group_anchor_1,189,189,0,0.0,189,0,0.0,0,0.0,1.7495294666795718,1.8120294666795718,-0.0625,1.7495294666795718,1.8120294666795722,-4.440892098500626e-16,quality,-886.1000000000005,-602.4127635145999,-23.78222222222222,0.9999999999999997,1.0,-0.37594106664085564,0.0,0.0,-0.0625,56,221.4,True,False,completed,1.0,1.0,886.1000000000005,886.1000000000005,602.4127635145999,23.78222222222222,0.3896302727780135,0.37594106664085564,0.3199,0.2011493895833333,0.75,0,0.0,0,0,0,0.0,1,61,0,1,1869,186.9,0,0,0,0.0,0,0.0,0,0,23,0.0,0,{},0.0,11,1.0,45,11,91,22,20,78,57,21,1,77,0,57,1,20,1,1,0,77,7,11,0,17,0,77,0,0,57,1,20,52,7,1.5,0,10,2793,14.939112100000784,11.515625999971235,0.14913890000025276,0.22715609997248976,20.399295899995195,parallel_episode_batch,pending,-0.0013935838148675182,0.0004996394292737187,0.3760997713966803,-0.004904760677494447,2.2346375649300914e-06,0.0,1.0000627291473476,0.087628133806654,0.0,0.30601778626441956,1.4955095052719116,0.26076793670654297,-0.0011199687141925097,0.024617617949843407,1.4966295957565308,0.26294568181037903,0.9910878539085388,2.5e-05,-0.3007577359676361,-0.3033406734466553,-0.2026604264974594,-0.20241956412792206,-0.20196020603179932,0.30121931433677673,-0.2986593544483185,-0.299940288066864,-0.20119544863700867,-0.19912461936473846,-0.20149286091327667,0.01798621006309986,0.12205898016691208,0.01798621006309986,0.12016407400369644,0.0,1.4999834299087524,1.0098711252212524
462,462,92,2,92,47,train_balanced_1000092,1000092,balanced,downtime_dominant,0.0,0.0,1.0,group_anchor_2,175,175,0,0.0,175,0,0.0,0,0.0,1.8752410615707125,1.9377410615707125,-0.0625,1.8752410615707125,1.9377410615707122,2.220446049250313e-16,quality,-737.1000000000003,-411.51209533836015,-7.1113888888888885,0.9999999999999997,1.0,-0.1245178768585756,0.0,0.0,-0.0625,56,217.60000000000002,True,False,completed,1.0,1.0,737.1000000000003,737.1000000000003,411.51209533836015,7.111388888888889,0.30262417945790704,0.1245178768585756,0.21800000000000003,0.16337352886666667,0.75,0,0.0,0,0,0,0.0,2,46,0,1,1899,189.9,0,0,0,0.0,0,0.0,0,0,21,0.0,0,{},0.0,8,0.875,48,8,87,16,16,76,60,16,0,76,0,60,0,16,0,0,0,76,7,7,0,14,0,74,0,0,60,0,16,55,3,1.3818181818181818,0,10,2793,14.939112100000784,11.515625999971235,0.10518709999450948,0.20344919999479316,20.399295899995195,parallel_episode_batch,pending,-0.0013935838148675182,0.0004996394292737187,0.3760997713966803,-0.004904760677494447,2.2346375649300914e-06,0.0,1.0000627291473476,0.087628133806654,0.0,0.30601778626441956,1.4955095052719116,0.26076793670654297,-0.0011199687141925097,0.024617617949843407,1.4966295957565308,0.26294568181037903,0.9910878539085388,2.5e-05,-0.3007577359676361,-0.3033406734466553,-0.2026604264974594,-0.20241956412792206,-0.20196020603179932,0.30121931433677673,-0.2986593544483185,-0.299940288066864,-0.20119544863700867,-0.19912461936473846,-0.20149286091327667,0.01798621006309986,0.12205898016691208,0.01798621006309986,0.12016407400369644,0.0,1.4999834299087524,1.0098711252212524
463,463,92,3,92,47,train_balanced_1000092,1000092,balanced,downtime_dominant,0.3333333333333333,0.3333333333333333,0.3333333333333333,group_anchor_3,189,189,0,0.0,189,0,0.0,0,0.0,1.7961508306366514,1.8586508306366514,-0.0625,1.7961508306366514,1.8586508306366514,0.0,quality,-755.4000000000001,-585.1464133798802,-5.1047222222222235,0.9999999999999997,1.0,-0.28269833872669714,0.0,0.0,-0.0625,56,231.10000000000002,True,False,completed,1.0,1.0,755.4000000000001,755.4000000000001,585.1464133798802,5.1047222222222235,0.3224277942330888,0.28269833872669714,0.2,0.16738838151666668,0.75,0,0.0,0,0,2,0.013245033112582781,2,64,0,0,1947,194.70000000000002,0,0,0,0.0,0,0.0,0,0,16,0.0,0,{},0.0,11,1.0,45,11,91,22,20,89,69,20,0,89,0,69,0,20,0,0,0,89,9,11,0,20,0,89,0,0,69,0,20,59,4,1.5084745762711864,0,10,2793,14.939112100000784,11.515625999971235,0.11393949999910546,0.18415170001389924,20.399295899995195,parallel_episode_batch,pending,-0.0013935838148675182,0.0004996394292737187,0.3760997713966803,-0.004904760677494447,2.2346375649300914e-06,0.0,1.0000627291473476,0.087628133806654,0.0,0.30601778626441956,1.4955095052719116,0.26076793670654297,-0.0011199687141925097,0.024617617949843407,1.4966295957565308,0.26294568181037903,0.9910878539085388,2.5e-05,-0.3007577359676361,-0.3033406734466553,-0.2026604264974594,-0.20241956412792206,-0.20196020603179932,0.30121931433677673,-0.2986593544483185,-0.299940288066864,-0.20119544863700867,-0.19912461936473846,-0.20149286091327667,0.01798621006309986,0.12205898016691208,0.01798621006309986,0.12016407400369644,0.0,1.4999834299087524,1.0098711252212524
464,464,92,4,92,47,train_balanced_1000092,1000092,balanced,downtime_dominant,0.5,0.3,0.2,group_anchor_4,190,190,0,0.0,190,0,0.0,0,0.0,1.758051493192659,1.820551493192659,-0.0625,1.758051493192659,1.820551493192659,0.0,quality,-738.3999999999997,-608.5396301317402,-18.934722222222227,0.9999999999999997,1.0,-0.3588970136146822,0.0,0.0,-0.0625,56,214.9,True,False,completed,1.0,1.0,738.3999999999997,738.3999999999997,608.5396301317402,18.934722222222227,0.3588970136146822,0.3588970136146822,0.31900000000000006,0.18382413928333338,0.75,0,0.0,0,0,0,0.0,1,60,0,1,1797,179.70000000000002,0,0,0,0.0,0,0.0,0,0,17,0.0,0,{},0.0,11,1.0,45,11,91,22,21,93,71,22,1,92,0,71,1,21,1,1,0,92,10,10,1,18,0,92,0,0,71,1,21,64,5,1.453125,0,10,2793,14.939112100000784,11.515625999971235,0.10688239999581128,0.246224600043206,20.399295899995195,parallel_episode_batch,pending,-0.0013935838148675182,0.0004996394292737187,0.3760997713966803,-0.004904760677494447,2.2346375649300914e-06,0.0,1.0000627291473476,0.087628133806654,0.0,0.30601778626441956,1.4955095052719116,0.26076793670654297,-0.0011199687141925097,0.024617617949843407,1.4966295957565308,0.26294568181037903,0.9910878539085388,2.5e-05,-0.3007577359676361,-0.3033406734466553,-0.2026604264974594,-0.20241956412792206,-0.20196020603179932,0.30121931433677673,-0.2986593544483185,-0.299940288066864,-0.20119544863700867,-0.19912461936473846,-0.20149286091327667,0.01798621006309986,0.12205898016691208,0.01798621006309986,0.12016407400369644,0.0,1.4999834299087524,1.0098711252212524
465,465,93,0,93,47,train_reconfiguration_bottleneck_1000093,1000093,reconfiguration_bottleneck,fixed_cost_dominant,1.0,0.0,0.0,group_anchor_0,454,454,0,0.0,454,0,0.0,0,0.0,1.701352242744063,1.763852242744063,-0.06249999999999997,1.701352242744063,1.763852242744063,0.0,quality,-1074.0000000000014,-1298.9211034265438,-0.702222222222225,1.0,1.0,-0.4722955145118737,0.0,0.0,-0.06249999999999997,69,197.3,True,False,completed,1.0,1.0,1074.0000000000014,1074.0000000000014,1298.9211034265438,0.7022222222222233,0.40842174684662685,0.4722955145118737,0.7499,0.7246856428166667,0.75,403,0.7107583774250441,86,86,97,0.5739644970414202,0,89,3,2,1306,130.6,0,0,0,0.0,0,0.0,0,0,38,0.0,0,{},25.3,24,0.9583333333333334,45,24,208,48,129,346,197,149,20,326,0,197,20,129,20,20,0,326,34,202,1,129,215,326,0,0,197,20,129,84,137,4.119047619047619,0,10,2793,14.939112100000784,11.515625999971235,0.5646290999939083,0.36192970004776726,20.399295899995195,parallel_episode_batch,pending,-0.0013935838148675182,0.0004996394292737187,0.3760997713966803,-0.004904760677494447,2.2346375649300914e-06,0.0,1.0000627291473476,0.087628133806654,0.0,0.30601778626441956,1.4955095052719116,0.26076793670654297,-0.0011199687141925097,0.024617617949843407,1.4966295957565308,0.26294568181037903,0.9910878539085388,2.5e-05,-0.3007577359676361,-0.3033406734466553,-0.2026604264974594,-0.20241956412792206,-0.20196020603179932,0.30121931433677673,-0.2986593544483185,-0.299940288066864,-0.20119544863700867,-0.19912461936473846,-0.20149286091327667,0.01798621006309986,0.12205898016691208,0.01798621006309986,0.12016407400369644,0.0,1.4999834299087524,1.0098711252212524
466,466,93,1,93,47,train_reconfiguration_bottleneck_1000093,1000093,reconfiguration_bottleneck,fixed_cost_dominant,0.0,1.0,0.0,group_anchor_1,466,466,0,0.0,466,0,0.0,0,0.0,1.6455601971896683,1.7080601971896683,-0.0625,1.6455601971896683,1.7080601971896683,0.0,quality,-1225.0999999999992,-1403.1506590575718,-3.6413888888888857,1.0,1.0,-0.5838796056206632,0.0,0.0,-0.0625,69,232.3,True,False,completed,1.0,1.0,1225.0999999999992,1225.0999999999992,1403.1506590575718,3.6413888888888857,0.441328192089,0.5838796056206632,0.7497745156999966,0.7412356428166639,0.75,304,0.5361552028218695,77,77,163,0.5863309352517986,0,113,5,3,1627,162.70000000000002,0,0,0,0.0,0,0.0,0,0,35,0.0,0,{},15.600000000000001,27,0.8888888888888888,42,27,217,54,126,327,187,140,14,313,0,187,14,126,14,14,0,313,30,185,0,124,178,313,0,0,187,14,126,86,114,3.802325581395349,0,10,2793,14.939112100000784,11.515625999971235,0.5679066000011517,0.3966982000347343,20.399295899995195,parallel_episode_batch,pending,-0.0013935838148675182,0.0004996394292737187,0.3760997713966803,-0.004904760677494447,2.2346375649300914e-06,0.0,1.0000627291473476,0.087628133806654,0.0,0.30601778626441956,1.4955095052719116,0.26076793670654297,-0.0011199687141925097,0.024617617949843407,1.4966295957565308,0.26294568181037903,0.9910878539085388,2.5e-05,-0.3007577359676361,-0.3033406734466553,-0.2026604264974594,-0.20241956412792206,-0.20196020603179932,0.30121931433677673,-0.2986593544483185,-0.299940288066864,-0.20119544863700867,-0.19912461936473846,-0.20149286091327667,0.01798621006309986,0.12205898016691208,0.01798621006309986,0.12016407400369644,0.0,1.4999834299087524,1.0098711252212524
467,467,93,2,93,47,train_reconfiguration_bottleneck_1000093,1000093,reconfiguration_bottleneck,fixed_cost_dominant,0.0,0.0,1.0,group_anchor_2,367,367,0,0.0,367,0,0.0,0,0.0,1.90794310513358,1.97044310513358,-0.0625,1.90794310513358,1.9704431051335798,2.220446049250313e-16,quality,-1174.2999999999986,-1365.9662062517898,-3.141388888888887,1.0,1.0,-0.05911378973284052,0.0,0.0,-0.0625,69,180.8,True,False,completed,1.0,1.0,1174.2999999999986,1174.2999999999986,1365.9662062517898,3.141388888888885,0.43231860550417783,0.05911378973284052,0.749899999999999,0.7433353121499994,0.75,180,0.5732484076433121,35,35,67,0.3544973544973545,0,108,3,3,1112,111.2,0,0,0,0.0,0,0.0,0,0,35,0.0,0,{},16.400000000000002,26,1.0,43,26,165,52,81,222,127,95,14,208,0,127,14,81,14,14,0,208,29,100,3,77,96,208,0,0,127,14,81,85,44,2.611764705882353,0,10,2793,14.939112100000784,11.515625999971235,0.5561115999953472,0.34386050002649426,20.399295899995195,parallel_episode_batch,pending,-0.0013935838148675182,0.0004996394292737187,0.3760997713966803,-0.004904760677494447,2.2346375649300914e-06,0.0,1.0000627291473476,0.087628133806654,0.0,0.30601778626441956,1.4955095052719116,0.26076793670654297,-0.0011199687141925097,0.024617617949843407,1.4966295957565308,0.26294568181037903,0.9910878539085388,2.5e-05,-0.3007577359676361,-0.3033406734466553,-0.2026604264974594,-0.20241956412792206,-0.20196020603179932,0.30121931433677673,-0.2986593544483185,-0.299940288066864,-0.20119544863700867,-0.19912461936473846,-0.20149286091327667,0.01798621006309986,0.12205898016691208,0.01798621006309986,0.12016407400369644,0.0,1.4999834299087524,1.0098711252212524
468,468,93,3,93,47,train_reconfiguration_bottleneck_1000093,1000093,reconfiguration_bottleneck,fixed_cost_dominant,0.3333333333333333,0.3333333333333333,0.3333333333333333,group_anchor_3,288,288,0,0.0,288,0,0.0,0,0.0,1.759271477195155,1.821771477195155,-0.06249999999999997,1.759271477195155,1.8217714771951548,2.220446049250313e-16,quality,-1001.3,-1160.5709172394104,-4.191388888888884,1.0,1.0,-0.3564570456096906,0.0,0.0,-0.06249999999999997,69,189.9,True,False,completed,1.0,1.0,1001.3,1001.3,1160.5709172394104,4.191388888888884,0.4040504380486153,0.3564570456096906,0.7093745157000001,0.5955058086500001,0.75,5,0.04504504504504504,0,0,3,0.019867549668874173,1,106,1,2,1379,137.9,0,0,0,0.0,0,0.0,0,0,34,0.0,0,{},0.0,23,0.9130434782608695,46,23,129,46,44,145,93,52,8,137,0,93,8,44,8,8,0,137,25,25,1,41,3,137,0,0,93,8,44,85,5,1.7058823529411764,0,10,2793,14.939112100000784,11.515625999971235,0.5571347000004607,0.26743609998811735,20.399295899995195,parallel_episode_batch,pending,-0.0013935838148675182,0.0004996394292737187,0.3760997713966803,-0.004904760677494447,2.2346375649300914e-06,0.0,1.0000627291473476,0.087628133806654,0.0,0.30601778626441956,1.4955095052719116,0.26076793670654297,-0.0011199687141925097,0.024617617949843407,1.4966295957565308,0.26294568181037903,0.9910878539085388,2.5e-05,-0.3007577359676361,-0.3033406734466553,-0.2026604264974594,-0.20241956412792206,-0.20196020603179932,0.30121931433677673,-0.2986593544483185,-0.299940288066864,-0.20119544863700867,-0.19912461936473846,-0.20149286091327667,0.01798621006309986,0.12205898016691208,0.01798621006309986,0.12016407400369644,0.0,1.4999834299087524,1.0098711252212524
469,469,93,4,93,47,train_reconfiguration_bottleneck_1000093,1000093,reconfiguration_bottleneck,fixed_cost_dominant,0.5,0.3,0.2,group_anchor_4,284,284,0,0.0,284,0,0.0,0,0.0,1.7303511577067305,1.7928511577067305,-0.06249999999999997,1.7303511577067305,1.7928511577067305,0.0,quality,-1120.8,-1098.65941034171,-4.282222222222222,1.0,1.0,-0.41429768458653893,0.0,0.0,-0.06249999999999997,69,179.0,True,False,completed,1.0,1.0,1120.8,1120.8,1098.65941034171,4.282222222222222,0.41429768458653893,0.41429768458653893,0.7494999999999999,0.6358523094833333,0.75,21,0.20192307692307693,0,0,43,0.24157303370786518,1,83,2,6,1224,122.4,0,0,0,0.0,0,0.0,0,0,38,0.0,0,{},0.0,22,0.9090909090909091,47,22,129,44,42,157,103,54,12,145,0,103,12,42,12,12,0,145,25,25,0,38,30,145,0,0,103,12,42,84,11,1.869047619047619,0,10,2793,14.939112100000784,11.515625999971235,0.5709304999982123,0.2440687998823705,20.399295899995195,parallel_episode_batch,pending,-0.0013935838148675182,0.0004996394292737187,0.3760997713966803,-0.004904760677494447,2.2346375649300914e-06,0.0,1.0000627291473476,0.087628133806654,0.0,0.30601778626441956,1.4955095052719116,0.26076793670654297,-0.0011199687141925097,0.024617617949843407,1.4966295957565308,0.26294568181037903,0.9910878539085388,2.5e-05,-0.3007577359676361,-0.3033406734466553,-0.2026604264974594,-0.20241956412792206,-0.20196020603179932,0.30121931433677673,-0.2986593544483185,-0.299940288066864,-0.20119544863700867,-0.19912461936473846,-0.20149286091327667,0.01798621006309986,0.12205898016691208,0.01798621006309986,0.12016407400369644,0.0,1.4999834299087524,1.0098711252212524
470,470,94,0,94,48,train_worker_bottleneck_1000094,1000094,worker_bottleneck,downtime_dominant,1.0,0.0,0.0,group_anchor_0,294,294,0,0.0,294,0,0.0,0,0.0,1.6939869832855983,1.7564869832855983,-0.0625,1.6939869832855983,1.7564869832855983,0.0,quality,-1139.3,-1512.7085639064098,-8.566666666666658,0.9999999999999999,1.0,-0.4870260334288034,0.0,0.0,-0.0625,63,138.20000000000002,True,False,completed,1.0,1.0,1139.3,1139.3,1512.7085639064098,8.566666666666658,0.4533743534474735,0.4870260334288034,0.7171,0.5702548866,0.75,0,0.0,0,0,2,0.018518518518518517,1,122,0,1,947,94.7,0,0,0,0.0,0,0.0,0,0,31,0.0,0,{},0.0,27,0.9629629629629629,36,27,128,54,49,182,122,60,11,171,0,122,11,49,11,11,0,171,29,33,2,49,1,171,0,0,122,11,49,96,7,1.8958333333333333,0,10,2598,13.482694999998785,10.809251000006043,0.26056969999626745,0.16845659999671625,20.081127799996466,parallel_episode_batch,pending,-0.00019105619228467708,0.0004614519871765657,0.5037508541490974,-0.004997839412947253,1.856386069082474e-06,0.0,0.9999922186863132,0.08660299744366146,0.0,0.39304986596107483,1.6095768213272095,0.2502990961074829,0.004705753177404404,0.0250454843044281,1.6048712730407715,0.24695463478565216,0.9899875521659851,2.5e-05,-0.300575852394104,-0.3033629357814789,-0.20266003906726837,-0.20243428647518158,-0.20199649035930634,0.30101871490478516,-0.2986622750759125,-0.29999515414237976,-0.20120050013065338,-0.1991053819656372,-0.20154330134391785,0.01798621006309986,0.12200260162353516,0.01798621006309986,0.1201811283826828,0.0,1.4999099969863892,1.010216236114502
471,471,94,1,94,48,train_worker_bottleneck_1000094,1000094,worker_bottleneck,downtime_dominant,0.0,1.0,0.0,group_anchor_1,194,194,0,0.0,194,0,0.0,0,0.0,1.7685011723358526,1.8310011723358526,-0.0625,1.7685011723358526,1.8310011723358526,0.0,quality,-1157.2000000000003,-510.56866799454014,-3.5513888888888885,0.9999999999999999,1.0,-0.3379976553282949,0.0,0.0,-0.0625,63,137.1,True,False,completed,1.0,1.0,1157.2000000000003,1157.2000000000003,510.56866799454014,3.5513888888888885,0.36012349274487493,0.3379976553282949,0.32296495929999997,0.19566753039999998,0.75,0,0.0,0,0,4,0.0136986301369863,1,51,0,4,1148,114.80000000000001,0,0,0,0.0,0,0.0,0,0,31,0.0,0,{},0.0,10,0.9,53,10,94,20,17,74,55,19,2,72,0,55,2,17,2,2,0,72,7,11,1,15,0,72,0,0,55,2,17,47,5,1.574468085106383,0,10,2598,13.482694999998785,10.809251000006043,0.27744710000115447,0.22011140000540763,20.081127799996466,parallel_episode_batch,pending,-0.00019105619228467708,0.0004614519871765657,0.5037508541490974,-0.004997839412947253,1.856386069082474e-06,0.0,0.9999922186863132,0.08660299744366146,0.0,0.39304986596107483,1.6095768213272095,0.2502990961074829,0.004705753177404404,0.0250454843044281,1.6048712730407715,0.24695463478565216,0.9899875521659851,2.5e-05,-0.300575852394104,-0.3033629357814789,-0.20266003906726837,-0.20243428647518158,-0.20199649035930634,0.30101871490478516,-0.2986622750759125,-0.29999515414237976,-0.20120050013065338,-0.1991053819656372,-0.20154330134391785,0.01798621006309986,0.12200260162353516,0.01798621006309986,0.1201811283826828,0.0,1.4999099969863892,1.010216236114502
472,472,94,2,94,48,train_worker_bottleneck_1000094,1000094,worker_bottleneck,downtime_dominant,0.0,0.0,1.0,group_anchor_2,273,273,0,0.0,273,0,0.0,0,0.0,1.9057987746182061,1.9682987746182061,-0.0625,1.9057987746182061,1.9682987746182063,-2.220446049250313e-16,quality,-1222.5,-1191.9614209133008,-3.3847222222222237,0.9999999999999999,1.0,-0.06340245076358719,0.0,0.0,-0.0625,63,135.9,True,False,completed,1.0,1.0,1222.5,1222.5,1191.9614209133008,3.3847222222222233,0.4281387489138083,0.06340245076358719,0.46982267479999995,0.36555488659999996,0.75,0,0.0,0,0,2,0.008620689655172414,1,113,0,4,957,95.7,0,0,0,0.0,0,0.0,0,0,34,0.0,0,{},0.0,23,0.9130434782608695,40,23,123,46,41,133,87,46,5,128,0,87,5,41,5,5,0,128,19,26,2,38,0,128,0,0,87,5,41,82,11,1.6219512195121952,0,10,2598,13.482694999998785,10.809251000006043,0.2817116000005626,0.21500080006808275,20.081127799996466,parallel_episode_batch,pending,-0.00019105619228467708,0.0004614519871765657,0.5037508541490974,-0.004997839412947253,1.856386069082474e-06,0.0,0.9999922186863132,0.08660299744366146,0.0,0.39304986596107483,1.6095768213272095,0.2502990961074829,0.004705753177404404,0.0250454843044281,1.6048712730407715,0.24695463478565216,0.9899875521659851,2.5e-05,-0.300575852394104,-0.3033629357814789,-0.20266003906726837,-0.20243428647518158,-0.20199649035930634,0.30101871490478516,-0.2986622750759125,-0.29999515414237976,-0.20120050013065338,-0.1991053819656372,-0.20154330134391785,0.01798621006309986,0.12200260162353516,0.01798621006309986,0.1201811283826828,0.0,1.4999099969863892,1.010216236114502
473,473,94,3,94,48,train_worker_bottleneck_1000094,1000094,worker_bottleneck,downtime_dominant,0.3333333333333333,0.3333333333333333,0.3333333333333333,group_anchor_3,266,266,0,0.0,266,0,0.0,0,0.0,1.7005242711876407,1.7630242711876407,-0.0625,1.7005242711876407,1.7630242711876407,0.0,quality,-1166.9,-1202.116780553361,-31.03138888888889,0.9999999999999999,1.0,-0.47395145762471846,0.0,0.0,-0.0625,63,131.0,True,False,completed,1.0,1.0,1166.9,1166.9,1202.116780553361,31.031388888888895,0.4868623417049979,0.47395145762471846,0.6234897680000001,0.45608249173333343,0.75,0,0.0,0,0,4,0.024242424242424242,1,96,0,0,968,96.80000000000001,0,0,0,0.0,0,0.0,0,0,34,0.0,0,{},0.0,22,0.9545454545454546,41,22,117,44,42,141,91,50,8,133,0,91,8,42,8,8,0,133,22,23,0,37,1,133,0,0,91,8,42,76,8,1.855263157894737,0,10,2598,13.482694999998785,10.809251000006043,0.28544339999643853,0.20522950009035412,20.081127799996466,parallel_episode_batch,pending,-0.00019105619228467708,0.0004614519871765657,0.5037508541490974,-0.004997839412947253,1.856386069082474e-06,0.0,0.9999922186863132,0.08660299744366146,0.0,0.39304986596107483,1.6095768213272095,0.2502990961074829,0.004705753177404404,0.0250454843044281,1.6048712730407715,0.24695463478565216,0.9899875521659851,2.5e-05,-0.300575852394104,-0.3033629357814789,-0.20266003906726837,-0.20243428647518158,-0.20199649035930634,0.30101871490478516,-0.2986622750759125,-0.29999515414237976,-0.20120050013065338,-0.1991053819656372,-0.20154330134391785,0.01798621006309986,0.12200260162353516,0.01798621006309986,0.1201811283826828,0.0,1.4999099969863892,1.010216236114502
474,474,94,4,94,48,train_worker_bottleneck_1000094,1000094,worker_bottleneck,downtime_dominant,0.5,0.3,0.2,group_anchor_4,253,253,0,0.0,253,0,0.0,0,0.0,1.7281094422354104,1.7906094422354104,-0.0625,1.7281094422354104,1.7906094422354104,0.0,quality,-1129.9999999999998,-1106.90346088813,-5.151388888888891,0.9999999999999999,1.0,-0.418781115529179,0.0,0.0,-0.0625,63,167.20000000000002,True,False,completed,1.0,1.0,1129.9999999999998,1129.9999999999998,1106.90346088813,5.151388888888891,0.418781115529179,0.418781115529179,0.5159,0.36871753040000005,0.75,0,0.0,0,0,2,0.01282051282051282,1,97,0,2,1338,133.8,0,0,0,0.0,0,0.0,0,0,38,0.0,0,{},0.0,20,1.0,43,20,115,40,35,134,95,39,4,130,0,95,4,35,4,4,0,130,20,19,2,33,0,130,0,0,95,4,35,83,6,1.6144578313253013,0,10,2598,13.482694999998785,10.809251000006043,0.2806182999993325,0.24873870000010356,20.081127799996466,parallel_episode_batch,pending,-0.00019105619228467708,0.0004614519871765657,0.5037508541490974,-0.004997839412947253,1.856386069082474e-06,0.0,0.9999922186863132,0.08660299744366146,0.0,0.39304986596107483,1.6095768213272095,0.2502990961074829,0.004705753177404404,0.0250454843044281,1.6048712730407715,0.24695463478565216,0.9899875521659851,2.5e-05,-0.300575852394104,-0.3033629357814789,-0.20266003906726837,-0.20243428647518158,-0.20199649035930634,0.30101871490478516,-0.2986622750759125,-0.29999515414237976,-0.20120050013065338,-0.1991053819656372,-0.20154330134391785,0.01798621006309986,0.12200260162353516,0.01798621006309986,0.1201811283826828,0.0,1.4999099969863892,1.010216236114502
475,475,95,0,95,48,train_machine_bottleneck_1000095,1000095,machine_bottleneck,balanced_cost,1.0,0.0,0.0,group_anchor_0,273,273,0,0.0,273,0,0.0,0,0.0,1.6980071205279612,1.7605071205279612,-0.0625,1.6980071205279612,1.7605071205279612,0.0,quality,-1103.1999999999998,-828.9051180791005,-13.716666666666663,1.0,1.0,-0.47898575894407774,0.0,0.0,-0.0625,74,178.3,True,False,completed,1.0,1.0,1103.1999999999998,1103.1999999999998,828.9051180791005,13.716666666666663,0.41851550545005234,0.47898575894407774,0.3291265377,0.26124900396666667,0.75,0,0.0,0,0,0,0.0,2,108,0,0,1344,134.4,0,0,0,0.0,0,0.0,0,0,46,0.0,0,{},0.0,19,1.0,55,19,125,38,36,148,112,36,0,148,0,112,0,36,0,0,0,148,17,19,0,36,0,148,0,0,112,0,36,98,5,1.510204081632653,0,10,2598,13.482694999998785,10.809251000006043,0.1404132999959984,0.21436189999076305,20.081127799996466,parallel_episode_batch,pending,-0.00019105619228467708,0.0004614519871765657,0.5037508541490974,-0.004997839412947253,1.856386069082474e-06,0.0,0.9999922186863132,0.08660299744366146,0.0,0.39304986596107483,1.6095768213272095,0.2502990961074829,0.004705753177404404,0.0250454843044281,1.6048712730407715,0.24695463478565216,0.9899875521659851,2.5e-05,-0.300575852394104,-0.3033629357814789,-0.20266003906726837,-0.20243428647518158,-0.20199649035930634,0.30101871490478516,-0.2986622750759125,-0.29999515414237976,-0.20120050013065338,-0.1991053819656372,-0.20154330134391785,0.01798621006309986,0.12200260162353516,0.01798621006309986,0.1201811283826828,0.0,1.4999099969863892,1.010216236114502
476,476,95,1,95,48,train_machine_bottleneck_1000095,1000095,machine_bottleneck,balanced_cost,0.0,1.0,0.0,group_anchor_1,268,268,0,0.0,268,0,0.0,0,0.0,1.7200607962559284,1.7825607962559284,-0.0625,1.7200607962559284,1.7825607962559287,-2.220446049250313e-16,quality,-1507.1,-769.5306872901308,-11.558055555555553,1.0,1.0,-0.43487840748814277,0.0,0.0,-0.0625,74,240.0,True,False,completed,1.0,1.0,1507.1,1507.1,769.5306872901308,11.558055555555553,0.4463758535207081,0.43487840748814277,0.3404265377,0.24845442295,0.75,0,0.0,0,0,2,0.00904977375565611,1,95,0,3,2015,201.5,0,0,0,0.0,0,0.0,0,0,48,0.0,0,{},0.0,18,0.8888888888888888,56,18,126,36,32,107,73,34,2,105,0,73,2,32,2,2,0,105,15,16,1,28,0,105,0,0,73,2,32,67,4,1.5970149253731343,0,10,2598,13.482694999998785,10.809251000006043,0.11429440000210889,0.4396496000699699,20.081127799996466,parallel_episode_batch,pending,-0.00019105619228467708,0.0004614519871765657,0.5037508541490974,-0.004997839412947253,1.856386069082474e-06,0.0,0.9999922186863132,0.08660299744366146,0.0,0.39304986596107483,1.6095768213272095,0.2502990961074829,0.004705753177404404,0.0250454843044281,1.6048712730407715,0.24695463478565216,0.9899875521659851,2.5e-05,-0.300575852394104,-0.3033629357814789,-0.20266003906726837,-0.20243428647518158,-0.20199649035930634,0.30101871490478516,-0.2986622750759125,-0.29999515414237976,-0.20120050013065338,-0.1991053819656372,-0.20154330134391785,0.01798621006309986,0.12200260162353516,0.01798621006309986,0.1201811283826828,0.0,1.4999099969863892,1.010216236114502
477,477,95,2,95,48,train_machine_bottleneck_1000095,1000095,machine_bottleneck,balanced_cost,0.0,0.0,1.0,group_anchor_2,255,255,0,0.0,255,0,0.0,0,0.0,1.87582307332658,1.93832307332658,-0.0625,1.87582307332658,1.93832307332658,0.0,quality,-1363.3000000000004,-689.3181847382707,-7.035555555555558,1.0,1.0,-0.12335385334684022,0.0,0.0,-0.0625,74,231.70000000000002,True,False,completed,1.0,1.0,1363.3000000000004,1363.3000000000004,689.3181847382707,7.0355555555555584,0.41301106719065306,0.12335385334684022,0.3723265377,0.2505878386166667,0.75,0,0.0,0,0,0,0.0,1,84,0,4,2000,200.0,0,0,0,0.0,0,0.0,0,0,51,0.0,0,{},0.0,16,0.9375,58,16,122,32,27,106,75,31,4,102,0,75,4,27,4,4,0,102,13,14,1,22,0,102,0,0,75,4,27,65,9,1.6307692307692307,0,10,2598,13.482694999998785,10.809251000006043,0.1021792000028654,0.44635289993311744,20.081127799996466,parallel_episode_batch,pending,-0.00019105619228467708,0.0004614519871765657,0.5037508541490974,-0.004997839412947253,1.856386069082474e-06,0.0,0.9999922186863132,0.08660299744366146,0.0,0.39304986596107483,1.6095768213272095,0.2502990961074829,0.004705753177404404,0.0250454843044281,1.6048712730407715,0.24695463478565216,0.9899875521659851,2.5e-05,-0.300575852394104,-0.3033629357814789,-0.20266003906726837,-0.20243428647518158,-0.20199649035930634,0.30101871490478516,-0.2986622750759125,-0.29999515414237976,-0.20120050013065338,-0.1991053819656372,-0.20154330134391785,0.01798621006309986,0.12200260162353516,0.01798621006309986,0.1201811283826828,0.0,1.4999099969863892,1.010216236114502
478,478,95,3,95,48,train_machine_bottleneck_1000095,1000095,machine_bottleneck,balanced_cost,0.3333333333333333,0.3333333333333333,0.3333333333333333,group_anchor_3,265,265,0,0.0,265,0,0.0,0,0.0,1.7679721971642073,1.8304721971642073,-0.0625,1.7679721971642073,1.830472197164207,2.220446049250313e-16,quality,-1170.1999999999998,-788.6436118032202,-4.4980555555555535,1.0,1.0,-0.339055605671586,0.0,0.0,-0.0625,74,198.10000000000002,True,False,completed,1.0,1.0,1170.1999999999998,1170.1999999999998,788.6436118032202,4.4980555555555535,0.39563915982039466,0.339055605671586,0.2922999999999999,0.22124999999999997,0.75,0,0.0,0,0,1,0.008547008547008548,1,99,0,2,1518,151.8,0,0,0,0.0,0,0.0,0,0,47,0.0,0,{},0.0,18,0.8888888888888888,56,18,122,36,33,119,85,34,1,118,0,85,1,33,1,1,0,118,17,17,1,32,0,118,0,0,85,1,33,86,4,1.3837209302325582,0,10,2598,13.482694999998785,10.809251000006043,0.129397800003062,0.2569724999993923,20.081127799996466,parallel_episode_batch,pending,-0.00019105619228467708,0.0004614519871765657,0.5037508541490974,-0.004997839412947253,1.856386069082474e-06,0.0,0.9999922186863132,0.08660299744366146,0.0,0.39304986596107483,1.6095768213272095,0.2502990961074829,0.004705753177404404,0.0250454843044281,1.6048712730407715,0.24695463478565216,0.9899875521659851,2.5e-05,-0.300575852394104,-0.3033629357814789,-0.20266003906726837,-0.20243428647518158,-0.20199649035930634,0.30101871490478516,-0.2986622750759125,-0.29999515414237976,-0.20120050013065338,-0.1991053819656372,-0.20154330134391785,0.01798621006309986,0.12200260162353516,0.01798621006309986,0.1201811283826828,0.0,1.4999099969863892,1.010216236114502
479,479,95,4,95,48,train_machine_bottleneck_1000095,1000095,machine_bottleneck,balanced_cost,0.5,0.3,0.2,group_anchor_4,257,257,0,0.0,257,0,0.0,0,0.0,1.7410584562675449,1.8035584562675449,-0.0625,1.7410584562675449,1.8035584562675446,2.220446049250313e-16,quality,-1156.8,-699.2896147993204,-6.821388888888889,1.0,1.0,-0.3928830874649108,0.0,0.0,-0.0625,74,193.8,True,False,completed,1.0,1.0,1156.8,1156.8,699.2896147993204,6.821388888888889,0.3928830874649108,0.3928830874649108,0.3022,0.24897117195000004,0.75,0,0.0,0,0,0,0.0,1,86,0,1,1476,147.6,0,0,0,0.0,0,0.0,0,0,49,0.0,0,{},0.0,16,1.0,58,16,119,32,32,129,96,33,1,128,0,96,1,32,1,1,0,128,16,16,0,31,0,128,0,0,96,1,32,83,4,1.5542168674698795,0,10,2598,13.482694999998785,10.809251000006043,0.12534140000207117,0.21596989993122406,20.081127799996466,parallel_episode_batch,pending,-0.00019105619228467708,0.0004614519871765657,0.5037508541490974,-0.004997839412947253,1.856386069082474e-06,0.0,0.9999922186863132,0.08660299744366146,0.0,0.39304986596107483,1.6095768213272095,0.2502990961074829,0.004705753177404404,0.0250454843044281,1.6048712730407715,0.24695463478565216,0.9899875521659851,2.5e-05,-0.300575852394104,-0.3033629357814789,-0.20266003906726837,-0.20243428647518158,-0.20199649035930634,0.30101871490478516,-0.2986622750759125,-0.29999515414237976,-0.20120050013065338,-0.1991053819656372,-0.20154330134391785,0.01798621006309986,0.12200260162353516,0.01798621006309986,0.1201811283826828,0.0,1.4999099969863892,1.010216236114502
480,480,96,0,96,49,train_balanced_1000096,1000096,balanced,downtime_dominant,1.0,0.0,0.0,group_anchor_0,156,156,0,0.0,156,0,0.0,0,0.0,1.7718736067766385,1.8343736067766385,-0.0625,1.7718736067766385,1.8343736067766385,0.0,quality,-594.3999999999999,-483.33179404303996,-8.38138888888889,1.0,1.0,-0.33125278644672307,0.0,0.0,-0.0625,50,188.9,True,False,completed,1.0,1.0,594.3999999999999,594.3999999999999,483.33179404303996,8.38138888888889,0.2920915291500952,0.33125278644672307,0.28700000000000003,0.1943166666666667,0.75,0,0.0,0,0,0,0.0,2,44,0,0,1654,165.4,0,0,0,0.0,0,0.0,0,0,14,0.0,0,{},0.0,8,1.0,42,8,76,16,14,83,69,14,0,83,0,69,0,14,0,0,0,83,8,8,2,14,0,83,0,0,69,0,14,61,6,1.360655737704918,0,10,1669,8.582905500006746,6.659106100036297,0.08796640000218758,0.11911489997874014,11.371801900000719,parallel_episode_batch,pending,0.0035513554251304378,0.00046560884436109553,0.5709494379935441,-0.0019253334116742567,7.711383255405559e-06,0.0,0.9999812797263816,0.1232877422331108,0.018518518518518517,0.6253128051757812,1.4856871366500854,0.2657751739025116,-0.004704208113253117,0.026646079495549202,1.4903913736343384,0.28016650676727295,0.9899483323097229,2.5e-05,-0.3005663752555847,-0.3034345507621765,-0.2026987224817276,-0.2024841010570526,-0.20204341411590576,0.30107492208480835,-0.2986752688884735,-0.3000463843345642,-0.2012001872062683,-0.1991095244884491,-0.2015664279460907,0.01798621006309986,0.12195058166980743,0.01798621006309986,0.1201794445514679,0.0,1.500105619430542,1.0103482007980347
481,481,96,1,96,49,train_balanced_1000096,1000096,balanced,downtime_dominant,0.0,1.0,0.0,group_anchor_1,145,145,0,0.0,145,0,0.0,0,0.0,1.809356034292018,1.871856034292018,-0.0625,1.809356034292018,1.871856034292018,0.0,quality,-761.6,-344.60639035199995,-4.65138888888889,1.0,1.0,-0.2562879314159638,0.0,0.0,-0.0625,50,224.8,True,False,completed,1.0,1.0,761.6,761.6,344.60639035199995,4.65138888888889,0.28803565608846105,0.2562879314159638,0.25400000000000006,0.18897467038333338,0.75,0,0.0,0,0,0,0.0,1,32,0,0,2089,208.9,0,0,0,0.0,0,0.0,0,0,11,0.0,0,{},0.0,6,1.0,44,6,72,12,11,50,38,12,1,49,0,38,1,11,1,1,0,49,5,6,0,10,0,49,0,0,38,1,11,36,4,1.3888888888888888,0,10,1669,8.582905500006746,6.659106100036297,0.11335959999996703,0.2335560999927111,11.371801900000719,parallel_episode_batch,pending,0.0035513554251304378,0.00046560884436109553,0.5709494379935441,-0.0019253334116742567,7.711383255405559e-06,0.0,0.9999812797263816,0.1232877422331108,0.018518518518518517,0.6253128051757812,1.4856871366500854,0.2657751739025116,-0.004704208113253117,0.026646079495549202,1.4903913736343384,0.28016650676727295,0.9899483323097229,2.5e-05,-0.3005663752555847,-0.3034345507621765,-0.2026987224817276,-0.2024841010570526,-0.20204341411590576,0.30107492208480835,-0.2986752688884735,-0.3000463843345642,-0.2012001872062683,-0.1991095244884491,-0.2015664279460907,0.01798621006309986,0.12195058166980743,0.01798621006309986,0.1201794445514679,0.0,1.500105619430542,1.0103482007980347
482,482,96,2,96,49,train_balanced_1000096,1000096,balanced,downtime_dominant,0.0,0.0,1.0,group_anchor_2,184,184,0,0.0,184,0,0.0,0,0.0,1.9029145292073473,1.9654145292073473,-0.0625,1.9029145292073473,1.9654145292073473,0.0,quality,-667.5000000000002,-734.9274182458997,-3.715555555555556,1.0,1.0,-0.0691709415853053,0.0,0.0,-0.0625,50,191.20000000000002,True,False,completed,1.0,1.0,667.5000000000002,667.5000000000002,734.9274182458997,3.715555555555555,0.31963115110682705,0.0691709415853053,0.3338000000000001,0.22860000000000005,0.75,0,0.0,0,0,0,0.0,2,69,0,2,1559,155.9,0,0,0,0.0,0,0.0,0,0,18,0.0,0,{},0.0,12,1.0,38,12,88,24,22,88,66,22,0,88,0,66,0,22,0,0,0,88,12,10,2,20,0,88,0,0,66,0,22,62,4,1.4193548387096775,0,10,1669,8.582905500006746,6.659106100036297,0.0769094000061159,0.1470743000463699,11.371801900000719,parallel_episode_batch,pending,0.0035513554251304378,0.00046560884436109553,0.5709494379935441,-0.0019253334116742567,7.711383255405559e-06,0.0,0.9999812797263816,0.1232877422331108,0.018518518518518517,0.6253128051757812,1.4856871366500854,0.2657751739025116,-0.004704208113253117,0.026646079495549202,1.4903913736343384,0.28016650676727295,0.9899483323097229,2.5e-05,-0.3005663752555847,-0.3034345507621765,-0.2026987224817276,-0.2024841010570526,-0.20204341411590576,0.30107492208480835,-0.2986752688884735,-0.3000463843345642,-0.2012001872062683,-0.1991095244884491,-0.2015664279460907,0.01798621006309986,0.12195058166980743,0.01798621006309986,0.1201794445514679,0.0,1.500105619430542,1.0103482007980347
483,483,96,3,96,49,train_balanced_1000096,1000096,balanced,downtime_dominant,0.3333333333333333,0.3333333333333333,0.3333333333333333,group_anchor_3,147,147,0,0.0,147,0,0.0,0,0.0,1.8001988159540725,1.8626988159540725,-0.0625,1.8001988159540725,1.8626988159540725,0.0,quality,-640.3999999999999,-344.84854699969003,-14.054722222222221,1.0,1.0,-0.274602368091855,0.0,0.0,-0.0625,50,184.70000000000002,True,False,completed,1.0,1.0,640.3999999999999,640.3999999999999,344.84854699969003,14.054722222222225,0.29479395537812136,0.274602368091855,0.2838,0.17201904743333332,0.75,0,0.0,0,0,0,0.0,1,31,0,0,1717,171.70000000000002,0,0,0,0.0,0,0.0,0,0,8,0.0,0,{},0.0,6,1.0,44,6,74,12,11,73,61,12,1,72,0,61,1,11,1,1,0,72,6,6,0,11,0,72,0,0,61,1,11,48,4,1.5208333333333333,0,10,1669,8.582905500006746,6.659106100036297,0.07716410000284668,0.14178219997847918,11.371801900000719,parallel_episode_batch,pending,0.0035513554251304378,0.00046560884436109553,0.5709494379935441,-0.0019253334116742567,7.711383255405559e-06,0.0,0.9999812797263816,0.1232877422331108,0.018518518518518517,0.6253128051757812,1.4856871366500854,0.2657751739025116,-0.004704208113253117,0.026646079495549202,1.4903913736343384,0.28016650676727295,0.9899483323097229,2.5e-05,-0.3005663752555847,-0.3034345507621765,-0.2026987224817276,-0.2024841010570526,-0.20204341411590576,0.30107492208480835,-0.2986752688884735,-0.3000463843345642,-0.2012001872062683,-0.1991095244884491,-0.2015664279460907,0.01798621006309986,0.12195058166980743,0.01798621006309986,0.1201794445514679,0.0,1.500105619430542,1.0103482007980347
484,484,96,4,96,49,train_balanced_1000096,1000096,balanced,downtime_dominant,0.5,0.3,0.2,group_anchor_4,160,160,0,0.0,160,0,0.0,0,0.0,1.7987122030564318,1.8612122030564318,-0.0625,1.7987122030564318,1.8612122030564318,0.0,quality,-592.7,-456.71969036563996,-5.008055555555555,1.0,1.0,-0.27757559388713654,0.0,0.0,-0.0625,50,183.10000000000002,True,False,completed,1.0,1.0,592.7,592.7,456.71969036563996,5.008055555555555,0.27757559388713654,0.27757559388713654,0.16800000000000004,0.14840800371666668,0.75,0,0.0,0,0,0,0.0,2,44,0,1,1552,155.20000000000002,0,0,0,0.0,0,0.0,0,0,16,0.0,0,{},0.0,8,1.0,42,8,78,16,16,80,64,16,0,80,0,64,0,16,0,0,0,80,8,8,0,16,0,80,0,0,64,0,16,57,4,1.4035087719298245,0,10,1669,8.582905500006746,6.659106100036297,0.09860879999905592,0.19995160008693347,11.371801900000719,parallel_episode_batch,pending,0.0035513554251304378,0.00046560884436109553,0.5709494379935441,-0.0019253334116742567,7.711383255405559e-06,0.0,0.9999812797263816,0.1232877422331108,0.018518518518518517,0.6253128051757812,1.4856871366500854,0.2657751739025116,-0.004704208113253117,0.026646079495549202,1.4903913736343384,0.28016650676727295,0.9899483323097229,2.5e-05,-0.3005663752555847,-0.3034345507621765,-0.2026987224817276,-0.2024841010570526,-0.20204341411590576,0.30107492208480835,-0.2986752688884735,-0.3000463843345642,-0.2012001872062683,-0.1991095244884491,-0.2015664279460907,0.01798621006309986,0.12195058166980743,0.01798621006309986,0.1201794445514679,0.0,1.500105619430542,1.0103482007980347
485,485,97,0,97,49,train_balanced_1000097,1000097,balanced,labor_dominant,1.0,0.0,0.0,group_anchor_0,175,175,0,0.0,175,0,0.0,0,0.0,1.7689184710561205,1.8314184710561205,-0.0625,1.7689184710561205,1.83141847105612,4.440892098500626e-16,quality,-610.4,-322.31365750429995,-6.619166666666668,0.9999999999999998,1.0,-0.3371630578877596,0.0,0.0,-0.0625,54,202.10000000000002,True,False,completed,1.0,1.0,610.4,610.4,322.31365750429995,6.619166666666669,0.2650878254628511,0.3371630578877596,0.15750000000000003,0.1410080899666667,0.75,0,0.0,0,0,0,0.0,2,52,0,1,1767,176.70000000000002,0,0,0,0.0,0,0.0,0,0,29,0.0,0,{},0.0,9,1.0,45,9,85,18,18,94,76,18,0,94,0,76,0,18,0,0,0,94,9,9,0,18,0,94,0,0,76,0,18,68,4,1.3823529411764706,0,10,1669,8.582905500006746,6.659106100036297,0.09348190000309842,0.16878459996951278,11.371801900000719,parallel_episode_batch,pending,0.0035513554251304378,0.00046560884436109553,0.5709494379935441,-0.0019253334116742567,7.711383255405559e-06,0.0,0.9999812797263816,0.1232877422331108,0.018518518518518517,0.6253128051757812,1.4856871366500854,0.2657751739025116,-0.004704208113253117,0.026646079495549202,1.4903913736343384,0.28016650676727295,0.9899483323097229,2.5e-05,-0.3005663752555847,-0.3034345507621765,-0.2026987224817276,-0.2024841010570526,-0.20204341411590576,0.30107492208480835,-0.2986752688884735,-0.3000463843345642,-0.2012001872062683,-0.1991095244884491,-0.2015664279460907,0.01798621006309986,0.12195058166980743,0.01798621006309986,0.1201794445514679,0.0,1.500105619430542,1.0103482007980347
486,486,97,1,97,49,train_balanced_1000097,1000097,balanced,labor_dominant,0.0,1.0,0.0,group_anchor_1,162,162,0,0.0,162,0,0.0,0,0.0,1.8376221096706278,1.9001221096706278,-0.0625,1.8376221096706278,1.9001221096706282,-4.440892098500626e-16,quality,-727.5000000000005,-249.61852373413998,-11.969166666666672,0.9999999999999998,1.0,-0.19975578065874372,0.0,0.0,-0.0625,54,213.60000000000002,True,False,completed,1.0,1.0,727.5000000000005,727.5000000000005,249.61852373413998,11.969166666666672,0.28727211342919895,0.19975578065874372,0.15750000000000003,0.1345914233,0.75,0,0.0,0,0,0,0.0,2,39,0,0,1885,188.5,0,0,0,0.0,0,0.0,0,0,24,0.0,0,{},0.0,7,1.0,47,7,81,14,13,66,53,13,0,66,0,53,0,13,0,0,0,66,6,6,0,12,0,66,0,0,53,0,13,49,4,1.346938775510204,0,10,1669,8.582905500006746,6.659106100036297,0.11412640000344254,0.3069317999834311,11.371801900000719,parallel_episode_batch,pending,0.0035513554251304378,0.00046560884436109553,0.5709494379935441,-0.0019253334116742567,7.711383255405559e-06,0.0,0.9999812797263816,0.1232877422331108,0.018518518518518517,0.6253128051757812,1.4856871366500854,0.2657751739025116,-0.004704208113253117,0.026646079495549202,1.4903913736343384,0.28016650676727295,0.9899483323097229,2.5e-05,-0.3005663752555847,-0.3034345507621765,-0.2026987224817276,-0.2024841010570526,-0.20204341411590576,0.30107492208480835,-0.2986752688884735,-0.3000463843345642,-0.2012001872062683,-0.1991095244884491,-0.2015664279460907,0.01798621006309986,0.12195058166980743,0.01798621006309986,0.1201794445514679,0.0,1.500105619430542,1.0103482007980347
487,487,97,2,97,49,train_balanced_1000097,1000097,balanced,labor_dominant,0.0,0.0,1.0,group_anchor_2,186,186,0,0.0,186,0,0.0,0,0.0,1.9214021872378868,1.9839021872378868,-0.0625,1.9214021872378868,1.9839021872378864,4.440892098500626e-16,quality,-769.6000000000001,-402.92951487454,-1.6633333333333336,0.9999999999999998,1.0,-0.03219562552422737,0.0,0.0,-0.0625,54,207.3,True,False,completed,1.0,1.0,769.6000000000001,769.6000000000001,402.92951487454,1.6633333333333338,0.28797048783723933,0.032195625524227375,0.23290000000000005,0.16603333333333334,0.75,0,0.0,0,0,0,0.0,2,62,0,3,1819,181.9,0,0,0,0.0,0,0.0,0,0,25,0.0,0,{},0.0,11,1.0,43,11,91,22,19,80,61,19,0,80,0,61,0,19,0,0,0,80,7,9,1,15,0,80,0,0,61,0,19,53,4,1.509433962264151,0,10,1669,8.582905500006746,6.659106100036297,0.10179160000552656,0.2616306000199984,11.371801900000719,parallel_episode_batch,pending,0.0035513554251304378,0.00046560884436109553,0.5709494379935441,-0.0019253334116742567,7.711383255405559e-06,0.0,0.9999812797263816,0.1232877422331108,0.018518518518518517,0.6253128051757812,1.4856871366500854,0.2657751739025116,-0.004704208113253117,0.026646079495549202,1.4903913736343384,0.28016650676727295,0.9899483323097229,2.5e-05,-0.3005663752555847,-0.3034345507621765,-0.2026987224817276,-0.2024841010570526,-0.20204341411590576,0.30107492208480835,-0.2986752688884735,-0.3000463843345642,-0.2012001872062683,-0.1991095244884491,-0.2015664279460907,0.01798621006309986,0.12195058166980743,0.01798621006309986,0.1201794445514679,0.0,1.500105619430542,1.0103482007980347
488,488,97,3,97,49,train_balanced_1000097,1000097,balanced,labor_dominant,0.3333333333333333,0.3333333333333333,0.3333333333333333,group_anchor_3,174,174,0,0.0,174,0,0.0,0,0.0,1.822778839876472,1.885278839876472,-0.0625,1.822778839876472,1.8852788398764722,-2.220446049250313e-16,quality,-696.7999999999998,-325.1627111001701,-4.0888888888888895,0.9999999999999998,1.0,-0.22944232024705571,0.0,0.0,-0.0625,54,210.4,True,False,completed,1.0,1.0,696.7999999999998,696.7999999999998,325.1627111001701,4.0888888888888895,0.27240962473915636,0.22944232024705571,0.24150000000000005,0.1823675480166667,0.75,0,0.0,0,0,0,0.0,1,48,0,1,1870,187.0,0,0,0,0.0,0,0.0,0,0,28,0.0,0,{},0.0,9,1.0,45,9,85,18,17,76,58,18,1,75,0,58,1,17,1,1,0,75,10,8,1,16,0,75,0,0,58,1,17,51,5,1.4901960784313726,0,10,1669,8.582905500006746,6.659106100036297,0.12110440000105882,0.20410319991788128,11.371801900000719,parallel_episode_batch,pending,0.0035513554251304378,0.00046560884436109553,0.5709494379935441,-0.0019253334116742567,7.711383255405559e-06,0.0,0.9999812797263816,0.1232877422331108,0.018518518518518517,0.6253128051757812,1.4856871366500854,0.2657751739025116,-0.004704208113253117,0.026646079495549202,1.4903913736343384,0.28016650676727295,0.9899483323097229,2.5e-05,-0.3005663752555847,-0.3034345507621765,-0.2026987224817276,-0.2024841010570526,-0.20204341411590576,0.30107492208480835,-0.2986752688884735,-0.3000463843345642,-0.2012001872062683,-0.1991095244884491,-0.2015664279460907,0.01798621006309986,0.12195058166980743,0.01798621006309986,0.1201794445514679,0.0,1.500105619430542,1.0103482007980347
489,489,97,4,97,49,train_balanced_1000097,1000097,balanced,labor_dominant,0.5,0.3,0.2,group_anchor_4,180,180,0,0.0,180,0,0.0,0,0.0,1.7921313774476313,1.8546313774476313,-0.0625,1.7921313774476313,1.8546313774476313,0.0,quality,-691.6999999999998,-366.2976514755902,-7.9655555555555555,1.0,1.0,-0.2907372451047375,0.0,0.0,-0.0625,54,201.20000000000002,True,False,completed,1.0,1.0,691.6999999999998,691.6999999999998,366.2976514755902,7.965555555555556,0.2907372451047375,0.2907372451047375,0.2868,0.17626754801666666,0.75,0,0.0,0,0,0,0.0,2,52,0,3,1749,174.9,0,0,0,0.0,0,0.0,0,0,24,0.0,0,{},0.0,10,1.0,44,10,87,20,19,86,67,19,0,86,0,67,0,19,0,0,0,86,9,10,0,19,0,86,0,0,67,0,19,60,5,1.4333333333333333,0,10,1669,8.582905500006746,6.659106100036297,0.11650229999941075,0.1622560999749112,11.371801900000719,parallel_episode_batch,pending,0.0035513554251304378,0.00046560884436109553,0.5709494379935441,-0.0019253334116742567,7.711383255405559e-06,0.0,0.9999812797263816,0.1232877422331108,0.018518518518518517,0.6253128051757812,1.4856871366500854,0.2657751739025116,-0.004704208113253117,0.026646079495549202,1.4903913736343384,0.28016650676727295,0.9899483323097229,2.5e-05,-0.3005663752555847,-0.3034345507621765,-0.2026987224817276,-0.2024841010570526,-0.20204341411590576,0.30107492208480835,-0.2986752688884735,-0.3000463843345642,-0.2012001872062683,-0.1991095244884491,-0.2015664279460907,0.01798621006309986,0.12195058166980743,0.01798621006309986,0.1201794445514679,0.0,1.500105619430542,1.0103482007980347
490,490,98,0,98,50,train_worker_bottleneck_1000098,1000098,worker_bottleneck,balanced_cost,1.0,0.0,0.0,group_anchor_0,299,299,0,0.0,299,0,0.0,0,0.0,1.6495216262058732,1.7120216262058732,-0.0625,1.6495216262058732,1.712021626205873,2.220446049250313e-16,quality,-1629.8999999999992,-999.8539256353391,-3.741388888888888,1.0000000000000002,1.0,-0.5759567475882539,0.0,0.0,-0.0625,79,167.70000000000002,True,False,completed,1.0,1.0,1629.8999999999992,1629.8999999999992,999.8539256353391,3.741388888888888,0.45189109511168907,0.5759567475882539,0.6140383305999999,0.48263130406666654,0.75,0,0.0,0,0,46,0.22439024390243903,1,104,2,0,1332,133.20000000000002,0,0,0,0.0,0,0.0,0,0,54,0.0,0,{},0.0,22,0.8636363636363636,57,22,137,44,39,176,131,45,6,170,0,131,6,39,6,6,0,170,25,24,4,39,3,170,0,0,131,6,39,108,11,1.6296296296296295,0,10,2322,12.482335600005172,9.770169299998088,0.13951589999487624,0.19338849990890594,18.31867919999786,parallel_episode_batch,not_promoted,0.0033635094154600962,0.00023475288312388207,0.6191367418379397,-0.0027104811648511,2.0974510075913369e-07,0.0,1.0000067796256091,0.06798406836350222,0.0,0.13523969054222107,1.5562419891357422,0.23650068044662476,0.006456664297729731,0.017891274765133858,1.5497853755950928,0.2302546352148056,0.9942770600318909,2.5e-05,-0.3005887567996979,-0.30335861444473267,-0.2026447206735611,-0.20243225991725922,-0.20199131965637207,0.301016241312027,-0.2987023591995239,-0.30015408992767334,-0.20123465359210968,-0.1991126537322998,-0.20164023339748383,0.01798621006309986,0.12195010483264923,0.01798621006309986,0.12021805346012115,0.0,1.5002385377883911,1.0105854272842407
491,491,98,1,98,50,train_worker_bottleneck_1000098,1000098,worker_bottleneck,balanced_cost,0.0,1.0,0.0,group_anchor_1,279,279,0,0.0,279,0,0.0,0,0.0,1.7116750831934597,1.7741750831934597,-0.0625,1.7116750831934597,1.7741750831934597,0.0,quality,-1710.8999999999994,-823.6522231569701,-21.95805555555556,1.0000000000000002,1.0,-0.4516498336130806,0.0,0.0,-0.0625,79,158.70000000000002,True,False,completed,1.0,1.0,1710.8999999999994,1710.8999999999994,823.6522231569701,21.95805555555556,0.4904032846861024,0.4516498336130806,0.5340386839000001,0.3774926213333334,0.75,0,0.0,0,0,0,0.0,1,103,0,4,1214,121.4,0,0,0,0.0,0,0.0,0,0,56,0.0,0,{},0.0,19,0.9473684210526315,60,19,130,38,32,108,74,34,2,106,0,74,2,32,2,2,0,106,17,15,4,26,0,106,0,0,74,2,32,79,7,1.3670886075949367,0,10,2322,12.482335600005172,9.770169299998088,0.1815342999980203,0.2673573999927612,18.31867919999786,parallel_episode_batch,not_promoted,0.0033635094154600962,0.00023475288312388207,0.6191367418379397,-0.0027104811648511,2.0974510075913369e-07,0.0,1.0000067796256091,0.06798406836350222,0.0,0.13523969054222107,1.5562419891357422,0.23650068044662476,0.006456664297729731,0.017891274765133858,1.5497853755950928,0.2302546352148056,0.9942770600318909,2.5e-05,-0.3005887567996979,-0.30335861444473267,-0.2026447206735611,-0.20243225991725922,-0.20199131965637207,0.301016241312027,-0.2987023591995239,-0.30015408992767334,-0.20123465359210968,-0.1991126537322998,-0.20164023339748383,0.01798621006309986,0.12195010483264923,0.01798621006309986,0.12021805346012115,0.0,1.5002385377883911,1.0105854272842407
492,492,98,2,98,50,train_worker_bottleneck_1000098,1000098,worker_bottleneck,balanced_cost,0.0,0.0,1.0,group_anchor_2,285,285,0,0.0,285,0,0.0,0,0.0,1.9246896196131718,1.9871896196131718,-0.0625,1.9246896196131718,1.9871896196131713,4.440892098500626e-16,quality,-1859.7999999999997,-917.4499208178601,-1.314722222222225,1.0000000000000002,1.0,-0.025620760773657134,0.0,0.0,-0.0625,79,196.70000000000002,True,False,completed,1.0,1.0,1859.7999999999997,1859.7999999999997,917.4499208178601,1.3147222222222246,0.45257510239008675,0.025620760773657162,0.47363833060000005,0.38048130406666675,0.75,0,0.0,0,0,10,0.020876826722338204,1,107,1,1,1628,162.8,0,0,0,0.0,0,0.0,0,0,54,0.0,0,{},0.0,20,1.0,59,20,133,40,33,115,79,36,3,112,0,79,3,33,3,3,0,112,14,15,3,23,1,112,0,0,79,3,33,74,7,1.554054054054054,0,10,2322,12.482335600005172,9.770169299998088,0.18482890000450425,0.3248283999491832,18.31867919999786,parallel_episode_batch,not_promoted,0.0033635094154600962,0.00023475288312388207,0.6191367418379397,-0.0027104811648511,2.0974510075913369e-07,0.0,1.0000067796256091,0.06798406836350222,0.0,0.13523969054222107,1.5562419891357422,0.23650068044662476,0.006456664297729731,0.017891274765133858,1.5497853755950928,0.2302546352148056,0.9942770600318909,2.5e-05,-0.3005887567996979,-0.30335861444473267,-0.2026447206735611,-0.20243225991725922,-0.20199131965637207,0.301016241312027,-0.2987023591995239,-0.30015408992767334,-0.20123465359210968,-0.1991126537322998,-0.20164023339748383,0.01798621006309986,0.12195010483264923,0.01798621006309986,0.12021805346012115,0.0,1.5002385377883911,1.0105854272842407
493,493,98,3,98,50,train_worker_bottleneck_1000098,1000098,worker_bottleneck,balanced_cost,0.3333333333333333,0.3333333333333333,0.3333333333333333,group_anchor_3,248,248,0,0.0,248,0,0.0,0,0.0,1.7598539553564245,1.8223539553564245,-0.0625,1.7598539553564245,1.8223539553564245,0.0,quality,-1622.2999999999993,-566.90747187522,-7.422500000000004,1.0000000000000002,1.0,-0.3552920892871511,0.0,0.0,-0.0625,79,170.20000000000002,True,False,completed,1.0,1.0,1622.2999999999993,1622.2999999999993,566.90747187522,7.422500000000004,0.42179973600883475,0.3552920892871511,0.3873949012,0.31733130406666665,0.75,0,0.0,0,0,6,0.019801980198019802,1,70,0,1,1381,138.1,0,0,0,0.0,0,0.0,0,0,62,0.0,0,{},0.0,13,1.0,66,13,119,26,24,104,79,25,1,103,0,79,1,24,1,1,0,103,12,12,1,22,0,103,0,0,79,1,24,71,5,1.4647887323943662,0,10,2322,12.482335600005172,9.770169299998088,0.1587671999950544,0.2547440000271308,18.31867919999786,parallel_episode_batch,not_promoted,0.0033635094154600962,0.00023475288312388207,0.6191367418379397,-0.0027104811648511,2.0974510075913369e-07,0.0,1.0000067796256091,0.06798406836350222,0.0,0.13523969054222107,1.5562419891357422,0.23650068044662476,0.006456664297729731,0.017891274765133858,1.5497853755950928,0.2302546352148056,0.9942770600318909,2.5e-05,-0.3005887567996979,-0.30335861444473267,-0.2026447206735611,-0.20243225991725922,-0.20199131965637207,0.301016241312027,-0.2987023591995239,-0.30015408992767334,-0.20123465359210968,-0.1991126537322998,-0.20164023339748383,0.01798621006309986,0.12195010483264923,0.01798621006309986,0.12021805346012115,0.0,1.5002385377883911,1.0105854272842407
494,494,98,4,98,50,train_worker_bottleneck_1000098,1000098,worker_bottleneck,balanced_cost,0.5,0.3,0.2,group_anchor_4,293,293,0,0.0,293,0,0.0,0,0.0,1.7040175173320482,1.7665175173320482,-0.0625,1.7040175173320482,1.7665175173320482,0.0,quality,-1755.3999999999992,-961.87295429711,-6.46472222222222,1.0000000000000002,1.0,-0.4669649653359038,0.0,0.0,-0.0625,79,173.5,True,False,completed,1.0,1.0,1755.3999999999992,1755.3999999999992,961.87295429711,6.464722222222221,0.4669649653359038,0.4669649653359038,0.5021383306,0.40961463740000004,0.75,0,0.0,0,0,9,0.02,1,101,1,3,1382,138.20000000000002,0,0,0,0.0,0,0.0,0,0,55,0.0,0,{},0.0,21,0.9523809523809523,58,21,136,42,36,142,99,43,7,135,0,99,7,36,7,7,0,135,18,23,3,31,0,135,0,0,99,7,36,87,8,1.632183908045977,0,10,2322,12.482335600005172,9.770169299998088,0.16624969999975292,0.3515697000111686,18.31867919999786,parallel_episode_batch,not_promoted,0.0033635094154600962,0.00023475288312388207,0.6191367418379397,-0.0027104811648511,2.0974510075913369e-07,0.0,1.0000067796256091,0.06798406836350222,0.0,0.13523969054222107,1.5562419891357422,0.23650068044662476,0.006456664297729731,0.017891274765133858,1.5497853755950928,0.2302546352148056,0.9942770600318909,2.5e-05,-0.3005887567996979,-0.30335861444473267,-0.2026447206735611,-0.20243225991725922,-0.20199131965637207,0.301016241312027,-0.2987023591995239,-0.30015408992767334,-0.20123465359210968,-0.1991126537322998,-0.20164023339748383,0.01798621006309986,0.12195010483264923,0.01798621006309986,0.12021805346012115,0.0,1.5002385377883911,1.0105854272842407
495,495,99,0,99,50,train_balanced_1000099,1000099,balanced,labor_dominant,1.0,0.0,0.0,group_anchor_0,178,178,0,0.0,178,0,0.0,0,0.0,1.7587335367812402,1.8212335367812402,-0.0625,1.7587335367812402,1.82123353678124,2.220446049250313e-16,quality,-667.8,-306.10533661945993,-3.025555555555553,0.9999999999999997,1.0,-0.35753292643752005,0.0,0.0,-0.0625,57,185.70000000000002,True,False,completed,1.0,1.0,667.8,667.8,306.10533661945993,3.0255555555555538,0.26048764217840675,0.35753292643752005,0.20009999999999997,0.14462275421666668,0.75,0,0.0,0,0,0,0.0,2,51,0,0,1587,158.70000000000002,0,0,0,0.0,0,0.0,0,0,23,0.0,0,{},0.0,9,0.8888888888888888,48,9,85,18,18,94,76,18,0,94,0,76,0,18,0,0,0,94,9,9,0,18,0,94,0,0,76,0,18,68,3,1.3823529411764706,0,10,2322,12.482335600005172,9.770169299998088,0.12679689999640686,0.16344959997513797,18.31867919999786,parallel_episode_batch,not_promoted,0.0033635094154600962,0.00023475288312388207,0.6191367418379397,-0.0027104811648511,2.0974510075913369e-07,0.0,1.0000067796256091,0.06798406836350222,0.0,0.13523969054222107,1.5562419891357422,0.23650068044662476,0.006456664297729731,0.017891274765133858,1.5497853755950928,0.2302546352148056,0.9942770600318909,2.5e-05,-0.3005887567996979,-0.30335861444473267,-0.2026447206735611,-0.20243225991725922,-0.20199131965637207,0.301016241312027,-0.2987023591995239,-0.30015408992767334,-0.20123465359210968,-0.1991126537322998,-0.20164023339748383,0.01798621006309986,0.12195010483264923,0.01798621006309986,0.12021805346012115,0.0,1.5002385377883911,1.0105854272842407
496,496,99,1,99,50,train_balanced_1000099,1000099,balanced,labor_dominant,0.0,1.0,0.0,group_anchor_1,185,185,0,0.0,185,0,0.0,0,0.0,1.8064957944203786,1.8689957944203786,-0.0625,1.8064957944203786,1.8689957944203788,-2.220446049250313e-16,quality,-805.1000000000001,-355.0289937190299,-6.655555555555556,0.9999999999999997,1.0,-0.2620084111592423,0.0,0.0,-0.0625,57,199.3,True,False,completed,1.0,1.0,805.1000000000001,805.1000000000001,355.0289937190299,6.655555555555556,0.30286038046206265,0.2620084111592423,0.21480000000000007,0.16986375345000002,0.75,0,0.0,0,0,0,0.0,2,56,0,0,1796,179.60000000000002,0,0,0,0.0,0,0.0,0,0,22,0.0,0,{},0.0,10,1.0,47,10,89,20,19,80,61,19,0,80,0,61,0,19,0,0,0,80,9,10,1,18,0,80,0,0,61,0,19,57,4,1.4035087719298245,0,10,2322,12.482335600005172,9.770169299998088,0.11303619999671355,0.2992512000273564,18.31867919999786,parallel_episode_batch,not_promoted,0.0033635094154600962,0.00023475288312388207,0.6191367418379397,-0.0027104811648511,2.0974510075913369e-07,0.0,1.0000067796256091,0.06798406836350222,0.0,0.13523969054222107,1.5562419891357422,0.23650068044662476,0.006456664297729731,0.017891274765133858,1.5497853755950928,0.2302546352148056,0.9942770600318909,2.5e-05,-0.3005887567996979,-0.30335861444473267,-0.2026447206735611,-0.20243225991725922,-0.20199131965637207,0.301016241312027,-0.2987023591995239,-0.30015408992767334,-0.20123465359210968,-0.1991126537322998,-0.20164023339748383,0.01798621006309986,0.12195010483264923,0.01798621006309986,0.12021805346012115,0.0,1.5002385377883911,1.0105854272842407
497,497,99,2,99,50,train_balanced_1000099,1000099,balanced,labor_dominant,0.0,0.0,1.0,group_anchor_2,190,190,0,0.0,190,0,0.0,0,0.0,1.929289841807601,1.991789841807601,-0.0625,1.929289841807601,1.9917898418076008,2.220446049250313e-16,quality,-971.2,-388.39802458968,-0.834722222222223,0.9999999999999997,1.0,-0.016420316384798243,0.0,0.0,-0.0625,57,215.4,True,False,completed,1.0,1.0,971.2,971.2,388.39802458968,0.834722222222223,0.3108628186633736,0.016420316384798243,0.19050000000000003,0.1441,0.75,0,0.0,0,0,0,0.0,1,59,0,0,1880,188.0,0,0,0,0.0,0,0.0,0,0,21,0.0,0,{},0.0,11,0.9090909090909091,46,11,91,22,20,75,53,22,2,73,0,53,2,20,2,2,0,73,7,11,0,16,0,73,0,0,53,2,20,47,10,1.5957446808510638,0,10,2322,12.482335600005172,9.770169299998088,0.13248490000114543,0.38467489993490744,18.31867919999786,parallel_episode_batch,not_promoted,0.0033635094154600962,0.00023475288312388207,0.6191367418379397,-0.0027104811648511,2.0974510075913369e-07,0.0,1.0000067796256091,0.06798406836350222,0.0,0.13523969054222107,1.5562419891357422,0.23650068044662476,0.006456664297729731,0.017891274765133858,1.5497853755950928,0.2302546352148056,0.9942770600318909,2.5e-05,-0.3005887567996979,-0.30335861444473267,-0.2026447206735611,-0.20243225991725922,-0.20199131965637207,0.301016241312027,-0.2987023591995239,-0.30015408992767334,-0.20123465359210968,-0.1991126537322998,-0.20164023339748383,0.01798621006309986,0.12195010483264923,0.01798621006309986,0.12021805346012115,0.0,1.5002385377883911,1.0105854272842407
498,498,99,3,99,50,train_balanced_1000099,1000099,balanced,labor_dominant,0.3333333333333333,0.3333333333333333,0.3333333333333333,group_anchor_3,187,187,0,0.0,187,0,0.0,0,0.0,1.825330477223822,1.887830477223822,-0.0625,1.825330477223822,1.887830477223822,0.0,quality,-788.2999999999998,-334.91763123389006,-1.3166666666666664,0.9999999999999997,1.0,-0.2243390455523562,0.0,0.0,-0.0625,57,209.70000000000002,True,False,completed,1.0,1.0,788.2999999999998,788.2999999999998,334.91763123389006,1.3166666666666664,0.2786332420250289,0.2243390455523562,0.17730000000000004,0.15368155453333335,0.75,0,0.0,0,0,0,0.0,1,54,0,1,1798,179.8,0,0,0,0.0,0,0.0,0,0,23,0.0,0,{},0.0,10,1.0,47,10,90,20,20,80,59,21,1,79,0,59,1,20,1,1,0,79,9,10,0,18,0,79,0,0,59,1,20,57,5,1.4035087719298245,0,10,2322,12.482335600005172,9.770169299998088,0.11624429999938002,0.2759602999940398,18.31867919999786,parallel_episode_batch,not_promoted,0.0033635094154600962,0.00023475288312388207,0.6191367418379397,-0.0027104811648511,2.0974510075913369e-07,0.0,1.0000067796256091,0.06798406836350222,0.0,0.13523969054222107,1.5562419891357422,0.23650068044662476,0.006456664297729731,0.017891274765133858,1.5497853755950928,0.2302546352148056,0.9942770600318909,2.5e-05,-0.3005887567996979,-0.30335861444473267,-0.2026447206735611,-0.20243225991725922,-0.20199131965637207,0.301016241312027,-0.2987023591995239,-0.30015408992767334,-0.20123465359210968,-0.1991126537322998,-0.20164023339748383,0.01798621006309986,0.12195010483264923,0.01798621006309986,0.12021805346012115,0.0,1.5002385377883911,1.0105854272842407
499,499,99,4,99,50,train_balanced_1000099,1000099,balanced,labor_dominant,0.5,0.3,0.2,group_anchor_4,178,178,0,0.0,178,0,0.0,0,0.0,1.8046063766195326,1.8671063766195326,-0.0625,1.8046063766195326,1.8671063766195322,4.440892098500626e-16,quality,-694.9,-305.39676765509995,-3.259999999999999,0.9999999999999997,1.0,-0.2657872467609359,0.0,0.0,-0.0625,57,188.70000000000002,True,False,completed,1.0,1.0,694.9,694.9,305.39676765509995,3.26,0.2657872467609359,0.2657872467609359,0.1824,0.14736488786666668,0.75,0,0.0,0,0,0,0.0,2,51,0,0,1643,164.3,0,0,0,0.0,0,0.0,0,0,21,0.0,0,{},0.0,9,1.0,48,9,86,18,17,87,70,17,0,87,0,70,0,17,0,0,0,87,8,8,0,16,0,87,0,0,70,0,17,60,4,1.45,0,10,2322,12.482335600005172,9.770169299998088,0.10548229999403702,0.18435389998921892,18.31867919999786,parallel_episode_batch,not_promoted,0.0033635094154600962,0.00023475288312388207,0.6191367418379397,-0.0027104811648511,2.0974510075913369e-07,0.0,1.0000067796256091,0.06798406836350222,0.0,0.13523969054222107,1.5562419891357422,0.23650068044662476,0.006456664297729731,0.017891274765133858,1.5497853755950928,0.2302546352148056,0.9942770600318909,2.5e-05,-0.3005887567996979,-0.30335861444473267,-0.2026447206735611,-0.20243225991725922,-0.20199131965637207,0.301016241312027,-0.2987023591995239,-0.30015408992767334,-0.20123465359210968,-0.1991126537322998,-0.20164023339748383,0.01798621006309986,0.12195010483264923,0.01798621006309986,0.12021805346012115,0.0,1.5002385377883911,1.0105854272842407
