update_id,episode_start,episode_end,episode_count,parallel_envs,transition_count,environment_step_count,forced_action_count,forced_action_ratio,worker_step_command_count,worker_local_physical_forced_action_count,worker_local_physical_forced_share,estimated_worker_step_round_trips_avoided,sampling_wall_time_seconds,policy_inference_time_seconds,generation_time_seconds,environment_step_time_seconds,ppo_update_time_seconds,transitions_per_second,reward_phase,candidate_status,policy_loss,value_loss,entropy,loss,approx_kl,clip_fraction,ratio_mean,gradient_norm,gradient_clipped_fraction,gradient_norm_max,return_mean,return_std,advantage_mean,advantage_std,value_prediction_mean,value_prediction_std,pre_update_explained_variance,learning_rate,policy_head_weight_production_processing_time_norm,policy_head_weight_production_reconfiguration_time_norm,policy_head_weight_production_fixed_reconfiguration_cost_norm,policy_head_weight_production_estimated_labor_cost_norm,policy_head_weight_production_estimated_downtime_cost_norm,policy_head_weight_production_horizon_slack_norm,policy_head_weight_worker_stage_duration_norm,policy_head_weight_worker_projected_fatigue_ratio,policy_head_weight_worker_incremental_labor_cost_norm,policy_head_weight_worker_incremental_downtime_cost_norm,policy_head_weight_worker_incremental_load_variance_norm,policy_head_gate_production_common,policy_head_gate_production_residual,policy_head_gate_worker_common,policy_head_gate_worker_residual
1,0,9,10,10,2199,2199,0,0.0,2199,0,0.0,0,9.112843599999906,4.441298700039624,3.797204899979988,1.7869742999318987,15.204233700002078,90.4302755166971,feasibility,feasibility_best,-0.00600650789482253,0.013500253277431642,0.446807615671839,-0.003724457130634359,0.0030011906750067804,0.031327639733042034,0.9995008971009935,1.110140384520803,0.6142857142857143,20.598052978515625,0.21315667033195496,0.20522305369377136,0.17132557928562164,0.18263597786426544,0.04183107614517212,0.04155316576361656,0.20800882577896118,0.0001,-0.30038800835609436,-0.29987239837646484,-0.19964739680290222,-0.19991923868656158,-0.19986951351165771,0.2996223270893097,-0.29991239309310913,-0.2998512089252472,-0.19989681243896484,-0.19994105398654938,-0.19999055564403534,0.017970290035009384,0.018008790910243988,0.01798621006309986,0.01802167296409607
2,10,19,10,10,1811,1811,0,0.0,1811,0,0.0,0,5.086981400003424,3.283069699871703,1.248912899987772,1.7201283002650598,12.466311299998779,103.17152633134026,feasibility,not_applicable,0.012733900132749615,0.00945148767164812,0.519281353416114,0.012266830621479914,0.0008345898170554047,0.012661637931034482,1.001291591545631,0.7482108748678503,0.603448275862069,2.4252254962921143,0.4120939075946808,0.2421540915966034,0.20382267236709595,0.09752446413040161,0.20827123522758484,0.1643807291984558,0.8378027677536011,0.0001,-0.30059167742729187,-0.300327867269516,-0.19999516010284424,-0.20023930072784424,-0.2001759111881256,0.2997613549232483,-0.3000723123550415,-0.29967838525772095,-0.1999264806509018,-0.20007121562957764,-0.19982799887657166,0.017946215346455574,0.01801956258714199,0.01798621006309986,0.018032068386673927
3,20,29,10,10,2163,2163,0,0.0,2163,0,0.0,0,5.854088799998863,3.9936691999901086,1.1720576999796322,1.7138615001313156,15.678274200006854,100.453443033606,feasibility,phase_transition,-0.0011916329317233141,0.005091974638429854,0.47573746784644966,-0.0034030190436169505,0.0015853054283070378,0.024816176470588234,1.0009107931571848,0.4533557979499592,0.3088235294117647,1.8937219381332397,0.5671336650848389,0.2789628803730011,0.16269387304782867,0.07829122245311737,0.4044397175312042,0.2395513951778412,0.9212349653244019,0.0001,-0.30070555210113525,-0.30070236325263977,-0.2001482993364334,-0.20050710439682007,-0.200513556599617,0.3001219630241394,-0.30058184266090393,-0.30010512471199036,-0.20003558695316315,-0.20035706460475922,-0.2000865787267685,0.017968524247407913,0.01807192899286747,0.01798621006309986,0.018065474927425385
4,30,39,10,10,2358,2358,0,0.0,2358,0,0.0,0,6.4829311999928905,4.442621200083522,1.2948473000287777,2.071908800091478,17.533442300002207,98.18301668236802,quality,promoted,-0.0005573729128652328,0.0036583265535080354,0.49579237280665217,-0.003686133394571575,0.0009928316749456163,0.012747122125851142,0.9994247765154451,0.46964529519145554,0.3783783783783784,1.5009807348251343,0.667097806930542,0.3155439496040344,0.1324872523546219,0.07275192439556122,0.5346105694770813,0.2897529602050781,0.9468419551849365,0.0001,-0.30036377906799316,-0.3006313443183899,-0.20006096363067627,-0.20045991241931915,-0.20051038265228271,0.30005940794944763,-0.3007837235927582,-0.30036553740501404,-0.2004171758890152,-0.20059658586978912,-0.1999543011188507,0.01797698251903057,0.018086150288581848,0.01798621006309986,0.01809094101190567
5,40,49,10,10,2401,2401,0,0.0,2401,0,0.0,0,7.023439399999916,4.62497509997047,1.728216199990129,1.9631469003070379,17.854932599992026,96.50953044679844,quality,promoted,-0.0004649167684348006,0.003872614595150624,0.49186456948518753,-0.003447254776562515,0.0012183231709442272,0.01459703947368421,0.998969872531138,0.5174227816689956,0.3684210526315789,3.8464274406433105,0.8041881918907166,0.33327099680900574,0.12000543624162674,0.07513761520385742,0.6841827034950256,0.3206901550292969,0.9491700530052185,0.0001,-0.29976537823677063,-0.3008342981338501,-0.2004428207874298,-0.20060476660728455,-0.20066918432712555,0.29999276995658875,-0.3007374703884125,-0.30007776618003845,-0.2004973143339157,-0.200576514005661,-0.2002270668745041,0.017994508147239685,0.018047520890831947,0.01798621006309986,0.018102234229445457
6,50,59,10,10,2104,2104,0,0.0,2104,0,0.0,0,5.930156699992949,3.91882289989735,1.3049985999678029,1.7902617993677268,14.894504800002323,101.03405522344157,quality,not_promoted,-0.0006617266300247248,0.01400531311237225,0.5335514211293423,0.0010054165455089374,0.0008635957543226665,0.004531926419021505,0.9992398213256489,0.5049938663388743,0.3787878787878788,1.938262701034546,0.9481258988380432,0.26825663447380066,0.1021963581442833,0.1471976935863495,0.8459295630455017,0.26292333006858826,0.6989067792892456,0.0001,-0.30009740591049194,-0.3008648157119751,-0.20051035284996033,-0.20063179731369019,-0.20070795714855194,0.30012357234954834,-0.30046069622039795,-0.2993836998939514,-0.20051556825637817,-0.20051421225070953,-0.20034369826316833,0.018009932711720467,0.018058238551020622,0.01798621006309986,0.01809290051460266
7,60,69,10,10,2390,2390,0,0.0,2390,0,0.0,0,7.628293799993116,4.8777100998559035,1.5966247000178555,2.088823300480726,17.680683200000203,94.43289628026572,quality,not_promoted,0.006457824296759148,0.002071923341932952,0.5079097118424741,0.002414688504742164,0.000702377711843981,0.004523026315789474,1.0002688193007518,0.3958218987835081,0.25,1.0384129285812378,1.0311639308929443,0.2524252235889435,0.09497980773448944,0.06355589628219604,0.9361841082572937,0.2678513824939728,0.9366062879562378,0.0001,-0.3000498414039612,-0.301382452249527,-0.2007821649312973,-0.20096518099308014,-0.2010616511106491,0.30036354064941406,-0.30060747265815735,-0.29902198910713196,-0.20053695142269135,-0.20054739713668823,-0.20028746128082275,0.018038948997855186,0.018056485801935196,0.01798621006309986,0.018116910010576248
8,70,79,10,10,1963,1963,0,0.0,1963,0,0.0,0,12.994197399995755,3.58990940010699,8.718654899988906,1.7711039999558125,13.295903600010206,74.66688697770903,quality,not_promoted,0.0002718864519509577,0.0019357032499336187,0.49280320348278167,-0.00368829371948396,0.0013229650599720527,0.015120967741935484,0.9998589523376957,0.32971559176521914,0.16129032258064516,1.055379867553711,1.193756341934204,0.19999271631240845,0.08793014287948608,0.06444603204727173,1.1058261394500732,0.20102116465568542,0.8961601257324219,0.0001,-0.30027279257774353,-0.3011813759803772,-0.2008792757987976,-0.20082302391529083,-0.2009313851594925,0.30061620473861694,-0.3003576099872589,-0.299394816160202,-0.20080798864364624,-0.2003796249628067,-0.20054970681667328,0.0180206336081028,0.018051384016871452,0.01798621006309986,0.018108023330569267
9,80,89,10,10,2082,2082,0,0.0,2082,0,0.0,0,6.23314839998784,4.106311099909362,1.3371481999929529,1.815224599922658,15.229948599997442,97.00370827199018,quality,not_promoted,-0.0011121451177380302,0.0017598723720628627,0.5039611517479925,-0.00527182024212159,0.002385275985227164,0.03172348484848485,1.0000490347544353,0.3717225144306819,0.19696969696969696,0.8730308413505554,1.1977437734603882,0.24395403265953064,0.07799330353736877,0.06037567928433418,1.1197506189346313,0.25156670808792114,0.9387497305870056,0.0001,-0.300035297870636,-0.3014899790287018,-0.2010345607995987,-0.20107512176036835,-0.20117054879665375,0.30084654688835144,-0.30028247833251953,-0.2994266450405121,-0.20119807124137878,-0.20032458007335663,-0.20057794451713562,0.017988311126828194,0.018066760152578354,0.01798621006309986,0.01809545047581196
10,90,99,10,10,2027,2027,0,0.0,2027,0,0.0,0,5.542627999995602,3.7620316999673378,1.1809611999924527,1.704563799983589,14.475792199998978,101.25674152851226,quality,not_promoted,0.0007146117422962561,0.0011687597511809145,0.511723340023309,-0.003818242170382291,0.0013490534806805954,0.017333984375,1.000214844942093,0.3888241571257822,0.234375,1.0671008825302124,1.2798287868499756,0.2000051587820053,0.058658238500356674,0.058600205928087234,1.221170425415039,0.19780872762203217,0.9141548275947571,0.0001,-0.30023181438446045,-0.3017682731151581,-0.20124751329421997,-0.20128123462200165,-0.20131953060626984,0.30110424757003784,-0.30007341504096985,-0.29954013228416443,-0.20115673542022705,-0.20023851096630096,-0.20085616409778595,0.018000954762101173,0.018047567456960678,0.01798621006309986,0.018063824623823166
11,100,109,10,10,2106,2106,0,0.0,2106,0,0.0,0,6.226716800010763,3.8990267999470234,1.6935846999840578,1.9118283003772376,15.244360299999244,98.08543792146405,quality,not_promoted,0.0002503154347791816,0.0009011814011804139,0.522074403184833,-0.004519837767337308,0.000942247332370078,0.011200365751530186,0.9990696247779962,0.3252984916396213,0.12121212121212122,0.709831178188324,1.3139413595199585,0.21931332349777222,0.053750500082969666,0.04967905208468437,1.2601908445358276,0.21438942849636078,0.948688268661499,0.0001,-0.30049487948417664,-0.3020455837249756,-0.20148634910583496,-0.2014825940132141,-0.20155557990074158,0.3013491928577423,-0.3003480136394501,-0.29999586939811707,-0.20112662017345428,-0.2003929764032364,-0.2010851949453354,0.018035519868135452,0.01807413063943386,0.01798621006309986,0.018078504130244255
12,110,119,10,10,2557,2557,0,0.0,2557,0,0.0,0,7.212122600001749,4.856791600002907,1.5015736999775982,2.0580976002383977,19.337082800004282,96.31173368372897,quality,not_promoted,0.0007783539243973791,0.001026342696059146,0.47735328376293185,-0.003482007930870168,0.00124283352151906,0.014853355521336199,1.0000783696770668,0.3422204876318574,0.1875,1.5529371500015259,1.387349009513855,0.23964688181877136,0.044833119958639145,0.0525764524936676,1.3425158262252808,0.23975829780101776,0.9518674612045288,0.0001,-0.30102381110191345,-0.3025510907173157,-0.2018478512763977,-0.20183396339416504,-0.2019077092409134,0.30178841948509216,-0.30027228593826294,-0.30017077922821045,-0.20135563611984253,-0.20025581121444702,-0.20126163959503174,0.0180658046156168,0.018055906519293785,0.01798621006309986,0.018097098916769028
13,120,129,10,10,2296,2296,0,0.0,2296,0,0.0,0,6.625464100012323,4.402538000111235,1.3419356999802403,1.927408100134926,16.713489299989305,98.37630508315081,quality,promoted,-0.0009402020886126491,0.0006488595263363095,0.48006521910429,-0.005416424906191726,0.0023343345577207706,0.029668898839089606,0.9995122245616384,0.26321459292537636,0.041666666666666664,0.5508081912994385,1.435546875,0.2340703159570694,0.03477949649095535,0.044120464473962784,1.40076744556427,0.2254975587129593,0.964470624923706,0.0001,-0.3012487292289734,-0.3031301200389862,-0.20241667330265045,-0.2022400200366974,-0.20231662690639496,0.30207136273384094,-0.3001627027988434,-0.3003040552139282,-0.20157581567764282,-0.2001674920320511,-0.2012724131345749,0.018079474568367004,0.01803542859852314,0.01798621006309986,0.01812238246202469
14,130,139,10,10,2146,2146,0,0.0,2146,0,0.0,0,6.405609800000093,4.05480329997954,1.766030899976613,1.880276899697492,15.210052800000994,99.27986200154197,quality,not_promoted,0.00011636130511760712,0.0005238420072761501,0.5260904133319855,-0.004882621270713999,0.0008006422961925101,0.006893382352941176,0.9998430741183898,0.2908250303829418,0.07352941176470588,0.9597840309143066,1.4192475080490112,0.24241046607494354,0.02502419985830784,0.040021803230047226,1.3942234516143799,0.23511171340942383,0.9727421998977661,0.0001,-0.30165836215019226,-0.30365100502967834,-0.20286501944065094,-0.20259180665016174,-0.20266477763652802,0.3025243282318115,-0.30030515789985657,-0.3001418709754944,-0.20208878815174103,-0.2001691609621048,-0.2016528993844986,0.01806267537176609,0.018069949001073837,0.01798621006309986,0.018146011978387833
15,140,149,10,10,2104,2104,0,0.0,2104,0,0.0,0,5.986438399995677,3.9493832997977734,1.1614499000133947,1.8733966005092952,15.118566500008455,99.6919929641707,quality,not_promoted,0.0003828414941601681,0.00037813350597086054,0.5207939956224326,-0.004636031667222128,0.0009102305826107829,0.008522727272727272,1.0002154084769161,0.2479954088727633,0.10606060606060606,0.7753130793571472,1.4763611555099487,0.2485465556383133,0.017623290419578552,0.036396171897649765,1.458737850189209,0.24009056389331818,0.9785565137863159,0.0001,-0.30129504203796387,-0.3039872646331787,-0.2032044529914856,-0.20282813906669617,-0.20287345349788666,0.3025493919849396,-0.3007638454437256,-0.30042189359664917,-0.20179452002048492,-0.20042216777801514,-0.20185363292694092,0.018093831837177277,0.018099285662174225,0.01798621006309986,0.018163099884986877
16,150,159,10,10,2348,2348,0,0.0,2348,0,0.0,0,15.12310760001128,4.39357060000475,10.115580600016983,2.07351509972068,17.927049099991564,71.04353608101948,quality,not_promoted,-0.0019491800308428905,0.0004474897607390114,0.5416790967857515,-0.007142226252629346,0.0014564208371715772,0.020769348921808036,0.999813190183124,0.3268886255855496,0.12162162162162163,2.437798500061035,1.4713420867919922,0.24196293950080872,0.018453551456332207,0.03202002868056297,1.4528886079788208,0.23509755730628967,0.9824876189231873,0.0001,-0.3012445867061615,-0.30439332127571106,-0.20335403084754944,-0.20311801135540009,-0.2032235562801361,0.3024689853191376,-0.301667183637619,-0.30126306414604187,-0.20150800049304962,-0.200959250330925,-0.20258282124996185,0.01810540072619915,0.01811389997601509,0.01798621006309986,0.0181172713637352
17,160,169,10,10,2198,2198,0,0.0,2198,0,0.0,0,6.919983999992837,4.247427999856882,1.621095399998012,2.1993084004352568,16.092689899989637,95.51258621892148,quality,not_promoted,-0.0024318252357521226,0.00019176089865920534,0.5572196394205093,-0.007908141599701983,0.001218178674961174,0.008035714285714285,0.9998264287199293,0.2920171801533018,0.14285714285714285,0.6855773329734802,1.4659899473190308,0.23814597725868225,0.009901713579893112,0.0202864371240139,1.4560880661010742,0.23345783352851868,0.9927435517311096,0.0001,-0.3011629581451416,-0.30493974685668945,-0.2038017362356186,-0.20351818203926086,-0.20360441505908966,0.30285021662712097,-0.30154556035995483,-0.3014623820781708,-0.20138052105903625,-0.2008497714996338,-0.20317424833774567,0.01816154457628727,0.01811099983751774,0.01798621006309986,0.01812337152659893
18,170,179,10,10,1944,1944,0,0.0,1944,0,0.0,0,5.788493300002301,3.7151463000045624,1.1775582999980543,1.9299093001318397,13.634844499989413,100.08578443200578,quality,not_promoted,-0.0019313826285783321,0.00018992789491969762,0.5996845773150844,-0.00783326474559163,0.002988568642326901,0.044018817224329515,0.9992948539795414,0.24215442122470948,0.08064516129032258,0.5889543294906616,1.4751876592636108,0.2681809365749359,0.0041577816009521484,0.020178545266389847,1.4710299968719482,0.26313701272010803,0.9943385720252991,0.0001,-0.3010212481021881,-0.3052314519882202,-0.20397400856018066,-0.2037353217601776,-0.2037833034992218,0.3030994236469269,-0.30148589611053467,-0.3012668788433075,-0.2008604109287262,-0.2008078247308731,-0.20341861248016357,0.01816721260547638,0.01814558170735836,0.01798621006309986,0.018143916502594948
19,180,189,10,10,1868,1868,0,0.0,1868,0,0.0,0,5.202402800001437,3.4331188000942348,1.123757800029125,1.778413399544661,12.75254010000208,104.03820331835387,quality,not_promoted,-0.0018700752562532822,0.00017629120726875652,0.5445330078403156,-0.007227259020631512,0.0028071641333553997,0.03802083333333333,1.0000850369532903,0.2503960438693563,0.08333333333333333,0.6214126348495483,1.4473403692245483,0.26161906123161316,0.003369866404682398,0.017970304936170578,1.4439706802368164,0.2608574330806732,0.9952818751335144,0.0001,-0.3007151484489441,-0.30565497279167175,-0.2042355239391327,-0.20402948558330536,-0.20417790114879608,0.30337199568748474,-0.30157342553138733,-0.30128559470176697,-0.20096838474273682,-0.20086565613746643,-0.2034144103527069,0.018152287229895592,0.0182070042937994,0.01798621006309986,0.018140528351068497
20,190,199,10,10,1835,1835,0,0.0,1835,0,0.0,0,5.057997700001579,3.2725831999850925,1.1523094999429304,1.8068789001408732,12.323827200001688,105.57004287850438,quality,not_promoted,-0.00129611742008349,0.00015656189724064335,0.5736842253084841,-0.006954678254009321,0.00046974585134664486,0.004040948275862069,1.0008550337676345,0.21994838478236362,0.017241379310344827,0.5021277666091919,1.454958200454712,0.2751385271549225,9.185810995404609e-06,0.015229140408337116,1.4549487829208374,0.27565863728523254,0.9969362616539001,0.0001,-0.30009394884109497,-0.3059559762477875,-0.20455633103847504,-0.20422309637069702,-0.20434311032295227,0.3033447265625,-0.30207347869873047,-0.30147483944892883,-0.20096074044704437,-0.20124605298042297,-0.20360292494297028,0.018162202090024948,0.018191710114479065,0.01798621006309986,0.018130021169781685
21,200,209,10,10,2003,2003,0,0.0,2003,0,0.0,0,6.032025699998485,3.9078798000555253,1.274270100009744,1.8911750004044734,13.715577900002245,101.4300287048463,quality,catastrophic_rolled_back,-7.387029472738504e-05,0.00016610037835107505,0.5387133616022766,-0.005377953359129606,0.0010845463077657769,0.0087890625,1.0006479630246758,0.20452909177402034,0.015625,0.6143580675125122,1.4737249612808228,0.27028128504753113,0.0012072017416357994,0.014509576372802258,1.472517728805542,0.2686152458190918,0.9971181154251099,0.0001,-0.2997044026851654,-0.3063649833202362,-0.20480552315711975,-0.20451082289218903,-0.20466312766075134,0.303385466337204,-0.30262765288352966,-0.3019714653491974,-0.20087511837482452,-0.20141345262527466,-0.20405445992946625,0.01815906912088394,0.018210554495453835,0.01798621006309986,0.018140269443392754
22,210,219,10,10,2296,2296,0,0.0,2296,0,0.0,0,9.241474100010237,5.505289600230753,1.524301800003741,2.102905600069789,15.455268599995179,92.96772565879697,quality,not_promoted,3.450620311519338e-05,0.00012137918444447375,0.448843564838171,-0.004393239198381909,0.0006616121920362477,0.007874503990428315,0.9989696219563484,0.2192765081094371,0.041666666666666664,0.8381630182266235,1.5409424304962158,0.27019983530044556,0.0018968444783240557,0.013803284615278244,1.5390454530715942,0.26918792724609375,0.9973902702331543,0.0001,-0.3003575801849365,-0.30595701932907104,-0.20458129048347473,-0.20421628654003143,-0.20431308448314667,0.30334770679473877,-0.3024425208568573,-0.3018633723258972,-0.20083270967006683,-0.20141218602657318,-0.20376522839069366,0.01816549338400364,0.018237171694636345,0.01798621006309986,0.018137993291020393
23,220,229,10,10,2423,2423,0,0.0,2423,0,0.0,0,7.088759400008712,4.747673800127814,1.3180684999824734,2.1079178003274137,18.047701999996207,96.3938384739996,quality,not_promoted,-0.00034183779069663664,0.0001526916424298083,0.4908945168319501,-0.005174437504090173,0.0010772156866120273,0.009868421052631578,0.9999159433339772,0.22431844492491923,0.06578947368421052,0.6570252776145935,1.5238903760910034,0.25957009196281433,0.004878240637481213,0.014415795914828777,1.5190120935440063,0.257315993309021,0.9969156384468079,0.0001,-0.3004101812839508,-0.3057756721973419,-0.20467136800289154,-0.2040814459323883,-0.20421071350574493,0.3033279776573181,-0.30280375480651855,-0.3022065758705139,-0.20061242580413818,-0.20166896283626556,-0.20402535796165466,0.01816473715007305,0.01824222318828106,0.01798621006309986,0.018190229311585426
24,230,239,10,10,1883,1883,0,0.0,1883,0,0.0,0,5.698019699993893,3.6509694000851596,1.243461499994737,1.6105128000490367,13.217552600006456,99.54760924679849,quality,not_promoted,0.003830941083530585,0.0001346933479605165,0.5263631527622541,-0.001365343884875377,0.0004418463926413096,0.0036458333333333334,0.9994499782721201,0.18710163750996192,0.03333333333333333,0.6654385328292847,1.5103154182434082,0.2640101909637451,0.0038979570381343365,0.015877649188041687,1.5064173936843872,0.2645796239376068,0.9963831305503845,0.0001,-0.30023589730262756,-0.3056630492210388,-0.20445984601974487,-0.20399852097034454,-0.20416876673698425,0.3031019866466522,-0.3033677637577057,-0.3027578294277191,-0.20060886442661285,-0.20196303725242615,-0.20459210872650146,0.018172860145568848,0.01825091987848282,0.01798621006309986,0.018223777413368225
25,240,249,10,10,1774,1774,0,0.0,1774,0,0.0,0,4.784681499993894,3.089135800022632,1.140155799992499,1.6126456999481888,11.414747999995598,109.5100293501787,quality,not_promoted,-0.0005295098360095705,0.00011720282132695761,0.4853810503014496,-0.005324718741966146,0.0012806685065567894,0.015066964285714286,1.0003231072000094,0.1865041366379176,0.05357142857142857,0.8040737509727478,1.449155330657959,0.2700892984867096,-0.0015732566826045513,0.011602463200688362,1.450728416442871,0.270012766122818,0.9981546401977539,0.0001,-0.30019456148147583,-0.3060881793498993,-0.20480313897132874,-0.2042909562587738,-0.20447823405265808,0.3034266531467438,-0.30321285128593445,-0.30265170335769653,-0.20052316784858704,-0.20188875496387482,-0.2046997845172882,0.01817789301276207,0.018285728991031647,0.01798621006309986,0.018260404467582703
26,250,259,10,10,2197,2197,0,0.0,2197,0,0.0,0,6.795798499995726,4.247768100089161,1.9223518000071635,1.9049678995361319,15.723236899997573,97.56190533812358,quality,not_promoted,0.004181936223592077,9.53684845236629e-05,0.48325837424823215,-0.0006029633239709905,0.0009076657293397667,0.005803571428571429,0.9993389546871185,0.17210926402892385,0.0,0.43000760674476624,1.4880468845367432,0.2610211968421936,0.0033624647185206413,0.01134483702480793,1.4846843481063843,0.26136869192123413,0.9981109499931335,0.0001,-0.3004753589630127,-0.3069758415222168,-0.2055007815361023,-0.20493566989898682,-0.2050883173942566,0.3041900098323822,-0.3042643666267395,-0.3034752905368805,-0.20044712722301483,-0.20261982083320618,-0.205511674284935,0.018163610249757767,0.01829148270189762,0.01798621006309986,0.018289266154170036
27,260,269,10,10,2103,2103,0,0.0,2103,0,0.0,0,7.763260800013086,4.528747200063663,2.024630399988382,1.6889084000140429,14.20291370000632,95.73810860867658,quality,not_promoted,0.0005729989374451565,7.543199463918538e-05,0.4272370986414678,-0.003661655884405429,0.00029901070526896297,0.0026041666666666665,1.0006113657445619,0.20689104869961739,0.030303030303030304,0.7479616403579712,1.488847017288208,0.2583167552947998,0.002216239692643285,0.00949781108647585,1.4866306781768799,0.2582334280014038,0.9986481070518494,0.0001,-0.3004682958126068,-0.3069992959499359,-0.20579850673675537,-0.20497731864452362,-0.205113023519516,0.30431362986564636,-0.3047725260257721,-0.30389031767845154,-0.2004333883523941,-0.20298998057842255,-0.20581869781017303,0.0181479062885046,0.01824566163122654,0.01798621006309986,0.018296724185347557
28,270,279,10,10,2047,2047,0,0.0,2047,0,0.0,0,14.277530000006664,3.9537037998525193,9.474930300013511,1.651008600339992,14.340161400003126,71.52918002321108,quality,not_promoted,0.00017987264436669648,0.00010118660827629355,0.46232185838744044,-0.004392752118292265,0.00022683446815108255,0.00244140625,0.999414580874145,0.18167140713194385,0.0,0.46033963561058044,1.508151888847351,0.25946947932243347,0.0023913877084851265,0.010561080649495125,1.505760669708252,0.25943809747695923,0.998343288898468,0.0001,-0.30073004961013794,-0.3070935904979706,-0.20572182536125183,-0.20503008365631104,-0.20516660809516907,0.3045509457588196,-0.3051949441432953,-0.30449891090393066,-0.20000432431697845,-0.20330552756786346,-0.20629321038722992,0.018143149092793465,0.018235469236969948,0.01798621006309986,0.018319517374038696
29,280,289,10,10,2538,2538,0,0.0,2538,0,0.0,0,8.276287200002116,5.187469700016663,1.8168020999873988,1.9277426000044215,17.97472130000824,96.68199985531979,quality,not_promoted,-0.0010488332714885472,8.275509744635202e-05,0.3927384739741683,-0.004934840550413355,0.0010591847036266699,0.016015625,0.9978517957031727,0.17972620856016874,0.025,0.8164014220237732,1.5842398405075073,0.26587021350860596,0.0012034984538331628,0.009688553400337696,1.5830364227294922,0.26426804065704346,0.9986720681190491,0.0001,-0.3008269965648651,-0.30708926916122437,-0.2057507038116455,-0.20501214265823364,-0.20519471168518066,0.30474570393562317,-0.30566760897636414,-0.3048942983150482,-0.19976115226745605,-0.20362034440040588,-0.20682501792907715,0.018156999722123146,0.018255798146128654,0.01798621006309986,0.01836080104112625
30,290,299,10,10,2389,2389,0,0.0,2389,0,0.0,0,6.580353299999842,4.5073829000175465,1.2160698999941815,1.9434189003513893,17.39551180000126,99.64186860560415,quality,not_promoted,-0.0026239401317740742,6.880735667149757e-05,0.4655627337725539,-0.007245164646423961,0.0011066324353267095,0.009672619059289756,1.0002723171522743,0.1743346903179037,0.013157894736842105,0.5414571762084961,1.5100144147872925,0.26932698488235474,0.0012496744748204947,0.00947817973792553,1.5087648630142212,0.26702940464019775,0.9987615346908569,0.0001,-0.30094853043556213,-0.30726978182792664,-0.20596185326576233,-0.20513270795345306,-0.20534299314022064,0.305053174495697,-0.30613890290260315,-0.3055442273616791,-0.20002242922782898,-0.20394963026046753,-0.20752403140068054,0.01815473847091198,0.018279965966939926,0.01798621006309986,0.01837688311934471
31,300,309,10,10,2295,2295,0,0.0,2295,0,0.0,0,6.567040800000541,4.432626099704066,1.261330600013025,1.8668208996823523,16.679378000000725,98.72488402385123,quality,not_promoted,-0.0009109869133681059,9.550381976926776e-05,0.4747319825821453,-0.005610554873581148,0.001278693083198353,0.016493055555555556,1.001030984852049,0.1970085140524639,0.06944444444444445,1.262088656425476,1.5455560684204102,0.26931560039520264,0.0008352778968401253,0.010270238853991032,1.5447207689285278,0.2686358094215393,0.99854576587677,0.0001,-0.3010152280330658,-0.3077375292778015,-0.20649363100528717,-0.20545737445354462,-0.2056872397661209,0.3055066466331482,-0.30681008100509644,-0.30617383122444153,-0.19979655742645264,-0.2043689340353012,-0.20834115147590637,0.018168875947594643,0.01832696981728077,0.01798621006309986,0.01839846558868885
32,310,319,10,10,2463,2463,0,0.0,2463,0,0.0,0,15.296788300009212,4.78613259998383,10.088468800007831,2.0419426996377297,18.44738279999001,72.99038381180021,quality,not_promoted,0.00028863555799501063,7.532264037133876e-05,0.4707590108498549,-0.004381292120505793,0.0006144469842370315,0.00842638543018928,0.99953387486629,0.17432406544685364,0.01282051282051282,0.6036278605461121,1.5776296854019165,0.25884249806404114,0.0016125832917168736,0.010732123628258705,1.5760170221328735,0.2583276927471161,0.9982808828353882,0.0001,-0.3009057939052582,-0.3080829381942749,-0.20670974254608154,-0.20569740235805511,-0.20591901242733002,0.30585184693336487,-0.3074709177017212,-0.3068397641181946,-0.19928961992263794,-0.20482946932315826,-0.20874197781085968,0.018190642818808556,0.018345260992646217,0.01798621006309986,0.018430953845381737
33,320,329,10,10,2202,2202,0,0.0,2202,0,0.0,0,16.48180510000384,4.169773999878089,11.798643600006471,1.6526700002141297,15.570676000003004,68.69982991736417,quality,not_promoted,-0.002351463586091995,8.328919746937962e-05,0.4260773973805564,-0.006570592964999377,0.0002057330240079734,0.0,1.0006407873971122,0.1668346547654697,0.014285714285714285,0.5964732766151428,1.5460995435714722,0.27434417605400085,0.0016044598305597901,0.0092129772529006,1.5444949865341187,0.27599745988845825,0.9988722801208496,0.0001,-0.30062365531921387,-0.3084644079208374,-0.20702247321605682,-0.20596528053283691,-0.20622816681861877,0.3057954013347626,-0.30815669894218445,-0.3075932264328003,-0.199167862534523,-0.20536312460899353,-0.20962871611118317,0.018197592347860336,0.01838395558297634,0.01798621006309986,0.01847223937511444
34,330,339,10,10,2000,2000,0,0.0,2000,0,0.0,0,5.736372899991693,3.7611153001344064,1.2076683999912348,1.5753255003655795,13.752852300007362,102.62080608520533,quality,not_promoted,0.00268476118799299,5.7316983031796553e-05,0.3847442250698805,-0.0011340227974869777,0.0022265023544605356,0.025390625,1.001376430504024,0.09812294883886352,0.0,0.21435660123825073,1.4812648296356201,0.2600424587726593,0.000562555156648159,0.007914356887340546,1.4807021617889404,0.2601548433303833,0.9990737438201904,0.0001,-0.30068057775497437,-0.3093324601650238,-0.20753705501556396,-0.20658090710639954,-0.2068672478199005,0.30645468831062317,-0.30829450488090515,-0.3076760470867157,-0.19884777069091797,-0.20553432404994965,-0.2099742591381073,0.018192997202277184,0.018389971926808357,0.01798621006309986,0.018477285280823708
35,340,349,10,10,2251,2251,0,0.0,2251,0,0.0,0,6.583655900001759,4.46325199988496,1.302732099997229,1.6793324003228918,16.10212139999203,99.22516518755636,quality,not_promoted,-0.004770274687972333,6.700439714930124e-05,0.3594601185371478,-0.00833137257076386,0.00012069973543936562,0.0015190972222222222,0.9998706446753608,0.17174678533855411,0.013888888888888888,0.5205707550048828,1.4779257774353027,0.26284122467041016,0.0007177951047196984,0.008112523704767227,1.477207899093628,0.26230859756469727,0.9990473389625549,0.0001,-0.3004492223262787,-0.30971559882164,-0.2079048901796341,-0.20686571300029755,-0.20717915892601013,0.30660486221313477,-0.30877256393432617,-0.3080703616142273,-0.19831524789333344,-0.20579111576080322,-0.21045280992984772,0.018203914165496826,0.018415076658129692,0.01798621006309986,0.01851475052535534
36,350,359,10,10,2345,2345,0,0.0,2345,0,0.0,0,6.5231961000099545,4.432859899898176,1.1636097000009613,1.7874753997602966,16.929540500001167,99.98833142563363,quality,not_promoted,-0.0011718797723989228,6.567653592257459e-05,0.36764669055874283,-0.004815508976478029,0.000730711297561553,0.011824324324324325,0.9997509830706829,0.1293658099917544,0.013513513513513514,0.959791898727417,1.50309419631958,0.26132428646087646,-0.0001631833874853328,0.00809341948479414,1.5032572746276855,0.25999003648757935,0.9990407824516296,0.0001,-0.300287127494812,-0.3105178773403168,-0.2084132581949234,-0.20742906630039215,-0.20776605606079102,0.3070812225341797,-0.3096502721309662,-0.3090766668319702,-0.19797252118587494,-0.20646719634532928,-0.2115952968597412,0.01821817457675934,0.018423372879624367,0.01798621006309986,0.018567441031336784
37,360,369,10,10,2537,2537,0,0.0,2537,0,0.0,0,8.779948600000353,5.64748079997662,1.5360023000102956,1.8683887002407573,18.368560000002617,93.44896389629751,quality,not_promoted,-0.0008021086337976158,5.964317065263458e-05,0.3274942385032773,-0.004047228978015483,0.0004288417629140895,0.004820884112268687,0.9989832311868667,0.12407795013859868,0.0,0.48044097423553467,1.4735976457595825,0.26673436164855957,0.001006712089292705,0.008005144074559212,1.4725908041000366,0.26742255687713623,0.9990993142127991,5e-05,-0.3000122904777527,-0.3105533719062805,-0.2083822339773178,-0.20746847987174988,-0.20778368413448334,0.30684351921081543,-0.3101578652858734,-0.3095250129699707,-0.1979191154241562,-0.20687435567378998,-0.2118593156337738,0.018222004175186157,0.018422342836856842,0.01798621006309986,0.01858328841626644
38,370,379,10,10,2232,2232,0,0.0,2232,0,0.0,0,6.38634510000702,4.2304254000482615,1.724305900017498,1.699114600167377,15.737510200007819,100.88657558696394,quality,not_promoted,0.0003050700229193483,5.835739778246664e-05,0.32891261258295607,-0.0029548767022788526,8.29756464359629e-05,0.0008928571428571428,1.0001851447990961,0.12333959798727717,0.0,0.47495216131210327,1.519787311553955,0.26276758313179016,0.0009477459825575352,0.007794669829308987,1.518839716911316,0.26214930415153503,0.9991200566291809,5e-05,-0.2999417185783386,-0.3106728792190552,-0.20838011801242828,-0.20755146443843842,-0.20785829424858093,0.3067299425601959,-0.3105722963809967,-0.31002792716026306,-0.19782042503356934,-0.20710337162017822,-0.21213078498840332,0.01821979507803917,0.01843143440783024,0.01798621006309986,0.018586575984954834
39,380,389,10,10,2037,2037,0,0.0,2037,0,0.0,0,5.911252999998396,3.924089500127593,1.404205099956016,1.5451219999522436,14.16903010000533,101.44279290562503,quality,not_promoted,-0.000192862433323171,6.723505077843583e-05,0.35893978853709996,-0.003748643313883804,2.7225804061004055e-05,0.0,0.9997487552464008,0.1471702741982881,0.015625,0.7071586847305298,1.4884382486343384,0.25592052936553955,0.0019631630275398493,0.008284944109618664,1.4864751100540161,0.2554946839809418,0.9989519715309143,5e-05,-0.3000061810016632,-0.3107776343822479,-0.2083854079246521,-0.20762190222740173,-0.20793434977531433,0.30695876479148865,-0.31083646416664124,-0.31011924147605896,-0.19783399999141693,-0.20726558566093445,-0.21233178675174713,0.018237484619021416,0.018436385318636894,0.01798621006309986,0.018589908257126808
40,390,399,10,10,1910,1910,0,0.0,1910,0,0.0,0,5.208427699995809,3.4576966999011347,1.1593758999661077,1.465871399763273,12.539231000002474,107.61982931304537,quality,not_promoted,0.0004805710477133592,5.799527189083164e-05,0.37032409409681954,-0.0031936722497145336,0.00011322288373776246,0.00026041666666666666,0.9999971071879069,0.147992593391488,0.0,0.464611291885376,1.4840444326400757,0.26569366455078125,0.0006684874533675611,0.007974165491759777,1.483375906944275,0.26558199524879456,0.9990992546081543,5e-05,-0.3001514971256256,-0.3111254572868347,-0.2086085081100464,-0.2078988403081894,-0.20817036926746368,0.3072052597999573,-0.3108353018760681,-0.31011727452278137,-0.1976444572210312,-0.20726460218429565,-0.21246695518493652,0.018246497958898544,0.018457408994436264,0.01798621006309986,0.01860470324754715
41,400,409,10,10,2023,2023,0,0.0,2023,0,0.0,0,5.822035600009258,3.8756929998635314,1.2080144999927143,1.487913799690432,13.631068799993955,103.99368442188928,quality,not_promoted,0.0020363777948659845,5.139205907767064e-05,0.3827390009537339,-0.001765315464581363,0.0001740573893016517,0.00048828125,0.9995550252497196,0.15812361909775063,0.03125,0.7155889868736267,1.5058388710021973,0.2694427967071533,0.0001131215103669092,0.00693359924480319,1.5057255029678345,0.26864543557167053,0.9993377923965454,5e-05,-0.30022114515304565,-0.31127026677131653,-0.20874229073524475,-0.20800629258155823,-0.20825757086277008,0.30744192004203796,-0.31102070212364197,-0.310244619846344,-0.19747942686080933,-0.20738638937473297,-0.2126448154449463,0.018251877278089523,0.018444623798131943,0.01798621006309986,0.01861557550728321
42,410,419,10,10,1804,1804,0,0.0,1804,0,0.0,0,5.231541200002539,3.340850299995509,1.258684100001119,1.493043999740621,11.662538000004133,106.78297281803246,quality,not_promoted,0.0026325852738629126,5.816743026210541e-05,0.39189619673737164,-0.0012572939660207465,0.00011496746446937323,0.0018857758620689656,0.9996978702216313,0.13077800894348784,0.017241379310344827,0.5590106844902039,1.483222484588623,0.28916284441947937,0.0001662413851590827,0.007927344180643559,1.4830560684204102,0.29048529267311096,0.9992484450340271,5e-05,-0.3001841902732849,-0.31173065304756165,-0.20908069610595703,-0.20832708477973938,-0.20856930315494537,0.3076091706752777,-0.3112492561340332,-0.3104550242424011,-0.19758819043636322,-0.20755170285701752,-0.21294736862182617,0.018244914710521698,0.018471434712409973,0.01798621006309986,0.018630238249897957
43,420,429,10,10,1868,1868,0,0.0,1868,0,0.0,0,5.368963600005372,3.547262200008845,1.2999385000148322,1.4845151004992658,12.60757459999877,103.91322173473698,quality,not_promoted,-0.0036666151601821182,4.456383515692626e-05,0.3886293314397335,-0.007530627225060016,0.00026777040329761803,0.00234375,0.9999671002229055,0.14471581044296425,0.0,0.4706338942050934,1.4634736776351929,0.271294504404068,0.0013047418324276805,0.006838984787464142,1.4621690511703491,0.27114060521125793,0.9993644952774048,5e-05,-0.30038323998451233,-0.3121015131473541,-0.20930084586143494,-0.20859119296073914,-0.20883885025978088,0.30793315172195435,-0.31162115931510925,-0.3109065294265747,-0.19744159281253815,-0.20780649781227112,-0.2133677899837494,0.018260391429066658,0.0184860210865736,0.01798621006309986,0.018654031679034233
44,430,439,10,10,1889,1889,0,0.0,1889,0,0.0,0,5.382341499993345,3.528587600128958,1.3263130999694113,1.5532515999802854,12.35335330000089,106.50837315945547,quality,not_promoted,1.2873361508051554e-06,5.4649112462357154e-05,0.35472232550382615,-0.0035186112198668223,0.0007906900604211841,0.014551767706871032,0.9986293564240137,0.11296362156669298,0.016666666666666666,0.5949345231056213,1.4774080514907837,0.278182715177536,4.280865596228978e-06,0.007185908500105143,1.4774036407470703,0.2783263921737671,0.9993327260017395,5e-05,-0.3003465533256531,-0.3124880790710449,-0.20960041880607605,-0.2088557481765747,-0.20912997424602509,0.30817732214927673,-0.3117564916610718,-0.3109794557094574,-0.1975623220205307,-0.20795372128486633,-0.21360333263874054,0.01826668530702591,0.018507935106754303,0.01798621006309986,0.018663017079234123
45,440,449,10,10,2212,2212,0,0.0,2212,0,0.0,0,6.8752487000019755,4.4259325999591965,1.3210763999813935,1.6831580998987192,15.04492260000552,100.91162015687549,quality,not_promoted,0.000639475988490241,6.040999703275572e-05,0.3268631879772459,-0.00259895092541618,0.0003489485824372553,0.0060267857142857146,0.9997295507362911,0.13788375183939933,0.014285714285714285,0.7634521722793579,1.4867656230926514,0.2659527659416199,-0.00023522545234300196,0.007808423601090908,1.4870009422302246,0.2657950520515442,0.9991379976272583,5e-05,-0.3005484938621521,-0.3128640353679657,-0.20974458754062653,-0.2091238796710968,-0.20939898490905762,0.30848458409309387,-0.31222304701805115,-0.3114226460456848,-0.19741791486740112,-0.20827466249465942,-0.2140166014432907,0.018269717693328857,0.018517639487981796,0.01798621006309986,0.01869025267660618
46,450,459,10,10,2312,2312,0,0.0,2312,0,0.0,0,6.497966199996881,4.371426800105837,1.3591506000520894,1.6619096000649733,16.31443600000057,101.34837969848955,quality,not_promoted,-0.0032677735151672685,5.5187529092969224e-05,0.35732734525525894,-0.006813453076205947,0.0003661261179257889,0.005701013513513513,1.0000274004162968,0.11238981662569819,0.0,0.4063737690448761,1.5297733545303345,0.27024000883102417,-0.0004261185822542757,0.007435037288814783,1.5301995277404785,0.27137547731399536,0.9992430210113525,5e-05,-0.3006298840045929,-0.3132161498069763,-0.20993928611278534,-0.20937283337116241,-0.20968517661094666,0.3087579905986786,-0.31232205033302307,-0.31167396903038025,-0.19734026491641998,-0.20831742882728577,-0.21422900259494781,0.018266942352056503,0.018541261553764343,0.01798621006309986,0.018703218549489975
47,460,469,10,10,2568,2568,0,0.0,2568,0,0.0,0,7.584600100002717,4.786291900105425,2.340547500018147,1.9623458001296967,18.666501400002744,97.82446652760326,quality,not_promoted,-0.006953336582405538,6.433180417998967e-05,0.341925400968005,-0.010340424603782594,4.25999666132578e-05,0.0,0.9998023204687165,0.1455145081187167,0.012195121951219513,0.705337405204773,1.5725910663604736,0.2511681318283081,-0.0008858981891535223,0.008128158748149872,1.573476791381836,0.25131091475486755,0.9989527463912964,5e-05,-0.30053627490997314,-0.31349578499794006,-0.2101905345916748,-0.20957189798355103,-0.20988120138645172,0.30883413553237915,-0.31251421570777893,-0.31218716502189636,-0.19697749614715576,-0.20844614505767822,-0.21454119682312012,0.01826486364006996,0.01855204999446869,0.01798621006309986,0.01873268187046051
48,470,479,10,10,2301,2301,0,0.0,2301,0,0.0,0,7.398718199998257,4.706084700126667,1.4641571000101976,1.7612891001190292,16.051777700005914,98.1215923881418,quality,not_promoted,-2.9569646964470547e-05,4.9535166504534165e-05,0.3212937656790018,-0.0032177394475891357,0.00020229885068248323,0.002614839468151331,1.0003371412555377,0.11098194409472247,0.027777777777777776,0.6500352025032043,1.548647165298462,0.264507532119751,0.00014308415120467544,0.007396951783448458,1.5485042333602905,0.2640672028064728,0.9992179870605469,5e-05,-0.3002171218395233,-0.3135969340801239,-0.21037214994430542,-0.2096438854932785,-0.2099502831697464,0.30863577127456665,-0.3126465380191803,-0.31242120265960693,-0.19682472944259644,-0.20853176712989807,-0.2148222178220749,0.01827155239880085,0.018551954999566078,0.01798621006309986,0.01874014548957348
49,480,489,10,10,2204,2204,0,0.0,2204,0,0.0,0,6.185659900002065,4.179960799898254,1.3126546999701532,1.7056228998117149,15.913418999989517,99.73266351842562,quality,not_promoted,-0.0002976483931498868,5.187240702590705e-05,0.3559789023229054,-0.003831501364974039,0.00014955044631018868,0.0033482142857142855,1.0000999842371259,0.10462825601654394,0.0,0.4026183485984802,1.5472137928009033,0.2766571640968323,0.0003426496696192771,0.007383900694549084,1.5468711853027344,0.2757083773612976,0.9992876648902893,5e-05,-0.30023273825645447,-0.31384339928627014,-0.21051804721355438,-0.20981818437576294,-0.210103377699852,0.30883604288101196,-0.3128856420516968,-0.31295689940452576,-0.19656425714492798,-0.20869828760623932,-0.21536967158317566,0.018270114436745644,0.01857193559408188,0.01798621006309986,0.018771300092339516
50,490,499,10,10,2073,2073,0,0.0,2073,0,0.0,0,6.05059140000958,3.9842378999310313,1.453824899988831,1.5361579999880632,14.012201799996546,103.32559276937405,quality,not_promoted,-0.0026748440736396747,5.0882717721723374e-05,0.34966186524340603,-0.006146020892739409,0.00020326256610518834,0.0033143939393939395,1.0000631782141598,0.09970052853565324,0.015151515151515152,0.6247329115867615,1.5094438791275024,0.2870253026485443,-0.001286354847252369,0.007321033161133528,1.5107301473617554,0.2862904369831085,0.9993494153022766,5e-05,-0.30022040009498596,-0.31414467096328735,-0.210743710398674,-0.2100367397069931,-0.2103361338376999,0.3090323209762573,-0.3131262958049774,-0.31312501430511475,-0.1964375376701355,-0.2088693529367447,-0.21567395329475403,0.018275244161486626,0.018582623451948166,0.01798621006309986,0.018786339089274406
51,500,509,10,10,1910,1910,0,0.0,1910,0,0.0,0,5.433698799999547,3.6471387998462887,1.1692844000062905,1.4744049002183601,12.609752800010028,105.85557809787271,quality,not_promoted,-5.310308188199997e-06,5.886557034197419e-05,0.35228288595875107,-0.003498704948772987,1.3396248812114209e-05,0.0,0.9999902059634527,0.14114939126496515,0.0,0.43995559215545654,1.5422338247299194,0.26716306805610657,-0.000797412300016731,0.007617626804858446,1.543031096458435,0.2664785087108612,0.9991869926452637,5e-05,-0.30019938945770264,-0.3142964839935303,-0.21088112890720367,-0.2101435512304306,-0.21044820547103882,0.30915510654449463,-0.31332191824913025,-0.313370943069458,-0.19644524157047272,-0.20899523794651031,-0.2159200757741928,0.01827656850218773,0.018587542697787285,0.01798621006309986,0.018809624016284943
52,510,519,10,10,2130,2130,0,0.0,2130,0,0.0,0,5.836077499989187,3.991058200102998,1.1788239000015892,1.5798564997239737,14.888340699995751,102.77731222397104,quality,not_promoted,-0.0017842856811030822,4.79510939144615e-05,0.349349039442399,-0.005253800451207687,0.00017248058842971446,0.004825367647058824,0.9999314099550247,0.12443834877408602,0.014705882352941176,0.7397158145904541,1.523186206817627,0.265880286693573,-0.0005623337347060442,0.0073167006485164165,1.5237486362457275,0.26501142978668213,0.9992427229881287,2.5e-05,-0.3001437783241272,-0.3144465982913971,-0.21095019578933716,-0.21024636924266815,-0.21055537462234497,0.30925437808036804,-0.31343042850494385,-0.3135232627391815,-0.19639134407043457,-0.20906785130500793,-0.21611560881137848,0.018270589411258698,0.01859099604189396,0.01798621006309986,0.018823066726326942
53,520,529,10,10,1955,1955,0,0.0,1955,0,0.0,0,5.528266699999222,3.6087179999012733,1.2723548000212759,1.4706679004302714,13.276472700003069,103.96315303363161,quality,not_promoted,-0.0011239260615360353,3.951491541351237e-05,0.34563855874922966,-0.004560554137213096,2.6199455159910706e-06,0.0,1.0000770024714931,0.12076964872258325,0.016129032258064516,0.58688884973526,1.473246455192566,0.2790621519088745,-0.0014358003390952945,0.006631063297390938,1.474682331085205,0.27938732504844666,0.9994353652000427,2.5e-05,-0.3001521825790405,-0.31453076004981995,-0.21098706126213074,-0.21030178666114807,-0.21059869229793549,0.30930042266845703,-0.3135078251361847,-0.31368717551231384,-0.19641830027103424,-0.2091355323791504,-0.21629232168197632,0.018276993185281754,0.018588703125715256,0.01798621006309986,0.018835918977856636
54,530,539,10,10,6407,6407,0,0.0,6407,0,0.0,0,42.48935659999552,24.03822289982054,1.2139874000276905,8.062765999813564,43.479863200002,74.52667378982291,quality,not_promoted,-0.0008168552799316326,0.011605015082822509,0.10238765613498664,0.0039617752761229655,4.365835968036942e-07,0.0,0.9999937243980936,0.1896344022687045,0.04950495049504951,0.9008556604385376,1.6288670301437378,0.2230672985315323,-0.009048067964613438,0.1101437583565712,1.6379151344299316,0.18816880881786346,0.7561919689178467,2.5e-05,-0.3001387417316437,-0.3145435154438019,-0.2109980285167694,-0.210310161113739,-0.21060502529144287,0.3093055486679077,-0.31352800130844116,-0.3137029707431793,-0.1964251846075058,-0.20915290713310242,-0.2163235992193222,0.018277594819664955,0.018588289618492126,0.01798621006309986,0.01883867010474205
55,540,549,10,10,2457,2457,0,0.0,2457,0,0.0,0,8.170637700008228,4.916744999893126,2.574611099989852,1.8790379996789852,17.19432080000115,96.8659183889101,quality,not_promoted,0.004238181496755435,0.00010456048697121262,0.29909748201951003,0.0012994871552412708,4.7297412959615496e-05,0.0,0.9999620135013874,0.14727828429582027,0.01282051282051282,0.6598709225654602,1.53688645362854,0.27143439650535583,-0.0013387759681791067,0.009825553745031357,1.5382252931594849,0.27199456095695496,0.9986896514892578,2.5e-05,-0.3001163899898529,-0.3145601451396942,-0.21099968254566193,-0.21032023429870605,-0.21061328053474426,0.30924633145332336,-0.31358975172042847,-0.3136886954307556,-0.19636522233486176,-0.20919765532016754,-0.21645666658878326,0.018288370221853256,0.01858907751739025,0.01798621006309986,0.018846597522497177
56,550,559,10,10,1994,1994,0,0.0,1994,0,0.0,0,5.57259760001034,3.752011100150412,1.1936195999587653,1.5433213001233526,13.410790199995972,105.03920696385589,quality,not_promoted,-0.00038059188227634877,5.99842930455452e-05,0.36351287504658103,-0.003985727696999675,0.00012232383724075646,0.0,0.9997237809002399,0.10858514899155125,0.0,0.2699577212333679,1.4885985851287842,0.26984378695487976,-0.0007195736397989094,0.00857398472726345,1.4893181324005127,0.27190640568733215,0.9989904165267944,2.5e-05,-0.30023419857025146,-0.31472402811050415,-0.2111264020204544,-0.2104339897632599,-0.2107279747724533,0.3094215393066406,-0.3136889338493347,-0.3138129711151123,-0.19628269970417023,-0.20925886929035187,-0.21658560633659363,0.01829998753964901,0.018601030111312866,0.01798621006309986,0.018859073519706726
57,560,569,10,10,2246,2246,0,0.0,2246,0,0.0,0,6.659206900003483,4.247078600034001,1.7608680000266759,1.713295699650189,16.463104699985706,97.13561683863175,quality,not_promoted,0.0020411460298217004,6.0181244306376255e-05,0.34559215874307686,-0.0013846848645092298,0.00037454061115324875,0.009259259328246117,0.9991722653309504,0.0889541575840364,0.0,0.4974231719970703,1.5247882604599,0.27122071385383606,-0.001123227528296411,0.008510573767125607,1.5259113311767578,0.27282455563545227,0.9990153908729553,2.5e-05,-0.3002978265285492,-0.3148181438446045,-0.21126307547092438,-0.21051456034183502,-0.21077579259872437,0.30955827236175537,-0.3138461112976074,-0.31404611468315125,-0.1961784064769745,-0.20936785638332367,-0.21678173542022705,0.01830473728477955,0.018603136762976646,0.01798621006309986,0.018864646553993225
58,570,579,10,10,2650,2650,0,0.0,2650,0,0.0,0,8.19655250001233,5.096975099935662,2.5515090999979293,2.0260071998491185,19.296418600002653,96.38827285562293,quality,not_promoted,-0.0012760173108073928,5.929840565277984e-05,0.3094482838752724,-0.0043408506594243505,0.00012347151541039887,0.0003720238095238095,1.0001962731281917,0.13218924902113421,0.023809523809523808,0.864982545375824,1.5375362634658813,0.2581672966480255,-0.0005046463920734823,0.008297262713313103,1.5380408763885498,0.2594245374202728,0.9989670515060425,2.5e-05,-0.30038005113601685,-0.31481608748435974,-0.2113206535577774,-0.2104976922273636,-0.21077486872673035,0.3095841407775879,-0.31408849358558655,-0.3143242299556732,-0.1960609406232834,-0.20953498780727386,-0.21699973940849304,0.018304163590073586,0.018597295507788658,0.01798621006309986,0.018881214782595634
59,580,589,10,10,2281,2281,0,0.0,2281,0,0.0,0,7.160611700004665,4.370370000207913,2.3484459999890532,1.700376300010248,16.486132000005455,96.46148446219358,quality,not_promoted,-0.0013830922932053606,6.251045417431871e-05,0.35846350342035294,-0.004936473146598373,0.00011592130162322671,0.0010850694444444445,1.0002279712094202,0.1386044684331864,0.0,0.4821280241012573,1.5278877019882202,0.28386470675468445,-0.0004478567570913583,0.008257560431957245,1.528335690498352,0.2856018841266632,0.9991537928581238,2.5e-05,-0.3002098798751831,-0.3148615062236786,-0.21137948334217072,-0.21053053438663483,-0.21080495417118073,0.3095308840274811,-0.3142538070678711,-0.3145536184310913,-0.19598421454429626,-0.20964962244033813,-0.21713663637638092,0.018303168937563896,0.018593139946460724,0.01798621006309986,0.01889619417488575
60,590,599,10,10,2097,2097,0,0.0,2097,0,0.0,0,6.038661600003252,4.02055010003096,1.5375943999970332,1.5582800999254687,14.996387799998047,99.69075708469077,quality,not_promoted,-0.0019217848100445487,5.9700815985376145e-05,0.3768418239373149,-0.005660353676472424,9.008981312559406e-05,0.0016571969696969697,0.999914493524667,0.1237324619891517,0.0,0.4241330921649933,1.49223792552948,0.26724889874458313,0.0005275820731185377,0.008365349844098091,1.4917101860046387,0.26891273260116577,0.9990202188491821,2.5e-05,-0.3002350628376007,-0.314989298582077,-0.21144428849220276,-0.21061865985393524,-0.2108757346868515,0.3096734583377838,-0.31441742181777954,-0.31468844413757324,-0.1959148347377777,-0.20978108048439026,-0.21723458170890808,0.018296997994184494,0.018593361601233482,0.01798621006309986,0.018913788720965385
61,600,609,10,10,2835,2835,0,0.0,2835,0,0.0,0,9.544003699993482,6.096778700099094,1.9622284999932162,2.3073420999135124,20.346127500000875,94.84735885001854,quality,not_promoted,-0.00041201163290275467,5.495172109577753e-05,0.285503694249524,-0.003239571970577041,1.5258467923710365e-05,0.0,0.9997664233048756,0.108886042671899,0.0,0.4950321912765503,1.561389446258545,0.25288689136505127,-0.0006456368137151003,0.007700186222791672,1.562035083770752,0.2523604929447174,0.9990728497505188,2.5e-05,-0.3002724349498749,-0.31506475806236267,-0.2114996612071991,-0.21067151427268982,-0.21093080937862396,0.30975836515426636,-0.3145063817501068,-0.31484952569007874,-0.19594518840312958,-0.20984411239624023,-0.21740230917930603,0.018300874158740044,0.018596695736050606,0.01798621006309986,0.018927007913589478
62,610,619,10,10,2472,2472,0,0.0,2472,0,0.0,0,7.8931797000113875,5.144243000075221,1.4907796000043163,1.9076845995878102,16.848009300010744,99.91435738992935,quality,not_promoted,0.0014930473676381202,4.8387425638980065e-05,0.31169998072660887,-0.00159975923359012,9.56630190948533e-06,0.0,0.9999473836177435,0.11339019642521937,0.0,0.361963152885437,1.561743140220642,0.26908665895462036,-0.0010329335927963257,0.007434268016368151,1.5627760887145996,0.269450306892395,0.9992367029190063,2.5e-05,-0.3001973330974579,-0.3153007924556732,-0.21168547868728638,-0.21083390712738037,-0.21114367246627808,0.3098568618297577,-0.3146115839481354,-0.31490257382392883,-0.1959366649389267,-0.20991505682468414,-0.2175293117761612,0.018302060663700104,0.018600795418024063,0.01798621006309986,0.01893474906682968
63,620,629,10,10,2279,2279,0,0.0,2279,0,0.0,0,6.172452200000407,4.230541400218499,1.400469099971815,1.752415700131678,16.046339299995452,102.57083514197542,quality,not_promoted,-0.0008430300383932061,5.042142412195163e-05,0.3448650489250819,-0.004266469713507427,5.960329185149426e-05,0.0,1.000392081009017,0.12516642387749422,0.013888888888888888,1.1340734958648682,1.5117790699005127,0.27631521224975586,0.00028894998831674457,0.0076073710806667805,1.5114901065826416,0.27839395403862,0.9992420077323914,2.5e-05,-0.3002438247203827,-0.31533312797546387,-0.21170248091220856,-0.21085642278194427,-0.2111673653125763,0.3099648058414459,-0.3148650825023651,-0.3151792287826538,-0.19586123526096344,-0.21006964147090912,-0.21774893999099731,0.018312323838472366,0.018598506227135658,0.01798621006309986,0.018948854878544807
64,630,639,10,10,2204,2204,0,0.0,2204,0,0.0,0,6.802113899990218,4.429967299991404,1.3174618000048213,1.6946917997847777,14.539175799989607,103.27398348386056,quality,not_promoted,-0.0006982378129448209,3.9833685696066824e-05,0.3218847381217139,-0.003897168653618012,8.74269849191478e-06,0.0,0.9998456708022526,0.12153809355305774,0.014285714285714285,0.8037446737289429,1.525202989578247,0.2801990509033203,0.0003685071424115449,0.006796378176659346,1.524834394454956,0.2803976237773895,0.9994116425514221,2.5e-05,-0.30026501417160034,-0.31536269187927246,-0.21170656383037567,-0.21087782084941864,-0.21116386353969574,0.31000304222106934,-0.31506332755088806,-0.3153972923755646,-0.19574148952960968,-0.2102142870426178,-0.21797247231006622,0.01831396110355854,0.018598826602101326,0.01798621006309986,0.01896781660616398
65,640,649,10,10,2498,2498,0,0.0,2498,0,0.0,0,8.783857799993712,5.600046199950157,1.6550626999960514,1.8367408997874008,18.064931799992337,93.03957598152947,quality,not_promoted,-0.005244993069209158,4.574174290610245e-05,0.3389355966821313,-0.008611478429520503,1.2711702584056184e-05,0.0,0.9999446965754032,0.1297954776789993,0.0125,0.6099863648414612,1.529575228691101,0.26158758997917175,-0.00015542772598564625,0.007229207083582878,1.5297306776046753,0.2627362608909607,0.9992362856864929,2.5e-05,-0.3000856339931488,-0.31539925932884216,-0.21168062090873718,-0.21090303361415863,-0.21118901669979095,0.30988726019859314,-0.31522855162620544,-0.31548458337783813,-0.19579017162322998,-0.21033143997192383,-0.21809330582618713,0.0183170847594738,0.018605491146445274,0.01798621006309986,0.01897428184747696
66,650,659,10,10,1847,1847,0,0.0,1847,0,0.0,0,5.263049800007138,3.492632199951913,1.2856331000075443,1.4507605001854245,12.174685399993905,105.91971829001564,quality,not_promoted,0.0006937888161889438,5.530194122347266e-05,0.3593909653096363,-0.00287246933720749,3.441082642517546e-05,0.0,0.9999666378415865,0.13145637834958476,0.017241379310344827,0.9924806356430054,1.4575146436691284,0.2673953175544739,0.0012699634535238147,0.0075629157945513725,1.4562445878982544,0.26829513907432556,0.9992000460624695,2.5e-05,-0.3000776469707489,-0.31560245156288147,-0.211819127202034,-0.21104705333709717,-0.21132951974868774,0.30998551845550537,-0.3152642846107483,-0.31557512283325195,-0.19579870998859406,-0.21034786105155945,-0.21821612119674683,0.018320361152291298,0.018609657883644104,0.01798621006309986,0.018978547304868698
67,660,669,10,10,2956,2956,0,0.0,2956,0,0.0,0,10.43201799999224,6.724088600079995,1.9038225999975111,2.0296244999190094,21.653549200011184,92.12865029232472,quality,not_promoted,-0.00027980779277834484,4.0067830246079346e-05,0.2612502747710715,-0.0028722770623565512,1.084531887751469e-05,0.0,1.0001358079149367,0.12888231312737186,0.010638297872340425,0.5783002376556396,1.4884408712387085,0.293361634016037,7.163952977862209e-05,0.006732042878866196,1.488369107246399,0.2943496108055115,0.9994733929634094,2.5e-05,-0.3001936078071594,-0.3157674968242645,-0.21193650364875793,-0.21116843819618225,-0.21145646274089813,0.31008636951446533,-0.31566113233566284,-0.3158944547176361,-0.19581638276576996,-0.21060799062252045,-0.21846888959407806,0.018319834023714066,0.018622081726789474,0.01798621006309986,0.019000409170985222
68,670,679,10,10,2090,2090,0,0.0,2090,0,0.0,0,5.748055800009752,3.9229795999417547,1.1213530000095489,1.5766922999027884,14.814354200003436,101.64178226183894,quality,not_promoted,-2.3571393367919054e-05,4.2410508892013844e-05,0.36268392927718884,-0.003629205734327887,8.68626645240745e-06,0.0,1.0000092658129605,0.15140269013742605,0.015151515151515152,3.5107064247131348,1.528001308441162,0.26815539598464966,-0.00028321845456957817,0.007291263900697231,1.5282844305038452,0.2656747102737427,0.999260663986206,2.5e-05,-0.3001852035522461,-0.3157501220703125,-0.2119758278131485,-0.21115773916244507,-0.21144038438796997,0.3100443184375763,-0.3156755864620209,-0.3159874379634857,-0.19573789834976196,-0.21061718463897705,-0.21860960125923157,0.018326634541153908,0.018620586022734642,0.01798621006309986,0.01900545321404934
69,680,689,10,10,1900,1900,0,0.0,1900,0,0.0,0,5.3386934000009205,3.571481700098957,1.2054515999770956,1.4355645995092345,12.804939499998,104.71993180594572,quality,not_promoted,-0.0014703674707561732,4.1800453770216944e-05,0.36169247378905617,-0.005066392582375556,2.4172087610926004e-06,0.0,0.9999506642421087,0.07380998541290561,0.0,0.27105557918548584,1.51167631149292,0.2772289216518402,-0.0012890637153759599,0.006934669334441423,1.5129653215408325,0.2755970358848572,0.999374270439148,2.5e-05,-0.30021151900291443,-0.31587618589401245,-0.21204562485218048,-0.2112465798854828,-0.211525559425354,0.3100980222225189,-0.31579774618148804,-0.31607139110565186,-0.19565798342227936,-0.21069806814193726,-0.21877552568912506,0.01832825317978859,0.018627746030688286,0.01798621006309986,0.019024135544896126
70,690,699,10,10,2099,2099,0,0.0,2099,0,0.0,0,6.092803099993034,3.9860103999380954,1.427238500007661,1.514042400434846,14.176145600009477,103.55741834798467,quality,not_promoted,2.4317735523888558e-05,4.7929797608848084e-05,0.32805688047047815,-0.003232286579794053,1.3375691063780929e-05,0.0,1.0000172383857495,0.10819206082008102,0.0,0.3487769365310669,1.5174494981765747,0.2807949483394623,-0.0011725297663360834,0.007114592473953962,1.5186221599578857,0.2811492681503296,0.9993579983711243,2.5e-05,-0.30028337240219116,-0.31604626774787903,-0.21212148666381836,-0.21136701107025146,-0.21163581311702728,0.31022509932518005,-0.31604570150375366,-0.31627747416496277,-0.1956125646829605,-0.21086417138576508,-0.2189878672361374,0.018321633338928223,0.018639033660292625,0.01798621006309986,0.019040925428271294
71,700,709,10,10,1878,1878,0,0.0,1878,0,0.0,0,5.643547900006524,3.696941800080822,1.1039563000376802,1.4683251001843018,12.353431600000476,104.35084398464028,quality,not_promoted,-0.003835586287702123,4.2878652372261665e-05,0.331134245544672,-0.007125489821191877,1.5801272996422238e-05,0.0,0.9999766409397125,0.09693908725554744,0.0,0.309511661529541,1.484182357788086,0.2711557149887085,-0.001451672986149788,0.007075334899127483,1.4856339693069458,0.2716622054576874,0.9993191361427307,2.5e-05,-0.3004603385925293,-0.316047728061676,-0.21211083233356476,-0.21136581897735596,-0.21165277063846588,0.31030169129371643,-0.31605634093284607,-0.31626397371292114,-0.19560903310775757,-0.21086721122264862,-0.2190668135881424,0.01832164265215397,0.018642278388142586,0.01798621006309986,0.019048841670155525
72,710,719,10,10,2289,2289,0,0.0,2289,0,0.0,0,6.434782399999676,4.361778400110779,1.2878470000287052,1.7390086001105374,16.558686000003945,99.55000960184152,quality,not_promoted,-0.0002116535065902604,4.3910616745456034e-05,0.3255951967504289,-0.003445649577770382,1.3047578997868766e-05,0.0,0.9998704998029603,0.1208149101326449,0.0,0.4432118833065033,1.4913760423660278,0.2656780183315277,-0.00035037522320635617,0.006775339134037495,1.4917265176773071,0.266960084438324,0.9993496537208557,2.5e-05,-0.30059710144996643,-0.3160719573497772,-0.21212197840213776,-0.2113858312368393,-0.21168209612369537,0.3104606568813324,-0.31624045968055725,-0.3164256811141968,-0.1955411285161972,-0.21099548041820526,-0.21927359700202942,0.018328415229916573,0.01863863132894039,0.01798621006309986,0.01906539872288704
73,720,729,10,10,2444,2444,0,0.0,2444,0,0.0,0,13.885928200004855,4.749562499986496,9.20906720001949,1.9028993998945225,17.508316299994476,77.8486642671096,quality,not_promoted,0.004130788314609955,4.742488265317381e-05,0.326863563977755,0.0008858661241948796,4.268263547775775e-06,0.0,0.9999567583585397,0.1210969663822116,0.01282051282051282,2.1340408325195312,1.5867087841033936,0.26025673747062683,-0.0007984607946127653,0.00700547406449914,1.5875073671340942,0.26047632098197937,0.9992754459381104,2.5e-05,-0.30059540271759033,-0.316057026386261,-0.21214263141155243,-0.21137361228466034,-0.21172253787517548,0.31041914224624634,-0.3163812458515167,-0.3165509104728699,-0.19548623263835907,-0.21108785271644592,-0.21942049264907837,0.018328595906496048,0.018634911626577377,0.01798621006309986,0.019077958539128304
74,730,739,10,10,2406,2406,0,0.0,2406,0,0.0,0,6.761592399998335,4.563888600067003,1.6404675999801839,1.8327514000993688,17.410039299997152,99.5381706068461,quality,not_promoted,-0.000659246953498376,4.4248299194518235e-05,0.3407017021979156,-0.004044139040879121,0.00013564259409960008,0.001644736842105263,0.9998494653325332,0.11721714223293882,0.013157894736842105,0.6513312458992004,1.5497126579284668,0.27441519498825073,-0.00032705048215575516,0.006548455450683832,1.5500396490097046,0.275162935256958,0.9994305372238159,2.5e-05,-0.3006320595741272,-0.31600603461265564,-0.21206337213516235,-0.2113373875617981,-0.2117110639810562,0.3104386031627655,-0.3166348934173584,-0.3167857527732849,-0.19540666043758392,-0.21126215159893036,-0.21963362395763397,0.01832847110927105,0.018635090440511703,0.01798621006309986,0.01909288577735424
75,740,749,10,10,2244,2244,0,0.0,2244,0,0.0,0,7.062025399995036,4.3502946001972305,2.0455132000206504,1.69503100028669,15.95251869999629,97.50356080270326,quality,not_promoted,-0.010267937064377798,3.725452442419434e-05,0.35187509076462853,-0.013768061394027123,5.033029204544922e-05,0.0,0.9997347171107928,0.10292634792211983,0.013888888888888888,0.5665759444236755,1.5091675519943237,0.27328360080718994,-0.0003036007401533425,0.0059900470077991486,1.5094711780548096,0.27302056550979614,0.9995195865631104,2.5e-05,-0.30052635073661804,-0.3159734904766083,-0.21204568445682526,-0.21131576597690582,-0.21170082688331604,0.3103747069835663,-0.3167931139469147,-0.31695258617401123,-0.19538815319538116,-0.21137617528438568,-0.21981021761894226,0.018329329788684845,0.018637150526046753,0.01798621006309986,0.019106876105070114
76,750,759,10,10,2097,2097,0,0.0,2097,0,0.0,0,5.917223600001307,3.996079100033967,1.3110806999757187,1.6530374996946193,14.468828099998063,102.86445020641563,quality,not_promoted,0.0012383614384541006,5.484751190207052e-05,0.35282285737268854,-0.002262443085342194,1.1972868233814635e-05,0.0,0.999852742209579,0.15378416831972022,0.015151515151515152,0.7516024708747864,1.4939193725585938,0.27425920963287354,-0.0006340238032862544,0.0074994913302361965,1.4945533275604248,0.2737368047237396,0.9992522597312927,2.5e-05,-0.30051061511039734,-0.31614798307418823,-0.21217107772827148,-0.21144269406795502,-0.2118435949087143,0.3104551434516907,-0.3169201612472534,-0.31707140803337097,-0.19536903500556946,-0.21147088706493378,-0.21997512876987457,0.018325049430131912,0.01864475943148136,0.01798621006309986,0.019116686657071114
77,760,769,10,10,1866,1866,0,0.0,1866,0,0.0,0,6.180963500009966,3.4943877999321558,2.022492099989904,1.5037188000424067,12.383708099994692,100.51349359713596,quality,not_promoted,0.0032963584021975596,3.294821563031292e-05,0.3750901952385902,-0.00043806932711352905,7.005323383661259e-05,0.00078125,0.9992702702681223,0.11411401595299443,0.016666666666666666,0.5108685493469238,1.5024107694625854,0.27283334732055664,0.00024248693080153316,0.005969631485641003,1.5021682977676392,0.2736978828907013,0.9995212554931641,2.5e-05,-0.3005019426345825,-0.3162349462509155,-0.2122795283794403,-0.21151015162467957,-0.211888387799263,0.3104974329471588,-0.31695249676704407,-0.31705111265182495,-0.1953105479478836,-0.21148256957530975,-0.2201390415430069,0.01832045428454876,0.01865251362323761,0.01798621006309986,0.01912722922861576
78,770,779,10,10,2368,2368,0,0.0,2368,0,0.0,0,8.907333900002413,5.480359100169153,2.1243721999635454,1.8736197995458497,16.181320999996387,94.38529125768768,quality,not_promoted,8.64747295005096e-05,3.815174157942828e-05,0.28968491042787964,-0.0027912983519805443,8.764424568948311e-05,0.0004222972972972973,1.0002690988617975,0.13699575654558233,0.013513513513513514,0.6028530597686768,1.5211524963378906,0.2577120363712311,0.00018278579227626324,0.006490334868431091,1.5209697484970093,0.2569381892681122,0.9993657469749451,2.5e-05,-0.3004908561706543,-0.3164783716201782,-0.21237625181674957,-0.2116778939962387,-0.21204008162021637,0.31061968207359314,-0.3171059489250183,-0.31718897819519043,-0.19525021314620972,-0.21158337593078613,-0.22028806805610657,0.018325258046388626,0.018663160502910614,0.01798621006309986,0.019140582531690598
79,780,789,10,10,2139,2139,0,0.0,2139,0,0.0,0,6.043669399994542,4.107674299986684,1.212760399954277,1.6607370999699924,15.332295999993221,100.06565598207904,quality,not_promoted,-0.003265230286428157,3.6523437007845664e-05,0.3713191436494098,-0.006960160468759782,0.00019486565016075687,0.003216911764705882,1.0002526597065085,0.17220667018281186,0.058823529411764705,1.9638382196426392,1.498533844947815,0.27511361241340637,-0.0005498561658896506,0.006290355697274208,1.4990837574005127,0.27462083101272583,0.999477207660675,2.5e-05,-0.30052879452705383,-0.31663092970848083,-0.21250861883163452,-0.21178413927555084,-0.2121536135673523,0.31079232692718506,-0.31709012389183044,-0.3172067701816559,-0.19522394239902496,-0.2115769386291504,-0.22040404379367828,0.018331335857510567,0.018661795184016228,0.01798621006309986,0.019140444695949554
80,790,799,10,10,2511,2511,0,0.0,2511,0,0.0,0,7.712404499994591,4.804877100061276,2.281463299994357,1.9339008004462812,18.709550200001104,95.03460393111676,quality,not_promoted,0.0017407095176167787,3.708045771873003e-05,0.3582187335938215,-0.0018229371547931806,9.736905795989514e-05,0.0001953125,1.000161101669073,0.13664196834433823,0.0125,1.0036946535110474,1.5799719095230103,0.24747776985168457,-0.0012044585309922695,0.006240164395421743,1.5811764001846313,0.24718697369098663,0.9993641972541809,2.5e-05,-0.3005937933921814,-0.31680619716644287,-0.21260051429271698,-0.21190744638442993,-0.21223880350589752,0.3109140694141388,-0.3171214163303375,-0.3173184394836426,-0.19510431587696075,-0.2115904688835144,-0.22056104242801666,0.018328076228499413,0.018668213859200478,0.01798621006309986,0.019152823835611343
81,800,809,10,10,2397,2397,0,0.0,2397,0,0.0,0,8.624456899997313,5.166277600030298,2.156796999988728,1.6749424994923174,17.26765080000041,92.57647263688042,quality,not_promoted,3.511929198315269e-05,3.7645155149029484e-05,0.3178799032772842,-0.0031248575940385067,0.00010689975146018888,0.00020559210526315788,1.0000726337495602,0.12980095196613356,0.013157894736842105,0.6344184279441833,1.4743949174880981,0.28223755955696106,-0.0007712282822467387,0.0062848227098584175,1.4751662015914917,0.28248730301856995,0.9995041489601135,2.5e-05,-0.30046606063842773,-0.31697162985801697,-0.21272630989551544,-0.21202461421489716,-0.2123538702726364,0.31089451909065247,-0.31733256578445435,-0.31757980585098267,-0.19501365721225739,-0.21173718571662903,-0.22080901265144348,0.018332555890083313,0.018680987879633904,0.01798621006309986,0.019170276820659637
82,810,819,10,10,2713,2713,0,0.0,2713,0,0.0,0,9.144691000008606,5.872149100177921,1.5811343000095803,2.2770900999748847,19.291861599995173,95.40537624802099,quality,not_promoted,-0.0009964529836420403,4.257133029970519e-05,0.29679660412461256,-0.0039431333276551475,0.00028848470402556624,0.00436046511627907,0.9992756205935811,0.1232951958772055,0.011627906976744186,0.7045175433158875,1.5667970180511475,0.2668660283088684,-0.0006538411253131926,0.006476814392954111,1.5674508810043335,0.2670586407184601,0.9994109869003296,2.5e-05,-0.30040112137794495,-0.31709179282188416,-0.21282325685024261,-0.2121085673570633,-0.21243664622306824,0.31094351410865784,-0.31758758425712585,-0.31775784492492676,-0.19498200714588165,-0.21189305186271667,-0.2210363894701004,0.018337275832891464,0.018688363954424858,0.01798621006309986,0.019181985408067703
83,820,829,10,10,2566,2566,0,0.0,2566,0,0.0,0,8.461731200004579,5.431242300153826,1.5771602999884635,1.876526700827526,18.979371900000842,93.50936041632718,quality,not_promoted,0.0034701109795672136,3.698102802179453e-05,0.3031602637251703,0.0004569991355443873,2.7881983035661603e-06,0.0,0.999913413350175,0.09121410712236311,0.0,0.33711516857147217,1.523311734199524,0.25311216711997986,0.0002226057113148272,0.00625971145927906,1.523089051246643,0.25311312079429626,0.9993883967399597,2.5e-05,-0.300325870513916,-0.3172089457511902,-0.21292151510715485,-0.212192565202713,-0.2125176340341568,0.3109521269798279,-0.31779780983924866,-0.31789007782936096,-0.19502012431621552,-0.2120330035686493,-0.22124618291854858,0.018338598310947418,0.018696967512369156,0.01798621006309986,0.01920018345117569
84,830,839,10,10,2254,2254,0,0.0,2254,0,0.0,0,6.20738629999687,4.245893299943418,1.1724473999929614,1.6343014997401042,16.434451400011312,99.55022334601337,quality,not_promoted,0.0018162968594373928,4.140353525548967e-05,0.3340845625433657,-0.0015038467180501255,2.658904075758528e-05,0.0,0.9998949070771536,0.08462663571764198,0.0,0.2657860815525055,1.5147429704666138,0.2780945301055908,-0.0006418488337658346,0.006659914273768663,1.5153850317001343,0.2774044871330261,0.9994264841079712,2.5e-05,-0.3003523051738739,-0.317343533039093,-0.21303977072238922,-0.21229204535484314,-0.2126220017671585,0.3111020028591156,-0.31806138157844543,-0.31800252199172974,-0.1949840635061264,-0.21221846342086792,-0.22146710753440857,0.018337959423661232,0.018707090988755226,0.01798621006309986,0.01921546272933483
85,840,849,10,10,2278,2278,0,0.0,2278,0,0.0,0,15.419361300009768,4.250680499928421,10.802168500013067,1.7079525996668963,15.957790800006478,72.60059780883749,quality,not_promoted,-0.0009055995033122599,3.652372950253064e-05,0.3717610788428121,-0.004604948222145645,0.00010812103595014833,0.0015190972222222222,1.0003390394979053,0.20471677217736012,0.027777777777777776,3.987980604171753,1.55275297164917,0.2762486934661865,-0.000653723836876452,0.006252915598452091,1.5534065961837769,0.27576887607574463,0.9994876384735107,2.5e-05,-0.3004024624824524,-0.317345529794693,-0.21299365162849426,-0.21228967607021332,-0.21262843906879425,0.3111615478992462,-0.3183058202266693,-0.3183024525642395,-0.19483646750450134,-0.21239851415157318,-0.22173644602298737,0.01834309659898281,0.018710559234023094,0.01798621006309986,0.019238537177443504
86,850,859,10,10,2939,2939,0,0.0,2939,0,0.0,0,10.28896610000811,6.192034999694442,3.572490500009735,2.3753939997259295,22.263996800000314,90.28364051000837,quality,not_promoted,-9.591822289740261e-05,3.3741443629601825e-05,0.30303110992131027,-0.003109358633240766,1.550952376182186e-05,0.0,0.9999592621689257,0.11069045819180168,0.0,0.3421781063079834,1.5865970849990845,0.2625407874584198,-0.0009927148930728436,0.005901004187762737,1.5875897407531738,0.26312941312789917,0.9994947910308838,2.5e-05,-0.3004334568977356,-0.31757983565330505,-0.21309791505336761,-0.21244585514068604,-0.21275965869426727,0.3113040328025818,-0.3184041976928711,-0.3184225261211395,-0.1948811411857605,-0.21246184408664703,-0.22197148203849792,0.01834682747721672,0.018726743757724762,0.01798621006309986,0.01925792172551155
87,860,869,10,10,2632,2632,0,0.0,2632,0,0.0,0,7.3501823999977205,5.048024599935161,1.3687587999884272,2.001877199683804,20.404923699999927,94.82939789591448,quality,not_promoted,-0.005773790978959629,3.743806711922627e-05,0.3679184674152306,-0.009434257112886934,1.970922208524176e-05,0.0,1.0001262710207985,0.12326507219335153,0.0,0.37884777784347534,1.5623401403427124,0.2562955319881439,-0.0007221206906251609,0.006302226800471544,1.563062071800232,0.2565389573574066,0.9993953704833984,2.5e-05,-0.3005152642726898,-0.3176858127117157,-0.21316568553447723,-0.21252292394638062,-0.21282543241977692,0.3114497661590576,-0.31859883666038513,-0.31874796748161316,-0.19476018846035004,-0.21260318160057068,-0.2222840040922165,0.018345817923545837,0.018726766109466553,0.01798621006309986,0.019284142181277275
88,870,879,10,10,2250,2250,0,0.0,2250,0,0.0,0,6.436577899992699,4.3332636000122875,1.301876200028346,1.6689212996716378,16.34536529998877,98.76242690315505,quality,not_promoted,0.0037416717192778983,3.958913213055995e-05,0.37992486937178505,-3.778270911425352e-05,0.00017754100780583334,0.003776041687362724,1.0005618375208643,0.12531878387865922,0.027777777777777776,1.4330519437789917,1.5133559703826904,0.27283546328544617,-0.001018896815367043,0.006558420602232218,1.5143747329711914,0.27292755246162415,0.9994221925735474,2.5e-05,-0.3004855513572693,-0.3178653419017792,-0.2133072316646576,-0.21264643967151642,-0.2129681557416916,0.3115779161453247,-0.3187318742275238,-0.3189241290092468,-0.19473016262054443,-0.21270109713077545,-0.2224387526512146,0.018340984359383583,0.018725771456956863,0.01798621006309986,0.019298724830150604
89,880,889,10,10,2039,2039,0,0.0,2039,0,0.0,0,6.277864399991813,3.9353776999923866,1.9053522999747656,1.5615203994238982,14.096937499998603,100.07459262712925,quality,not_promoted,0.00040538416942581534,4.3881015272972945e-05,0.35457232035696507,-0.0031183982573566027,7.311423617650803e-05,0.000732421875,1.0001536523923278,0.1525272806175053,0.03125,0.5827375054359436,1.5103750228881836,0.26268473267555237,-0.0002526853932067752,0.0069443886168301105,1.5106278657913208,0.2638636827468872,0.9993011355400085,2.5e-05,-0.3004531264305115,-0.3179108500480652,-0.21335160732269287,-0.21268105506896973,-0.21300683915615082,0.3115561902523041,-0.31886565685272217,-0.3190847933292389,-0.19462738931179047,-0.21279150247573853,-0.2225465476512909,0.018341554328799248,0.018728869035840034,0.01798621006309986,0.019305232912302017
90,890,899,10,10,2306,2306,0,0.0,2306,0,0.0,0,7.759242800006177,4.821741099949577,1.4839187000034144,1.8513025997235673,15.5518507000088,98.92285833774886,quality,not_promoted,-0.024821858085389878,3.4441622119629756e-05,0.3422695064061397,-0.028227332705707365,7.857043119902546e-06,0.0,1.0000828713984102,0.23654629365616553,0.04054054054054054,4.73862886428833,1.543185830116272,0.2835242748260498,-0.00046624045353382826,0.006064944434911013,1.543652057647705,0.2841254472732544,0.9995424151420593,2.5e-05,-0.30043017864227295,-0.31795957684516907,-0.21342462301254272,-0.21271741390228271,-0.21302460134029388,0.31153765320777893,-0.3188855051994324,-0.31912538409233093,-0.19456879794597626,-0.21279644966125488,-0.22268694639205933,0.018344298005104065,0.018729692324995995,0.01798621006309986,0.01931605115532875
91,900,909,10,10,2487,2487,0,0.0,2487,0,0.0,0,7.529459700002917,4.906031999955303,2.1661276999802794,1.8924193996062968,18.066887500011944,97.16230134581687,quality,not_promoted,1.8814483132117835e-05,4.5744317270500454e-05,0.3501938512692085,-0.0034602521441112724,1.054704123595375e-05,0.0,0.9999570510326288,0.1263288831195006,0.0,0.3365834951400757,1.5785163640975952,0.2542255222797394,-0.0008687447407282889,0.007107190787792206,1.5793852806091309,0.253257155418396,0.9992184638977051,2.5e-05,-0.3004477620124817,-0.3180316388607025,-0.2134631723165512,-0.2127777636051178,-0.21307700872421265,0.31153884530067444,-0.3190193176269531,-0.31921276450157166,-0.19445382058620453,-0.2128767967224121,-0.2228626310825348,0.018341880291700363,0.018733229488134384,0.01798621006309986,0.01933085173368454
92,910,919,10,10,2130,2130,0,0.0,2130,0,0.0,0,6.013563899992732,4.079252699928475,1.3571519999823067,1.7021192000829615,14.947402999998303,101.61744971797609,quality,not_promoted,-0.004228214336120907,3.691980456257143e-05,0.37756847524467635,-0.007985439083045897,0.0001622829637627172,0.0015063317054334808,1.0003452406210058,0.14919992355520234,0.014705882352941176,0.7456060647964478,1.5126069784164429,0.27358368039131165,-0.0005811358569189906,0.00615511042997241,1.5131882429122925,0.2737095355987549,0.9994938373565674,2.5e-05,-0.3003882169723511,-0.31823018193244934,-0.21362055838108063,-0.21291980147361755,-0.2132202535867691,0.3116454482078552,-0.3190702795982361,-0.319256991147995,-0.1945096105337143,-0.21291090548038483,-0.22307918965816498,0.018335571512579918,0.01873675361275673,0.01798621006309986,0.019349070265889168
93,920,929,10,10,2292,2292,0,0.0,2292,0,0.0,0,6.714895700002671,4.386291000060737,1.7405667999992147,1.7773525996744866,16.364139700002852,99.31090967517002,quality,not_promoted,0.0006388034154143599,4.337331693528136e-05,0.38728924054238534,-0.003212402552081686,5.0447710811517434e-05,0.0,1.0001768428418372,0.1300380349987083,0.0,0.4119066894054413,1.5379785299301147,0.2789766192436218,-0.0006030108197592199,0.006705292034894228,1.5385816097259521,0.2779153883457184,0.9994223117828369,2.5e-05,-0.30042093992233276,-0.3184981942176819,-0.2137811928987503,-0.21310505270957947,-0.21341809630393982,0.31182774901390076,-0.3191123306751251,-0.31931838393211365,-0.19452083110809326,-0.21294906735420227,-0.22323204576969147,0.01833544299006462,0.01874353550374508,0.01798621006309986,0.01936168223619461
94,930,939,10,10,2167,2167,0,0.0,2167,0,0.0,0,6.474389299997711,4.225039399927482,1.4835801000153879,1.7027307002717862,15.464920600003097,98.77247779794205,quality,not_promoted,0.0003833770751953125,4.25765982018835e-05,0.3735847499440698,-0.0033311827505445655,3.990404323918911e-05,0.0,1.0002882419263615,0.14716709591448307,0.014705882352941176,0.5234610438346863,1.5167967081069946,0.2664569616317749,-0.0007401832262985408,0.006470401771366596,1.517536997795105,0.2662782073020935,0.9994103312492371,2.5e-05,-0.30040058493614197,-0.31857630610466003,-0.2138475775718689,-0.21315822005271912,-0.21347637474536896,0.3118528723716736,-0.31910571455955505,-0.31942981481552124,-0.19448955357074738,-0.21294477581977844,-0.2233777493238449,0.01834110915660858,0.01874461956322193,0.01798621006309986,0.01937282644212246
95,940,949,10,10,2862,2862,0,0.0,2862,0,0.0,0,10.449080200007302,6.520290700340411,2.132075400018948,2.3565345001989044,20.4065702999942,92.7544859247048,quality,not_promoted,-5.3352686680025524e-05,3.072348115690854e-05,0.2745163381099701,-0.0027831549963189496,0.00029245404827330884,0.006106582118405236,0.9994183003902435,0.11537470058020619,0.011111111111111112,0.5208080410957336,1.5103262662887573,0.24622583389282227,-0.0006106263608671725,0.0058828615583479404,1.5109368562698364,0.24727825820446014,0.9994291663169861,2.5e-05,-0.3003759980201721,-0.31871888041496277,-0.21391136944293976,-0.2132605016231537,-0.21358135342597961,0.3118744194507599,-0.3192178010940552,-0.31969520449638367,-0.19444134831428528,-0.21302886307239532,-0.22356170415878296,0.01833374798297882,0.01874963566660881,0.01798621006309986,0.01938990131020546
96,950,959,10,10,2693,2693,0,0.0,2693,0,0.0,0,8.986211399998865,5.71534409999731,1.8677635000058217,1.9395255991985323,19.33528970000043,95.08676784084962,quality,not_promoted,0.014415484268304914,3.301653889011927e-05,0.33766390495868615,0.011055353100324959,0.00034216319016745414,0.005450581395348837,0.9994096866873807,0.16831145678148712,0.03488372093023256,1.6284080743789673,1.5329077243804932,0.2742402255535126,0.00014599916175939143,0.005711507983505726,1.532761812210083,0.2748056650161743,0.9995662569999695,2.5e-05,-0.3004617691040039,-0.31879010796546936,-0.21391142904758453,-0.21330997347831726,-0.21362757682800293,0.3119947910308838,-0.3192724585533142,-0.31994307041168213,-0.19436141848564148,-0.2130882889032364,-0.223739355802536,0.01832728646695614,0.018749887123703957,0.01798621006309986,0.0194048173725605
97,960,969,10,10,2425,2425,0,0.0,2425,0,0.0,0,7.389272300002631,4.936768199884682,1.472432700000354,1.9170359995041508,17.790385800006334,96.3079002251876,quality,not_promoted,-0.0004987006173714212,4.575253019299309e-05,0.3801809831669456,-0.004277634348622278,0.0002651065647353933,0.001644736842105263,1.0002077166971408,0.16932867678176416,0.039473684210526314,0.6948031187057495,1.5107512474060059,0.25459372997283936,0.0003681061207316816,0.006860988214612007,1.510383129119873,0.25564390420913696,0.9992737770080566,2.5e-05,-0.3006437122821808,-0.3188000023365021,-0.21391387283802032,-0.2133120894432068,-0.2136407196521759,0.31209948658943176,-0.3193117082118988,-0.3200894594192505,-0.19433341920375824,-0.2131226360797882,-0.22392013669013977,0.018327927216887474,0.0187480840831995,0.01798621006309986,0.01942148245871067
98,970,979,10,10,2254,2254,0,0.0,2254,0,0.0,0,6.598172500001965,4.335222799840267,1.6728036999847973,1.8192192000424257,16.710702799988212,96.70136250636469,quality,not_promoted,0.0026558745497216782,4.3839348487987685e-05,0.4307803012844589,-0.0016300081495299107,0.00036310383299880615,0.004557291666666667,1.0000776433282428,0.1777552349699868,0.027777777777777776,1.2565960884094238,1.5422931909561157,0.25976675748825073,0.0003972164704464376,0.006532016210258007,1.5418957471847534,0.260402113199234,0.9993677139282227,2.5e-05,-0.3007897138595581,-0.3188741207122803,-0.2139810174703598,-0.2133636772632599,-0.21368728578090668,0.31223925948143005,-0.3193473219871521,-0.3201119601726532,-0.19430884718894958,-0.21315662562847137,-0.22405041754245758,0.018322613090276718,0.01875094324350357,0.01798621006309986,0.019430479034781456
99,980,989,10,10,2711,2711,0,0.0,2711,0,0.0,0,8.11784269999771,5.274160499990103,2.605178200014052,2.191255700367037,20.3101170000009,95.36386109341969,quality,not_promoted,0.0007300002955246803,4.2327263018219234e-05,0.40716601180475814,-0.0033204961773874455,0.00011362449743310843,0.0001816860465116279,1.000291878400847,0.20326661010987537,0.03488372093023256,0.5853073596954346,1.5929150581359863,0.23925447463989258,0.0004725148028228432,0.006887936498969793,1.5924426317214966,0.24167652428150177,0.9991711974143982,2.5e-05,-0.30076873302459717,-0.318960964679718,-0.21406228840351105,-0.21342407166957855,-0.21374499797821045,0.3122304677963257,-0.31955450773239136,-0.32026392221450806,-0.19430062174797058,-0.21330736577510834,-0.22416092455387115,0.0183238722383976,0.01875973306596279,0.01798621006309986,0.01944846659898758
100,990,999,10,10,2266,2266,0,0.0,2266,0,0.0,0,6.919590499994229,4.319304399963585,2.004293299978599,1.939632300316589,16.337172100000316,97.43402549074185,quality,not_promoted,0.00036145371591879264,5.384755804192941e-05,0.43508123606443405,-0.003962434601918276,9.020018933370011e-05,0.0,0.9997675915559133,0.20654906089314157,0.041666666666666664,1.2864043712615967,1.524029016494751,0.2551969587802887,0.00044825245277024806,0.007278853561729193,1.52358078956604,0.2543450891971588,0.9991864562034607,2.5e-05,-0.3007485270500183,-0.3189564347267151,-0.2141040712594986,-0.21342149376869202,-0.2137376368045807,0.3122249245643616,-0.31956663727760315,-0.32037070393562317,-0.19423842430114746,-0.21330828964710236,-0.22426877915859222,0.018328238278627396,0.01876317709684372,0.01798621006309986,0.0194567758589983
101,1000,1009,10,10,2392,2392,0,0.0,2392,0,0.0,0,8.295782999994117,5.2259946999984095,1.9847584999952232,1.9895368995785248,16.99233630001254,94.58987327694909,quality,not_promoted,0.0007731521894273005,4.745418635521721e-05,0.3934509228718908,-0.003137629708936928,0.0005775567906551403,0.009046052631578948,0.9995413140246743,0.17304753855262933,0.02631578947368421,0.6700217723846436,1.5384423732757568,0.2628338038921356,0.00018449781055096537,0.006997666787356138,1.5382577180862427,0.26248979568481445,0.999291181564331,2.5e-05,-0.3006700575351715,-0.3190334141254425,-0.21408052742481232,-0.21347272396087646,-0.213784858584404,0.31220951676368713,-0.3196903467178345,-0.32057440280914307,-0.19414669275283813,-0.21339108049869537,-0.22441765666007996,0.018326083198189735,0.01875504106283188,0.01798621006309986,0.019471263512969017
102,1010,1019,10,10,2095,2095,0,0.0,2095,0,0.0,0,5.918350899999496,3.8465553999703843,1.5306216000026325,1.7435174002312124,14.948968600001535,100.39622003199293,quality,not_promoted,0.00029709223996509206,4.2254032560969904e-05,0.4361613194147746,-0.004043392766492836,3.128935118597424e-05,0.0,1.0001905443090382,0.18152245455844837,0.030303030303030304,0.7111680507659912,1.4927213191986084,0.26799675822257996,0.0017935083014890552,0.006636645644903183,1.490927815437317,0.2693063020706177,0.999386727809906,2.5e-05,-0.3006944954395294,-0.31915390491485596,-0.2141609787940979,-0.21356546878814697,-0.21387450397014618,0.31227508187294006,-0.3197632431983948,-0.32062339782714844,-0.19410540163516998,-0.21343466639518738,-0.2246064394712448,0.018328063189983368,0.018758682534098625,0.01798621006309986,0.01947953552007675
103,1020,1029,10,10,2922,2922,0,0.0,2922,0,0.0,0,9.214525300005334,5.9419083000248065,2.424601199993049,2.3960652997193392,21.907208699994953,93.88937004602549,quality,not_promoted,0.001924507218696501,4.31846524604581e-05,0.38600969120212225,-0.0019139972409111974,6.537561524095034e-05,0.0,0.9998897495477096,0.18529016370682613,0.010869565217391304,0.5220608711242676,1.5592586994171143,0.24111029505729675,0.0009084674529731274,0.007187521550804377,1.5583500862121582,0.2404215931892395,0.9991113543510437,2.5e-05,-0.3007446229457855,-0.3192198872566223,-0.21420283615589142,-0.21360675990581512,-0.21393385529518127,0.31232669949531555,-0.31990846991539,-0.3209950625896454,-0.1940062791109085,-0.21351642906665802,-0.22482125461101532,0.01832677237689495,0.018752137199044228,0.01798621006309986,0.019498314708471298
104,1030,1039,10,10,2504,2504,0,0.0,2504,0,0.0,0,7.072316999998293,4.810951400126214,1.6294864999945275,1.9644930997892516,18.528221500004292,97.81044254204836,quality,not_promoted,-0.01599796796217561,4.918712950257032e-05,0.41538808308541775,-0.020127255941042678,0.0002864216570742428,0.0,1.0000273764133454,0.17351862112991512,0.025,0.5697225332260132,1.5511646270751953,0.2586381733417511,0.00020219759608153254,0.006925785914063454,1.5509624481201172,0.2568292021751404,0.999282956123352,2.5e-05,-0.3007623851299286,-0.31930333375930786,-0.214193657040596,-0.21365909278392792,-0.21400125324726105,0.3124220669269562,-0.32013970613479614,-0.32124063372612,-0.19394363462924957,-0.2136801928281784,-0.22507503628730774,0.018333688378334045,0.018748382106423378,0.01798621006309986,0.01952025108039379
105,1040,1049,10,10,6678,6678,0,0.0,6678,0,0.0,0,44.392010099996696,25.06714609991468,1.7714492999948561,8.435252599330852,48.468032799995854,71.91467709305286,quality,not_promoted,-0.0004943491669283027,0.011154260321442658,0.13345445121328037,0.0037482362398545124,4.511976138538947e-05,0.0,1.0000492297467731,0.19049547176275936,0.05714285714285714,0.8499558568000793,1.604588508605957,0.21799904108047485,-0.008329082280397415,0.10676006972789764,1.6129175424575806,0.18410524725914001,0.7601672410964966,2.5e-05,-0.3007405400276184,-0.3193148076534271,-0.2141953706741333,-0.21366572380065918,-0.21401256322860718,0.31241872906684875,-0.320176899433136,-0.3212732970714569,-0.19394657015800476,-0.21370664238929749,-0.22511538863182068,0.01833546906709671,0.018749702721834183,0.01798621006309986,0.019524378702044487
106,1050,1059,10,10,2334,2334,0,0.0,2334,0,0.0,0,6.427599899994675,4.310643000004347,1.436953500015079,1.8632938999508042,17.194528299995,98.80566137986756,quality,not_promoted,-0.004631260737172655,4.833028201942766e-05,0.4398504229816231,-0.009005600017042377,2.3199666113238914e-05,0.0,0.9998669761258203,0.13263074298565453,0.0,0.3584906756877899,1.5265157222747803,0.2597420811653137,-0.00012017894914606586,0.007693171035498381,1.526636004447937,0.26057887077331543,0.9991227388381958,2.5e-05,-0.30083519220352173,-0.3194088041782379,-0.21432220935821533,-0.2137322872877121,-0.21408891677856445,0.3125421106815338,-0.3203507661819458,-0.32129523158073425,-0.19385679066181183,-0.21384015679359436,-0.22526849806308746,0.01833466626703739,0.018759915605187416,0.01798621006309986,0.019526956602931023
107,1060,1069,10,10,2308,2308,0,0.0,2308,0,0.0,0,6.869816100006574,4.45794569994905,1.5902296000131173,1.8700092003418831,16.574764100005268,98.44492758282932,quality,not_promoted,-0.00210915641808832,4.3078892549847545e-05,0.41872013541492253,-0.006274817247145079,0.0004182751290500164,0.0059121621621621625,1.0001203433887378,0.1895696271613643,0.04054054054054054,0.5942144393920898,1.5080821514129639,0.2611987292766571,-0.00023189107014331967,0.007080651354044676,1.5083140134811401,0.26223742961883545,0.9992651343345642,2.5e-05,-0.3008893132209778,-0.31948521733283997,-0.214382603764534,-0.21379759907722473,-0.21417371928691864,0.31260499358177185,-0.3204731345176697,-0.3214648962020874,-0.1938297301530838,-0.21393410861492157,-0.22552284598350525,0.018336065113544464,0.018766719847917557,0.01798621006309986,0.019541481509804726
108,1070,1079,10,10,2273,2273,0,0.0,2273,0,0.0,0,6.4398742000048514,4.307149399915943,1.2388221999863163,1.8608145998150576,16.076597500010394,100.94832042439674,quality,not_promoted,-0.001136408316799336,4.760495145698466e-05,0.4442225789858235,-0.005554831043506662,6.144576669263479e-05,0.0,1.0000568570362196,0.17082897987630632,0.027777777777777776,0.5271590948104858,1.519936442375183,0.27103134989738464,0.0004566525458358228,0.007463368121534586,1.519479751586914,0.2718167006969452,0.9992417097091675,2.5e-05,-0.3009163737297058,-0.31961342692375183,-0.2143833339214325,-0.21388490498065948,-0.2142496258020401,0.31271371245384216,-0.3206389546394348,-0.3215777575969696,-0.19384248554706573,-0.21404790878295898,-0.22576205432415009,0.01834098808467388,0.018770325928926468,0.01798621006309986,0.019553493708372116
109,1080,1089,10,10,2473,2473,0,0.0,2473,0,0.0,0,7.73872370000754,4.826429999971879,1.9930133000016212,2.017872299969895,18.393882899996242,94.63273365159226,quality,not_promoted,-0.0012729594197410804,3.8069248475016466e-05,0.4158385243171301,-0.005412309096218684,0.0006617286667162075,0.011931285166587586,1.0003692186795747,0.2061545523122335,0.07692307692307693,0.7766554355621338,1.5722196102142334,0.244752436876297,0.0018901809817180037,0.006545721087604761,1.5703294277191162,0.24579983949661255,0.9992847442626953,2.5e-05,-0.30093497037887573,-0.3198030889034271,-0.214497908949852,-0.21401384472846985,-0.2143566906452179,0.31284764409065247,-0.3208152949810028,-0.321781188249588,-0.19371522963047028,-0.2141764760017395,-0.2259954810142517,0.01833619922399521,0.018770193681120872,0.01798621006309986,0.01956890895962715
110,1090,1099,10,10,2571,2571,0,0.0,2571,0,0.0,0,7.656262600008631,5.0885490001237486,1.564508899973589,2.1698463000066113,19.13008470000932,95.98173170846168,quality,not_promoted,-0.004298372559033607,4.4963758116908846e-05,0.4274344738663697,-0.008550234911281889,0.0004759515888020737,0.004382621951219513,1.000003877209454,0.19489585203913654,0.04878048780487805,0.7983464598655701,1.548450231552124,0.2577095031738281,0.0014206157065927982,0.007149463519454002,1.5470294952392578,0.2567751407623291,0.9992303848266602,2.5e-05,-0.300955593585968,-0.3199416995048523,-0.21455149352550507,-0.21410198509693146,-0.21444769203662872,0.31300631165504456,-0.32094764709472656,-0.3220312297344208,-0.19370584189891815,-0.2142728567123413,-0.22618131339550018,0.018335482105612755,0.01877622678875923,0.01798621006309986,0.019590886309742928
111,1100,1109,10,10,2833,2833,0,0.0,2833,0,0.0,0,8.646754100002,5.660016000067117,1.5670134000101825,2.2964723998011323,20.86692430000403,95.98939046511468,quality,not_promoted,-0.0002809448581602838,3.828337315402071e-05,0.42515435616175334,-0.004513346998848849,8.266474101724776e-05,0.0,0.9999804225232866,0.1816160152769751,0.011111111111111112,0.6871795654296875,1.5937175750732422,0.24564462900161743,0.0008717818418517709,0.006763550918549299,1.5928456783294678,0.24428407847881317,0.9992418885231018,2.5e-05,-0.3010503053665161,-0.31997641921043396,-0.21460765600204468,-0.2141343653202057,-0.2144753336906433,0.3131025433540344,-0.3210941553115845,-0.3223218321800232,-0.19375288486480713,-0.21446272730827332,-0.22641031444072723,0.018339158967137337,0.018775245174765587,0.01798621006309986,0.01960749924182892
112,1110,1119,10,10,2430,2430,0,0.0,2430,0,0.0,0,6.942061399997328,4.635001399947214,1.6755627999809803,1.9457967002963414,18.038971600006334,97.27379968633177,quality,not_promoted,-9.18513948195859e-05,3.5054275414088474e-05,0.4479483138573797,-0.0045538077094151004,3.517055598709512e-05,0.0,1.0002062485406273,0.19752102237390845,0.013157894736842105,0.5727341771125793,1.5236406326293945,0.25377157330513,0.001226290361955762,0.006091671530157328,1.5224145650863647,0.2532613277435303,0.9994238018989563,2.5e-05,-0.3010788857936859,-0.3201483190059662,-0.2147117406129837,-0.21425434947013855,-0.2145950347185135,0.3132702112197876,-0.32123056054115295,-0.32246267795562744,-0.19382363557815552,-0.2145724594593048,-0.2265911102294922,0.01834476739168167,0.018778225407004356,0.01798621006309986,0.019624609500169754
113,1120,1129,10,10,2433,2433,0,0.0,2433,0,0.0,0,6.937021199992159,4.5777770997956395,1.6513172999984818,1.8979598003206775,17.53068660000281,99.43718552992121,quality,not_promoted,-0.01740620193334344,3.163953960420958e-05,0.4380419582892687,-0.021770801302642584,2.5418772099491878e-05,0.0,0.9999806537077978,0.22286393407445687,0.01282051282051282,3.0035276412963867,1.5854921340942383,0.2486303299665451,0.000917531899176538,0.005815677344799042,1.5845744609832764,0.24754206836223602,0.9994528889656067,2.5e-05,-0.301292359828949,-0.32027480006217957,-0.2147998809814453,-0.21434654295444489,-0.21469111740589142,0.3135265111923218,-0.3213844895362854,-0.32273200154304504,-0.19378557801246643,-0.21467378735542297,-0.22677844762802124,0.018344329670071602,0.01877768710255623,0.01798621006309986,0.019640455022454262
114,1130,1139,10,10,2729,2729,0,0.0,2729,0,0.0,0,9.027220499992836,5.896031900119851,1.664488899987191,2.2237572001322405,20.360366399996565,92.86233705704446,quality,not_promoted,-0.0020198603370497653,3.804155923801794e-05,0.4123684715392978,-0.0061245229512149855,0.0005675522636941656,0.0049055232558139535,1.000162158594575,0.21401684705254642,0.03488372093023256,0.5725556015968323,1.5529894828796387,0.2755034863948822,0.0007928286213427782,0.006346981506794691,1.5521965026855469,0.2745775580406189,0.9994692802429199,2.5e-05,-0.3013835549354553,-0.3205515146255493,-0.21499896049499512,-0.21453484892845154,-0.2148633599281311,0.31374073028564453,-0.3216874301433563,-0.3230065703392029,-0.19377465546131134,-0.21487124264240265,-0.22700290381908417,0.018340013921260834,0.018793964758515358,0.01798621006309986,0.01965925469994545
115,1140,1149,10,10,2436,2436,0,0.0,2436,0,0.0,0,7.165323699999135,4.713186100081657,1.5646408000029624,2.0293381003575632,18.319909099998767,95.58476546465765,quality,not_promoted,-0.005180951691447542,4.858528677103981e-05,0.49049840485438323,-0.01006164246549209,5.8311951131774826e-05,0.0,0.9996633415038769,0.2537663427109902,0.10256410256410256,2.036390542984009,1.5617011785507202,0.25220248103141785,0.0007818728336133063,0.007318733260035515,1.5609195232391357,0.2505740523338318,0.9991579055786133,2.5e-05,-0.30148452520370483,-0.32058185338974,-0.2150435894727707,-0.21455532312393188,-0.21485178172588348,0.31381455063819885,-0.3218594491481781,-0.32333314418792725,-0.1936664879322052,-0.2149885594844818,-0.22727873921394348,0.018345750868320465,0.01878756284713745,0.01798621006309986,0.019681759178638458
116,1150,1159,10,10,2529,2529,0,0.0,2529,0,0.0,0,7.570895999990171,5.1115925001649885,1.2831542999629164,2.1092019997449825,19.78426760000002,92.45055291867845,quality,not_promoted,-0.0005942220566794276,3.3658646702861e-05,0.4645923551172018,-0.0052233169029932466,0.0003075538800658251,0.0,1.000621710717678,0.19809167073108255,0.0125,0.537134051322937,1.5605294704437256,0.26834675669670105,0.0008208294166252017,0.006038971245288849,1.5597087144851685,0.26887232065200806,0.9994935393333435,2.5e-05,-0.3014999032020569,-0.3206478953361511,-0.2150946408510208,-0.2145979106426239,-0.21489883959293365,0.31383830308914185,-0.3221307098865509,-0.32359907031059265,-0.19370180368423462,-0.21519817411899567,-0.22747135162353516,0.01835162378847599,0.018794408068060875,0.01798621006309986,0.01969844661653042
117,1160,1169,10,10,6713,6713,0,0.0,6713,0,0.0,0,45.83495389999007,24.712179500536877,2.1542789000086486,11.198666399926879,44.10519740000018,74.63852242819974,quality,not_promoted,3.96911587033953e-05,0.016241762828732523,0.13922315709115493,0.006768340607162654,1.5028890101391533e-05,0.0,0.9999547773883456,0.26615360245286,0.10476190476190476,1.296811580657959,1.669244408607483,0.21676260232925415,-0.010518345981836319,0.12750747799873352,1.679762840270996,0.1772441565990448,0.6539789438247681,2.5e-05,-0.30152273178100586,-0.3206353187561035,-0.21509434282779694,-0.21459002792835236,-0.21489408612251282,0.31384384632110596,-0.3221668303012848,-0.3236194849014282,-0.1937035322189331,-0.2152251899242401,-0.22748662531375885,0.018350211903452873,0.018795304000377655,0.01798621006309986,0.019700270146131516
118,1170,1179,10,10,3687,3687,0,0.0,3687,0,0.0,0,12.34131430000707,7.853225400176598,3.1969001999968896,2.916763800094486,27.978001099996618,91.44500504092544,quality,not_promoted,0.00030371869496744256,4.644295089245385e-05,0.3214054674167058,-0.002887114033440192,3.634212495446012e-05,0.0,1.0001532718025405,0.18405295436366878,0.02586206896551724,0.5491833686828613,1.5592964887619019,0.22340089082717896,0.0009600142948329449,0.006202138960361481,1.5583363771438599,0.22436194121837616,0.9992292523384094,2.5e-05,-0.3016344904899597,-0.3205452561378479,-0.21510300040245056,-0.2145216315984726,-0.21482500433921814,0.3137986958026886,-0.3224388062953949,-0.3238908052444458,-0.19370214641094208,-0.21544484794139862,-0.2276800125837326,0.018347883597016335,0.0187951922416687,0.01798621006309986,0.01971513219177723
119,1180,1189,10,10,2772,2772,0,0.0,2772,0,0.0,0,7.774203299995861,5.17594170004304,1.9578052999568172,2.2070415002526715,21.872322100010933,93.50168232528742,quality,not_promoted,-0.002765894031406126,4.415089553979421e-05,0.45763731239871547,-0.007320191549793394,0.0009581801755716283,0.011896306818181818,0.9990354092283682,0.1872880072756247,0.03409090909090909,0.8881052136421204,1.5953888893127441,0.2247646450996399,0.0023135370574891567,0.006945655215531588,1.5930753946304321,0.22585399448871613,0.9990450739860535,2.5e-05,-0.3014906942844391,-0.32060080766677856,-0.21511268615722656,-0.21456480026245117,-0.21486763656139374,0.31372833251953125,-0.32257652282714844,-0.32416829466819763,-0.19369293749332428,-0.215589240193367,-0.22787804901599884,0.01834193803369999,0.018795568495988846,0.01798621006309986,0.019735675305128098
120,1190,1199,10,10,2292,2292,0,0.0,2292,0,0.0,0,6.928799200002686,4.508201799952076,1.632300999990548,1.91709249955602,16.659344700005022,97.1674587757306,quality,not_promoted,0.0002701634204842978,4.3738707189630884e-05,0.47219378625353176,-0.004429903612213416,0.0002517593402444618,0.0,1.0000102760063276,0.19929255617575514,0.041666666666666664,0.6480316519737244,1.535956859588623,0.2585604190826416,0.0012900690780952573,0.006885096896439791,1.534666657447815,0.25826525688171387,0.999290943145752,2.5e-05,-0.301604688167572,-0.3206574618816376,-0.21517975628376007,-0.21460671722888947,-0.21490056812763214,0.31380757689476013,-0.32269877195358276,-0.32430896162986755,-0.19368508458137512,-0.2156767100095749,-0.22802230715751648,0.018339022994041443,0.018795832991600037,0.01798621006309986,0.019748512655496597
121,1200,1209,10,10,2743,2743,0,0.0,2743,0,0.0,0,10.142732699998305,6.078698500030441,3.1369948999927146,2.3189560001483187,20.574423600002774,89.29863081107881,quality,not_promoted,-0.00019310018437546352,3.6107827200307944e-05,0.4477897570576779,-0.0046529438574040355,0.00018555560771262188,0.0001816860465116279,1.0002431633860567,0.2241206091590399,0.03488372093023256,0.6554237008094788,1.5494946241378784,0.2342204451560974,0.0014095488004386425,0.006273447535932064,1.54808509349823,0.23474714159965515,0.9992825984954834,2.5e-05,-0.3015921413898468,-0.3206954300403595,-0.21523849666118622,-0.21463744342327118,-0.21494433283805847,0.3137850761413574,-0.3229418396949768,-0.32460540533065796,-0.19365647435188293,-0.21584393084049225,-0.22823330760002136,0.018340207636356354,0.018794259056448936,0.01798621006309986,0.01976896822452545
122,1210,1219,10,10,2371,2371,0,0.0,2371,0,0.0,0,8.076484000004712,4.863792999996804,3.4354124999808846,2.227419600021676,19.34142320000683,86.47633033052945,quality,not_promoted,0.00399764631507232,3.966853124307148e-05,0.4851351578376795,-0.0008338712168073183,7.106358665815175e-05,0.0,1.0003212133520527,0.2916733953354292,0.15789473684210525,1.2308392524719238,1.5727931261062622,0.24782954156398773,0.001497518504038453,0.006574147380888462,1.5712957382202148,0.2477395385503769,0.9992963075637817,2.5e-05,-0.3016553819179535,-0.32081738114356995,-0.21530838310718536,-0.21472667157649994,-0.21501705050468445,0.3138693571090698,-0.3230297267436981,-0.3246696889400482,-0.193636953830719,-0.21589979529380798,-0.22832460701465607,0.018339408561587334,0.0187918059527874,0.01798621006309986,0.0197774525731802
123,1220,1229,10,10,2229,2229,0,0.0,2229,0,0.0,0,15.598941000003833,4.252037799946265,9.958546299953014,1.8495033000508556,15.234222800005227,72.29228938223152,quality,not_promoted,-0.0005449478647538594,4.5831956517109315e-05,0.48311161569186617,-0.005353148401315723,0.0001622722701150841,0.0,1.000489469085421,0.1853909162006208,0.014285714285714285,0.6336362957954407,1.5275211334228516,0.2649551033973694,0.0017212515231221914,0.00698113115504384,1.5257999897003174,0.26442182064056396,0.999305784702301,2.5e-05,-0.30180469155311584,-0.32100164890289307,-0.21542894840240479,-0.21485675871372223,-0.21515250205993652,0.31399789452552795,-0.32319945096969604,-0.32486236095428467,-0.19355161488056183,-0.21601462364196777,-0.22854267060756683,0.018341263756155968,0.018792912364006042,0.01798621006309986,0.019795041531324387
124,1230,1239,10,10,2259,2259,0,0.0,2259,0,0.0,0,14.482834900001762,4.184869300093851,9.622641600028146,1.7728956003120402,15.922816499994951,74.29539891390863,quality,not_promoted,-0.0033234772531108726,3.788662176399763e-05,0.5039740730490949,-0.008344275049037404,0.0001923064398346873,0.0,0.9999415891038047,0.2596288910135627,0.09722222222222222,1.32453191280365,1.4941937923431396,0.2520595192909241,0.0010480649070814252,0.006335345562547445,1.4931457042694092,0.2512434124946594,0.9993682503700256,2.5e-05,-0.30189868807792664,-0.32118621468544006,-0.21555854380130768,-0.21498830616474152,-0.2152673304080963,0.31414589285850525,-0.3233765661716461,-0.3250080645084381,-0.19354963302612305,-0.2161569595336914,-0.2287386655807495,0.01833496242761612,0.018799470737576485,0.01798621006309986,0.01980612426996231
125,1240,1249,10,10,2521,2521,0,0.0,2521,0,0.0,0,20.900824600001215,8.794127199682407,11.597658500017133,1.8606294999481179,23.406663899993873,56.89783116459601,quality,not_promoted,-0.0002906239707954228,4.189079056686751e-05,0.5028287507593632,-0.0052979651547502725,0.000319481900169194,0.001171875,1.0001540534198283,0.2625147535698488,0.1,0.7961868047714233,1.5696630477905273,0.2565793991088867,0.0005438582738861442,0.006740300450474024,1.5691193342208862,0.2555718719959259,0.9993098974227905,2.5e-05,-0.30186381936073303,-0.3213095963001251,-0.21566124260425568,-0.2150743156671524,-0.21536614000797272,0.3142368197441101,-0.3236970007419586,-0.32532089948654175,-0.19356416165828705,-0.21637912094593048,-0.2290482521057129,0.018332628533244133,0.01880909875035286,0.01798621006309986,0.019836919382214546
126,1250,1259,10,10,2253,2253,0,0.0,2253,0,0.0,0,10.122584099997766,7.739996599935694,1.398844299983466,1.6936343003326328,23.076299700012896,67.86372739433115,quality,not_promoted,-0.0010170329219868614,3.897152838463727e-05,0.5329219330516126,-0.006326766920715777,9.99191129267274e-05,0.0,1.0000295978453424,0.25360605286227333,0.1111111111111111,0.9059780836105347,1.5219732522964478,0.261305034160614,0.0010156946955248713,0.006527252960950136,1.5209577083587646,0.2609482705593109,0.9993759989738464,2.5e-05,-0.3018319010734558,-0.3214637041091919,-0.2157992124557495,-0.21518099308013916,-0.21546490490436554,0.31427106261253357,-0.32382169365882874,-0.3254568874835968,-0.1936015784740448,-0.2164602130651474,-0.22927072644233704,0.01833733543753624,0.018818460404872894,0.01798621006309986,0.019860226660966873
127,1260,1269,10,10,2217,2217,0,0.0,2217,0,0.0,0,9.754222400006256,7.270582900222507,1.6537117999978364,1.7362723003170686,21.03323270000692,72.00984923235994,quality,not_promoted,-0.0010197556644145932,3.508007173097992e-05,0.5078463499035154,-0.006080679149766053,0.0004365767712962614,0.0011160714285714285,1.000126372064863,0.2564381120460374,0.1,0.8797017931938171,1.562556266784668,0.26760098338127136,9.859369311016053e-05,0.006352573167532682,1.5624576807022095,0.26578864455223083,0.9994364380836487,2.5e-05,-0.30199119448661804,-0.32156965136528015,-0.21588684618473053,-0.2152566760778427,-0.21553634107112885,0.3143868148326874,-0.32392239570617676,-0.3255753219127655,-0.19357936084270477,-0.21655134856700897,-0.2294565588235855,0.01834496483206749,0.01883409358561039,0.01798621006309986,0.01987713761627674
128,1270,1279,10,10,2640,2640,0,0.0,2640,0,0.0,0,13.105864799988922,9.37614389983355,2.274611200002255,1.9648482002521632,24.155891799993697,70.85012197200686,quality,not_promoted,-0.000800863229891374,4.420627402353039e-05,0.4295154483545394,-0.005073914800526663,3.690879038047223e-05,0.0,0.9997022435778663,0.2160362281304385,0.047619047619047616,0.9701451659202576,1.5499471426010132,0.25917351245880127,0.0008230532403104007,0.007076443638652563,1.549124002456665,0.2579694390296936,0.9992545247077942,2.5e-05,-0.301904559135437,-0.32179901003837585,-0.21596647799015045,-0.21541708707809448,-0.21566590666770935,0.31449249386787415,-0.32410699129104614,-0.32570433616638184,-0.19348697364330292,-0.21664200723171234,-0.2296052873134613,0.018343865871429443,0.018841981887817383,0.01798621006309986,0.019892476499080658
129,1280,1289,10,10,2420,2420,0,0.0,2420,0,0.0,0,11.096037600000273,8.32449469990388,2.017865600006189,1.840337599918712,24.2268180000101,68.51088222887873,quality,promoted,-0.0014079257012589981,3.8613680269343986e-05,0.4738148592020336,-0.006126768311093512,0.0007794612657131726,0.008271128551936463,0.9995822192806947,0.2097103198696124,0.013157894736842105,0.7531736493110657,1.5568046569824219,0.2501116991043091,-0.00042272446444258094,0.006507815793156624,1.5572274923324585,0.24869157373905182,0.9993229508399963,2.5e-05,-0.3019368648529053,-0.32187750935554504,-0.2160753607749939,-0.2154736965894699,-0.2157372683286667,0.3145539462566376,-0.32420602440834045,-0.32572731375694275,-0.19338740408420563,-0.21668505668640137,-0.2297203242778778,0.018338408321142197,0.018850786611437798,0.01798621006309986,0.01990308053791523
130,1290,1299,10,10,2704,2704,0,0.0,2704,0,0.0,0,12.812236500001745,9.651997099790606,1.7756734999857144,2.077625499587157,27.539115599996876,67.01138522691765,quality,promoted,-0.0008293757929878179,3.986344684161067e-05,0.5176420185801595,-0.005985863371427322,0.00017982952534979167,0.0,0.9997560763081839,0.279893315202275,0.09302325581395349,2.086534023284912,1.5773340463638306,0.25330501794815063,0.0003507147484924644,0.006677057594060898,1.5769833326339722,0.2530818581581116,0.9993051886558533,2.5e-05,-0.30201637744903564,-0.322017103433609,-0.2162102311849594,-0.215571328997612,-0.21582525968551636,0.314728707075119,-0.32432323694229126,-0.3258325457572937,-0.19341149926185608,-0.21676690876483917,-0.22994710505008698,0.01833760179579258,0.01885315030813217,0.01798621006309986,0.01992039382457733
131,1300,1309,10,10,2480,2480,0,0.0,2480,0,0.0,0,11.562087700003758,8.567313800056581,2.2027895000064746,1.9498665998107754,24.21547070000088,69.31719521697933,quality,not_promoted,-0.0017181429056785046,3.99966374504565e-05,0.5095439946804291,-0.006793584728326935,0.001326895204002563,0.015424679487179488,1.001626037634336,0.23868671054832447,0.07692307692307693,1.1216293573379517,1.5502413511276245,0.2578226625919342,-0.0005856252391822636,0.006581390276551247,1.550826907157898,0.2579149305820465,0.9993484020233154,2.5e-05,-0.302049845457077,-0.3222416341304779,-0.21635593473911285,-0.21573609113693237,-0.21598125994205475,0.31490814685821533,-0.3244767487049103,-0.326068639755249,-0.1934572011232376,-0.21686701476573944,-0.2301539182662964,0.01834307424724102,0.018868455663323402,0.01798621006309986,0.01993989385664463
132,1310,1319,10,10,2459,2459,0,0.0,2459,0,0.0,0,10.964789000005112,8.56782489993202,1.5012207999825478,1.8530219001549995,26.507251799994265,65.62225989036713,quality,not_promoted,-0.0025169444151031664,3.438209802343642e-05,0.5275595222528164,-0.00777534863505608,0.0015679738739541231,0.020432692307692308,1.000291054829573,0.21293523052755076,0.02564102564102564,0.5285026431083679,1.5391252040863037,0.255014032125473,0.00029877142515033484,0.005883029196411371,1.5388263463974,0.2547588050365448,0.9994677901268005,2.5e-05,-0.3019288182258606,-0.32235169410705566,-0.2164722979068756,-0.21581953763961792,-0.2160501331090927,0.31490135192871094,-0.32456454634666443,-0.3263283967971802,-0.19350701570510864,-0.21695877611637115,-0.230428084731102,0.018343349918723106,0.01887025311589241,0.01798621006309986,0.01996467262506485
133,1320,1329,10,10,2289,2289,0,0.0,2289,0,0.0,0,10.60454440000467,7.784986500017112,1.9533583000011276,1.7666336999100167,21.911894999997457,70.39516140871962,quality,promoted,0.00030726026226249005,3.981603878047382e-05,0.5275271712905831,-0.004948103832753582,4.505659022571409e-05,0.0,0.999971811970075,0.22748481715098023,0.06944444444444445,0.8430202603340149,1.5198605060577393,0.26705989241600037,-0.000652360322419554,0.0065080649219453335,1.5205127000808716,0.2670383155345917,0.9994061589241028,2.5e-05,-0.30194249749183655,-0.3224550485610962,-0.21657422184944153,-0.21589389443397522,-0.21613536775112152,0.31501027941703796,-0.3246932923793793,-0.32655441761016846,-0.19354932010173798,-0.2170376181602478,-0.23063822090625763,0.018344461917877197,0.01887637935578823,0.01798621006309986,0.01998465694487095
134,1330,1339,10,10,3161,3161,0,0.0,3161,0,0.0,0,16.067813900008332,11.662493699928746,2.6130069000209915,2.5838060999376466,29.74032399999851,69.00520616882635,quality,promoted,-0.0016742588393390179,3.379704094186309e-05,0.46584753692150116,-0.006315835709683597,0.0002635677686703275,0.0009375,1.000133722424507,0.2772652134299278,0.14,1.0021378993988037,1.5151666402816772,0.26285675168037415,0.0004686261236201972,0.005788374226540327,1.5146980285644531,0.2629241645336151,0.9995150566101074,2.5e-05,-0.30187058448791504,-0.3225543797016144,-0.2166702151298523,-0.21596230566501617,-0.21619506180286407,0.3150581419467926,-0.32488834857940674,-0.32682815194129944,-0.19348303973674774,-0.21716924011707306,-0.23095764219760895,0.01834207959473133,0.018883127719163895,0.01798621006309986,0.020009443163871765
135,1340,1349,10,10,6813,6813,0,0.0,6813,0,0.0,0,49.347266099997796,29.382157100277254,2.3251187999994727,9.948532499969588,56.67736729999888,64.25865180119749,quality,not_promoted,-0.0003572203802101523,0.014718785697742728,0.1749972465891983,0.00525219996664325,1.0306288734291314e-05,0.0,1.0000099709657866,0.21362640490650991,0.0794392523364486,1.1749736070632935,1.6916731595993042,0.20983877778053284,-0.010627941228449345,0.12450379133224487,1.7023013830184937,0.16749772429466248,0.6479586958885193,2.5e-05,-0.30188167095184326,-0.3225616216659546,-0.2166665941476822,-0.21596701443195343,-0.21620100736618042,0.3150691092014313,-0.3249216675758362,-0.3268333375453949,-0.1934688538312912,-0.21719145774841309,-0.23098351061344147,0.01834218204021454,0.018883513286709785,0.01798621006309986,0.020011603832244873
136,1350,1359,10,10,2262,2262,0,0.0,2262,0,0.0,0,10.513839299994288,7.8075310999993235,1.760161699989112,1.9564247993694153,20.692318100002012,72.4856947622865,quality,not_promoted,-0.003468269637475411,5.262419810808044e-05,0.537591166380379,-0.008817869342035718,0.00031263864061277974,0.0,0.9999202945166163,0.2660704288217757,0.1111111111111111,0.7329388856887817,1.5549509525299072,0.26622360944747925,-0.0009124133503064513,0.007514164783060551,1.5558632612228394,0.26630765199661255,0.9992033243179321,2.5e-05,-0.3018023669719696,-0.3227139413356781,-0.2167554795742035,-0.21607260406017303,-0.2163161039352417,0.3151112198829651,-0.3250318765640259,-0.32692259550094604,-0.1934708058834076,-0.21723921597003937,-0.23104624450206757,0.018348952755331993,0.018889877945184708,0.01798621006309986,0.02002229541540146
137,1360,1369,10,10,2359,2359,0,0.0,2359,0,0.0,0,10.484225499996683,7.935017800031346,1.7489835000014864,1.9259915001603076,21.416818800003966,73.9474224672937,quality,not_promoted,-0.0007682081211257626,5.345548866112163e-05,0.5288376663182233,-0.006029857630916947,0.0008500078472787061,0.00316722972972973,0.9994663443114307,0.21344208234065287,0.02702702702702703,0.8436627984046936,1.536205768585205,0.2673961818218231,-0.0012359207030385733,0.007464204914867878,1.537441611289978,0.26711806654930115,0.9992207884788513,2.5e-05,-0.30199921131134033,-0.32289695739746094,-0.21686683595180511,-0.21619819104671478,-0.2164418250322342,0.31536126136779785,-0.32529786229133606,-0.32714322209358215,-0.19356393814086914,-0.21737754344940186,-0.2312660664319992,0.018354494124650955,0.018905065953731537,0.01798621006309986,0.020048420876264572
138,1370,1379,10,10,7294,7294,0,0.0,7294,0,0.0,0,52.6809299000015,32.378615699810325,4.36839719999989,8.401020099496236,64.74819440000283,62.11406278876365,quality,not_promoted,-6.528628434528384e-06,0.00921231634821564,0.17355533908202983,0.002864075828192494,4.419359257362406e-05,0.0,0.9999570153784334,0.1700167421970451,0.03070175438596491,0.8798044323921204,1.5961350202560425,0.22564902901649475,-0.008534458465874195,0.09760317951440811,1.604669451713562,0.1919223517179489,0.812905490398407,2.5e-05,-0.3019815683364868,-0.32291683554649353,-0.21688154339790344,-0.21621137857437134,-0.21645541489124298,0.3153856694698334,-0.32533490657806396,-0.3271923363208771,-0.1935703456401825,-0.21740250289440155,-0.2313109040260315,0.018355701118707657,0.018907135352492332,0.01798621006309986,0.02005196176469326
139,1380,1389,10,10,2433,2433,0,0.0,2433,0,0.0,0,11.092989600001602,8.323837700037984,1.6021821000176715,1.8840931998274755,23.129816200002097,71.09294352480407,quality,not_promoted,-0.018872590598244317,6.76326551988437e-05,0.4951751839656096,-0.02379052586501273,2.4886903329155382e-05,0.0,1.000120508365142,0.23642981929991108,0.02564102564102564,0.8658494353294373,1.5535377264022827,0.26782679557800293,-0.0009681309456937015,0.007578105200082064,1.5545058250427246,0.26552775502204895,0.999199390411377,2.5e-05,-0.30210185050964355,-0.32298460602760315,-0.2169431746006012,-0.21626067161560059,-0.21649211645126343,0.31553083658218384,-0.3255956172943115,-0.3273863196372986,-0.19344288110733032,-0.2175951451063156,-0.23154383897781372,0.018355494365096092,0.018908601254224777,0.01798621006309986,0.020070381462574005
140,1390,1399,10,10,2810,2810,0,0.0,2810,0,0.0,0,14.00850630000059,10.42884430011327,1.951788599981228,2.0460478001186857,27.919260499998927,67.02002549775754,quality,not_promoted,-1.5195734290914102e-05,4.740539409133569e-05,0.46579486233266915,-0.004649441091301428,9.79171438964179e-05,0.0,1.0002526024525815,0.2353188771839169,0.09090909090909091,0.7642866373062134,1.5794553756713867,0.25303012132644653,-0.0006188848637975752,0.007203616201877594,1.5800740718841553,0.2525816261768341,0.9991894960403442,2.5e-05,-0.302110493183136,-0.32321062684059143,-0.2171044647693634,-0.21641482412815094,-0.21668961644172668,0.3157387375831604,-0.32582560181617737,-0.3276733160018921,-0.19334086775779724,-0.21778230369091034,-0.23175348341464996,0.018354471772909164,0.01891952008008957,0.01798621006309986,0.020095324143767357
141,1400,1409,10,10,2248,2248,0,0.0,2248,0,0.0,0,10.360384300001897,7.542743200072437,1.9287626999866916,1.7587856997852214,20.508193700006814,72.8248641709173,quality,not_promoted,-0.0063484578600360286,4.830545208278636e-05,0.5034331426852279,-0.011358637110485384,0.0002900853804830048,0.0,1.0000165866480932,0.20647313916641805,0.013888888888888888,1.2802278995513916,1.5370399951934814,0.2804226279258728,-0.00105723284650594,0.0072357505559921265,1.5380971431732178,0.2789793312549591,0.9993342161178589,2.5e-05,-0.3022472560405731,-0.32350069284439087,-0.21729959547519684,-0.21662507951259613,-0.216908261179924,0.3160175681114197,-0.3258854150772095,-0.3279070258140564,-0.1931791752576828,-0.21783296763896942,-0.23198455572128296,0.01835980825126171,0.018932614475488663,0.01798621006309986,0.020113792270421982
142,1410,1419,10,10,2853,2853,0,0.0,2853,0,0.0,0,13.15653910000401,10.071423500121455,2.370254200010095,2.1576400003104936,26.38567439999315,72.15074087848433,quality,not_promoted,-0.0007143159707387289,4.687188397333052e-05,0.45758500893910725,-0.005266729271453288,0.001035084162140265,0.010069444444444445,0.9995113790035248,0.221501384758287,0.044444444444444446,0.8219615817070007,1.5900537967681885,0.2492535561323166,-0.0013787206262350082,0.007171008735895157,1.5914324522018433,0.24916261434555054,0.9991722702980042,2.5e-05,-0.3023160398006439,-0.3235538899898529,-0.21735221147537231,-0.21665731072425842,-0.2169593721628189,0.31614094972610474,-0.32601478695869446,-0.3283434212207794,-0.1930520385503769,-0.21789327263832092,-0.23224996030330658,0.018364841118454933,0.018937233835458755,0.01798621006309986,0.020137328654527664
143,1420,1429,10,10,2458,2458,0,0.0,2458,0,0.0,0,10.971769199997652,8.211913199891569,1.6590387000032933,1.8306378002889687,22.369423500000266,73.72261760750249,quality,not_promoted,-0.0003970584456020823,4.533764538978292e-05,0.4481879052443382,-0.004856268349939432,2.1807755717581575e-05,0.0,1.000011628254866,0.2007555887580682,0.02564102564102564,0.6004722714424133,1.5343118906021118,0.2588712275028229,-0.000661150086671114,0.006982842460274696,1.534972906112671,0.25962868332862854,0.9992724061012268,2.5e-05,-0.30237138271331787,-0.3237136900424957,-0.21742936968803406,-0.2167709618806839,-0.2170577347278595,0.31632280349731445,-0.32620659470558167,-0.3285166025161743,-0.19306637346744537,-0.2180108278989792,-0.23242796957492828,0.01836647465825081,0.018943771719932556,0.01798621006309986,0.02015444077551365
144,1430,1439,10,10,2555,2555,0,0.0,2555,0,0.0,0,11.498941800004104,8.58502440006123,1.8711482000071555,1.8078823999094311,22.285990600008518,75.62542880799269,quality,not_promoted,-0.00022248162422329188,5.389507396102999e-05,0.4488262735307217,-0.004683796834433452,0.0003290248747362057,0.0,0.9997001610696316,0.21715251225978136,0.0875,0.7150721549987793,1.565549373626709,0.25771743059158325,-0.0008306762902066112,0.0077313813380897045,1.5663800239562988,0.25856953859329224,0.9991000294685364,2.5e-05,-0.3023877441883087,-0.3238610327243805,-0.21751736104488373,-0.21687224507331848,-0.217166468501091,0.316432923078537,-0.32643643021583557,-0.3286746144294739,-0.19297876954078674,-0.21817097067832947,-0.23269277811050415,0.018371177837252617,0.01894770748913288,0.01798621006309986,0.020178746432065964
145,1440,1449,10,10,3338,3338,0,0.0,3338,0,0.0,0,16.85386550000112,11.864724199898774,3.0437787000118988,2.621494900275138,31.08360630000243,69.63237473027839,quality,not_promoted,0.006875402215024772,4.13405421842878e-05,0.34554801881313324,0.00344059189983626,6.0138926086575284e-05,0.0,1.0002744996322777,0.18420444522053003,0.009433962264150943,4.1224446296691895,1.530487298965454,0.25680211186408997,-0.0008373229065909982,0.006610972806811333,1.5313245058059692,0.2571437358856201,0.9993372559547424,2.5e-05,-0.30244800448417664,-0.3240017592906952,-0.21759198606014252,-0.21696849167346954,-0.21725420653820038,0.31659993529319763,-0.32668405771255493,-0.3288399875164032,-0.19300363957881927,-0.21833069622516632,-0.23289750516414642,0.01837538182735443,0.018958311527967453,0.01798621006309986,0.020198095589876175
146,1450,1459,10,10,2427,2427,0,0.0,2427,0,0.0,0,11.112073999989661,8.28407149988925,1.9497246999817435,1.8276554001495242,21.97456180000154,73.35287923109564,quality,not_promoted,0.00012825114505463526,3.660726289174483e-05,0.42058463394641876,-0.004059290455188602,0.00015540803130869264,0.0,1.000319076211829,0.2113712609892613,0.05263157894736842,0.7633243799209595,1.5396734476089478,0.25505080819129944,4.401749902172014e-05,0.0062338062562048435,1.539629578590393,0.25490498542785645,0.999402642250061,2.5e-05,-0.3024275302886963,-0.3242141306400299,-0.21769694983959198,-0.21712243556976318,-0.21744392812252045,0.31681400537490845,-0.32670876383781433,-0.3289921283721924,-0.19297850131988525,-0.21834403276443481,-0.23300549387931824,0.01837795414030552,0.018972808495163918,0.01798621006309986,0.020210959017276764
147,1460,1469,10,10,3193,3193,0,0.0,3193,0,0.0,0,16.636091399996076,11.32407789993158,3.8331228999741143,2.347301099958713,29.109846899998956,69.79854646462343,quality,not_promoted,5.3244791924953464e-05,3.779083395784255e-05,0.3582425944507122,-0.0035102862562052905,5.807522216855432e-05,0.0,1.0000098502635957,0.17015205658972263,0.02,0.609481930732727,1.5882701873779297,0.24148622155189514,-0.00040753858047537506,0.006344520021229982,1.5886775255203247,0.24227851629257202,0.9993097186088562,2.5e-05,-0.30234819650650024,-0.32430052757263184,-0.21768814325332642,-0.21718497574329376,-0.21750804781913757,0.3168627917766571,-0.3268652558326721,-0.3292635381221771,-0.1929686814546585,-0.21845245361328125,-0.23328574001789093,0.018378647044301033,0.01897210255265236,0.01798621006309986,0.020238151773810387
148,1470,1479,10,10,2396,2396,0,0.0,2396,0,0.0,0,10.762631499994313,8.263091800079565,1.8804491000191774,1.7220473001507344,21.535761300008744,74.18325781212783,quality,not_promoted,0.0007953769772460586,4.545358064876238e-05,0.43956566798059565,-0.0035775532504837763,5.8288222069342354e-05,0.0,0.9998841599414223,0.18950275297423727,0.02631578947368421,0.9178632497787476,1.5635491609573364,0.26457807421684265,4.2604464397300035e-05,0.006911647971719503,1.5635064840316772,0.26464560627937317,0.9993175864219666,2.5e-05,-0.30241143703460693,-0.32440683245658875,-0.21771588921546936,-0.2172604501247406,-0.21760104596614838,0.31695282459259033,-0.32699859142303467,-0.32943665981292725,-0.1928906887769699,-0.21853730082511902,-0.2334575355052948,0.018375562503933907,0.01896868646144867,0.01798621006309986,0.020252594724297523
149,1480,1489,10,10,2684,2684,0,0.0,2684,0,0.0,0,12.699981799989473,9.483366599859437,2.097881800000323,1.888034600066021,25.43916919999174,70.3738790619991,quality,not_promoted,-5.094396571318308e-05,4.307769681656195e-05,0.4520727534379278,-0.004550132670417605,0.00025317324772394,0.0,1.0003106147050858,0.2253472017612131,0.047619047619047616,1.0284010171890259,1.5693821907043457,0.25590527057647705,-0.0005250639514997602,0.006873323116451502,1.5699071884155273,0.256335973739624,0.9992786049842834,2.5e-05,-0.30238956212997437,-0.32460081577301025,-0.2177952080965042,-0.2173975706100464,-0.2177504599094391,0.3169989585876465,-0.3271695077419281,-0.3295738101005554,-0.1928379088640213,-0.21867798268795013,-0.23361466825008392,0.01837752014398575,0.018973810598254204,0.01798621006309986,0.020272133871912956
150,1490,1499,10,10,2679,2679,0,0.0,2679,0,0.0,0,13.479988800012507,9.461151000257814,2.4610914000077173,1.8077259998826776,23.66813099999854,72.116705082856,quality,not_promoted,0.0002604878197113673,3.693374368854815e-05,0.37043064477897825,-0.0034253523418945925,0.00022465832217849745,0.0013020833333333333,0.9995949417352676,0.17397239347476334,0.023809523809523808,0.8748852610588074,1.5021557807922363,0.26468318700790405,0.0002148833591490984,0.006265631411224604,1.5019409656524658,0.26462146639823914,0.9994396567344666,2.5e-05,-0.3024372458457947,-0.3246603310108185,-0.2179044485092163,-0.21744167804718018,-0.21777890622615814,0.31713277101516724,-0.3272515535354614,-0.32979440689086914,-0.19270628690719604,-0.21875376999378204,-0.23383687436580658,0.01837264746427536,0.018969791010022163,0.01798621006309986,0.020286252722144127
151,1500,1509,10,10,2372,2372,0,0.0,2372,0,0.0,0,11.361920199997257,8.228286600089632,2.2948675000079675,1.7232909000304062,23.254413700007717,68.52256529683113,quality,not_promoted,-0.00424742157031831,4.672304916503459e-05,0.43147536720100205,-0.00853881311884738,2.2862584477192477e-05,0.0,1.0000454077595158,0.17297481118064179,0.02631578947368421,0.6796622276306152,1.569740891456604,0.2617037296295166,-0.00035141658736392856,0.0071824355982244015,1.5700920820236206,0.26164472103118896,0.9992467761039734,2.5e-05,-0.30238425731658936,-0.32473769783973694,-0.217927947640419,-0.2174971103668213,-0.21782566606998444,0.31712833046913147,-0.327419251203537,-0.32999753952026367,-0.19266162812709808,-0.21887648105621338,-0.2340497225522995,0.01837475597858429,0.01897898130118847,0.01798621006309986,0.02029726468026638
152,1510,1519,10,10,2932,2932,0,0.0,2932,0,0.0,0,14.708624799997779,10.652299299908918,1.7345244000316598,2.214479000060237,26.796562599993194,70.64177235833027,quality,not_promoted,-6.956801466319872e-05,3.771554785366195e-05,0.3823073752548384,-0.003873783730618332,0.0007311361133242431,0.0066628344559475135,0.9993287577577259,0.20127237895908562,0.03260869565217391,0.5872870087623596,1.5029646158218384,0.2571103870868683,-0.00024819167447276413,0.0063784485682845116,1.503212809562683,0.2564573287963867,0.9993845820426941,2.5e-05,-0.30234137177467346,-0.3248366713523865,-0.21801841259002686,-0.21756722033023834,-0.21790771186351776,0.31713780760765076,-0.327645868062973,-0.3303230106830597,-0.19259120523929596,-0.21902917325496674,-0.23438934981822968,0.018381215631961823,0.01898874156177044,0.01798621006309986,0.020320404320955276
153,1520,1529,10,10,2320,2320,0,0.0,2320,0,0.0,0,10.220280900000944,7.816587100169272,1.615016600015224,1.5844441001681844,20.958063900005072,74.41062105386533,quality,not_promoted,-0.009838167766763552,4.199227650796938e-05,0.4212317080111117,-0.014029488197175434,2.2999369665174872e-05,0.0,0.9999068637151975,0.17408834707394644,0.02702702702702703,1.032340168952942,1.522750735282898,0.26663053035736084,-0.0005773357697762549,0.00658742431551218,1.5233279466629028,0.2656736671924591,0.9993895888328552,2.5e-05,-0.3023785352706909,-0.3249216675758362,-0.2180679738521576,-0.21763493120670319,-0.21796837449073792,0.3172488808631897,-0.3277782201766968,-0.3304929733276367,-0.19239912927150726,-0.21911321580410004,-0.2346775233745575,0.018382320180535316,0.018996143713593483,0.01798621006309986,0.02033955417573452
154,1530,1539,10,10,7403,7403,0,0.0,7403,0,0.0,0,51.78837400001066,31.372349899815163,4.128869699998177,8.849259400405572,61.943796299994574,65.09152142680652,quality,not_promoted,-0.0001785589386066743,0.00884748037543463,0.1260978124537987,0.002984202673642671,5.575934446304818e-06,0.0,0.9999743900422392,0.20108153553808045,0.04310344827586207,0.7463157176971436,1.6400694847106934,0.22994835674762726,-0.008294727653265,0.09497074782848358,1.6483641862869263,0.19522932171821594,0.8294235467910767,2.5e-05,-0.3023764491081238,-0.32492557168006897,-0.21806873381137848,-0.21763935685157776,-0.21797119081020355,0.31726258993148804,-0.32778918743133545,-0.3305276036262512,-0.19237783551216125,-0.2191178798675537,-0.23470740020275116,0.018381409347057343,0.018995383754372597,0.01798621006309986,0.020342309027910233
155,1540,1549,10,10,2379,2379,0,0.0,2379,0,0.0,0,10.674208900003578,8.298798099916894,1.5654768000094919,1.7332001997419866,22.26603790000081,72.22168110773484,quality,not_promoted,-0.002527253591994706,5.6124477180817754e-05,0.44708106392308283,-0.006970001314153993,1.2775565047126006e-05,0.0,0.9999994172861701,0.19851620985489143,0.02631578947368421,0.8465211391448975,1.5413798093795776,0.26032865047454834,0.000590239476878196,0.007786230184137821,1.5407896041870117,0.26082465052604675,0.9991054534912109,2.5e-05,-0.30228152871131897,-0.32501453161239624,-0.2181587666273117,-0.21770308911800385,-0.21803775429725647,0.31728655099868774,-0.32795819640159607,-0.33076992630958557,-0.1925724893808365,-0.21924640238285065,-0.2349396049976349,0.018383357673883438,0.019000910222530365,0.01798621006309986,0.020367613062262535
156,1550,1559,10,10,2254,2254,0,0.0,2254,0,0.0,0,10.409690400003456,7.608172900101636,1.8587238000327488,1.6164401001442457,20.531110099997022,72.8487939411899,quality,not_promoted,0.00038440375485354,5.185243912819715e-05,0.4372967067692015,-0.003962636711852004,0.00016310131023702625,0.0008680555555555555,1.0001733559701178,0.19367923152943453,0.027777777777777776,0.7740415334701538,1.5301953554153442,0.2716136574745178,0.000375506206182763,0.007564977742731571,1.5298197269439697,0.27268755435943604,0.9992242455482483,2.5e-05,-0.3022957444190979,-0.3251956105232239,-0.21832554042339325,-0.2178277224302292,-0.21816648542881012,0.3174419403076172,-0.3281688392162323,-0.3309763967990875,-0.19247618317604065,-0.21940243244171143,-0.23519213497638702,0.018376458436250687,0.019015764817595482,0.01798621006309986,0.020386306568980217
157,1560,1569,10,10,2783,2783,0,0.0,2783,0,0.0,0,12.701260499990894,9.623868700204184,2.6630512999690836,1.940465799998492,26.266989299998386,71.41711558215185,quality,not_promoted,0.00020868793680247936,4.0098146180091796e-05,0.43129980902780185,-0.004084260880269788,0.0004038661165230389,0.0024857954545454545,1.0003805919127031,0.1994571427137337,0.045454545454545456,0.7972351908683777,1.586016297340393,0.24074900150299072,-0.00024688508710823953,0.006708135362714529,1.5862629413604736,0.24149560928344727,0.9992235898971558,2.5e-05,-0.3022439777851105,-0.3252565562725067,-0.21833865344524384,-0.2178664356470108,-0.21820051968097687,0.3173927366733551,-0.3283877968788147,-0.33119848370552063,-0.19247955083847046,-0.21956899762153625,-0.23542828857898712,0.018369732424616814,0.019020261242985725,0.01798621006309986,0.020402882248163223
158,1570,1579,10,10,2591,2591,0,0.0,2591,0,0.0,0,13.804412700003013,9.30935629994201,3.755913100016187,1.9042241002462106,23.495314499989036,69.46431500980394,quality,not_promoted,0.0012847864773215317,4.816662700560722e-05,0.4298784356655144,-0.0029899141802338927,0.0002550888918737722,0.0011432926829268292,0.9999400021099463,0.20065922494523408,0.024390243902439025,0.646172285079956,1.513044834136963,0.2590270936489105,0.0001237021788256243,0.0072592212818562984,1.5129213333129883,0.25988495349884033,0.9992145895957947,2.5e-05,-0.30218765139579773,-0.3254345953464508,-0.21844616532325745,-0.21799521148204803,-0.2183263599872589,0.3174709379673004,-0.32833147048950195,-0.3310680687427521,-0.19247359037399292,-0.2195367068052292,-0.23556135594844818,0.01836927980184555,0.019032467156648636,0.01798621006309986,0.020416919142007828
159,1580,1589,10,10,2558,2558,0,0.0,2558,0,0.0,0,11.901575600000797,8.636574500007555,3.327693299987004,1.9042400998441735,23.10662640001101,73.06859118326435,quality,not_promoted,-0.0004818374058231711,4.718258971934119e-05,0.43168565072119236,-0.004775101874838583,0.0004767376824020175,0.0005922378972172737,1.0009584255516528,0.22451617466285825,0.0375,3.972548246383667,1.5634799003601074,0.2503671646118164,0.00010303492308594286,0.007304225582629442,1.563376784324646,0.2518101632595062,0.9991488456726074,2.5e-05,-0.30222615599632263,-0.32555311918258667,-0.2185061275959015,-0.21808092296123505,-0.21842306852340698,0.3176226317882538,-0.32844850420951843,-0.33117252588272095,-0.19241748750209808,-0.21962293982505798,-0.2357843816280365,0.018378350883722305,0.019043808802962303,0.01798621006309986,0.020439792424440384
160,1590,1599,10,10,2641,2641,0,0.0,2641,0,0.0,0,12.273421099991538,9.264391400138265,1.9348855999705847,1.8752256001753267,23.74607379999361,73.32140573689969,quality,not_promoted,0.0005842866597785836,4.335479590216502e-05,0.4596212697880609,-0.00399024849424937,0.00019355096100341705,0.0003720238095238095,1.000023474295934,0.2206932520493865,0.08333333333333333,0.8652392625808716,1.6083202362060547,0.2456958293914795,0.000221964466618374,0.00662479642778635,1.6080981492996216,0.24522817134857178,0.9992730021476746,2.5e-05,-0.30234891176223755,-0.32575374841690063,-0.21859870851039886,-0.21822570264339447,-0.21854493021965027,0.3179212212562561,-0.3285450041294098,-0.3314194977283478,-0.192326620221138,-0.21970579028129578,-0.23609097301959991,0.018385663628578186,0.019053636118769646,0.01798621006309986,0.02046198770403862
161,1600,1609,10,10,2496,2496,0,0.0,2496,0,0.0,0,12.288612199990894,8.692866299956222,2.71331820001069,1.8123464996897383,22.22029470000416,72.32915279621209,quality,not_promoted,-0.0005023172722221949,4.097666311654627e-05,0.41371397788708025,-0.004618968354920164,0.00042140511915278743,0.003205128205128205,1.0010131964316735,0.28814574674918103,0.038461538461538464,5.887228488922119,1.5761159658432007,0.2611229121685028,0.00010723932064138353,0.00664962874725461,1.576008677482605,0.26123932003974915,0.9993515014648438,2.5e-05,-0.302336186170578,-0.3259091079235077,-0.21870578825473785,-0.21834276616573334,-0.21865516901016235,0.31808730959892273,-0.3286978602409363,-0.33156415820121765,-0.1923140436410904,-0.21983599662780762,-0.23631121218204498,0.018380552530288696,0.019063012674450874,0.01798621006309986,0.020482096821069717
162,1610,1619,10,10,2773,2773,0,0.0,2773,0,0.0,0,12.542144799997914,9.560508999988087,1.9427464999898802,2.036684800114017,25.925049500001478,72.08739941815938,quality,not_promoted,-0.002969539724290371,4.073582799306182e-05,0.4534703262827613,-0.007483875707045875,0.0005383453823345586,0.0017924783751368523,1.0006189752708783,0.21968656397339972,0.045454545454545456,0.6112618446350098,1.59648597240448,0.24268323183059692,-0.0007178568048402667,0.006613686215132475,1.5972038507461548,0.2433995008468628,0.9992573261260986,2.5e-05,-0.3023378252983093,-0.3258398771286011,-0.2187332659959793,-0.21829402446746826,-0.21861793100833893,0.318001389503479,-0.32891714572906494,-0.3317691683769226,-0.1921842247247696,-0.22000637650489807,-0.23647303879261017,0.018375666812062263,0.019062932580709457,0.01798621006309986,0.020499184727668762
163,1620,1629,10,10,3049,3049,0,0.0,3049,0,0.0,0,14.704681000002893,10.509293100025388,2.977783200025442,2.3679300999938278,28.008315300001414,71.38342575137237,quality,not_promoted,-0.00016612852535520992,4.0733955510556065e-05,0.41531845461577177,-0.004298945976188406,5.381717717985642e-05,0.0,0.9999821602056423,0.2072851685807109,0.03125,0.6705090403556824,1.5621384382247925,0.24267104268074036,-0.0009746806463226676,0.006728907581418753,1.5631130933761597,0.244181290268898,0.9992311000823975,2.5e-05,-0.30220094323158264,-0.32589593529701233,-0.2187567949295044,-0.21832284331321716,-0.21863651275634766,0.31795403361320496,-0.3290408253669739,-0.3319670557975769,-0.1920723021030426,-0.22009003162384033,-0.23671942949295044,0.01837688311934471,0.01906568929553032,0.01798621006309986,0.020522309467196465
164,1630,1639,10,10,2190,2190,0,0.0,2190,0,0.0,0,9.487435700008064,7.1957001000555465,1.4695943999831798,1.6716269001335604,18.761847300003865,77.52409149637799,quality,not_promoted,0.0007693228045744556,4.0295938275189e-05,0.4764383294752666,-0.0039749122224748135,0.0004051437763597018,0.0033482142857142855,0.9997274262564523,0.24684396827859537,0.1,0.7108307480812073,1.542723536491394,0.27167803049087524,0.0004278288106434047,0.006769594736397266,1.5422956943511963,0.27249255776405334,0.9993790984153748,2.5e-05,-0.3021339476108551,-0.3260386288166046,-0.2188388854265213,-0.21842075884342194,-0.21870695054531097,0.31801319122314453,-0.3293660283088684,-0.3321811556816101,-0.19217531383037567,-0.22030268609523773,-0.23693104088306427,0.01837272010743618,0.019065426662564278,0.01798621006309986,0.020540539175271988
165,1640,1649,10,10,2423,2423,0,0.0,2423,0,0.0,0,10.919638599996688,8.437711700011278,1.4607052000210388,1.8332414999749744,22.369212999998126,72.78713093245841,quality,not_promoted,0.00013964564392441198,4.048315440741135e-05,0.5167746990919113,-0.00500786006695738,8.662250992959966e-05,0.0,1.0000840794099004,0.2697799825844796,0.11842105263157894,1.6347523927688599,1.5537590980529785,0.25718122720718384,0.0005838394863530993,0.006399137433618307,1.5531753301620483,0.25779327750205994,0.999380886554718,2.5e-05,-0.3020763695240021,-0.32617586851119995,-0.21899405121803284,-0.21851451694965363,-0.2188168615102768,0.31813254952430725,-0.3295667767524719,-0.33243328332901,-0.19219884276390076,-0.22044435143470764,-0.23716621100902557,0.018373899161815643,0.01908201165497303,0.01798621006309986,0.020552951842546463
166,1650,1659,10,10,2659,2659,0,0.0,2659,0,0.0,0,12.26278540000203,9.28546049988654,1.9963005000317935,2.0045201996836113,24.835413600012544,71.67463843727172,quality,not_promoted,-0.0023262645616861327,5.002861880278769e-05,0.46955662681942895,-0.0069968161073380285,0.0003605604743781788,0.002418154761904762,0.9995614297333217,0.3183591295743272,0.03571428571428571,9.267210006713867,1.567741870880127,0.2444559633731842,7.806929352227598e-05,0.0072493222542107105,1.5676637887954712,0.24349962174892426,0.9991205930709839,2.5e-05,-0.3021361231803894,-0.32618197798728943,-0.21903929114341736,-0.21852238476276398,-0.21884329617023468,0.3181137144565582,-0.32982155680656433,-0.33271104097366333,-0.1922694742679596,-0.22061817348003387,-0.2374829351902008,0.018372545018792152,0.019082555547356606,0.01798621006309986,0.020582836121320724
167,1660,1669,10,10,7025,7025,0,0.0,7025,0,0.0,0,50.69158349999634,31.341331899995566,2.4945278999657603,7.868053400219651,61.60475840000436,62.557692273322004,quality,not_promoted,-0.0001426752127537673,0.00814725556710569,0.17960720473731107,0.0021348810315513136,4.81577628968146e-06,0.0,1.0000010403719815,0.17276249026710336,0.031818181818181815,0.6794044971466064,1.6033207178115845,0.25354689359664917,-0.008139868266880512,0.09248366206884384,1.6114606857299805,0.22161607444286346,0.8669504523277283,2.5e-05,-0.30213305354118347,-0.32617464661598206,-0.21903559565544128,-0.21851734817028046,-0.21883879601955414,0.31809142231941223,-0.3298627734184265,-0.33274659514427185,-0.19225849211215973,-0.2206445336341858,-0.2375209927558899,0.018373288214206696,0.019083473831415176,0.01798621006309986,0.020585762336850166
168,1670,1679,10,10,2283,2283,0,0.0,2283,0,0.0,0,10.555447199993068,7.699975500028813,2.35852629999863,1.8213008001330309,20.49495449999813,73.52561883283613,quality,not_promoted,0.0012510728556662798,0.00010632463196695123,0.4999428515632947,-0.0036951930734277186,0.0005287949736359426,0.0018420946370396349,0.9998436181081666,0.2388402124763363,0.06944444444444445,0.9618606567382812,1.5303575992584229,0.2583228349685669,-7.688837649766356e-05,0.011272309347987175,1.530434489250183,0.25441694259643555,0.9980958700180054,2.5e-05,-0.30212798714637756,-0.326307088136673,-0.2190660834312439,-0.21861277520656586,-0.21893619000911713,0.318108469247818,-0.3299367129802704,-0.33273738622665405,-0.19227051734924316,-0.22070319950580597,-0.2376566380262375,0.01837194710969925,0.019086027517914772,0.01798621006309986,0.02059548906981945
169,1680,1689,10,10,2208,2208,0,0.0,2208,0,0.0,0,10.085474000006798,7.545606299929204,1.5822585999994772,1.8201052999938838,20.599773399997503,71.95640208524735,quality,not_promoted,0.0009727741325540202,5.799202476087625e-05,0.5216448268720082,-0.0042146782390773295,0.0010554274477596794,0.0026785714285714286,1.0008606152875084,0.33329922817647456,0.11428571428571428,5.6685614585876465,1.5196915864944458,0.27784523367881775,-0.0005364192766137421,0.008616878651082516,1.5202280282974243,0.27466848492622375,0.9990381598472595,2.5e-05,-0.30211400985717773,-0.3266124427318573,-0.21921078860759735,-0.21882788836956024,-0.21914729475975037,0.3182266056537628,-0.32995450496673584,-0.33280205726623535,-0.19218452274799347,-0.2207127809524536,-0.23778577148914337,0.01837264746427536,0.019095273688435555,0.01798621006309986,0.020606162026524544
170,1690,1699,10,10,2831,2831,0,0.0,2831,0,0.0,0,12.888938300005975,9.561422000057064,1.9070045000116806,2.183227200395777,25.71896129999368,73.326962340112,quality,not_promoted,-0.003384649091296726,4.388223266384254e-05,0.44500687287913426,-0.007812776178535487,2.7612212837387535e-05,0.0,0.9999133083555434,0.25480729457404877,0.07777777777777778,0.8311892747879028,1.5711389780044556,0.2652681767940521,-0.0003886815393343568,0.007337402552366257,1.5715277194976807,0.2638368606567383,0.9992349147796631,2.5e-05,-0.3020823001861572,-0.32666680216789246,-0.21924474835395813,-0.2188648134469986,-0.2191924750804901,0.31828874349594116,-0.3301387131214142,-0.33297351002693176,-0.19215138256549835,-0.22083573043346405,-0.2380186915397644,0.018369413912296295,0.01909954845905304,0.01798621006309986,0.020626310259103775
171,1700,1709,10,10,2574,2574,0,0.0,2574,0,0.0,0,11.892373199996655,8.89339270007622,2.136296900032903,1.9641494000243256,23.248468899997533,73.24810238398999,quality,not_promoted,-0.0011426000628711247,5.9394807932421385e-05,0.48763807045250407,-0.005989283777591659,0.00035786109184278404,0.001714939024390244,1.0008856988534696,0.30914650607581545,0.18292682926829268,1.153643012046814,1.5254281759262085,0.2586204707622528,-0.0019356576958671212,0.00839842576533556,1.527363896369934,0.2574959695339203,0.998945415019989,2.5e-05,-0.3020063638687134,-0.3267320990562439,-0.2192687839269638,-0.21891112625598907,-0.21924857795238495,0.3182829022407532,-0.3302784562110901,-0.33309152722358704,-0.19212555885314941,-0.22089797258377075,-0.2381834238767624,0.018370024859905243,0.01910475827753544,0.01798621006309986,0.020640691742300987
172,1710,1719,10,10,2523,2523,0,0.0,2523,0,0.0,0,11.655037600008654,8.938644899928477,1.6829078999580815,2.066704400087474,25.553434200002812,67.80713848073768,quality,not_promoted,0.002546049887314439,4.7503095538559136e-05,0.5673048950731754,-0.0031032473954837768,4.5208850121980507e-05,0.0,0.999674466997385,0.24841548474505543,0.0375,2.3260998725891113,1.548115849494934,0.27273043990135193,-0.00065537792397663,0.008152307011187077,1.5487712621688843,0.272911012172699,0.9991065263748169,2.5e-05,-0.3022168278694153,-0.3268284797668457,-0.2193394899368286,-0.21898101270198822,-0.21933108568191528,0.3184416890144348,-0.33038532733917236,-0.33318570256233215,-0.1922014057636261,-0.2209734320640564,-0.23829638957977295,0.01837417483329773,0.019102541729807854,0.01798621006309986,0.02065473049879074
173,1720,1729,10,10,7081,7081,0,0.0,7081,0,0.0,0,53.34523700000136,31.280526199829183,2.9662952000071527,11.328322999601369,67.66757489999873,58.514465442315654,quality,not_promoted,-0.0002099379502773822,0.010971144350601657,0.16985112462226334,0.003577122619996468,1.8225131276955614e-05,0.0,0.9999743506715104,0.23534598427212183,0.12162162162162163,1.0291868448257446,1.6332753896713257,0.24165745079517365,-0.010449648834764957,0.10676883161067963,1.6437249183654785,0.2029942274093628,0.8047960996627808,2.5e-05,-0.30222415924072266,-0.3268166780471802,-0.2193315476179123,-0.21897311508655548,-0.21932369470596313,0.3184336721897125,-0.3304114043712616,-0.33318525552749634,-0.1922036111354828,-0.22099153697490692,-0.23832382261753082,0.018374063074588776,0.01909913681447506,0.01798621006309986,0.020657455548644066
174,1730,1739,10,10,2171,2171,0,0.0,2171,0,0.0,0,10.178236699997797,7.291328799823532,2.262088899995433,1.8140984001220204,20.577132299993536,70.58930100954444,quality,not_promoted,-0.00011956936898915207,8.508777152789716e-05,0.5202500973554218,-0.005279525600866798,0.0005632866326349732,0.0034661640084403403,1.000817531171967,0.20821970164337578,0.04411764705882353,1.040810227394104,1.5411542654037476,0.2603732943534851,-0.0032017037738114595,0.01037807296961546,1.5443559885025024,0.2560206949710846,0.9984112977981567,2.5e-05,-0.30234774947166443,-0.3268823027610779,-0.21939456462860107,-0.21902033686637878,-0.21937808394432068,0.31856569647789,-0.3304843008518219,-0.33323806524276733,-0.19205713272094727,-0.2210342288017273,-0.23853757977485657,0.01837116852402687,0.019103247672319412,0.01798621006309986,0.020678168162703514
175,1740,1749,10,10,2536,2536,0,0.0,2536,0,0.0,0,11.87158819999604,8.87808760003827,2.2158796999865444,2.111472899938235,25.59925359999761,67.67929083462518,quality,promoted,0.0011058565694838762,4.7629628716094886e-05,0.5616734780371189,-0.004487063505803235,0.000800580619215907,0.00703125,1.0002423375844955,0.3050953112542629,0.1625,1.514052152633667,1.5815802812576294,0.27049240469932556,-0.003195987083017826,0.007332688197493553,1.5847761631011963,0.2692684233188629,0.9992651343345642,2.5e-05,-0.30238983035087585,-0.32686373591423035,-0.2193935215473175,-0.2190190702676773,-0.21935485303401947,0.3185883164405823,-0.3305648863315582,-0.33335113525390625,-0.19195950031280518,-0.22106122970581055,-0.23873643577098846,0.018369389697909355,0.019100919365882874,0.01798621006309986,0.02068861946463585
176,1750,1759,10,10,2575,2575,0,0.0,2575,0,0.0,0,12.088527100000647,9.223771900054999,1.709319699992193,2.188602100170101,26.772758300008718,66.26131826301813,quality,not_promoted,0.003808581872229896,6.1319338606043e-05,0.5826060524800929,-0.0019868183540316616,0.0011658416388610664,0.014672256097560975,0.9998223926962876,0.26059629422862357,0.10975609756097561,0.7764030694961548,1.5987497568130493,0.25246164202690125,-0.0027252405416220427,0.00849097315222025,1.6014748811721802,0.2507852613925934,0.9988688230514526,2.5e-05,-0.3022386431694031,-0.32691851258277893,-0.21942998468875885,-0.2190576046705246,-0.21936729550361633,0.31849756836891174,-0.3308275640010834,-0.33361926674842834,-0.19188828766345978,-0.22123101353645325,-0.23901130259037018,0.018372710794210434,0.019093381240963936,0.01798621006309986,0.020708436146378517
177,1760,1769,10,10,2650,2650,0,0.0,2650,0,0.0,0,11.93297039999743,9.026005399922724,2.6678663000056986,2.17829320038436,26.32394899999781,69.26851512253047,quality,not_promoted,0.0013931576561714923,5.600396889349213e-05,0.5305800320846694,-0.0038846405999114117,0.00037456680404700037,0.0,1.000204542563075,0.28522770905068945,0.13095238095238096,1.157845377922058,1.6129902601242065,0.2548796534538269,-0.003787882858887315,0.007909166626632214,1.6167782545089722,0.256427526473999,0.9990370869636536,2.5e-05,-0.3022845685482025,-0.3269285559654236,-0.21943731606006622,-0.2190648913383484,-0.21937759220600128,0.31853535771369934,-0.3310682773590088,-0.33383888006210327,-0.19181901216506958,-0.2213788777589798,-0.23921877145767212,0.018374957144260406,0.019092464819550514,0.01798621006309986,0.02072920836508274
178,1770,1779,10,10,2325,2325,0,0.0,2325,0,0.0,0,11.27229960000841,8.218482499854872,2.3936491000058595,1.8901831003895495,23.711072099991725,66.46014626428908,quality,not_promoted,-0.0011592934386351623,0.00953466104102837,0.5533551678464219,-0.0019255143722418594,0.000290158243277236,0.0,0.9999226291437406,0.22028473427368178,0.04054054054054054,0.6262696385383606,1.526371955871582,0.32027846574783325,-0.016817715018987656,0.10571475327014923,1.543189525604248,0.2771594822406769,0.8910528421401978,2.5e-05,-0.3023645877838135,-0.32697492837905884,-0.21948179602622986,-0.21909959614276886,-0.21941709518432617,0.31867092847824097,-0.3310309052467346,-0.33383291959762573,-0.19181205332279205,-0.2213466763496399,-0.2392323762178421,0.01837892271578312,0.01909877173602581,0.01798621006309986,0.020729295909404755
179,1780,1789,10,10,2804,2804,0,0.0,2804,0,0.0,0,19.365386700010276,9.865520399762318,8.201481599971885,2.3497492997412337,26.44752050000534,61.205458709659105,quality,not_promoted,-4.860376727513292e-05,0.00026670887448496865,0.5200008526444435,-0.005115257549649951,0.0005964476873817727,0.0001775568181818182,0.9994840649041262,0.21108992893079465,0.03409090909090909,2.0358283519744873,1.539768099784851,0.28051939606666565,-0.0022394899278879166,0.021065637469291687,1.5420076847076416,0.2884325087070465,0.9943607449531555,2.5e-05,-0.30234459042549133,-0.3270275592803955,-0.2195226401090622,-0.219136044383049,-0.21945887804031372,0.31871485710144043,-0.33109840750694275,-0.33396589756011963,-0.19176314771175385,-0.22138966619968414,-0.2394106090068817,0.018383121117949486,0.019106414169073105,0.01798621006309986,0.020742973312735558
180,1790,1799,10,10,2478,2478,0,0.0,2478,0,0.0,0,11.149243500010925,8.466289899937692,1.6797635000402806,1.8249984992435202,22.265755299988086,74.15831479844535,quality,not_promoted,-0.00044181295789969276,0.00012106303760307268,0.5094980345322535,-0.005476260638365952,4.3073133068761446e-05,0.0,1.0000003622128413,0.22734525226629698,0.0641025641025641,0.7640831470489502,1.566278100013733,0.2702212929725647,-0.0024060287978500128,0.013298958539962769,1.5686841011047363,0.27514374256134033,0.9975779056549072,2.5e-05,-0.30245664715766907,-0.3271189033985138,-0.2195890247821808,-0.21920357644557953,-0.21952679753303528,0.31883034110069275,-0.3311268389225006,-0.3340723514556885,-0.19172705709934235,-0.2214449793100357,-0.23952628672122955,0.018385276198387146,0.019118372350931168,0.01798621006309986,0.020752549171447754
181,1800,1809,10,10,2607,2607,0,0.0,2607,0,0.0,0,12.469950200000312,9.202929899925948,1.7820496999920579,2.1001917002286064,24.120148300004075,71.24878332862885,quality,not_promoted,0.0006240793651469597,0.00017163097081498651,0.46471578209865383,-0.003937262771991876,6.685146217932925e-05,0.0,0.999902688875431,0.22751049438446033,0.0975609756097561,0.9397067427635193,1.5525550842285156,0.27316606044769287,-0.0019797852728515863,0.015171228908002377,1.554534912109375,0.2779123783111572,0.9969154596328735,2.5e-05,-0.3024389147758484,-0.32715916633605957,-0.21964031457901,-0.2192315012216568,-0.21956101059913635,0.3188719153404236,-0.33124810457229614,-0.3341979682445526,-0.1917198896408081,-0.2215297371149063,-0.23967547714710236,0.01838044449687004,0.019121674820780754,0.01798621006309986,0.02076491340994835
182,1810,1819,10,10,2740,2740,0,0.0,2740,0,0.0,0,12.964247399999294,9.721995700063417,2.553401000011945,2.0256867000862258,26.458912999994936,69.50229185584017,quality,not_promoted,-0.0011332402720527594,9.779116179595084e-05,0.4720903770175091,-0.005805248048069866,0.000835930070024915,0.003354203952259796,0.999627701764883,0.19190692672029483,0.03488372093023256,0.6336361765861511,1.5201314687728882,0.25359129905700684,-0.0003797357203438878,0.011594397015869617,1.5205111503601074,0.2580142319202423,0.9979096055030823,2.5e-05,-0.302359402179718,-0.3273666203022003,-0.2197393774986267,-0.2193756103515625,-0.21970555186271667,0.31891101598739624,-0.3312716782093048,-0.33419638872146606,-0.19178198277950287,-0.2215317040681839,-0.23983211815357208,0.01838495396077633,0.019131505861878395,0.01798621006309986,0.020778119564056396
183,1820,1829,10,10,2630,2630,0,0.0,2630,0,0.0,0,12.050652899997658,9.281925900286296,1.8138308000052348,1.9700503998465138,25.828749499996775,69.43087359795271,quality,not_promoted,-0.0008568269355843464,6.44210741440821e-05,0.5009948905734789,-0.00583456518749396,0.0005745840965876899,0.0020461309523809525,0.9985347950742358,0.24731440314402184,0.07142857142857142,1.1634896993637085,1.5319305658340454,0.25018078088760376,-0.0006822838331572711,0.009415685199201107,1.532612681388855,0.2543961703777313,0.9985835552215576,2.5e-05,-0.30247265100479126,-0.32737553119659424,-0.2197529822587967,-0.2193833738565445,-0.21971549093723297,0.3190730810165405,-0.3313322961330414,-0.33414337038993835,-0.1917625069618225,-0.22157171368598938,-0.23997905850410461,0.01839102990925312,0.019138053059577942,0.01798621006309986,0.020792631432414055
184,1830,1839,10,10,7384,7384,0,0.0,7384,0,0.0,0,53.25282650000008,32.256130800102255,2.0060809000133304,10.831404199518147,66.30716409999877,61.759790737220676,quality,not_promoted,0.002603455508882501,0.010741862215425124,0.151880098603152,0.006455585286262092,7.4249872906909005e-06,0.0,0.9999552559236,0.2047523743119733,0.05603448275862069,1.6536415815353394,1.6417596340179443,0.2330826222896576,-0.010066365823149681,0.10365531593561172,1.6518257856369019,0.19318179786205292,0.8022286295890808,2.5e-05,-0.30246564745903015,-0.32734304666519165,-0.2197394073009491,-0.21936030685901642,-0.2196938842535019,0.3190552592277527,-0.33131855726242065,-0.3341030180454254,-0.1917162835597992,-0.22155700623989105,-0.2399703562259674,0.018390242010354996,0.01913801208138466,0.01798621006309986,0.020792167633771896
185,1840,1849,10,10,2997,2997,0,0.0,2997,0,0.0,0,15.782801499997731,10.716943900159094,6.4684588000236545,2.124477599936654,29.907527399991523,65.5937497530403,quality,not_promoted,0.0001688076559691987,6.322636526168393e-05,0.4345318789177753,-0.004144897902424031,0.0009195619557508605,0.007050381378924593,0.9993308953782345,0.21464175647719108,0.0425531914893617,0.7402753829956055,1.5959088802337646,0.23786237835884094,-0.0013915549498051405,0.008999538607895374,1.597300410270691,0.23794610798358917,0.9985685348510742,2.5e-05,-0.3025638163089752,-0.32751306891441345,-0.21979644894599915,-0.2194809764623642,-0.21980240941047668,0.3191361129283905,-0.33160749077796936,-0.33452165126800537,-0.19163362681865692,-0.22176438570022583,-0.24030239880084991,0.01839364320039749,0.01913018338382244,0.01798621006309986,0.020808497443795204
186,1850,1859,10,10,2476,2476,0,0.0,2476,0,0.0,0,11.313187300009304,8.585634800154367,1.9121756000240566,1.769322000167449,23.574509099998977,70.97057861347969,quality,not_promoted,-0.0014141593128442764,7.599123007541773e-05,0.42781605017490876,-0.005654323652076225,0.0003325845475326507,0.001201923076923077,0.9997740250367385,0.21058650185855535,0.02564102564102564,2.109212875366211,1.5546622276306152,0.2598711848258972,-0.0009788797469809651,0.0096338652074337,1.5556410551071167,0.26038581132888794,0.9986256957054138,2.5e-05,-0.30254995822906494,-0.32744553685188293,-0.21975290775299072,-0.2194308340549469,-0.21976515650749207,0.3190624713897705,-0.33179229497909546,-0.3346015512943268,-0.19161903858184814,-0.22190062701702118,-0.24043995141983032,0.018389081582427025,0.019121374934911728,0.01798621006309986,0.020820634439587593
187,1860,1869,10,10,2638,2638,0,0.0,2638,0,0.0,0,18.504539000001387,9.10273449982924,8.462639799981844,1.9051586995483376,24.374565199992503,61.52180763142845,quality,not_promoted,0.00013897534725921496,5.951278325526454e-05,0.4299815705134755,-0.004131083415510754,0.0006439295876979097,0.005394345238095238,0.999443402602559,0.19934902561917192,0.023809523809523808,0.6892520785331726,1.5803452730178833,0.2620459198951721,-0.0003501409955788404,0.008267748169600964,1.5806952714920044,0.2614363729953766,0.9990045428276062,2.5e-05,-0.3023931682109833,-0.32751747965812683,-0.21985287964344025,-0.21948248147964478,-0.21979285776615143,0.3190660774707794,-0.3319491744041443,-0.3348126709461212,-0.19157762825489044,-0.22200444340705872,-0.24069567024707794,0.018386244773864746,0.01912100426852703,0.01798621006309986,0.02083740197122097
188,1870,1879,10,10,2319,2319,0,0.0,2319,0,0.0,0,11.333803899993654,7.96280709990242,2.8511478999862447,1.6895273997652112,21.09063549998973,71.5201262662752,quality,not_promoted,0.00029793740376024634,8.285613069814201e-05,0.4832249001876728,-0.0044928846308156046,8.709360598594365e-05,0.0,0.9996468287867468,0.18395081972955046,0.02702702702702703,0.6821267008781433,1.542689323425293,0.26867198944091797,-6.451105582527816e-05,0.009888904169201851,1.54275381565094,0.2695367634296417,0.9986452460289001,2.5e-05,-0.30227425694465637,-0.32758283615112305,-0.21993550658226013,-0.21949701011180878,-0.2198350429534912,0.31912901997566223,-0.33214378356933594,-0.33501914143562317,-0.1915273517370224,-0.22211313247680664,-0.2408323436975479,0.01838374137878418,0.019125714898109436,0.01798621006309986,0.020852945744991302
189,1880,1889,10,10,2466,2466,0,0.0,2466,0,0.0,0,12.344846300009522,8.399003499944229,3.023300900007598,1.8371365003404208,23.323968700002297,69.13602260123255,quality,not_promoted,0.0001002779612556482,7.269632885417638e-05,0.4581479823742157,-0.0044448532922288925,0.000149343925071522,0.0,1.0002005734504797,0.23892864857155544,0.0641025641025641,2.0118956565856934,1.5050897598266602,0.2617926299571991,0.000491373531986028,0.008963894098997116,1.5045984983444214,0.26238906383514404,0.9988275766372681,2.5e-05,-0.30223479866981506,-0.327710896730423,-0.21994008123874664,-0.21958567202091217,-0.21992287039756775,0.3191682994365692,-0.33237823843955994,-0.33510953187942505,-0.19160331785678864,-0.22226199507713318,-0.24099718034267426,0.018382897600531578,0.01912670210003853,0.01798621006309986,0.020866185426712036
190,1890,1899,10,10,2682,2682,0,0.0,2682,0,0.0,0,13.06765440000163,9.37943749994156,2.8394022000284167,2.0281768003624165,25.00960099999793,70.4357488959152,quality,not_promoted,-0.0001208634071406864,5.538132319045308e-05,0.4746011924885568,-0.004839184716166485,0.0004288063688103908,0.00057727832435852,1.0004575699567795,0.22668345276975915,0.047619047619047616,0.7067212462425232,1.55731201171875,0.2605137228965759,0.0005311186541803181,0.007765575312077999,1.5567805767059326,0.26107245683670044,0.9991114139556885,2.5e-05,-0.302266001701355,-0.32782870531082153,-0.21999770402908325,-0.2196672111749649,-0.22002045810222626,0.31933265924453735,-0.33257821202278137,-0.3353715240955353,-0.1916782557964325,-0.22239936888217926,-0.2412126511335373,0.018383599817752838,0.019130047410726547,0.01798621006309986,0.0208851620554924
191,1900,1909,10,10,3005,3005,0,0.0,3005,0,0.0,0,14.232424999994691,10.642223400005605,3.244678400005796,2.2960052000998985,28.92152960000385,69.63440611304026,quality,not_promoted,-0.0008695316996346128,6.377458521455992e-05,0.4454185204937103,-0.0052918288943437026,0.0014626229209131858,0.006324664273477615,1.0001779452283333,0.22843510324650623,0.06382978723404255,0.6851053237915039,1.507733702659607,0.2488502562046051,0.0008374182507395744,0.008498121052980423,1.5068962574005127,0.25035011768341064,0.9988338351249695,2.5e-05,-0.3022680878639221,-0.3278549909591675,-0.21995630860328674,-0.21968534588813782,-0.22006122767925262,0.31935974955558777,-0.3327750563621521,-0.3356176018714905,-0.19166798889636993,-0.22255198657512665,-0.24143041670322418,0.01838667131960392,0.019120432436466217,0.01798621006309986,0.02090761996805668
192,1910,1919,10,10,2560,2560,0,0.0,2560,0,0.0,0,13.151690099999541,9.385036700041383,1.9713800000172341,2.0283532999892486,24.17838889999257,68.57740643947047,quality,not_promoted,9.010774083435535e-05,5.086307933197531e-05,0.46312839686870577,-0.004515745345270261,7.647430174984038e-05,0.0,0.9999693661928177,0.22749357097782194,0.1,0.8383849263191223,1.5030927658081055,0.25299784541130066,0.0007491768919862807,0.007493823766708374,1.5023436546325684,0.25304749608039856,0.9991226196289062,2.5e-05,-0.3022647500038147,-0.3280276656150818,-0.22001011669635773,-0.21980729699134827,-0.22016717493534088,0.3194838762283325,-0.33281004428863525,-0.33559533953666687,-0.19160224497318268,-0.22260518372058868,-0.24154770374298096,0.018388044089078903,0.019129879772663116,0.01798621006309986,0.02092260867357254
193,1920,1929,10,10,3209,3209,0,0.0,3209,0,0.0,0,16.58834439999191,11.582921399909537,3.0883217999944463,2.3298123997810762,30.71063940000022,67.84500938898678,quality,not_promoted,-0.00392831513183374,5.131334518071026e-05,0.4253762221219493,-0.008156420238425626,0.00046791662441369135,0.003216911764705882,1.0003647652326846,0.23588915943515068,0.0784313725490196,0.9235420823097229,1.5169949531555176,0.2671322226524353,0.00024292505986522883,0.007363917306065559,1.5167518854141235,0.2674693763256073,0.9992401003837585,2.5e-05,-0.3021383285522461,-0.3280929625034332,-0.22008217871189117,-0.21984843909740448,-0.22024865448474884,0.31948480010032654,-0.33311378955841064,-0.33570483326911926,-0.19156551361083984,-0.2228090614080429,-0.24167874455451965,0.01838979497551918,0.01914392225444317,0.01798621006309986,0.020932303741574287
194,1930,1939,10,10,2549,2549,0,0.0,2549,0,0.0,0,11.874018400005298,8.89805289990909,2.2070486999873538,1.9492863998893881,24.023693399998592,71.007311390798,quality,not_promoted,0.00010415810393169523,6.388881606653741e-05,0.4976512290537357,-0.0048404090979602184,0.0004550878371446743,0.004182635620236397,1.0005863778293134,0.2049344544298947,0.0375,0.564696192741394,1.5580813884735107,0.26073598861694336,0.0011098396498709917,0.008371998555958271,1.5569714307785034,0.261452317237854,0.9989690184593201,2.5e-05,-0.30214178562164307,-0.32831206917762756,-0.22020107507705688,-0.22000683844089508,-0.22041934728622437,0.3196728229522705,-0.3331927955150604,-0.3357155919075012,-0.19155414402484894,-0.22285829484462738,-0.24180254340171814,0.01839335449039936,0.019153818488121033,0.01798621006309986,0.020942430943250656
195,1940,1949,10,10,2774,2774,0,0.0,2774,0,0.0,0,14.03029319999041,10.034767000106513,2.0523815999913495,2.1992644000274595,25.264848699996946,70.59396825847554,quality,not_promoted,-0.00049134412124245,4.8497932911314735e-05,0.4464998319745064,-0.004932093291162429,0.000197195122299573,0.0005165289410135963,0.99996298619292,0.24703966089608995,0.09090909090909091,0.8337354063987732,1.5797468423843384,0.26366424560546875,0.0010534583125263453,0.007411395665258169,1.5786933898925781,0.26378515362739563,0.9992098808288574,2.5e-05,-0.30206963419914246,-0.32841524481773376,-0.22020933032035828,-0.2200918048620224,-0.22051341831684113,0.31970611214637756,-0.33343297243118286,-0.3358553349971771,-0.1915348321199417,-0.22302956879138947,-0.24194572865962982,0.018393587321043015,0.01916315406560898,0.01798621006309986,0.020955732092261314
196,1950,1959,10,10,2519,2519,0,0.0,2519,0,0.0,0,11.8837627999892,9.024131899815984,1.9675946999777807,2.010038599721156,24.20793180000328,69.79445071555396,quality,not_promoted,-0.002158416260499507,5.9228298323432685e-05,0.5585013270378113,-0.007713814597809687,0.0005760910434673861,0.00625,0.9997244715690613,0.29934747982770205,0.0625,0.813279390335083,1.551226019859314,0.2455008327960968,0.0011532393982633948,0.008117951452732086,1.5500729084014893,0.24430057406425476,0.9989065527915955,2.5e-05,-0.30210599303245544,-0.32847651839256287,-0.2202625870704651,-0.2201393097639084,-0.2205551266670227,0.31980806589126587,-0.3335016071796417,-0.33596909046173096,-0.19146037101745605,-0.22311079502105713,-0.24205102026462555,0.018394710496068,0.01916302554309368,0.01798621006309986,0.020968444645404816
197,1960,1969,10,10,2786,2786,0,0.0,2786,0,0.0,0,17.170778500003507,9.818048999921302,7.417448399981367,2.4160593002306996,26.827617899994948,63.320489562208174,quality,not_promoted,-0.0019813661241311242,6.282782524894256e-05,0.5051379386674274,-0.007001331300919198,0.0006601950307495744,0.0001775568181818182,0.9995539181611754,0.2740996939299459,0.13636363636363635,0.8984083533287048,1.5325324535369873,0.2401396781206131,0.0006454870454035699,0.008306014351546764,1.5318869352340698,0.2394314408302307,0.9988036751747131,2.5e-05,-0.302158921957016,-0.32870370149612427,-0.22039303183555603,-0.22029639780521393,-0.22071437537670135,0.3199094831943512,-0.33377310633659363,-0.33624371886253357,-0.19148331880569458,-0.2233016937971115,-0.24224147200584412,0.018395032733678818,0.019173622131347656,0.01798621006309986,0.020981591194868088
198,1970,1979,10,10,2587,2587,0,0.0,2587,0,0.0,0,12.31970839999849,9.244013599934988,1.7478081000008387,2.0878534991206834,25.67812359999516,68.08283167314472,quality,not_promoted,-0.003137126621767515,5.0899423091855504e-05,0.5435548192117272,-0.008547223891449593,0.00016308965611487356,0.0,1.0000898183845892,0.24430772153342642,0.06097560975609756,0.875912070274353,1.5334889888763428,0.24654585123062134,0.0006796120433136821,0.0073822480626404285,1.5328092575073242,0.24654260277748108,0.9991034269332886,2.5e-05,-0.30208197236061096,-0.32869550585746765,-0.22039459645748138,-0.22029118239879608,-0.22068925201892853,0.3198370337486267,-0.3339172303676605,-0.3362470865249634,-0.19148345291614532,-0.2233869582414627,-0.2423727959394455,0.018395163118839264,0.019177136942744255,0.01798621006309986,0.020997915416955948
199,1980,1989,10,10,2258,2258,0,0.0,2258,0,0.0,0,10.15820019999228,7.783404699948733,1.5185513999895193,1.8842115998704685,21.029341800007387,72.40070410165778,quality,not_promoted,2.7394737116992474e-05,4.6603919069336065e-05,0.5433824683229128,-0.005383127685894983,0.00012118660379201174,0.0,1.0002109126912222,0.2599286162811849,0.06944444444444445,1.1327269077301025,1.5080819129943848,0.26855698227882385,-9.527398651698604e-05,0.007186222355812788,1.5081770420074463,0.26862484216690063,0.9992839694023132,2.5e-05,-0.30200597643852234,-0.3288617432117462,-0.22055841982364655,-0.22042237222194672,-0.22080010175704956,0.31992724537849426,-0.33398905396461487,-0.3363364040851593,-0.19145996868610382,-0.22345778346061707,-0.24251285195350647,0.01839640364050865,0.019192736595869064,0.01798621006309986,0.02100938744843006
200,1990,1999,10,10,2678,2678,0,0.0,2678,0,0.0,0,12.603263299999526,9.473804099834524,2.159950099987327,2.2416096999513684,26.544942199994694,68.40671151581637,quality,not_promoted,-0.00020995167350130423,5.300421313828944e-05,0.551667605127607,-0.00570012519823476,0.001110827559993292,0.0033482142857142855,0.9987940589586893,0.2564314923559626,0.07142857142857142,0.8018509745597839,1.5681021213531494,0.2496362179517746,-1.8326811186852865e-05,0.007672284729778767,1.5681203603744507,0.24982577562332153,0.9990554451942444,2.5e-05,-0.3019489645957947,-0.3288736939430237,-0.22053834795951843,-0.22043466567993164,-0.22081781923770905,0.31987056136131287,-0.3342292010784149,-0.3365730047225952,-0.19142678380012512,-0.22367025911808014,-0.24281661212444305,0.018401319161057472,0.019210027530789375,0.01798621006309986,0.02103421464562416
