update_id,episode_start,episode_end,episode_count,parallel_envs,transition_count,environment_step_count,forced_action_count,forced_action_ratio,worker_step_command_count,worker_local_physical_forced_action_count,worker_local_physical_forced_share,estimated_worker_step_round_trips_avoided,sampling_wall_time_seconds,policy_inference_time_seconds,generation_time_seconds,environment_step_time_seconds,ppo_update_time_seconds,transitions_per_second,reward_phase,preference_stage,candidate_status,policy_loss,value_loss,entropy,loss,approx_kl,clip_fraction,ratio_mean,gradient_norm,gradient_clipped_fraction,counterfactual_loss,counterfactual_eligible_count,counterfactual_high_flow_commit_flip_count,counterfactual_high_flow_commit_flip_rate,counterfactual_state_scale_mean,counterfactual_state_scale_max,counterfactual_low_flow_identity_violation_count,counterfactual_monotonicity_violation_count,counterfactual_flow_cost_flip_count,counterfactual_flow_variance_flip_count,counterfactual_coefficient_mean,canonical_teacher_kl,gradient_norm_max,return_mean,return_std,advantage_mean,advantage_std,value_prediction_mean,value_prediction_std,pre_update_explained_variance,learning_rate,policy_head_weight_production_processing_time_norm,policy_head_weight_production_reconfiguration_time_norm,policy_head_weight_production_fixed_reconfiguration_cost_norm,policy_head_weight_production_estimated_labor_cost_norm,policy_head_weight_production_estimated_downtime_cost_norm,policy_head_weight_production_horizon_slack_norm,policy_head_weight_worker_stage_duration_norm,policy_head_weight_worker_projected_fatigue_ratio,policy_head_weight_worker_incremental_labor_cost_norm,policy_head_weight_worker_incremental_downtime_cost_norm,policy_head_weight_worker_incremental_load_variance_norm,policy_head_gate_production_common,policy_head_gate_production_residual,policy_head_gate_worker_common,policy_head_gate_worker_residual,policy_head_centered_production_pair_scale,policy_head_centered_worker_variance_scale,policy_head_centered_stage_index,counterfactual_constraint_status
1,0,9,10,10,1994,1994,0,0.0,1994,0,0.0,0,10.525736499985214,7.736720399669139,2.5869250999821816,2.645080100483028,31.914077099994756,46.9841837382844,feasibility,gate,not_applicable,-0.008214765068260022,0.00028669920220636413,0.533280823379755,-0.013390991269261576,6.6337801598592705e-06,0.0,0.9999790200963616,0.04193630103691248,0.0,0.0001323218280402036,64.0,0.0,0.0,0.0,0.0,0.0,0.0,0.0,0.0,0.009023816192893719,0.0,0.14214026927947998,1.5177236795425415,0.27834075689315796,0.013675936497747898,0.009852454997599125,1.5040476322174072,0.2746807038784027,0.9987470507621765,0.0001,-0.3020574450492859,-0.32005712389945984,-0.21326029300689697,-0.21406029164791107,-0.21360446512699127,0.3149941861629486,-0.32070186734199524,-0.32415035367012024,-0.1943478286266327,-0.21488246321678162,-0.2251509726047516,0.01835443265736103,0.13085128366947174,0.01798621006309986,0.12828756868839264,0.0,0.0,0.0,constraint_active
2,10,19,10,10,1755,1755,0,0.0,1755,0,0.0,0,8.678801900008693,6.724732200091239,2.03950669997721,2.4424673001631163,27.33147309999913,48.7360899076616,feasibility,gate,feasibility_best,-0.0008828072542590755,0.0003110193494129427,0.5019635542162827,-0.005746521093117606,2.3242288249569754e-07,0.0,1.0000080945236343,0.037910678556987217,0.0,4.117514964668041e-06,64.0,0.0,0.0,0.0,0.0,0.0,0.0,0.0,0.0,0.01053536861270134,0.0,0.11246287822723389,1.443697452545166,0.2776602804660797,0.013213129714131355,0.01160771120339632,1.4304842948913574,0.27648958563804626,0.9982523322105408,0.0001,-0.3020574450492859,-0.32005712389945984,-0.21326029300689697,-0.21406029164791107,-0.21360446512699127,0.3149941861629486,-0.32070186734199524,-0.32415035367012024,-0.1943478286266327,-0.21488246321678162,-0.2251509726047516,0.01835443265736103,0.13085128366947174,0.01798621006309986,0.12828756868839264,0.0,0.0,0.0,constraint_active
3,20,29,10,10,2107,2107,0,0.0,2107,0,0.0,0,10.691482499998529,8.179745299887145,2.1037337000016123,2.7527717002958525,32.87539820000529,48.36242499224451,feasibility,gate,not_applicable,1.7564701424403623e-05,0.00039387861210288423,0.5373987862558076,-0.005156208363945497,1.442948603431143e-06,0.0,0.9999971452987555,0.04300832967132782,0.0,3.2756701150714036e-05,64.0,0.0,0.0,0.0,0.0,0.0,0.0,0.0,0.0,0.009327016523898099,0.0,0.11679486930370331,1.4784998893737793,0.2770015001296997,0.014692039228975773,0.013344538398087025,1.4638078212738037,0.27695780992507935,0.9976791739463806,0.0001,-0.3020574450492859,-0.32005712389945984,-0.21326029300689697,-0.21406029164791107,-0.21360446512699127,0.3149941861629486,-0.32070186734199524,-0.32415035367012024,-0.1943478286266327,-0.21488246321678162,-0.2251509726047516,0.01835443265736103,0.13085128366947174,0.01798621006309986,0.12828756868839264,0.0,0.0,0.0,constraint_active
4,30,39,10,10,2254,2254,0,0.0,2254,0,0.0,0,11.626508000015747,8.948004000034416,2.4475805000402033,3.1455385991139337,36.29998410001281,47.03035630681297,feasibility,gate,not_applicable,-0.0030294062453322113,0.000296364879735241,0.5580831724736426,-0.008458119047443487,1.3757232824534387e-06,0.0,1.0000238426857524,0.049989334721532136,0.0,3.935960350061792e-05,64.0,0.0,0.0,0.0,0.0,0.0,0.0,0.0,0.0,0.008605652482300583,0.0,0.22882074117660522,1.526321530342102,0.2746866047382355,0.013652407564222813,0.010512417182326317,1.5126689672470093,0.27270516753196716,0.9985353350639343,0.0001,-0.3020574450492859,-0.32005712389945984,-0.21326029300689697,-0.21406029164791107,-0.21360446512699127,0.3149941861629486,-0.32070186734199524,-0.32415035367012024,-0.1943478286266327,-0.21488246321678162,-0.2251509726047516,0.01835443265736103,0.13085128366947174,0.01798621006309986,0.12828756868839264,0.0,0.0,0.0,constraint_active
5,40,49,10,10,2263,2263,0,0.0,2263,0,0.0,0,11.970423999999184,8.94173099991167,3.2410732999560423,3.073179799481295,35.67502819999936,47.49666328069962,feasibility,gate,not_applicable,-0.002368209210948812,0.00031390419866915583,0.5259631992214255,-0.007460836254621326,1.6557529091995902e-06,0.0,0.9999762185745769,0.07130285678431392,0.0,0.00010051989101395659,64.0,0.0,0.0,0.0,0.0,0.0,0.0,0.0,0.0,0.010450125322677195,0.0,0.24047218263149261,1.5342518091201782,0.2723320722579956,0.014066418632864952,0.010748193599283695,1.5201853513717651,0.2704797089099884,0.9984423518180847,0.0001,-0.3020574450492859,-0.32005712389945984,-0.21326029300689697,-0.21406029164791107,-0.21360446512699127,0.3149941861629486,-0.32070186734199524,-0.32415035367012024,-0.1943478286266327,-0.21488246321678162,-0.2251509726047516,0.01835443265736103,0.13085128366947174,0.01798621006309986,0.12828756868839264,0.0,0.0,0.0,constraint_active
6,50,59,10,10,2112,2112,0,0.0,2112,0,0.0,0,10.408555100002559,8.072266599891009,2.4047202999936417,2.712635899661109,32.735719299991615,48.952034293576745,feasibility,gate,phase_transition,-4.92419172642809e-05,0.0002906173330936299,0.5428378780682882,-0.005277639787615926,8.387970879222407e-07,0.0,0.9999752234328877,0.05732705987369021,0.0,0.0005467284967325571,64.0,0.0,0.0,0.0,0.0,0.0,0.0,0.0,0.0,0.009311236737465317,0.0,0.1896549016237259,1.486049771308899,0.2792019546031952,0.01340560708194971,0.010531244799494743,1.4726440906524658,0.2771151661872864,0.9985772967338562,0.0001,-0.3020574450492859,-0.32005712389945984,-0.21326029300689697,-0.21406029164791107,-0.21360446512699127,0.3149941861629486,-0.32070186734199524,-0.32415035367012024,-0.1943478286266327,-0.21488246321678162,-0.2251509726047516,0.01835443265736103,0.13085128366947174,0.01798621006309986,0.12828756868839264,0.0,0.0,0.0,constraint_active
7,60,69,10,10,2162,2162,0,0.0,2162,0,0.0,0,11.64304809999885,8.480456799879903,2.781357000058051,2.9812025996798184,34.34373510000296,47.01350800288016,quality,gate,pending,-4.547858535421683e-05,0.0002743713761019,0.5574907432584202,-0.005473780836088254,9.247013361560034e-06,0.0,1.0000528044560377,0.05252413354430567,0.0,9.419860113430859e-05,64.0,0.0,0.0,0.0,0.0,0.0,0.0,0.0,0.0,0.013724895632442306,0.0,0.17793655395507812,1.4747694730758667,0.27298861742019653,0.003389730118215084,0.016222530975937843,1.4713797569274902,0.2778095602989197,0.9964686036109924,0.0001,-0.3020574450492859,-0.32005712389945984,-0.21326029300689697,-0.21406029164791107,-0.21360446512699127,0.3149941861629486,-0.32070186734199524,-0.32415035367012024,-0.1943478286266327,-0.21488246321678162,-0.2251509726047516,0.01835443265736103,0.13085128366947174,0.01798621006309986,0.12828756868839264,0.0,0.0,0.0,constraint_active
8,70,79,10,10,1884,1884,0,0.0,1884,0,0.0,0,9.64217340000323,7.168097199843032,2.1897898000024725,2.579228299873648,29.085410100000445,48.64749694490546,quality,gate,pending,0.00316234032313029,0.00016143725163904796,0.5376707732677459,-0.002133648788246016,8.668351373823194e-06,0.0,0.9999744226535161,0.049974584206938746,0.0,0.0,64.0,0.0,0.0,0.0,0.0,0.0,0.0,0.0,0.0,0.026912499343355496,0.0,0.21356435120105743,1.484813928604126,0.2720485031604767,0.0005858730291947722,0.01266996655613184,1.4842280149459839,0.2742115557193756,0.9978309869766235,0.0001,-0.3020574450492859,-0.32005712389945984,-0.21326029300689697,-0.21406029164791107,-0.21360446512699127,0.3149941861629486,-0.32070186734199524,-0.32415035367012024,-0.1943478286266327,-0.21488246321678162,-0.2251509726047516,0.01835443265736103,0.13085128366947174,0.01798621006309986,0.12828756868839264,0.0,0.0,0.0,constraint_satisfied
9,80,89,10,10,2015,2015,0,0.0,2015,0,0.0,0,10.292235500004608,7.759996300155763,2.363970900012646,2.760911700403085,32.02999769998132,47.61090915213496,quality,gate,pending,-0.00039726236718706787,0.00025218169093932374,0.5464764442294836,-0.0057359351485501975,5.057149649045911e-07,0.0,1.0000108517706394,0.056434581958455965,0.0,0.0,64.0,0.0,0.0,0.0,0.0,0.0,0.0,0.0,0.0,0.03349893965059891,0.0,0.2524471879005432,1.4662855863571167,0.27810895442962646,0.0039338162168860435,0.015335110947489738,1.46235191822052,0.2823692560195923,0.9969595074653625,0.0001,-0.3020574450492859,-0.32005712389945984,-0.21326029300689697,-0.21406029164791107,-0.21360446512699127,0.3149941861629486,-0.32070186734199524,-0.32415035367012024,-0.1943478286266327,-0.21488246321678162,-0.2251509726047516,0.01835443265736103,0.13085128366947174,0.01798621006309986,0.12828756868839264,0.0,0.0,0.0,constraint_satisfied
10,90,99,10,10,1959,1959,0,0.0,1959,0,0.0,0,9.708677499991609,7.5471530999056995,2.0814530999632552,2.633054399804678,30.773248299985426,48.39196656995778,quality,gate,pending,0.0007039536872217732,0.0001784591580461335,0.553984294495275,-0.004746658757569328,2.875250460889337e-06,0.0,0.9999407577899194,0.04272444588282416,0.0,0.0,64.0,0.0,0.0,0.0,0.0,0.0,0.0,0.0,0.0,0.04011657389421617,0.0,0.1312209814786911,1.440319299697876,0.2680923044681549,-0.0006691282032988966,0.013371105305850506,1.440988302230835,0.2711578607559204,0.9975124597549438,0.0001,-0.3020574450492859,-0.32005712389945984,-0.21326029300689697,-0.21406029164791107,-0.21360446512699127,0.3149941861629486,-0.32070186734199524,-0.32415035367012024,-0.1943478286266327,-0.21488246321678162,-0.2251509726047516,0.01835443265736103,0.13085128366947174,0.01798621006309986,0.12828756868839264,0.0,0.0,0.0,constraint_satisfied
11,100,109,10,10,2081,2081,0,0.0,2081,0,0.0,0,11.007122700015316,7.956798099883599,2.9975386000296567,2.8892384003847837,32.65016540000215,47.66672623440317,quality,gate,pending,0.0011004285576442878,0.00023506387482153843,0.5499614251382423,-0.004281654396574154,3.46811890839297e-06,0.0,1.000047373049187,0.07227098020358068,0.0,0.0,64.0,0.0,0.0,0.0,0.0,0.0,0.0,0.0,0.0,0.047224939433914245,0.0,0.1752428412437439,1.4796746969223022,0.27913275361061096,0.0032263118773698807,0.014981520362198353,1.4764484167099,0.28250420093536377,0.9971193671226501,0.0001,-0.3020574450492859,-0.32005712389945984,-0.21326029300689697,-0.21406029164791107,-0.21360446512699127,0.3149941861629486,-0.32070186734199524,-0.32415035367012024,-0.1943478286266327,-0.21488246321678162,-0.2251509726047516,0.01835443265736103,0.13085128366947174,0.01798621006309986,0.12828756868839264,0.0,0.0,0.0,constraint_satisfied
12,110,119,10,10,2353,2353,0,0.0,2353,0,0.0,0,12.059886000002734,9.118285199743696,2.8436350999982096,3.2676496996718924,37.44945010001538,47.526389674191954,quality,gate,pending,0.0005962437119435619,0.00013641962957351367,0.5619457472820539,-0.004955003906444118,3.9968996687192076e-05,0.0,1.0000375195129498,0.06638185033020941,0.0,0.0,64.0,0.2972972972972973,0.0046452702702702705,0.0,0.0,0.0,0.0,0.0,0.2972972972972973,0.06521700680054524,0.0,0.15016326308250427,1.5395748615264893,0.265847384929657,8.105574670480564e-05,0.01168521773070097,1.5394937992095947,0.2669715881347656,0.9980679750442505,0.0001,-0.3020574450492859,-0.32005712389945984,-0.21326029300689697,-0.21406029164791107,-0.21360446512699127,0.3149941861629486,-0.32070186734199524,-0.32415035367012024,-0.1943478286266327,-0.21488246321678162,-0.2251509726047516,0.01835443265736103,0.13085128366947174,0.01798621006309986,0.12828756868839264,0.0,0.0,0.0,constraint_satisfied
13,120,129,10,10,2208,2208,0,0.0,2208,0,0.0,0,11.12544559998787,8.569513899943558,2.332098299957579,3.048817699251231,35.15570140001364,47.70841137536907,quality,gate,pending,-0.0004947155181850705,0.00018750480085145683,0.5328384642090116,-0.005729347986302206,8.093186521104404e-06,0.0,1.000072659764971,0.05840019575054092,0.0,0.0,64.0,1.0,0.015625,0.0,0.0,0.0,0.0,0.0,1.0,0.084119863063097,0.0,0.20895546674728394,1.498610019683838,0.27517223358154297,0.001397889107465744,0.013651343993842602,1.4972120523452759,0.27895835041999817,0.9975388050079346,0.0001,-0.3020574450492859,-0.32005712389945984,-0.21326029300689697,-0.21406029164791107,-0.21360446512699127,0.3149941861629486,-0.32070186734199524,-0.32415035367012024,-0.1943478286266327,-0.21488246321678162,-0.2251509726047516,0.01835443265736103,0.13085128366947174,0.01798621006309986,0.12828756868839264,0.0,0.0,0.0,constraint_satisfied
14,130,139,10,10,2113,2113,0,0.0,2113,0,0.0,0,11.278827400004957,8.01931849992252,3.0298404000059236,2.818038199766306,33.267665899998974,47.43358777468155,quality,gate,pending,0.004509203204446856,0.0002006582871057189,0.4897625551504247,-0.00028809205875458084,3.6860240952056996e-06,0.0,0.9999785502167309,0.052826904910890496,0.0,0.0,64.0,1.0,0.015625,0.0,0.0,0.0,0.0,0.0,1.0,0.0914257753859548,0.0,0.1914636194705963,1.4740790128707886,0.272180438041687,0.0008387145935557783,0.01409590058028698,1.4732402563095093,0.2760399281978607,0.997317910194397,0.0001,-0.3020574450492859,-0.32005712389945984,-0.21326029300689697,-0.21406029164791107,-0.21360446512699127,0.3149941861629486,-0.32070186734199524,-0.32415035367012024,-0.1943478286266327,-0.21488246321678162,-0.2251509726047516,0.01835443265736103,0.13085128366947174,0.01798621006309986,0.12828756868839264,0.0,0.0,0.0,constraint_satisfied
15,140,149,10,10,2003,2003,0,0.0,2003,0,0.0,0,10.11800809999113,7.769963800092228,2.1247325999720488,2.7245347985008266,31.592801599996164,48.02112484526068,quality,gate,pending,-0.0026971151019097306,0.00020745402719057893,0.5304599027149379,-0.007897986673924606,1.6798891735447796e-06,0.0,1.0000202944502234,0.08694683240901213,0.0,0.0,64.0,1.0,0.015625,0.0,0.0,0.0,0.0,0.0,1.0,0.09941893524955958,0.0,0.2543380856513977,1.4857518672943115,0.26731592416763306,0.0012106264475733042,0.014372546225786209,1.4845411777496338,0.2728770673274994,0.9971091747283936,0.0001,-0.3020574450492859,-0.32005712389945984,-0.21326029300689697,-0.21406029164791107,-0.21360446512699127,0.3149941861629486,-0.32070186734199524,-0.32415035367012024,-0.1943478286266327,-0.21488246321678162,-0.2251509726047516,0.01835443265736103,0.13085128366947174,0.01798621006309986,0.12828756868839264,0.0,0.0,0.0,constraint_satisfied
16,150,159,10,10,2270,2270,0,0.0,2270,0,0.0,0,12.485052000003634,8.894706999824848,3.3906457999837585,3.281673599878559,36.611813900002744,46.23513045869808,quality,gate,pending,0.0012260658808776902,0.00017338655440350217,0.5588849840892686,-0.004276090466494982,1.0973772554557905e-05,0.0,1.0001005936000082,0.058494677185080945,0.0,0.0,64.0,0.9305555555555556,0.014539930555555556,0.0,0.0,0.0,0.0,0.0,0.9305555555555556,0.09452246864222819,0.0,0.19542722404003143,1.5067732334136963,0.26988092064857483,0.0026639006100594997,0.012915830127894878,1.5041093826293945,0.27171793580055237,0.9977096319198608,0.0001,-0.3020574450492859,-0.32005712389945984,-0.21326029300689697,-0.21406029164791107,-0.21360446512699127,0.3149941861629486,-0.32070186734199524,-0.32415035367012024,-0.1943478286266327,-0.21488246321678162,-0.2251509726047516,0.01835443265736103,0.13085128366947174,0.01798621006309986,0.12828756868839264,0.0,0.0,0.0,constraint_satisfied
17,160,169,10,10,2086,2086,0,0.0,2086,0,0.0,0,10.955437399999937,7.920834699849365,2.698591399966972,2.8403076995455194,32.48343650001334,48.021502693681995,quality,gate,pending,-0.0012145473650007536,0.00021441591844918685,0.5150775724288189,-0.0062581154616606054,1.916480718908574e-05,0.0,0.9999540511405829,0.059447308162678826,0.0,0.0,64.0,0.5303030303030303,0.008285984848484848,0.0,0.0,0.0,0.0,0.0,0.5303030303030303,0.08689778512625983,0.0,0.17392109334468842,1.4799941778182983,0.2712826430797577,0.001052411855198443,0.014608941972255707,1.4789416790008545,0.27617543935775757,0.9971000552177429,0.0001,-0.3020574450492859,-0.32005712389945984,-0.21326029300689697,-0.21406029164791107,-0.21360446512699127,0.3149941861629486,-0.32070186734199524,-0.32415035367012024,-0.1943478286266327,-0.21488246321678162,-0.2251509726047516,0.01835443265736103,0.13085128366947174,0.01798621006309986,0.12828756868839264,0.0,0.0,0.0,constraint_satisfied
18,170,179,10,10,1901,1901,0,0.0,1901,0,0.0,0,10.739422499987995,7.2830926995084155,2.5500946000393014,2.798808499763254,29.18312450000667,47.61720237940365,quality,gate,pending,0.0002900867722928524,0.00023737935213527332,0.5599039743343989,-0.005190263393645486,2.4190680293637948e-05,0.0,1.0001040091117224,0.09943852295012524,0.0,0.0,64.0,1.0,0.015625,0.0,0.0,0.0,0.0,0.0,1.0,0.11001752925415834,0.0,0.34531429409980774,1.5114718675613403,0.28259462118148804,0.0024112367536872625,0.015203597955405712,1.5090608596801758,0.28391122817993164,0.9971055388450623,0.0001,-0.3020574450492859,-0.32005712389945984,-0.21326029300689697,-0.21406029164791107,-0.21360446512699127,0.3149941861629486,-0.32070186734199524,-0.32415035367012024,-0.1943478286266327,-0.21488246321678162,-0.2251509726047516,0.01835443265736103,0.13085128366947174,0.01798621006309986,0.12828756868839264,0.0,0.0,0.0,constraint_satisfied
19,180,189,10,10,1781,1781,0,0.0,1781,0,0.0,0,8.98768740001833,6.793176399893127,1.926806499977829,2.428793599072378,27.134558800025843,49.30479655492249,quality,gate,pending,-0.00011139845342508384,0.00017167031910503283,0.5496467330626079,-0.005522030646846231,2.8752463297873225e-06,0.0,0.999957049531596,0.07573775947093964,0.0,0.0,64.0,1.0,0.015625,0.0,0.0,0.0,0.0,0.0,1.0,0.11244906791086708,0.0,0.1555061787366867,1.4750666618347168,0.2632029056549072,0.0023228637874126434,0.012893407605588436,1.4727438688278198,0.26513439416885376,0.9976003170013428,0.0001,-0.3020574450492859,-0.32005712389945984,-0.21326029300689697,-0.21406029164791107,-0.21360446512699127,0.3149941861629486,-0.32070186734199524,-0.32415035367012024,-0.1943478286266327,-0.21488246321678162,-0.2251509726047516,0.01835443265736103,0.13085128366947174,0.01798621006309986,0.12828756868839264,0.0,0.0,0.0,constraint_satisfied
20,190,199,10,10,1758,1758,0,0.0,1758,0,0.0,0,8.736897199996747,6.684816899942234,1.9732526000589132,2.4224125006003305,27.130007900006603,49.01454405107944,quality,gate,pending,0.0017523447583828653,0.000205918317598324,0.5567916445434093,-0.00371261262002268,5.435273387937352e-06,0.0,0.9999934849994523,0.07018589597594525,0.0,0.0,64.0,1.0,0.015625,0.0,0.0,0.0,0.0,0.14285714285714285,1.0,0.11244085790323359,0.0,0.192422017455101,1.4461543560028076,0.2754304111003876,0.0007689562044106424,0.014371011406183243,1.445385456085205,0.28062641620635986,0.9972776174545288,0.0001,-0.3020574450492859,-0.32005712389945984,-0.21326029300689697,-0.21406029164791107,-0.21360446512699127,0.3149941861629486,-0.32070186734199524,-0.32415035367012024,-0.1943478286266327,-0.21488246321678162,-0.2251509726047516,0.01835443265736103,0.13085128366947174,0.01798621006309986,0.12828756868839264,0.0,0.0,0.0,constraint_satisfied
21,200,209,10,10,1822,1822,0,0.0,1822,0,0.0,0,9.364211000007344,6.98916409976664,2.081693999993149,2.5141992002609186,27.976477499993052,48.793958365282435,quality,gate,pending,0.0002535880896551856,0.0002087435798251857,0.5312223280298298,-0.004954263078177284,2.8981498464167216e-05,0.0,0.9997163486891779,0.06695178693866935,0.0,0.0,64.0,1.0,0.015625,0.0,0.0,0.0,0.0,0.9655172413793104,1.0,0.13086378895517053,0.0,0.2061987966299057,1.4625338315963745,0.2878560423851013,0.0036354996263980865,0.01399074587970972,1.4588981866836548,0.28804609179496765,0.9976377487182617,0.0001,-0.3020574450492859,-0.32005712389945984,-0.21326029300689697,-0.21406029164791107,-0.21360446512699127,0.3149941861629486,-0.32070186734199524,-0.32415035367012024,-0.1943478286266327,-0.21488246321678162,-0.2251509726047516,0.01835443265736103,0.13085128366947174,0.01798621006309986,0.12828756868839264,0.0,0.0,0.0,constraint_satisfied
22,210,219,10,10,1865,1865,0,0.0,1865,0,0.0,0,10.0272488000046,7.111207000038121,2.538852700032294,2.600767400144832,28.58341599997948,48.30271661110505,quality,gate,pending,-0.011456402041949332,0.00015345406803438284,0.5531213293472926,-0.016910888898807267,1.2759756541906124e-05,0.0,0.9999999463558197,0.0875080064094315,0.0,0.0,64.0,1.8666666666666667,0.029166666666666667,0.0,0.0,0.0,0.0,1.0,1.8666666666666667,0.16016872425874074,0.0,0.35656243562698364,1.50456964969635,0.2888104021549225,0.0004347409412730485,0.012299791909754276,1.5041351318359375,0.2868749797344208,0.9981862902641296,5e-05,-0.3020574450492859,-0.32005712389945984,-0.21326029300689697,-0.21406029164791107,-0.21360446512699127,0.3149941861629486,-0.32070186734199524,-0.32415035367012024,-0.1943478286266327,-0.21488246321678162,-0.2251509726047516,0.01835443265736103,0.13085128366947174,0.01798621006309986,0.12828756868839264,0.0,0.0,0.0,constraint_satisfied
23,220,229,10,10,2304,2304,0,0.0,2304,0,0.0,0,12.090545499988366,8.901783599780174,2.9155686000012793,3.3418036007788032,36.6811669000017,47.240498367255796,quality,gate,pending,-0.00012591447577708296,0.00014577435205056745,0.5543710328638554,-0.005596737542267268,8.434057235717773e-06,0.0,0.999954385889901,0.07972620444424036,0.0,0.0,64.0,3.9722222222222223,0.062065972222222224,0.0,0.0,0.0,0.0,1.0,3.9722222222222223,0.17197030410170555,0.0,0.22613108158111572,1.5153254270553589,0.2694595456123352,-0.00023561902344226837,0.012071404606103897,1.5155609846115112,0.27059733867645264,0.9979931116104126,5e-05,-0.3020574450492859,-0.32005712389945984,-0.21326029300689697,-0.21406029164791107,-0.21360446512699127,0.3149941861629486,-0.32070186734199524,-0.32415035367012024,-0.1943478286266327,-0.21488246321678162,-0.2251509726047516,0.01835443265736103,0.13085128366947174,0.01798621006309986,0.12828756868839264,0.0,0.0,0.0,constraint_satisfied
24,230,239,10,10,1910,1910,0,0.0,1910,0,0.0,0,10.238901300006546,7.3604196998931,2.4367982000112534,2.4734175007324666,29.837304899992887,47.65920183333189,quality,gate,pending,0.0004617496393620968,0.00017883441226634506,0.5796285624305407,-0.00524511830881238,2.932918463708726e-06,0.0,1.0000808318456014,0.05306983757764101,0.0,0.0,64.0,4.0,0.0625,0.0,0.0,0.0,0.0,1.0,4.0,0.18381136109431584,0.0,0.17266201972961426,1.5153075456619263,0.2729455828666687,0.002200897317379713,0.013194040395319462,1.5131064653396606,0.2758607268333435,0.9976633191108704,5e-05,-0.3020574450492859,-0.32005712389945984,-0.21326029300689697,-0.21406029164791107,-0.21360446512699127,0.3149941861629486,-0.32070186734199524,-0.32415035367012024,-0.1943478286266327,-0.21488246321678162,-0.2251509726047516,0.01835443265736103,0.13085128366947174,0.01798621006309986,0.12828756868839264,0.0,0.0,0.0,constraint_satisfied
25,240,249,10,10,1675,1675,0,0.0,1675,0,0.0,0,8.109146500006318,6.135103199980222,1.8642361999955028,2.2567283003008924,25.345867500000168,50.06723356922449,quality,gate,pending,-0.0060680862343697635,0.0001438351430772821,0.5525095465558546,-0.011521264056985578,1.741000153656471e-06,0.0,0.9999556342760721,0.08345323005967119,0.0,0.0,64.0,4.0,0.0625,0.0,0.0,0.0,0.0,1.0,4.0,0.18404240685480613,0.0,0.257049560546875,1.4435408115386963,0.2730415463447571,-8.795937173999846e-05,0.012024089694023132,1.4436289072036743,0.27466925978660583,0.9980607032775879,5e-05,-0.3020574450492859,-0.32005712389945984,-0.21326029300689697,-0.21406029164791107,-0.21360446512699127,0.3149941861629486,-0.32070186734199524,-0.32415035367012024,-0.1943478286266327,-0.21488246321678162,-0.2251509726047516,0.01835443265736103,0.13085128366947174,0.01798621006309986,0.12828756868839264,0.0,0.0,0.0,constraint_satisfied
26,250,259,10,10,2133,2133,0,0.0,2133,0,0.0,0,11.732686999981524,8.314727999852039,3.5068695000372827,2.8781962002976798,33.642135800007964,47.0084480418179,quality,gate,not_promoted,0.0011441478889216395,0.00018540432746008532,0.5188630289014649,-0.003951779470833785,2.8575014559518262e-06,0.0,0.9999948056305156,0.05124527762424858,0.0,0.0,64.0,4.382352941176471,0.06847426470588236,0.0,0.0,0.0,0.0,1.0,4.382352941176471,0.18743977849097812,0.0,0.28825584053993225,1.4958064556121826,0.2688789665699005,0.0010997130302712321,0.013627530075609684,1.4947065114974976,0.27321210503578186,0.9974312782287598,5e-05,-0.3020574450492859,-0.32005712389945984,-0.21326029300689697,-0.21406029164791107,-0.21360446512699127,0.3149941861629486,-0.32070186734199524,-0.32415035367012024,-0.1943478286266327,-0.21488246321678162,-0.2251509726047516,0.01835443265736103,0.13085128366947174,0.01798621006309986,0.12828756868839264,0.0,0.0,0.0,constraint_satisfied
27,260,269,10,10,1941,1941,0,0.0,1941,0,0.0,0,11.432770600018557,7.461748299974715,3.4655713999527507,2.59436180035118,29.822924499982037,47.048049858211506,quality,gate,pending,-0.0019792107444617057,0.00014820700192602442,0.5160226845933545,-0.007065333794021318,6.597606083995478e-06,0.0,0.9999614194516213,0.0745190075869041,0.0,0.0,64.0,5.596774193548387,0.08744959677419355,0.0,0.0,0.0,0.0,1.4516129032258065,5.596774193548387,0.19852516992438224,0.0,0.26188933849334717,1.5159333944320679,0.2695477306842804,-0.0006867694901302457,0.012142091989517212,1.5166199207305908,0.2689083516597748,0.9979708194732666,5e-05,-0.3020574450492859,-0.32005712389945984,-0.21326029300689697,-0.21406029164791107,-0.21360446512699127,0.3149941861629486,-0.32070186734199524,-0.32415035367012024,-0.1943478286266327,-0.21488246321678162,-0.2251509726047516,0.01835443265736103,0.13085128366947174,0.01798621006309986,0.12828756868839264,0.0,0.0,0.0,constraint_satisfied
28,270,279,10,10,1962,1962,0,0.0,1962,0,0.0,0,11.006363699998474,7.494857300043805,2.9780420999159105,2.7164803992782254,30.699702599988086,47.04351606520686,quality,gate,pending,0.0014775192455178307,0.00017057514360790412,0.5702587476661128,-0.004139780495015364,3.5566500928912468e-06,0.0,1.0000048423967054,0.08684731847155959,0.0,0.0,64.0,7.0,0.109375,0.0,0.0,0.0,0.0,2.0,7.0,0.20984416358893918,0.0,0.19680511951446533,1.5000001192092896,0.26638999581336975,-0.0002819565706886351,0.01305085513740778,1.5002822875976562,0.26940232515335083,0.9975998401641846,5e-05,-0.3020574450492859,-0.32005712389945984,-0.21326029300689697,-0.21406029164791107,-0.21360446512699127,0.3149941861629486,-0.32070186734199524,-0.32415035367012024,-0.1943478286266327,-0.21488246321678162,-0.2251509726047516,0.01835443265736103,0.13085128366947174,0.01798621006309986,0.12828756868839264,0.0,0.0,0.0,constraint_satisfied
29,280,289,10,10,2149,2149,0,0.0,2149,0,0.0,0,12.062444400013192,8.384329699736554,3.483598900027573,2.9679632003826555,33.69722639999236,46.962750440060844,quality,gate,pending,0.002410936908905997,0.00013321660994466476,0.5746419815456166,-0.0032688748598208323,1.5642655719549273e-05,0.0,0.9999607196625542,0.08607100807678174,0.0,0.0,64.0,6.647058823529412,0.10386029411764706,0.0,0.0,0.0,0.0,2.1176470588235294,6.647058823529412,0.2080755987588097,0.0,0.22051094472408295,1.5292531251907349,0.2693314850330353,-0.0003923733893316239,0.01154359895735979,1.5296456813812256,0.2698626220226288,0.9981629848480225,5e-05,-0.3020574450492859,-0.32005712389945984,-0.21326029300689697,-0.21406029164791107,-0.21360446512699127,0.3149941861629486,-0.32070186734199524,-0.32415035367012024,-0.1943478286266327,-0.21488246321678162,-0.2251509726047516,0.01835443265736103,0.13085128366947174,0.01798621006309986,0.12828756868839264,0.0,0.0,0.0,constraint_satisfied
30,290,299,10,10,2176,2176,0,0.0,2176,0,0.0,0,11.037369199999375,8.47700790016097,2.300332900020294,3.1805272005149163,34.436100199993234,47.852077897543346,quality,gate,pending,-1.9513700595673392e-05,0.00015853961528645253,0.5724788058330031,-0.005665031713707482,4.474224303575123e-06,0.0,0.9999876180115868,0.07075093303094893,0.0,0.0,64.0,5.0,0.078125,0.0,0.0,0.0,0.0,1.4852941176470589,5.0,0.19428755846970222,0.0,0.16311541199684143,1.49812650680542,0.2675195038318634,9.711751772556454e-05,0.012590877711772919,1.498029351234436,0.27255377173423767,0.9977848529815674,5e-05,-0.3020574450492859,-0.32005712389945984,-0.21326029300689697,-0.21406029164791107,-0.21360446512699127,0.3149941861629486,-0.32070186734199524,-0.32415035367012024,-0.1943478286266327,-0.21488246321678162,-0.2251509726047516,0.01835443265736103,0.13085128366947174,0.01798621006309986,0.12828756868839264,0.0,0.0,0.0,constraint_satisfied
31,300,309,10,10,2036,2036,0,0.0,2036,0,0.0,0,11.073964899987914,8.05053769989172,2.981377500051167,2.9035039010923356,32.55094369998551,46.67058488693866,quality,gate,pending,0.0004525589174591005,0.0002268851535518479,0.5805003275163472,-0.005239001133304555,4.183434963778154e-06,0.0,0.999987673945725,0.09065546849160455,0.0,0.0,64.0,5.609375,0.087646484375,0.0,0.0,0.0,0.0,1.0,5.609375,0.19393913680687547,0.0,0.28492820262908936,1.5004866123199463,0.26798301935195923,0.004594852216541767,0.014359292574226856,1.4958916902542114,0.2709231674671173,0.9971289038658142,5e-05,-0.3020574450492859,-0.32005712389945984,-0.21326029300689697,-0.21406029164791107,-0.21360446512699127,0.3149941861629486,-0.32070186734199524,-0.32415035367012024,-0.1943478286266327,-0.21488246321678162,-0.2251509726047516,0.01835443265736103,0.13085128366947174,0.01798621006309986,0.12828756868839264,0.0,0.0,0.0,constraint_satisfied
32,310,319,10,10,2273,2273,0,0.0,2273,0,0.0,0,12.933285999984946,9.151222100190353,4.469543300016085,3.295207799616037,37.1599930000084,45.3753486570584,quality,gate,pending,-0.000981364049948752,0.0001651505733914544,0.6173703860905435,-0.007072492379746918,2.862262164171625e-06,0.0,0.999991367260615,0.07536084044517742,0.0,0.0,64.0,7.0,0.109375,0.0,0.0,0.0,0.0,1.0,7.0,0.20043497160077095,0.0,0.22656138241291046,1.571282982826233,0.2558809518814087,0.0027955062687397003,0.012560077011585236,1.5684874057769775,0.2567233443260193,0.9975906014442444,5e-05,-0.3020574450492859,-0.32005712389945984,-0.21326029300689697,-0.21406029164791107,-0.21360446512699127,0.3149941861629486,-0.32070186734199524,-0.32415035367012024,-0.1943478286266327,-0.21488246321678162,-0.2251509726047516,0.01835443265736103,0.13085128366947174,0.01798621006309986,0.12828756868839264,0.0,0.0,0.0,constraint_satisfied
33,320,329,10,10,2088,2088,0,0.0,2088,0,0.0,0,11.302034599997569,7.987486099853413,3.203234899934614,2.876080200425349,32.68970869999612,47.46345207920641,quality,gate,pending,0.0003173368785417441,0.00011378754777869096,0.5951050971493577,-0.005576819830545874,4.522921513357274e-06,0.0,1.000067893302802,0.050538680741958546,0.0,0.0,64.0,7.333333333333333,0.11458333333333333,0.0,0.0,0.0,0.0,1.393939393939394,7.333333333333333,0.20679200034249912,0.0,0.16686993837356567,1.5382291078567505,0.27127811312675476,-0.0001857785100582987,0.010640538297593594,1.538414716720581,0.271891325712204,0.9984614849090576,5e-05,-0.3020574450492859,-0.32005712389945984,-0.21326029300689697,-0.21406029164791107,-0.21360446512699127,0.3149941861629486,-0.32070186734199524,-0.32415035367012024,-0.1943478286266327,-0.21488246321678162,-0.2251509726047516,0.01835443265736103,0.13085128366947174,0.01798621006309986,0.12828756868839264,0.0,0.0,0.0,constraint_satisfied
34,330,339,10,10,1904,1904,0,0.0,1904,0,0.0,0,9.607231100002537,7.339103600126691,2.0027139000594616,2.607348200981505,29.76838080000016,48.3548041065457,quality,gate,pending,0.000438946004336079,0.00017786159284393458,0.571349639693896,-0.005185618903487921,5.540386264139367e-07,0.0,0.9999879797299703,0.07621904592961073,0.0,0.0,64.0,8.066666666666666,0.12604166666666666,0.0,0.0,0.0,0.0,2.0,8.066666666666666,0.2176755112906297,0.0,0.2115546613931656,1.4611420631408691,0.2718200385570526,0.001742854481562972,0.013209766708314419,1.4593992233276367,0.2747912108898163,0.9976382851600647,5e-05,-0.3020574450492859,-0.32005712389945984,-0.21326029300689697,-0.21406029164791107,-0.21360446512699127,0.3149941861629486,-0.32070186734199524,-0.32415035367012024,-0.1943478286266327,-0.21488246321678162,-0.2251509726047516,0.01835443265736103,0.13085128366947174,0.01798621006309986,0.12828756868839264,0.0,0.0,0.0,constraint_satisfied
35,340,349,10,10,2102,2102,0,0.0,2102,0,0.0,0,10.738609799998812,8.108199600072112,2.2827216000296175,2.9407523991831113,33.105752900009975,47.942309354164216,quality,gate,pending,0.00031724081120707774,0.0001875506938879632,0.5502504480607582,-0.00509148853069002,7.223471143471684e-06,0.0,1.0000563300017156,0.10819040545064842,0.0,0.0,64.0,8.969696969696969,0.14015151515151514,0.0,0.0,0.0,0.0,2.0,8.969696969696969,0.2224502983418378,0.0,0.2638629376888275,1.464522361755371,0.26686108112335205,0.002000400796532631,0.013554961420595646,1.4625221490859985,0.2680535614490509,0.9974199533462524,5e-05,-0.3020574450492859,-0.32005712389945984,-0.21326029300689697,-0.21406029164791107,-0.21360446512699127,0.3149941861629486,-0.32070186734199524,-0.32415035367012024,-0.1943478286266327,-0.21488246321678162,-0.2251509726047516,0.01835443265736103,0.13085128366947174,0.01798621006309986,0.12828756868839264,0.0,0.0,0.0,constraint_satisfied
36,350,359,10,10,2099,2099,0,0.0,2099,0,0.0,0,10.634356800001115,8.188064999645576,2.190910800040001,2.964849000243703,33.73157880001236,47.31107259686332,quality,gate,pending,-0.0003797082004673553,0.0002118855990181945,0.5788225174853296,-0.006061990865308679,1.9756273462862186e-05,0.0,0.9999856117999915,0.10705363716591489,0.0,0.0,64.0,10.333333333333334,0.16145833333333334,0.0,0.0,0.0,0.0,2.0,10.333333333333334,0.23259449072859503,0.0,0.3259260654449463,1.4896125793457031,0.27091580629348755,0.0026380468625575304,0.014319534413516521,1.4869745969772339,0.2728944420814514,0.9972062110900879,5e-05,-0.3020574450492859,-0.32005712389945984,-0.21326029300689697,-0.21406029164791107,-0.21360446512699127,0.3149941861629486,-0.32070186734199524,-0.32415035367012024,-0.1943478286266327,-0.21488246321678162,-0.2251509726047516,0.01835443265736103,0.13085128366947174,0.01798621006309986,0.12828756868839264,0.0,0.0,0.0,constraint_satisfied
37,360,369,10,10,2197,2197,0,0.0,2197,0,0.0,0,11.417567099997541,8.638266099937027,2.564470999961486,2.9771952992887236,35.04207110000425,47.28835791923828,quality,gate,pending,0.004562467043953283,0.00019412120059964115,0.5283505358866283,-0.0006239767585481916,2.4208114755960453e-07,0.0,1.0000020359243667,0.05970900876979743,0.0,0.0,64.0,11.0,0.171875,0.0,0.0,0.0,0.0,2.0,11.0,0.238272183069161,0.0,0.15819229185581207,1.4926003217697144,0.27102839946746826,0.00041192147182300687,0.013979284092783928,1.4921884536743164,0.27701130509376526,0.99733966588974,2.5e-05,-0.3020574450492859,-0.32005712389945984,-0.21326029300689697,-0.21406029164791107,-0.21360446512699127,0.3149941861629486,-0.32070186734199524,-0.32415035367012024,-0.1943478286266327,-0.21488246321678162,-0.2251509726047516,0.01835443265736103,0.13085128366947174,0.01798621006309986,0.12828756868839264,0.0,0.0,0.0,constraint_satisfied
38,370,379,10,10,2132,2132,0,0.0,2132,0,0.0,0,11.103549499996006,8.258145799976774,3.0916449000651482,3.059943100612145,33.45040540001355,47.85209314829069,quality,gate,pending,-0.0005249024697524659,0.000120226956128403,0.571815269834855,-0.006182941950528938,1.3708602610720658e-06,0.0,1.000016458770808,0.067275665125207,0.0,0.0,64.0,11.897058823529411,0.18589154411764705,0.0,0.0,0.0,0.0,2.0,11.897058823529411,0.24181456491351128,0.0,0.2742755711078644,1.5045528411865234,0.2684072256088257,0.0001404448557877913,0.010980542749166489,1.5044124126434326,0.27041053771972656,0.9983263611793518,2.5e-05,-0.3020574450492859,-0.32005712389945984,-0.21326029300689697,-0.21406029164791107,-0.21360446512699127,0.3149941861629486,-0.32070186734199524,-0.32415035367012024,-0.1943478286266327,-0.21488246321678162,-0.2251509726047516,0.01835443265736103,0.13085128366947174,0.01798621006309986,0.12828756868839264,0.0,0.0,0.0,constraint_satisfied
39,380,389,10,10,1900,1900,0,0.0,1900,0,0.0,0,9.909061299986206,7.376142199820606,2.2746994999761228,2.699584600632079,29.74535310000647,47.913959359852534,quality,gate,pending,0.0025497706374153495,0.00022978199607071777,0.5799667532245318,-0.003135005772734682,1.280829592550011e-06,0.0,0.9999640544255575,0.06993101329232256,0.0,0.0,64.0,12.0,0.1875,0.0,0.0,0.0,0.0,2.0,12.0,0.2453020356595516,0.0,0.19132530689239502,1.4744857549667358,0.27353301644325256,0.0037533307913690805,0.01471509225666523,1.4707324504852295,0.2787872850894928,0.9971059560775757,2.5e-05,-0.3020574450492859,-0.32005712389945984,-0.21326029300689697,-0.21406029164791107,-0.21360446512699127,0.3149941861629486,-0.32070186734199524,-0.32415035367012024,-0.1943478286266327,-0.21488246321678162,-0.2251509726047516,0.01835443265736103,0.13085128366947174,0.01798621006309986,0.12828756868839264,0.0,0.0,0.0,constraint_satisfied
40,390,399,10,10,1830,1830,0,0.0,1830,0,0.0,0,9.08483810001053,6.929022799653467,1.9818371000292245,2.50951470003929,27.773515000008047,49.64953249631432,quality,gate,pending,0.0008702293070482796,0.0002461685232039348,0.5577976194948986,-0.004584662214820755,6.556941965017955e-07,0.0,1.0000121357112095,0.0703022606863544,0.0,0.0,64.0,11.379310344827585,0.17780172413793102,0.0,0.0,0.0,0.0,2.793103448275862,11.379310344827585,0.24516142031242108,0.0,0.17158621549606323,1.479642391204834,0.2715977430343628,0.00119265157263726,0.01567581109702587,1.4784497022628784,0.27661049365997314,0.9966687560081482,2.5e-05,-0.3020574450492859,-0.32005712389945984,-0.21326029300689697,-0.21406029164791107,-0.21360446512699127,0.3149941861629486,-0.32070186734199524,-0.32415035367012024,-0.1943478286266327,-0.21488246321678162,-0.2251509726047516,0.01835443265736103,0.13085128366947174,0.01798621006309986,0.12828756868839264,0.0,0.0,0.0,constraint_satisfied
41,400,409,10,10,1920,1920,0,0.0,1920,0,0.0,0,9.914935900014825,7.443362400197657,2.028005400003167,2.7243444999621715,40.668203300010646,37.95731206810971,quality,production_pair,pending,-7.217794967194399e-05,0.00011608046752371592,0.6063915009299914,-0.0060780092549975965,1.0400544852018356e-06,0.0,1.0000281006097793,0.10306453751400113,0.0,0.0,64.0,11.283333333333333,0.17630208333333333,0.0,0.0,0.0,0.0,3.0,11.283333333333333,0.24740793282787005,8.585047433988062e-07,0.31193438172340393,1.5087971687316895,0.2671758234500885,-0.0009173254366032779,0.010998246259987354,1.5097143650054932,0.2677730619907379,0.9983054399490356,2.5e-05,-0.3021361231803894,-0.32020553946495056,-0.21336594223976135,-0.2141656130552292,-0.21370956301689148,0.31515631079673767,-0.32070186734199524,-0.32415035367012024,-0.1943478286266327,-0.21488246321678162,-0.2251509726047516,0.018353428691625595,0.1309075951576233,0.01798621006309986,0.12828756868839264,0.00018249276035930961,0.0,1.0,constraint_satisfied
42,410,419,10,10,1687,1687,0,0.0,1687,0,0.0,0,8.801471199985826,6.542230000108248,1.9891639999696054,2.3527731995854992,35.53511390002677,38.04984069464386,quality,production_pair,pending,0.003961456042748911,0.00018688108509565978,0.557209770988535,-0.0015170886914280277,6.225164123444907e-07,0.0,1.0000423468925335,0.08433265508049065,0.0,0.0,64.0,11.5,0.1796875,0.0,0.0,0.0,0.0,3.0,11.5,0.24941347980940784,2.2487253027571164e-06,0.19089746475219727,1.4862427711486816,0.2835266888141632,0.0003713957266882062,0.013797435909509659,1.485871434211731,0.2836950719356537,0.997631847858429,2.5e-05,-0.3020896911621094,-0.3202355206012726,-0.2133711725473404,-0.2141852229833603,-0.2137378454208374,0.3151547312736511,-0.32070186734199524,-0.32415035367012024,-0.1943478286266327,-0.21488246321678162,-0.2251509726047516,0.018357614055275917,0.1309303343296051,0.01798621006309986,0.12828756868839264,7.521823135903105e-05,0.0,1.0,constraint_satisfied
43,420,429,10,10,1858,1858,0,0.0,1858,0,0.0,0,9.712735699984478,7.316798300162191,2.1036677000520285,2.5211236991744954,39.1747761000006,38.00561598638299,quality,production_pair,pending,0.01834988590950767,0.00018657353321032132,0.5774816513061524,0.012668523269773383,2.4062270919481914e-07,0.0,1.0000200976928075,0.09348520422354341,0.016666666666666666,0.0,64.0,11.0,0.171875,0.0,0.0,0.0,0.0,3.0,11.0,0.2477064830561479,3.360301241173147e-06,1.2705100774765015,1.4452139139175415,0.2754882276058197,0.001283867284655571,0.014044785872101784,1.4439301490783691,0.2784075438976288,0.9974008798599243,2.5e-05,-0.30214613676071167,-0.3203742802143097,-0.21347220242023468,-0.2142827957868576,-0.2138436734676361,0.31529533863067627,-0.32070186734199524,-0.32415035367012024,-0.1943478286266327,-0.21488246321678162,-0.2251509726047516,0.018364841118454933,0.13101066648960114,0.01798621006309986,0.12828756868839264,0.0,0.0,1.0,constraint_satisfied
44,430,439,10,10,1785,1785,0,0.0,1785,0,0.0,0,8.941058399999747,6.833513099845732,2.2102146999677643,2.48299010010669,36.263706300000194,39.48698797230997,quality,production_pair,pending,-0.0004394001194408962,0.00015974923579571105,0.5339574356164251,-0.00569894520906798,1.1050247962884896e-05,0.0,1.0000425758106368,0.10835635768515724,0.0,0.0,64.0,11.625,0.181640625,0.0,0.0,0.0,0.0,3.0,11.625,0.2517312057316303,3.1011606560176527e-06,0.29386377334594727,1.4750217199325562,0.28093063831329346,0.004316801205277443,0.012797418981790543,1.4707051515579224,0.2836260497570038,0.9979248642921448,2.5e-05,-0.30208733677864075,-0.32038822770118713,-0.2134828418493271,-0.2142854630947113,-0.21387214958667755,0.31531819701194763,-0.32070186734199524,-0.32415035367012024,-0.1943478286266327,-0.21488246321678162,-0.2251509726047516,0.018365489318966866,0.13102462887763977,0.01798621006309986,0.12828756868839264,0.0,0.0,1.0,constraint_satisfied
45,440,449,10,10,1972,1972,0,0.0,1972,0,0.0,0,10.658823800011305,7.7888633999973536,2.3102583000436425,2.6993326996744145,41.23156180002843,38.00318647079951,quality,production_pair,pending,0.0003155491149593746,0.00015197807888691915,0.5167750773891326,-0.0047760874506146194,4.6967429377966784e-07,0.0,1.0000111874072783,0.07007122724767655,0.0,0.0,64.0,13.016129032258064,0.20337701612903225,0.0,0.0,0.0,0.0,3.7580645161290325,13.016129032258064,0.2596990528606599,2.5072063071122336e-06,0.1616576761007309,1.4873605966567993,0.2701740264892578,0.0015183448558673263,0.012576520442962646,1.4858423471450806,0.27098217606544495,0.9978331327438354,2.5e-05,-0.3020041584968567,-0.3204158842563629,-0.2134828418493271,-0.2143034189939499,-0.21388104557991028,0.31528931856155396,-0.32070186734199524,-0.32415035367012024,-0.1943478286266327,-0.21488246321678162,-0.2251509726047516,0.018366606906056404,0.13102108240127563,0.01798621006309986,0.12828756868839264,0.0,0.0,1.0,constraint_satisfied
46,450,459,10,10,2087,2087,0,0.0,2087,0,0.0,0,13.773958399979165,8.338226200226927,5.714038499980234,3.040187501057517,45.2909617999976,35.33400185649994,quality,production_pair,not_promoted,-0.0008310072095782468,0.00016692082036487673,0.6098698793035565,-0.006846119949345434,2.976880706007774e-06,0.0,1.000027204101736,0.10862289656969634,0.0,0.0,64.0,12.893939393939394,0.20146780303030304,0.0,0.0,0.0,0.0,3.106060606060606,12.893939393939394,0.2579062423019698,2.532070803426629e-06,0.24588985741138458,1.5337533950805664,0.27359575033187866,0.0026873182505369186,0.013344336301088333,1.5310660600662231,0.27267858386039734,0.9976211190223694,2.5e-05,-0.30188795924186707,-0.3205552399158478,-0.21361806988716125,-0.21440021693706512,-0.2139762043952942,0.3153524100780487,-0.32070186734199524,-0.32415035367012024,-0.1943478286266327,-0.21488246321678162,-0.2251509726047516,0.01837168075144291,0.13107971847057343,0.01798621006309986,0.12828756868839264,0.0,0.0,1.0,constraint_satisfied
47,460,469,10,10,2379,2379,0,0.0,2379,0,0.0,0,14.768835599999875,9.67826339986641,5.527678500016918,3.4686981001868844,52.912349999998696,35.150093469994566,quality,production_pair,pending,0.005712774392266415,0.00014122147005860155,0.6058257598625986,-0.00027473808241713986,4.809250627676863e-07,0.0,0.9999796787374898,0.08617626944262731,0.0,0.0,64.0,12.0,0.1875,0.0,0.0,0.0,0.0,3.0,12.0,0.25538260293634313,2.6898662003747486e-06,0.18580792844295502,1.5618144273757935,0.2535589933395386,0.0020647840574383736,0.012064667418599129,1.5597498416900635,0.25350192189216614,0.9977360367774963,2.5e-05,-0.3017941117286682,-0.3207091987133026,-0.21377184987068176,-0.21451015770435333,-0.21409127116203308,0.31549325585365295,-0.32070186734199524,-0.32415035367012024,-0.1943478286266327,-0.21488246321678162,-0.2251509726047516,0.01836792752146721,0.1311621367931366,0.01798621006309986,0.12828756868839264,0.0,0.0,1.0,constraint_satisfied
48,470,479,10,10,2127,2127,0,0.0,2127,0,0.0,0,11.853790799999842,8.530639099451946,2.6759449999954086,2.980801299709128,45.66799220000394,36.97729606190859,quality,production_pair,pending,0.006526168915169204,0.00028325504792840495,0.5778630989439347,0.0008893090211238493,8.428537768377081e-07,0.0,1.000015049296267,0.10659780650509193,0.0,0.0,64.0,12.279411764705882,0.1918658088235294,0.0,0.0,0.0,0.0,3.0,12.279411764705882,0.2546795895870994,2.8704128132684513e-06,0.2929627597332001,1.5276033878326416,0.27500641345977783,0.0037738438695669174,0.018361251801252365,1.523829698562622,0.27080583572387695,0.9955422282218933,2.5e-05,-0.3017403483390808,-0.3208024203777313,-0.2138148546218872,-0.21457679569721222,-0.21417391300201416,0.31551721692085266,-0.32070186734199524,-0.32415035367012024,-0.1943478286266327,-0.21488246321678162,-0.2251509726047516,0.01837325468659401,0.13119453191757202,0.01798621006309986,0.12828756868839264,0.0,0.0,1.0,constraint_satisfied
49,480,489,10,10,2112,2112,0,0.0,2112,0,0.0,0,10.948823100014124,8.280064400023548,2.4428691000503022,2.8558536995842587,44.977992600004654,37.763637596110996,quality,production_pair,pending,-1.636346463452686e-05,8.640585926486617e-05,0.5452143915674903,-0.005425116364759478,1.3972660808852225e-07,0.0,1.000006360538078,0.04272442525534919,0.0,0.0,64.0,12.0,0.1875,0.0,0.0,0.0,0.0,3.0,12.0,0.2543514271577199,3.741708884387084e-06,0.12056542932987213,1.5381803512573242,0.27104029059410095,-0.0008842785027809441,0.009434972889721394,1.5390647649765015,0.2725091576576233,0.9987882375717163,2.5e-05,-0.3017454147338867,-0.3209330141544342,-0.21390782296657562,-0.2146688848733902,-0.21427525579929352,0.3155348598957062,-0.32070186734199524,-0.32415035367012024,-0.1943478286266327,-0.21488246321678162,-0.2251509726047516,0.018376927822828293,0.13126184046268463,0.01798621006309986,0.12828756868839264,0.0,0.0,1.0,constraint_satisfied
50,490,499,10,10,1935,1935,0,0.0,1935,0,0.0,0,11.137319899979047,7.57207830005791,3.2571096000319812,2.765732800180558,40.91326899998239,37.17537190057485,quality,production_pair,pending,-0.0035268357023596764,0.00026777545445516045,0.5890400693301232,-0.009283111873833884,1.1360443005239705e-06,0.0,0.9999882578849792,0.13477748205825205,0.0,0.0,64.0,12.596774193548388,0.19682459677419356,0.0,0.0,0.0,0.0,3.0,12.596774193548388,0.2550587692568379,4.730158745895741e-06,0.43653595447540283,1.516760230064392,0.2910933792591095,0.0005506098386831582,0.017037421464920044,1.5162097215652466,0.29053711891174316,0.996574342250824,2.5e-05,-0.30170685052871704,-0.32094472646713257,-0.21390359103679657,-0.21469129621982574,-0.21428664028644562,0.31550759077072144,-0.32070186734199524,-0.32415035367012024,-0.1943478286266327,-0.21488246321678162,-0.2251509726047516,0.018380824476480484,0.13126309216022491,0.01798621006309986,0.12828756868839264,0.0,0.0,1.0,constraint_satisfied
51,500,509,10,10,1890,1890,0,0.0,1890,0,0.0,0,10.306650699989405,7.395016700116685,2.428174900065642,2.667454300215468,39.642109300009906,37.83877717885341,quality,production_pair,pending,-0.000218414980918169,0.0001910043243697146,0.600661638379097,-0.006129299282717208,3.011888073463827e-07,0.0,0.9999869972467422,0.14518627449870108,0.0,0.0,64.0,13.616666666666667,0.21276041666666667,0.0,0.0,0.0,0.0,3.0,13.616666666666667,0.25634707262118656,4.5888085499730854e-06,0.4119946360588074,1.5519015789031982,0.26439571380615234,0.0022181570529937744,0.014813289046287537,1.549683690071106,0.263649046421051,0.9968609809875488,2.5e-05,-0.301695317029953,-0.3210267126560211,-0.2139788568019867,-0.21475136280059814,-0.21437367796897888,0.31556007266044617,-0.32070186734199524,-0.32415035367012024,-0.1943478286266327,-0.21488246321678162,-0.2251509726047516,0.018380118533968925,0.13129299879074097,0.01798621006309986,0.12828756868839264,0.0,0.0,1.0,constraint_satisfied
52,510,519,10,10,2025,2025,0,0.0,2025,0,0.0,0,10.651671100000385,8.080014900391689,2.0403531000192743,3.0012418997939676,43.850366600003326,37.15457413071846,quality,production_pair,pending,-0.0014874920016154647,0.00013661436707934627,0.6157733704894781,-0.007576765474823333,1.4376762351275829e-05,0.0,1.0000776574015617,0.12316863547312096,0.0,0.0,64.0,15.578125,0.243408203125,0.0,0.0,0.0,0.0,3.625,15.578125,0.2647726540453732,3.0356413294185813e-06,0.2724132537841797,1.5237199068069458,0.26495248079299927,0.002442695200443268,0.012157771736383438,1.5212771892547607,0.264638751745224,0.9978944063186646,2.5e-05,-0.30164119601249695,-0.32101911306381226,-0.214044988155365,-0.21474510431289673,-0.21440456807613373,0.3155664801597595,-0.32070186734199524,-0.32415035367012024,-0.1943478286266327,-0.21488246321678162,-0.2251509726047516,0.018382027745246887,0.1313123255968094,0.01798621006309986,0.12828756868839264,0.0,0.0,1.0,constraint_satisfied
53,520,529,10,10,1870,1870,0,0.0,1870,0,0.0,0,9.729155799985165,7.3237830001162365,2.1505603000114206,2.514932300487999,39.209306599979755,38.21125364987643,quality,production_pair,pending,0.0020869271053622165,0.00014991682655818295,0.5623777175943057,-0.003461765016739567,1.2794365403578921e-06,0.0,0.99999973376592,0.0975620227244993,0.0,0.0,64.0,15.766666666666667,0.24635416666666668,0.0,0.0,0.0,0.0,5.0,15.766666666666667,0.2687291964888573,2.5175057203341566e-06,0.2959379255771637,1.4648678302764893,0.27607759833335876,-0.0009823383297771215,0.01276453398168087,1.4658501148223877,0.2734091579914093,0.9978622794151306,2.5e-05,-0.3016725778579712,-0.3210182189941406,-0.2140764743089676,-0.21474593877792358,-0.2144128680229187,0.3156184256076813,-0.32070186734199524,-0.32415035367012024,-0.1943478286266327,-0.21488246321678162,-0.2251509726047516,0.01838342659175396,0.13132965564727783,0.01798621006309986,0.12828756868839264,0.0,0.0,1.0,constraint_satisfied
54,530,539,10,10,1899,1899,0,0.0,1899,0,0.0,0,9.845398599980399,7.502669799898285,2.0896594999649096,2.8133818996720947,40.536461399984546,37.69213760669656,quality,production_pair,pending,-0.000965093324581782,0.00017991449894907418,0.5947558884819348,-0.006822515578824096,1.5030138541760608e-06,0.0,0.9999885817368825,0.08891036172086994,0.0,0.0,64.0,13.933333333333334,0.21770833333333334,0.0,0.0,0.0,0.0,5.0,13.933333333333334,0.26544468651215236,3.5879137461355033e-06,0.2922654151916504,1.5076698064804077,0.2794511914253235,0.0011052333284169436,0.013712923973798752,1.5065646171569824,0.28012925386428833,0.997592031955719,2.5e-05,-0.30173301696777344,-0.32118603587150574,-0.2142038643360138,-0.2148648500442505,-0.21453146636486053,0.31578442454338074,-0.32070186734199524,-0.32415035367012024,-0.1943478286266327,-0.21488246321678162,-0.2251509726047516,0.018393130972981453,0.1314338594675064,0.01798621006309986,0.12828756868839264,0.0,0.0,1.0,constraint_satisfied
55,540,549,10,10,2454,2454,0,0.0,2454,0,0.0,0,14.391536399984034,9.910535200149752,3.286018100072397,3.561682099447353,52.08294809999643,36.91642016420182,quality,production_pair,pending,-0.001187614583147642,0.00011170185070323686,0.48904111904975694,-0.006022055539711474,4.029052340625546e-06,0.0,1.0000081184582832,0.07521211449056864,0.0,0.0,64.0,14.64102564102564,0.22876602564102563,0.0,0.0,0.0,0.0,5.0,14.64102564102564,0.2703750370404659,2.376209789207888e-06,0.23033098876476288,1.4848201274871826,0.26526859402656555,-5.181936649023555e-05,0.010789746418595314,1.4848719835281372,0.26649683713912964,0.9983455538749695,2.5e-05,-0.3016858994960785,-0.32117143273353577,-0.21416530013084412,-0.21484974026679993,-0.2145352065563202,0.31570932269096375,-0.32070186734199524,-0.32415035367012024,-0.1943478286266327,-0.21488246321678162,-0.2251509726047516,0.018388452008366585,0.13142834603786469,0.01798621006309986,0.12828756868839264,0.0,0.0,1.0,constraint_satisfied
56,550,559,10,10,1895,1895,0,0.0,1895,0,0.0,0,10.007482199987862,7.461453199706739,1.982271299988497,2.8067979002953507,40.109522899991134,37.811517193009486,quality,production_pair,pending,-9.81769214073817e-05,0.00012163386794175798,0.575302176674207,-0.005790207084889213,2.787014643956809e-07,0.0,0.9999929010868073,0.07383886693666379,0.0,0.0,64.0,16.0,0.25,0.0,0.0,0.0,0.0,5.0,16.0,0.27401784658432005,3.5125793525973375e-06,0.18199285864830017,1.4857454299926758,0.27171552181243896,-0.00010672461939975619,0.011236382648348808,1.4858522415161133,0.27307096123695374,0.9982898831367493,2.5e-05,-0.30171850323677063,-0.32119056582450867,-0.2141522765159607,-0.21486125886440277,-0.2145197093486786,0.3157292604446411,-0.32070186734199524,-0.32415035367012024,-0.1943478286266327,-0.21488246321678162,-0.2251509726047516,0.01838761754333973,0.13142871856689453,0.01798621006309986,0.12828756868839264,0.0,0.0,1.0,constraint_satisfied
57,560,569,10,10,2122,2122,0,0.0,2122,0,0.0,0,11.514513200003421,8.513202999602072,2.7528878999582957,2.9301334003685042,45.94324870000128,36.9314767897325,quality,production_pair,pending,0.004423724295681014,0.0001624310728349134,0.5364267418489737,-0.0008591409765786546,1.1223272480265223e-06,0.0,0.9999964728074915,0.11667622708003311,0.0,0.0,64.0,16.0,0.25,0.0,0.0,0.0,0.0,5.0,16.0,0.27679257357821746,3.7177099008712343e-06,0.3691408336162567,1.5183641910552979,0.27400797605514526,-0.0008163413731381297,0.013273975811898708,1.5191805362701416,0.27644333243370056,0.9976531863212585,2.5e-05,-0.30166298151016235,-0.32119113206863403,-0.2141370326280594,-0.2148621529340744,-0.21452267467975616,0.31562644243240356,-0.32070186734199524,-0.32415035367012024,-0.1943478286266327,-0.21488246321678162,-0.2251509726047516,0.018389269709587097,0.1314234435558319,0.01798621006309986,0.12828756868839264,0.0,0.0,1.0,constraint_satisfied
58,570,579,10,10,2373,2373,0,0.0,2373,0,0.0,0,13.739773899986176,9.480180999904405,5.219608499988681,3.410507799475454,51.68352320001577,36.271482869057806,quality,production_pair,pending,0.0070764071577669755,0.00021702739123659405,0.5552607892375243,0.0016325343902663964,2.8925776319217793e-07,0.0,0.9999934278036419,0.10415236514649893,0.013157894736842105,0.0,64.0,16.0,0.25,0.0,0.0,0.0,0.0,5.0,16.0,0.2795167800627257,4.413689565222069e-06,0.7655506730079651,1.5102139711380005,0.2585656940937042,-0.0002605716581456363,0.01487981341779232,1.5104745626449585,0.25818556547164917,0.9966883063316345,2.5e-05,-0.3015443980693817,-0.3212257921695709,-0.21413081884384155,-0.21488772332668304,-0.21455106139183044,0.315604031085968,-0.32070186734199524,-0.32415035367012024,-0.1943478286266327,-0.21488246321678162,-0.2251509726047516,0.018388792872428894,0.13143762946128845,0.01798621006309986,0.12828756868839264,0.0,0.0,1.0,constraint_satisfied
59,580,589,10,10,2100,2100,0,0.0,2100,0,0.0,0,12.697179599985247,8.493362799868919,4.335925999912433,3.2007022007601336,46.041292300011264,35.751696155379975,quality,production_pair,pending,5.5645924117980584e-05,0.00014461686981975976,0.6165437201658884,-0.006037104350098437,8.11908132859709e-07,0.0,0.9999809635407997,0.08651397766714747,0.0,0.0,64.0,16.0,0.25,0.0,0.0,0.0,0.0,5.0,16.0,0.2806751249414502,7.553690300648503e-06,0.21953538060188293,1.518829584121704,0.28247523307800293,0.000551970093511045,0.012201506644487381,1.5182777643203735,0.2837602496147156,0.998134195804596,2.5e-05,-0.3016199469566345,-0.32142436504364014,-0.2142166942358017,-0.2150402069091797,-0.2146880328655243,0.3157689869403839,-0.32070186734199524,-0.32415035367012024,-0.1943478286266327,-0.21488246321678162,-0.2251509726047516,0.01839268021285534,0.1315099596977234,0.01798621006309986,0.12828756868839264,0.0,0.0,1.0,constraint_satisfied
60,590,599,10,10,2043,2043,0,0.0,2043,0,0.0,0,11.097646300011547,8.236308000108693,2.693008800037205,2.8452370008744765,44.610828200005926,36.6730559100009,quality,production_pair,pending,8.14195373095572e-05,0.0001683017230789119,0.5970291402190924,-0.005804301526495692,1.8917683384245265e-06,0.0,1.000001821666956,0.0967189857037738,0.0,0.0,64.0,15.453125,0.241455078125,0.0,0.0,0.0,0.0,5.0,15.453125,0.27620305167511106,8.3983203538196e-06,0.41722342371940613,1.4931247234344482,0.272870272397995,-0.00015885633183643222,0.013593936339020729,1.4932833909988403,0.27623894810676575,0.9975181221961975,2.5e-05,-0.3016403615474701,-0.32150882482528687,-0.21425656974315643,-0.2150990515947342,-0.21475248038768768,0.31582608819007874,-0.32070186734199524,-0.32415035367012024,-0.1943478286266327,-0.21488246321678162,-0.2251509726047516,0.018391305580735207,0.1315380036830902,0.01798621006309986,0.12828756868839264,0.0,0.0,1.0,constraint_satisfied
61,600,609,10,10,2359,2359,0,0.0,2359,0,0.0,0,12.855538100004196,9.450273999595083,3.380031600012444,3.4967879990290385,51.49944119999418,36.656060271626245,quality,production_pair,pending,-9.961865489950051e-05,0.00014220777282733597,0.5504937977404207,-0.005533129538643816,2.45478130286633e-06,0.0,1.000004856167613,0.09173684156927708,0.0,0.0,64.0,15.18918918918919,0.23733108108108109,0.0,0.0,0.0,0.0,5.0,15.18918918918919,0.2767817442481582,6.458069566252635e-06,0.25682124495506287,1.559899926185608,0.2698194682598114,-0.0023734797723591328,0.01223702635616064,1.5622735023498535,0.26979997754096985,0.9979431629180908,2.5e-05,-0.30154508352279663,-0.3215290606021881,-0.21425172686576843,-0.21511131525039673,-0.21476000547409058,0.3157622516155243,-0.32070186734199524,-0.32415035367012024,-0.1943478286266327,-0.21488246321678162,-0.2251509726047516,0.018390290439128876,0.13153591752052307,0.01798621006309986,0.12828756868839264,0.0,0.0,1.0,constraint_satisfied
62,610,619,10,10,1964,1964,0,0.0,1964,0,0.0,0,10.755422399990493,7.6926030999457,2.5802617999434005,2.7837204995157663,41.59224460000405,37.51838644500059,quality,production_pair,pending,-0.0006133769638836384,0.00014585669358043121,0.5275310085665795,-0.005815473738156499,4.7086344755869857e-07,0.0,0.9999917534089857,0.054764520196664716,0.0,0.0,64.0,16.0,0.25,0.0,0.0,0.0,0.0,5.951612903225806,16.0,0.28391330376748114,5.695260839392206e-06,0.13231948018074036,1.5358281135559082,0.2761215567588806,-4.859927867073566e-05,0.012326213531196117,1.5358766317367554,0.278425931930542,0.9980072379112244,2.5e-05,-0.3016200363636017,-0.32159623503685,-0.21432755887508392,-0.21515829861164093,-0.21480216085910797,0.31587597727775574,-0.32070186734199524,-0.32415035367012024,-0.1943478286266327,-0.21488246321678162,-0.2251509726047516,0.018390066921710968,0.1315774917602539,0.01798621006309986,0.12828756868839264,0.0,0.0,1.0,constraint_satisfied
63,620,629,10,10,2227,2227,0,0.0,2227,0,0.0,0,11.424178899993422,8.848224199551623,2.459744799969485,3.2372536002949346,47.493449699977646,37.798534206468275,quality,production_pair,pending,0.0008517374417611531,0.00017121375266080058,0.5548355115311486,-0.004610591461615903,2.620341932210327e-06,0.0,0.9999865846974509,0.11756173449435404,0.0,0.0,64.0,16.37142857142857,0.2558035714285714,0.0,0.0,0.0,0.0,6.228571428571429,16.37142857142857,0.2880242049694061,8.38225989809871e-06,0.29193371534347534,1.5037754774093628,0.27958813309669495,0.0014832639135420322,0.01417333073914051,1.5022920370101929,0.2823888063430786,0.997430145740509,2.5e-05,-0.3015001118183136,-0.3214593231678009,-0.21425478160381317,-0.21506573259830475,-0.214699849486351,0.3157052993774414,-0.32070186734199524,-0.32415035367012024,-0.1943478286266327,-0.21488246321678162,-0.2251509726047516,0.018401289358735085,0.1315188705921173,0.01798621006309986,0.12828756868839264,0.0,0.0,1.0,constraint_satisfied
64,630,639,10,10,1880,1880,0,0.0,1880,0,0.0,0,9.674427000019932,7.366859900183044,2.0746772999991663,2.7813185998238623,39.509196099999826,38.22410553563397,quality,production_pair,pending,0.0024473637342453,0.0001745181960965662,0.5884473244349162,-0.0033494433475425465,9.147191628737043e-07,0.0,1.0000769555568696,0.12390950129677852,0.0,0.0,64.0,17.0,0.265625,0.0,0.0,0.0,0.0,6.083333333333333,17.0,0.2904066527883212,8.12740855356727e-06,0.3422403633594513,1.54888916015625,0.28484708070755005,0.0007167577859945595,0.01414964348077774,1.5481723546981812,0.28420791029930115,0.9975324273109436,2.5e-05,-0.30147120356559753,-0.32159900665283203,-0.21431739628314972,-0.21516293287277222,-0.21479442715644836,0.31577834486961365,-0.32070186734199524,-0.32415035367012024,-0.1943478286266327,-0.21488246321678162,-0.2251509726047516,0.01839635893702507,0.1315651535987854,0.01798621006309986,0.12828756868839264,0.0,0.0,1.0,constraint_satisfied
65,640,649,10,10,2201,2201,0,0.0,2201,0,0.0,0,12.264126499998383,8.926348199835047,2.7836992999655195,3.3031331995734945,47.97206189998542,36.53949657944479,quality,production_pair,pending,-0.003756187523582152,0.00016705279745760242,0.6018086765493665,-0.009690335313124316,1.7377079611183685e-06,0.0,0.9999708269323622,0.1127237287483045,0.0,0.0,64.0,17.114285714285714,0.2674107142857143,0.0,0.0,0.0,0.0,6.0,17.114285714285714,0.28929580918380193,8.242152443926897e-06,0.2780705988407135,1.555422306060791,0.2643231451511383,0.00317000481300056,0.013447764329612255,1.5522522926330566,0.2633712589740753,0.9974116086959839,2.5e-05,-0.3014483153820038,-0.32175391912460327,-0.21436819434165955,-0.21527333557605743,-0.2148895561695099,0.31586241722106934,-0.32070186734199524,-0.32415035367012024,-0.1943478286266327,-0.21488246321678162,-0.2251509726047516,0.018396953120827675,0.13161033391952515,0.01798621006309986,0.12828756868839264,0.0,0.0,1.0,constraint_satisfied
66,650,659,10,10,1763,1763,0,0.0,1763,0,0.0,0,9.244703500007745,6.9245677003927995,2.2845154000096954,2.6112874999816995,37.45492610000656,37.75190542409484,quality,production_pair,not_promoted,0.00045900103369993824,0.0001929100651198366,0.5923424714377948,-0.005367346507097993,2.9057901014896615e-06,0.0,0.9999816375119346,0.12231143028475344,0.0,0.0,64.0,15.857142857142858,0.24776785714285715,0.0,0.0,0.0,0.0,5.839285714285714,15.857142857142858,0.2857358514198235,1.2443409275419981e-05,0.3753887712955475,1.4726338386535645,0.2719005346298218,0.001304858480580151,0.015100649558007717,1.4713289737701416,0.26822400093078613,0.9969155788421631,2.5e-05,-0.3014419972896576,-0.3218730390071869,-0.2144010215997696,-0.215348020195961,-0.21496009826660156,0.31597641110420227,-0.32070186734199524,-0.32415035367012024,-0.1943478286266327,-0.21488246321678162,-0.2251509726047516,0.018396522849798203,0.1316475123167038,0.01798621006309986,0.12828756868839264,0.0,0.0,1.0,constraint_satisfied
67,660,669,10,10,2748,2748,0,0.0,2748,0,0.0,0,19.117695200024173,11.356355099735083,6.520606900012353,3.7812974999833386,59.061389100010274,35.1500663457987,quality,production_pair,pending,-3.565895522749701e-05,0.00012039196841468829,0.5115450308766476,-0.005090293961476946,7.987296730785935e-07,0.0,1.0000347945579262,0.09050797261730877,0.0,0.0,64.0,14.720930232558139,0.23001453488372092,0.0,0.0,0.0,0.0,5.255813953488372,14.720930232558139,0.28112864425016004,1.235119025242839e-05,0.20614176988601685,1.5131723880767822,0.2763875722885132,-0.00025751092471182346,0.011206217110157013,1.513429880142212,0.27645236253738403,0.9983561038970947,2.5e-05,-0.30132022500038147,-0.32191818952560425,-0.21441903710365295,-0.21537698805332184,-0.2149835228919983,0.3159821927547455,-0.32070186734199524,-0.32415035367012024,-0.1943478286266327,-0.21488246321678162,-0.2251509726047516,0.018399830907583237,0.1316627860069275,0.01798621006309986,0.12828756868839264,0.0,0.0,1.0,constraint_satisfied
68,670,679,10,10,2009,2009,0,0.0,2009,0,0.0,0,10.492405199998757,7.927946100069676,2.0492406000266783,2.920224401226733,43.11069339999813,37.479176623571476,quality,production_pair,pending,0.0007789580849930644,0.00012137898829678306,0.5723105696961284,-0.004882609060587129,3.0559196684265544e-07,0.0,0.9999941913411021,0.11662299020099454,0.0,0.0,64.0,14.0,0.21875,0.0,0.0,0.0,0.0,6.0,14.0,0.28058659797534347,1.6987486453956535e-05,0.3458966910839081,1.5301945209503174,0.276152104139328,-0.002371095586568117,0.011527123861014843,1.532565712928772,0.2742558717727661,0.9982576370239258,2.5e-05,-0.3012973964214325,-0.3220071494579315,-0.2144959568977356,-0.21543657779693604,-0.2150370180606842,0.3160352408885956,-0.32070186734199524,-0.32415035367012024,-0.1943478286266327,-0.21488246321678162,-0.2251509726047516,0.018402762711048126,0.13170047104358673,0.01798621006309986,0.12828756868839264,0.0,0.0,1.0,constraint_satisfied
69,680,689,10,10,1780,1780,0,0.0,1780,0,0.0,0,9.164395900006639,6.85995850013569,2.040976700023748,2.525893400190398,37.45181080000475,38.18414508616732,quality,production_pair,pending,0.00034304136144263405,0.00010186628053686166,0.6028980783053807,-0.005634030952933244,2.096481312362032e-06,0.0,1.0000902669770377,0.10161306995100208,0.0,0.0,64.0,13.392857142857142,0.20926339285714285,0.0,0.0,0.0,0.0,6.0,13.392857142857142,0.2789490536919662,1.949130315129618e-05,0.29167887568473816,1.5233919620513916,0.2957632839679718,-0.00040478623122908175,0.010601271875202656,1.5237966775894165,0.29280197620391846,0.9987152218818665,2.5e-05,-0.30135467648506165,-0.3220573663711548,-0.21453335881233215,-0.2154705822467804,-0.21507081389427185,0.3160819709300995,-0.32070186734199524,-0.32415035367012024,-0.1943478286266327,-0.21488246321678162,-0.2251509726047516,0.018407918512821198,0.13173918426036835,0.01798621006309986,0.12828756868839264,0.0,0.0,1.0,constraint_satisfied
70,690,699,10,10,2014,2014,0,0.0,2014,0,0.0,0,10.88963039999362,7.989023299829569,2.4438908000593074,2.6204950000392273,43.12935689999722,37.283186906399884,quality,production_pair,pending,-0.0005803543899673969,0.00010347663112497685,0.5384629340842366,-0.0059123404789716005,1.9831544088855235e-07,0.0,1.0000051818788052,0.052859837538562715,0.0,0.0,64.0,13.0,0.203125,0.0,0.0,0.0,0.0,6.0,13.0,0.27775436406955123,1.8094680513058847e-05,0.13513338565826416,1.4950741529464722,0.2795543968677521,-0.0014443962136283517,0.010234111919999123,1.496518611907959,0.2816646099090576,0.9986597895622253,2.5e-05,-0.3014044761657715,-0.32207995653152466,-0.21454700827598572,-0.21548853814601898,-0.2150716483592987,0.3161643445491791,-0.32070186734199524,-0.32415035367012024,-0.1943478286266327,-0.21488246321678162,-0.2251509726047516,0.018410611897706985,0.13174036145210266,0.01798621006309986,0.12828756868839264,0.0,0.0,1.0,constraint_satisfied
71,700,709,10,10,1787,1787,0,0.0,1787,0,0.0,0,9.561557000008179,6.993507099687122,1.8253406999574509,2.436149599554483,37.40697730000829,38.04674824607787,quality,production_pair,pending,0.00012697525588529452,7.382225781579368e-05,0.5285310692020825,-0.005120175945713916,2.608412557947304e-06,0.0,0.999974650996072,0.07466895898271884,0.0,0.0,64.0,13.053571428571429,0.20396205357142858,0.0,0.0,0.0,0.0,6.267857142857143,13.053571428571429,0.2817870538149561,2.4960293168468134e-05,0.16602516174316406,1.4990044832229614,0.2818422317504883,-0.0032036902848631144,0.008879654109477997,1.5022081136703491,0.2814399003982544,0.9990074038505554,2.5e-05,-0.301413893699646,-0.3221037685871124,-0.21457739174365997,-0.21551159024238586,-0.2150775045156479,0.3162306547164917,-0.32070186734199524,-0.32415035367012024,-0.1943478286266327,-0.21488246321678162,-0.2251509726047516,0.01841391623020172,0.1317434459924698,0.01798621006309986,0.12828756868839264,0.0,0.0,1.0,constraint_satisfied
72,710,719,10,10,2245,2245,0,0.0,2245,0,0.0,0,11.582018899993272,8.971481899992796,2.216158799972618,3.2037623996729963,48.797159100009594,37.18169200647106,quality,production_pair,pending,0.006008721137833264,8.85937893650003e-05,0.5380130145284865,0.0006737624838327368,4.724520517942723e-06,0.0,0.9999389549096426,0.09126992766848868,0.0,0.0,64.0,14.0,0.21875,0.0,0.0,0.0,0.0,8.416666666666666,14.0,0.29069432492057484,1.747765834320742e-05,0.3431272506713867,1.5033456087112427,0.2656698226928711,-0.003207070752978325,0.009874537587165833,1.506552815437317,0.2688200771808624,0.998618483543396,2.5e-05,-0.30140653252601624,-0.3222178518772125,-0.21463927626609802,-0.21559153497219086,-0.2151462882757187,0.31627780199050903,-0.32070186734199524,-0.32415035367012024,-0.1943478286266327,-0.21488246321678162,-0.2251509726047516,0.018415631726384163,0.13179868459701538,0.01798621006309986,0.12828756868839264,0.0,0.0,1.0,constraint_satisfied
73,720,729,10,10,2268,2268,0,0.0,2268,0,0.0,0,12.509915000002366,9.112559700006386,4.795691900042584,3.3827472994162235,48.91685599999619,36.922012390982644,quality,production_pair,pending,-0.0011039421854851146,0.00017303907740521632,0.6330301852689849,-0.007346734850822638,1.4917848324734627e-05,0.0,0.9999639805820253,0.14336031101023158,0.0,0.0,64.0,15.458333333333334,0.24153645833333334,0.0,0.0,0.0,0.0,9.0,15.458333333333334,0.3003106862306595,1.978813947466228e-05,0.43949824571609497,1.584945797920227,0.2817651033401489,0.0016514209564775229,0.013660907745361328,1.58329439163208,0.28158190846443176,0.9976493716239929,2.5e-05,-0.30138829350471497,-0.32210010290145874,-0.21458764374256134,-0.21551279723644257,-0.21505671739578247,0.3162102997303009,-0.32070186734199524,-0.32415035367012024,-0.1943478286266327,-0.21488246321678162,-0.2251509726047516,0.018416868522763252,0.13176259398460388,0.01798621006309986,0.12828756868839264,0.0,0.0,1.0,constraint_satisfied
74,730,739,10,10,2555,2555,0,0.0,2555,0,0.0,0,14.561409499990987,10.33532179959002,2.8808234999596607,3.6739087997411843,55.14092239999445,36.655875497338045,quality,production_pair,pending,0.00027083551976829766,0.0001819487181819568,0.5195614580065012,-0.004833214983227663,7.355246310680741e-07,0.0,0.9999585464596749,0.13111735198181124,0.0,0.0,64.0,17.975,0.280859375,0.0,0.0,0.0,0.0,9.0,17.975,0.3086567912250757,1.1793257868930596e-05,0.36692148447036743,1.5717051029205322,0.27984026074409485,0.0001379223685944453,0.014736059121787548,1.571567177772522,0.2777250409126282,0.9972270727157593,2.5e-05,-0.30134227871894836,-0.3221990168094635,-0.2146478295326233,-0.21557492017745972,-0.21511195600032806,0.3162649869918823,-0.32070186734199524,-0.32415035367012024,-0.1943478286266327,-0.21488246321678162,-0.2251509726047516,0.01841786876320839,0.13178902864456177,0.01798621006309986,0.12828756868839264,0.0,0.0,1.0,constraint_satisfied
75,740,749,10,10,2115,2115,0,0.0,2115,0,0.0,0,12.068343199993251,8.339162000018405,3.4862428000196815,3.0954164997383486,46.104038699995726,36.35745917428904,quality,production_pair,pending,-0.008710908196756946,8.377886853636214e-05,0.577287366723313,-0.014441267376669738,1.2128559105536517e-06,0.0,1.0000184011809967,0.0908685603781658,0.0,0.0,64.0,18.0,0.28125,0.0,0.0,0.0,0.0,9.0,18.0,0.3120860584518489,1.2519337026199483e-05,0.3751250207424164,1.5019158124923706,0.2739499509334564,4.615370198735036e-05,0.00966649129986763,1.5018696784973145,0.27698102593421936,0.9987549185752869,2.5e-05,-0.30121859908103943,-0.3223208487033844,-0.21477289497852325,-0.2156614363193512,-0.2151978313922882,0.31628546118736267,-0.32070186734199524,-0.32415035367012024,-0.1943478286266327,-0.21488246321678162,-0.2251509726047516,0.018422415480017662,0.1318388134241104,0.01798621006309986,0.12828756868839264,0.0,0.0,1.0,constraint_satisfied
76,750,759,10,10,2153,2153,0,0.0,2153,0,0.0,0,11.945930999994744,8.678195799759123,2.1503842000092845,3.0311735007271636,45.17447759999777,37.692307404122495,quality,production_pair,pending,0.00032482920762370615,0.00013237347780779921,0.527392723981072,-0.004882288370829295,2.1646740606229287e-05,0.0,0.9999820677673116,0.10665588453412056,0.0,0.0,64.0,19.0,0.296875,0.0,0.0,0.0,0.0,10.308823529411764,19.0,0.3217799615334062,1.2454569842060772e-05,0.25281938910484314,1.4852694272994995,0.27063828706741333,-0.0011490716133266687,0.012144340202212334,1.4864184856414795,0.27317991852760315,0.9979864358901978,2.5e-05,-0.30106455087661743,-0.3222180902957916,-0.21475744247436523,-0.21558818221092224,-0.21514016389846802,0.31613272428512573,-0.32070186734199524,-0.32415035367012024,-0.1943478286266327,-0.21488246321678162,-0.2251509726047516,0.01842515915632248,0.1318391114473343,0.01798621006309986,0.12828756868839264,0.0,0.0,1.0,constraint_satisfied
77,760,769,10,10,1803,1803,0,0.0,1803,0,0.0,0,10.757339100004174,7.012231999950018,3.4692306000506505,2.737748300016392,37.32110709999688,37.50121192560421,quality,production_pair,pending,-0.011168667227672091,0.0001404107683027115,0.6084555757456812,-0.017182227123753523,1.141722649541262e-06,0.0,1.0000019073486328,0.11893572446344228,0.0,0.0,64.0,20.0,0.3125,0.0,0.0,0.0,0.0,11.0,20.0,0.32861053840867405,1.5802448019555945e-05,0.4232926368713379,1.4932647943496704,0.2810479402542114,-0.0006670395960099995,0.012077564373612404,1.4939316511154175,0.2799942195415497,0.9981532692909241,2.5e-05,-0.30115288496017456,-0.3224094808101654,-0.21490544080734253,-0.21571756899356842,-0.21527154743671417,0.31629589200019836,-0.32070186734199524,-0.32415035367012024,-0.1943478286266327,-0.21488246321678162,-0.2251509726047516,0.018432261422276497,0.13192279636859894,0.01798621006309986,0.12828756868839264,0.0,0.0,1.0,constraint_satisfied
78,770,779,10,10,1935,1935,0,0.0,1935,0,0.0,0,10.940758199983975,7.617281899583759,3.6849286000069696,2.659355598851107,41.06973679998191,37.204029686725136,quality,production_pair,pending,0.0008599219483233267,0.00012902043688940937,0.5123300023617283,-0.004197948860124715,2.521971462203644e-07,0.0,1.0000091589266253,0.07114731742730064,0.0,0.0,64.0,20.0,0.3125,0.0,0.0,0.0,0.0,11.0,20.0,0.327934903483237,1.837249079295772e-05,0.14207829535007477,1.4890892505645752,0.27274203300476074,0.0004755476547870785,0.012088377960026264,1.488613486289978,0.27675384283065796,0.9980356097221375,2.5e-05,-0.3011174201965332,-0.3223837912082672,-0.21490922570228577,-0.21569152176380157,-0.21527259051799774,0.3162625730037689,-0.32070186734199524,-0.32415035367012024,-0.1943478286266327,-0.21488246321678162,-0.2251509726047516,0.018434247002005577,0.13191905617713928,0.01798621006309986,0.12828756868839264,0.0,0.0,1.0,constraint_satisfied
79,780,789,10,10,2017,2017,0,0.0,2017,0,0.0,0,10.487222700001439,8.082501600089017,2.1315540999930818,2.673495599767193,43.400145699997665,37.42992207428028,quality,production_pair,pending,-3.277805808465928e-05,0.00011040261767902848,0.5211078389547765,-0.0051877705650440475,4.197139674033679e-06,0.0,0.9999551465734839,0.07518299380899407,0.0,0.0,64.0,20.0,0.3125,0.0,0.0,0.0,0.0,11.640625,20.0,0.3332340535707772,1.7695810278439694e-05,0.21677936613559723,1.4900697469711304,0.2681964635848999,-0.0009408747428096831,0.010704794898629189,1.4910107851028442,0.27170348167419434,0.9984068870544434,2.5e-05,-0.3011589050292969,-0.32231175899505615,-0.2148502767086029,-0.21563974022865295,-0.2152317315340042,0.31620925664901733,-0.32070186734199524,-0.32415035367012024,-0.1943478286266327,-0.21488246321678162,-0.2251509726047516,0.018437908962368965,0.13187618553638458,0.01798621006309986,0.12828756868839264,0.0,0.0,1.0,constraint_satisfied
80,790,799,10,10,2337,2337,0,0.0,2337,0,0.0,0,13.433809700014535,9.595972799841547,3.910146399954101,3.553591100993799,52.024296199990204,35.7022246193627,quality,production_pair,pending,0.0006029318162315601,0.00016911111959268818,0.5888120793812984,-0.005199786470699552,2.4060604275561943e-06,0.0,0.9999901942304663,0.1255229727893665,0.013513513513513514,0.0,64.0,19.743243243243242,0.30848817567567566,0.0,0.0,0.0,0.0,14.256756756756756,19.743243243243242,0.33970952879738164,1.6950650587131275e-05,0.6957915425300598,1.5760505199432373,0.27123525738716125,0.0008169069769792259,0.013382595032453537,1.5752335786819458,0.27106577157974243,0.9975656270980835,2.5e-05,-0.3011700212955475,-0.3224630355834961,-0.21497008204460144,-0.21574702858924866,-0.21533164381980896,0.316353440284729,-0.32070186734199524,-0.32415035367012024,-0.1943478286266327,-0.21488246321678162,-0.2251509726047516,0.018433628603816032,0.13192443549633026,0.01798621006309986,0.12828756868839264,0.0,0.0,1.0,constraint_satisfied
81,800,809,10,10,2070,2070,0,0.0,2070,0,0.0,0,12.359997399995336,8.317872400366468,3.7304153999721166,2.8725476998952217,45.043970400001854,36.0602250912715,quality,production_pair,pending,-0.0019762532672647276,9.907787248128884e-05,0.5514632991769097,-0.007440405996572791,6.455245627731446e-07,0.0,0.9999993858915387,0.08191404491662979,0.0,0.0,64.0,18.5,0.2890625,0.0,0.0,0.0,0.0,14.636363636363637,18.5,0.3377813213702404,1.88475269031628e-05,0.2778395116329193,1.4921144247055054,0.27575433254241943,-0.000910859671421349,0.010242489166557789,1.493025302886963,0.2782955467700958,0.998620331287384,2.5e-05,-0.30123549699783325,-0.3225287199020386,-0.21502165496349335,-0.21579326689243317,-0.21536344289779663,0.316421240568161,-0.32070186734199524,-0.32415035367012024,-0.1943478286266327,-0.21488246321678162,-0.2251509726047516,0.01842772774398327,0.13193000853061676,0.01798621006309986,0.12828756868839264,0.0,0.0,1.0,constraint_satisfied
82,810,819,10,10,2225,2225,0,0.0,2225,0,0.0,0,12.098725599993486,9.050197900010971,2.85394170001382,3.3719923998287413,48.59249149999232,36.66098829974725,quality,production_pair,pending,-0.000584472343325615,0.0001413193682050665,0.6069262504577637,-0.006582004493767662,5.011173895143526e-07,0.0,1.0000076396124704,0.09937720594129391,0.0,0.0,64.0,18.385714285714286,0.2872767857142857,0.0,0.0,0.0,0.0,15.0,18.385714285714286,0.33940592195306507,2.141633411676074e-05,0.2051876187324524,1.5151106119155884,0.2722194492816925,0.0009363015997223556,0.012031828053295612,1.5141743421554565,0.27280062437057495,0.9980464577674866,2.5e-05,-0.3012700080871582,-0.32254791259765625,-0.21503162384033203,-0.21580883860588074,-0.215369313955307,0.31649553775787354,-0.32070186734199524,-0.32415035367012024,-0.1943478286266327,-0.21488246321678162,-0.2251509726047516,0.018426723778247833,0.13193103671073914,0.01798621006309986,0.12828756868839264,0.0,0.0,1.0,constraint_satisfied
83,820,829,10,10,2241,2241,0,0.0,2241,0,0.0,0,12.788943299994571,9.037749499984784,4.073871100030374,3.338651999627473,49.461288300022716,35.99986606313892,quality,production_pair,pending,0.0040822027820265954,0.0001686774224778118,0.6112171630892489,-0.001944558251933712,1.8695977309511768e-06,0.0,1.000032078060839,0.08867644973927075,0.0,0.0,64.0,19.0,0.296875,0.0,0.0,0.0,0.0,15.319444444444445,19.0,0.34409502935078407,2.1455535652926806e-05,0.2802885174751282,1.4882627725601196,0.27051302790641785,0.0007860037148930132,0.013478289358317852,1.4874768257141113,0.27355092763900757,0.997517466545105,2.5e-05,-0.30115950107574463,-0.3226502537727356,-0.21510031819343567,-0.21588121354579926,-0.215437114238739,0.3165263533592224,-0.32070186734199524,-0.32415035367012024,-0.1943478286266327,-0.21488246321678162,-0.2251509726047516,0.018426280468702316,0.1319408416748047,0.01798621006309986,0.12828756868839264,0.0,0.0,1.0,constraint_satisfied
84,830,839,10,10,2132,2132,0,0.0,2132,0,0.0,0,11.135578299988993,8.637969800300198,2.1365190999931656,3.047148999350611,46.908033600018825,36.731001572969184,quality,production_pair,pending,-0.001883383675971452,0.00010020671636405442,0.5857549883863505,-0.007689716088969041,3.5302439635094797e-06,0.0,1.000053446082508,0.10102074886398281,0.0,0.0,64.0,19.75,0.30859375,0.0,0.0,0.0,0.0,16.0,19.75,0.34988100739086375,2.2314798771356652e-05,0.27374622225761414,1.5080054998397827,0.27598002552986145,0.0005095209926366806,0.010381706990301609,1.5074961185455322,0.2756386995315552,0.9985849261283875,2.5e-05,-0.3011092245578766,-0.3225971758365631,-0.21502536535263062,-0.21584606170654297,-0.21539919078350067,0.31645211577415466,-0.32070186734199524,-0.32415035367012024,-0.1943478286266327,-0.21488246321678162,-0.2251509726047516,0.018429966643452644,0.13191905617713928,0.01798621006309986,0.12828756868839264,0.0,0.0,1.0,constraint_satisfied
85,840,849,10,10,2069,2069,0,0.0,2069,0,0.0,0,10.967735800019,8.117687400052091,3.0690804999612737,3.032968500541756,44.771205400000326,37.119470794670974,quality,production_pair,pending,-0.00368996990393057,9.091362776278842e-05,0.5657842832081246,-0.0093010511837113,1.2101817874005947e-06,0.0,0.9999304784066749,0.08790435244075277,0.0,0.0,64.0,21.106060606060606,0.32978219696969696,0.0,0.0,0.0,0.0,16.545454545454547,21.106060606060606,0.3558960836945158,2.6086233488471905e-05,0.2065901905298233,1.5532927513122559,0.27704721689224243,0.0029016314074397087,0.009789706207811832,1.5503910779953003,0.2759891450405121,0.9987514019012451,2.5e-05,-0.30126243829727173,-0.32256463170051575,-0.21501252055168152,-0.21582110226154327,-0.21540223062038422,0.31653672456741333,-0.32070186734199524,-0.32415035367012024,-0.1943478286266327,-0.21488246321678162,-0.2251509726047516,0.01843600533902645,0.13193146884441376,0.01798621006309986,0.12828756868839264,0.0,0.0,1.0,constraint_satisfied
86,850,859,10,10,2544,2544,0,0.0,2544,0,0.0,0,18.806817400007276,10.351581699913368,10.373034200049005,3.952903399593197,55.2846062000026,34.33595788001111,quality,production_pair,not_promoted,-0.0009752326412126421,0.00014619710509578,0.6091445539146662,-0.006992063598590903,7.756093225452787e-07,0.0,0.9999990321695804,0.11921837041154504,0.0,0.0,64.0,22.0,0.34375,0.0,0.0,0.0,0.0,17.0,22.0,0.3598035141825676,3.0327073534408556e-05,0.43923160433769226,1.5614268779754639,0.2711776793003082,0.00023430766304954886,0.012502365745604038,1.5611926317214966,0.26957741379737854,0.9978744387626648,2.5e-05,-0.3013158142566681,-0.32265692949295044,-0.21512436866760254,-0.21588708460330963,-0.2154671549797058,0.316609263420105,-0.32070186734199524,-0.32415035367012024,-0.1943478286266327,-0.21488246321678162,-0.2251509726047516,0.018439488485455513,0.13198034465312958,0.01798621006309986,0.12828756868839264,0.0,0.0,1.0,constraint_satisfied
87,860,869,10,10,2388,2388,0,0.0,2388,0,0.0,0,12.398419300006935,9.797155299893348,2.5294558000168763,3.5076222995412536,53.26650670001982,36.36644622121446,quality,production_pair,pending,-0.0008522184951672036,0.0001567762071652779,0.6288403594180157,-0.007060639695019314,3.649510048083022e-07,0.0,1.0000188029126118,0.09224230801000406,0.0,0.0,64.0,22.94736842105263,0.35855263157894735,0.0,0.0,0.0,0.0,17.0,22.94736842105263,0.36045307469995397,3.1904162046645835e-05,0.28310805559158325,1.5380741357803345,0.2781234383583069,0.0023005064576864243,0.013073883950710297,1.535773754119873,0.2795131504535675,0.9977902770042419,2.5e-05,-0.3014839291572571,-0.32270824909210205,-0.21517568826675415,-0.215923473238945,-0.21549871563911438,0.3167515695095062,-0.32070186734199524,-0.32415035367012024,-0.1943478286266327,-0.21488246321678162,-0.2251509726047516,0.018444456160068512,0.13199439644813538,0.01798621006309986,0.12828756868839264,0.0,0.0,1.0,constraint_satisfied
88,870,879,10,10,2110,2110,0,0.0,2110,0,0.0,0,11.237188800005242,8.457940000342205,2.3490178000647575,3.0295930004213005,45.7945655999938,36.99693306296107,quality,production_pair,pending,-0.0001045735694016471,0.00011095728790899034,0.6075479704322237,-0.006123097507621755,4.146277237024068e-06,0.0,1.0000625875863163,0.10755155286328359,0.0,0.0,64.0,23.0,0.359375,0.0,0.0,0.0,0.0,17.0,23.0,0.36406614744301996,2.9532329997230342e-05,0.28998976945877075,1.5094904899597168,0.2739875614643097,0.0008392635500058532,0.010896827094256878,1.5086512565612793,0.27438488602638245,0.9984182715415955,2.5e-05,-0.30148741602897644,-0.32272154092788696,-0.21518325805664062,-0.21592876315116882,-0.2154863476753235,0.31678175926208496,-0.32070186734199524,-0.32415035367012024,-0.1943478286266327,-0.21488246321678162,-0.2251509726047516,0.01843966916203499,0.1319885104894638,0.01798621006309986,0.12828756868839264,0.0,0.0,1.0,constraint_satisfied
89,880,889,10,10,1978,1978,0,0.0,1978,0,0.0,0,11.248774499981664,7.906805500184419,3.1204406999459025,2.91705700091552,42.258903999987524,36.966657037851846,quality,production_pair,pending,-5.38817276397059e-05,0.0001161698387624065,0.6091470290576259,-0.00608526281036076,2.5263787543119706e-06,0.0,0.9999639257307975,0.12061015056866792,0.0,0.0,64.0,25.112903225806452,0.3923891129032258,0.0,0.0,0.0,0.0,17.0,25.112903225806452,0.36799261935295596,4.010402224066051e-05,0.31723693013191223,1.511736512184143,0.26142990589141846,0.000722130702342838,0.011441362090408802,1.5110142230987549,0.26015135645866394,0.9980846643447876,2.5e-05,-0.3013913631439209,-0.3228484094142914,-0.21531203389167786,-0.21602007746696472,-0.21556538343429565,0.3168322443962097,-0.32070186734199524,-0.32415035367012024,-0.1943478286266327,-0.21488246321678162,-0.2251509726047516,0.018436545506119728,0.13203215599060059,0.01798621006309986,0.12828756868839264,0.0,0.0,1.0,constraint_satisfied
90,890,899,10,10,1965,1965,0,0.0,1965,0,0.0,0,10.210181500006001,7.63912639991031,2.4489004999923054,2.6685217003687285,41.75274889997672,37.815419278214016,quality,production_pair,pending,0.0012732924848434426,0.0001043545240874312,0.5442507310259727,-0.0041156142814866,1.0117928502770536e-06,0.0,0.9999626250036301,0.06384237011473987,0.0,0.0,64.0,26.0,0.40625,0.0,0.0,0.0,0.0,17.0,26.0,0.3709654644612343,2.8499901623769303e-05,0.1610148698091507,1.4935455322265625,0.26866835355758667,0.00023540771508123726,0.010733014903962612,1.4933102130889893,0.272254079580307,0.9984040856361389,2.5e-05,-0.30132511258125305,-0.3228972554206848,-0.21535995602607727,-0.21605512499809265,-0.2155936360359192,0.3168811500072479,-0.32070186734199524,-0.32415035367012024,-0.1943478286266327,-0.21488246321678162,-0.2251509726047516,0.018440553918480873,0.13206030428409576,0.01798621006309986,0.12828756868839264,0.0,0.0,1.0,constraint_satisfied
91,900,909,10,10,2233,2233,0,0.0,2233,0,0.0,0,12.980646900017746,9.007087599631632,4.513446199998725,3.2447595990961418,48.0387439999904,36.59492445047828,quality,production_pair,pending,5.442937170820577e-05,8.85798935217151e-05,0.5891481254781995,-0.005790714706693377,4.7501722763497256e-07,0.0,0.9999806463718415,0.08740708830633334,0.0,0.0,64.0,26.0,0.40625,0.0,0.0,0.0,0.0,17.457142857142856,26.0,0.3757841203893934,4.093393672519596e-05,0.26541799306869507,1.5418744087219238,0.2670140266418457,0.00045152773964218795,0.009706472977995872,1.541422963142395,0.26812633872032166,0.9986785650253296,2.5e-05,-0.3013048768043518,-0.32289332151412964,-0.21534526348114014,-0.2160528153181076,-0.2156059592962265,0.31689703464508057,-0.32070186734199524,-0.32415035367012024,-0.1943478286266327,-0.21488246321678162,-0.2251509726047516,0.018440397456288338,0.132046639919281,0.01798621006309986,0.12828756868839264,0.0,0.0,1.0,constraint_satisfied
92,910,919,10,10,1993,1993,0,0.0,1993,0,0.0,0,10.479709200008074,7.989107000030344,2.2049913999508135,3.0249417997256387,43.04837890001363,37.23278881689017,quality,production_pair,pending,-0.0004336788479122333,0.00013607615045430066,0.6237806878052652,-0.00660201788195991,1.7849460061114542e-06,0.0,0.9999928651377559,0.10861847284832038,0.0,0.0,64.0,26.0,0.40625,0.0,0.0,0.0,0.0,18.125,26.0,0.37835878413170576,2.8581650042269757e-05,0.32528042793273926,1.4875967502593994,0.27837449312210083,0.0024050776846706867,0.01242874562740326,1.485191822052002,0.27990853786468506,0.9980065822601318,2.5e-05,-0.30128252506256104,-0.32288217544555664,-0.21532495319843292,-0.2160489410161972,-0.2155955582857132,0.3169376254081726,-0.32070186734199524,-0.32415035367012024,-0.1943478286266327,-0.21488246321678162,-0.2251509726047516,0.01844875141978264,0.1320398896932602,0.01798621006309986,0.12828756868839264,0.0,0.0,1.0,constraint_satisfied
93,920,929,10,10,2029,2029,0,0.0,2029,0,0.0,0,11.198046699981205,8.171296099986648,2.947184099961305,3.2737209999759216,44.85674980000476,36.19672403949424,quality,production_pair,pending,0.0011116727400803939,9.351581849159629e-05,0.6326065785251558,-0.005165866070910852,5.791801296339827e-07,0.0,0.999984129332006,0.08799716737121344,0.0,0.0,64.0,26.0,0.40625,0.0,0.0,0.0,0.0,19.0,26.0,0.3830928448587656,3.539085827242161e-05,0.18916785717010498,1.5166021585464478,0.273872047662735,0.002691027708351612,0.009760013781487942,1.5139111280441284,0.2736847996711731,0.9987300038337708,2.5e-05,-0.3013751804828644,-0.3229525089263916,-0.21537332236766815,-0.21611298620700836,-0.2156362533569336,0.31705209612846375,-0.32070186734199524,-0.32415035367012024,-0.1943478286266327,-0.21488246321678162,-0.2251509726047516,0.018455659970641136,0.13208059966564178,0.01798621006309986,0.12828756868839264,0.0,0.0,1.0,constraint_satisfied
94,930,939,10,10,2023,2023,0,0.0,2023,0,0.0,0,11.155111100000795,8.088011699845083,2.712747599958675,2.831032200047048,43.18535610000254,37.22824083485016,quality,production_pair,pending,-0.0012803882564185187,0.000105221802300548,0.5301737966947258,-0.006528513098601252,1.0028185593036198e-06,0.0,0.9999920502305031,0.08352741139242426,0.0,0.0,64.0,26.0,0.40625,0.0,0.0,0.0,0.0,19.0,26.0,0.38671446591615677,2.003770840985908e-05,0.22870449721813202,1.520340085029602,0.2664383351802826,0.00024353645858354867,0.010550352744758129,1.5200963020324707,0.26725614070892334,0.9984320402145386,2.5e-05,-0.3013792932033539,-0.32301509380340576,-0.2154741734266281,-0.2161582112312317,-0.2157001942396164,0.3170868158340454,-0.32070186734199524,-0.32415035367012024,-0.1943478286266327,-0.21488246321678162,-0.2251509726047516,0.01846698857843876,0.13214436173439026,0.01798621006309986,0.12828756868839264,0.0,0.0,1.0,constraint_satisfied
95,940,949,10,10,2231,2231,0,0.0,2231,0,0.0,0,12.450720199994976,8.993251699692337,4.061022700014291,3.1477354001253843,47.32650240001385,37.321907960301765,quality,production_pair,pending,-0.0004929211323282548,0.0001245470382855274,0.5599172813551766,-0.006028314907702484,7.5302294784965594e-06,0.0,1.0001003410134996,0.10627627596259118,0.0,0.0,64.0,27.87142857142857,0.4354910714285714,0.0,0.0,0.0,0.0,19.0,27.87142857142857,0.3935032878603254,3.013500194616167e-05,0.39024272561073303,1.5162683725357056,0.2665300667285919,0.0009714603656902909,0.01179159339517355,1.5152969360351562,0.2663406431674957,0.9980427026748657,2.5e-05,-0.3015085756778717,-0.32292112708091736,-0.2154226452112198,-0.2160889357328415,-0.21562296152114868,0.31705206632614136,-0.32070186734199524,-0.32415035367012024,-0.1943478286266327,-0.21488246321678162,-0.2251509726047516,0.018474159762263298,0.13211718201637268,0.01798621006309986,0.12828756868839264,0.0,0.0,1.0,constraint_satisfied
96,950,959,10,10,2234,2234,0,0.0,2234,0,0.0,0,12.43740469997283,9.00909489998594,3.230146300018532,3.548637100000633,48.65958010000759,36.56481587943626,quality,production_pair,pending,-0.00019845226779580116,0.00016632632822230725,0.6655090736491339,-0.006768354228032487,9.817246070399831e-06,0.0,0.9999293872288295,0.16308590732514858,0.0,0.0,64.0,31.82857142857143,0.4973214285714286,0.0,0.0,0.0,0.0,19.0,31.82857142857143,0.4022692246096475,4.05327315872585e-05,0.4653697609901428,1.5717244148254395,0.2709152102470398,-0.00011558028927538544,0.014147050678730011,1.5718400478363037,0.26801300048828125,0.9972731471061707,2.5e-05,-0.3015331029891968,-0.3230130970478058,-0.21542756259441376,-0.21615467965602875,-0.21569974720478058,0.3170722424983978,-0.32070186734199524,-0.32415035367012024,-0.1943478286266327,-0.21488246321678162,-0.2251509726047516,0.01847665384411812,0.1321486383676529,0.01798621006309986,0.12828756868839264,0.0,0.0,1.0,constraint_satisfied
97,960,969,10,10,2084,2084,0,0.0,2084,0,0.0,0,11.229985199985094,8.423019600042608,2.5988681000017095,3.261366399761755,46.411248599993996,36.1546737051412,quality,production_pair,pending,-0.0002039625154187282,0.00014773586879142164,0.617737278342247,-0.006305610697547143,1.7951007431761492e-06,0.0,1.0000380783370046,0.1331269878781203,0.0,0.0,64.0,33.333333333333336,0.5208333333333334,0.0,0.0,0.0,0.0,19.257575757575758,33.333333333333336,0.40531962342334515,3.712709048792903e-05,0.35814279317855835,1.51936674118042,0.27054670453071594,-0.0004350717063061893,0.012265432626008987,1.5198020935058594,0.26961249113082886,0.9979446530342102,2.5e-05,-0.3015120327472687,-0.32298827171325684,-0.21535775065422058,-0.21613352000713348,-0.21567821502685547,0.31706222891807556,-0.32070186734199524,-0.32415035367012024,-0.1943478286266327,-0.21488246321678162,-0.2251509726047516,0.018476029857993126,0.13213181495666504,0.01798621006309986,0.12828756868839264,0.0,0.0,1.0,constraint_satisfied
98,970,979,10,10,2045,2045,0,0.0,2045,0,0.0,0,19.248249700001907,8.182146700273734,11.122215900017181,3.0317699002625886,44.0680030999938,32.298184266522775,quality,production_pair,pending,6.686525011900812e-05,0.00010854165691398521,0.6035449439659715,-0.005912849159358302,1.1910904831324842e-06,0.0,0.9999945294111967,0.1205971805320587,0.0,0.0,64.0,33.453125,0.522705078125,0.0,0.0,0.0,0.0,21.0,33.453125,0.4089579847641289,2.9294026006709828e-05,0.34611275792121887,1.5618889331817627,0.2680462896823883,0.0013241051929071546,0.011270081624388695,1.5605649948120117,0.266403466463089,0.9982321858406067,2.5e-05,-0.3015017807483673,-0.3230654001235962,-0.21543604135513306,-0.21618637442588806,-0.21570460498332977,0.3171611428260803,-0.32070186734199524,-0.32415035367012024,-0.1943478286266327,-0.21488246321678162,-0.2251509726047516,0.018474673852324486,0.13217386603355408,0.01798621006309986,0.12828756868839264,0.0,0.0,1.0,constraint_satisfied
99,980,989,10,10,2393,2393,0,0.0,2393,0,0.0,0,13.538516100001289,9.75599849995342,5.270516899996437,3.6713536999886855,52.89145999998436,36.02289418858479,quality,production_pair,pending,0.0016215321865226877,0.00010448277230592027,0.6223171718026462,-0.004547024957566081,5.12710036709426e-06,0.0,0.9999757848287883,0.10355424106513199,0.0,0.0,64.0,33.38157894736842,0.5215871710526315,0.0,0.0,0.0,0.0,21.473684210526315,33.38157894736842,0.4112750715331027,4.745835875789788e-05,0.2920886278152466,1.569566249847412,0.2649271786212921,-0.00011428980360506102,0.010647767223417759,1.5696805715560913,0.2640851140022278,0.9983846545219421,2.5e-05,-0.3014114797115326,-0.3231116831302643,-0.2154354602098465,-0.21621949970722198,-0.21572476625442505,0.3172118365764618,-0.32070186734199524,-0.32415035367012024,-0.1943478286266327,-0.21488246321678162,-0.2251509726047516,0.018478166311979294,0.13219600915908813,0.01798621006309986,0.12828756868839264,0.0,0.0,1.0,constraint_satisfied
100,990,999,10,10,2119,2119,0,0.0,2119,0,0.0,0,11.727258300001267,8.309486100130016,3.4454643000499345,3.135229499923298,45.927831800014246,36.753042902614936,quality,production_pair,pending,-0.00026401708943440635,8.8592654265085e-05,0.5498597827904365,-0.005716975709861692,8.918049537535754e-07,0.0,1.0000023771734798,0.08189845857593943,0.0,0.0,64.0,34.0,0.53125,0.0,0.0,0.0,0.0,23.66176470588235,34.0,0.42005103432080326,2.685791138018805e-05,0.39730381965637207,1.5020945072174072,0.2690288722515106,-0.0010586397256702185,0.010359003208577633,1.5031532049179077,0.272794634103775,0.9985173344612122,2.5e-05,-0.30151891708374023,-0.32317617535591125,-0.21551333367824554,-0.21626503765583038,-0.21575622260570526,0.31729942560195923,-0.32070186734199524,-0.32415035367012024,-0.1943478286266327,-0.21488246321678162,-0.2251509726047516,0.018483879044651985,0.13223592936992645,0.01798621006309986,0.12828756868839264,0.0,0.0,1.0,constraint_satisfied
101,1000,1009,10,10,2152,2152,0,0.0,2152,0,0.0,0,12.00290789999417,8.706697199871996,3.5394663000188302,3.147878300223965,45.85821559999022,37.19250283829315,quality,production_pair,pending,-0.0008174936382976524,0.00014535573577364522,0.5899915160501704,-0.006642930879024789,8.075777446613168e-06,0.0,0.9999784739578471,0.10481401417842683,0.0,0.0,64.0,34.529411764705884,0.5395220588235294,0.0,0.0,0.0,0.0,24.0,34.529411764705884,0.42910396965111003,3.599042422726651e-05,0.2880120277404785,1.5460902452468872,0.28152400255203247,-0.0009878970449790359,0.013120722956955433,1.547078013420105,0.27940449118614197,0.9978278875350952,2.5e-05,-0.3015761375427246,-0.32313621044158936,-0.2154870480298996,-0.21623529493808746,-0.2157311588525772,0.3172801733016968,-0.32070186734199524,-0.32415035367012024,-0.1943478286266327,-0.21488246321678162,-0.2251509726047516,0.01849418133497238,0.13224849104881287,0.01798621006309986,0.12828756868839264,0.0,0.0,1.0,constraint_satisfied
102,1010,1019,10,10,2038,2038,0,0.0,2038,0,0.0,0,11.087410099979024,8.072264000104042,2.8759004999592435,2.9548839004710317,43.51094369997736,37.3271327459259,quality,production_pair,pending,0.00036790491867577657,8.507253812695126e-05,0.5683211269788444,-0.005271256224659737,9.459227257035963e-07,0.0,0.9999947138130665,0.08168179536005482,0.0,0.0,64.0,36.21875,0.56591796875,0.0,0.0,0.0,0.0,24.0,36.21875,0.43664553202688694,3.0271334011899853e-05,0.23735013604164124,1.5042369365692139,0.2706828713417053,0.0010834727436304092,0.009619051590561867,1.5031533241271973,0.27321356534957886,0.9987371563911438,2.5e-05,-0.3015502095222473,-0.32319262623786926,-0.2155483216047287,-0.216278076171875,-0.21577799320220947,0.31730586290359497,-0.32070186734199524,-0.32415035367012024,-0.1943478286266327,-0.21488246321678162,-0.2251509726047516,0.018498709425330162,0.1322907954454422,0.01798621006309986,0.12828756868839264,0.0,0.0,1.0,constraint_satisfied
103,1020,1029,10,10,2436,2436,0,0.0,2436,0,0.0,0,13.9927553999878,9.982571899949107,5.434425299987197,3.9351366005139425,54.710381100012455,35.45689649845886,quality,production_pair,pending,0.0012996822643356447,0.00012975216528642565,0.6268561898897855,-0.004901122773448244,5.582920633829557e-07,0.0,0.9999962754738636,0.11995865918027285,0.01282051282051282,0.0,64.0,36.53846153846154,0.5709134615384616,0.0,0.0,0.0,0.0,24.0,36.53846153846154,0.4404661594293056,5.762477445760175e-05,0.5082957148551941,1.5691044330596924,0.26717859506607056,0.0003026319027412683,0.012090743519365788,1.5688018798828125,0.26691681146621704,0.9979521036148071,2.5e-05,-0.3015623688697815,-0.3231940269470215,-0.21549618244171143,-0.21628564596176147,-0.21580474078655243,0.3173467218875885,-0.32070186734199524,-0.32415035367012024,-0.1943478286266327,-0.21488246321678162,-0.2251509726047516,0.018502237275242805,0.13226450979709625,0.01798621006309986,0.12828756868839264,0.0,0.0,1.0,constraint_satisfied
104,1030,1039,10,10,2277,2277,0,0.0,2277,0,0.0,0,12.180276400002185,9.333621300203959,3.250036400015233,3.6912778003315907,50.3739651000069,36.400409395095444,quality,production_pair,pending,-0.0005192564955602089,0.00013739545101998374,0.6310407461391555,-0.006758730949109627,2.758228923285502e-06,0.0,1.0000588016377554,0.09465836945714222,0.0,0.0,64.0,36.388888888888886,0.5685763888888888,0.0,0.0,0.0,0.0,24.0,36.388888888888886,0.44057202380564475,4.469636246540176e-05,0.2610040009021759,1.5663628578186035,0.26659825444221497,9.446152398595586e-05,0.01247328333556652,1.5662682056427002,0.26401129364967346,0.9978110194206238,2.5e-05,-0.30147263407707214,-0.323175311088562,-0.2154649794101715,-0.21626926958560944,-0.21581369638442993,0.31731218099594116,-0.32070186734199524,-0.32415035367012024,-0.1943478286266327,-0.21488246321678162,-0.2251509726047516,0.01850874163210392,0.13225699961185455,0.01798621006309986,0.12828756868839264,0.0,0.0,1.0,constraint_satisfied
105,1040,1049,10,10,2163,2163,0,0.0,2163,0,0.0,0,11.802708399976837,8.626372599974275,3.775314999948023,3.150139000004856,46.5638195000065,37.058911636931846,quality,production_pair,pending,0.0001432699534822913,0.00013358340391492033,0.6167166158556938,-0.0059547961675835885,4.1846823554060524e-07,0.0,1.0000037226606817,0.0854768236989484,0.0,0.0,64.0,37.0,0.578125,0.0,0.0,0.0,0.0,24.220588235294116,37.0,0.44514673948287964,4.6178167154079455e-05,0.16719269752502441,1.5445735454559326,0.274502694606781,-0.00011400622315704823,0.012154357507824898,1.5446875095367432,0.27724793553352356,0.9980394840240479,2.5e-05,-0.3016320466995239,-0.32320457696914673,-0.21548059582710266,-0.21629582345485687,-0.21582603454589844,0.3173845708370209,-0.32070186734199524,-0.32415035367012024,-0.1943478286266327,-0.21488246321678162,-0.2251509726047516,0.01851518265902996,0.13226886093616486,0.01798621006309986,0.12828756868839264,0.0,0.0,1.0,constraint_satisfied
106,1050,1059,10,10,2212,2212,0,0.0,2212,0,0.0,0,11.675708800001303,9.027866599877598,2.605991099961102,3.374010900646681,48.61977309998474,36.68599918761927,quality,production_pair,not_promoted,0.0006039564431245838,0.00017205536257409093,0.6047888389655522,-0.005355811065861157,1.5237240794314338e-05,0.0,1.0001091139657157,0.15352822025971755,0.014285714285714285,0.0,64.0,36.07142857142857,0.5636160714285714,0.0,0.0,0.0,0.0,26.0,36.07142857142857,0.44583995512553626,4.1861341222621764e-05,0.697340190410614,1.5457762479782104,0.28477954864501953,-0.0012240128125995398,0.01380933541804552,1.5470004081726074,0.28337639570236206,0.9976485967636108,2.5e-05,-0.30171459913253784,-0.3232620656490326,-0.21552476286888123,-0.21633659303188324,-0.21588733792304993,0.31744512915611267,-0.32070186734199524,-0.32415035367012024,-0.1943478286266327,-0.21488246321678162,-0.2251509726047516,0.018520288169384003,0.13231725990772247,0.01798621006309986,0.12828756868839264,0.0,0.0,1.0,constraint_satisfied
107,1060,1069,10,10,2135,2135,0,0.0,2135,0,0.0,0,12.915635400015162,8.628594199981308,4.22316790005425,3.131212299747858,46.340973799990024,36.0297362407941,quality,production_pair,pending,0.004580825854859808,0.00011594395292537657,0.5832067061873043,-0.0011912602691582458,6.329007402762406e-06,0.0,1.000015469158397,0.12381447120295729,0.0,0.0,64.0,34.88235294117647,0.5450367647058824,0.0,0.0,0.0,0.0,26.75,34.88235294117647,0.44535640802453547,4.017783168605734e-05,0.42271217703819275,1.5109400749206543,0.279634028673172,0.00011641700257314369,0.011872701346874237,1.5108237266540527,0.2843266427516937,0.9981973171234131,2.5e-05,-0.3017406463623047,-0.32324984669685364,-0.21551533043384552,-0.21632610261440277,-0.21588875353336334,0.31744322180747986,-0.32070186734199524,-0.32415035367012024,-0.1943478286266327,-0.21488246321678162,-0.2251509726047516,0.018522892147302628,0.13232658803462982,0.01798621006309986,0.12828756868839264,0.0,0.0,1.0,constraint_satisfied
108,1070,1079,10,10,2092,2092,0,0.0,2092,0,0.0,0,10.995059200009564,8.362246900360333,2.222790999978315,2.9504055999568664,45.11691780001274,37.28259298365425,quality,production_pair,pending,-0.0010330360947233257,0.00016467949447387858,0.5564905070897305,-0.006513451788729678,5.620223894087565e-07,0.0,0.9999710375612433,0.08023133823140101,0.0,0.0,64.0,34.90909090909091,0.5454545454545454,0.0,0.0,0.0,0.0,27.954545454545453,34.90909090909091,0.45140386801777466,4.2987769878285086e-05,0.19810305535793304,1.5409003496170044,0.2776729464530945,7.967048441059887e-05,0.013193590566515923,1.5408207178115845,0.28163695335388184,0.9977423548698425,2.5e-05,-0.3016625642776489,-0.3233186900615692,-0.21549645066261292,-0.21636895835399628,-0.21594005823135376,0.317454069852829,-0.32070186734199524,-0.32415035367012024,-0.1943478286266327,-0.21488246321678162,-0.2251509726047516,0.018519354984164238,0.13233789801597595,0.01798621006309986,0.12828756868839264,0.0,0.0,1.0,constraint_satisfied
109,1080,1089,10,10,2232,2232,0,0.0,2232,0,0.0,0,13.139303700008895,9.089101200166624,4.1924656000046525,3.700523400475504,49.11277060001157,35.85422694901696,quality,production_pair,pending,-0.00023585096267717226,0.0001561429598950781,0.6886158415249416,-0.007040655558479817,1.5319790683016826e-06,0.0,1.0000323925699506,0.1517870015331677,0.0,0.0,64.0,35.042857142857144,0.5475446428571429,0.0,0.0,0.0,0.0,28.0,35.042857142857144,0.4540627875498363,6.56355404446783e-05,0.35732680559158325,1.5828057527542114,0.2638595998287201,-0.00043282995466142893,0.013137079775333405,1.5832386016845703,0.2647252380847931,0.997521162033081,2.5e-05,-0.30169108510017395,-0.3232523202896118,-0.21541760861873627,-0.21632105112075806,-0.2158905565738678,0.3174442648887634,-0.32070186734199524,-0.32415035367012024,-0.1943478286266327,-0.21488246321678162,-0.2251509726047516,0.018522659316658974,0.1323045939207077,0.01798621006309986,0.12828756868839264,0.0,0.0,1.0,constraint_satisfied
110,1090,1099,10,10,2401,2401,0,0.0,2401,0,0.0,0,13.854303600004641,9.863872600457398,3.4461147000838537,3.7917239008529577,52.1705854999891,36.365074333767076,quality,production_pair,pending,-0.0019270840444062885,8.079968651336937e-05,0.6262299343943596,-0.008146788227972329,8.000604922424253e-06,0.0,1.0001870793731589,0.10946344750884332,0.0,0.0,64.0,36.86842105263158,0.5760690789473685,0.0,0.0,0.0,0.0,28.592105263157894,36.86842105263158,0.46172724703424856,4.388914719225125e-05,0.4573267102241516,1.5701689720153809,0.2577662765979767,0.00018500062287785113,0.009634120389819145,1.5699840784072876,0.2596648633480072,0.998603105545044,2.5e-05,-0.3016849458217621,-0.32330596446990967,-0.21544674038887024,-0.21635207533836365,-0.21590745449066162,0.3174554705619812,-0.32070186734199524,-0.32415035367012024,-0.1943478286266327,-0.21488246321678162,-0.2251509726047516,0.01852978952229023,0.13232439756393433,0.01798621006309986,0.12828756868839264,0.0,0.0,1.0,constraint_satisfied
111,1100,1109,10,10,2501,2501,0,0.0,2501,0,0.0,0,13.194307300000219,10.092244399798801,2.9094300000579096,3.735326599853579,54.77615119999973,36.795396929682354,quality,production_pair,pending,-0.0001817572396248579,0.00011976986693298385,0.6046879246830941,-0.006166021630633622,7.012473653844609e-06,0.0,0.999934733659029,0.09367974810302257,0.0,0.0,64.0,37.0,0.578125,0.0,0.0,0.0,0.0,30.6625,37.0,0.47298538908362386,5.4612410121990254e-05,0.31822270154953003,1.5999819040298462,0.26207923889160156,-0.0001362298644380644,0.011482440866529942,1.6001181602478027,0.261760413646698,0.9980804324150085,2.5e-05,-0.3017036020755768,-0.3232080936431885,-0.21542154252529144,-0.21627697348594666,-0.21584682166576385,0.3173998296260834,-0.32070186734199524,-0.32415035367012024,-0.1943478286266327,-0.21488246321678162,-0.2251509726047516,0.01853823848068714,0.13231368362903595,0.01798621006309986,0.12828756868839264,0.0,0.0,1.0,constraint_satisfied
112,1110,1119,10,10,2206,2206,0,0.0,2206,0,0.0,0,11.71133320001536,8.846364500350319,2.920423099974869,3.4460144002805464,48.26741539998329,36.77969366636718,quality,production_pair,pending,-0.002124154261712517,0.00010665645282382943,0.6414573733295713,-0.008481842422458743,2.215028341327395e-05,0.0,1.000026399748666,0.13014395654733693,0.0,0.0,64.0,37.18571428571428,0.5810267857142857,0.0,0.0,0.0,0.0,33.52857142857143,37.18571428571428,0.4859757649047034,7.11504050091857e-05,0.36146998405456543,1.5448514223098755,0.2629338502883911,0.0005890129250474274,0.01068067830055952,1.5442625284194946,0.2635650336742401,0.9983499050140381,2.5e-05,-0.3016752302646637,-0.32319021224975586,-0.21541130542755127,-0.21626412868499756,-0.21584337949752808,0.3173348605632782,-0.32070186734199524,-0.32415035367012024,-0.1943478286266327,-0.21488246321678162,-0.2251509726047516,0.01854626089334488,0.1323356181383133,0.01798621006309986,0.12828756868839264,0.0,0.0,1.0,constraint_satisfied
113,1120,1129,10,10,2207,2207,0,0.0,2207,0,0.0,0,12.536872700002277,8.751991400204133,4.398973600065801,3.4451193988788873,47.50646669999696,36.75678305127759,quality,production_pair,pending,-0.0019605064365480628,0.00015091216207240775,0.6300890215805599,-0.008182938852613526,1.885334656240697e-06,0.0,1.0000574682440078,0.1482109505949276,0.0,0.0,64.0,37.08571428571429,0.5794642857142858,0.0,0.0,0.0,0.0,35.48571428571429,37.08571428571429,0.49511080852576667,6.001766206671684e-05,0.43894460797309875,1.591119408607483,0.27388864755630493,-0.0002657428558450192,0.013056307099759579,1.5913851261138916,0.2718064486980438,0.9977275729179382,2.5e-05,-0.30164891481399536,-0.32326894998550415,-0.21549324691295624,-0.21632111072540283,-0.2158787101507187,0.3174425959587097,-0.32070186734199524,-0.32415035367012024,-0.1943478286266327,-0.21488246321678162,-0.2251509726047516,0.01855713501572609,0.1323842853307724,0.01798621006309986,0.12828756868839264,0.0,0.0,1.0,constraint_satisfied
114,1130,1139,10,10,2306,2306,0,0.0,2306,0,0.0,0,14.557817499997327,9.348274099815171,5.044229899998754,3.555044100910891,51.294643500004895,35.01767382694965,quality,production_pair,pending,-0.003935038665863308,0.00013539226745558916,0.6086031903286238,-0.009950138243643655,1.0283059767774634e-06,0.0,0.9999889675024394,0.09354114010174935,0.0,0.0,64.0,37.0,0.578125,0.0,0.0,0.0,0.0,35.7027027027027,37.0,0.49586608885107814,6.46990732806247e-05,0.25986894965171814,1.5187326669692993,0.27205660939216614,-0.0004104073450434953,0.011952673085033894,1.5191428661346436,0.27275601029396057,0.9980697631835938,2.5e-05,-0.30165261030197144,-0.32335758209228516,-0.2155561000108719,-0.21637438237667084,-0.2159336656332016,0.3175238072872162,-0.32070186734199524,-0.32415035367012024,-0.1943478286266327,-0.21488246321678162,-0.2251509726047516,0.018564043566584587,0.1324392408132553,0.01798621006309986,0.12828756868839264,0.0,0.0,1.0,constraint_satisfied
115,1140,1149,10,10,2271,2271,0,0.0,2271,0,0.0,0,15.710847499984084,9.246133600390749,6.721885600010864,3.4541217001969926,49.746645799983526,34.694270823858815,quality,production_pair,pending,0.001259670075443056,0.00011007992311028324,0.6567487820155091,-0.0052470570404289495,1.0603139647476686e-05,0.0,0.9999984353780746,0.10801498886818688,0.0,0.0,64.0,37.625,0.587890625,0.0,0.0,0.0,0.0,36.93055555555556,37.625,0.5046989052659936,0.0001144166297611567,0.31762513518333435,1.580074429512024,0.2653615176677704,-0.0028286182787269354,0.010710738599300385,1.5829031467437744,0.2679476737976074,0.9983708262443542,2.5e-05,-0.3016638159751892,-0.32334989309310913,-0.21552494168281555,-0.21636703610420227,-0.21591730415821075,0.3175012171268463,-0.32070186734199524,-0.32415035367012024,-0.1943478286266327,-0.21488246321678162,-0.2251509726047516,0.0185618344694376,0.1324317306280136,0.01798621006309986,0.12828756868839264,0.0,0.0,1.0,constraint_satisfied
116,1150,1159,10,10,2309,2309,0,0.0,2309,0,0.0,0,12.237272600003053,9.278588200046215,2.8716989999520592,3.8098572003655136,51.792116600001464,36.061565303825155,quality,production_pair,pending,0.00414379733941845,0.00011943052162973185,0.6984995821037808,-0.0027758930668209656,2.983592551350275e-06,0.0,1.0000465045104157,0.11335245731941147,0.0,0.0,64.0,38.04054054054054,0.5943834459459459,0.0,0.0,0.0,0.0,38.04054054054054,37.7027027027027,0.5156021464515377,0.00011181656663752251,0.30415865778923035,1.5475800037384033,0.28041911125183105,0.00011796219041571021,0.011213396675884724,1.547461986541748,0.27989503741264343,0.9984009861946106,2.5e-05,-0.3017376959323883,-0.32350510358810425,-0.21561302244663239,-0.2164713442325592,-0.21601520478725433,0.31767335534095764,-0.32070186734199524,-0.32415035367012024,-0.1943478286266327,-0.21488246321678162,-0.2251509726047516,0.018562141805887222,0.13247616589069366,0.01798621006309986,0.12828756868839264,0.0,0.0,1.0,constraint_satisfied
117,1160,1169,10,10,2281,2281,0,0.0,2281,0,0.0,0,13.849411900009727,9.121204500232125,6.019059700018261,3.3553327001573052,50.16509620001307,35.63254749120204,quality,production_pair,pending,0.0012633834267035127,0.0001272676986445731,0.5825383683873547,-0.004494347926487939,7.794145555332458e-06,0.0,0.9999675990806686,0.10409769120936592,0.0,0.0,64.0,40.333333333333336,0.6302083333333334,0.0,0.0,0.0,0.0,40.333333333333336,38.34722222222222,0.5237244110968378,8.036167954135938e-05,0.2673424482345581,1.5647341012954712,0.26471731066703796,-0.00391711201518774,0.011863588355481625,1.5686511993408203,0.26684489846229553,0.9979915022850037,2.5e-05,-0.3017060160636902,-0.3235771059989929,-0.21565644443035126,-0.2165224701166153,-0.21606197953224182,0.31769445538520813,-0.32070186734199524,-0.32415035367012024,-0.1943478286266327,-0.21488246321678162,-0.2251509726047516,0.018572429195046425,0.1325153261423111,0.01798621006309986,0.12828756868839264,0.0,0.0,1.0,constraint_satisfied
118,1170,1179,10,10,2640,2640,0,0.0,2640,0,0.0,0,15.749540399992839,10.981949400244048,6.652893199963728,4.266543599573197,58.79737749998458,35.413938957774135,quality,production_pair,pending,0.002923030140144484,0.00010135924380197789,0.6262304534514745,-0.0032820516096849347,1.0619987733662128e-05,0.0,0.9999660771517527,0.10708595391008116,0.011904761904761904,0.0,64.0,41.0,0.640625,0.0,0.0,0.0,0.0,41.0,39.0,0.5358858676183791,0.00013085340682058208,1.0121382474899292,1.576499104499817,0.23849254846572876,-0.00014254638517741114,0.010359109379351139,1.5766416788101196,0.24129702150821686,0.9981133341789246,2.5e-05,-0.3015598654747009,-0.32353153824806213,-0.21560832858085632,-0.21649502217769623,-0.21604156494140625,0.31755006313323975,-0.32070186734199524,-0.32415035367012024,-0.1943478286266327,-0.21488246321678162,-0.2251509726047516,0.018578266724944115,0.13249532878398895,0.01798621006309986,0.12828756868839264,0.0,0.0,1.0,constraint_satisfied
119,1180,1189,10,10,2537,2537,0,0.0,2537,0,0.0,0,14.093691599991871,10.505875099945115,3.9428387999359984,4.2483984985155985,57.2018531000067,35.58427122866277,quality,production_pair,pending,-0.0008725238789338618,9.427295221939858e-05,0.6843061126768589,-0.007659026204055408,1.2078594784270535e-05,0.0,0.9999618902802467,0.1018015675013885,0.0,0.0,64.0,41.0,0.640625,0.0,0.0,0.0,0.0,41.0,39.525,0.5491015441715718,0.0001884146009615506,0.3008604645729065,1.6336997747421265,0.23315373063087463,-0.0009626366663724184,0.010149961337447166,1.6346622705459595,0.23286302387714386,0.9981048703193665,2.5e-05,-0.3015916645526886,-0.32344603538513184,-0.2155405730009079,-0.21643215417861938,-0.21593661606311798,0.31747138500213623,-0.32070186734199524,-0.32415035367012024,-0.1943478286266327,-0.21488246321678162,-0.2251509726047516,0.01858724281191826,0.13246960937976837,0.01798621006309986,0.12828756868839264,0.0,0.0,1.0,constraint_satisfied
120,1190,1199,10,10,2153,2153,0,0.0,2153,0,0.0,0,11.96020060000592,8.611888600076782,2.9964462999778334,3.345485400321195,47.198140400025295,36.39385357339321,quality,production_pair,pending,-0.0005539061830324285,0.00013179376593838883,0.6390531768693644,-0.006867902141119189,3.593637934366544e-06,0.0,0.9999890213503557,0.13739773751619985,0.0,0.0,64.0,41.0,0.640625,0.0,0.0,0.0,0.0,41.0,41.0,0.5588320563821232,0.0002127723409477553,0.3743603825569153,1.5354331731796265,0.27131590247154236,-0.0008516027010045946,0.01182358618825674,1.5362845659255981,0.27211177349090576,0.9981008768081665,2.5e-05,-0.3016417920589447,-0.32343029975891113,-0.21551476418972015,-0.21642059087753296,-0.21592026948928833,0.31750577688217163,-0.32070186734199524,-0.32415035367012024,-0.1943478286266327,-0.21488246321678162,-0.2251509726047516,0.018593601882457733,0.1324634999036789,0.01798621006309986,0.12828756868839264,0.0,0.0,1.0,constraint_satisfied
121,1200,1209,10,10,2367,2367,0,0.0,2367,0,0.0,0,13.943688800005475,9.418799300212413,6.189423299947521,3.7235110989422537,52.666632799984654,35.5350333573581,quality,worker_variance,pending,-0.00012765132595558425,0.00011350433531923634,0.6589047989329776,-0.006648298056412337,4.3856089946161405e-06,0.0,0.9999448423450058,0.11817953896683615,0.0,0.0,64.0,41.0,0.640625,0.0,0.0,0.0,0.0,41.0,41.0,0.5591544710301064,0.00023298180088671429,0.32964402437210083,1.5770692825317383,0.25887686014175415,-0.0005389357102103531,0.010950431227684021,1.5776079893112183,0.2587582468986511,0.9982107281684875,2.5e-05,-0.3017570674419403,-0.3234708309173584,-0.21552206575870514,-0.21645162999629974,-0.21595965325832367,0.31763285398483276,-0.3206816017627716,-0.32427459955215454,-0.19423940777778625,-0.2148764282464981,-0.2252308428287506,0.018589425832033157,0.13250544667243958,0.01798621006309986,0.12836402654647827,0.0,0.0005666260258294642,2.0,constraint_satisfied
122,1210,1219,10,10,2273,2273,0,0.0,2273,0,0.0,0,12.470425400009844,9.061943999986397,3.7549032000242732,3.291904199781129,49.78867890001857,36.50871668577736,quality,worker_variance,pending,-0.0002767363589050041,0.000198829497498486,0.5844763885769579,-0.006011513635005233,1.6260415911517612e-06,0.0,1.0000000223517418,0.11919035809114575,0.0,0.0,64.0,41.0,0.640625,0.0,0.0,0.0,0.0,41.0,40.513888888888886,0.5550066389971309,0.0002114293035144025,0.36240315437316895,1.5707118511199951,0.265524297952652,-0.0004693418159149587,0.015019750222563744,1.571181058883667,0.26814547181129456,0.9968002438545227,2.5e-05,-0.3017802834510803,-0.32366156578063965,-0.2156699150800705,-0.21658717095851898,-0.21609316766262054,0.3178144097328186,-0.3208165764808655,-0.32449281215667725,-0.19417990744113922,-0.21497894823551178,-0.22534342110157013,0.01859603449702263,0.13260428607463837,0.01798621006309986,0.12841105461120605,0.0,0.0011388052953407168,2.0,constraint_satisfied
123,1220,1229,10,10,1989,1989,0,0.0,1989,0,0.0,0,12.16784569999436,8.219706399919232,3.9857650000194553,3.306946800381411,44.785699200001545,34.92319931081486,quality,worker_variance,pending,-0.020868044637609273,9.3547015637796e-05,0.656589743681252,-0.027378043028875254,1.0794220713705727e-05,0.0,0.9998768791556358,0.11324708763277158,0.0,0.0,64.0,41.125,0.642578125,0.0,0.0,0.0,0.0,41.125,41.0,0.5592032298445702,0.0001824967973504954,0.2620568871498108,1.507970929145813,0.2806074917316437,0.0013410546816885471,0.010105568915605545,1.5066299438476562,0.28315210342407227,0.9987030625343323,2.5e-05,-0.3017343580722809,-0.3237758278846741,-0.2157311588525772,-0.21667033433914185,-0.216154083609581,0.3178645670413971,-0.3209027349948883,-0.3244994282722473,-0.19419796764850616,-0.21503588557243347,-0.2254450023174286,0.01860400289297104,0.13264994323253632,0.01798621006309986,0.12841717898845673,0.0,0.001082026632502675,2.0,constraint_satisfied
124,1230,1239,10,10,2224,2224,0,0.0,2224,0,0.0,0,12.855244000005769,8.900866999960272,3.74704730004305,3.1441345004132017,48.96337150002364,35.97621819917565,quality,worker_variance,pending,0.0006259274535945484,6.937027688504063e-05,0.5776417366095952,-0.005108101998588868,2.6636668260542658e-06,0.0,1.0000119090080262,0.06569494400173426,0.0,0.0,64.0,42.885714285714286,0.6700892857142857,0.0,0.0,0.0,0.0,42.885714285714286,41.0,0.5683270420346941,0.00015402643917436114,0.1327979564666748,1.5099601745605469,0.2657168209552765,-0.0011575878597795963,0.008233916945755482,1.5111178159713745,0.26638707518577576,0.9990397691726685,2.5e-05,-0.30168890953063965,-0.323898047208786,-0.2158253788948059,-0.21676018834114075,-0.2162388414144516,0.31794217228889465,-0.3209444284439087,-0.32455822825431824,-0.19417543709278107,-0.21506600081920624,-0.22554157674312592,0.018614085391163826,0.13271455466747284,0.01798621006309986,0.12846970558166504,0.0,0.0011857606004923582,2.0,constraint_satisfied
125,1240,1249,10,10,2347,2347,0,0.0,2347,0,0.0,0,13.620912100013811,9.706967300036922,4.413602999964496,3.927499500423437,52.3855726000038,35.55711246654791,quality,worker_variance,pending,-0.00031654066028627187,0.00012285676210602696,0.6755312576487258,-0.007001713490919085,6.7865538908704735e-06,0.0,1.0000020861625671,0.12429111994601585,0.0,0.0,64.0,43.0,0.671875,0.0,0.0,0.0,0.0,43.0,41.0,0.5753319279567616,0.00017422228100602642,0.2685661315917969,1.5771058797836304,0.25887542963027954,0.0018559268210083246,0.011446572840213776,1.5752497911453247,0.2614343762397766,0.9980449080467224,2.5e-05,-0.30168503522872925,-0.32391873002052307,-0.21580716967582703,-0.21677467226982117,-0.21625679731369019,0.3179764449596405,-0.3212069869041443,-0.32485294342041016,-0.1941843330860138,-0.21524469554424286,-0.22573071718215942,0.01862315647304058,0.13274149596691132,0.01798621006309986,0.12858742475509644,0.0,0.0016693351790308952,2.0,constraint_satisfied
126,1250,1259,10,10,2091,2091,0,0.0,2091,0,0.0,0,11.365749499993399,8.577577299933182,2.1138215999817476,3.4333715992688667,46.57414609999978,36.08912267353561,quality,worker_variance,not_promoted,0.0007486484775489026,0.011593265648998291,0.6871065506429384,-0.00031819329226643526,8.839670527143453e-07,0.0,0.9999886606678818,0.0816776194525036,0.0,0.0,64.0,43.0,0.671875,0.0,0.0,0.0,0.0,43.0,41.24242424242424,0.5837699671586355,0.0001518270452255489,0.24196143448352814,1.519317626953125,0.3354779779911041,-0.014858451671898365,0.11496178060770035,1.5341761112213135,0.28244149684906006,0.8825700283050537,2.5e-05,-0.3018859326839447,-0.3239167332649231,-0.21579189598560333,-0.21677325665950775,-0.21626083552837372,0.31809425354003906,-0.3212631940841675,-0.3248695433139801,-0.19417494535446167,-0.21526481211185455,-0.2257961630821228,0.01862514391541481,0.13273955881595612,0.01798621006309986,0.1285988688468933,0.0,0.0018192790448665619,2.0,constraint_satisfied
127,1260,1269,10,10,2070,2070,0,0.0,2070,0,0.0,0,10.982978199986974,8.348705499927746,2.346873799979221,3.358964999410091,45.62553640000988,36.566937228911414,quality,worker_variance,pending,-0.0033253757283091545,0.0002818000427919976,0.619957039753596,-0.009376236656063349,9.412025478509763e-06,0.0,0.9999237078608889,0.11596492322331126,0.0,0.0,64.0,43.0,0.671875,0.0,0.0,0.0,0.0,43.0,41.0,0.5800522484562614,0.0001561991111057895,0.3643333315849304,1.5643550157546997,0.29376673698425293,-0.0012524143094196916,0.018133241683244705,1.5656075477600098,0.29906097054481506,0.9961898326873779,2.5e-05,-0.302029550075531,-0.3240179121494293,-0.2158660590648651,-0.21684473752975464,-0.21633410453796387,0.3182263672351837,-0.3212692439556122,-0.32489675283432007,-0.19416405260562897,-0.21526876091957092,-0.22590260207653046,0.01861998438835144,0.13277356326580048,0.01798621006309986,0.12863151729106903,0.0,0.0020818980410695076,2.0,constraint_satisfied
128,1270,1279,10,10,2310,2310,0,0.0,2310,0,0.0,0,13.362670700007584,9.522420999943279,3.5986182000488043,3.9392940997786354,61.23787769998307,30.964919823569144,quality,worker_variance,pending,-0.005965468876466558,0.0002793840147795571,0.7063229736444112,-0.012878401318212619,1.8588183365864097e-05,0.0,1.0000066040335476,0.1542582852715576,0.013513513513513514,0.0,64.0,43.0,0.671875,0.0,0.0,0.0,0.0,43.0,41.067567567567565,0.577657051183082,0.00021208669902596347,0.5070882439613342,1.5639373064041138,0.2768762707710266,0.00033175383578054607,0.01796724461019039,1.5636056661605835,0.27897530794143677,0.9957889318466187,2.5e-05,-0.3020954430103302,-0.32399052381515503,-0.215855672955513,-0.21681922674179077,-0.21632228791713715,0.31820833683013916,-0.32138749957084656,-0.3251231014728546,-0.1941089779138565,-0.21534191071987152,-0.22607143223285675,0.018626132979989052,0.13275837898254395,0.01798621006309986,0.1287243813276291,0.0,0.002989610191434622,2.0,constraint_satisfied
129,1280,1289,10,10,2201,2201,0,0.0,2201,0,0.0,0,13.628422300011152,9.578272800310515,4.224124000029406,3.3903543003834784,47.59895650000544,35.94797038738172,quality,worker_variance,pending,-0.0006980150804987976,0.0001675776693446096,0.6647231259516307,-0.007253528743915792,1.3696891922368844e-06,0.0,1.0000583904130118,0.13458245699959143,0.0,0.0,64.0,43.0,0.671875,0.0,0.0,0.0,0.0,43.0,42.75714285714286,0.5856682121753692,0.00015853842217308868,0.4511117935180664,1.5540868043899536,0.26934385299682617,-0.0019065982196480036,0.013256131671369076,1.5559934377670288,0.27181845903396606,0.9975777268409729,2.5e-05,-0.30212533473968506,-0.32416996359825134,-0.21594616770744324,-0.21694371104240417,-0.21646681427955627,0.31832683086395264,-0.3214189410209656,-0.3252946138381958,-0.19404619932174683,-0.21539752185344696,-0.22618792951107025,0.018625831231474876,0.13282820582389832,0.01798621006309986,0.12875783443450928,0.0,0.003277100156992674,2.0,constraint_satisfied
130,1290,1299,10,10,2647,2647,0,0.0,2647,0,0.0,0,16.15204509999603,11.44260970025789,3.648209999955725,3.5222483000834472,57.50216679999721,35.93820274112855,quality,worker_variance,pending,-0.0028231821599460786,0.0001079301088923655,0.5396057974014964,-0.008157993287091986,6.9161908792618e-07,0.0,0.9999679199286869,0.07905305347715814,0.0,0.0,64.0,43.0,0.671875,0.0,0.0,0.0,0.0,43.0,42.17857142857143,0.5851923347938628,0.00014562500776567808,0.2564929127693176,1.579086422920227,0.27488505840301514,-0.0015082935569807887,0.010602758266031742,1.5805946588516235,0.27717143297195435,0.9985122084617615,2.5e-05,-0.302057147026062,-0.3241806626319885,-0.21596790850162506,-0.21695110201835632,-0.21646744012832642,0.31824105978012085,-0.3215118646621704,-0.32559454441070557,-0.19393981993198395,-0.21546225249767303,-0.22638094425201416,0.018635457381606102,0.13282734155654907,0.01798621006309986,0.12885244190692902,0.0,0.0035858354531228542,2.0,constraint_satisfied
131,1300,1309,10,10,2344,2344,0,0.0,2344,0,0.0,0,15.133867800002918,9.997341000213055,5.97048700004234,3.7025236007466447,51.538197999994736,35.15715272767328,quality,worker_variance,pending,-0.00026530193517336975,0.00018292998936738367,0.6827189418915156,-0.006991818041078167,1.88024588734717e-06,0.0,0.9999530895336254,0.09354618408188627,0.0,0.0,64.0,43.0,0.671875,0.0,0.0,0.0,0.0,43.0,41.851351351351354,0.5879539654061601,0.00018415088050312842,0.2743433713912964,1.5109730958938599,0.27858617901802063,0.000132025292259641,0.015014170669019222,1.5108411312103271,0.28473150730133057,0.9970954060554504,2.5e-05,-0.30185967683792114,-0.32423776388168335,-0.21601435542106628,-0.21699585020542145,-0.216508686542511,0.31823769211769104,-0.32150036096572876,-0.32562121748924255,-0.1939350813627243,-0.2154623419046402,-0.2264326512813568,0.01863390952348709,0.1328478902578354,0.01798621006309986,0.12886708974838257,0.0,0.0037515871226787567,2.0,constraint_satisfied
132,1310,1319,10,10,2452,2452,0,0.0,2452,0,0.0,0,13.860712599998806,10.361409800330875,3.3417864000657573,3.482097500236705,52.18946279998636,37.1232927869038,quality,worker_variance,pending,0.0006921034551058442,0.00012217055901158182,0.5997720792507514,-0.005237890389532997,2.1964192178996036e-06,0.0,0.9999471918130532,0.0955784984697134,0.0,0.0,64.0,43.0,0.671875,0.0,0.0,0.0,0.0,43.0,41.42307692307692,0.5917903964336102,0.00013282714140726827,0.22732646763324738,1.5382087230682373,0.27477702498435974,0.0007436094456352293,0.011630210094153881,1.5374650955200195,0.27783411741256714,0.9982085227966309,2.5e-05,-0.30179882049560547,-0.32424792647361755,-0.21604248881340027,-0.21701113879680634,-0.21652443706989288,0.31822434067726135,-0.3217720091342926,-0.3257817327976227,-0.19393619894981384,-0.21563804149627686,-0.2265709489583969,0.018637677654623985,0.1328541785478592,0.01798621006309986,0.12895503640174866,0.0,0.004252532497048378,2.0,constraint_satisfied
133,1320,1329,10,10,2245,2245,0,0.0,2245,0,0.0,0,13.144896200014045,9.56454690019018,3.2602191000187304,3.2599249994091224,47.943182300019544,36.750214692033005,quality,worker_variance,pending,0.003903550768478049,0.00012957561294671096,0.5993974539968703,-0.002020635203936965,6.284637164652749e-06,0.0,1.0000449145833652,0.14846249923316968,0.013888888888888888,0.0,64.0,43.06944444444444,0.6729600694444444,0.0,0.0,0.0,0.0,43.06944444444444,42.208333333333336,0.6014083690113492,0.00010000149510839644,0.514508843421936,1.526159644126892,0.2695833742618561,-0.0013059591874480247,0.011852755211293697,1.5274654626846313,0.2718702256679535,0.9980669021606445,2.5e-05,-0.30185189843177795,-0.32432517409324646,-0.21607448160648346,-0.21705326437950134,-0.21657834947109222,0.3182773292064667,-0.32190945744514465,-0.3258693516254425,-0.19389286637306213,-0.2157583236694336,-0.2267058789730072,0.018644502386450768,0.1329047679901123,0.01798621006309986,0.12896829843521118,0.0,0.004960647318512201,2.0,constraint_satisfied
134,1330,1339,10,10,2545,2545,0,0.0,2545,0,0.0,0,14.719423300004564,10.82580370004871,4.665131899993867,3.879302999965148,56.63853670001845,35.6652572466923,quality,worker_variance,pending,0.0001073008868843317,0.00017689739070192445,0.6223026446998119,-0.006020929335500113,2.1235695399468567e-06,0.0,0.9999450802803039,0.10468801942188292,0.0,0.0,64.0,44.0,0.6875,0.0,0.0,0.0,0.0,44.0,42.525,0.6089319698512554,0.00012694283659584472,0.28276872634887695,1.5490975379943848,0.26362916827201843,5.9136196796316653e-05,0.013466465286910534,1.5490384101867676,0.2652224898338318,0.9973907470703125,2.5e-05,-0.30192461609840393,-0.324319452047348,-0.2160879522562027,-0.21704751253128052,-0.2165820300579071,0.31830325722694397,-0.32207992672920227,-0.32612675428390503,-0.1938582956790924,-0.21591129899024963,-0.22686649858951569,0.018657371401786804,0.1329222470521927,0.01798621006309986,0.12905031442642212,0.0,0.005456878803670406,2.0,constraint_satisfied
135,1340,1349,10,10,2323,2323,0,0.0,2323,0,0.0,0,14.9922747000237,9.586614600295434,6.132991599995876,3.171879799629096,50.175536299997475,35.64643286850996,quality,worker_variance,pending,-0.0006529647554900195,0.00010813804977727625,0.5792016262138212,-0.0063839940569753685,1.7025957751647602e-06,0.0,1.0000190461004101,0.07469476291255371,0.0,0.0,64.0,44.0,0.6875,0.0,0.0,0.0,0.0,44.0,43.432432432432435,0.6159205299776953,0.00013833779136090212,0.19347211718559265,1.5564504861831665,0.25680461525917053,-0.0009907722705975175,0.01134087797254324,1.5574411153793335,0.26041075587272644,0.9980497360229492,2.5e-05,-0.3019566833972931,-0.3242075741291046,-0.2160199135541916,-0.2169688642024994,-0.21651874482631683,0.31826499104499817,-0.3222961723804474,-0.3264200985431671,-0.19381549954414368,-0.21606813371181488,-0.22710320353507996,0.018664103001356125,0.13290874660015106,0.01798621006309986,0.1291676163673401,0.0,0.005817768629640341,2.0,constraint_satisfied
136,1350,1359,10,10,2157,2157,0,0.0,2157,0,0.0,0,12.240962799987756,9.06530369981192,2.890720500057796,3.4645803998282645,46.375223599985475,36.7987092384602,quality,worker_variance,pareto_guard_rolled_back,-0.00010074242292081609,0.00023892079865190144,0.6863657954861137,-0.006837675851249301,6.11149988237551e-06,0.0,1.0000073576674742,0.17658318529891617,0.014705882352941176,0.0,64.0,44.0,0.6875,0.0,0.0,0.0,0.0,44.0,43.69117647058823,0.6214926426901537,0.00014529516224951402,0.7917179465293884,1.568580985069275,0.2826656401157379,0.0017342339269816875,0.01791536808013916,1.5668466091156006,0.2778453528881073,0.9959829449653625,2.5e-05,-0.30190324783325195,-0.3242246210575104,-0.21607021987438202,-0.21698258817195892,-0.21655309200286865,0.3182251453399658,-0.3224484324455261,-0.3266429901123047,-0.1938246637582779,-0.21619224548339844,-0.22720889747142792,0.01866224780678749,0.13292163610458374,0.01798621006309986,0.1292550265789032,0.0,0.006409971043467522,2.0,constraint_satisfied
137,1360,1369,10,10,2175,2175,0,0.0,2175,0,0.0,0,12.356738700007554,9.32396810001228,3.037095399951795,3.2302784001803957,46.91889730002731,36.69298461848171,quality,worker_variance,pending,1.9679455470074626e-05,0.00031460149062588564,0.6317466514952043,-0.006132616639233139,2.8564026417357395e-07,0.0,0.9999858745757271,0.10135038344956496,0.0,0.0,64.0,43.0,0.671875,0.0,0.0,0.0,0.0,43.0,41.0,0.5851481390350005,0.00015738332775286194,0.3921400308609009,1.5196882486343384,0.2867296040058136,0.0008071226766332984,0.01894722506403923,1.5188812017440796,0.2939568758010864,0.9956333637237549,1.25e-05,-0.30189043283462524,-0.323928564786911,-0.21579605340957642,-0.21678145229816437,-0.2162741720676422,0.3181118965148926,-0.3212491571903229,-0.32489845156669617,-0.19415098428726196,-0.21523867547512054,-0.2258276790380478,0.018626442179083824,0.13274137675762177,0.01798621006309986,0.1286008656024933,0.0,0.001788418390788138,2.0,constraint_satisfied
138,1370,1379,10,10,2693,2693,0,0.0,2693,0,0.0,0,16.6009800999891,11.485922900261357,8.569318399997428,4.335665998776676,60.158983200002695,35.08339353257986,quality,worker_variance,pending,0.000603356474447389,0.0002178762884838317,0.6372848603614542,-0.005653146210364824,1.1023415555457157e-06,0.0,0.9999581131824228,0.142906398837303,0.0,0.0,64.0,43.0,0.671875,0.0,0.0,0.0,0.0,43.0,41.0,0.5866068019423374,0.00014814654550295822,0.4330207407474518,1.5787889957427979,0.2696564197540283,-0.0008380283834412694,0.015774911269545555,1.5796266794204712,0.26982349157333374,0.9965777397155762,1.25e-05,-0.3019082546234131,-0.3239557147026062,-0.215811088681221,-0.2168007493019104,-0.21629151701927185,0.3181857466697693,-0.3213585913181305,-0.32500389218330383,-0.19415511190891266,-0.2153104543685913,-0.22588594257831573,0.018629519268870354,0.1327499896287918,0.01798621006309986,0.12862002849578857,0.0,0.0020254584960639477,2.0,constraint_satisfied
139,1380,1389,10,10,2378,2378,0,0.0,2378,0,0.0,0,13.226080599997658,10.125981899996987,2.809890499978792,3.4355827999243047,53.103977799997665,35.851016226455904,quality,worker_variance,pending,-0.01124706464868627,0.0001755729478502058,0.5785196913700354,-0.016938531610465265,1.5488801240412374e-06,0.0,0.9999659171229914,0.09532956631952211,0.0,0.0,64.0,43.0,0.671875,0.0,0.0,0.0,0.0,43.0,41.473684210526315,0.5889376488171125,0.00011887395698738003,0.24497346580028534,1.5673391819000244,0.27103307843208313,-0.0018979418091475964,0.014062223955988884,1.5692371129989624,0.2743472754955292,0.997308075428009,1.25e-05,-0.3019351065158844,-0.3239814341068268,-0.21581688523292542,-0.21681924164295197,-0.21630807220935822,0.31823524832725525,-0.3214039206504822,-0.32507580518722534,-0.19418378174304962,-0.21533814072608948,-0.22594255208969116,0.01862681284546852,0.132742241024971,0.01798621006309986,0.12863533198833466,0.0,0.002296740422025323,2.0,constraint_satisfied
140,1390,1399,10,10,2429,2429,0,0.0,2429,0,0.0,0,14.209002599993255,10.447362299688393,3.5572002999833785,4.086906099575572,54.61946899999748,35.290628188238415,quality,worker_variance,pending,-1.7853937798032637e-05,0.00032564407650313926,0.7062685568081705,-0.00690856652861265,3.58292670984826e-06,0.0,0.9999538848274633,0.14492831408585372,0.013157894736842105,0.0,64.0,43.0,0.671875,0.0,0.0,0.0,0.0,43.0,42.5921052631579,0.594916938951141,0.00018302410908769447,0.5066846013069153,1.5558280944824219,0.2851001024246216,-0.0008697707089595497,0.018433906137943268,1.5566977262496948,0.2873055636882782,0.9958193898200989,1.25e-05,-0.30186906456947327,-0.32397741079330444,-0.21584096550941467,-0.2168159931898117,-0.21630942821502686,0.31822434067726135,-0.3214198350906372,-0.3251146972179413,-0.19421450793743134,-0.21533271670341492,-0.22595223784446716,0.018627945333719254,0.13274112343788147,0.01798621006309986,0.12863871455192566,0.0,0.0026165719609707594,2.0,constraint_satisfied
141,1400,1409,10,10,2113,2113,0,0.0,2113,0,0.0,0,12.41382670000894,8.979464299918618,3.001296200003708,3.207320300338324,45.667758600000525,36.37986100216958,quality,worker_variance,pareto_guard_rolled_back,-0.018517815097070792,0.00021348887415061814,0.6544192310641793,-0.024948317967808928,2.9090066056917694e-06,0.0,0.9999320156434003,0.13603952472262523,0.014705882352941176,0.0,64.0,43.0,0.671875,0.0,0.0,0.0,0.0,43.0,43.0,0.6006125457146588,0.00013890979372423745,0.6338834762573242,1.5103017091751099,0.284330278635025,-0.0030307997949421406,0.01622522994875908,1.5133323669433594,0.29257914423942566,0.9967436194419861,1.25e-05,-0.3018001914024353,-0.3240218460559845,-0.2158825546503067,-0.21684709191322327,-0.2163332849740982,0.3182573914527893,-0.32142335176467896,-0.32512539625167847,-0.19424225389957428,-0.21532969176769257,-0.22595594823360443,0.01863040030002594,0.13276797533035278,0.01798621006309986,0.1286432147026062,0.0,0.0027794204652309418,2.0,constraint_satisfied
142,1410,1419,10,10,2496,2496,0,0.0,2496,0,0.0,0,14.498339800018584,10.646182300231885,4.12867949999054,4.031999699800508,55.03708850001567,35.8953710507133,quality,worker_variance,pending,-1.2829338606351461e-05,0.00032119665859052195,0.6683288988394614,-0.006525744188529177,1.4588750230196194e-06,0.0,0.9999976417957208,0.18115597800948682,0.02564102564102564,0.0,64.0,43.0,0.671875,0.0,0.0,0.0,0.0,43.0,41.0,0.5829955606888502,0.00019550695362387417,0.5236515998840332,1.5920791625976562,0.2910909652709961,0.0009334972128272057,0.019519083201885223,1.591145634651184,0.2904070317745209,0.9955036640167236,1e-05,-0.30190855264663696,-0.3239670395851135,-0.21583814918994904,-0.2168072611093521,-0.21630017459392548,0.3181419372558594,-0.321330726146698,-0.32496732473373413,-0.19417965412139893,-0.21530939638614655,-0.22585617005825043,0.018622616305947304,0.13276314735412598,0.01798621006309986,0.1286565512418747,0.0,0.002184156561270356,2.0,constraint_satisfied
143,1420,1429,10,10,2217,2217,0,0.0,2217,0,0.0,0,12.621264399989741,9.034691600187216,3.8148005999682937,3.0640710004372522,47.74631260000751,36.72501217002797,quality,worker_variance,pending,0.00024365870548146112,0.00023120974625011773,0.5998754071337836,-0.005631146273974861,7.896885301862864e-08,0.0,1.0000089015279496,0.06360391043126583,0.0,0.0,64.0,43.0,0.671875,0.0,0.0,0.0,0.0,43.0,41.0,0.5818606070109776,0.00016688488259595553,0.15330925583839417,1.5015085935592651,0.27153754234313965,-0.00011157240805914626,0.015972482040524483,1.5016201734542847,0.2786587178707123,0.9965399503707886,1e-05,-0.3018825054168701,-0.3239896595478058,-0.21584422886371613,-0.2168227732181549,-0.2163121998310089,0.3181498646736145,-0.3213713765144348,-0.3250165283679962,-0.1941845715045929,-0.2153397500514984,-0.22588472068309784,0.01862168312072754,0.13277100026607513,0.01798621006309986,0.1286766678094864,0.0,0.0021919121500104666,2.0,constraint_satisfied
144,1430,1439,10,10,2369,2369,0,0.0,2369,0,0.0,0,13.647441099979915,9.765799000189872,3.9913590000069235,3.6717408007534686,51.75855729999603,36.21991954794274,quality,worker_variance,pending,-0.012555306814120789,0.00031999336112532644,0.6440033853838318,-0.01882667586630161,4.874860965891889e-07,0.0,1.0000230136670565,0.13989440194870295,0.013157894736842105,0.0,64.0,43.0,0.671875,0.0,0.0,0.0,0.0,43.0,41.0,0.5806441158056259,0.00017338001768956403,2.227405548095703,1.5497838258743286,0.2814604341983795,-0.0018250123830512166,0.018809162080287933,1.5516088008880615,0.2866852283477783,0.9955341219902039,1e-05,-0.30186915397644043,-0.3239963948726654,-0.2158384621143341,-0.2168261855840683,-0.21630586683750153,0.31813135743141174,-0.32139772176742554,-0.32508864998817444,-0.1941773146390915,-0.21536020934581757,-0.2259431779384613,0.018623074516654015,0.13277535140514374,0.01798621006309986,0.12869106233119965,0.0,0.0023297190200537443,2.0,constraint_satisfied
145,1440,1449,10,10,2444,2444,0,0.0,2444,0,0.0,0,15.577965599979507,10.723233400058234,6.237587999959942,3.5846724995353725,54.177097900013905,35.036883021405764,quality,worker_variance,pending,-0.003520490422558326,0.00021799898809732465,0.5920180720396531,-0.009323079806143561,2.2397909906255967e-07,0.0,1.0000159045060475,0.10113621407594436,0.0,0.0,64.0,43.0,0.671875,0.0,0.0,0.0,0.0,43.0,41.0,0.5806486117534149,0.00017184147154927277,0.2856108546257019,1.5456862449645996,0.26947200298309326,-0.00079455750528723,0.016268808394670486,1.5464807748794556,0.2760533094406128,0.9963551163673401,1e-05,-0.301899790763855,-0.323996365070343,-0.21583952009677887,-0.21682509779930115,-0.21630601584911346,0.3181419372558594,-0.3214223384857178,-0.325149804353714,-0.19416508078575134,-0.2153797149658203,-0.2259630709886551,0.018623637035489082,0.1327807754278183,0.01798621006309986,0.12870298326015472,0.0,0.002410020213574171,2.0,constraint_satisfied
146,1450,1459,10,10,2418,2418,0,0.0,2418,0,0.0,0,13.743008000019472,10.089452499960316,3.582195699971635,3.2169522998156026,51.93823299999349,36.81416433650398,quality,worker_variance,not_promoted,0.0005875796349228997,0.00015096956083557176,0.5118031901748556,-0.004449719475815073,2.2458059664574505e-07,0.0,0.9999907997093702,0.09002752741798759,0.0,0.0,64.0,43.0,0.671875,0.0,0.0,0.0,0.0,43.0,41.38157894736842,0.5810485160664508,0.00010494744655213588,0.2296382635831833,1.5305750370025635,0.26684144139289856,-5.223871266935021e-05,0.012858165428042412,1.5306273698806763,0.27129265666007996,0.9976780414581299,1e-05,-0.30192822217941284,-0.3240106999874115,-0.21583665907382965,-0.21683324873447418,-0.21631468832492828,0.31817862391471863,-0.32147058844566345,-0.32523560523986816,-0.1941312849521637,-0.21541522443294525,-0.22603023052215576,0.0186252873390913,0.13277871906757355,0.01798621006309986,0.1287326216697693,0.0,0.0025645385030657053,2.0,constraint_satisfied
147,1460,1469,10,10,2542,2542,0,0.0,2542,0,0.0,0,16.797967399994377,10.551770899473922,6.412180300074397,3.704325801198138,55.91407579998486,34.95982079624364,quality,worker_variance,pending,0.0006584988674148917,0.0001025253229727241,0.6174219194799662,-0.005455807165526494,2.7774797715096613e-07,0.0,0.9999947912991047,0.09673621403053403,0.0,0.0,64.0,43.0,0.671875,0.0,0.0,0.0,0.0,43.0,42.0,0.5819564901292325,0.00017299784676652052,0.2513575851917267,1.5612785816192627,0.2573319673538208,-0.0005956274108029902,0.010347585193812847,1.5618740320205688,0.2596837878227234,0.9983830451965332,1e-05,-0.3018916845321655,-0.32405829429626465,-0.21587103605270386,-0.21686658263206482,-0.2163480818271637,0.3182135820388794,-0.3215220868587494,-0.32526496052742004,-0.1941232681274414,-0.21545487642288208,-0.22607830166816711,0.01862476021051407,0.1327955275774002,0.01798621006309986,0.1287611573934555,0.0,0.0026372417341917753,2.0,constraint_satisfied
148,1470,1479,10,10,2210,2210,0,0.0,2210,0,0.0,0,12.698284599988256,9.312834399897838,3.30834569997387,3.4347371994226705,48.808473499986576,35.931010969685694,quality,worker_variance,pending,-0.0002455034559326512,0.00018183921919054618,0.6767421075275966,-0.006914379055212651,4.573815172445198e-07,0.0,0.9999962951455797,0.1026767622679472,0.0,0.0,64.0,43.0,0.671875,0.0,0.0,0.0,0.0,43.0,42.214285714285715,0.5814615981919425,0.000152528024253635,0.24569858610630035,1.5681898593902588,0.28557419776916504,0.001998438034206629,0.013638071715831757,1.5661914348602295,0.288296639919281,0.9977192878723145,1e-05,-0.30184876918792725,-0.32411956787109375,-0.21590571105480194,-0.21690940856933594,-0.21638953685760498,0.3182251453399658,-0.3215383291244507,-0.32526490092277527,-0.19407068192958832,-0.21546514332294464,-0.22615215182304382,0.018625745549798012,0.13281899690628052,0.01798621006309986,0.1287878453731537,0.0,0.0028904005885124207,2.0,constraint_satisfied
149,1480,1489,10,10,2503,2503,0,0.0,2503,0,0.0,0,14.982829999993555,10.944961599831004,3.912586700054817,3.768201400322141,55.4619723999931,35.53136519267849,quality,worker_variance,pending,0.002205940190469846,0.00010485148122825194,0.6182680584490299,-0.003914503772102762,1.2433405836009825e-07,0.0,0.9999884210526944,0.09860630498733372,0.0,0.0,64.0,43.0,0.671875,0.0,0.0,0.0,0.0,43.0,42.6875,0.5827197358012199,0.00019619623944890918,0.2709370255470276,1.5538935661315918,0.26254770159721375,0.00011628140782704577,0.010497966781258583,1.5537772178649902,0.2654585838317871,0.9984012246131897,1e-05,-0.3018656373023987,-0.32416656613349915,-0.21594128012657166,-0.21694213151931763,-0.21641890704631805,0.31825578212738037,-0.32161813974380493,-0.325364351272583,-0.19411367177963257,-0.2155105173587799,-0.22624970972537994,0.018627651035785675,0.13283959031105042,0.01798621006309986,0.12881284952163696,0.0,0.00321514206007123,2.0,constraint_satisfied
150,1490,1499,10,10,2217,2217,0,0.0,2217,0,0.0,0,13.347790799976792,8.983049699978437,4.492613299953518,3.729872399242595,48.60723960000905,35.78401924245536,quality,worker_variance,pending,0.000930777471512556,0.0001471365445468109,0.7570242260183607,-0.006554876660395946,1.3002400513479577e-06,0.0,1.000047128541129,0.1528420588267701,0.0,0.0,64.0,43.0,0.671875,0.0,0.0,0.0,0.0,43.0,42.871428571428574,0.5844277364867074,0.00022038918905309401,0.3559055030345917,1.5711525678634644,0.265396386384964,-0.001994525780901313,0.01248652208596468,1.5731470584869385,0.26440829038619995,0.9977864027023315,1e-05,-0.30185917019844055,-0.3241822123527527,-0.21595388650894165,-0.2169545292854309,-0.2164231240749359,0.3182535767555237,-0.3216756284236908,-0.32546624541282654,-0.19410787522792816,-0.21554289758205414,-0.22634871304035187,0.01863064430654049,0.1328481137752533,0.01798621006309986,0.12884865701198578,0.0,0.0036075462121516466,2.0,constraint_satisfied
151,1500,1509,10,10,2097,2097,0,0.0,2097,0,0.0,0,12.697204799973406,8.654570799932117,3.6748387000116054,3.068775000720052,45.51446299999952,36.023705886691246,quality,worker_variance,pending,0.0008194560862400315,0.00012068108778542161,0.5915338672471769,-0.005029718073439488,4.97857719710048e-07,0.0,0.9999859062108126,0.11256269983608615,0.0,0.0,64.0,43.0,0.671875,0.0,0.0,0.0,0.0,43.0,43.0,0.5891286974603479,0.00011646775645644856,0.25722813606262207,1.5484447479248047,0.2765311300754547,-0.0006464179023168981,0.01203241478651762,1.5490912199020386,0.2823200523853302,0.9981067180633545,1e-05,-0.3018752634525299,-0.3241508901119232,-0.21595290303230286,-0.21693266928195953,-0.216406911611557,0.31823059916496277,-0.3217144310474396,-0.3255317807197571,-0.19409237802028656,-0.215568408370018,-0.22641269862651825,0.018634719774127007,0.13285291194915771,0.01798621006309986,0.1288619488477707,0.0,0.0037718696985393763,2.0,constraint_satisfied
152,1510,1519,10,10,2397,2397,0,0.0,2397,0,0.0,0,14.093581399996765,10.126350099832052,3.6761229000112507,3.846103099436732,53.02675430002273,35.71197871704482,quality,worker_variance,pending,0.0023184597100082195,0.00021739478707834343,0.683727500470061,-0.004398645493079369,1.0454281822914805e-06,0.0,1.0000231320920743,0.13802928354983268,0.0,0.0,64.0,43.0,0.671875,0.0,0.0,0.0,0.0,43.0,43.0,0.5934518991332305,0.0002294361912438609,0.34292763471603394,1.525266408920288,0.27282005548477173,0.001332541462033987,0.015126461163163185,1.5239338874816895,0.27308428287506104,0.9969258904457092,1e-05,-0.301871120929718,-0.3241949677467346,-0.21598981320858002,-0.21696391701698303,-0.2164418250322342,0.3182629942893982,-0.32173797488212585,-0.32555997371673584,-0.1940619945526123,-0.21557404100894928,-0.22649851441383362,0.01863640733063221,0.13287565112113953,0.01798621006309986,0.12887515127658844,0.0,0.004253777675330639,2.0,constraint_satisfied
153,1520,1529,10,10,2195,2195,0,0.0,2195,0,0.0,0,12.337416199996369,9.339197200082708,2.7115963000105694,3.304498700017575,47.48854689998552,36.68975619049691,quality,worker_variance,pending,4.6551879495382306e-05,0.0001261326791011795,0.6387681816305433,-0.006270841878306653,2.5097462769606084e-07,0.0,1.0000024208000728,0.11299329703407628,0.0,0.0,64.0,43.0,0.671875,0.0,0.0,0.0,0.0,43.0,43.0,0.5945509936128344,0.00014442394229783012,0.28599783778190613,1.5220398902893066,0.2735108733177185,0.00013334093091543764,0.011730733327567577,1.5219063758850098,0.27669844031333923,0.9981604814529419,1e-05,-0.3018820583820343,-0.32424718141555786,-0.2160414606332779,-0.21700091660022736,-0.21647728979587555,0.3183267414569855,-0.3217340111732483,-0.3255593776702881,-0.19403663277626038,-0.2155776023864746,-0.22655849158763885,0.0186373982578516,0.13290910422801971,0.01798621006309986,0.1288904845714569,0.0,0.004479017108678818,2.0,constraint_satisfied
154,1530,1539,10,10,2661,2661,0,0.0,2661,0,0.0,0,17.531115599995246,11.08992569995462,7.494287500012433,3.884693399799289,56.9822400000121,35.7117187727315,quality,worker_variance,pending,0.000396922907038104,0.00010528072674614599,0.5348537202392306,-0.00489288370590657,1.747488374532969e-07,0.0,0.9999874234199524,0.11437766528910115,0.0,0.0,64.0,43.0,0.671875,0.0,0.0,0.0,0.0,43.0,43.0,0.592783435469582,0.00012181266962822217,0.2758364677429199,1.5825213193893433,0.2535299062728882,0.0004565573763102293,0.010379048995673656,1.5820646286010742,0.25276121497154236,0.9983240962028503,1e-05,-0.3018643856048584,-0.32426565885543823,-0.2160547822713852,-0.21701210737228394,-0.21649377048015594,0.31833958625793457,-0.3217758238315582,-0.32563623785972595,-0.19399303197860718,-0.21560510993003845,-0.22662314772605896,0.018641073256731033,0.13291014730930328,0.01798621006309986,0.1289229393005371,0.0,0.004742571152746677,2.0,constraint_satisfied
155,1540,1549,10,10,2274,2274,0,0.0,2274,0,0.0,0,12.609118200023659,9.436799400107702,2.773492400039686,3.5851781998062506,50.05724750002264,36.287408318595375,quality,worker_variance,pending,-0.0017899393569678068,0.00014158446568520353,0.6403503144780794,-0.00811560957097552,6.754789804040861e-07,0.0,1.0000130244427257,0.11674746839950483,0.0,0.0,64.0,43.0,0.671875,0.0,0.0,0.0,0.0,43.0,43.0,0.5932280553711785,0.00014081984843667468,0.3825458586215973,1.5394381284713745,0.27096810936927795,0.002720108488574624,0.012305035255849361,1.5367180109024048,0.2738594710826874,0.997937798500061,1e-05,-0.30189457535743713,-0.3242737948894501,-0.21603934466838837,-0.21701720356941223,-0.21650269627571106,0.31835728883743286,-0.3218081593513489,-0.3256553113460541,-0.1939932107925415,-0.21563012897968292,-0.22670525312423706,0.018639782443642616,0.13291364908218384,0.01798621006309986,0.12895072996616364,0.0,0.0049144611693918705,2.0,constraint_satisfied
156,1550,1559,10,10,2242,2242,0,0.0,2242,0,0.0,0,12.957878399989568,9.299305099877529,3.62714529997902,3.289644700125791,48.405119399976684,36.536676505091364,quality,worker_variance,pending,-0.0032984501449391246,0.00012575115273547353,0.6101468176477485,-0.009330398839665577,5.22672457413541e-07,0.0,0.9999721323450407,0.1577401048400336,0.013888888888888888,0.0,64.0,43.0,0.671875,0.0,0.0,0.0,0.0,43.0,43.0,0.5928273813592063,0.00013284656693536413,1.073499321937561,1.5209636688232422,0.286736398935318,0.0011696023866534233,0.011570597067475319,1.5197941064834595,0.2862852215766907,0.9983716607093811,1e-05,-0.30182573199272156,-0.32422760128974915,-0.216027170419693,-0.2169843316078186,-0.21647043526172638,0.31828874349594116,-0.32188868522644043,-0.32572752237319946,-0.19398149847984314,-0.2156987339258194,-0.2267683744430542,0.01864047534763813,0.1328980177640915,0.01798621006309986,0.1289847195148468,0.0,0.0050883544608950615,2.0,constraint_satisfied
157,1560,1569,10,10,2579,2579,0,0.0,2579,0,0.0,0,15.37977649999084,11.15872339985799,4.573957600048743,4.0123820003937,56.400528099999065,35.92907573145577,quality,worker_variance,pending,0.0023645865730941296,0.00014390211240757574,0.6461139790168623,-0.004016340265856919,6.92923423052085e-07,0.0,1.000020030068188,0.1254829086999341,0.012195121951219513,0.0,64.0,43.0,0.671875,0.0,0.0,0.0,0.0,43.0,42.609756097560975,0.5937981002214479,0.0001652026074269798,0.6378113627433777,1.6091388463974,0.24578234553337097,-0.0014744579093530774,0.012182384729385376,1.6106133460998535,0.24587009847164154,0.997543215751648,1e-05,-0.3018440306186676,-0.32422271370887756,-0.21603678166866302,-0.21698109805583954,-0.21646074950695038,0.3182923197746277,-0.32191479206085205,-0.32576555013656616,-0.19395866990089417,-0.2157285064458847,-0.2268301397562027,0.018640154972672462,0.13289721310138702,0.01798621006309986,0.12900815904140472,0.0,0.005454659461975098,2.0,constraint_satisfied
158,1570,1579,10,10,2187,2187,0,0.0,2187,0,0.0,0,14.522550099994987,9.177860699914163,6.706781199987745,3.2950781002582517,48.13451939998777,34.904281630991406,quality,worker_variance,pending,-0.003287402793232884,0.00013370268435599947,0.6192085904734476,-0.009405437537602016,2.4981881378798626e-07,0.0,1.000000867673329,0.10378371716610023,0.0,0.0,64.0,43.0,0.671875,0.0,0.0,0.0,0.0,43.0,41.81428571428572,0.5921695624079023,0.00014398814060509073,0.4156325161457062,1.5145128965377808,0.26580697298049927,0.0008946480811573565,0.011933047324419022,1.5136182308197021,0.2696065604686737,0.9979845881462097,1e-05,-0.3017776608467102,-0.32426685094833374,-0.2160620391368866,-0.21701401472091675,-0.2164900004863739,0.31827718019485474,-0.32193636894226074,-0.32581767439842224,-0.1939687281847,-0.21574655175209045,-0.2268940508365631,0.018640659749507904,0.1329149305820465,0.01798621006309986,0.12902618944644928,0.0,0.005570479668676853,2.0,constraint_satisfied
159,1580,1589,10,10,2282,2282,0,0.0,2282,0,0.0,0,14.291893200017512,9.811083600128768,7.202135100000305,3.6515504998678807,50.50278600002639,35.21894124909031,quality,worker_variance,pending,-0.0006912834036888347,0.014337366025655583,0.6633806915746795,-0.00014861652339782772,7.023231670307457e-08,0.0,0.9999993791182836,0.11386721754550105,0.0,0.0,64.0,43.0,0.671875,0.0,0.0,0.0,0.0,43.0,41.0,0.5921753636664815,0.00015580298319643285,0.39281782507896423,1.5346125364303589,0.32354599237442017,-0.014417414553463459,0.12828785181045532,1.5490299463272095,0.2679581940174103,0.8427832126617432,1e-05,-0.30175623297691345,-0.3243080973625183,-0.2160901427268982,-0.21704347431659698,-0.21652014553546906,0.3182772696018219,-0.3219241797924042,-0.32582372426986694,-0.1939716637134552,-0.21573878824710846,-0.2269444316625595,0.018640760332345963,0.13293176889419556,0.01798621006309986,0.12901611626148224,0.0,0.005820075049996376,2.0,constraint_satisfied
160,1590,1599,10,10,2506,2506,0,0.0,2506,0,0.0,0,17.274465099995723,10.726854600099614,6.130797699996037,3.8027726010768674,55.47758200002136,34.445766131567886,quality,worker_variance,pending,-0.002848432748578489,0.00044975437249377136,0.6494746524840593,-0.009110262664034963,2.434768243020358e-07,0.0,0.9999972194433212,0.09837684512604028,0.0,0.0,64.0,43.0,0.671875,0.0,0.0,0.0,0.0,43.0,41.0,0.5916098095476627,0.0001608021572792495,0.3938612639904022,1.5836185216903687,0.2890124022960663,-0.001728376722894609,0.023218516260385513,1.5853468179702759,0.30040472745895386,0.9935458898544312,1e-05,-0.30177122354507446,-0.3242991864681244,-0.21608422696590424,-0.21703721582889557,-0.2165166139602661,0.31827929615974426,-0.3219505846500397,-0.32584232091903687,-0.1939907819032669,-0.2157556116580963,-0.22696524858474731,0.018640438094735146,0.13292942941188812,0.01798621006309986,0.12902970612049103,0.0,0.005884656682610512,2.0,constraint_satisfied
161,1600,1609,10,10,2210,2210,0,0.0,2210,0,0.0,0,12.928092000016477,9.280637000047136,3.866100099956384,3.243667400209233,47.77669379999861,36.4056963693207,quality,worker_variance,pending,0.00032973092581544604,0.0001944603941020822,0.6316988608666829,-0.00588432378800852,1.7298138995361764e-06,0.0,0.9999809188502176,0.12563881677176272,0.0,0.0,64.0,43.0,0.671875,0.0,0.0,0.0,0.0,43.0,41.65714285714286,0.5923697590827942,0.00011405385963111517,0.4764735996723175,1.5746561288833618,0.27956312894821167,0.0004052669391967356,0.014403182081878185,1.5742509365081787,0.28268861770629883,0.9973456859588623,1e-05,-0.30175328254699707,-0.32426610589027405,-0.2160605937242508,-0.21701176464557648,-0.21649141609668732,0.31824254989624023,-0.32196056842803955,-0.3258875608444214,-0.19399681687355042,-0.21576538681983948,-0.22701884806156158,0.018643498420715332,0.13291342556476593,0.01798621006309986,0.12904784083366394,0.0,0.006064443849027157,2.0,constraint_satisfied
162,1610,1619,10,10,2608,2608,0,0.0,2608,0,0.0,0,14.91841359998216,11.15600110005471,3.687914899986936,3.933715000952361,59.23430240000016,35.17066050555211,quality,worker_variance,pending,6.379444924433057e-05,0.0001261357464522362,0.6228629234360485,-0.0060930199148814855,9.82802754517651e-07,0.0,0.9999707472033617,0.08511672100824554,0.0,0.0,64.0,43.0,0.671875,0.0,0.0,0.0,0.0,43.0,42.9390243902439,0.5971345494433147,0.000174924562975875,0.25216740369796753,1.5920909643173218,0.2628355920314789,-0.00042340304935351014,0.011526670306921005,1.5925142765045166,0.26594966650009155,0.9980767369270325,1e-05,-0.30170997977256775,-0.3242475390434265,-0.21606382727622986,-0.21699707210063934,-0.21648353338241577,0.3182202875614166,-0.3219924867153168,-0.32599544525146484,-0.19398915767669678,-0.21578384935855865,-0.22710588574409485,0.01864440180361271,0.13290299475193024,0.01798621006309986,0.12908612191677094,0.0,0.006223971955478191,2.0,constraint_satisfied
163,1620,1629,10,10,2553,2553,0,0.0,2553,0,0.0,0,16.20979300001636,11.190335800289176,5.5169811000232585,3.969637499714736,56.69783760001883,35.016910836199465,quality,worker_variance,pending,0.00010794129775604233,0.000292492641347053,0.6340839050710201,-0.006078604666981846,2.1023650276674745e-06,0.0,1.0000300951302052,0.13675430277362466,0.0,0.0,64.0,43.0,0.671875,0.0,0.0,0.0,0.0,43.0,43.0,0.6017772950232029,0.0001609170655683556,0.41758206486701965,1.565322995185852,0.26592186093330383,-0.0003068125806748867,0.01781953126192093,1.5656297206878662,0.2721875011920929,0.9955096244812012,1e-05,-0.3017076253890991,-0.32427385449409485,-0.21609637141227722,-0.21701572835445404,-0.21649543941020966,0.3182176947593689,-0.3220532536506653,-0.3260912001132965,-0.19397009909152985,-0.21583035588264465,-0.22717179358005524,0.018651871010661125,0.13291673362255096,0.01798621006309986,0.12911894917488098,0.0,0.006397915538400412,2.0,constraint_satisfied
164,1630,1639,10,10,2108,2108,0,0.0,2108,0,0.0,0,12.361122300004354,8.884950100415153,3.080453899950953,3.093762200209312,45.59077330000582,36.37499650657898,quality,worker_variance,pending,5.116790645953381e-05,0.0002397620298848558,0.6010261299935254,-0.005830136058979075,3.822608801886135e-08,0.0,0.999998638124177,0.09370399540233793,0.0,0.0,64.0,43.0,0.671875,0.0,0.0,0.0,0.0,43.0,43.0,0.6036096070752,0.0001815415204570551,0.2695559859275818,1.5326390266418457,0.2856895923614502,-0.0017570991767570376,0.017310140654444695,1.5343962907791138,0.29555368423461914,0.9963287711143494,1e-05,-0.30172184109687805,-0.32430553436279297,-0.21612945199012756,-0.2170368731021881,-0.21651802957057953,0.31826135516166687,-0.32208067178726196,-0.32611483335494995,-0.19397369027137756,-0.21585412323474884,-0.2271931916475296,0.01865389384329319,0.13293519616127014,0.01798621006309986,0.12913523614406586,0.0,0.006437627598643303,2.0,constraint_satisfied
165,1640,1649,10,10,2194,2194,0,0.0,2194,0,0.0,0,12.144596800004365,9.163632300042082,2.985935600067023,3.5395464004250243,48.282430499995826,36.30825638844546,quality,worker_variance,pending,0.0017081847148282187,0.00013820644599036314,0.718896485226495,-0.0054026312859995025,7.195723432979711e-08,0.0,0.9999991766044072,0.13126155760671412,0.0,0.0,64.0,43.0,0.671875,0.0,0.0,0.0,0.0,43.0,43.0,0.6039010107517242,0.00018091291713062674,0.32869261503219604,1.5486353635787964,0.2665616273880005,0.0009291528258472681,0.012355792336165905,1.5477062463760376,0.2703162431716919,0.9978514313697815,1e-05,-0.301731139421463,-0.32434502243995667,-0.21614980697631836,-0.217065691947937,-0.21654388308525085,0.3183118402957916,-0.32212740182876587,-0.32614865899086,-0.19398300349712372,-0.21588315069675446,-0.2272491157054901,0.018653182312846184,0.13294565677642822,0.01798621006309986,0.12915544211864471,0.0,0.00657802214846015,2.0,constraint_satisfied
166,1650,1659,10,10,2535,2535,0,0.0,2535,0,0.0,0,14.493578499997966,10.934373900003266,3.654144200088922,3.6260077994666062,55.67994100000942,36.12473790771935,quality,worker_variance,not_promoted,-0.000647128198761493,0.00012589867310452973,0.584082056581974,-0.006417397064797115,1.9512387012809994e-07,0.0,1.0000074282288551,0.08846829023677856,0.0,0.0,64.0,43.0,0.671875,0.0,0.0,0.0,0.0,43.0,43.0,0.6045419901609421,0.00015204333494693855,0.2909042239189148,1.5669987201690674,0.2532021403312683,-0.0014382110675796866,0.012066606432199478,1.568437099456787,0.2579704225063324,0.9977288842201233,1e-05,-0.3017072081565857,-0.32432907819747925,-0.2161443531513214,-0.21705490350723267,-0.21652851998806,0.3182930052280426,-0.3221181035041809,-0.3261713683605194,-0.19397860765457153,-0.21587923169136047,-0.22729231417179108,0.01865735463798046,0.13294701278209686,0.01798621006309986,0.1291549652814865,0.0,0.00666167913004756,2.0,constraint_satisfied
167,1660,1669,10,10,2469,2469,0,0.0,2469,0,0.0,0,15.40403669999796,10.38691040003323,5.869565699977102,3.6932524986332282,55.09197010000935,35.023260352950146,quality,worker_variance,pending,0.0007488937355960027,9.180832626626421e-05,0.6007177558464881,-0.005205231006141567,5.143309592243056e-07,0.0,1.0000044451310084,0.09514891234441446,0.0,0.0,64.0,43.8974358974359,0.6858974358974359,0.0,0.0,0.0,0.0,43.0,43.8974358974359,0.6084978167827313,0.000142971189350833,0.2623593211174011,1.5720192193984985,0.25453388690948486,0.00018962824833579361,0.010260991752147675,1.5718295574188232,0.2588833272457123,0.998374879360199,1e-05,-0.3017311990261078,-0.3243376910686493,-0.21613863110542297,-0.21706227958202362,-0.21653345227241516,0.31829532980918884,-0.32212674617767334,-0.3261852562427521,-0.1939803510904312,-0.21588361263275146,-0.22735512256622314,0.01865765079855919,0.13294686377048492,0.01798621006309986,0.12918372452259064,0.0,0.0068434057757258415,2.0,constraint_satisfied
168,1670,1679,10,10,2183,2183,0,0.0,2183,0,0.0,0,12.67229459999362,9.06157529988559,4.014088099967921,2.883196000562748,47.264677300001495,36.42159306349906,quality,worker_variance,pending,-0.0011410083355648177,0.0001035967365299127,0.5369236435209002,-0.0064526816291618164,1.6421402802637074e-07,0.0,0.9999775205339704,0.07761158389704569,0.014285714285714285,0.0,64.0,44.0,0.6875,0.0,0.0,0.0,0.0,43.0,44.0,0.6122915957655225,0.00011528458150808416,0.6492767333984375,1.4842535257339478,0.2552286684513092,-0.00013440748443827033,0.010610615834593773,1.4843881130218506,0.2594084143638611,0.9982717037200928,1e-05,-0.30179131031036377,-0.3244148790836334,-0.21617816388607025,-0.2171165496110916,-0.21658417582511902,0.3183843493461609,-0.3221370279788971,-0.3262200653553009,-0.19397570192813873,-0.21589228510856628,-0.22741159796714783,0.018658433109521866,0.13297560811042786,0.01798621006309986,0.1292109489440918,0.0,0.006959364749491215,2.0,constraint_satisfied
169,1680,1689,10,10,2183,2183,0,0.0,2183,0,0.0,0,12.221078500006115,9.304303499666275,2.557901300053345,2.8356556002690922,47.166725399991265,36.758389040213295,quality,worker_variance,pending,0.004825814547283309,0.00011410283883118869,0.5278424341763769,-0.0003905649230416332,7.124047501757706e-08,0.0,1.000002566405705,0.08082662653177977,0.0,0.0,64.0,44.0,0.6875,0.0,0.0,0.0,0.0,43.0,44.0,0.6139707088470459,9.989562963060702e-05,0.2431911826133728,1.4998445510864258,0.278472900390625,0.0014018915826454759,0.010878597386181355,1.498442530632019,0.2811635434627533,0.9984738826751709,1e-05,-0.3018118739128113,-0.32444509863853455,-0.2162053883075714,-0.21713760495185852,-0.21659879386425018,0.318419873714447,-0.3222096562385559,-0.32626989483833313,-0.19393548369407654,-0.21594491600990295,-0.22744418680667877,0.018659627065062523,0.1329922080039978,0.01798621006309986,0.1292179375886917,0.0,0.0071122366935014725,2.0,constraint_satisfied
170,1690,1699,10,10,2371,2371,0,0.0,2371,0,0.0,0,13.600261999992654,9.934615099802613,3.1570245000184514,3.619216599414358,51.85144929998205,36.22517964630997,quality,worker_variance,pending,-0.007168516149058154,0.00014416121398665526,0.6205014539392371,-0.013295323649225267,3.819586709141731e-07,0.0,0.9999745503852242,0.10730044059700479,0.0,0.0,64.0,44.0,0.6875,0.0,0.0,0.0,0.0,43.0,44.0,0.6144565139946184,0.00012252534859152022,0.35637208819389343,1.5354715585708618,0.24885714054107666,0.0007438510656356812,0.012045062147080898,1.5347278118133545,0.24831227958202362,0.997657299041748,1e-05,-0.3017827868461609,-0.3244447410106659,-0.21621137857437134,-0.2171366810798645,-0.2166038155555725,0.31839412450790405,-0.32222965359687805,-0.32626277208328247,-0.19394873082637787,-0.21596728265285492,-0.2274722009897232,0.018663190305233,0.13299120962619781,0.01798621006309986,0.12922930717468262,0.0,0.00727561442181468,2.0,constraint_satisfied
171,1700,1709,10,10,2231,2231,0,0.0,2231,0,0.0,0,12.915634200006025,9.148934099794133,3.7536114000249654,3.577143899659859,47.96657469999627,36.644531141509155,quality,worker_variance,pareto_guard_rolled_back,0.0005216455220111779,0.00021068618266976305,0.6182203935725349,-0.005549246235750616,5.275546872748497e-07,0.0,1.0000017736639295,0.1543469068727323,0.0,0.0,64.0,44.0,0.6875,0.0,0.0,0.0,0.0,43.0,44.0,0.6149036228656769,0.00011936384653381538,0.4354931712150574,1.5322474241256714,0.2537171542644501,-1.3377311915974133e-05,0.014652734622359276,1.532260775566101,0.2549944818019867,0.9966647028923035,1e-05,-0.3017573654651642,-0.32445695996284485,-0.21622779965400696,-0.21714550256729126,-0.2166161835193634,0.3183690905570984,-0.3223293721675873,-0.32638436555862427,-0.1939077079296112,-0.21603725850582123,-0.22754625976085663,0.018666168674826622,0.1330062747001648,0.01798621006309986,0.12926241755485535,0.0,0.007596155162900686,2.0,constraint_satisfied
172,1710,1719,10,10,2364,2364,0,0.0,2364,0,0.0,0,13.439389799983473,10.118928800162394,3.308309999963967,3.536451299878536,52.87283330000355,35.64953623158598,quality,worker_variance,pending,-4.049474247605414e-05,0.00018563372971068412,0.5941022022350414,-0.0058805704241889105,1.246214484400003e-07,0.0,0.9999963302870054,0.0564165209495538,0.0,0.0,64.0,43.63513513513514,0.6817989864864865,0.0,0.0,0.0,0.0,43.0,43.63513513513514,0.6066735580160811,0.00016260058057653354,0.11225516349077225,1.5131769180297852,0.2725234925746918,0.0012804246507585049,0.014209405519068241,1.5118966102600098,0.2786810100078583,0.9972814321517944,1e-05,-0.3017163872718811,-0.32437917590141296,-0.21616168320178986,-0.21708977222442627,-0.21656255424022675,0.3183206617832184,-0.32215869426727295,-0.3262350857257843,-0.19396954774856567,-0.2159098982810974,-0.22736042737960815,0.018656594678759575,0.13296297192573547,0.01798621006309986,0.1291670948266983,0.0,0.006713161710649729,2.0,constraint_satisfied
173,1720,1729,10,10,2389,2389,0,0.0,2389,0,0.0,0,15.525201200012816,10.394884599983925,5.085226600000169,3.8517279006773606,52.38865189999342,35.17691738800461,quality,worker_variance,pending,-0.005203870051589452,0.00018359892783337273,0.6632488397391219,-0.011733551681237785,8.164323228237137e-07,0.0,0.9999956418024866,0.1628102192067002,0.013157894736842105,0.0,64.0,44.0,0.6875,0.0,0.0,0.0,0.0,43.0,44.0,0.6079952097252795,0.00022011785796693354,0.5585755109786987,1.5341707468032837,0.26469048857688904,0.0010981595842167735,0.014330395497381687,1.533072829246521,0.26187780499458313,0.9970688223838806,1e-05,-0.30168721079826355,-0.32436251640319824,-0.21614006161689758,-0.21707792580127716,-0.2165430188179016,0.3182825446128845,-0.32221484184265137,-0.326351523399353,-0.19393882155418396,-0.21594908833503723,-0.22750551998615265,0.018656861037015915,0.13295890390872955,0.01798621006309986,0.12919266521930695,0.0,0.007326346822082996,2.0,constraint_satisfied
174,1730,1739,10,10,2071,2071,0,0.0,2071,0,0.0,0,12.28134560000035,8.531130499963183,3.9898918999533635,3.006785999808926,45.07747920000111,36.106039606305664,quality,worker_variance,pending,-0.0006367171493669351,0.00010441617654798779,0.5297891822728243,-0.005876830271021886,1.5015183784543518e-07,0.0,0.999987191323078,0.07550918683409691,0.0,0.0,64.0,44.0,0.6875,0.0,0.0,0.0,0.0,43.0,44.0,0.6087556120121118,0.00011141074785634622,0.27256396412849426,1.503002405166626,0.2608242630958557,0.0014082189882174134,0.010476688854396343,1.501594066619873,0.2637837827205658,0.998386561870575,1e-05,-0.3016537129878998,-0.32434654235839844,-0.21612922847270966,-0.21706655621528625,-0.21653060615062714,0.3182533085346222,-0.32223010063171387,-0.326357901096344,-0.19393573701381683,-0.21596287190914154,-0.22753265500068665,0.018659912049770355,0.1329580545425415,0.01798621006309986,0.1292126476764679,0.0,0.007416647858917713,2.0,constraint_satisfied
175,1740,1749,10,10,2499,2499,0,0.0,2499,0,0.0,0,15.818293799995445,10.267508800083306,5.377921699982835,3.341411000699736,55.11219889999484,35.23167406392967,quality,worker_variance,pending,-0.002726623183116317,0.00013415965077001601,0.5465145368129015,-0.008116145920939743,3.746730120379738e-07,0.0,1.0000317141413688,0.09025402723345906,0.0,0.0,64.0,44.0,0.6875,0.0,0.0,0.0,0.0,43.0,44.0,0.6106098130345344,0.0001708359507233581,0.3673184812068939,1.5487293004989624,0.2589671015739441,-0.00030477327527478337,0.011933507397770882,1.5490341186523438,0.26179802417755127,0.9978765249252319,1e-05,-0.30161821842193604,-0.32433363795280457,-0.21611011028289795,-0.2170574814081192,-0.21653226017951965,0.3182182312011719,-0.32229775190353394,-0.32639846205711365,-0.1939297318458557,-0.21601079404354095,-0.22758986055850983,0.01866202987730503,0.1329527199268341,0.01798621006309986,0.12924355268478394,0.0,0.0075958892703056335,2.0,constraint_satisfied
176,1750,1759,10,10,2504,2504,0,0.0,2504,0,0.0,0,15.955560500005959,10.657015799806686,5.797685799974715,3.790774700581096,55.30896880000364,35.13669457436047,quality,worker_variance,pareto_guard_rolled_back,-0.0040908405149821195,0.00016725506093280275,0.6409048717468977,-0.010406046315620188,1.0368647053837777e-06,0.0,0.999933297932148,0.13842217379715294,0.0125,0.0,64.0,44.0,0.6875,0.0,0.0,0.0,0.0,43.0,44.0,0.6144071400165558,0.0002043150071585842,0.8295905590057373,1.5845947265625,0.2628864645957947,-0.000881456071510911,0.013211742974817753,1.585476279258728,0.26248523592948914,0.9974743127822876,1e-05,-0.3016769289970398,-0.3243294656276703,-0.21612967550754547,-0.21705590188503265,-0.21653500199317932,0.31825706362724304,-0.32241302728652954,-0.3264666795730591,-0.19387131929397583,-0.21608692407608032,-0.227681502699852,0.01866382546722889,0.13295462727546692,0.01798621006309986,0.1292877495288849,0.0,0.007996438071131706,2.0,constraint_satisfied
177,1760,1769,10,10,2455,2455,0,0.0,2455,0,0.0,0,16.2616268999991,10.198120900138747,7.66575159993954,3.7671165006468073,54.075554000010015,34.90330389399615,quality,worker_variance,pending,-0.0008100987268755069,0.00013134321176412646,0.6165894609995377,-0.006901352776763722,1.8871196188613865e-07,0.0,1.0000119843544104,0.10598117402062202,0.0,0.0,64.0,43.67948717948718,0.6824919871794872,0.0,0.0,0.0,0.0,43.0,43.67948717948718,0.6070203414330115,0.00017936327080510987,0.2711108922958374,1.581740140914917,0.2601628601551056,-0.0003729914897121489,0.011882317252457142,1.5821131467819214,0.2635636627674103,0.9979140162467957,1e-05,-0.30168581008911133,-0.3243306875228882,-0.21615836024284363,-0.21705707907676697,-0.21653789281845093,0.31830543279647827,-0.3221622407436371,-0.32623517513275146,-0.1939726024866104,-0.2159094214439392,-0.22737009823322296,0.018661510199308395,0.13295957446098328,0.01798621006309986,0.12919577956199646,0.0,0.006813460029661655,2.0,constraint_satisfied
178,1770,1779,10,10,2274,2274,0,0.0,2274,0,0.0,0,14.003521700011333,9.7469774002966,4.069315100030508,3.4667604007117916,50.26894959999481,35.38062181218451,quality,worker_variance,pending,0.00016542163211852312,0.00014017571427555394,0.659238714310858,-0.006349377482062361,1.673821019368107e-06,0.0,1.000051472749975,0.1344787845801976,0.0,0.0,64.0,44.0,0.6875,0.0,0.0,0.0,0.0,43.0,44.0,0.610742837190628,0.0001499953670342317,0.3955242931842804,1.5397452116012573,0.26437366008758545,0.0003919386363122612,0.011998928152024746,1.5393534898757935,0.2659893333911896,0.9979400634765625,1e-05,-0.30170443654060364,-0.32433706521987915,-0.21617113053798676,-0.2170630395412445,-0.21654526889324188,0.3183365762233734,-0.3222140371799469,-0.32625317573547363,-0.1939665526151657,-0.21592923998832703,-0.22743383049964905,0.01866576448082924,0.13297514617443085,0.01798621006309986,0.129205122590065,0.0,0.007138007320463657,2.0,constraint_satisfied
179,1780,1789,10,10,2547,2547,0,0.0,2547,0,0.0,0,14.592250400019111,10.981482299714116,3.4010910999786574,3.8453973999712616,56.02452550001908,36.067916830491015,quality,worker_variance,pending,-0.00042694845469668505,0.00014676491355203325,0.6087708007544279,-0.0064327434200095015,3.7789977085367356e-07,0.0,0.9999842718243599,0.1391116642858833,0.0,0.0,64.0,44.0,0.6875,0.0,0.0,0.0,0.0,43.0,44.0,0.6140176206827164,0.0001705889739241684,0.4514268934726715,1.5677564144134521,0.25902366638183594,0.0012592575512826443,0.012328092008829117,1.5664969682693481,0.26044222712516785,0.997734785079956,1e-05,-0.30174508690834045,-0.3243224024772644,-0.2161645144224167,-0.21705232560634613,-0.21653124690055847,0.3183495104312897,-0.3222256302833557,-0.32628026604652405,-0.1939239501953125,-0.2159394770860672,-0.2274949699640274,0.018670374527573586,0.13297411799430847,0.01798621006309986,0.12922967970371246,0.0,0.007360520772635937,2.0,constraint_satisfied
180,1790,1799,10,10,2321,2321,0,0.0,2321,0,0.0,0,13.046261799987406,9.730706699716393,2.909942800004501,3.38849399931496,50.12232100000256,36.74294874319024,quality,worker_variance,pending,0.0016919579105199995,8.668742250577182e-05,0.6013779289819099,-0.004270117791649583,8.288548819062707e-08,0.0,1.000010740112614,0.07806103747036006,0.0,0.0,64.0,44.0,0.6875,0.0,0.0,0.0,0.0,43.0,44.0,0.6151178455030596,0.00016720006346617624,0.1868078112602234,1.5421459674835205,0.26512181758880615,0.00012962077744305134,0.009478392079472542,1.5420161485671997,0.26849231123924255,0.9987218379974365,1e-05,-0.30173441767692566,-0.3243723511695862,-0.2161990851163864,-0.21708661317825317,-0.21655941009521484,0.318400114774704,-0.3222590386867523,-0.3264148235321045,-0.19386787712574005,-0.2159690409898758,-0.2275828868150711,0.018670184537768364,0.13299597799777985,0.01798621006309986,0.12926821410655975,0.0,0.007449932396411896,2.0,constraint_satisfied
181,1800,1809,10,10,2247,2247,0,0.0,2247,0,0.0,0,12.77854989998741,9.513913300004788,3.148806399956811,3.507304600760108,49.356410300009884,36.1632162114123,quality,worker_variance,pareto_guard_rolled_back,-0.01599193733030309,0.00014603230223049954,0.671890076663759,-0.022627308499068022,5.202360509789136e-07,0.0,0.9999578164683448,0.12240838782033986,0.013888888888888888,0.0,64.0,44.0,0.6875,0.0,0.0,0.0,0.0,43.0,44.0,0.6154575025041898,0.00021026935579963416,0.6957686543464661,1.526809811592102,0.27217820286750793,0.002277543768286705,0.012326312251389027,1.5245323181152344,0.2720544934272766,0.9979490041732788,1e-05,-0.30173373222351074,-0.3244238495826721,-0.21623186767101288,-0.21711795032024384,-0.21659636497497559,0.3184467554092407,-0.3222907483577728,-0.3265080451965332,-0.1938442438840866,-0.21599315106868744,-0.22769911587238312,0.018672360107302666,0.13301658630371094,0.01798621006309986,0.12930846214294434,0.0,0.00782030075788498,2.0,constraint_satisfied
182,1810,1819,10,10,2401,2401,0,0.0,2401,0,0.0,0,13.712879099999554,9.93173720035702,4.740820500039263,3.626575000322191,53.24880130001111,35.856328360594986,quality,worker_variance,pending,0.0005729368422180414,0.00015994634103615106,0.6303718235147627,-0.005643599613808635,1.2679058245418082e-07,0.0,0.9999961006013971,0.10372566485679463,0.0,0.0,64.0,43.0,0.671875,0.0,0.0,0.0,0.0,43.0,43.0,0.6058383278156582,0.00014418024353577303,0.2401561737060547,1.5292861461639404,0.2593413293361664,0.0021922672167420387,0.012786113657057285,1.527093768119812,0.26428547501564026,0.9975692629814148,1e-05,-0.30172640085220337,-0.3243861496448517,-0.2161463350057602,-0.21709544956684113,-0.21657204627990723,0.3183511197566986,-0.32213589549064636,-0.3262045383453369,-0.1939244121313095,-0.21589501202106476,-0.22736689448356628,0.018657781183719635,0.1329578459262848,0.01798621006309986,0.12918293476104736,0.0,0.0067933485843241215,2.0,constraint_satisfied
183,1820,1829,10,10,2650,2650,0,0.0,2650,0,0.0,0,15.359167899994645,11.386626399878878,3.1941910999885295,4.221471200842643,58.73595140001271,35.764838831965235,quality,worker_variance,pending,-0.0001284392617110695,0.00012140471266147437,0.6457877705494562,-0.006517465863864692,1.3001429472919448e-06,0.0,1.0000331685656594,0.14421846544636147,0.0,0.0,64.0,43.48809523809524,0.6795014880952381,0.0,0.0,0.0,0.0,43.0,43.48809523809524,0.6084126496598834,0.0001629768131741522,0.3113846778869629,1.541058897972107,0.2511894106864929,0.0008330638520419598,0.011266217567026615,1.5402259826660156,0.253584086894989,0.9979883432388306,1e-05,-0.3017157316207886,-0.3243515193462372,-0.21613045036792755,-0.21706965565681458,-0.2165551334619522,0.31832942366600037,-0.3221697509288788,-0.3262541890144348,-0.19392263889312744,-0.21591047942638397,-0.22743138670921326,0.018665781244635582,0.13295623660087585,0.01798621006309986,0.12920540571212769,0.0,0.007045812904834747,2.0,constraint_satisfied
184,1830,1839,10,10,2523,2523,0,0.0,2523,0,0.0,0,17.08646160000353,10.842233000206761,6.20178520004265,4.2925069000339136,57.16383390000556,33.97966274760066,quality,worker_variance,pending,-0.00033495452953502536,0.00011102218286396237,0.6952440902590752,-0.007220741070341319,2.9652560556314713e-06,0.0,0.9999930679798126,0.11017330475151539,0.0,0.0,64.0,44.0,0.6875,0.0,0.0,0.0,0.0,43.0,44.0,0.6162931822240353,0.00022283749894995707,0.2730231285095215,1.5784084796905518,0.25176575779914856,0.00257468456402421,0.010917061939835548,1.575833797454834,0.2540963292121887,0.9981197118759155,1e-05,-0.30169567465782166,-0.32436951994895935,-0.21613873541355133,-0.21708036959171295,-0.21657700836658478,0.3183269500732422,-0.32225069403648376,-0.3263237178325653,-0.19392922520637512,-0.21597327291965485,-0.2275090217590332,0.01866968162357807,0.1329711228609085,0.01798621006309986,0.12925024330615997,0.0,0.007200703490525484,2.0,constraint_satisfied
185,1840,1849,10,10,2544,2544,0,0.0,2544,0,0.0,0,17.71036679999088,10.912290700216545,11.576392200018745,4.821124101057649,57.72105200000806,33.72599959633844,quality,worker_variance,pending,-0.0001309310318902135,0.0001474943537687068,0.7321003146469593,-0.007370074222126277,5.921438189204764e-06,0.0,1.0001407019793986,0.14733267822302878,0.0,0.0,64.0,44.0,0.6875,0.0,0.0,0.0,0.0,43.3,44.0,0.6227403253316879,0.00016224268310907063,0.4103195071220398,1.5695955753326416,0.2517979145050049,0.0012663897359743714,0.012210178188979626,1.5683294534683228,0.25145429372787476,0.9976485371589661,1e-05,-0.30168429017066956,-0.3243066966533661,-0.21612092852592468,-0.21703606843948364,-0.2165331095457077,0.3182743191719055,-0.32233139872550964,-0.32637500762939453,-0.19391165673732758,-0.21604886651039124,-0.22756826877593994,0.01867586374282837,0.13295970857143402,0.01798621006309986,0.12928934395313263,0.0,0.007392126601189375,2.0,constraint_satisfied
186,1850,1859,10,10,2295,2295,0,0.0,2295,0,0.0,0,12.737674599979073,9.444143600354437,3.2447534998937044,3.4565956994483713,49.23720510001294,37.03113279299025,quality,worker_variance,pareto_guard_rolled_back,0.00015615869779139757,8.943617068426748e-05,0.6388933368855052,-0.006180902364172248,3.766978748684677e-07,0.0,1.0000141743156645,0.09681491915964419,0.0,0.0,64.0,44.0,0.6875,0.0,0.0,0.0,0.0,44.0,44.0,0.6295519777470164,0.00014307172285852075,0.2608737647533417,1.5349905490875244,0.2682334780693054,0.0008496757945977151,0.009561066515743732,1.534140706062317,0.26935145258903503,0.9987294673919678,1e-05,-0.30170464515686035,-0.3243117928504944,-0.2161196619272232,-0.21703967452049255,-0.2165357619524002,0.3182806968688965,-0.3223601281642914,-0.3264307677745819,-0.19389384984970093,-0.21605080366134644,-0.2276013344526291,0.01867632195353508,0.13296255469322205,0.01798621006309986,0.12929968535900116,0.0,0.007540926802903414,2.0,constraint_satisfied
187,1860,1869,10,10,2249,2249,0,0.0,2249,0,0.0,0,12.681317400012631,9.461080499837408,3.391362600028515,3.2154654009791557,49.56517810001969,36.1305481044926,quality,worker_variance,pending,-0.0019478574912581178,8.52634120241823e-05,0.6302121447192298,-0.008199182731914334,8.287498955736636e-07,0.0,0.9999509760075145,0.09486175970070893,0.0,0.0,64.0,43.56944444444444,0.6807725694444444,0.0,0.0,0.0,0.0,43.0,43.56944444444444,0.6080746716923184,0.00016329943911033397,0.2389460951089859,1.5584598779678345,0.2651032507419586,-0.00014530617045238614,0.009541478008031845,1.5586053133010864,0.26804929971694946,0.9987046122550964,1e-05,-0.30171695351600647,-0.3243221938610077,-0.21615734696388245,-0.21705041825771332,-0.21652454137802124,0.31831249594688416,-0.3221951127052307,-0.32620763778686523,-0.19396328926086426,-0.21592603623867035,-0.22736050188541412,0.018661104142665863,0.13295581936836243,0.01798621006309986,0.1291671246290207,0.0,0.006793702952563763,2.0,constraint_satisfied
188,1870,1879,10,10,2178,2178,0,0.0,2178,0,0.0,0,14.181066100019962,9.067582299758215,6.579374899971299,3.404689399525523,47.85766579999472,35.10710056920884,quality,worker_variance,pending,-0.007067845455769981,0.00011571920901068161,0.682361810547965,-0.01382542697579733,2.1669880620070865e-07,0.0,0.9999927393027714,0.1097153379981007,0.014285714285714285,0.0,64.0,43.82857142857143,0.6848214285714286,0.0,0.0,0.0,0.0,43.0,43.82857142857143,0.6115939233984266,0.00016349634284519457,1.597238540649414,1.542715311050415,0.2734394073486328,0.00216490076854825,0.011598557233810425,1.5405504703521729,0.27716103196144104,0.9982007741928101,1e-05,-0.3017207384109497,-0.3244049847126007,-0.21621116995811462,-0.21710799634456635,-0.21657885611057281,0.31837061047554016,-0.322256863117218,-0.32628798484802246,-0.1939578503370285,-0.21596388518810272,-0.2274608016014099,0.018662838265299797,0.13299117982387543,0.01798621006309986,0.12919272482395172,0.0,0.007006664294749498,2.0,constraint_satisfied
189,1880,1889,10,10,2215,2215,0,0.0,2215,0,0.0,0,13.30559859998175,9.418724900315283,3.7417057999409735,2.917173200083198,47.30843960001948,36.542689874768236,quality,worker_variance,pending,0.0005417035593252097,0.00011321519227099737,0.5608050503901073,-0.005002275824413768,6.873638197037378e-08,0.0,0.9999906267438616,0.10694728679955005,0.0,0.0,64.0,43.857142857142854,0.6852678571428571,0.0,0.0,0.0,0.0,43.0,43.857142857142854,0.6115947995867048,0.00014925529269800922,0.25573158264160156,1.5234588384628296,0.2603686451911926,-0.00037440069718286395,0.010761947371065617,1.5238333940505981,0.26191845536231995,0.998291552066803,1e-05,-0.30172210931777954,-0.32443803548812866,-0.21623504161834717,-0.21713204681873322,-0.2165987342596054,0.3183956742286682,-0.3223022520542145,-0.32634302973747253,-0.19397768378257751,-0.21600235998630524,-0.2275337129831314,0.018665824085474014,0.1330103576183319,0.01798621006309986,0.12923122942447662,0.0,0.007262952625751495,2.0,constraint_satisfied
190,1890,1899,10,10,2538,2538,0,0.0,2538,0,0.0,0,15.36268530000234,10.72572340015904,4.837966799997957,3.840064400457777,54.53944610001054,36.307905770088325,quality,worker_variance,pending,0.00020921174436807632,0.00013881041313652532,0.5808951992541551,-0.005521516819135286,7.488501516661472e-07,0.0,1.0000060446560384,0.153835678845644,0.0125,0.0,64.0,44.0,0.6875,0.0,0.0,0.0,0.0,43.0,44.0,0.6140183478593826,0.00017635910280660027,0.7953730225563049,1.5429754257202148,0.2618074119091034,-0.00014759722398594022,0.012009231373667717,1.5431228876113892,0.2637929320335388,0.9978958964347839,1e-05,-0.3016895055770874,-0.32441285252571106,-0.21620367467403412,-0.21711459755897522,-0.2165789008140564,0.31834879517555237,-0.3223501741886139,-0.32635802030563354,-0.19393081963062286,-0.21603068709373474,-0.22761215269565582,0.01867394521832466,0.13300104439258575,0.01798621006309986,0.12924595177173615,0.0,0.007628811523318291,2.0,constraint_satisfied
191,1900,1909,10,10,2702,2702,0,0.0,2702,0,0.0,0,16.067141899984563,11.511706899793353,5.946559299976798,3.9138913996575866,60.47965149997617,35.298670002829745,quality,worker_variance,pareto_guard_rolled_back,-0.004958417472364598,0.00010141444887944258,0.5380485033573106,-0.010281120302415517,9.563220861616365e-07,0.0,0.9999965761983117,0.08310463491740615,0.0,0.0,64.0,44.0,0.6875,0.0,0.0,0.0,0.0,43.325581395348834,44.0,0.6190782917100329,0.00014149154374662917,0.2866905629634857,1.530531883239746,0.24708053469657898,-0.00041515729390084743,0.010258837603032589,1.530946969985962,0.24995280802249908,0.9982760548591614,1e-05,-0.3016775846481323,-0.3244284689426422,-0.21620574593544006,-0.21712662279605865,-0.21658624708652496,0.3183650076389313,-0.32241228222846985,-0.3264671266078949,-0.19386471807956696,-0.2160777449607849,-0.22766909003257751,0.018679030239582062,0.13301019370555878,0.01798621006309986,0.1292668879032135,0.0,0.007699608337134123,2.0,constraint_satisfied
192,1910,1919,10,10,2251,2251,0,0.0,2251,0,0.0,0,13.519176599977072,9.778249799797777,3.5481594000011683,3.109338099544402,49.49696019999101,35.72100916223002,quality,worker_variance,pending,-0.005411960805455844,0.0001308479270139489,0.5793607437776195,-0.011130755323797025,5.417839715625582e-07,0.0,0.9999901668892966,0.0946584854585429,0.0,0.0,64.0,43.31944444444444,0.6768663194444444,0.0,0.0,0.0,0.0,43.0,43.31944444444444,0.6070186719298363,0.00018777342221356876,0.49588605761528015,1.5006392002105713,0.26279693841934204,-0.0002152114757336676,0.0122565608471632,1.5008544921875,0.2672846019268036,0.9978247880935669,1e-05,-0.3017118573188782,-0.3243258595466614,-0.2161383330821991,-0.21705283224582672,-0.21652309596538544,0.31825536489486694,-0.32214853167533875,-0.32622507214546204,-0.1939997375011444,-0.21590138971805573,-0.22735805809497833,0.01865890808403492,0.13294245302677155,0.01798621006309986,0.12917186319828033,0.0,0.00664422195404768,2.0,constraint_satisfied
193,1920,1929,10,10,2453,2453,0,0.0,2453,0,0.0,0,15.098838599980809,10.294719099765643,5.524710299971048,3.931516799784731,55.33983979999903,34.824617038821415,quality,worker_variance,pending,0.0015733707815599747,0.0001416930748606459,0.6845839229913858,-0.005191903930002202,1.0484585616793013e-06,0.0,0.9999932134762789,0.11971648729955539,0.0,0.0,64.0,43.0,0.671875,0.0,0.0,0.0,0.0,43.0,43.0,0.6096684672893622,0.00019436511660714107,0.4222610294818878,1.5385726690292358,0.24380850791931152,-9.684365068096668e-05,0.012076906859874725,1.5386695861816406,0.24549414217472076,0.9975463151931763,1e-05,-0.30168724060058594,-0.32429176568984985,-0.21611759066581726,-0.21702927350997925,-0.21650269627571106,0.3182208240032196,-0.3222024142742157,-0.32624655961990356,-0.1939965784549713,-0.21593528985977173,-0.2274172306060791,0.01866566203534603,0.13293352723121643,0.01798621006309986,0.12920162081718445,0.0,0.006730883382260799,2.0,constraint_satisfied
194,1930,1939,10,10,2473,2473,0,0.0,2473,0,0.0,0,14.677734099997906,10.64703520006151,3.636781799956225,3.9043175997503567,54.8738602999947,35.556338015455516,quality,worker_variance,pending,0.0006256920213882739,0.00014961101176315703,0.626384749244421,-0.0055556667025368186,8.2448462961064e-06,0.0,1.0000333526195624,0.12824783873004028,0.0,0.0,64.0,43.85897435897436,0.6852964743589743,0.0,0.0,0.0,0.0,43.38461538461539,43.85897435897436,0.6181009419453449,0.000153663818379685,0.3619931936264038,1.5554879903793335,0.2702092230319977,0.0014394562458619475,0.012497402727603912,1.5540485382080078,0.27110612392425537,0.997860848903656,1e-05,-0.301646888256073,-0.3242478370666504,-0.21610184013843536,-0.21699535846710205,-0.21647906303405762,0.3181859254837036,-0.3222073018550873,-0.32621222734451294,-0.19396597146987915,-0.21592599153518677,-0.22746065258979797,0.01866944506764412,0.13292454183101654,0.01798621006309986,0.12919887900352478,0.0,0.006902759894728661,2.0,constraint_satisfied
195,1940,1949,10,10,2378,2378,0,0.0,2378,0,0.0,0,13.698359200003324,10.017230300029041,3.464601000014227,3.377678599965293,53.09948249999434,35.599952625416684,quality,worker_variance,pending,-0.004587716949907572,0.00012503201871463956,0.5852880023027721,-0.010371010197942317,1.470403941763571e-06,0.0,0.9999942669742986,0.09711408102884889,0.013157894736842105,0.0,64.0,44.0,0.6875,0.0,0.0,0.0,0.0,44.0,44.0,0.6260542955837751,0.00014141856138992712,0.6795421838760376,1.521649718284607,0.2659984827041626,-0.00018085830379277468,0.011266669258475304,1.521830439567566,0.26934465765953064,0.9982059597969055,1e-05,-0.3016214072704315,-0.3242708146572113,-0.2161228507757187,-0.2170116901397705,-0.216496080160141,0.31819191575050354,-0.3222338557243347,-0.3262294828891754,-0.19398276507854462,-0.21594496071338654,-0.22749494016170502,0.018674124032258987,0.1329394429922104,0.01798621006309986,0.12920019030570984,0.0,0.006916757207363844,2.0,constraint_satisfied
196,1950,1959,10,10,2397,2397,0,0.0,2397,0,0.0,0,13.780832200020086,10.329783199937083,3.194482999970205,3.717863199446583,54.35881929998868,35.17775549526683,quality,worker_variance,pareto_guard_rolled_back,-1.4963927433678978e-05,0.00011035005024352454,0.6800223055638766,-0.006750307183737229,2.247057203045475e-06,0.0,1.0000406205654144,0.11737503091755666,0.0,0.0,64.0,44.0,0.6875,0.0,0.0,0.0,0.0,44.0,44.0,0.6317771320280275,0.0001941177086241384,0.40846744179725647,1.5282787084579468,0.250212699174881,0.0005772709846496582,0.010697096586227417,1.5277016162872314,0.25253334641456604,0.9981722831726074,1e-05,-0.3016040325164795,-0.3243063986301422,-0.216170996427536,-0.2170344889163971,-0.21651431918144226,0.31820017099380493,-0.32225629687309265,-0.3262581527233124,-0.1939711570739746,-0.2159608006477356,-0.2275276482105255,0.018678730353713036,0.13296736776828766,0.01798621006309986,0.12919679284095764,0.0,0.006921363528817892,2.0,constraint_satisfied
197,1960,1969,10,10,2608,2608,0,0.0,2608,0,0.0,0,15.971081499999855,11.128828000102658,6.7294126999913715,4.066185800882522,57.63248719999683,35.43306453835189,quality,worker_variance,pending,0.00026369506561356345,0.00013366695384320337,0.6069760860466376,-0.0057308787952756466,2.73929984820004e-07,0.0,0.9999996191117821,0.09516833295545928,0.0,0.0,64.0,43.69512195121951,0.6827362804878049,0.0,0.0,0.0,0.0,43.0,43.69512195121951,0.6072860977998594,0.00016706341876869838,0.21522176265716553,1.5335115194320679,0.253817081451416,-0.0005393678438849747,0.012310146354138851,1.5340508222579956,0.2584421932697296,0.997647762298584,1e-05,-0.30170315504074097,-0.3243139088153839,-0.21613474190235138,-0.2170441895723343,-0.21651099622249603,0.318264365196228,-0.32216158509254456,-0.32622021436691284,-0.19397638738155365,-0.21591982245445251,-0.22732584178447723,0.018660763278603554,0.1329415887594223,0.01798621006309986,0.1291954666376114,0.0,0.006680287886410952,2.0,constraint_satisfied
198,1970,1979,10,10,2382,2382,0,0.0,2382,0,0.0,0,13.28494139999384,10.00582099982421,2.848909900028957,3.4341176995658316,54.49703959998442,35.14208296745951,quality,worker_variance,pending,0.000509097314390697,0.0001687252592283154,0.6263959807784933,-0.00566278654763377,9.62892133278621e-07,0.0,1.0000302846494473,0.13081730554174437,0.0,0.0,64.0,43.421052631578945,0.678453947368421,0.0,0.0,0.0,0.0,43.0,43.421052631578945,0.6073451081388875,0.00015426923346240073,0.3993087410926819,1.5287078619003296,0.2613108158111572,0.00018744630506262183,0.01324053667485714,1.5285203456878662,0.2651442587375641,0.9974325895309448,1e-05,-0.3016805946826935,-0.32439327239990234,-0.21619486808776855,-0.2171003222465515,-0.2165631204843521,0.3183317184448242,-0.32219505310058594,-0.32628971338272095,-0.19392669200897217,-0.2159472405910492,-0.2273709774017334,0.018660489469766617,0.1329672485589981,0.01798621006309986,0.12921413779258728,0.0,0.006906127091497183,2.0,constraint_satisfied
199,1980,1989,10,10,2255,2255,0,0.0,2255,0,0.0,0,14.534904000000097,9.33221590030007,6.002656899974681,3.6646534003375564,49.659443599986844,35.12770336185267,quality,worker_variance,pending,0.0002623518489094244,0.00020317770081924714,0.6536636232501931,-0.006166459901982712,7.868313266120216e-07,0.0,0.9999397984809346,0.15208070430283746,0.0,0.0,64.0,43.0,0.671875,0.0,0.0,0.0,0.0,43.0,43.0,0.6069924384355545,0.0001247055784511354,0.4395161271095276,1.5310618877410889,0.283468633890152,0.0015172491548582911,0.014959831722080708,1.529544472694397,0.28178372979164124,0.9972148537635803,1e-05,-0.30170226097106934,-0.3245120942592621,-0.21626141667366028,-0.21718212962150574,-0.2166527360677719,0.31844890117645264,-0.3222891092300415,-0.3264125883579254,-0.19389910995960236,-0.21601536870002747,-0.22747769951820374,0.018661510199308395,0.13301490247249603,0.01798621006309986,0.12927164137363434,0.0,0.007376456633210182,2.0,constraint_satisfied
200,1990,1999,10,10,2525,2525,0,0.0,2525,0,0.0,0,15.27251010001055,11.210519600339467,3.801729799975874,3.737723099271534,55.84858649998205,35.502827159730025,quality,worker_variance,pareto_guard_rolled_back,-0.0016586925135925411,7.318965649574238e-05,0.6135421235114336,-0.00775003028975334,4.625538014835229e-07,0.0,0.9999740667641163,0.0859219762030989,0.0,0.0,64.0,43.0,0.671875,0.0,0.0,0.0,0.0,43.0,43.0,0.6109661489725113,0.00014977593255025568,0.17072276771068573,1.5565749406814575,0.2503105700016022,-0.0010735336691141129,0.008659038692712784,1.5576484203338623,0.25220802426338196,0.9988033175468445,1e-05,-0.3017096519470215,-0.3245220482349396,-0.2162681519985199,-0.21718640625476837,-0.2166603058576584,0.3184724748134613,-0.322379469871521,-0.3265446424484253,-0.19391058385372162,-0.21608975529670715,-0.22756674885749817,0.018665017560124397,0.1330171376466751,0.01798621006309986,0.12932327389717102,0.0,0.007456393912434578,2.0,constraint_satisfied
