update_id,episode_start,episode_end,episode_count,parallel_envs,transition_count,environment_step_count,forced_action_count,forced_action_ratio,worker_step_command_count,worker_local_physical_forced_action_count,worker_local_physical_forced_share,estimated_worker_step_round_trips_avoided,sampling_wall_time_seconds,policy_inference_time_seconds,generation_time_seconds,environment_step_time_seconds,ppo_update_time_seconds,transitions_per_second,reward_phase,candidate_status,policy_loss,value_loss,entropy,loss,approx_kl,clip_fraction,ratio_mean,gradient_norm,gradient_clipped_fraction,gradient_norm_max,return_mean,return_std,advantage_mean,advantage_std,value_prediction_mean,value_prediction_std,pre_update_explained_variance,learning_rate,policy_head_weight_production_processing_time_norm,policy_head_weight_production_reconfiguration_time_norm,policy_head_weight_production_fixed_reconfiguration_cost_norm,policy_head_weight_production_estimated_labor_cost_norm,policy_head_weight_production_estimated_downtime_cost_norm,policy_head_weight_production_horizon_slack_norm,policy_head_weight_worker_stage_duration_norm,policy_head_weight_worker_projected_fatigue_ratio,policy_head_weight_worker_incremental_labor_cost_norm,policy_head_weight_worker_incremental_downtime_cost_norm,policy_head_weight_worker_incremental_load_variance_norm,policy_head_gate_production_common,policy_head_gate_production_residual,policy_head_gate_worker_common,policy_head_gate_worker_residual
1,0,9,10,10,2129,2129,0,0.0,2129,0,0.0,0,12.544630999967922,7.313027799711563,4.1308904000907205,1.6221146999159828,23.43597710004542,59.170762041656836,feasibility,feasibility_best,0.0026171993025962043,0.009574059650356717,0.460845509872717,0.0027957743184421867,0.004881191633210298,0.04751027249457205,0.9983665767837974,0.43556007414179687,0.29411764705882354,1.921805739402771,0.4282149374485016,0.1854686290025711,0.14605583250522614,0.15361209213733673,0.28215911984443665,0.08536086231470108,0.31402236223220825,0.0001,-0.29979729652404785,-0.2999182343482971,-0.19995065033435822,-0.19994951784610748,-0.20000694692134857,0.29966282844543457,-0.2998184263706207,-0.29968902468681335,-0.19989387691020966,-0.19985371828079224,-0.20005996525287628,0.017959926277399063,0.11939273774623871,0.01798621006309986,0.11926687508821487
2,10,19,10,10,1850,1850,0,0.0,1850,0,0.0,0,8.33415499998955,6.256558799534105,1.470465999969747,1.6114981994614936,19.302487600012682,66.94011377488562,feasibility,feasibility_best,0.001422540292721884,0.005335047967523208,0.5384461324790428,-0.001294397130801246,0.0014448848448629524,0.02082714030583357,1.000430312649957,0.549771144215403,0.39655172413793105,1.8297104835510254,0.6461105346679688,0.15886971354484558,0.16161537170410156,0.07479238510131836,0.48449525237083435,0.1111944317817688,0.7783679366111755,0.0001,-0.2996586561203003,-0.3002270460128784,-0.20011529326438904,-0.20017793774604797,-0.20028771460056305,0.2998914420604706,-0.2997824251651764,-0.2996634840965271,-0.19980621337890625,-0.19988831877708435,-0.19998164474964142,0.017963601276278496,0.11939311772584915,0.01798621006309986,0.11940403282642365
3,20,29,10,10,2119,2119,0,0.0,2119,0,0.0,0,9.704357000009622,7.418326499289833,1.42907719995128,1.7174669017549604,24.3128647999838,62.29197705970244,feasibility,phase_transition,0.01128074265879524,0.003899262934710885,0.5782480073325774,0.0074478950324084825,0.001050316611166208,0.00942095588235294,1.0002210333066828,0.4581898655742407,0.27941176470588236,1.5464253425598145,0.7713358402252197,0.19432403147220612,0.13401608169078827,0.07059364765882492,0.6373197436332703,0.1624746471643448,0.8680291175842285,0.0001,-0.29983261227607727,-0.30063942074775696,-0.20023100078105927,-0.20041023194789886,-0.20049527287483215,0.3001740872859955,-0.2996927499771118,-0.29946649074554443,-0.19976535439491272,-0.1998559683561325,-0.199863001704216,0.017984803766012192,0.11943657696247101,0.01798621006309986,0.11953689903020859
4,30,39,10,10,5636,5636,0,0.0,5636,0,0.0,0,35.52170390001265,23.627589299925603,1.4888055999181233,3.5981637984514236,56.14856639999198,61.48121939157973,quality,not_promoted,-0.0019562003317843664,0.006856021011914349,0.22930843768159995,-0.0008212744828648447,0.00046594831516987153,0.005003511235955056,1.0000398132238495,0.3374362097362454,0.19662921348314608,1.3826335668563843,0.8153855800628662,0.16821369528770447,0.03662041574716568,0.10200601816177368,0.7787652015686035,0.14506876468658447,0.6322701573371887,0.0001,-0.2997501492500305,-0.3009532690048218,-0.2003234177827835,-0.20062677562236786,-0.20076920092105865,0.30010509490966797,-0.29984140396118164,-0.2994595468044281,-0.19959931075572968,-0.19996993243694305,-0.19978490471839905,0.01800115779042244,0.1195686012506485,0.01798621006309986,0.11987223476171494
5,40,49,10,10,2419,2419,0,0.0,2419,0,0.0,0,11.853236700000707,8.747099100321066,2.1002201000228524,1.836876199406106,28.46912009996595,59.99153303464644,quality,not_promoted,0.0005900534605117221,0.0021042145365898156,0.501779488434917,-0.003375633515564627,0.001945569287176783,0.021845168997778705,0.9986741080095893,0.29971702259622124,0.15789473684210525,1.1727045774459839,0.9029387831687927,0.26187610626220703,0.09857973456382751,0.06717881560325623,0.8043590784072876,0.23625800013542175,0.9341928958892822,0.0001,-0.3001722991466522,-0.3012722134590149,-0.2006550133228302,-0.2008676826953888,-0.20107078552246094,0.30043575167655945,-0.2993871867656708,-0.2989672124385834,-0.199529230594635,-0.1996803879737854,-0.19971685111522675,0.018070796504616737,0.1196661964058876,0.01798621006309986,0.12012393772602081
6,50,59,10,10,2209,2209,0,0.0,2209,0,0.0,0,10.012518199975602,7.6583844004780985,1.5786757000605576,1.6475953019107692,23.353241300035734,66.20559618908868,quality,not_promoted,-3.899515473416873e-05,0.0017460605840564573,0.512702083161899,-0.004292985151654907,0.0023586585427567896,0.029870129908834184,0.998830931527274,0.3531858469758715,0.21428571428571427,1.0001776218414307,1.0712305307388306,0.1925327032804489,0.09061767905950546,0.056988488882780075,0.9806128740310669,0.1945819854736328,0.9123876690864563,0.0001,-0.3004031181335449,-0.30171602964401245,-0.20101508498191833,-0.201197549700737,-0.20139095187187195,0.30102160573005676,-0.29934078454971313,-0.29912814497947693,-0.19938188791275024,-0.19966866075992584,-0.19992421567440033,0.018126608803868294,0.12008953094482422,0.01798621006309986,0.12004733085632324
7,60,69,10,10,2255,2255,0,0.0,2255,0,0.0,0,10.744281199993566,7.913271699275356,1.927425200061407,1.8094377002562396,26.096026099985465,61.21013002519888,quality,not_promoted,0.0014209070165331166,0.0012714075091935229,0.5249850807918442,-0.003193240677420464,0.001729423089677261,0.022786458333333332,1.0000587527950604,0.3471704505177008,0.2361111111111111,0.9311853647232056,1.0881060361862183,0.21603073179721832,0.084812693297863,0.04803735017776489,1.003293514251709,0.21312972903251648,0.9505544900894165,0.0001,-0.3003779649734497,-0.3022088408470154,-0.20139990746974945,-0.2015494406223297,-0.20172984898090363,0.3012828230857849,-0.29988014698028564,-0.2997610569000244,-0.19940030574798584,-0.20004525780677795,-0.1999664306640625,0.018141696229577065,0.12013912945985794,0.01798621006309986,0.1200299933552742
8,70,79,10,10,2081,2081,0,0.0,2081,0,0.0,0,17.20566759997746,6.982083699025679,9.305620500119403,1.6873953996691853,21.624184800020885,53.59278677042019,quality,not_promoted,0.0003134535456245596,0.0011685001438970423,0.49731987353527185,-0.004075495243975611,0.0035634352208228047,0.03715421259403229,0.9991195635362105,0.36401970526485733,0.18181818181818182,0.9957141280174255,1.220119595527649,0.2003997564315796,0.07198977470397949,0.05195736140012741,1.1481297016143799,0.18586446344852448,0.9327797889709473,0.0001,-0.3007080554962158,-0.3028659522533417,-0.20176823437213898,-0.20201295614242554,-0.20220103859901428,0.3020189106464386,-0.2996992766857147,-0.29952841997146606,-0.19918008148670197,-0.19989414513111115,-0.19985337555408478,0.01814950257539749,0.12015848606824875,0.01798621006309986,0.1200813427567482
9,80,89,10,10,2346,2346,0,0.0,2346,0,0.0,0,11.581545100023504,8.502327500609681,1.688561700109858,1.8072626005741768,26.580686300003435,61.47439271589197,quality,not_promoted,-0.000542861527473842,0.000936280724410018,0.4749540545650431,-0.004824262046305513,0.0010468674775659787,0.014468709787202848,0.9995130638818484,0.27996634903389056,0.12162162162162163,0.7869011163711548,1.2426406145095825,0.22739891707897186,0.05971512943506241,0.05029206722974777,1.1829255819320679,0.22815576195716858,0.951087236404419,0.0001,-0.3010096251964569,-0.3031958043575287,-0.2019578367471695,-0.2022463083267212,-0.2024274468421936,0.30252712965011597,-0.2992144227027893,-0.29917460680007935,-0.19919416308403015,-0.19953975081443787,-0.19944973289966583,0.018193159252405167,0.12033715844154358,0.01798621006309986,0.12005262821912766
10,90,99,10,10,2014,2014,0,0.0,2014,0,0.0,0,9.311299499997403,6.9508900996879674,1.4200788000016473,1.65407469967613,22.08123460004572,64.1553814541284,quality,not_promoted,0.0005927995080128312,0.0008631127147964435,0.5708827348425984,-0.0046844707321724854,0.0013899072200729279,0.014680989610496908,0.9998183930292726,0.37249061616603285,0.203125,0.8893234133720398,1.2963348627090454,0.17720164358615875,0.05212920531630516,0.04737958684563637,1.2442054748535156,0.16389228403568268,0.9285097122192383,0.0001,-0.3008204400539398,-0.30349066853523254,-0.2021879255771637,-0.20245373249053955,-0.20261351764202118,0.3026767671108246,-0.2989884912967682,-0.29908865690231323,-0.19913004338741302,-0.19937261939048767,-0.19932666420936584,0.018174272030591965,0.12069268524646759,0.01798621006309986,0.11995965987443924
11,100,109,10,10,2119,2119,0,0.0,2119,0,0.0,0,10.30818089999957,7.399617600312922,1.938207000028342,2.0224884027265944,24.00950990000274,61.74657882283435,quality,catastrophic_rolled_back,-0.0012635220636558883,0.0009293741221721147,0.5934176883276772,-0.006733011591302998,0.0018929295404960962,0.0234375,1.0004723440198338,0.4186356329523465,0.3235294117647059,0.9837972521781921,1.3456676006317139,0.22416700422763824,0.04889911413192749,0.04837609454989433,1.2967684268951416,0.21681645512580872,0.9534287452697754,0.0001,-0.3005305528640747,-0.30358636379241943,-0.20220337808132172,-0.20252886414527893,-0.20263336598873138,0.30269235372543335,-0.29870256781578064,-0.2989020049571991,-0.19918973743915558,-0.1991797536611557,-0.19935908913612366,0.01816611923277378,0.12104424089193344,0.01798621006309986,0.11993667483329773
12,110,119,10,10,2483,2483,0,0.0,2483,0,0.0,0,11.653423800016753,8.92725280020386,1.8410997999599203,1.9030850980780087,29.941521000000648,59.69475406056943,quality,not_promoted,-0.0006299196766355099,0.0010538831206175904,0.4873075832923253,-0.004976053853543141,0.002538842396088279,0.03135605204181793,0.9980545166211251,0.35483467941864943,0.20512820512820512,0.8945375680923462,1.2728146314620972,0.2523679733276367,0.06156216561794281,0.0506599023938179,1.2112525701522827,0.2504606246948242,0.9597041606903076,0.0001,-0.30149123072624207,-0.30325111746788025,-0.20188747346401215,-0.20227967202663422,-0.20252449810504913,0.3025972545146942,-0.299005925655365,-0.29889512062072754,-0.199262335896492,-0.19933612644672394,-0.19915975630283356,0.018170027062296867,0.12049561738967896,0.01798621006309986,0.12017244845628738
13,120,129,10,10,2446,2446,0,0.0,2446,0,0.0,0,12.474379599967506,9.065190701105166,1.603336500003934,2.1699068004381843,29.1045261999825,58.82790691435033,quality,not_promoted,0.00296192209666165,0.009562986839461165,0.5643134503028332,0.0021002803487368883,0.004118862024580057,0.061841804056595534,1.0018413670552082,0.43566003842995715,0.3333333333333333,1.6201924085617065,1.3645180463790894,0.25703004002571106,0.03207901492714882,0.12343159317970276,1.3324390649795532,0.20963312685489655,0.7693864107131958,0.0001,-0.30183711647987366,-0.3033202588558197,-0.20191361010074615,-0.20233136415481567,-0.2025894969701767,0.3026618957519531,-0.2990278899669647,-0.298948734998703,-0.19919513165950775,-0.19939281046390533,-0.19932931661605835,0.018165770918130875,0.12056741118431091,0.01798621006309986,0.12007007002830505
14,130,139,10,10,2222,2222,0,0.0,2222,0,0.0,0,11.415508599951863,7.990498999832198,2.0108396998839453,1.9669413001975045,25.685779799998272,59.890103439183704,quality,not_promoted,0.00018093701718108996,0.0013730866689002142,0.5377250394650868,-0.0045097684820315665,0.00197246044824299,0.02637810558080673,1.0011218326432365,0.37328934680138315,0.22857142857142856,1.0002180337905884,1.3568365573883057,0.23581364750862122,0.03706679865717888,0.05147075653076172,1.3197697401046753,0.23449911177158356,0.9523587226867676,0.0001,-0.3018742799758911,-0.3033900260925293,-0.2021716833114624,-0.2023874819278717,-0.20269913971424103,0.3027331829071045,-0.298690527677536,-0.2985852062702179,-0.1990736573934555,-0.19915248453617096,-0.1993943750858307,0.018149830400943756,0.12072554975748062,0.01798621006309986,0.12014079093933105
15,140,149,10,10,2129,2129,0,0.0,2129,0,0.0,0,10.027152900001965,7.540914899378549,1.4850639000651427,1.8405137012014166,24.14063629996963,62.31014794488869,quality,not_promoted,-0.0004505957271355916,0.0007611464007983587,0.5733618731884396,-0.005803640976356452,0.00197532928423778,0.025113538126735127,1.0009549505570356,0.2994968124172267,0.1323529411764706,1.0780316591262817,1.3935855627059937,0.2357439398765564,0.033329762518405914,0.04359227418899536,1.3602559566497803,0.24102868139743805,0.9658069610595703,0.0001,-0.30218467116355896,-0.3033336400985718,-0.202189102768898,-0.20234446227550507,-0.20260636508464813,0.30291658639907837,-0.29851773381233215,-0.2981257736682892,-0.19897229969501495,-0.19903820753097534,-0.1994883418083191,0.018204346299171448,0.12081413716077805,0.01798621006309986,0.12025561183691025
16,150,159,10,10,2394,2394,0,0.0,2394,0,0.0,0,19.77142940001795,8.403661100019235,10.490649299987126,1.7697391994297504,28.32963120000204,49.770212343280534,quality,not_promoted,-0.00035317309543882544,0.0007097080298607532,0.49886906931274816,-0.004987010260504719,0.0029400089693617224,0.039157388682820295,0.9983840310259869,0.2981488787029919,0.17105263157894737,0.7015005350112915,1.3832381963729858,0.23117053508758545,0.031201807782053947,0.04204288870096207,1.3520363569259644,0.22938279807567596,0.9669234752655029,0.0001,-0.30220410227775574,-0.3039793074131012,-0.20258429646492004,-0.2027934044599533,-0.20302101969718933,0.3033348023891449,-0.29787707328796387,-0.2975870966911316,-0.19917955994606018,-0.19862185418605804,-0.19942700862884521,0.018207447603344917,0.1212058737874031,0.01798621006309986,0.1201583743095398
17,160,169,10,10,2225,2225,0,0.0,2225,0,0.0,0,10.923229300009552,7.921912000572775,1.8553140999865718,1.8721736001898535,23.276410299993586,65.0591651264008,quality,catastrophic_rolled_back,-0.0023848926116313254,0.000436268283478317,0.5138850254671914,-0.00730560920201242,0.0017836513438461614,0.024107142857142858,0.9997813480240958,0.254662459982293,0.08571428571428572,0.6093533039093018,1.4388127326965332,0.22387541830539703,0.01938485912978649,0.02836081199347973,1.4194278717041016,0.2164624184370041,0.9839518666267395,0.0001,-0.3020482659339905,-0.30432742834091187,-0.20287750661373138,-0.20303873717784882,-0.20329640805721283,0.30359965562820435,-0.29820916056632996,-0.2978913486003876,-0.19910092651844025,-0.19889788329601288,-0.1998109519481659,0.018221350386738777,0.1216014102101326,0.01798621006309986,0.12024442851543427
18,170,179,10,10,1979,1979,0,0.0,1979,0,0.0,0,9.005554000032134,6.8215111996396445,1.4687663000659086,1.5455247999052517,21.98612450005021,63.85585085347158,quality,not_promoted,0.0003109597300569857,0.0006604061746921,0.5246881861840526,-0.004605718880831715,0.0010180243933122725,0.011404797705190798,1.0011778339262931,0.306840525639634,0.0967741935483871,0.9809062480926514,1.4233627319335938,0.24948517978191376,0.021486178040504456,0.03650872781872749,1.4018765687942505,0.24485762417316437,0.9785857200622559,0.0001,-0.302230566740036,-0.3035160005092621,-0.20245163142681122,-0.2024691104888916,-0.20273840427398682,0.30312293767929077,-0.298390656709671,-0.29781046509742737,-0.1988563984632492,-0.19894760847091675,-0.19935299456119537,0.01825857162475586,0.12108553200960159,0.01798621006309986,0.12024135142564774
19,180,189,10,10,1918,1918,0,0.0,1918,0,0.0,0,8.772490100003779,6.487136800540611,1.3766451999545097,1.5617534007760696,21.548430700029712,63.256654131621275,quality,not_promoted,-0.0014413743706730505,0.00047546989177741733,0.5285401662190755,-0.00648904040766259,0.0011241264214428763,0.01328125,1.0000803391138713,0.23640747393170994,0.016666666666666666,0.874894380569458,1.4328782558441162,0.23382318019866943,0.016436351463198662,0.030772123485803604,1.416441798210144,0.22935335338115692,0.9826803207397461,0.0001,-0.30207622051239014,-0.3038100600242615,-0.202810138463974,-0.20267051458358765,-0.20304998755455017,0.30330121517181396,-0.2986547648906708,-0.29764965176582336,-0.19868138432502747,-0.199132040143013,-0.19946078956127167,0.01826796680688858,0.12139663100242615,0.01798621006309986,0.12030116468667984
20,190,199,10,10,1834,1834,0,0.0,1834,0,0.0,0,8.407972900022287,6.203717799799051,1.3975763999624178,1.693444900563918,19.941600600024685,64.69233126194865,quality,not_promoted,0.0007676688697317551,0.00031211679893674264,0.5577371695946003,-0.004653644057568805,0.0020788111954782927,0.02720905172413793,0.9988853201783937,0.2592389440356657,0.05172413793103448,0.8317154049873352,1.4182120561599731,0.2597081959247589,0.008961495943367481,0.023460712283849716,1.4092504978179932,0.25831812620162964,0.991839587688446,0.0001,-0.3020485043525696,-0.303847074508667,-0.20275533199310303,-0.20275664329528809,-0.20313630998134613,0.3033243715763092,-0.29849183559417725,-0.29776453971862793,-0.19845251739025116,-0.19908082485198975,-0.19945694506168365,0.018296441063284874,0.12160947918891907,0.01798621006309986,0.12034004181623459
21,200,209,10,10,1958,1958,0,0.0,1958,0,0.0,0,9.304528600012418,6.6907026003464125,1.5001463000662625,1.769946998800151,21.885398700018413,62.77667726394683,quality,catastrophic_rolled_back,0.002256145595663017,0.00021893446518656527,0.5478359085898246,-0.0031127454712986946,0.0023884651506499897,0.035547538209826715,0.9987937769582195,0.25932539344554945,0.08064516129032258,0.6058537364006042,1.4436925649642944,0.2667275369167328,0.008491979911923409,0.021343793720006943,1.4352006912231445,0.26417043805122375,0.9935966730117798,0.0001,-0.3020520508289337,-0.3041830360889435,-0.20282697677612305,-0.2030043751001358,-0.20332632958889008,0.30352285504341125,-0.2987560033798218,-0.297999769449234,-0.1980801373720169,-0.1993199586868286,-0.19967275857925415,0.018303316086530685,0.12183929234743118,0.01798621006309986,0.12044529616832733
22,210,219,10,10,1864,1864,0,0.0,1864,0,0.0,0,8.774208599992562,6.345706800115295,1.925161599938292,1.5174245010712184,19.494452300015837,65.93874420133733,quality,not_promoted,-0.00401815390214324,0.0006137882182277583,0.5171347816785177,-0.00888260774469624,0.0012429698059956233,0.011979166666666667,0.9998899678389231,0.35157522149384024,0.18333333333333332,1.391709804534912,1.455430507659912,0.26180320978164673,0.01842358335852623,0.03330397605895996,1.4370067119598389,0.2571812868118286,0.9838176369667053,0.0001,-0.3025699555873871,-0.30359116196632385,-0.20254270732402802,-0.20252740383148193,-0.2028069794178009,0.30344218015670776,-0.2987455427646637,-0.29794517159461975,-0.19887518882751465,-0.1991685926914215,-0.19947080314159393,0.01827950030565262,0.12155359238386154,0.01798621006309986,0.12004010379314423
23,220,229,10,10,2416,2416,0,0.0,2416,0,0.0,0,11.481454099994153,8.780343000136781,1.6355510000721551,1.9087958007585257,28.22630440001376,60.844532435632665,quality,not_promoted,-0.0003834605388539402,0.00037541804914852897,0.4898281497390647,-0.00509403264578922,0.0009091128346259019,0.00938870615668987,1.0004711284449226,0.2597655883353007,0.10526315789473684,0.7806451916694641,1.4507383108139038,0.2318515181541443,0.020835159346461296,0.028488487005233765,1.429903268814087,0.22877293825149536,0.984902024269104,0.0001,-0.3027069568634033,-0.30421051383018494,-0.20291578769683838,-0.20296511054039001,-0.2032434493303299,0.3041636645793915,-0.2991010844707489,-0.297904372215271,-0.19874748587608337,-0.19938816130161285,-0.19961827993392944,0.018247639760375023,0.1218763217329979,0.01798621006309986,0.11993328481912613
24,230,239,10,10,1957,1957,0,0.0,1957,0,0.0,0,9.209517399955075,6.6077602003351785,1.5722761999932118,1.595320898166392,21.264326500007883,64.2190071729802,quality,not_promoted,-0.000932670408679593,0.00039448197264479654,0.49772642648989157,-0.00571269330178057,0.0007345831019495475,0.010080645161290322,1.000133877800357,0.2005205693384332,0.03225806451612903,0.564061164855957,1.4826794862747192,0.2527385354042053,0.012591342441737652,0.031646955758333206,1.470088243484497,0.25309500098228455,0.984320878982544,0.0001,-0.3023989498615265,-0.3044317960739136,-0.20308342576026917,-0.20313997566699982,-0.20343488454818726,0.30417707562446594,-0.29969722032546997,-0.2981966733932495,-0.1989060640335083,-0.1998031586408615,-0.19995854794979095,0.01822071522474289,0.12226241081953049,0.01798621006309986,0.12012547254562378
25,240,249,10,10,1776,1776,0,0.0,1776,0,0.0,0,7.96800999995321,5.925679100793786,1.475482500041835,1.4195748009951785,18.720658399979584,66.54509597056075,quality,not_promoted,-0.0003503742627799511,0.00018474224712658076,0.48822080876146046,-0.005140211794891262,0.0008664474059644688,0.007533482142857143,0.9995929396578244,0.19519344757178,0.017857142857142856,0.58604496717453,1.4423478841781616,0.26701265573501587,0.0017860784428194165,0.015153110958635807,1.4405620098114014,0.26488786935806274,0.9967793822288513,0.0001,-0.3023918867111206,-0.30457639694213867,-0.203125,-0.2032471001148224,-0.20350471138954163,0.30425265431404114,-0.3004595637321472,-0.29872065782546997,-0.19895461201667786,-0.20032939314842224,-0.20038360357284546,0.018221061676740646,0.12231706082820892,0.01798621006309986,0.11993972212076187
26,250,259,10,10,2214,2214,0,0.0,2214,0,0.0,0,10.500063700019382,7.560464399517514,2.259490799915511,1.6385081993648782,26.029729300003964,60.608063122574634,quality,not_promoted,0.0027013117048357215,0.00021389058175762848,0.43842438544545853,-0.0015759870276919434,0.0005352417580330179,0.005956296995282173,1.0007004507950374,0.20187514360461917,0.02857142857142857,0.7874669432640076,1.4894237518310547,0.25631827116012573,0.007610795088112354,0.020690593868494034,1.4818130731582642,0.2508259415626526,0.9934839010238647,0.0001,-0.30253657698631287,-0.304415225982666,-0.20299023389816284,-0.20310890674591064,-0.20339207351207733,0.3041762113571167,-0.30083590745925903,-0.2986927628517151,-0.1991029679775238,-0.20060352981090546,-0.20085527002811432,0.018266834318637848,0.12234215438365936,0.01798621006309986,0.11998650431632996
27,260,269,10,10,2044,2044,0,0.0,2044,0,0.0,0,10.255141800036654,6.961815400631167,2.4234528000233695,1.584105400426779,22.520391499972902,62.363592417866286,quality,not_promoted,-0.00016305182361975312,0.00019165366154538788,0.4328103228472173,-0.004395328396640252,0.000845172280605766,0.01025390625,1.0006830785423517,0.18464179005241022,0.046875,0.7711078524589539,1.5122543573379517,0.2630617022514343,0.005731809418648481,0.018906831741333008,1.506522536277771,0.25864389538764954,0.9948343634605408,0.0001,-0.302619606256485,-0.3049505054950714,-0.20334629714488983,-0.20346923172473907,-0.20377303659915924,0.30455291271209717,-0.3007664382457733,-0.2986520826816559,-0.1989467293024063,-0.2005326896905899,-0.2009940892457962,0.0182558074593544,0.1227390468120575,0.01798621006309986,0.11998257786035538
28,270,279,10,10,6456,6456,0,0.0,6456,0,0.0,0,57.543763699999545,29.845042000175454,10.194978199899197,7.468326200323645,75.41463600000134,48.556541102833066,quality,not_promoted,-2.8417713128694215e-05,0.009640044319876504,0.1384153402788509,0.0034074514348170545,0.0001110475308865212,0.0004641089108910891,1.0000357492135303,0.3013415757686564,0.1782178217821782,1.1311407089233398,1.4759020805358887,0.2172049582004547,-0.006905735470354557,0.09680376946926117,1.4828078746795654,0.18266968429088593,0.8013699054718018,0.0001,-0.30252233147621155,-0.30501866340637207,-0.20342577993869781,-0.20351848006248474,-0.20382611453533173,0.30455535650253296,-0.30060875415802,-0.2985212802886963,-0.19888140261173248,-0.20042233169078827,-0.20096942782402039,0.018249189481139183,0.12276044487953186,0.01798621006309986,0.12001979351043701
29,280,289,10,10,2368,2368,0,0.0,2368,0,0.0,0,11.797105800011195,8.344608600134961,2.2305140999960713,1.6968227999750525,27.249501499987673,60.64547380023126,quality,not_promoted,1.691169785083951e-05,0.0003780342038324405,0.41219288030186213,-0.003916000396743216,0.00011657191616659229,0.0,0.9997331411451906,0.2389562651515007,0.05405405405405406,0.6000146865844727,1.5273104906082153,0.2598161995410919,0.004613995086401701,0.018459562212228775,1.5226964950561523,0.25472769141197205,0.9949520826339722,0.0001,-0.30220118165016174,-0.30525729060173035,-0.20360839366912842,-0.2037307173013687,-0.20409877598285675,0.3046417534351349,-0.30045193433761597,-0.2984025478363037,-0.1989380270242691,-0.20030060410499573,-0.20116005837917328,0.018201226368546486,0.12268773466348648,0.01798621006309986,0.12008778005838394
30,290,299,10,10,2339,2339,0,0.0,2339,0,0.0,0,10.8671963000088,8.405267800495494,1.5480559999123216,1.813238499511499,27.49383469996974,60.97333515361745,quality,not_promoted,-0.0012774783866228284,0.00014724218979952984,0.4719324599246721,-0.005923180538858916,0.0010583572663096208,0.011190878378378379,0.9999633109247362,0.20457006925465288,0.02702702702702703,0.6757647395133972,1.5153356790542603,0.25838565826416016,0.0035632268991321325,0.015922868624329567,1.5117723941802979,0.2549768388271332,0.9962024092674255,0.0001,-0.30229464173316956,-0.3053877055644989,-0.20363743603229523,-0.20383383333683014,-0.20423507690429688,0.30487746000289917,-0.30105581879615784,-0.2987480163574219,-0.1988855004310608,-0.20067524909973145,-0.2013864517211914,0.018190952017903328,0.12281062453985214,0.01798621006309986,0.12028627842664719
31,300,309,10,10,2453,2453,0,0.0,2453,0,0.0,0,12.370539000025019,8.97247799980687,1.551217199943494,1.8085791988996789,29.129924800014123,59.10777315210839,quality,not_promoted,0.00426625677694877,0.0001443200663533599,0.4472685490663235,-0.00013426895468280866,0.000356872772196463,0.0038060897435897435,1.0001412064601214,0.2510019595710895,0.08974358974358974,1.3746675252914429,1.571571707725525,0.27381545305252075,0.003154825884848833,0.016099071130156517,1.568416953086853,0.2712639570236206,0.9965431094169617,0.0001,-0.30268317461013794,-0.3059318959712982,-0.20391342043876648,-0.2042146921157837,-0.20455126464366913,0.30536994338035583,-0.30113014578819275,-0.2993987798690796,-0.19877494871616364,-0.20071259140968323,-0.20187994837760925,0.018259238451719284,0.12298119068145752,0.01798621006309986,0.12059684097766876
32,310,319,10,10,2366,2366,0,0.0,2366,0,0.0,0,19.754810900019947,8.515196400112472,10.933088200050406,1.7078289010678418,27.97295840003062,49.57281755880204,quality,not_promoted,-0.00028809003856007914,0.00014263125578164928,0.46289298421627767,-0.004845704096747008,0.0008063446233840345,0.008023648648648648,1.000238714185921,0.19377625205025478,0.05405405405405406,0.9010301232337952,1.5751738548278809,0.2593107223510742,0.0035301402676850557,0.01637043058872223,1.571643590927124,0.25459644198417664,0.9960145354270935,0.0001,-0.302135705947876,-0.3063286542892456,-0.20401431620121002,-0.20447365939617157,-0.2048610895872116,0.305379718542099,-0.30141371488571167,-0.29979437589645386,-0.19887079298496246,-0.20091497898101807,-0.20244814455509186,0.01829931139945984,0.12309248000383377,0.01798621006309986,0.12069040536880493
33,320,329,10,10,2226,2226,0,0.0,2226,0,0.0,0,20.93481049995171,7.763422800228,12.413864400121383,1.592049598810263,25.287682300026063,48.15837193447668,quality,not_promoted,-7.354047681604112e-05,0.00013225052295768236,0.4557770324604852,-0.004565185058995017,0.0002499718057931334,0.002455357142857143,1.000341261284692,0.19273627299283233,0.02857142857142857,0.727634608745575,1.570442795753479,0.26795515418052673,0.002028517425060272,0.013489321805536747,1.5684142112731934,0.26528605818748474,0.9974657297134399,0.0001,-0.3019282817840576,-0.30661895871162415,-0.20438864827156067,-0.2046605795621872,-0.20515158772468567,0.3054398000240326,-0.3019883930683136,-0.3003593385219574,-0.1985781043767929,-0.20143380761146545,-0.20297279953956604,0.018321188166737556,0.12318719923496246,0.01798621006309986,0.12094433605670929
34,330,339,10,10,2032,2032,0,0.0,2032,0,0.0,0,9.265092800022103,6.904050400073174,1.4980791000416502,1.5122857997193933,21.743328600015957,65.53058518475584,quality,not_promoted,-0.00020124015281908214,0.0001203710573349781,0.4567082617431879,-0.004708137261332013,0.000641152148546098,0.007080078125,1.000878025777638,0.19684538542060181,0.015625,0.5394044518470764,1.4846361875534058,0.26765090227127075,-0.000676872965414077,0.01206316240131855,1.4853129386901855,0.2675654888153076,0.9979686737060547,0.0001,-0.30180594325065613,-0.3072367310523987,-0.20483721792697906,-0.20509107410907745,-0.20562897622585297,0.3057764172554016,-0.30244773626327515,-0.30050748586654663,-0.19825628399848938,-0.20182669162750244,-0.2033742368221283,0.018337391316890717,0.1233130395412445,0.01798621006309986,0.121005579829216
35,340,349,10,10,2479,2479,0,0.0,2479,0,0.0,0,12.42097430001013,9.063869300065562,1.5539691001176834,1.8894863977329805,28.52941939997254,60.53665852792641,quality,not_promoted,-0.0034340105186670255,0.00010175711301995668,0.37506638161647016,-0.007133795811126056,0.001501486967847599,0.022636217948717948,1.0011694072148738,0.1610741018771361,0.01282051282051282,0.6899845600128174,1.4757953882217407,0.2654153108596802,-0.0005010051536373794,0.010077972896397114,1.4762965440750122,0.2657952904701233,0.9985582232475281,0.0001,-0.3020169734954834,-0.30785709619522095,-0.20530188083648682,-0.20551279187202454,-0.2060973048210144,0.3062356114387512,-0.303213894367218,-0.301205039024353,-0.19849027693271637,-0.20240288972854614,-0.20403346419334412,0.01833588071167469,0.12366166710853577,0.01798621006309986,0.12113965302705765
36,350,359,10,10,2230,2230,0,0.0,2230,0,0.0,0,10.084801900025923,7.771356800105423,1.3841380999074318,1.6425813988316804,25.00266709999414,63.55545337279029,quality,not_promoted,0.0004136566072702408,0.00011523853292081705,0.4563879613365446,-0.0040926033231828895,0.0008502780256614122,0.010796957675899778,1.0020292937755584,0.22785515721355165,0.08571428571428572,0.6694577932357788,1.5043671131134033,0.2669200599193573,-0.0006744299316778779,0.010333891957998276,1.5050417184829712,0.2670908570289612,0.9985011219978333,0.0001,-0.30254724621772766,-0.3083772361278534,-0.20558375120162964,-0.20588339865207672,-0.20647424459457397,0.3069641888141632,-0.3033250570297241,-0.3013615906238556,-0.19836409389972687,-0.20244906842708588,-0.20447726547718048,0.01832309365272522,0.12409581243991852,0.01798621006309986,0.12131968885660172
37,360,369,10,10,2286,2286,0,0.0,2286,0,0.0,0,10.7346358000068,8.029793600027915,1.8150779997813515,1.6403415992390364,26.304363299976103,61.71873040708206,quality,not_promoted,-0.0018500072829839257,0.00011136357887961721,0.42864136149485904,-0.006080737537963109,0.0016218818248792861,0.026258680555555556,1.0024189874529839,0.19041925399667686,0.027777777777777776,0.7175570130348206,1.5214556455612183,0.27249130606651306,-0.0008289286051876843,0.011240665800869465,1.5222845077514648,0.2738873064517975,0.9982982873916626,5e-05,-0.30273327231407166,-0.30866214632987976,-0.20568950474262238,-0.2060844600200653,-0.20665739476680756,0.3072855770587921,-0.3033534288406372,-0.3014478087425232,-0.19821488857269287,-0.20252011716365814,-0.2046823650598526,0.018329419195652008,0.1242343857884407,0.01798621006309986,0.12150871753692627
38,370,379,10,10,2331,2331,0,0.0,2331,0,0.0,0,11.263979300041683,8.388019900594372,2.1500229999655858,1.6965837991447188,26.00823009997839,62.53989332864031,quality,not_promoted,-0.004874239939994909,9.51168095599388e-05,0.3943386762528806,-0.008770067817405672,0.000614810868707561,0.00712431181926985,1.000638551003224,0.1999976963710946,0.013513513513513514,0.5307080149650574,1.5305567979812622,0.25315210223197937,0.0002392124879406765,0.010590550489723682,1.5303175449371338,0.2534254193305969,0.9982498288154602,5e-05,-0.30285751819610596,-0.3086073100566864,-0.2057431936264038,-0.2060452401638031,-0.2066422998905182,0.3073873221874237,-0.3034524619579315,-0.30159488320350647,-0.19815433025360107,-0.20260371267795563,-0.204900324344635,0.018344393000006676,0.12426895648241043,0.01798621006309986,0.12188590317964554
39,380,389,10,10,2030,2030,0,0.0,2030,0,0.0,0,9.298756100004539,6.984622399904765,1.6020673999446444,1.495040098845493,23.074212500010617,62.706637289947196,quality,not_promoted,0.0004435841674421681,7.136851081668283e-05,0.45175905246287584,-0.004038322214910295,9.76670005456981e-05,0.0,1.0001273909583688,0.20789289404638112,0.0625,0.7414506077766418,1.48752760887146,0.2647193968296051,0.00037968793185427785,0.008601524867117405,1.4871480464935303,0.2636200785636902,0.9989442229270935,5e-05,-0.3028654456138611,-0.3089103400707245,-0.20589932799339294,-0.20625579357147217,-0.20686036348342896,0.30746540427207947,-0.30361491441726685,-0.30170053243637085,-0.19828133285045624,-0.202718585729599,-0.20519264042377472,0.018369199708104134,0.12443023920059204,0.01798621006309986,0.12204943597316742
40,390,399,10,10,6144,6144,0,0.0,6144,0,0.0,0,46.32103629998164,27.719222403364256,1.4653732999577187,8.2566261976026,65.84818469994934,54.77438414236451,quality,not_promoted,-3.779001417569816e-05,0.01302656575807267,0.12197919874840106,0.0052557011622411665,0.00011580627688090317,0.0,1.0002617569019396,0.24593391529197106,0.09895833333333333,1.0368093252182007,1.5690988302230835,0.21969027817249298,-0.01100979745388031,0.11487968266010284,1.580108642578125,0.17864075303077698,0.7265583276748657,5e-05,-0.30288147926330566,-0.30901166796684265,-0.2059604525566101,-0.20632445812225342,-0.2069293111562729,0.30751729011535645,-0.3035915195941925,-0.3016708195209503,-0.19829341769218445,-0.20270180702209473,-0.20523738861083984,0.018373481929302216,0.12448421865701675,0.01798621006309986,0.12205302715301514
41,400,409,10,10,1992,1992,0,0.0,1992,0,0.0,0,9.29321199998958,6.8972679999424145,1.4364142999402247,1.509069699968677,21.29924270004267,65.11409494700993,quality,not_promoted,-0.010135639691725373,0.00018982174867687718,0.4385353815741837,-0.014426081936107948,0.0009132047889579553,0.010986328125,0.9993499396368861,0.2161483261443209,0.03125,0.5594621300697327,1.497629165649414,0.26724687218666077,0.0010316937696188688,0.010435477830469608,1.4965976476669312,0.267783522605896,0.9984752535820007,5e-05,-0.30295121669769287,-0.30904656648635864,-0.2058904469013214,-0.20636184513568878,-0.20693956315517426,0.3077062666416168,-0.3035278618335724,-0.30184826254844666,-0.1981751024723053,-0.20269232988357544,-0.20548392832279205,0.01839093118906021,0.12448412925004959,0.01798621006309986,0.12208087742328644
42,410,419,10,10,1739,1739,0,0.0,1739,0,0.0,0,8.00493989995448,5.866278000117745,1.574353100033477,1.34842259879224,17.93480180000188,67.03998906831542,quality,not_promoted,-0.0024218352711094277,0.00012955597555576657,0.4443201135311808,-0.0068002586361087325,0.0005918263477724395,0.010881696428571428,1.0007073261908122,0.20752482315791504,0.05357142857142857,0.6944451928138733,1.4867230653762817,0.2849883437156677,0.0014674236299470067,0.012155862525105476,1.4852558374404907,0.28371524810791016,0.998180627822876,5e-05,-0.30294662714004517,-0.3092188835144043,-0.20595118403434753,-0.2064846009016037,-0.20703743398189545,0.30774664878845215,-0.3036341667175293,-0.3021160662174225,-0.1979185938835144,-0.20273645222187042,-0.20577193796634674,0.018376527354121208,0.1245419830083847,0.01798621006309986,0.12203707545995712
43,420,429,10,10,1894,1894,0,0.0,1894,0,0.0,0,8.552218199998606,6.372328599507455,1.591596300015226,1.4384147014352493,19.74983919999795,66.9209299250531,quality,not_promoted,0.0003377014150222143,0.00011092950553575065,0.4464195042848587,-0.004071028701340159,0.0009068203051962579,0.00999177632232507,0.9998571793238322,0.16895974023888508,0.0,0.3586312234401703,1.456965684890747,0.2701156735420227,0.0007366884383372962,0.01128570269793272,1.4562289714813232,0.27179229259490967,0.9982543587684631,5e-05,-0.30270159244537354,-0.3094784915447235,-0.20613859593868256,-0.2066691666841507,-0.20720592141151428,0.3078429102897644,-0.3037042021751404,-0.3022169768810272,-0.197955921292305,-0.20274946093559265,-0.2059028148651123,0.01838235929608345,0.12463989853858948,0.01798621006309986,0.12208325415849686
44,430,439,10,10,1860,1860,0,0.0,1860,0,0.0,0,8.27731750003295,6.213573399872985,1.5963737000129186,1.4368214003625326,18.791502300009597,68.71374569485576,quality,not_promoted,0.0025961280101910234,0.00010778187412749199,0.3765439599752426,-0.0011154212911302845,0.0005042067263275385,0.005208333333333333,1.0007861524820327,0.1495713023468852,0.0,0.4187343418598175,1.4692147970199585,0.2842925488948822,0.001716001657769084,0.010791990906000137,1.4674988985061646,0.2859305143356323,0.9985589981079102,5e-05,-0.30272647738456726,-0.30968841910362244,-0.20638209581375122,-0.20682232081890106,-0.20737719535827637,0.30793771147727966,-0.30369243025779724,-0.30218496918678284,-0.19802583754062653,-0.20274199545383453,-0.20587371289730072,0.01837329752743244,0.12477642297744751,0.01798621006309986,0.12211626768112183
45,440,449,10,10,2045,2045,0,0.0,2045,0,0.0,0,9.71519369998714,7.071003100601956,1.5181827000924386,1.6166046013240702,21.98093439999502,64.51892147675763,quality,not_promoted,-0.0002432107721688226,0.00012012413287720847,0.36621317104436457,-0.003845280734822154,0.0003054229238159678,0.003209848888218403,1.000296438112855,0.1955081836786121,0.046875,1.2704336643218994,1.4803199768066406,0.2744046449661255,0.0022700962144881487,0.011293062940239906,1.478049874305725,0.2758553624153137,0.9983062744140625,5e-05,-0.30294403433799744,-0.30992773175239563,-0.20652340352535248,-0.20699138939380646,-0.20753847062587738,0.3082568347454071,-0.3038159906864166,-0.3021809756755829,-0.19805443286895752,-0.20283013582229614,-0.2059447318315506,0.018361931666731834,0.1248662993311882,0.01798621006309986,0.12227290868759155
46,450,459,10,10,2241,2241,0,0.0,2241,0,0.0,0,10.179923499992583,7.626785100088455,1.6305702999816276,1.540131299465429,24.84463710000273,63.98367207496958,quality,not_promoted,-0.006353473756462336,0.000121332827145832,0.36437957340644467,-0.009936603504077842,0.0006681408704025671,0.013020833333333334,0.9979999115069708,0.1226347763505247,0.013888888888888888,1.4538193941116333,1.5219098329544067,0.2656266987323761,0.0011447117431089282,0.012239564210176468,1.5207651853561401,0.2659321427345276,0.9978768229484558,5e-05,-0.30303552746772766,-0.3099510967731476,-0.20664694905281067,-0.20700661838054657,-0.20753173530101776,0.30833783745765686,-0.30381467938423157,-0.3021632134914398,-0.19803912937641144,-0.20286805927753448,-0.2061123549938202,0.018354419618844986,0.1249164566397667,0.01798621006309986,0.1224493458867073
47,460,469,10,10,2532,2532,0,0.0,2532,0,0.0,0,12.182338599988725,8.95801879989449,2.6470463000587188,1.7961425009998493,28.984142200031783,61.506350574391064,quality,not_promoted,-0.0007137650041840971,0.00010794353397614032,0.3794012270867825,-0.004453804576769471,0.0005635294834064553,0.011328125,1.000023713707924,0.1480616669403389,0.0,0.49194279313087463,1.5771300792694092,0.2579222023487091,0.00037650688318535686,0.011093276552855968,1.5767536163330078,0.2569366991519928,0.998150110244751,5e-05,-0.302996963262558,-0.31000226736068726,-0.20671634376049042,-0.20704171061515808,-0.2076622098684311,0.30837303400039673,-0.3043407201766968,-0.3027912974357605,-0.19784890115261078,-0.2032531201839447,-0.20641575753688812,0.01836567558348179,0.1249394416809082,0.01798621006309986,0.1226375550031662
48,470,479,10,10,2145,2145,0,0.0,2145,0,0.0,0,10.029583900002763,7.360935800301377,1.799615999974776,1.5652192972484045,23.861936400004197,63.2901675998158,quality,not_promoted,-0.0027632471379440498,9.97858774901354e-05,0.3907822491053273,-0.0066211771404863715,0.0002648428025542457,0.0018243092824431026,0.9998700662570841,0.15330129341386697,0.014705882352941176,0.5362568497657776,1.5537890195846558,0.27240145206451416,0.0001736007397994399,0.011367342434823513,1.5536155700683594,0.27173754572868347,0.9982585906982422,5e-05,-0.3031415045261383,-0.3101081848144531,-0.20673614740371704,-0.20710840821266174,-0.20774993300437927,0.3086201250553131,-0.3045751452445984,-0.303099125623703,-0.197727233171463,-0.20338162779808044,-0.20672142505645752,0.018377162516117096,0.12493759393692017,0.01798621006309986,0.12279354780912399
49,480,489,10,10,2238,2238,0,0.0,2238,0,0.0,0,10.4261145000346,7.801494299957994,1.6639248998253606,1.6476308007258922,24.910534099966753,63.33368014984631,quality,not_promoted,0.0002916894853115082,9.235326163304437e-05,0.3935936152935028,-0.003598069988324174,0.0003697722359772472,0.005133928571428571,0.9997828509126391,0.16331148341830287,0.02857142857142857,0.5235177278518677,1.5514192581176758,0.27189892530441284,0.00014490450848825276,0.01000259444117546,1.551274299621582,0.27096521854400635,0.9986466765403748,5e-05,-0.303010493516922,-0.31031864881515503,-0.20686191320419312,-0.20725159347057343,-0.2078707069158554,0.3086262047290802,-0.30498433113098145,-0.3036009967327118,-0.19761833548545837,-0.20364737510681152,-0.20705047249794006,0.018401725217700005,0.12505367398262024,0.01798621006309986,0.1229124590754509
50,490,499,10,10,1973,1973,0,0.0,1973,0,0.0,0,9.212492599966936,6.869701400457416,1.5384856001473963,1.5090756010031328,20.711618100001942,65.93345479109098,quality,not_promoted,0.0003785533950694146,0.0001062175115587325,0.3902235372412589,-0.003470572721843998,0.0005846754366141413,0.010836693548387098,1.0006650916991695,0.19217528402805328,0.03225806451612903,0.5494496822357178,1.5098013877868652,0.28812548518180847,0.0003637744812294841,0.0103535121306777,1.5094374418258667,0.2875765860080719,0.9987087249755859,5e-05,-0.3032383918762207,-0.31063610315322876,-0.2070603370666504,-0.20748157799243927,-0.20810534060001373,0.30894652009010315,-0.30505338311195374,-0.30383211374282837,-0.19754335284233093,-0.2037132829427719,-0.2072204351425171,0.018419872969388962,0.12521642446517944,0.01798621006309986,0.12296725809574127
51,500,509,10,10,2166,2166,0,0.0,2166,0,0.0,0,10.34111750003649,7.5166886991937645,1.398133200011216,1.598891400382854,22.73514459998114,65.48502951906545,quality,not_promoted,-0.00020296492285149938,9.493738423984991e-05,0.3332280212027185,-0.0034877756706384174,0.0005689632804098758,0.009548611117198187,1.0006844620494282,0.11720883621669867,0.014705882352941176,0.5900241732597351,1.583104133605957,0.26475611329078674,-6.969347305130213e-05,0.009882885962724686,1.5831739902496338,0.2650621235370636,0.9986066222190857,5e-05,-0.30348140001296997,-0.3108619749546051,-0.2072289139032364,-0.20764194428920746,-0.20828551054000854,0.30908194184303284,-0.3052961826324463,-0.30400341749191284,-0.19743549823760986,-0.20389783382415771,-0.20747403800487518,0.018432563170790672,0.12536536157131195,0.01798621006309986,0.12305091321468353
52,510,519,10,10,2123,2123,0,0.0,2123,0,0.0,0,10.090457700018305,7.619553699740209,1.4078048998489976,1.5219343999633566,23.096939599956386,63.97006613114608,quality,not_promoted,0.002560593283680432,7.107955977570622e-05,0.36175387769060974,-0.0010214052436982885,6.198644668716845e-05,0.0,0.9998661753009347,0.18023544276023612,0.058823529411764705,0.5487093329429626,1.522385597229004,0.26478663086891174,0.000140854885103181,0.008798692375421524,1.5222446918487549,0.2637452483177185,0.9988958239555359,2.5e-05,-0.3034251928329468,-0.31102707982063293,-0.20736150443553925,-0.20775946974754333,-0.20838162302970886,0.3091256022453308,-0.3053155839443207,-0.3041224777698517,-0.1974094808101654,-0.20390717685222626,-0.20764179527759552,0.01843850500881672,0.12546327710151672,0.01798621006309986,0.12314321100711823
53,520,529,10,10,1975,1975,0,0.0,1975,0,0.0,0,8.732605999975931,6.491101099993102,1.6065528999897651,1.347677601792384,20.848644300014712,66.76526448243551,quality,not_promoted,-0.0005190492637695804,8.99524075066438e-05,0.3417975095010573,-0.0038920474884610984,0.00012581840032468,0.0010080645161290322,1.0002826423414293,0.1285372746867999,0.0,0.49053293466567993,1.4593849182128906,0.27812185883522034,-0.000825530500151217,0.009877866134047508,1.4602104425430298,0.2791593670845032,0.9987385869026184,2.5e-05,-0.3033260703086853,-0.3111843466758728,-0.20745058357715607,-0.20786836743354797,-0.2084871530532837,0.3091717064380646,-0.3054863512516022,-0.3041406273841858,-0.19742605090141296,-0.2040250450372696,-0.2077183574438095,0.01843349076807499,0.12553079426288605,0.01798621006309986,0.12319549918174744
54,530,539,10,10,2018,2018,0,0.0,2018,0,0.0,0,9.398471799970139,7.031685700174421,1.5125445001176558,1.454922700591851,22.161721599986777,63.94130651945735,quality,not_promoted,-0.002045938454102725,7.314722103046734e-05,0.36821344192139804,-0.005691499161912361,0.00011837130116987282,0.0,0.9997727358713746,0.13610060603241436,0.0,0.4784984588623047,1.5023468732833862,0.27900198101997375,-0.00027152473921887577,0.00891805812716484,1.5026183128356934,0.27834010124206543,0.998978316783905,2.5e-05,-0.3033312261104584,-0.31130990386009216,-0.2074946165084839,-0.2079555243253708,-0.20857541263103485,0.30921128392219543,-0.30562806129455566,-0.3042195737361908,-0.19741292297840118,-0.2041151076555252,-0.20789504051208496,0.01843295991420746,0.1255471259355545,0.01798621006309986,0.12323898822069168
55,540,549,10,10,2832,2832,0,0.0,2832,0,0.0,0,15.788813600025605,10.482336799963377,3.190087200026028,2.419324300077278,32.00296710000839,59.25705128618456,quality,not_promoted,0.0009407716182370981,7.417499982693698e-05,0.2694979727268219,-0.0017171205512972341,7.864607291089164e-05,0.0,1.0002750668260787,0.16695725489407778,0.044444444444444446,0.5916518568992615,1.5274450778961182,0.2402045577764511,-0.00016918586334213614,0.00910202506929636,1.5276144742965698,0.24019166827201843,0.9985641241073608,2.5e-05,-0.3032952547073364,-0.31139421463012695,-0.20749521255493164,-0.20801152288913727,-0.20862096548080444,0.3092529773712158,-0.3057584762573242,-0.3043726682662964,-0.1973465085029602,-0.20422057807445526,-0.20807158946990967,0.018431218340992928,0.12557078897953033,0.01798621006309986,0.12317896634340286
56,550,559,10,10,1923,1923,0,0.0,1923,0,0.0,0,8.854575600009412,6.696384799841326,1.4509817999205552,1.4108291992451996,20.32488100003684,65.90252952129862,quality,not_promoted,-0.0035604804513915895,6.5270094681534e-05,0.39085442020047095,-0.0074363900235884135,0.00035477233725230453,0.007056451612903226,0.999725672506517,0.1754274830041874,0.016129032258064516,0.56429523229599,1.4909356832504272,0.27273741364479065,0.00024411613412667066,0.008361933752894402,1.4906915426254272,0.2742469608783722,0.9990600347518921,2.5e-05,-0.3033203184604645,-0.3114139139652252,-0.20753070712089539,-0.2080257385969162,-0.20865017175674438,0.3092765808105469,-0.30581340193748474,-0.3044184148311615,-0.1973326951265335,-0.20427222549915314,-0.2081860452890396,0.018441494554281235,0.1256037801504135,0.01798621006309986,0.12317948788404465
57,560,569,10,10,2244,2244,0,0.0,2244,0,0.0,0,10.673461699974723,7.809393500094302,2.1141886999248527,1.5954622003482655,25.238348999992013,62.48640645686179,quality,not_promoted,-0.0011829066530076994,7.367500969242731e-05,0.4025108203705814,-0.005171177135909804,6.290215080500477e-05,0.0,0.9998178506890932,0.18059463788651758,0.041666666666666664,0.6527498364448547,1.5073986053466797,0.2698671817779541,6.862456211820245e-05,0.009110596962273121,1.507330060005188,0.27091458439826965,0.9988602995872498,2.5e-05,-0.3033621609210968,-0.31141817569732666,-0.2075597494840622,-0.20803521573543549,-0.2086559236049652,0.3093397915363312,-0.3059534430503845,-0.3044726550579071,-0.19722802937030792,-0.2043714076280594,-0.2083321511745453,0.018445581197738647,0.12560026347637177,0.01798621006309986,0.12318871915340424
58,570,579,10,10,2694,2694,0,0.0,2694,0,0.0,0,13.774837199947797,9.767637000477407,2.8656541999662295,1.9907126006437466,31.7905009999522,59.12388904436821,quality,not_promoted,0.009125128594162158,9.95687227851852e-05,0.3345060246281846,0.005829852399264657,0.00021684243589323497,0.0012718023255813954,0.9997589283211287,0.15709514001947503,0.023255813953488372,0.6221951246261597,1.5231096744537354,0.2468251734972,-0.0002187895734095946,0.010560019873082638,1.5233285427093506,0.24559885263442993,0.9981696009635925,2.5e-05,-0.3033340275287628,-0.31153663992881775,-0.20764392614364624,-0.20811918377876282,-0.20875130593776703,0.3093588352203369,-0.3061119318008423,-0.3045353293418884,-0.19710490107536316,-0.20448479056358337,-0.2084541767835617,0.018442094326019287,0.12565912306308746,0.01798621006309986,0.1232072040438652
59,580,589,10,10,2279,2279,0,0.0,2279,0,0.0,0,11.267240100016352,7.952809900045395,2.723500300082378,1.5987729007028975,25.54334709997056,61.91153614634027,quality,not_promoted,0.0012071439737661018,7.404071518774597e-05,0.39038197240895695,-0.0026596557064395812,0.00020186231786409634,0.0030381944444444445,0.9998689302139812,0.1534219791388346,0.027777777777777776,0.5531262159347534,1.5286669731140137,0.2707940638065338,-0.0003542661725077778,0.009012230671942234,1.5290212631225586,0.27128902077674866,0.9988923668861389,2.5e-05,-0.303249716758728,-0.31159690022468567,-0.20770473778247833,-0.2081597000360489,-0.20878763496875763,0.3093494176864624,-0.30614322423934937,-0.30463552474975586,-0.19704940915107727,-0.20449979603290558,-0.20856361091136932,0.018445806577801704,0.12572316825389862,0.01798621006309986,0.12323742359876633
60,590,599,10,10,2114,2114,0,0.0,2114,0,0.0,0,9.88146649999544,7.446794400864746,1.8909724000259303,1.5326656001270749,24.54405450000195,61.40793047112229,quality,not_promoted,0.004438115968642866,7.05515147488126e-05,0.4320618054446052,0.0001527722890707938,4.362113267073737e-05,0.0,0.9997776019222596,0.169372002758524,0.014705882352941176,0.7384647130966187,1.4974687099456787,0.2558111548423767,-0.000726030848454684,0.00855172984302044,1.498194932937622,0.25643521547317505,0.9988824725151062,2.5e-05,-0.3033135235309601,-0.3115708529949188,-0.2076704055070877,-0.20814000070095062,-0.20878048241138458,0.3094065189361572,-0.3063405454158783,-0.30477243661880493,-0.19695031642913818,-0.20462241768836975,-0.2087872475385666,0.018440205603837967,0.1257324069738388,0.01798621006309986,0.12334650009870529
61,600,609,10,10,2550,2550,0,0.0,2550,0,0.0,0,12.471517600002699,9.235430599888787,2.3116949999239296,1.7851554994704202,29.010278600035235,61.47274789411525,quality,not_promoted,-0.0004271531943231821,9.130966668635665e-05,0.34473054148256776,-0.0038288037554593756,0.0004986254078175989,0.009765625,1.0006248638033868,0.1939307389780879,0.0625,0.9717052578926086,1.5539746284484863,0.2573816776275635,-0.0005180778098292649,0.009839832782745361,1.554492712020874,0.25599372386932373,0.9985384345054626,2.5e-05,-0.30332818627357483,-0.3115578293800354,-0.20765402913093567,-0.20813971757888794,-0.20876075327396393,0.3093814253807068,-0.306516170501709,-0.3050079047679901,-0.19686368107795715,-0.20474396646022797,-0.2090548276901245,0.018437089398503304,0.12574076652526855,0.01798621006309986,0.12353558838367462
62,610,619,10,10,2309,2309,0,0.0,2309,0,0.0,0,11.09595269995043,8.117498100502416,1.7134145999443717,1.6569409004878253,24.520936499990057,64.8287947618923,quality,not_promoted,0.0004950130509363638,6.710210849682021e-05,0.3531977067122588,-0.0030034135687290815,4.3967011938425333e-05,0.0,0.9997765993749773,0.1400329404183336,0.013513513513513514,0.7085484266281128,1.5511722564697266,0.2613395154476166,-0.0007280505960807204,0.00858710054308176,1.5519005060195923,0.2617296874523163,0.9989203214645386,2.5e-05,-0.3033458888530731,-0.311618447303772,-0.20768295228481293,-0.20818182826042175,-0.20880763232707977,0.30940335988998413,-0.3065253794193268,-0.3050246238708496,-0.1968752145767212,-0.20474883913993835,-0.2092285454273224,0.018438685685396194,0.12576015293598175,0.01798621006309986,0.12356183677911758
63,620,629,10,10,2235,2235,0,0.0,2235,0,0.0,0,10.356244800030254,7.8901503992965445,1.6504571000114083,1.7411647021071985,24.613894300011452,63.91167028550179,quality,not_promoted,-0.0013232825623293008,7.969424898744495e-05,0.4066903978586197,-0.005350338986941747,0.0007029029680000219,0.013616071428571429,0.999907124042511,0.1962752207581486,0.05714285714285714,0.6269505023956299,1.514679193496704,0.2877148389816284,-0.0008008992299437523,0.009007853455841541,1.5154800415039062,0.2873140275478363,0.9990198016166687,2.5e-05,-0.30333682894706726,-0.31166568398475647,-0.20769549906253815,-0.20821574330329895,-0.20885199308395386,0.30940842628479004,-0.30658158659935,-0.30511319637298584,-0.19689664244651794,-0.20478585362434387,-0.20932111144065857,0.01844388246536255,0.1257796436548233,0.01798621006309986,0.12361770123243332
64,630,639,10,10,2205,2205,0,0.0,2205,0,0.0,0,10.752986600040458,7.771920300438069,1.5368752999929711,1.6249727981630713,23.42646699998295,64.51244147444446,quality,not_promoted,-0.0003945846509720598,6.240364210888011e-05,0.37131788858345577,-0.004076561817367162,0.0004859700840565243,0.007635467978460448,1.0000954142638616,0.1681766605004668,0.014285714285714285,0.5317777991294861,1.573257565498352,0.29197290539741516,-0.0006436168914660811,0.00809629075229168,1.5739011764526367,0.29318010807037354,0.9992310404777527,2.5e-05,-0.3032744228839874,-0.3118685781955719,-0.2078627198934555,-0.20836247503757477,-0.20901384949684143,0.30952101945877075,-0.3066697418689728,-0.3052024841308594,-0.19674721360206604,-0.20486263930797577,-0.20947155356407166,0.01844831369817257,0.12582561373710632,0.01798621006309986,0.12367311865091324
65,640,649,10,10,2187,2187,0,0.0,2187,0,0.0,0,10.419261500006542,7.64275540021481,2.0326308999792673,1.610477399197407,24.926427399972454,61.87458974668053,quality,not_promoted,0.007067243954432863,8.457532588051566e-05,0.42596356187547957,0.002849895606881806,0.00018249472229691881,0.0,0.9997910635811942,0.21179416961967945,0.05714285714285714,0.6418145895004272,1.5536032915115356,0.2697211802005768,0.00016033599968068302,0.009235289879143238,1.5534430742263794,0.2700017988681793,0.9988276362419128,2.5e-05,-0.3032476603984833,-0.3119291663169861,-0.20786042511463165,-0.20840005576610565,-0.2090669572353363,0.3095691204071045,-0.3067993223667145,-0.30532240867614746,-0.19665472209453583,-0.20494885742664337,-0.2096540629863739,0.018449926748871803,0.12584662437438965,0.01798621006309986,0.12376043200492859
66,650,659,10,10,1836,1836,0,0.0,1836,0,0.0,0,8.446446099958848,6.292492399981711,1.5696275001973845,1.3897211008006707,19.278121800045483,66.22285355797062,quality,not_promoted,0.0012191000458752286,6.918428591924221e-05,0.41791140956097633,-0.0029254211594575436,0.00017862428296274598,0.0,1.0001280122789844,0.20266528080763488,0.034482758620689655,0.538789689540863,1.4677010774612427,0.28111380338668823,-0.00018024048767983913,0.00869838148355484,1.467881202697754,0.2831864655017853,0.9990425705909729,2.5e-05,-0.30320343375205994,-0.3121239244937897,-0.2079903781414032,-0.20853394269943237,-0.20920352637767792,0.30960798263549805,-0.306808739900589,-0.30535686016082764,-0.1966869831085205,-0.2049608677625656,-0.20974348485469818,0.018454307690262794,0.12592628598213196,0.01798621006309986,0.12380317598581314
67,660,669,10,10,2630,2630,0,0.0,2630,0,0.0,0,12.499443700013217,9.607548700005282,2.334662399953231,1.8792069993214682,31.52048599999398,59.74566560926539,quality,not_promoted,-0.003292376208784325,8.930099112971912e-05,0.38099259191325735,-0.007057651228803609,0.0006894071268561675,0.0035342261904761905,0.9997560055482955,0.2084534402626256,0.05952380952380952,0.6653870940208435,1.53409743309021,0.25584352016448975,0.0004658008401747793,0.00961294211447239,1.533631682395935,0.2559254467487335,0.9985882043838501,2.5e-05,-0.3032444715499878,-0.31226280331611633,-0.20814089477062225,-0.2086317241191864,-0.20932401716709137,0.30973124504089355,-0.30685532093048096,-0.30541980266571045,-0.1966746300458908,-0.20496191084384918,-0.20983117818832397,0.01845967210829258,0.1260186731815338,0.01798621006309986,0.12381051480770111
68,670,679,10,10,2067,2067,0,0.0,2067,0,0.0,0,9.257820200000424,7.062725100375246,1.3587861999403685,1.4770943998009898,22.673701899999287,64.73227281577093,quality,not_promoted,-0.0020548868359941425,5.4646535180367984e-05,0.42231456393545325,-0.0062507081946188755,8.558894955278834e-05,0.0,0.9998467031753424,0.17633772330979505,0.030303030303030304,0.6697515845298767,1.5103305578231812,0.26635611057281494,0.0001713346573524177,0.00787625927478075,1.5101591348648071,0.26538988947868347,0.999125599861145,2.5e-05,-0.303270548582077,-0.3123547434806824,-0.20821551978588104,-0.20869673788547516,-0.20940189063549042,0.30976951122283936,-0.30689737200737,-0.30540966987609863,-0.1966269314289093,-0.20499126613140106,-0.2100389301776886,0.0184695553034544,0.1261122077703476,0.01798621006309986,0.12380910664796829
69,680,689,10,10,1840,1840,0,0.0,1840,0,0.0,0,8.698411500023212,6.3957630000659265,1.4198255000519566,1.4087495993589982,19.34998599998653,65.60089573742532,quality,not_promoted,0.0001426767879005136,6.724051440712707e-05,0.42461243837044155,-0.00406982743277632,0.00018031330220200572,0.0024245689655172415,0.9998055120994305,0.1962464122294352,0.034482758620689655,0.8190518617630005,1.4965888261795044,0.2716180384159088,0.0003558790485840291,0.008639873936772346,1.4962329864501953,0.26986226439476013,0.9989882111549377,2.5e-05,-0.30324244499206543,-0.31242987513542175,-0.2082923948764801,-0.2087484747171402,-0.20944978296756744,0.30984267592430115,-0.30702078342437744,-0.3054323196411133,-0.1965561807155609,-0.20508037507534027,-0.21020212769508362,0.0184718556702137,0.12615308165550232,0.01798621006309986,0.12389020621776581
70,690,699,10,10,2254,2254,0,0.0,2254,0,0.0,0,10.993344200018328,7.98128369927872,1.7628204999491572,1.6410253005451523,24.609351199993398,63.309813335067254,quality,not_promoted,-0.0016005599948888023,8.01704234416118e-05,0.3739250229878558,-0.005299725155863497,0.0008682844553125809,0.008463541666666666,0.9989509094092581,0.1971983625036147,0.08333333333333333,0.7095975875854492,1.473402500152588,0.27051329612731934,0.00022312943474389613,0.009368638508021832,1.4731794595718384,0.27223339676856995,0.9988005757331848,2.5e-05,-0.30327102541923523,-0.31252825260162354,-0.20831364393234253,-0.20881791412830353,-0.20951393246650696,0.3099452555179596,-0.30714502930641174,-0.30556967854499817,-0.19653017818927765,-0.2051662653684616,-0.21035249531269073,0.01846930757164955,0.1261702924966812,0.01798621006309986,0.12389592081308365
71,700,709,10,10,1778,1778,0,0.0,1778,0,0.0,0,8.168415199965239,5.950204900233075,1.3268882000702433,1.3048693995806389,18.43439320003381,66.83504888905127,quality,not_promoted,2.2817768954804967e-05,5.373994489283567e-05,0.39609762307788643,-0.00391128786057899,0.000203274266926964,0.001953125,1.000305597271238,0.1862383402019207,0.07142857142857142,0.8247023224830627,1.4739041328430176,0.2757212519645691,0.0006072476389817894,0.007591938134282827,1.4732967615127563,0.2752734422683716,0.999241828918457,2.5e-05,-0.3032531142234802,-0.3125775158405304,-0.208329439163208,-0.20885294675827026,-0.2095615416765213,0.30996042490005493,-0.30725860595703125,-0.30566027760505676,-0.19650143384933472,-0.205255925655365,-0.21045301854610443,0.018470199778676033,0.12618771195411682,0.01798621006309986,0.12391562759876251
72,710,719,10,10,2374,2374,0,0.0,2374,0,0.0,0,11.497767599998042,8.689291200600564,1.5077241000253707,1.74063629982993,27.18863519997103,61.36522985284891,quality,not_promoted,0.007881795877198639,6.592241970793111e-05,0.385004819811959,0.00406470887460991,3.569715108884147e-05,0.0,0.9999764749878332,0.1852221601691685,0.039473684210526314,0.7259328961372375,1.5088791847229004,0.25607943534851074,-0.0003886698978021741,0.008144614286720753,1.5092679262161255,0.2575066089630127,0.9989884495735168,2.5e-05,-0.3032744824886322,-0.3127707242965698,-0.20839257538318634,-0.20898468792438507,-0.20966088771820068,0.31002286076545715,-0.3072994351387024,-0.3057539463043213,-0.1965201050043106,-0.2052983194589615,-0.21065270900726318,0.01846787892282009,0.12622904777526855,0.01798621006309986,0.12397925555706024
73,720,729,10,10,2355,2355,0,0.0,2355,0,0.0,0,17.855832699977327,8.29430219961796,9.710805999988224,1.6547178023029119,27.024231299990788,52.47318720404839,quality,not_promoted,-0.0015667392494710716,6.856659476053776e-05,0.3947040186943235,-0.005479495878004142,0.0006115393063393296,0.00881856121122837,1.0002368833567645,0.1533511532218875,0.013513513513513514,0.5813496112823486,1.568702220916748,0.26114848256111145,0.0001306762860622257,0.008544902317225933,1.5685713291168213,0.26131272315979004,0.9989293813705444,2.5e-05,-0.30332913994789124,-0.3127114474773407,-0.2083815038204193,-0.20894986391067505,-0.2096061259508133,0.3100302815437317,-0.307442843914032,-0.3059175908565521,-0.1965242177248001,-0.2053973227739334,-0.21076083183288574,0.018472589552402496,0.1262148767709732,0.01798621006309986,0.12402927875518799
74,730,739,10,10,2489,2489,0,0.0,2489,0,0.0,0,12.439048399974126,9.11478350032121,1.9438099000253715,1.9349533014465123,29.19029679999221,59.78955441273702,quality,not_promoted,-0.00015232377709486545,6.590894218579006e-05,0.36079137925154126,-0.003727282934750502,0.0001470150626771964,0.00022492127922865061,0.9999793095466418,0.14449399029119656,0.01282051282051282,0.5871422290802002,1.5407813787460327,0.2584836781024933,0.0006960791652090847,0.008510319516062737,1.5400853157043457,0.25913920998573303,0.9989160299301147,2.5e-05,-0.3033151924610138,-0.31277307868003845,-0.20844297111034393,-0.20899461209774017,-0.20964865386486053,0.31009191274642944,-0.30749577283859253,-0.3060857057571411,-0.196503683924675,-0.20543725788593292,-0.21089039742946625,0.018477384001016617,0.12625478208065033,0.01798621006309986,0.12404540181159973
75,740,749,10,10,2249,2249,0,0.0,2249,0,0.0,0,11.03893410001183,7.928510800178628,2.2203536000452004,1.6899497995036654,26.062281299964525,60.617960240769726,quality,not_promoted,-0.00698713797222202,4.878931521387939e-05,0.3599708763261636,-0.010562452811023427,0.0001106463433049814,0.0,0.9994775743948089,0.17794098663661215,0.041666666666666664,1.8837677240371704,1.4966657161712646,0.2574805021286011,0.0008717726450413465,0.007404572796076536,1.4957939386367798,0.25957053899765015,0.9991729855537415,2.5e-05,-0.30331188440322876,-0.312818706035614,-0.20849446952342987,-0.20902831852436066,-0.20967373251914978,0.31014007329940796,-0.30751994252204895,-0.3060534596443176,-0.1965632438659668,-0.20545455813407898,-0.21095578372478485,0.018476644530892372,0.12627224624156952,0.01798621006309986,0.12401718646287918
76,750,759,10,10,2043,2043,0,0.0,2043,0,0.0,0,9.418359999952372,7.174070999433752,1.5668801000574604,1.4887485997751355,23.881216199952178,61.352132163347356,quality,not_promoted,-4.898909537587315e-05,7.42997231100162e-05,0.34853462083265185,-0.0034971836848853854,3.89060722341128e-05,0.0,1.0000555301085114,0.12736292282352224,0.03125,0.7591335773468018,1.5008659362792969,0.26716890931129456,0.0021322215907275677,0.008734290488064289,1.4987335205078125,0.2677604854106903,0.9989312291145325,2.5e-05,-0.30334216356277466,-0.3129330277442932,-0.20858687162399292,-0.20911160111427307,-0.20976832509040833,0.3102836608886719,-0.30763906240463257,-0.3061392605304718,-0.19652308523654938,-0.20554223656654358,-0.21111010015010834,0.01847922056913376,0.12633156776428223,0.01798621006309986,0.12408637255430222
77,760,769,10,10,1876,1876,0,0.0,1876,0,0.0,0,9.665628999995533,6.379025800270028,2.4097028000396676,1.4271664003608748,19.3895160999964,64.56687769218956,quality,not_promoted,-0.005948212835937739,5.626441276641951e-05,0.36238318035999934,-0.00954391253180802,4.7407224777392305e-05,0.0,0.9998837182919185,0.14691796321421863,0.03333333333333333,0.6627811193466187,1.4873396158218384,0.274585098028183,0.0016595281194895506,0.007928328588604927,1.4856799840927124,0.2738126516342163,0.9991663098335266,2.5e-05,-0.30329546332359314,-0.313167542219162,-0.20871642231941223,-0.2092769593000412,-0.209962859749794,0.31040170788764954,-0.30768534541130066,-0.3061501383781433,-0.19644834101200104,-0.20557278394699097,-0.2112249881029129,0.018475567921996117,0.12640400230884552,0.01798621006309986,0.12414055317640305
78,770,779,10,10,2295,2295,0,0.0,2295,0,0.0,0,12.152280099980999,8.454887200612575,2.524475199985318,1.6837295017321594,25.232804799976293,61.38811791230202,quality,not_promoted,-0.00047523212075854343,6.706664134981111e-05,0.3026088099512789,-0.0034677869957199115,4.027740096843344e-05,0.0,0.9999288436439302,0.16224839181328812,0.013888888888888888,0.5755066275596619,1.4863719940185547,0.2672237455844879,0.0008257679874077439,0.00858993362635374,1.485546350479126,0.26529550552368164,0.9989666938781738,2.5e-05,-0.3033241927623749,-0.31328457593917847,-0.20881251990795135,-0.20936031639575958,-0.21004937589168549,0.3104667663574219,-0.30777835845947266,-0.3062446415424347,-0.1963302195072174,-0.20562085509300232,-0.21133404970169067,0.01847795955836773,0.1264575719833374,0.01798621006309986,0.12419983744621277
79,780,789,10,10,2214,2214,0,0.0,2214,0,0.0,0,10.771031100011896,7.973046199826058,1.5220050999778323,1.5440210002707317,25.727935100032482,60.65925231595486,quality,not_promoted,-0.001407668979040214,5.497277914920622e-05,0.35267395419733866,-0.004906922286110265,5.214551583776483e-06,0.0,1.000194068465914,0.13379297935004744,0.014285714285714285,0.5184994339942932,1.497799038887024,0.2530803382396698,0.0008513660286553204,0.007838435471057892,1.4969476461410522,0.2511584460735321,0.9990407228469849,2.5e-05,-0.303317666053772,-0.31345680356025696,-0.2088969498872757,-0.20948049426078796,-0.2101745754480362,0.31057044863700867,-0.3078239858150482,-0.30636221170425415,-0.1962985396385193,-0.20565414428710938,-0.21143442392349243,0.018485641106963158,0.12652361392974854,0.01798621006309986,0.12421858310699463
80,790,799,10,10,2515,2515,0,0.0,2515,0,0.0,0,12.581163800030481,9.134045199258253,2.6276744000497274,1.8298812016146258,30.531465800013393,58.335574130635734,quality,not_promoted,0.0017888631962705403,6.419906671908392e-05,0.36913994159549474,-0.001870436209719628,0.00028551395662361755,0.0025390625,0.9993015728890896,0.1302298825699836,0.0,0.40146780014038086,1.5755248069763184,0.25127485394477844,0.0004566870047710836,0.008550877682864666,1.5750679969787598,0.2493598610162735,0.9988419413566589,2.5e-05,-0.3034628927707672,-0.3135785162448883,-0.20891812443733215,-0.20956392586231232,-0.21027126908302307,0.3107595145702362,-0.3079715371131897,-0.3066118359565735,-0.19631174206733704,-0.20573323965072632,-0.21167998015880585,0.01849447563290596,0.12655630707740784,0.01798621006309986,0.12431827187538147
81,800,809,10,10,2217,2217,0,0.0,2217,0,0.0,0,11.325244800013024,8.035801200079732,2.448139999934938,1.4904104985762388,25.775050800002646,59.75693627624529,quality,not_promoted,0.0011954174377024173,5.528521973506681e-05,0.33918993983949935,-0.0021688392984547783,1.5000484147874107e-05,0.0,1.0001091565404618,0.12697876941944872,0.014285714285714285,0.5296021699905396,1.4992423057556152,0.28309914469718933,0.00037301890552043915,0.007863716222345829,1.4988694190979004,0.2826816141605377,0.9992284178733826,2.5e-05,-0.30352726578712463,-0.3135988414287567,-0.2089219093322754,-0.2095762938261032,-0.21028751134872437,0.31076300144195557,-0.3080589771270752,-0.30682140588760376,-0.1962619572877884,-0.20579379796981812,-0.21177957952022552,0.018493056297302246,0.12657061219215393,0.01798621006309986,0.12433698028326035
82,810,819,10,10,2747,2747,0,0.0,2747,0,0.0,0,14.484557599993423,10.429408699448686,1.8892848999239504,2.2535165002336726,32.98498819995439,57.86868093444071,quality,not_promoted,6.0137946072012876e-05,4.8028098759925004e-05,0.3077744300975356,-0.002993592824570315,9.8588703833737e-05,0.0001816860465116279,1.0002163676328437,0.14872232553830675,0.011627906976744186,0.6265100240707397,1.4994137287139893,0.2608126103878021,0.00013590266462415457,0.007060438394546509,1.4992778301239014,0.2613598704338074,0.9992671608924866,2.5e-05,-0.3035558760166168,-0.3135536015033722,-0.20895972847938538,-0.20953963696956635,-0.21024000644683838,0.3107334077358246,-0.30818647146224976,-0.3070816397666931,-0.1962106078863144,-0.20589955151081085,-0.21186980605125427,0.018496807664632797,0.1265798658132553,0.01798621006309986,0.12441477924585342
83,820,829,10,10,2391,2391,0,0.0,2391,0,0.0,0,11.217372300045099,8.490684800199233,1.757092299987562,1.5739144030376337,28.64779630000703,59.97717014539037,quality,not_promoted,-0.0016527618526628143,6.858212365937346e-05,0.3510178156981343,-0.00512864957808664,0.00013084214839110295,0.0,0.9999174381557264,0.1276062335328836,0.0,0.3633421063423157,1.5075623989105225,0.2631671726703644,0.000622228195425123,0.008801866322755814,1.506940245628357,0.26393866539001465,0.9988813996315002,2.5e-05,-0.3035796582698822,-0.3136407732963562,-0.2090253233909607,-0.20960067212581635,-0.21032270789146423,0.310832142829895,-0.30839109420776367,-0.30718791484832764,-0.19622324407100677,-0.20604375004768372,-0.2120356559753418,0.0185040645301342,0.1266215443611145,0.01798621006309986,0.12447647750377655
84,830,839,10,10,2210,2210,0,0.0,2210,0,0.0,0,10.137442000035662,7.846389299957082,1.4393866999889724,1.514009999053087,26.436840099981055,60.424972770661434,quality,not_promoted,-5.0570350140333176e-05,6.479837414060187e-05,0.3407944191779409,-0.003426114236935973,0.00023067540688706295,0.003321953783077853,0.9998133608273098,0.13749818352184126,0.014285714285714285,0.5821784138679504,1.5101022720336914,0.2677495777606964,0.0004178836243227124,0.008436571806669235,1.509684443473816,0.26694709062576294,0.9990071654319763,2.5e-05,-0.3036855161190033,-0.3137471675872803,-0.2090664803981781,-0.20967595279216766,-0.21040286123752594,0.31094372272491455,-0.3084702491760254,-0.30724573135375977,-0.1961679905653,-0.20609937608242035,-0.21215754747390747,0.018508758395910263,0.12665224075317383,0.01798621006309986,0.12453556060791016
85,840,849,10,10,2209,2209,0,0.0,2209,0,0.0,0,19.352594500000123,7.58691109996289,11.502343099971768,1.5038753009866923,25.096269600035157,49.69755796297721,quality,not_promoted,0.0016751665488949844,6.051045456842985e-05,0.34452934328998835,-0.0017398724798113109,9.976307257732384e-05,0.0011160714285714285,0.9999251059123448,0.0969823428030525,0.0,0.4197309613227844,1.5705759525299072,0.26216554641723633,0.0003863329184241593,0.007775892969220877,1.5701894760131836,0.2623980641365051,0.99912029504776,2.5e-05,-0.3037751615047455,-0.3138148784637451,-0.20906412601470947,-0.2097223848104477,-0.21043133735656738,0.3110504448413849,-0.3085249066352844,-0.307472288608551,-0.19610576331615448,-0.20612818002700806,-0.21233853697776794,0.018517179414629936,0.12667004764080048,0.01798621006309986,0.12455840408802032
86,850,859,10,10,2898,2898,0,0.0,2898,0,0.0,0,14.887419199978467,10.489446599385701,4.077496699814219,2.1058232986251824,33.963567499944475,59.32326439589748,quality,not_promoted,-7.305608090499173e-05,6.619392115680967e-05,0.2772110425259756,-0.0028120700115560676,5.482957691998783e-05,0.00016983695652173913,0.9998874113611553,0.08648724309371217,0.0,0.3404606282711029,1.5779215097427368,0.2645013630390167,-0.00045063020661473274,0.008465158753097057,1.5783720016479492,0.264108806848526,0.9989757537841797,2.5e-05,-0.30384361743927,-0.31404632329940796,-0.20922638475894928,-0.20990140736103058,-0.2106153666973114,0.31123271584510803,-0.30872395634651184,-0.30758923292160034,-0.1960606575012207,-0.2062717229127884,-0.2124582976102829,0.018520712852478027,0.1267789900302887,0.01798621006309986,0.12460602074861526
87,860,869,10,10,2539,2539,0,0.0,2539,0,0.0,0,11.841155299975071,9.167225599405356,1.5864061000174843,1.7694501009536907,30.79107059998205,59.555886337207504,quality,not_promoted,-0.0003474372686468996,7.435750449076295e-05,0.3644309524446726,-0.00395456850528717,2.7939006427857295e-05,0.0,1.0001504376530648,0.1026080168550834,0.0,0.3755546510219574,1.5598134994506836,0.2619147002696991,0.00022556973272003233,0.008997811004519463,1.559587836265564,0.26149889826774597,0.9988198280334473,2.5e-05,-0.30388182401657104,-0.31413528323173523,-0.209351047873497,-0.20996513962745667,-0.21070925891399384,0.3113190531730652,-0.30885523557662964,-0.30775773525238037,-0.19598031044006348,-0.20637652277946472,-0.21255604922771454,0.01852181740105152,0.126835435628891,0.01798621006309986,0.12465385347604752
88,870,879,10,10,2446,2446,0,0.0,2446,0,0.0,0,12.25679970002966,8.937081699375995,1.5202077998546883,1.876433000958059,28.367244100023527,60.210647961067764,quality,not_promoted,0.004680278472220287,6.143539828302052e-05,0.29937336870875114,0.0017172627521153444,2.9912222502641126e-05,0.0,0.9999547509046701,0.12932134066254664,0.0,0.4422376751899719,1.5453705787658691,0.2665858566761017,0.0004804738564416766,0.008326380513608456,1.5448901653289795,0.2683166265487671,0.9990244507789612,2.5e-05,-0.30387815833091736,-0.31426796317100525,-0.20940962433815002,-0.210052028298378,-0.21079693734645844,0.31134700775146484,-0.3089965879917145,-0.30797991156578064,-0.1959012895822525,-0.20647668838500977,-0.2127549648284912,0.018523460254073143,0.12688226997852325,0.01798621006309986,0.12471409142017365
89,880,889,10,10,2048,2048,0,0.0,2048,0,0.0,0,10.124352200014982,7.194456700235605,2.141288499929942,1.3985782000236213,22.263252899982035,63.23406728212172,quality,not_promoted,3.0132767278701067e-05,6.510408718440885e-05,0.3207431782502681,-0.0031447470719285775,2.5794177417992614e-05,0.0,0.9998378520831466,0.09529778370051645,0.015625,0.508967399597168,1.500394582748413,0.2560919523239136,0.0002051753253908828,0.00851106271147728,1.5001893043518066,0.25748035311698914,0.9988954663276672,2.5e-05,-0.30382561683654785,-0.3144528269767761,-0.20953142642974854,-0.2101830095052719,-0.21093596518039703,0.31145361065864563,-0.3090204894542694,-0.30810245871543884,-0.1958082616329193,-0.20649105310440063,-0.21286970376968384,0.018520118668675423,0.12695732712745667,0.01798621006309986,0.12474843859672546
90,890,899,10,10,2205,2205,0,0.0,2205,0,0.0,0,10.314381000003777,7.582852900435682,1.7451954001444392,1.538744202000089,25.21612269995967,62.059350990914,quality,not_promoted,-0.0015099251509777137,5.807948904735635e-05,0.31243798988206045,-0.004605264951741057,8.334248107400656e-05,0.0006696428571428571,1.000307584660394,0.09208313710987567,0.0,0.3016628623008728,1.5089006423950195,0.28153783082962036,0.00024038828269112855,0.007637650240212679,1.508660078048706,0.2822822332382202,0.9992640614509583,2.5e-05,-0.3037547171115875,-0.3147042989730835,-0.20965918898582458,-0.21036022901535034,-0.21112509071826935,0.3115985095500946,-0.30915582180023193,-0.3081614375114441,-0.19586166739463806,-0.2065867930650711,-0.21295896172523499,0.01852342113852501,0.12706156075000763,0.01798621006309986,0.12483621388673782
91,900,909,10,10,2865,2865,0,0.0,2865,0,0.0,0,14.508373300021049,10.409878899808973,2.4914465000038035,2.045494102232624,32.79885199997807,60.561573455885046,quality,not_promoted,0.0003122684649295277,5.206077340618423e-05,0.26995802604489855,-0.0023612812420146334,1.1582487676757106e-05,0.0,1.0000598318046994,0.08806836882399188,0.0,0.4948865473270416,1.6107561588287354,0.24815234541893005,-1.0579961781331804e-05,0.007233635522425175,1.6107667684555054,0.2484392672777176,0.999150276184082,2.5e-05,-0.30376413464546204,-0.31480544805526733,-0.20971718430519104,-0.21044403314590454,-0.2111968696117401,0.311688631772995,-0.30932754278182983,-0.30828726291656494,-0.19589205086231232,-0.20670555531978607,-0.2130759060382843,0.01852748729288578,0.1271059811115265,0.01798621006309986,0.12487334758043289
92,910,919,10,10,2001,2001,0,0.0,2001,0,0.0,0,9.317695999983698,6.96737320109969,1.5584812999004498,1.471505801717285,21.747882199997548,64.4121280189534,quality,not_promoted,0.004672575101722032,5.469694286830418e-05,0.33153075724840164,0.0013846164038113784,1.2847092605738908e-05,0.0,0.9999249959364533,0.07825271086767316,0.0,0.3844834864139557,1.5034714937210083,0.2723917067050934,0.0009358361712656915,0.007288903929293156,1.5025357007980347,0.27244582772254944,0.9992839694023132,2.5e-05,-0.3037697672843933,-0.31490564346313477,-0.20974843204021454,-0.2105148285627365,-0.21125879883766174,0.31180766224861145,-0.30943208932876587,-0.3083115220069885,-0.19586551189422607,-0.20677246153354645,-0.21315701305866241,0.018527796491980553,0.12712986767292023,0.01798621006309986,0.12492547929286957
93,920,929,10,10,2312,2312,0,0.0,2312,0,0.0,0,10.944935099978466,8.199966300162487,2.1452012999216095,1.5933961008558981,26.744597099954262,61.343292554958445,quality,not_promoted,0.011420680751168245,8.485104170766725e-05,0.3186588224929732,0.008276517757818708,4.079612129292375e-05,0.0,1.0001882145533691,0.12049509392346482,0.0,0.46705517172813416,1.5397686958312988,0.2707357108592987,0.0005676928558386862,0.008239634335041046,1.539201021194458,0.26934126019477844,0.9990737438201904,2.5e-05,-0.30379316210746765,-0.3150949478149414,-0.20984934270381927,-0.21064746379852295,-0.21138960123062134,0.31198936700820923,-0.30947425961494446,-0.3083195686340332,-0.19573122262954712,-0.20680135488510132,-0.21330241858959198,0.018529919907450676,0.12718935310840607,0.01798621006309986,0.12492410838603973
94,930,939,10,10,2106,2106,0,0.0,2106,0,0.0,0,9.809161099954508,7.240600899560377,1.870605300005991,1.4347202006611042,23.3211262000259,63.56721210809558,quality,not_promoted,2.2231770510023292e-05,5.824842821422146e-05,0.3256028477441181,-0.00320467341578368,1.078410036911643e-05,0.0,0.9999834262963497,0.10297344376643498,0.030303030303030304,0.5594585537910461,1.5223113298416138,0.26157718896865845,0.0009105794015340507,0.008050014264881611,1.5214005708694458,0.2609673738479614,0.999052882194519,2.5e-05,-0.3037540912628174,-0.3150949478149414,-0.20988284051418304,-0.2106468677520752,-0.21138955652713776,0.31200096011161804,-0.3095356822013855,-0.30835336446762085,-0.1957072615623474,-0.2068444788455963,-0.2134450376033783,0.01853226125240326,0.1271689385175705,0.01798621006309986,0.12491060048341751
95,940,949,10,10,2443,2443,0,0.0,2443,0,0.0,0,11.65733239997644,8.619820899970364,2.4861025000573136,1.580779099429492,28.424762800044846,60.949907628548885,quality,not_promoted,-0.000589294347147911,5.7742159300780775e-05,0.2816176806122829,-0.003376600371363262,2.4410512283933574e-05,0.0,1.0000185064780407,0.139350570523395,0.02564102564102564,0.7022726535797119,1.512702465057373,0.2638911306858063,0.000984976883046329,0.007937394082546234,1.511717438697815,0.26407507061958313,0.9990953207015991,2.5e-05,-0.3037227988243103,-0.31518980860710144,-0.20995570719242096,-0.21071495115756989,-0.21145378053188324,0.31201091408729553,-0.30955782532691956,-0.30827218294143677,-0.19557376205921173,-0.2068634331226349,-0.21356073021888733,0.01853766478598118,0.1272103190422058,0.01798621006309986,0.12490221858024597
96,950,959,10,10,6377,6377,0,0.0,6377,0,0.0,0,44.364912200020626,28.151948800019454,2.0039242000784725,5.932833301776554,70.64666540001053,55.44659183944862,quality,not_promoted,-0.00020616591908037663,0.0066288713450558135,0.11449089328758419,0.001963360841618851,3.982572574940946e-06,0.0,1.0000227591395379,0.1520178243657574,0.015,0.8454289436340332,1.531164288520813,0.2700347900390625,-0.007105536293238401,0.08427536487579346,1.5382697582244873,0.24387404322624207,0.9025993347167969,2.5e-05,-0.30369749665260315,-0.31519442796707153,-0.2099614292383194,-0.2107177972793579,-0.2114565223455429,0.3119891285896301,-0.30958107113838196,-0.30830222368240356,-0.19556094706058502,-0.20688074827194214,-0.2136000692844391,0.018537430092692375,0.12721411883831024,0.01798621006309986,0.12490952759981155
97,960,969,10,10,2327,2327,0,0.0,2327,0,0.0,0,11.007266699976753,8.308697999687865,1.829885600018315,1.6554558016359806,27.61223729996709,60.25452838553762,quality,not_promoted,-0.0002700315561850329,8.675159482958702e-05,0.30328980591651555,-0.003259553964174277,0.0002182335784537655,0.0060774089416136615,1.0001319477687012,0.09392867564550929,0.0,0.3529307544231415,1.5294744968414307,0.25674593448638916,-8.724922372493893e-05,0.00981198251247406,1.5295616388320923,0.25540056824684143,0.9985395073890686,2.5e-05,-0.30366095900535583,-0.3151889443397522,-0.20995518565177917,-0.2107122391462326,-0.2114766389131546,0.31196367740631104,-0.30968087911605835,-0.30843085050582886,-0.1955108493566513,-0.20694424211978912,-0.21371452510356903,0.018540771678090096,0.12723223865032196,0.01798621006309986,0.12491442263126373
98,970,979,10,10,2489,2489,0,0.0,2489,0,0.0,0,11.705116799974348,8.6278337011463,2.03745650005294,1.7542456981027499,28.37754080002196,62.09668093465512,quality,not_promoted,-0.0003254721418787272,6.64111209913151e-05,0.31591771886898923,-0.0034514433877447094,1.1095855132572442e-05,0.0,1.0000699957211812,0.10423627538749805,0.01282051282051282,0.5388971567153931,1.546465516090393,0.2704099714756012,-0.0002643172047100961,0.009119770489633083,1.5467296838760376,0.26926755905151367,0.9988625645637512,2.5e-05,-0.30370843410491943,-0.31527233123779297,-0.20998631417751312,-0.21076875925064087,-0.21153175830841064,0.3120329976081848,-0.30988138914108276,-0.308471143245697,-0.19549629092216492,-0.2071252018213272,-0.21367833018302917,0.01853921450674534,0.12724769115447998,0.01798621006309986,0.12491723150014877
99,980,989,10,10,7267,7267,0,0.0,7267,0,0.0,0,54.408316100016236,33.00710999808507,3.096509600058198,10.49412200023653,86.39591849996941,51.61066370372316,quality,not_promoted,-0.0002971090531597535,0.01072893496227647,0.11059042313054465,0.003961454781809854,7.867637086882856e-06,0.0,1.0000464445666264,0.19005044470255247,0.05263157894736842,1.0975128412246704,1.5832756757736206,0.21963617205619812,-0.009510289877653122,0.10518095642328262,1.5927859544754028,0.18212547898292542,0.7706670761108398,2.5e-05,-0.30371809005737305,-0.3152656555175781,-0.2099733203649521,-0.21076419949531555,-0.21152429282665253,0.3120323717594147,-0.3098944425582886,-0.30846744775772095,-0.19548888504505157,-0.207137331366539,-0.21367038786411285,0.018535926938056946,0.12724150717258453,0.01798621006309986,0.12491082400083542
100,990,999,10,10,2419,2419,0,0.0,2419,0,0.0,0,11.893070199992508,8.534943300124723,2.3292542000417598,1.7489690976799466,26.964766899996903,62.25256423241991,quality,not_promoted,-0.000819356793439702,7.335847107912598e-05,0.28971085422917414,-0.0036797863247461223,4.803354491550157e-05,0.0,1.0000172861312564,0.1272867014631629,0.0,0.39008036255836487,1.5231599807739258,0.2888152301311493,-0.0034836595878005028,0.008577117696404457,1.5266435146331787,0.2869219481945038,0.9991180300712585,2.5e-05,-0.3039085566997528,-0.31549105048179626,-0.21013958752155304,-0.2109210044145584,-0.21165135502815247,0.3123193383216858,-0.31014543771743774,-0.3085622489452362,-0.1954978108406067,-0.20731261372566223,-0.21382860839366913,0.018550097942352295,0.12731437385082245,0.01798621006309986,0.1249421238899231
101,1000,1009,10,10,2551,2551,0,0.0,2551,0,0.0,0,13.924014699994586,9.490106701094192,2.426863700035028,1.979081698518712,28.929537900025025,59.52832017942971,quality,not_promoted,-6.86658313497901e-06,6.0918469716852994e-05,0.2793369425460696,-0.002769776734930929,8.737864471868307e-05,0.0017897727200761437,0.9995430625975132,0.09063602040987462,0.0,0.4389750063419342,1.6038529872894287,0.2855193614959717,-0.0024515141267329454,0.008457908406853676,1.606304407119751,0.2853311598300934,0.9991225004196167,2.5e-05,-0.30395346879959106,-0.31557682156562805,-0.21018251776695251,-0.2109818160533905,-0.21171198785305023,0.312458336353302,-0.31027311086654663,-0.30867981910705566,-0.19542138278484344,-0.20741790533065796,-0.21399334073066711,0.01854933239519596,0.12734316289424896,0.01798621006309986,0.12503260374069214
102,1010,1019,10,10,2187,2187,0,0.0,2187,0,0.0,0,10.24931149999611,7.722905300499406,1.8655724998679943,1.509498700441327,24.438461400044616,63.048152624333866,quality,not_promoted,-0.0028467760886996983,5.62307230991012e-05,0.32641417256423405,-0.00608280278143606,0.00026137493415652506,0.004464285714285714,0.9997988138880048,0.10094714103532688,0.014285714285714285,0.7147179841995239,1.538743495941162,0.27935174107551575,-0.0023399258498102427,0.007825295440852642,1.5410833358764648,0.2810083329677582,0.999215304851532,2.5e-05,-0.30408504605293274,-0.3157186508178711,-0.21031424403190613,-0.2110797017812729,-0.2118208259344101,0.3126148283481598,-0.3104340732097626,-0.30890652537345886,-0.19537265598773956,-0.20754066109657288,-0.21417614817619324,0.018554555252194405,0.12743085622787476,0.01798621006309986,0.12507985532283783
103,1020,1029,10,10,2696,2696,0,0.0,2696,0,0.0,0,12.7553409000393,9.75300269993022,3.0538894999190234,1.7844501006766222,32.016737399972044,60.21610124806998,quality,not_promoted,0.009205139870213907,6.56394168736581e-05,0.3120678247407425,0.006117280970630777,6.152354559839464e-05,0.0001816860465116279,0.9999269898547682,0.09575016725115305,0.0,0.34769415855407715,1.603021502494812,0.2544485330581665,-0.0024170370306819677,0.008151250891387463,1.6054387092590332,0.2543712258338928,0.9989737868309021,2.5e-05,-0.3041752874851227,-0.3157387971878052,-0.21032828092575073,-0.2110874205827713,-0.21184314787387848,0.3126976191997528,-0.3106727600097656,-0.30917802453041077,-0.19532141089439392,-0.20768389105796814,-0.2143746167421341,0.01854892075061798,0.12744030356407166,0.01798621006309986,0.1251746118068695
104,1030,1039,10,10,2698,2698,0,0.0,2698,0,0.0,0,13.119300700025633,9.871945800317917,1.890438899921719,1.8151375993038528,31.97468189999927,59.83059921610273,quality,not_promoted,-0.002696631129744441,6.689275154670658e-05,0.29889725980370546,-0.00565215747067055,0.00029581998919533107,0.002543604651162791,0.9997739729493164,0.13368798383013453,0.0,0.40839672088623047,1.5675798654556274,0.26938319206237793,-0.0026462762616574764,0.008047156035900116,1.5702261924743652,0.26865440607070923,0.9991076588630676,2.5e-05,-0.30408796668052673,-0.3160071074962616,-0.21052132546901703,-0.21127192676067352,-0.21199364960193634,0.3128121793270111,-0.31091761589050293,-0.30954837799072266,-0.19524256885051727,-0.20785389840602875,-0.21471810340881348,0.01854667253792286,0.12754769623279572,0.01798621006309986,0.12529948353767395
105,1040,1049,10,10,2253,2253,0,0.0,2253,0,0.0,0,10.724408800015226,7.846402100112755,2.1991300999652594,1.5104947004583664,25.382207899994683,62.39853539086595,quality,not_promoted,-0.003870794342623817,5.634244012576851e-05,0.32642252474195427,-0.007106847760345166,1.1953972748162616e-05,0.0,0.9999885741207335,0.10829706518496904,0.0,0.39475250244140625,1.5659239292144775,0.2730742394924164,-0.002021057764068246,0.007912768051028252,1.567945122718811,0.274058073759079,0.9991603493690491,2.5e-05,-0.30417612195014954,-0.3162645399570465,-0.21071335673332214,-0.21145541965961456,-0.21218453347682953,0.31308943033218384,-0.31118836998939514,-0.30981671810150146,-0.19515787065029144,-0.20801879465579987,-0.2149750292301178,0.01855359598994255,0.1276613026857376,0.01798621006309986,0.12539272010326385
106,1050,1059,10,10,2327,2327,0,0.0,2327,0,0.0,0,10.731002999993507,8.316502899979241,1.6771384000312537,1.5852360999560915,26.786145300022326,62.0249700587989,quality,not_promoted,0.0003447775301095602,7.279099225195603e-05,0.34238883832821976,-0.0030427155198176972,0.00047150052307335646,0.007601351351351352,0.9998611268159505,0.08941170419692188,0.013513513513513514,0.5393639802932739,1.5401207208633423,0.2738370895385742,-0.001976137049496174,0.008969439193606377,1.542096734046936,0.2748626172542572,0.998927116394043,2.5e-05,-0.30414852499961853,-0.3163479268550873,-0.21082212030887604,-0.211512953042984,-0.21225449442863464,0.31308963894844055,-0.31144773960113525,-0.3100970983505249,-0.195093035697937,-0.2081979364156723,-0.21516303718090057,0.018549060449004173,0.1277070790529251,0.01798621006309986,0.12544377148151398
107,1060,1069,10,10,2596,2596,0,0.0,2596,0,0.0,0,13.218994800001383,9.437851999711711,1.9117313999449834,1.7889934001141228,29.66264279995812,60.538732783900294,quality,not_promoted,0.0020825947498584667,4.580364408711164e-05,0.291854870755498,-0.0008130528106604045,8.77073256472103e-06,0.0,0.9998749530896908,0.10625073107004893,0.0,0.47203242778778076,1.496388554573059,0.26238012313842773,-0.0014715506695210934,0.007338324096053839,1.497860312461853,0.2630870044231415,0.9992177486419678,2.5e-05,-0.30423298478126526,-0.3165138065814972,-0.211012065410614,-0.2116299569606781,-0.2123754769563675,0.31321561336517334,-0.31152865290641785,-0.31016793847084045,-0.19496430456638336,-0.20822903513908386,-0.21536614000797272,0.018556028604507446,0.12782958149909973,0.01798621006309986,0.12548799812793732
108,1070,1079,10,10,2192,2192,0,0.0,2192,0,0.0,0,9.958038599987049,7.555311200208962,1.5170191999641247,1.5182131010806188,24.808863200014457,63.04847100295561,quality,not_promoted,-0.00428377195660557,4.8509836778976025e-05,0.3541443822639329,-0.007800960339539286,2.7456673394356457e-05,0.0,0.9998597843306405,0.10951246254678283,0.0,0.33305710554122925,1.5379923582077026,0.2804022431373596,-0.00011605100735323504,0.007274268195033073,1.538108468055725,0.2816169559955597,0.9993270039558411,2.5e-05,-0.30422908067703247,-0.316657692193985,-0.2110864222049713,-0.2117318958044052,-0.21248945593833923,0.3132820725440979,-0.3116261661052704,-0.31024259328842163,-0.19499370455741882,-0.2082991898059845,-0.2155599296092987,0.018558884039521217,0.12787529826164246,0.01798621006309986,0.12548306584358215
109,1080,1089,10,10,2310,2310,0,0.0,2310,0,0.0,0,11.47501579998061,8.462391399603803,2.1558643000316806,1.5820622010505758,26.897893399989698,60.19871956963293,quality,not_promoted,0.0008813537455893851,5.616665687223242e-05,0.3504059463739395,-0.0025946228305582662,0.0001756721774015475,0.0008445945945945946,0.9996985390379622,0.1251147769743929,0.0,0.4292992353439331,1.5654346942901611,0.2589065134525299,-0.0005643977783620358,0.007808019872754812,1.565998911857605,0.2596453130245209,0.9990904927253723,2.5e-05,-0.30432558059692383,-0.3167336583137512,-0.2111554890871048,-0.21178635954856873,-0.21254530549049377,0.31335026025772095,-0.31171464920043945,-0.3103637099266052,-0.19501739740371704,-0.20835958421230316,-0.2156877964735031,0.018561113625764847,0.12791351974010468,0.01798621006309986,0.1255183070898056
110,1090,1099,10,10,2663,2663,0,0.0,2663,0,0.0,0,12.844301100005396,9.627725298923906,1.9053653000155464,1.8049636991345324,32.18251399998553,59.14253526673568,quality,not_promoted,-0.00027870961154500645,6.0698278048221255e-05,0.28781572072988465,-0.003126517492568209,0.0002247204845064386,0.0038394764997065067,1.00048223563603,0.09189833013252133,0.0,0.39385420083999634,1.6006627082824707,0.2611755132675171,-0.0008309250115416944,0.008027775213122368,1.6014935970306396,0.26180753111839294,0.9990552067756653,2.5e-05,-0.30432671308517456,-0.31683114171028137,-0.21124149858951569,-0.211852565407753,-0.21260347962379456,0.3133504390716553,-0.31200361251831055,-0.31054773926734924,-0.195127934217453,-0.20850566029548645,-0.21581341326236725,0.0185613464564085,0.12795564532279968,0.01798621006309986,0.12555810809135437
111,1100,1109,10,10,6942,6942,0,0.0,6942,0,0.0,0,51.129360800026916,31.10145910200663,1.8978720001177862,9.506302999681793,77.44107040000381,53.99375218085402,quality,not_promoted,0.0008986166575838119,0.010560482809573883,0.1052272477947654,0.00512658560102797,1.6953829933629445e-05,0.0,1.0000175180238322,0.19403881563403463,0.045871559633027525,0.7832300066947937,1.5637056827545166,0.23280176520347595,-0.009986016899347305,0.10369417816400528,1.573691964149475,0.19635117053985596,0.8016024827957153,2.5e-05,-0.30430471897125244,-0.3168443441390991,-0.21125353872776031,-0.21186067163944244,-0.2126123309135437,0.3133343756198883,-0.31205859780311584,-0.3105948865413666,-0.19513779878616333,-0.20850925147533417,-0.21584127843379974,0.018560560420155525,0.12796147167682648,0.01798621006309986,0.1255737990140915
112,1110,1119,10,10,2476,2476,0,0.0,2476,0,0.0,0,11.59575550002046,8.746732399566099,2.044227599981241,1.6304542008438148,28.61310550000053,61.578466497688346,quality,not_promoted,0.0006480877502606466,8.894178506288414e-05,0.3082545491365286,-0.002389987236641061,1.2869446814023924e-05,0.0,1.0000883638858795,0.09684986590097348,0.0,0.4890783429145813,1.5168209075927734,0.26149648427963257,0.002791169798001647,0.00995697919279337,1.514029860496521,0.2651139497756958,0.9985501766204834,2.5e-05,-0.30426153540611267,-0.31686830520629883,-0.21125207841396332,-0.2118748426437378,-0.21262888610363007,0.31331753730773926,-0.3122023344039917,-0.3106849789619446,-0.1950930655002594,-0.20860634744167328,-0.2160244584083557,0.01856130361557007,0.12796664237976074,0.01798621006309986,0.12559357285499573
113,1120,1129,10,10,2390,2390,0,0.0,2390,0,0.0,0,10.827850299945567,8.09855080023408,2.0556124999420717,1.6550852014916018,27.585331099980976,62.218225955233436,quality,not_promoted,-0.003660090635285566,5.749085695290552e-05,0.314329340465759,-0.006774637964554131,2.9751737110628757e-05,0.0,1.000007807424194,0.10022195234992787,0.013157894736842105,0.6386282444000244,1.5836011171340942,0.2540961503982544,0.0018365540308877826,0.008105583488941193,1.5817643404006958,0.255430668592453,0.9989824295043945,2.5e-05,-0.30432605743408203,-0.3168793022632599,-0.21124522387981415,-0.21188314259052277,-0.21264362335205078,0.31339359283447266,-0.3124246299266815,-0.3109966814517975,-0.1950577199459076,-0.20876586437225342,-0.21628977358341217,0.01856154575943947,0.12797902524471283,0.01798621006309986,0.12569396197795868
114,1130,1139,10,10,2492,2492,0,0.0,2492,0,0.0,0,11.521189499995671,8.771484300494194,1.8404425001353957,1.7654891008278355,30.1786468999926,59.76042630231281,quality,not_promoted,-0.0006372009714444479,5.532432190263465e-05,0.31804908907566315,-0.0037900299842779837,4.63415940197219e-05,0.0,0.9999493314669683,0.1110982695260109,0.0,0.33229032158851624,1.5168712139129639,0.25815266370773315,0.0017455064225941896,0.00788126327097416,1.5151255130767822,0.25888416171073914,0.9990679621696472,2.5e-05,-0.3043923079967499,-0.3171880543231964,-0.21147765219211578,-0.2121027559041977,-0.21287068724632263,0.3136923909187317,-0.3125293552875519,-0.3111991584300995,-0.1949629932641983,-0.20883387327194214,-0.2165040373802185,0.018575342372059822,0.12810564041137695,0.01798621006309986,0.12574273347854614
115,1140,1149,10,10,2435,2435,0,0.0,2435,0,0.0,0,11.58648960001301,8.787813000613824,1.8624410000047646,1.663146901060827,28.710324900050182,60.42661262954623,quality,not_promoted,0.0048893496800118535,6.451574600783389e-05,0.33171631682377595,0.0016044447682081507,4.321661689141948e-05,0.0,0.9997485111921262,0.10569807841705206,0.01282051282051282,0.5125470161437988,1.5642271041870117,0.24236588180065155,0.0016215175855904818,0.008556108921766281,1.5626057386398315,0.2426970899105072,0.9987537264823914,2.5e-05,-0.3044595420360565,-0.3172784149646759,-0.2114943265914917,-0.21216627955436707,-0.21293678879737854,0.3138234615325928,-0.31274914741516113,-0.3114350736141205,-0.19480924308300018,-0.20898732542991638,-0.21673551201820374,0.01858430728316307,0.1281200349330902,0.01798621006309986,0.12583673000335693
116,1150,1159,10,10,2480,2480,0,0.0,2480,0,0.0,0,11.492274400021415,8.949788000260014,1.481006400019396,1.6476009005564265,29.0521661999519,61.167448935073786,quality,not_promoted,0.0007814841392712715,6.210868354500212e-05,0.32893519562024337,-0.0024768132656717147,0.0001334825359756509,0.0038060897435897435,0.9999321508101928,0.08440895340381524,0.0,0.23601028323173523,1.5272507667541504,0.2661413252353668,0.0016847243532538414,0.008140528574585915,1.5255661010742188,0.2673843204975128,0.9990644454956055,2.5e-05,-0.30448490381240845,-0.31728145480155945,-0.21150127053260803,-0.21216627955436707,-0.21294838190078735,0.3139256536960602,-0.31298524141311646,-0.31164878606796265,-0.1947312206029892,-0.20914678275585175,-0.21687938272953033,0.018588650971651077,0.1281203031539917,0.01798621006309986,0.12586408853530884
117,1160,1169,10,10,2326,2326,0,0.0,2326,0,0.0,0,11.597659099963494,8.381173600093462,2.5111487000249326,1.56797319999896,28.137388200033456,58.537743328675454,quality,not_promoted,0.0006473237220701334,5.8517373897327185e-05,0.32832065939500527,-0.0026066245014049316,1.7135340586977493e-05,0.0,0.9999519546289701,0.08629972037129305,0.0,0.37623342871665955,1.5433340072631836,0.26261091232299805,0.0010942509397864342,0.007824398577213287,1.542239785194397,0.26305314898490906,0.9991123080253601,2.5e-05,-0.3045041263103485,-0.3173607587814331,-0.21148815751075745,-0.21221929788589478,-0.21300199627876282,0.3139944076538086,-0.3131217360496521,-0.31181007623672485,-0.1947406828403473,-0.20925003290176392,-0.21701377630233765,0.018586907535791397,0.12812331318855286,0.01798621006309986,0.12585388123989105
118,1170,1179,10,10,3473,3473,0,0.0,3473,0,0.0,0,18.40413370000897,13.237286700459663,3.6174775999388658,2.414807099790778,44.06710769998608,55.59358069680164,quality,not_promoted,-0.001955500727688724,5.970819640259089e-05,0.2588894505392421,-0.004514541384891014,9.199351946501172e-05,0.0019886363636363634,0.9997412248091264,0.10636432462117888,0.00909090909090909,1.1512115001678467,1.5704444646835327,0.21830302476882935,0.0012104164343327284,0.008128584362566471,1.5692342519760132,0.21873211860656738,0.9986135363578796,2.5e-05,-0.30459776520729065,-0.317362517118454,-0.21150906383991241,-0.21222160756587982,-0.21295182406902313,0.31399059295654297,-0.3134257197380066,-0.31212708353996277,-0.19474531710147858,-0.20946386456489563,-0.2172544002532959,0.01859559305012226,0.12812955677509308,0.01798621006309986,0.1258983612060547
119,1180,1189,10,10,2883,2883,0,0.0,2883,0,0.0,0,13.478679399995599,10.40439510019496,2.234550900058821,1.948141701926943,35.35845279996283,59.032950341880515,quality,not_promoted,-0.009956499045390798,4.9759405437330514e-05,0.3241927328964938,-0.013173547297533925,0.00022021327732871848,0.004755434782608696,0.9996277158674987,0.11593179328812529,0.021739130434782608,0.5955314040184021,1.603985071182251,0.22838030755519867,0.0014841079246252775,0.007717488333582878,1.6025011539459229,0.22781683504581451,0.9988580942153931,2.5e-05,-0.30452626943588257,-0.3173536956310272,-0.21159346401691437,-0.2122281789779663,-0.21295896172523499,0.3139995038509369,-0.31358546018600464,-0.3124236762523651,-0.19466352462768555,-0.2095731645822525,-0.2174418419599533,0.018612239509820938,0.1281834840774536,0.01798621006309986,0.12592655420303345
120,1190,1199,10,10,2282,2282,0,0.0,2282,0,0.0,0,10.84575879998738,7.995982599852141,1.903955599933397,1.5781233996967785,26.286438499984797,61.45609917896537,quality,not_promoted,-0.0011667502112686634,6.160260601164837e-05,0.3544807146406836,-0.00468075603647675,0.00036323525273473933,0.007822834007028077,1.0003113134039774,0.1511003494055735,0.013888888888888888,0.5703719854354858,1.556435465812683,0.2473893165588379,0.0019507408142089844,0.008412378840148449,1.5544848442077637,0.24506497383117676,0.9988436698913574,2.5e-05,-0.30447009205818176,-0.31740230321884155,-0.2116687148809433,-0.212264746427536,-0.21299970149993896,0.313995897769928,-0.31363576650619507,-0.31259074807167053,-0.1946042776107788,-0.2096080183982849,-0.21755529940128326,0.018606649711728096,0.12821944057941437,0.01798621006309986,0.12596209347248077
121,1200,1209,10,10,2611,2611,0,0.0,2611,0,0.0,0,13.1781534999609,9.571336800407153,3.4874734999611974,1.77555659878999,30.64985320001142,59.573779338717884,quality,not_promoted,-0.002035508840912726,6.0256417649414775e-05,0.35233468998496126,-0.00552872740720376,0.0007711279824611777,0.016577743902439025,0.9987300001993412,0.11175706662328505,0.0,0.4530165493488312,1.5676790475845337,0.2532247304916382,0.0007930982392281294,0.007902923971414566,1.566886067390442,0.25196370482444763,0.9990260004997253,2.5e-05,-0.30440351366996765,-0.31742987036705017,-0.2117380052804947,-0.21228398382663727,-0.2130318433046341,0.31403765082359314,-0.31390857696533203,-0.3128507435321808,-0.19462615251541138,-0.209792360663414,-0.2177959829568863,0.018609466031193733,0.12826426327228546,0.01798621006309986,0.12602438032627106
122,1210,1219,10,10,2685,2685,0,0.0,2685,0,0.0,0,14.210061500023585,9.891445400135126,3.6270234002149664,1.7859385970514268,30.186133400013205,60.4781559781326,quality,not_promoted,-3.1879892395365806e-05,5.222424622496917e-05,0.29800893774344805,-0.002985856465307907,7.299524783039011e-05,0.0,0.9999271198397591,0.1393892539532057,0.011904761904761904,0.5178267359733582,1.5204228162765503,0.28029921650886536,0.0006613184232264757,0.0077757989056408405,1.5197614431381226,0.2790243327617645,0.9992304444313049,2.5e-05,-0.3044257164001465,-0.31742051243782043,-0.21174746751785278,-0.2122756391763687,-0.21303831040859222,0.3140304982662201,-0.3140833377838135,-0.3130239248275757,-0.19455228745937347,-0.20991314947605133,-0.218008354306221,0.0186082161962986,0.12826643884181976,0.01798621006309986,0.12602992355823517
123,1220,1229,10,10,2268,2268,0,0.0,2268,0,0.0,0,18.77871620003134,7.97026749921497,10.598335300164763,1.5703571005142294,26.19722480000928,50.426960494232944,quality,not_promoted,-0.002416609579490291,5.421708889722746e-05,0.3417341622213523,-0.005806842091260478,6.4485606661908905e-06,0.0,0.999921016395092,0.11018993899536629,0.0,0.4404701888561249,1.5261558294296265,0.2691630721092224,0.0005307364626787603,0.007856286130845547,1.5256248712539673,0.27056044340133667,0.9991480708122253,2.5e-05,-0.30444398522377014,-0.3174525797367096,-0.21179106831550598,-0.21228447556495667,-0.2130672186613083,0.3140801191329956,-0.3142158091068268,-0.31304675340652466,-0.19454635679721832,-0.21000470221042633,-0.21809281408786774,0.018603742122650146,0.12829487025737762,0.01798621006309986,0.12607751786708832
124,1230,1239,10,10,2216,2216,0,0.0,2216,0,0.0,0,19.554150200041477,8.04412680020323,10.626495000033174,1.5036658014869317,26.255759400024544,48.37381298820127,quality,not_promoted,0.0005145356059074402,4.557832055849888e-05,0.3414316652076585,-0.002876991512519973,0.00016284697523068255,0.0012500000053218433,1.000000937495913,0.11584586040782077,0.0,0.3605620563030243,1.5135573148727417,0.2625352442264557,0.0011517418315634131,0.007026849780231714,1.512405514717102,0.2634112238883972,0.9992836117744446,2.5e-05,-0.3043861985206604,-0.3176574110984802,-0.21201646327972412,-0.21243205666542053,-0.21314287185668945,0.31423425674438477,-0.31434014439582825,-0.3131987154483795,-0.19444620609283447,-0.2100900411605835,-0.21829412877559662,0.018615884706377983,0.12839634716510773,0.01798621006309986,0.12615706026554108
125,1240,1249,10,10,2553,2553,0,0.0,2553,0,0.0,0,21.01812500000233,9.246514900005423,11.376223699946422,1.7203029012307525,29.789463299966883,50.248399607692996,quality,not_promoted,-0.0005034894449636341,5.0116652869292014e-05,0.3298807356506586,-0.0037772380193928255,0.0002030648973232019,0.003515625,0.9998245492577553,0.08106972444802522,0.0,0.28505247831344604,1.5722039937973022,0.26336032152175903,0.0004131933965254575,0.007231323514133692,1.5717906951904297,0.26349693536758423,0.9992460608482361,2.5e-05,-0.30427929759025574,-0.31779056787490845,-0.21206338703632355,-0.2125272899866104,-0.21323509514331818,0.31423628330230713,-0.31452131271362305,-0.31344252824783325,-0.1943705528974533,-0.21019773185253143,-0.21851129829883575,0.018617797642946243,0.12841232120990753,0.01798621006309986,0.12625272572040558
126,1250,1259,10,10,2256,2256,0,0.0,2256,0,0.0,0,10.001049599959515,7.727439100155607,1.3983616998884827,1.4550489996909164,25.883382299973164,62.868488660795336,quality,not_promoted,-0.004051246473358737,4.64090236012756e-05,0.3245179139905506,-0.007273220696434792,0.00012420065144801306,0.002170138888888889,1.0005962434742186,0.12079595795108213,0.0,0.45276692509651184,1.5107210874557495,0.26386758685112,0.0007777517312206328,0.007297758013010025,1.5099431276321411,0.26220881938934326,0.9992350935935974,2.5e-05,-0.3043864965438843,-0.3177889287471771,-0.2120274156332016,-0.21252819895744324,-0.21323053538799286,0.31425362825393677,-0.31471046805381775,-0.313628613948822,-0.19430428743362427,-0.21032989025115967,-0.21873313188552856,0.01861037127673626,0.12839791178703308,0.01798621006309986,0.1263328343629837
127,1260,1269,10,10,2470,2470,0,0.0,2470,0,0.0,0,11.699832400016021,8.680604100518394,1.6805700000259094,1.6583247985108756,26.904753100010566,63.982036538076514,quality,not_promoted,0.0006408972713427666,5.691462702555164e-05,0.2841120496010169,-0.002171765487545576,1.0861403575873761e-05,0.0,0.9998700656952002,0.08701116572587918,0.0,0.40552201867103577,1.5894639492034912,0.2696670591831207,-0.0003573806316126138,0.007944945245981216,1.5898211002349854,0.2687244117259979,0.999131977558136,2.5e-05,-0.3044959306716919,-0.3179687559604645,-0.21219468116760254,-0.21265509724617004,-0.21334482729434967,0.31438636779785156,-0.3147389888763428,-0.3137317895889282,-0.19427227973937988,-0.2103712409734726,-0.21882036328315735,0.018612444400787354,0.12850211560726166,0.01798621006309986,0.126334547996521
128,1270,1279,10,10,2534,2534,0,0.0,2534,0,0.0,0,12.127736700000241,9.037986601120792,2.2505408000433818,1.7239374003256671,29.98212889995193,60.17592229035464,quality,not_promoted,-0.0015303248073905706,5.681597331204102e-05,0.30847538243979217,-0.004586670460412279,0.00017806550184218395,0.0013671875,0.9991432078182697,0.11868735887110234,0.0,0.43146196007728577,1.5604267120361328,0.24643151462078094,0.0006520983879454434,0.00783419981598854,1.5597745180130005,0.24520954489707947,0.9989893436431885,2.5e-05,-0.30441412329673767,-0.31798213720321655,-0.21220040321350098,-0.21266129612922668,-0.2133764922618866,0.314336895942688,-0.31490612030029297,-0.3137846887111664,-0.1942298710346222,-0.21048246324062347,-0.21888092160224915,0.018613124266266823,0.12850670516490936,0.01798621006309986,0.12635363638401031
129,1280,1289,10,10,2538,2538,0,0.0,2538,0,0.0,0,12.471983800001908,9.219844000122976,2.093953200150281,1.7360488003469072,29.792902300017886,60.04984833021498,quality,not_promoted,-0.0006931562907993794,4.792400518454088e-05,0.2928062168881297,-0.003597256798821036,4.4295387597514944e-05,0.0,0.9999747812747956,0.10837491238489746,0.0,0.46638208627700806,1.5695102214813232,0.2468307912349701,0.0008334878948517144,0.007066047750413418,1.5686767101287842,0.24547861516475677,0.9991804957389832,2.5e-05,-0.30452293157577515,-0.31802278757095337,-0.21221981942653656,-0.21268948912620544,-0.21340954303741455,0.31447455286979675,-0.3151848614215851,-0.3139924108982086,-0.1941247284412384,-0.21066638827323914,-0.2190691977739334,0.01860569603741169,0.12851814925670624,0.01798621006309986,0.12641260027885437
130,1290,1299,10,10,2850,2850,0,0.0,2850,0,0.0,0,14.32832920004148,10.621934799535666,1.8108399999327958,1.9645499008474872,35.99686840001959,56.63167033439609,quality,not_promoted,0.00032189790573385025,4.856170912211787e-05,0.2887901998228497,-0.0025417238732592926,0.0001916889940023086,0.003472222222222222,1.0003127131197187,0.09370795647717184,0.0,0.38761040568351746,1.5376375913619995,0.254181444644928,0.0006844202289357781,0.00692229438573122,1.536953330039978,0.25315770506858826,0.9992583394050598,2.5e-05,-0.3044314980506897,-0.3182067275047302,-0.21237997710704803,-0.21281692385673523,-0.21352770924568176,0.31454578042030334,-0.31530484557151794,-0.3140976130962372,-0.1940883845090866,-0.21073700487613678,-0.21918079257011414,0.0186171792447567,0.12860099971294403,0.01798621006309986,0.12644542753696442
131,1300,1309,10,10,2734,2734,0,0.0,2734,0,0.0,0,13.601512200024445,10.031297900248319,2.3049733001971617,1.8818498995970003,32.44669630000135,59.372559520930515,quality,not_promoted,-0.0006662397103947262,5.5465148846472635e-05,0.2799121312970339,-0.003437628850427478,1.9164319146518452e-05,0.0,0.9999097987662914,0.10828818476130796,0.0,0.4452202618122101,1.525657057762146,0.26637712121009827,-0.00011511937191244215,0.007335613016039133,1.5257720947265625,0.26588958501815796,0.9992416501045227,2.5e-05,-0.3046039938926697,-0.31832319498062134,-0.21239325404167175,-0.21290242671966553,-0.2136150300502777,0.31478050351142883,-0.315420925617218,-0.3142443597316742,-0.19406022131443024,-0.2108074575662613,-0.21940289437770844,0.01862088218331337,0.12863580882549286,0.01798621006309986,0.12647941708564758
132,1310,1319,10,10,2426,2426,0,0.0,2426,0,0.0,0,11.035536499985028,8.581820999912452,1.49741780012846,1.5756100010476075,28.67636839998886,61.089993192484584,quality,not_promoted,-0.00033268738096874014,4.13221779892506e-05,0.2939918041229248,-0.003251944558302823,2.5996550903073512e-05,0.0,0.9999149755427712,0.10032098522213728,0.02631578947368421,0.5213074684143066,1.5325415134429932,0.2508491575717926,0.0016327601624652743,0.006439537741243839,1.5309088230133057,0.25038620829582214,0.9993410110473633,2.5e-05,-0.30467164516448975,-0.31833526492118835,-0.2124258279800415,-0.21291141211986542,-0.2136191725730896,0.31484848260879517,-0.3155217170715332,-0.31433603167533875,-0.19407634437084198,-0.21087077260017395,-0.21956753730773926,0.01863269694149494,0.12865792214870453,0.01798621006309986,0.12649615108966827
133,1320,1329,10,10,2273,2273,0,0.0,2273,0,0.0,0,10.711688100011088,7.895308300619945,2.0731436000787653,1.5897377005312592,25.81583199999295,62.22705493767557,quality,not_promoted,-0.0018334471905190083,4.262865576897134e-05,0.31199893003536594,-0.0049321222662304836,8.793986458183806e-05,0.00021701388888888888,1.0003320674101512,0.11216065316047105,0.0,0.439454585313797,1.5253750085830688,0.25957322120666504,0.0014575765235349536,0.006762152537703514,1.5239176750183105,0.2610521614551544,0.9993213415145874,2.5e-05,-0.3047827482223511,-0.3184208273887634,-0.21250727772712708,-0.21297518908977509,-0.21366748213768005,0.31501853466033936,-0.3155999481678009,-0.3144040107727051,-0.19410203397274017,-0.2109254002571106,-0.2196093201637268,0.0186353400349617,0.1287233829498291,0.01798621006309986,0.12648186087608337
134,1330,1339,10,10,7372,7372,0,0.0,7372,0,0.0,0,54.30417940003099,33.33436270029051,2.670779599924572,10.285048899182584,87.68735550000565,51.91858800026323,quality,not_promoted,-0.000487542703169687,0.009395747213696676,0.10032615928653756,0.003207069481442008,8.030039534002375e-07,0.0,0.9999998335180611,0.2211093974404101,0.06465517241379311,0.8312278985977173,1.5273292064666748,0.23033542931079865,-0.008700493723154068,0.09842821210622787,1.5360296964645386,0.19501130282878876,0.817392885684967,2.5e-05,-0.30479034781455994,-0.318439245223999,-0.2125278264284134,-0.2129869908094406,-0.21367712318897247,0.3150346577167511,-0.3155980110168457,-0.31442227959632874,-0.19412127137184143,-0.21092359721660614,-0.21961569786071777,0.018634982407093048,0.12873654067516327,0.01798621006309986,0.1264764666557312
135,1340,1349,10,10,2491,2491,0,0.0,2491,0,0.0,0,11.944544899975881,9.004708199820016,2.153904800012242,1.717143498477526,29.144623400003184,60.624249724744836,quality,not_promoted,-0.0005684424884235248,9.261616473966755e-05,0.3311468444955655,-0.0038336029407592155,0.0001836466682946663,0.0040233865714608096,1.0002258549898098,0.09998625705544001,0.0,0.34377336502075195,1.6057038307189941,0.24975146353244781,-0.0021030192729085684,0.010005566291511059,1.60780668258667,0.24678023159503937,0.9983950257301331,2.5e-05,-0.30482685565948486,-0.31842759251594543,-0.21252557635307312,-0.212977796792984,-0.2136666476726532,0.3150603473186493,-0.31571561098098755,-0.3145430088043213,-0.1941455602645874,-0.21100899577140808,-0.21971039474010468,0.018633656203746796,0.12873440980911255,0.01798621006309986,0.12653592228889465
136,1350,1359,10,10,2722,2722,0,0.0,2722,0,0.0,0,13.185367199999746,9.781916400359478,1.6238873999100178,2.156263800803572,31.145079699985217,61.40249400465492,quality,not_promoted,-0.0007362795863733735,5.529656935027031e-05,0.2749857557720916,-0.0034584886973810405,9.797622223506847e-05,0.0,0.9999385912751042,0.09129315019087043,0.0,0.39315494894981384,1.6138182878494263,0.26824626326560974,-0.0017670908709987998,0.007832671515643597,1.6155855655670166,0.2665742337703705,0.9991474151611328,2.5e-05,-0.30478012561798096,-0.3186399042606354,-0.21255308389663696,-0.21312864124774933,-0.2138211876153946,0.3152087926864624,-0.31573396921157837,-0.314663827419281,-0.19419273734092712,-0.2110239863395691,-0.21986429393291473,0.018633190542459488,0.12876886129379272,0.01798621006309986,0.12660278379917145
137,1360,1369,10,10,2343,2343,0,0.0,2343,0,0.0,0,11.084262900054455,8.324006899318192,1.8295317001175135,1.645638799003791,26.59057689999463,62.19004546362922,quality,not_promoted,-0.00022214693898284758,5.108077063620865e-05,0.3074372783303261,-0.003270979081846874,5.951811737292234e-05,0.0,1.0001114389380894,0.07253817782259069,0.0,0.38890978693962097,1.553965449333191,0.27298521995544434,-0.002151474356651306,0.008053877390921116,1.5561168193817139,0.27068015933036804,0.999129593372345,2.5e-05,-0.3047316074371338,-0.3187478482723236,-0.21268358826637268,-0.21320536732673645,-0.21390311419963837,0.3152526021003723,-0.3157574236392975,-0.31482216715812683,-0.19423256814479828,-0.2110394835472107,-0.22010654211044312,0.018632417544722557,0.12883304059505463,0.01798621006309986,0.12669992446899414
138,1370,1379,10,10,7405,7405,0,0.0,7405,0,0.0,0,55.12912920000963,33.823167000955436,4.636227100039832,8.960201696841978,88.3587719000061,51.60713860354313,quality,not_promoted,6.685674527724241e-05,0.007233152184379174,0.09722932759704518,0.002711139549099808,2.3107985311450427e-07,0.0,1.0000087405587066,0.14648314291241996,0.01293103448275862,0.6209630966186523,1.5326400995254517,0.26624351739883423,-0.008404046297073364,0.08729379624128342,1.5410443544387817,0.2369273453950882,0.8924999237060547,2.5e-05,-0.3047286868095398,-0.31875765323638916,-0.21270371973514557,-0.21321304142475128,-0.2139085978269577,0.3152613043785095,-0.3157595694065094,-0.3148757517337799,-0.19423522055149078,-0.21104055643081665,-0.22015216946601868,0.01863212138414383,0.12884336709976196,0.01798621006309986,0.12671439349651337
139,1380,1389,10,10,2377,2377,0,0.0,2377,0,0.0,0,10.986709500022698,8.433227599598467,1.6768652999890037,1.706807098176796,27.5829447999713,61.62876082610805,quality,not_promoted,-0.011992345392507943,8.950406807248088e-05,0.3222724873768656,-0.015170317841693759,4.905565277331454e-05,0.0,1.0000328280423816,0.10326323996445066,0.0,0.4245317578315735,1.5544449090957642,0.26756685972213745,-5.775416866526939e-05,0.010126300156116486,1.5545026063919067,0.26947838068008423,0.9985677003860474,2.5e-05,-0.30492544174194336,-0.31884557008743286,-0.21276885271072388,-0.2132769078016281,-0.21392837166786194,0.31539386510849,-0.3157801926136017,-0.3148324489593506,-0.19423699378967285,-0.21109639108181,-0.22016122937202454,0.018631232902407646,0.12886741757392883,0.01798621006309986,0.12676121294498444
140,1390,1399,10,10,2588,2588,0,0.0,2588,0,0.0,0,12.235240200010594,9.381639500323217,2.0799241000204347,1.7442877983557992,31.430339400016237,59.26865104519098,quality,not_promoted,-0.0012289644786860885,7.27230031859618e-05,0.3012970284354396,-0.004205572705647749,1.5040056842824525e-05,0.0,0.9997884195025374,0.10762634862032605,0.012195121951219513,0.5896323323249817,1.5569961071014404,0.2472742348909378,0.0002375722979195416,0.00900284107774496,1.5567584037780762,0.24890951812267303,0.9986744523048401,2.5e-05,-0.3049983084201813,-0.31890353560447693,-0.2127213329076767,-0.21331754326820374,-0.21394973993301392,0.31545498967170715,-0.31605494022369385,-0.31501930952072144,-0.19418935477733612,-0.21129688620567322,-0.2203253209590912,0.018620438873767853,0.12886540591716766,0.01798621006309986,0.1267985999584198
141,1400,1409,10,10,2628,2628,0,0.0,2628,0,0.0,0,13.033641100046225,9.409675801056437,1.9799956000060774,2.0617730986559764,29.859859400021378,61.268023578440705,quality,not_promoted,-0.011436427777100886,6.450484549228956e-05,0.258163547586827,-0.013985810939976502,3.1282257710006977e-05,0.0,1.0001453998542966,0.0795266096302796,0.011904761904761904,0.5502432584762573,1.5156358480453491,0.266195684671402,0.0001234003429999575,0.00851765088737011,1.515512466430664,0.2680424749851227,0.9989761710166931,2.5e-05,-0.3051263689994812,-0.3190245032310486,-0.21277211606502533,-0.21340250968933105,-0.21404649317264557,0.315448135137558,-0.3161255419254303,-0.3152492344379425,-0.19414030015468597,-0.2113441675901413,-0.22050254046916962,0.01862170733511448,0.1289180964231491,0.01798621006309986,0.12688685953617096
142,1410,1419,10,10,3084,3084,0,0.0,3084,0,0.0,0,15.044966799963731,11.419188800209668,2.430132699897513,1.9853319988469593,37.224259299982805,59.00221277626979,quality,not_promoted,-0.0014578291519107868,5.4108242860523634e-05,0.2726220894528895,-0.004156994918475346,9.780372400410332e-05,0.001753826530612245,0.99985229360814,0.10388463968411088,0.0,0.41890081763267517,1.5586599111557007,0.2689974009990692,-0.0010250663617625833,0.00751158781349659,1.5596849918365479,0.27088281512260437,0.9992202520370483,2.5e-05,-0.30528733134269714,-0.3193206489086151,-0.21289128065109253,-0.21360747516155243,-0.21423408389091492,0.31575247645378113,-0.3162561058998108,-0.3155331015586853,-0.1940278261899948,-0.2114340364933014,-0.2207239419221878,0.018614578992128372,0.12901461124420166,0.01798621006309986,0.12694814801216125
143,1420,1429,10,10,2626,2626,0,0.0,2626,0,0.0,0,12.477793500002008,9.231116000097245,1.8065124999848194,1.7789836010779254,30.323938600020483,61.35265726777959,quality,not_promoted,0.014741269261797979,6.5707972810612e-05,0.28889393451667966,0.011885183697034205,4.8513442466390276e-05,0.0005580357142857143,0.9996963810353052,0.0984119823468583,0.0,0.3702123463153839,1.5123035907745361,0.2622278928756714,-0.00039893193752504885,0.008302676491439342,1.5127025842666626,0.2636415660381317,0.9989975094795227,2.5e-05,-0.3054289221763611,-0.3195658326148987,-0.21298372745513916,-0.21378038823604584,-0.2144213616847992,0.3159514367580414,-0.3164122402667999,-0.31586915254592896,-0.19397103786468506,-0.21154367923736572,-0.22089728713035583,0.018611056730151176,0.1291206330060959,0.01798621006309986,0.1270262449979782
144,1430,1439,10,10,2579,2579,0,0.0,2579,0,0.0,0,12.889021499955561,9.512012099497952,1.8509425000520423,1.7223597000702284,28.605554999958258,62.15270084767238,quality,not_promoted,0.0008500386881301316,6.357798300574891e-05,0.2965748141088137,-0.002083919613008819,0.00013776267965889618,0.002096036585365854,0.9996237369572244,0.09945370229642565,0.0,0.3561404049396515,1.5739442110061646,0.255697101354599,-0.0010887604439631104,0.008543244563043118,1.5750328302383423,0.2559765577316284,0.9988836646080017,2.5e-05,-0.30548205971717834,-0.31970784068107605,-0.21308337152004242,-0.2138858437538147,-0.21452696621418,0.31612226366996765,-0.31653398275375366,-0.3160030245780945,-0.19384415447711945,-0.2116304486989975,-0.22110509872436523,0.018613917753100395,0.1291951984167099,0.01798621006309986,0.1270996779203415
145,1440,1449,10,10,2951,2951,0,0.0,2951,0,0.0,0,15.547204400005285,11.051170798949897,3.135791400040034,2.1180764000164345,35.02359910000814,58.35382860782935,quality,not_promoted,0.0001400174186664059,5.422691704533211e-05,0.28308715203658064,-0.0026637400052153524,0.00017616440617109432,0.003490691489361702,0.9998864797835655,0.13163221807793735,0.02127659574468085,0.5890153050422668,1.5316483974456787,0.26559850573539734,-0.0005190765950828791,0.007777059450745583,1.5321674346923828,0.26596444845199585,0.999142587184906,2.5e-05,-0.3053825795650482,-0.3197423219680786,-0.21302750706672668,-0.21388588845729828,-0.2145508974790573,0.3160373270511627,-0.3167518079280853,-0.3162505626678467,-0.19374527037143707,-0.21178965270519257,-0.22137801349163055,0.01860620453953743,0.1291661262512207,0.01798621006309986,0.127158522605896
146,1450,1459,10,10,2466,2466,0,0.0,2466,0,0.0,0,11.66835719998926,8.77307179971831,2.011208199954126,1.821752499730792,29.0128159999731,60.61772082822532,quality,not_promoted,-0.002220756242959163,5.2319119603429826e-05,0.3246086304768538,-0.0054406834414037755,0.00026289061987391993,0.005008012820512821,1.000279908761,0.1305684944590888,0.038461538461538464,0.511662483215332,1.5383449792861938,0.25309741497039795,-0.0003907779464498162,0.007457486819475889,1.5387357473373413,0.2534545660018921,0.9991317987442017,2.5e-05,-0.30543190240859985,-0.319829523563385,-0.2130538672208786,-0.21394401788711548,-0.21462345123291016,0.31619179248809814,-0.31682059168815613,-0.3163151741027832,-0.19368180632591248,-0.2118321806192398,-0.22153355181217194,0.018605930730700493,0.12920762598514557,0.01798621006309986,0.1271931529045105
147,1460,1469,10,10,2628,2628,0,0.0,2628,0,0.0,0,13.688641499960795,9.444139700208325,4.005421200126875,1.8268363989773206,32.494191899953876,56.90426088072924,quality,not_promoted,-0.005865101724685658,4.8022326891008384e-05,0.35950407740615664,-0.009436131881860396,0.00031729400645764104,0.005952380952380952,1.000620465193476,0.13705179079746208,0.0,0.4982624053955078,1.5833840370178223,0.25813162326812744,-0.0003236514166928828,0.00717643927782774,1.5837079286575317,0.2584886848926544,0.9992271065711975,2.5e-05,-0.3053708076477051,-0.3197697699069977,-0.21303331851959229,-0.2139040231704712,-0.21458971500396729,0.316165953874588,-0.31686732172966003,-0.3163233995437622,-0.193611279129982,-0.2118394523859024,-0.2216319888830185,0.01861097849905491,0.12917909026145935,0.01798621006309986,0.12721481919288635
148,1470,1479,10,10,2524,2524,0,0.0,2524,0,0.0,0,11.878411400015466,9.044741900230292,1.9401365000521764,1.6910789004177786,29.286257900006603,61.314715821089976,quality,not_promoted,-0.00063718972960487,5.9599941232590935e-05,0.3618093814700842,-0.0042254839092493056,0.0002474166748015705,0.00390625,1.000198195129633,0.1596317167393863,0.0375,0.6196131110191345,1.5751739740371704,0.25874143838882446,-0.0005918341339565814,0.007888741791248322,1.5757659673690796,0.25883421301841736,0.999070405960083,2.5e-05,-0.30547526478767395,-0.31965479254722595,-0.21295268833637238,-0.2138281762599945,-0.21450062096118927,0.3161429464817047,-0.31700870394706726,-0.3165310025215149,-0.1934935301542282,-0.21195273101329803,-0.22186169028282166,0.01861877739429474,0.12917295098304749,0.01798621006309986,0.12732188403606415
149,1480,1489,10,10,2742,2742,0,0.0,2742,0,0.0,0,13.474498700001277,10.165162099699955,2.2185853999108076,1.9308915005531162,32.94586590002291,59.068902703072936,quality,not_promoted,-0.0009346664991489676,5.096364064990857e-05,0.3793167255299036,-0.004702350869233352,0.00038346844091794867,0.005484226961122002,1.0002947616022686,0.18334205994425817,0.03488372093023256,0.6203569769859314,1.5882787704467773,0.2544071078300476,2.3399268684443086e-05,0.007143960800021887,1.588255524635315,0.25453242659568787,0.9992114901542664,2.5e-05,-0.3055092692375183,-0.3197728395462036,-0.21300946176052094,-0.21391384303569794,-0.21459205448627472,0.31621989607810974,-0.3171050548553467,-0.31680548191070557,-0.19347654283046722,-0.21200866997241974,-0.22203949093818665,0.018630757927894592,0.12924814224243164,0.01798621006309986,0.1273571252822876
150,1490,1499,10,10,2447,2447,0,0.0,2447,0,0.0,0,12.2300566000049,8.863349699298851,2.471862800011877,1.6114023000118323,28.160329699981958,60.583723607535696,quality,not_promoted,-0.005790475111168165,5.1742003401719e-05,0.34612603046191043,-0.00922586523497907,0.00011106143364696226,0.0,1.0000719695519178,0.16004058136007723,0.02564102564102564,0.5907569527626038,1.524196982383728,0.2663672864437103,-0.00023223039170261472,0.007323728874325752,1.5244293212890625,0.26657789945602417,0.9992440342903137,2.5e-05,-0.30554836988449097,-0.3197411000728607,-0.2130722999572754,-0.21389426290988922,-0.21459853649139404,0.31628456711769104,-0.3172609806060791,-0.31715747714042664,-0.19346271455287933,-0.21212567389011383,-0.22226208448410034,0.01862865686416626,0.1292838305234909,0.01798621006309986,0.12743902206420898
151,1500,1509,10,10,2483,2483,0,0.0,2483,0,0.0,0,12.641534599999432,9.139366198854987,2.497831199900247,1.7068286984576844,29.244156699976884,59.280387238145074,quality,not_promoted,0.0009029185793434198,5.082084704227805e-05,0.3531370860261795,-0.0026030419573474387,0.00011529275378472029,0.0,0.9996966536228473,0.15429335844535857,0.01282051282051282,0.6421396732330322,1.5857638120651245,0.2660842537879944,-0.0014477184740826488,0.00760474381968379,1.5872116088867188,0.264340877532959,0.999183177947998,2.5e-05,-0.30541154742240906,-0.3198704719543457,-0.21319754421710968,-0.21398736536502838,-0.21467645466327667,0.31636756658554077,-0.3174600303173065,-0.3173074424266815,-0.19345608353614807,-0.21228724718093872,-0.222454234957695,0.018633905798196793,0.12932878732681274,0.01798621006309986,0.12751635909080505
152,1510,1519,10,10,2620,2620,0,0.0,2620,0,0.0,0,12.326384600019082,9.474426599859726,1.7512248000130057,1.803496099601034,31.799660100019537,59.375364771764986,quality,not_promoted,-0.0004203461065161519,4.354408886173609e-05,0.33901799288464757,-0.003788753546115647,0.00027579391941643977,0.003061483750437818,0.9993565373304414,0.13540688302458787,0.0,0.3807494640350342,1.54697585105896,0.2651354670524597,-0.0012395050143823028,0.006584410555660725,1.5482151508331299,0.2648294270038605,0.999383270740509,2.5e-05,-0.305317759513855,-0.32002177834510803,-0.2132541686296463,-0.21408414840698242,-0.21478663384914398,0.31641435623168945,-0.3177872896194458,-0.31753984093666077,-0.1933668702840805,-0.2125198394060135,-0.2226928025484085,0.018638975918293,0.12935946881771088,0.01798621006309986,0.12758630514144897
153,1520,1529,10,10,2330,2330,0,0.0,2330,0,0.0,0,10.79606599995168,8.234763800282963,1.6379458999144845,1.5700816002790816,26.989495799993165,61.66376491465587,quality,not_promoted,-0.0016377243981067393,5.5060723064564845e-05,0.35465173966981267,-0.0051567116437630876,0.00016405974300240004,0.0004222972972972973,1.0000728183501475,0.1398578644856005,0.0,0.4963367283344269,1.540470838546753,0.2651110291481018,-0.0017946717562153935,0.00772714102640748,1.54226553440094,0.26432064175605774,0.9991504549980164,2.5e-05,-0.3053589463233948,-0.3201182782649994,-0.21330636739730835,-0.21415334939956665,-0.2148771435022354,0.3165539801120758,-0.317878782749176,-0.31768837571144104,-0.19333091378211975,-0.21256382763385773,-0.2228720337152481,0.01863894611597061,0.12942859530448914,0.01798621006309986,0.12762567400932312
154,1530,1539,10,10,2577,2577,0,0.0,2577,0,0.0,0,13.2991461000056,9.086716900637839,4.401769100106321,1.9047544991481118,29.364561400027014,60.402626752445975,quality,not_promoted,-0.0012047878074709598,4.892948194670991e-05,0.33208995494173793,-0.004501223030341108,0.00023509124118235622,0.0019054878048780487,0.9994846538799566,0.17431142658176946,0.036585365853658534,1.1626394987106323,1.6224011182785034,0.2609257698059082,-0.001454526325687766,0.007203604560345411,1.6238555908203125,0.26081058382987976,0.9992378354072571,2.5e-05,-0.30546700954437256,-0.32027530670166016,-0.21334511041641235,-0.2142607867717743,-0.21498025953769684,0.3166903853416443,-0.31790870428085327,-0.31771978735923767,-0.1933341920375824,-0.21259213984012604,-0.22294177114963531,0.01863161101937294,0.12946289777755737,0.01798621006309986,0.127614364027977
155,1540,1549,10,10,2356,2356,0,0.0,2356,0,0.0,0,10.867053700028919,8.349484799953643,1.6125430998508818,1.7091376993921585,27.706741100002546,61.07773456600848,quality,not_promoted,0.00012324956195378626,5.234315594370364e-05,0.3735690908254804,-0.00358626977981043,8.501873319776653e-05,0.00021114864864864866,1.000132815257923,0.210345161071903,0.05405405405405406,0.8465653657913208,1.532459020614624,0.27951350808143616,-0.0008451445610262454,0.007713024970144033,1.533304214477539,0.28007030487060547,0.9992385506629944,2.5e-05,-0.305512934923172,-0.3204107880592346,-0.2133474349975586,-0.21435683965682983,-0.21508647501468658,0.31683069467544556,-0.31795868277549744,-0.3178531527519226,-0.19330497086048126,-0.2126394510269165,-0.2230396568775177,0.018642483279109,0.12946952879428864,0.01798621006309986,0.12763896584510803
156,1550,1559,10,10,2350,2350,0,0.0,2350,0,0.0,0,11.23094499995932,8.383858799643349,1.9487802000367083,1.6803819997003302,27.291250200010836,61.00379243189704,quality,not_promoted,-0.0003176362543190653,5.94588233021519e-05,0.3723204806447029,-0.0040111125799248346,0.0004204145280046096,0.00620593420053656,1.0000726685330674,0.12486966007162591,0.0,0.4827571511268616,1.5400652885437012,0.2881025969982147,-0.0017525948351249099,0.008467775769531727,1.5418180227279663,0.28906485438346863,0.9991361498832703,2.5e-05,-0.30553895235061646,-0.3204207420349121,-0.21332097053527832,-0.2143695205450058,-0.2151024490594864,0.3168368637561798,-0.31792593002319336,-0.31805360317230225,-0.19321560859680176,-0.21261490881443024,-0.22312228381633759,0.01864405907690525,0.1294446736574173,0.01798621006309986,0.12763838469982147
157,1560,1569,10,10,2983,2983,0,0.0,2983,0,0.0,0,14.838995900005102,11.006858200475108,2.7312723999493755,2.175249198626261,35.071336599998176,59.767183478487226,quality,not_promoted,-0.0020123221317028747,4.9845098204814155e-05,0.3255821353894599,-0.005243220918891119,0.00033063625519292705,0.005864702680326523,1.000074247730539,0.14393997402425776,0.010638297872340425,0.5925626754760742,1.5999287366867065,0.2452278435230255,-0.001004726393148303,0.007309052161872387,1.6009334325790405,0.2464035302400589,0.9991116523742676,2.5e-05,-0.3053831458091736,-0.32050713896751404,-0.21340100467205048,-0.21441979706287384,-0.2151915580034256,0.316789448261261,-0.3179980218410492,-0.3182508647441864,-0.19310526549816132,-0.21274495124816895,-0.2233261913061142,0.018650392070412636,0.12948764860630035,0.01798621006309986,0.12770317494869232
158,1570,1579,10,10,2416,2416,0,0.0,2416,0,0.0,0,13.000776399974711,8.752837200649083,3.9624853999121115,1.7339948000735603,28.662652399973013,57.988506217304696,quality,not_promoted,-0.0012167088050199183,4.5519941044116617e-05,0.3512151929500856,-0.004706100738411279,9.577867073953952e-05,0.0,1.0001139350627597,0.15925263662479425,0.0,0.47098246216773987,1.5351004600524902,0.26184558868408203,-0.0007282542646862566,0.006922254804521799,1.535828709602356,0.26305925846099854,0.9993011355400085,2.5e-05,-0.3053402006626129,-0.3206751346588135,-0.21345850825309753,-0.2145320624113083,-0.21531036496162415,0.31686270236968994,-0.3182125985622406,-0.31852731108665466,-0.19309251010417938,-0.2129010260105133,-0.2235695868730545,0.01865793950855732,0.1295444667339325,0.01798621006309986,0.12773700058460236
159,1580,1589,10,10,2767,2767,0,0.0,2767,0,0.0,0,13.62323979998473,10.004373800184112,3.4037917999667116,1.9049099002149887,32.695416499977,59.738347806999876,quality,not_promoted,-0.0012303455732762814,6.111102749690127e-05,0.32398633150891826,-0.00443965176501396,0.00020453656351678134,0.0012428977272727273,1.000111577863043,0.16571315441449935,0.011363636363636364,0.5350802540779114,1.5821888446807861,0.24870339035987854,-0.0012365542352199554,0.008026638999581337,1.583425521850586,0.2491045445203781,0.99895840883255,2.5e-05,-0.3053891658782959,-0.3208799958229065,-0.21360012888908386,-0.21467658877372742,-0.21545454859733582,0.3170521557331085,-0.31844469904899597,-0.31859490275382996,-0.1931232362985611,-0.21308283507823944,-0.22368013858795166,0.01864447258412838,0.12962408363819122,0.01798621006309986,0.12776781618595123
160,1590,1599,10,10,6879,6879,0,0.0,6879,0,0.0,0,50.80638409999665,31.26655979832867,2.113901700009592,8.011544001230504,78.51837489998434,53.191670745746464,quality,not_promoted,0.001123521218283309,0.0066544625102930395,0.1373591623786423,0.0030771603697859165,5.328015355140944e-05,0.0,0.999943758878443,0.1773437965678534,0.023148148148148147,0.6446325778961182,1.5377675294876099,0.2858567535877228,-0.008644506335258484,0.08293244987726212,1.5464121103286743,0.2571490705013275,0.9158310294151306,2.5e-05,-0.30538490414619446,-0.32087481021881104,-0.21358676254749298,-0.21467189490795135,-0.21545258164405823,0.3170472979545593,-0.3184686005115509,-0.31863540410995483,-0.19313271343708038,-0.21310308575630188,-0.22370865941047668,0.018644075840711594,0.1296238899230957,0.01798621006309986,0.12777601182460785
161,1600,1609,10,10,2414,2414,0,0.0,2414,0,0.0,0,11.478567700018175,8.449676800169982,2.743565100012347,1.7759192000958137,28.000871199998073,61.145752504577935,quality,not_promoted,0.0002393305154615327,6.445499528988301e-05,0.38002664831123856,-0.003528709045464271,0.0005249653844849059,0.005220251721575072,0.9994146557230699,0.13940116714097953,0.0,0.3724765181541443,1.5773909091949463,0.26613983511924744,-0.0022822951432317495,0.0077924239449203014,1.579672932624817,0.26464542746543884,0.9991427063941956,2.5e-05,-0.30549654364585876,-0.3211967647075653,-0.2137838453054428,-0.21489624679088593,-0.2156745195388794,0.31731870770454407,-0.31866002082824707,-0.3188099265098572,-0.19308029115200043,-0.21325762569904327,-0.223847433924675,0.018647970631718636,0.12975572049617767,0.01798621006309986,0.12779192626476288
162,1610,1619,10,10,7062,7062,0,0.0,7062,0,0.0,0,54.24366370000644,32.95480729895644,2.055388400098309,10.386363499157596,86.62115260004066,50.133171543401495,quality,not_promoted,-0.0004891387337969767,0.008469453928695215,0.12361580920867152,0.0025094299790080266,3.082195995190645e-06,0.0,0.9999683861796921,0.2156477825011353,0.05405405405405406,0.7617292404174805,1.5574288368225098,0.26928818225860596,-0.010833755135536194,0.09442723542451859,1.5682626962661743,0.23139867186546326,0.8770411014556885,2.5e-05,-0.30551832914352417,-0.32122936844825745,-0.21379977464675903,-0.21491868793964386,-0.2156982272863388,0.3173496127128601,-0.31868353486061096,-0.31882962584495544,-0.19306543469429016,-0.2132745385169983,-0.22386373579502106,0.018649786710739136,0.12977087497711182,0.01798621006309986,0.12778806686401367
163,1620,1629,10,10,2645,2645,0,0.0,2645,0,0.0,0,13.31547839997802,9.784829500480555,3.074455499940086,1.8843796009314246,31.65156080003362,58.82086183693667,quality,not_promoted,2.618856905471711e-06,7.269358801360275e-05,0.363764073522318,-0.0035986745414058013,0.000633276617182197,0.009114583333333334,1.0001107958101092,0.13922075293071212,0.0,0.4803875982761383,1.5856298208236694,0.2519018352031708,-0.0011789673008024693,0.008922556415200233,1.586808681488037,0.25152021646499634,0.9987453818321228,2.5e-05,-0.3054035007953644,-0.3213033080101013,-0.21383564174175262,-0.21497176587581635,-0.21573077142238617,0.3173331320285797,-0.31884676218032837,-0.3190445303916931,-0.19314050674438477,-0.21337419748306274,-0.22405113279819489,0.01864512637257576,0.1297624558210373,0.01798621006309986,0.12783654034137726
164,1630,1639,10,10,2328,2328,0,0.0,2328,0,0.0,0,11.302267300023232,8.433208099042531,1.5694554999936372,1.6550613004947081,25.727741199953016,62.86793047864121,quality,not_promoted,-0.0012418826337198953,6.60768019844073e-05,0.33145132821959417,-0.0045233578547029885,0.0002511206106204112,0.0023226351351351353,0.9999513513333088,0.15688319099009843,0.013513513513513514,0.625025749206543,1.583853006362915,0.28086280822753906,-0.0015152093255892396,0.008348008617758751,1.585368037223816,0.28151965141296387,0.9991165399551392,2.5e-05,-0.30540549755096436,-0.32138124108314514,-0.21393989026546478,-0.21502681076526642,-0.21574798226356506,0.31739071011543274,-0.31893330812454224,-0.31926071643829346,-0.1929953247308731,-0.2134263962507248,-0.22422631084918976,0.01863911561667919,0.12978684902191162,0.01798621006309986,0.12788766622543335
165,1640,1649,10,10,2471,2471,0,0.0,2471,0,0.0,0,11.591469200036954,8.999479499238078,1.509046700084582,1.6777466993080452,28.855428500042763,61.09244813589572,quality,not_promoted,-0.0013317838311195374,5.7885399655788206e-05,0.35151219138732326,-0.004817963001700357,0.0004157218749568505,0.003205128205128205,0.9998504236722604,0.14215483616750973,0.0,0.32209768891334534,1.5727965831756592,0.26451507210731506,-0.0011281456099823117,0.008047585375607014,1.5739246606826782,0.26341643929481506,0.999074399471283,2.5e-05,-0.305281400680542,-0.3216169774532318,-0.21409861743450165,-0.21519137918949127,-0.21591433882713318,0.31748953461647034,-0.31895357370376587,-0.3194064497947693,-0.19296161830425262,-0.21344570815563202,-0.22442977130413055,0.01864447258412838,0.12987950444221497,0.01798621006309986,0.12794138491153717
166,1650,1659,10,10,3062,3062,0,0.0,3062,0,0.0,0,16.160364600014873,11.736130299977958,2.079501700005494,2.3005776040954515,36.83693699998548,57.77652649394473,quality,not_promoted,0.00020728666762200496,4.4099950343934324e-05,0.30007555056363344,-0.0027714189175943225,0.0001928899897241839,0.00146484375,1.000244186570247,0.1363986965152435,0.010416666666666666,0.7580117583274841,1.5419590473175049,0.27281826734542847,-0.0009695342159830034,0.007121077738702297,1.5429285764694214,0.27159208059310913,0.9993187189102173,2.5e-05,-0.30519694089889526,-0.32178211212158203,-0.21419715881347656,-0.21530595421791077,-0.21602506935596466,0.3175152540206909,-0.3189122974872589,-0.31935667991638184,-0.19293272495269775,-0.21341541409492493,-0.22456830739974976,0.018634755164384842,0.12993209064006805,0.01798621006309986,0.12793950736522675
167,1660,1669,10,10,2625,2625,0,0.0,2625,0,0.0,0,12.703878900036216,9.436210799729452,2.5665146998944692,1.8574261010508053,31.323306099977344,59.62225384155702,quality,not_promoted,0.03566617618447968,6.642931874098612e-05,0.32170738882961725,0.03248231621303906,5.11916739577871e-05,0.0,0.9999866961013704,0.12923288269944133,0.0,0.43015986680984497,1.596512794494629,0.2547837793827057,-0.0016204353887587786,0.007911811582744122,1.5981335639953613,0.25482454895973206,0.9990357160568237,2.5e-05,-0.3052653968334198,-0.3219974637031555,-0.21432802081108093,-0.21546043455600739,-0.21615895628929138,0.31772494316101074,-0.3191845118999481,-0.31952106952667236,-0.19281135499477386,-0.2136077880859375,-0.22475475072860718,0.018630292266607285,0.13002288341522217,0.01798621006309986,0.12803083658218384
168,1670,1679,10,10,2605,2605,0,0.0,2605,0,0.0,0,13.53594469995005,9.641802300408017,2.417537999979686,1.8566301006358117,29.303788499964867,60.808035097780994,quality,not_promoted,0.0003729243308487462,6.794884859296073e-05,0.2750635065320062,-0.002343736542104857,0.00016050857689373427,0.0024771341463414634,0.9998415272410323,0.13913020995877137,0.024390243902439025,0.5303403735160828,1.4938442707061768,0.2561643719673157,-0.00028643160476349294,0.008531934581696987,1.4941307306289673,0.25907692313194275,0.9988906979560852,2.5e-05,-0.3053402006626129,-0.3220255672931671,-0.21436820924282074,-0.215481698513031,-0.2161620855331421,0.3177558183670044,-0.3194500207901001,-0.31973105669021606,-0.19278541207313538,-0.21380305290222168,-0.22499538958072662,0.01862497441470623,0.13006389141082764,0.01798621006309986,0.1281576305627823
169,1680,1689,10,10,2107,2107,0,0.0,2107,0,0.0,0,10.015942500031088,7.586295400629751,1.5440354000893421,1.4675209012348205,23.638163600000553,62.607516412329225,quality,not_promoted,0.00024883739763137066,4.7484350392496154e-05,0.34176047597870685,-0.003145025864906722,0.00010348791208729601,0.0014405174632415626,0.9998997531153939,0.13261487549453072,0.015151515151515152,0.599102258682251,1.4995139837265015,0.2791139781475067,0.0012026522308588028,0.007598319090902805,1.4983115196228027,0.28050991892814636,0.9992589354515076,2.5e-05,-0.3054126501083374,-0.3221915662288666,-0.21447212994098663,-0.21559692919254303,-0.21627339720726013,0.317897766828537,-0.3196565508842468,-0.31995096802711487,-0.19269892573356628,-0.21394596993923187,-0.22525560855865479,0.018625693395733833,0.13013732433319092,0.01798621006309986,0.12821461260318756
170,1690,1699,10,10,2923,2923,0,0.0,2923,0,0.0,0,15.49707479996141,11.295260698592756,1.8727533999481238,2.0904887001379393,34.46601259999443,58.50319009714727,quality,not_promoted,-0.0005994513934559149,5.555575930686799e-05,0.28284327944983606,-0.0034001055224191236,0.00034805968010439994,0.00390625,0.9997865136550821,0.12128400547510904,0.010869565217391304,0.6100948452949524,1.4929368495941162,0.2701762914657593,-7.223612919915468e-05,0.007870650850236416,1.493009090423584,0.2704273760318756,0.999151349067688,2.5e-05,-0.30538541078567505,-0.32227736711502075,-0.21446901559829712,-0.21565665304660797,-0.2163313776254654,0.3179357945919037,-0.3198128342628479,-0.3200626075267792,-0.19264642894268036,-0.21405065059661865,-0.2253764420747757,0.018633848056197166,0.130144402384758,0.01798621006309986,0.12826988101005554
171,1700,1709,10,10,2382,2382,0,0.0,2382,0,0.0,0,10.935507099959068,8.190552299900446,2.0513502999092452,1.6442868004087359,27.893890400009695,61.34527325596325,quality,not_promoted,-0.002702828741779453,5.975305176482499e-05,0.31616379987252385,-0.005834589580588631,3.422957015991893e-05,0.0,0.9999094378007086,0.12127888727148897,0.0,0.36099308729171753,1.531115174293518,0.2533676326274872,-0.0005930231418460608,0.007639345712959766,1.5317081212997437,0.25354254245758057,0.9990909099578857,2.5e-05,-0.30532172322273254,-0.3224208652973175,-0.21447612345218658,-0.21575772762298584,-0.21646641194820404,0.31799253821372986,-0.31998851895332336,-0.3202575147151947,-0.19245824217796326,-0.2141878753900528,-0.22561682760715485,0.01863289438188076,0.1301812380552292,0.01798621006309986,0.12833523750305176
172,1710,1719,10,10,2593,2593,0,0.0,2593,0,0.0,0,12.042447499989066,9.377807600656524,1.736485400237143,1.778037999814842,31.247686099959537,59.898175042894266,quality,not_promoted,-0.0016854616200051656,5.706043104022151e-05,0.350240797894757,-0.005159339316689023,0.00015233811074899788,0.001524390243902439,0.9994068981670752,0.11965162020812674,0.0,0.3998439610004425,1.5489497184753418,0.2696985900402069,-0.0003481454332359135,0.0076741804368793964,1.5492979288101196,0.26994791626930237,0.9991903305053711,2.5e-05,-0.30536094307899475,-0.32252418994903564,-0.21455103158950806,-0.21583369374275208,-0.2165462076663971,0.3181209862232208,-0.3202100992202759,-0.3205360472202301,-0.19247165322303772,-0.2143307626247406,-0.2258979231119156,0.018634755164384842,0.1302311271429062,0.01798621006309986,0.12845756113529205
173,1720,1729,10,10,2727,2727,0,0.0,2727,0,0.0,0,13.973085200006608,9.7952019002405,3.0712356000440195,1.8317239002790302,31.784434699977282,59.59676149320672,quality,not_promoted,-9.38793730943702e-05,5.199846748647085e-05,0.30392244336910024,-0.0031071043313415938,4.337465698157292e-05,0.0,1.0000252654386121,0.11973593604945859,0.011627906976744186,0.526006817817688,1.5615429878234863,0.258121520280838,0.0002503709984011948,0.0076452032662928104,1.5612924098968506,0.2586574852466583,0.9991227388381958,2.5e-05,-0.3054715096950531,-0.3224942088127136,-0.2145329862833023,-0.2158178836107254,-0.21654126048088074,0.3181888461112976,-0.3203563392162323,-0.32064497470855713,-0.19252042472362518,-0.21444159746170044,-0.22606055438518524,0.018638674169778824,0.13024009764194489,0.01798621006309986,0.12850421667099
174,1730,1739,10,10,2142,2142,0,0.0,2142,0,0.0,0,10.385682000021916,7.462789999961387,2.3062183001311496,1.6089208998600952,24.329215399979148,61.70261646805081,quality,not_promoted,-6.918736514361466e-05,5.913917362597524e-05,0.33963001672835913,-0.003435917917693801,1.2534242531735211e-05,0.0,0.9998841697678846,0.12782846437767148,0.0,0.3783772885799408,1.5139936208724976,0.2456352710723877,0.0008514573564752936,0.0077946363016963005,1.5131422281265259,0.24494849145412445,0.9989930391311646,2.5e-05,-0.30558139085769653,-0.32267969846725464,-0.21465662121772766,-0.2159551978111267,-0.21669307351112366,0.318369597196579,-0.3203851878643036,-0.32070592045783997,-0.19240812957286835,-0.2144630253314972,-0.22618518769741058,0.01864735595881939,0.13033781945705414,0.01798621006309986,0.12851528823375702
175,1740,1749,10,10,2620,2620,0,0.0,2620,0,0.0,0,12.467193299962673,9.440573299711104,2.553361199970823,1.7613985989009961,31.27074549999088,59.90222840594359,quality,not_promoted,-0.0004623124216933076,5.096670276277398e-05,0.3358125859280912,-0.003794954056147395,0.0002958626946343518,0.004763719512195122,0.9995463853929101,0.14705546138944423,0.036585365853658534,0.6085174679756165,1.5746511220932007,0.25051501393318176,-0.0004491143045015633,0.007525966037064791,1.575100302696228,0.2509564459323883,0.999097466468811,2.5e-05,-0.30554676055908203,-0.3228345811367035,-0.2147497534751892,-0.2160407453775406,-0.2168092280626297,0.3184365928173065,-0.32048511505126953,-0.32091474533081055,-0.19233843684196472,-0.21452616155147552,-0.22636783123016357,0.018643826246261597,0.13038493692874908,0.01798621006309986,0.128571555018425
176,1750,1759,10,10,2602,2602,0,0.0,2602,0,0.0,0,12.626905100012664,9.680622600310016,1.843272700032685,1.8434709987486713,32.456645699974615,57.71506356151375,quality,not_promoted,-0.0012533774985591087,4.7060808710961194e-05,0.3718583536584203,-0.004948430799697413,0.00012333246031186895,0.0007621951219512195,1.0003198312550057,0.17648104841752751,0.012195121951219513,0.9713855981826782,1.585646629333496,0.2532903850078583,0.0001926841796375811,0.00715680280700326,1.5854538679122925,0.25518998503685,0.9992016553878784,2.5e-05,-0.30545902252197266,-0.3227593004703522,-0.21473199129104614,-0.21599997580051422,-0.2167533040046692,0.31834450364112854,-0.320709764957428,-0.32109785079956055,-0.19237396121025085,-0.2146758735179901,-0.22654233872890472,0.0186455100774765,0.1303534358739853,0.01798621006309986,0.1286991834640503
177,1760,1769,10,10,2727,2727,0,0.0,2727,0,0.0,0,12.624680700013414,9.679588200058788,2.832934799895156,1.8376703982357867,32.02083669998683,61.08116018832352,quality,not_promoted,0.0007765873573547185,5.546400677493968e-05,0.3454153769931128,-0.002649834796483087,0.00043905941636821383,0.007267441860465116,1.0002623339032017,0.1916636065255071,0.03488372093023256,0.6304998397827148,1.6013851165771484,0.24251000583171844,-0.0002824437397066504,0.007889985106885433,1.6016674041748047,0.24180398881435394,0.9989414811134338,2.5e-05,-0.30555084347724915,-0.3229030668735504,-0.21475926041603088,-0.2161003202199936,-0.2168564349412918,0.31842517852783203,-0.3208983540534973,-0.32131701707839966,-0.19235724210739136,-0.21480637788772583,-0.2266387939453125,0.018651068210601807,0.13037601113319397,0.01798621006309986,0.1287265121936798
178,1770,1779,10,10,2333,2333,0,0.0,2333,0,0.0,0,11.434588100004476,8.310292300884612,2.443756199965719,1.6786890986259095,28.181535199983045,58.890164045928614,quality,not_promoted,0.0020376504147173583,5.920067716844544e-05,0.3744712429674896,-0.0016774615411319443,0.00039795477910907674,0.0033783783783783786,0.9999274909496307,0.1552663537094722,0.0,0.44661834836006165,1.5325630903244019,0.2655431926250458,0.00010278400441166013,0.008216675370931625,1.532460331916809,0.26693084836006165,0.9990425109863281,2.5e-05,-0.30571070313453674,-0.3230988085269928,-0.21476761996746063,-0.21623601019382477,-0.21699202060699463,0.31860941648483276,-0.3210057318210602,-0.3214797079563141,-0.19236385822296143,-0.21488045156002045,-0.2268074005842209,0.018649913370609283,0.13042603433132172,0.01798621006309986,0.12878312170505524
179,1780,1789,10,10,2837,2837,0,0.0,2837,0,0.0,0,19.754679700010456,10.297086200967897,8.290581899927929,1.9886327989515848,33.259898799995426,53.513582117788324,quality,not_promoted,0.0003204625410338243,4.358293695582284e-05,0.32716165151860976,-0.002929363249697619,0.0002026801484842306,0.0006944444444444445,1.000147494342592,0.15132408413208193,0.022222222222222223,0.5917831063270569,1.5604321956634521,0.25136736035346985,1.562494617246557e-05,0.006773538421839476,1.5604164600372314,0.25053682923316956,0.9992738962173462,2.5e-05,-0.30583131313323975,-0.32312124967575073,-0.21467524766921997,-0.21625268459320068,-0.2169981449842453,0.31870776414871216,-0.32106781005859375,-0.32158365845680237,-0.19236622750759125,-0.21493031084537506,-0.22699680924415588,0.018660135567188263,0.13039812445640564,0.01798621006309986,0.12886770069599152
180,1790,1799,10,10,6915,6915,0,0.0,6915,0,0.0,0,51.17953480000142,31.563196299539413,1.8012320999987423,8.170420301496051,78.90174020000268,53.159073048751885,quality,not_promoted,-0.0009166149619043967,0.006692624996178166,0.11312435886506504,0.0012984538788334765,7.664797249658227e-07,0.0,0.9999939318096965,0.19295342523314127,0.04128440366972477,0.753669261932373,1.5413522720336914,0.29951757192611694,-0.008727484382689,0.08392061293125153,1.5500798225402832,0.2706252634525299,0.9214958548545837,2.5e-05,-0.3058073818683624,-0.323117196559906,-0.21466021239757538,-0.21624884009361267,-0.2169952392578125,0.31869110465049744,-0.32109978795051575,-0.32156190276145935,-0.19232001900672913,-0.21495084464550018,-0.22702635824680328,0.01866156794130802,0.13039426505565643,0.01798621006309986,0.1288648396730423
181,1800,1809,10,10,2385,2385,0,0.0,2385,0,0.0,0,10.996767800010275,8.402097100042738,1.9000330999842845,1.6456552020972595,27.933663100004196,61.26312873662833,quality,not_promoted,0.006459673131374936,6.69770204120524e-05,0.35170152528505577,0.002976146067100528,8.632407815112904e-05,0.00041118421052631577,1.0000240716495012,0.15708985591405317,0.02631578947368421,0.665064811706543,1.532885193824768,0.2547079622745514,0.0010697098914533854,0.008840091526508331,1.5318154096603394,0.25675463676452637,0.9987954497337341,2.5e-05,-0.3056555390357971,-0.32325270771980286,-0.21470965445041656,-0.21634450554847717,-0.21708108484745026,0.318719744682312,-0.32106471061706543,-0.32162562012672424,-0.19224295020103455,-0.21492533385753632,-0.2271117866039276,0.018669025972485542,0.13044241070747375,0.01798621006309986,0.12884606420993805
182,1810,1819,10,10,2561,2561,0,0.0,2561,0,0.0,0,12.19995320000453,9.248865600500721,2.551065000006929,1.7280249985633418,29.895462000044063,60.837979334078256,quality,not_promoted,-0.020235061940805214,5.574300333070668e-05,0.33823445602888014,-0.023589535156355763,0.00015667955839733887,0.0,0.9995578040437001,0.16404431320090845,0.012195121951219513,0.5257200598716736,1.556398868560791,0.24113520979881287,0.0018138795858249068,0.007983338087797165,1.5545847415924072,0.2430148422718048,0.9989039301872253,2.5e-05,-0.30561020970344543,-0.3231530785560608,-0.21465754508972168,-0.21627748012542725,-0.21703308820724487,0.3186282813549042,-0.321067750453949,-0.32175391912460327,-0.1922583132982254,-0.21494048833847046,-0.22729016840457916,0.01866883784532547,0.13041672110557556,0.01798621006309986,0.12889227271080017
183,1820,1829,10,10,2633,2633,0,0.0,2633,0,0.0,0,12.50021009996999,9.647134099970572,1.851160399906803,1.8055095007875934,30.712422900018282,60.93125591307326,quality,not_promoted,0.00363047923227506,6.709720725796484e-05,0.3159159707526366,0.0005048675008029455,0.00034424360587980205,0.000744047619047619,0.9996124874977839,0.1392613368641053,0.0,0.44358670711517334,1.5378916263580322,0.24456079304218292,0.001022597891278565,0.008159078657627106,1.5368690490722656,0.24351827800273895,0.9988869428634644,2.5e-05,-0.3056619167327881,-0.323116660118103,-0.21469509601593018,-0.21625196933746338,-0.21698588132858276,0.3187061548233032,-0.32142508029937744,-0.32204341888427734,-0.19214530289173126,-0.21517153084278107,-0.22755450010299683,0.018678052350878716,0.1304204761981964,0.01798621006309986,0.12901121377944946
184,1830,1839,10,10,2929,2929,0,0.0,2929,0,0.0,0,14.458401400013827,11.009591100504622,2.1270454999175854,2.0228320997557603,34.90140919998521,59.33977388478993,quality,not_promoted,-0.00016602265911743692,5.193036923114762e-05,0.32302413006191666,-0.003370297976526553,0.00023234185965995257,0.0012408495961647966,1.0001393420540767,0.11427510471042732,0.0,0.43769994378089905,1.582716464996338,0.23960886895656586,0.0010092498268932104,0.007231781259179115,1.5817071199417114,0.2396034300327301,0.9990890622138977,2.5e-05,-0.3057934641838074,-0.32322609424591064,-0.21476119756698608,-0.2163284868001938,-0.21702808141708374,0.31884896755218506,-0.3215031325817108,-0.3221823275089264,-0.19220921397209167,-0.2152116894721985,-0.22764010727405548,0.018676605075597763,0.1304703950881958,0.01798621006309986,0.1290329247713089
185,1840,1849,10,10,3166,3166,0,0.0,3166,0,0.0,0,17.681875600013882,11.94546510046348,7.1779888000455685,2.1894021001062356,38.58044290001271,56.27212109999525,quality,not_promoted,-0.0013010849663987756,4.948197925841669e-05,0.28582077369093895,-0.004134550762828439,4.538224024599913e-05,0.0,0.9996684163808822,0.10153605608269572,0.01,0.5515428781509399,1.590951681137085,0.23829232156276703,0.00031966392998583615,0.007493892218917608,1.5906322002410889,0.23704491555690765,0.9990109801292419,2.5e-05,-0.30578377842903137,-0.3231530785560608,-0.21465280652046204,-0.21627548336982727,-0.21697473526000977,0.3187994062900543,-0.32152679562568665,-0.3223525881767273,-0.19219103455543518,-0.21521243453025818,-0.22773917019367218,0.01868303492665291,0.13045647740364075,0.01798621006309986,0.1290193796157837
186,1850,1859,10,10,2838,2838,0,0.0,2838,0,0.0,0,13.621286100009456,10.198942100221757,2.056597799935844,1.9680980006232858,33.2262157999794,60.57953753988054,quality,not_promoted,0.0025070842355489733,6.26796484640282e-05,0.28799249480168027,-0.000341501008046584,0.00027841649969357403,0.00625,1.0002482175827025,0.11563505174385177,0.011111111111111112,1.3906000852584839,1.529890775680542,0.26415112614631653,-7.567749707959592e-05,0.008345121517777443,1.5299663543701172,0.26300913095474243,0.9990019202232361,2.5e-05,-0.30596861243247986,-0.3234596252441406,-0.21482744812965393,-0.21649466454982758,-0.21718460321426392,0.31905606389045715,-0.3215372562408447,-0.3223904073238373,-0.19227546453475952,-0.21523620188236237,-0.22788462042808533,0.018680976703763008,0.13057607412338257,0.01798621006309986,0.12908631563186646
187,1860,1869,10,10,2401,2401,0,0.0,2401,0,0.0,0,17.380029499996454,8.571918699948583,8.347792400047183,1.5793056982802227,27.638357000018004,53.33376397217677,quality,not_promoted,0.0017323894426226616,4.9238689299320535e-05,0.3402187461523633,-0.0016451790916586393,0.00020293473488364774,0.0,0.999556690454483,0.1322940970329862,0.0,0.3885805904865265,1.5677320957183838,0.2630040645599365,0.00010278094850946218,0.007481059990823269,1.567629337310791,0.2622091770172119,0.9991909265518188,2.5e-05,-0.3059871196746826,-0.3236014246940613,-0.21491652727127075,-0.21659712493419647,-0.21728260815143585,0.31910377740859985,-0.32166820764541626,-0.32248273491859436,-0.19215615093708038,-0.21532833576202393,-0.2280571460723877,0.018682463094592094,0.13063056766986847,0.01798621006309986,0.12913453578948975
188,1870,1879,10,10,2289,2289,0,0.0,2289,0,0.0,0,11.675412899989169,8.252900199906435,2.8867536999750882,1.5747978991130367,25.836841599957552,61.02005945825653,quality,not_promoted,-0.0012366272664318483,4.129745636621212e-05,0.3534889061831766,-0.00475086725782603,5.1862516102119116e-05,0.0,1.0002616047859192,0.1373533642747336,0.027777777777777776,0.5685568451881409,1.5561423301696777,0.2624266743659973,0.0008391052833758295,0.006784197874367237,1.5553032159805298,0.2609720230102539,0.9993317127227783,2.5e-05,-0.30605894327163696,-0.3236628770828247,-0.21494795382022858,-0.2166414111852646,-0.21733979880809784,0.3191418945789337,-0.32171183824539185,-0.322637140750885,-0.19207260012626648,-0.21534760296344757,-0.22822745144367218,0.018681600689888,0.13068164885044098,0.01798621006309986,0.12918153405189514
189,1880,1889,10,10,2406,2406,0,0.0,2406,0,0.0,0,12.49643489997834,8.830219600640703,3.068456600070931,1.6005343999131583,27.797683600045275,59.71094764112013,quality,not_promoted,-0.0009901991579681635,4.7338532041114954e-05,0.32985525303765345,-0.004265082500703437,0.00029583209160783123,0.005139802631578948,1.000220570125078,0.1396505907177925,0.0,0.4175140857696533,1.5347360372543335,0.2570057809352875,0.0006624936941079795,0.00743946572765708,1.5340735912322998,0.2565973401069641,0.9991620779037476,2.5e-05,-0.3061710596084595,-0.3236218988895416,-0.21494784951210022,-0.21660983562469482,-0.21730268001556396,0.31918323040008545,-0.32173076272010803,-0.322755366563797,-0.19199107587337494,-0.21537986397743225,-0.22831259667873383,0.018683895468711853,0.13068151473999023,0.01798621006309986,0.12920330464839935
190,1890,1899,10,10,2747,2747,0,0.0,2747,0,0.0,0,13.528098300041165,9.823252700734884,2.932077100093011,1.9152227998129092,32.2921415999881,59.95167214299647,quality,not_promoted,9.34981589400491e-05,4.6665958718729724e-05,0.3108549192547798,-0.0029917180207882856,9.92084928627666e-05,0.0005450581395348837,1.0001817276311475,0.13777939433795075,0.0,0.37307143211364746,1.57369863986969,0.2574557662010193,0.000291011412627995,0.006903880275785923,1.5734076499938965,0.2569315731525421,0.9992809295654297,2.5e-05,-0.3062132000923157,-0.3237544298171997,-0.21509379148483276,-0.2167046070098877,-0.21740145981311798,0.31934109330177307,-0.3218616843223572,-0.3229471743106842,-0.19189274311065674,-0.2154914289712906,-0.22852823138237,0.018692072480916977,0.13073332607746124,0.01798621006309986,0.12928710877895355
191,1900,1909,10,10,3422,3422,0,0.0,3422,0,0.0,0,17.802013500011526,12.899005201354157,3.4237726999563165,2.4385141990496777,40.87983180000447,58.31445794699758,quality,not_promoted,-0.0020179006969556212,5.1152729324881135e-05,0.24282870579648902,-0.004420611173069726,0.00017825966757232823,0.00043402777777777775,1.0003495117028554,0.1521157334662146,0.018518518518518517,0.5356246829032898,1.5275452136993408,0.2334822565317154,9.531078103464097e-05,0.00738567253574729,1.5274497270584106,0.23267701268196106,0.9989993572235107,2.5e-05,-0.30627721548080444,-0.3238045573234558,-0.21511314809322357,-0.21674209833145142,-0.21745923161506653,0.3195390999317169,-0.32210004329681396,-0.3231201469898224,-0.19187664985656738,-0.21565717458724976,-0.22873526811599731,0.01869971863925457,0.13075877726078033,0.01798621006309986,0.12940408289432526
192,1910,1919,10,10,2326,2326,0,0.0,2326,0,0.0,0,11.124915599997621,8.381311600212939,2.0898435001145117,1.6139303011004813,27.54354639997473,60.152379476630415,quality,not_promoted,0.0017896669388220118,4.520828003257299e-05,0.34498453321489125,-0.001637574247512463,0.0005503370382546171,0.007985258021870174,0.9994087976378363,0.12613886332995183,0.0,0.36895427107810974,1.5289924144744873,0.2631451487541199,-0.0007979116635397077,0.007172582671046257,1.5297901630401611,0.2616291046142578,0.9992570281028748,2.5e-05,-0.3062921464443207,-0.323933482170105,-0.21516451239585876,-0.21684345602989197,-0.2175544649362564,0.319618821144104,-0.3223387598991394,-0.3234090805053711,-0.19175781309604645,-0.21582463383674622,-0.22898560762405396,0.018700558692216873,0.13080082833766937,0.01798621006309986,0.1294977366924286
193,1920,1929,10,10,2840,2840,0,0.0,2840,0,0.0,0,14.17171490000328,10.375114900118206,3.1049780000466853,2.0235295992461033,33.0002801999799,60.205212732268194,quality,not_promoted,0.002173395703236262,4.178519336872139e-05,0.3133185542292065,-0.000938896744305061,0.0002891839244208919,0.0054976851989825565,1.000179221895006,0.12907677555663719,0.011111111111111112,0.5072173476219177,1.594098687171936,0.2397909313440323,0.000140607517096214,0.006862969137728214,1.5939580202102661,0.23922519385814667,0.9991808533668518,2.5e-05,-0.3063030242919922,-0.32403573393821716,-0.215223491191864,-0.2169133573770523,-0.21760311722755432,0.3196875751018524,-0.32252901792526245,-0.3237491846084595,-0.19163259863853455,-0.21596047282218933,-0.22924143075942993,0.018700260668992996,0.13082951307296753,0.01798621006309986,0.12961235642433167
194,1930,1939,10,10,2542,2542,0,0.0,2542,0,0.0,0,12.21824719995493,9.271497999841813,2.1914074999513105,1.8010310007957742,29.962767800025176,60.264078519713166,quality,not_promoted,-0.0005860155448317528,4.868156756856479e-05,0.3267048539593816,-0.003828722776961513,0.0001790659627658897,0.0037109375,1.000249870121479,0.11971294735558331,0.0,0.4851472079753876,1.5750967264175415,0.25728222727775574,-5.202597890274774e-07,0.007327133323997259,1.5750972032546997,0.25666624307632446,0.9991889595985413,2.5e-05,-0.3063231110572815,-0.32415345311164856,-0.21530626714229584,-0.21699604392051697,-0.21766920387744904,0.31980443000793457,-0.3228142261505127,-0.3239612579345703,-0.1915353238582611,-0.21615684032440186,-0.22951912879943848,0.018701158463954926,0.13087382912635803,0.01798621006309986,0.12975150346755981
195,1940,1949,10,10,2638,2638,0,0.0,2638,0,0.0,0,13.00944289995823,9.674226699396968,2.11420230002841,1.8171106007066555,30.466475199966226,60.67726951589284,quality,not_promoted,0.00331953258830167,4.743919485658158e-05,0.30443318915509043,0.0002989204672520005,2.202409819217012e-05,0.0,1.000201118134317,0.13374529838828103,0.011904761904761904,0.5451634526252747,1.576318621635437,0.2600005865097046,-0.0007993834442459047,0.007337482180446386,1.5771180391311646,0.2603442370891571,0.9992035627365112,2.5e-05,-0.30624058842658997,-0.32412463426589966,-0.21529270708560944,-0.2169426828622818,-0.21762162446975708,0.3197319507598877,-0.3229595422744751,-0.32421737909317017,-0.19136221706867218,-0.21626169979572296,-0.22975488007068634,0.018702959641814232,0.13086387515068054,0.01798621006309986,0.1298038363456726
196,1950,1959,10,10,2904,2904,0,0.0,2904,0,0.0,0,14.586616899992805,10.881631900731008,2.03825940011302,1.9170045009814203,34.305150699976366,59.39650257197555,quality,not_promoted,0.0015347433711766548,4.516869872215624e-05,0.31322265837503516,-0.0015748989282418852,0.00035107917295570826,0.00577445652173913,0.999672927286314,0.11132227269041797,0.010869565217391304,0.5690317153930664,1.5644264221191406,0.2514297366142273,-0.00042098149424418807,0.007103298790752888,1.564847469329834,0.2527099549770355,0.9992018342018127,2.5e-05,-0.3061980903148651,-0.3241482079029083,-0.21533836424350739,-0.21694594621658325,-0.2176295518875122,0.319691002368927,-0.32315006852149963,-0.3244583010673523,-0.19123944640159607,-0.21639680862426758,-0.2299468219280243,0.018702417612075806,0.1308889538049698,0.01798621006309986,0.1298673152923584
197,1960,1969,10,10,2832,2832,0,0.0,2832,0,0.0,0,17.50401029997738,10.398601500084624,7.500096099975053,2.028692399035208,35.18248840002343,53.75191120832549,quality,not_promoted,-0.0030996696350889075,5.198478930752672e-05,0.2836263582110405,-0.0059099405512420666,0.00021286515596633155,0.0050347222222222225,0.9995715843306647,0.14024815617336167,0.011111111111111112,0.675868570804596,1.5742995738983154,0.24125255644321442,-0.0008149499772116542,0.007597173564136028,1.5751146078109741,0.24208307266235352,0.9990083575248718,2.5e-05,-0.30627378821372986,-0.32419314980506897,-0.21527676284313202,-0.2169835865497589,-0.2176552563905716,0.31969207525253296,-0.3232940137386322,-0.3246183395385742,-0.19116689264774323,-0.21650831401348114,-0.23006244003772736,0.01870465837419033,0.13091325759887695,0.01798621006309986,0.12989775836467743
198,1970,1979,10,10,2514,2514,0,0.0,2514,0,0.0,0,12.017368600005284,9.270202400104608,1.7250617999234237,1.6703053003875539,30.139138700033072,59.63492141574339,quality,not_promoted,-0.0013199497479945421,4.9921294248633785e-05,0.32632556203752755,-0.004558244076906704,0.00013741880829911678,0.0008897569496184587,1.0002103202044963,0.12919417074881495,0.025,0.780907392501831,1.5447882413864136,0.2612280547618866,-0.0009127210360020399,0.007176430895924568,1.5457009077072144,0.2621935307979584,0.999245285987854,2.5e-05,-0.306348592042923,-0.3243206739425659,-0.2152910828590393,-0.2170749455690384,-0.21773408353328705,0.3198239803314209,-0.32356560230255127,-0.32486921548843384,-0.191162571310997,-0.21670886874198914,-0.23023350536823273,0.018712203949689865,0.1309216469526291,0.01798621006309986,0.1299690306186676
199,1980,1989,10,10,2307,2307,0,0.0,2307,0,0.0,0,10.577064799959771,8.169312999409158,1.635286999924574,1.631426399690099,26.516320700000506,62.194376946328354,quality,not_promoted,-0.015180701515763192,4.509742831106524e-05,0.32222405156573736,-0.018380393720911565,2.3299589568598794e-05,0.0,0.9999010941466769,0.10485724573703231,0.0,0.287712424993515,1.5184270143508911,0.27267277240753174,-0.0005175498663447797,0.007362593896687031,1.518944501876831,0.2730560898780823,0.9992709159851074,2.5e-05,-0.30635640025138855,-0.3244822025299072,-0.21539591252803802,-0.21719050407409668,-0.21786293387413025,0.31992307305336,-0.32375434041023254,-0.3249962627887726,-0.1911269575357437,-0.21684446930885315,-0.2303854376077652,0.018710002303123474,0.13099220395088196,0.01798621006309986,0.13004201650619507
200,1990,1999,10,10,3341,3341,0,0.0,3341,0,0.0,0,16.873483199975453,12.49604840046959,2.118171499983873,2.0887155981035903,39.65372150001349,59.10428470206406,quality,not_promoted,-0.003385008189756915,4.207840531719585e-05,0.25150955046685236,-0.005879064314594527,0.00015821348811101107,0.003242924528301887,0.9998178870048163,0.11750631916494865,0.0,0.49699142575263977,1.494791865348816,0.27504539489746094,-3.670534351840615e-05,0.00684316223487258,1.494828701019287,0.2751719355583191,0.9993810057640076,2.5e-05,-0.30631256103515625,-0.3246433138847351,-0.21551461517810822,-0.21729972958564758,-0.21796196699142456,0.3199843168258667,-0.3237780034542084,-0.3251091241836548,-0.1911400556564331,-0.21686314046382904,-0.2305227518081665,0.01870240829885006,0.13108420372009277,0.01798621006309986,0.13003139197826385
