update_id,episode_start,episode_end,episode_count,parallel_envs,transition_count,environment_step_count,forced_action_count,forced_action_ratio,worker_step_command_count,worker_local_physical_forced_action_count,worker_local_physical_forced_share,estimated_worker_step_round_trips_avoided,sampling_wall_time_seconds,policy_inference_time_seconds,generation_time_seconds,environment_step_time_seconds,ppo_update_time_seconds,transitions_per_second,reward_phase,candidate_status,policy_loss,value_loss,entropy,loss,approx_kl,clip_fraction,ratio_mean,gradient_norm,gradient_clipped_fraction,gradient_norm_max,return_mean,return_std,advantage_mean,advantage_std,value_prediction_mean,value_prediction_std,pre_update_explained_variance,learning_rate,policy_head_weight_production_flow_processing_time_norm,policy_head_weight_production_flow_reconfiguration_time_norm,policy_head_weight_production_flow_predicted_finish_time_norm,policy_head_weight_production_flow_horizon_slack_norm,policy_head_weight_sum_production_flow,policy_head_weight_entropy_production_flow,policy_head_effective_feature_count_production_flow,policy_head_weight_production_cost_fixed_reconfiguration_cost_norm,policy_head_weight_production_cost_estimated_labor_cost_norm,policy_head_weight_production_cost_estimated_downtime_cost_norm,policy_head_weight_sum_production_cost,policy_head_weight_entropy_production_cost,policy_head_effective_feature_count_production_cost,policy_head_weight_production_variance_estimated_worker_load_variance_delta_norm,policy_head_weight_sum_production_variance,policy_head_weight_entropy_production_variance,policy_head_effective_feature_count_production_variance,policy_head_weight_worker_flow_stage_duration_norm,policy_head_weight_sum_worker_flow,policy_head_weight_entropy_worker_flow,policy_head_effective_feature_count_worker_flow,policy_head_weight_worker_cost_fixed_cost_norm,policy_head_weight_worker_cost_incremental_labor_cost_norm,policy_head_weight_worker_cost_incremental_downtime_cost_norm,policy_head_weight_sum_worker_cost,policy_head_weight_entropy_worker_cost,policy_head_effective_feature_count_worker_cost,policy_head_weight_worker_variance_incremental_load_variance_norm,policy_head_weight_sum_worker_variance,policy_head_weight_entropy_worker_variance,policy_head_effective_feature_count_worker_variance,policy_head_weight_production_wait_flow_estimated_flow_objective_delta_if_wait,policy_head_weight_sum_production_wait_flow,policy_head_weight_entropy_production_wait_flow,policy_head_effective_feature_count_production_wait_flow,policy_head_weight_production_wait_cost_estimated_cost_objective_delta_if_wait,policy_head_weight_sum_production_wait_cost,policy_head_weight_entropy_production_wait_cost,policy_head_effective_feature_count_production_wait_cost,policy_head_weight_production_wait_variance_estimated_load_variance_delta_if_wait,policy_head_weight_sum_production_wait_variance,policy_head_weight_entropy_production_wait_variance,policy_head_effective_feature_count_production_wait_variance,policy_head_weight_worker_wait_flow_estimated_flow_objective_delta_if_wait,policy_head_weight_sum_worker_wait_flow,policy_head_weight_entropy_worker_wait_flow,policy_head_effective_feature_count_worker_wait_flow,policy_head_weight_worker_wait_cost_estimated_cost_objective_delta_if_wait,policy_head_weight_sum_worker_wait_cost,policy_head_weight_entropy_worker_wait_cost,policy_head_effective_feature_count_worker_wait_cost,policy_head_weight_worker_wait_variance_estimated_load_variance_delta_if_wait,policy_head_weight_sum_worker_wait_variance,policy_head_weight_entropy_worker_wait_variance,policy_head_effective_feature_count_worker_wait_variance,policy_head_gate_production_residual,policy_head_gate_worker_residual
1,0,19,20,20,5337,5337,0,0.0,5337,0,0.0,0,94.06121640000492,67.92125179758295,0.15748239937238395,36.92153740325011,165.02963999984786,20.59895155760901,feasibility,not_applicable,-0.0001531833383653845,0.02287057811848908,0.6871439835854939,0.0044106666131743365,0.00038731804791799124,9.300595238095238e-05,0.9996277824753806,0.2703981761421476,0.11904761904761904,1.1043554544448853,0.05401094630360603,0.20872646570205688,0.1265334188938141,0.1842053383588791,-0.07252247631549835,0.050505198538303375,0.22115808725357056,0.0001,0.25025755167007446,0.2506653368473053,0.24990852177143097,0.24916860461235046,1.0000000149011612,1.386291948983877,3.999990351467582,0.332395076751709,0.3321636915206909,0.3354412019252777,0.9999999701976776,1.09860225884201,2.999969910672596,1.0,1.0,-0.0,1.0,1.0,1.0,-0.0,1.0,0.3339819610118866,0.33387282490730286,0.33214515447616577,0.9999999403953552,1.0986090956069585,2.99999042083184,1.0,1.0,-0.0,1.0,1.0,1.0,-0.0,1.0,1.0,1.0,-0.0,1.0,1.0,1.0,-0.0,1.0,1.0,1.0,-0.0,1.0,1.0,1.0,-0.0,1.0,1.0,1.0,-0.0,1.0,0.5007553100585938,0.5011166334152222
2,20,39,20,20,5873,5873,0,0.0,5873,0,0.0,0,99.89851649990305,72.84305149805732,0.1639243990648538,38.173731008311734,179.23121710005216,21.04039553312905,feasibility,not_applicable,-0.00035610855759485907,0.00757346877767502,0.6887586667485859,-0.0034569611370502767,0.0006805565458900832,0.004076086956521739,1.0006603384795396,0.23546066404441776,0.06521739130434782,1.1527601480484009,0.17455604672431946,0.24382668733596802,0.13323065638542175,0.12610268592834473,0.04132538661360741,0.1399945467710495,0.7325231432914734,0.0001,0.25010669231414795,0.25072404742240906,0.24996650218963623,0.24920274317264557,0.9999999850988388,1.3862920102870997,3.999990596679889,0.3315959572792053,0.3313354253768921,0.3370686173439026,1.0,1.0985809028341356,2.999905843975668,1.0,1.0,-0.0,1.0,1.0,1.0,-0.0,1.0,0.3343178927898407,0.3338507413864136,0.3318313956260681,1.0000000298023224,1.0986070488225068,2.9999842805043753,1.0,1.0,-0.0,1.0,1.0,1.0,-0.0,1.0,1.0,1.0,-0.0,1.0,1.0,1.0,-0.0,1.0,1.0,1.0,-0.0,1.0,1.0,1.0,-0.0,1.0,1.0,1.0,-0.0,1.0,0.5008538365364075,0.5015072822570801
3,40,59,20,20,5937,5937,0,0.0,5937,0,0.0,0,99.97461010003462,74.140173898777,0.15613840078003705,35.29477981082164,181.85685379989445,21.065781363957548,feasibility,not_applicable,-0.0010233096257653287,0.010029410017073475,0.6476713249119379,-0.002485317561114507,0.0007620010918046358,0.006410124531436351,0.9994174261246959,0.2091060060687283,0.04838709677419355,0.8851044178009033,0.2944340407848358,0.29908624291419983,0.10914025455713272,0.14528439939022064,0.1852937638759613,0.23394690454006195,0.7640363574028015,0.0001,0.24975614249706268,0.2505381107330322,0.24992792308330536,0.24977779388427734,0.9999999701976776,1.3862935427529637,3.999996726533632,0.3309031128883362,0.3306604027748108,0.338436484336853,1.0,1.0985537971137553,2.9998245304687297,1.0,1.0,-0.0,1.0,1.0,1.0,-0.0,1.0,0.33368998765945435,0.33390194177627563,0.3324081301689148,1.0000000596046448,1.0986103339216382,2.999994135766317,1.0,1.0,-0.0,1.0,1.0,1.0,-0.0,1.0,1.0,1.0,-0.0,1.0,1.0,1.0,-0.0,1.0,1.0,1.0,-0.0,1.0,1.0,1.0,-0.0,1.0,1.0,1.0,-0.0,1.0,0.5010393857955933,0.501327395439148
4,60,79,20,20,5851,5851,0,0.0,5851,0,0.0,0,100.47875640005805,73.21559340064414,0.1460775996092707,39.043255595956,174.22360879997723,21.299416172625108,feasibility,not_applicable,-0.00258818788089506,0.006092489512925765,0.6679024649379046,-0.006220967655637018,0.002231778738622898,0.02762995672452709,0.9987940373628036,0.22101105753656314,0.043478260869565216,1.1618903875350952,0.46651628613471985,0.29082202911376953,0.12161645293235779,0.09498659521341324,0.3448998034000397,0.25590577721595764,0.8933231830596924,0.0001,0.24945689737796783,0.25051870942115784,0.24992884695529938,0.25009551644325256,0.9999999701976776,1.3862931931407838,3.999995328086301,0.3305715024471283,0.3297099173069,0.3397185504436493,0.9999999701976776,1.0985202772722877,2.99972397851129,1.0,1.0,-0.0,1.0,1.0,1.0,-0.0,1.0,0.33374249935150146,0.3341003954410553,0.33215707540512085,0.9999999701976776,1.098609074986913,2.999990358971902,1.0,1.0,-0.0,1.0,1.0,1.0,-0.0,1.0,1.0,1.0,-0.0,1.0,1.0,1.0,-0.0,1.0,1.0,1.0,-0.0,1.0,1.0,1.0,-0.0,1.0,1.0,1.0,-0.0,1.0,0.5028266906738281,0.5014857649803162
5,80,99,20,20,5205,5205,0,0.0,5205,0,0.0,0,90.82577709993348,66.6434066996444,0.16790559911169112,33.03888830333017,160.26927779987454,20.729201545115654,feasibility,feasibility_best,-0.006097240691504828,0.0018384035230577334,0.6657323186717382,-0.01183536200835256,0.004181300642014277,0.06423762345277681,0.9982428808764714,0.2093730855097131,0.036585365853658534,1.2427022457122803,0.5991196632385254,0.3027399778366089,0.13439969718456268,0.05830841138958931,0.4647200107574463,0.2821602523326874,0.9629043340682983,0.0001,0.24939441680908203,0.2506457567214966,0.2498098760843277,0.2501499354839325,0.9999999850988388,1.3862926707575247,3.999993238556251,0.3304455578327179,0.32942938804626465,0.34012502431869507,0.9999999701976776,1.0985080642116838,2.999687342924262,1.0,1.0,-0.0,1.0,1.0,1.0,-0.0,1.0,0.33414512872695923,0.33419904112815857,0.3316558599472046,1.0000000298023224,1.0986059527140901,2.9999809921981577,1.0,1.0,-0.0,1.0,1.0,1.0,-0.0,1.0,1.0,1.0,-0.0,1.0,1.0,1.0,-0.0,1.0,1.0,1.0,-0.0,1.0,1.0,1.0,-0.0,1.0,1.0,1.0,-0.0,1.0,0.50371253490448,0.5014944076538086
6,100,119,20,20,5638,5638,0,0.0,5638,0,0.0,0,97.42291390011087,71.89758800086565,0.14997830078937113,35.01507719233632,173.9162597001996,20.77842253734036,feasibility,not_applicable,-0.00618298529657755,0.004638767796647055,0.6198641805166609,-0.010062243595844908,0.003687168197481359,0.05495084269662921,0.9994337093294337,0.2477559315438351,0.05056179775280899,1.185296893119812,0.6624097228050232,0.3607533872127533,0.11638741940259933,0.0996190682053566,0.5460222959518433,0.3336166441440582,0.9237457513809204,0.0001,0.24914371967315674,0.2504062354564667,0.2500585913658142,0.25039142370224,0.9999999701976776,1.3862922384918603,3.99999150949689,0.33044683933258057,0.32900112867355347,0.3405520021915436,0.9999999701976776,1.0984938714081875,2.9996447692533743,1.0,1.0,-0.0,1.0,1.0,1.0,-0.0,1.0,0.33449018001556396,0.3342059850692749,0.3313038945198059,1.0000000596046448,1.0986029576278138,2.9999720070097142,1.0,1.0,-0.0,1.0,1.0,1.0,-0.0,1.0,1.0,1.0,-0.0,1.0,1.0,1.0,-0.0,1.0,1.0,1.0,-0.0,1.0,1.0,1.0,-0.0,1.0,1.0,1.0,-0.0,1.0,0.5049471259117126,0.5014678835868835
7,120,139,20,20,5353,5353,0,0.0,5353,0,0.0,0,90.09703880012967,67.07253579911776,0.1521928997244686,31.309338290942833,168.27671279991046,20.718048822104763,feasibility,not_applicable,-0.004480820038311538,0.0018549457634522003,0.6128342884282271,-0.009681689895279262,0.003712369316157752,0.05114646845807632,1.0023062321401777,0.2590417284961967,0.041666666666666664,1.0717366933822632,0.7770013809204102,0.34197816252708435,0.12286293506622314,0.06852816790342331,0.6541383862495422,0.33703699707984924,0.9598448276519775,0.0001,0.2491030991077423,0.25052976608276367,0.2500551640987396,0.2503119707107544,1.0,1.3862919887656395,3.9999905105942517,0.32998761534690857,0.32859742641448975,0.3414149582386017,1.0,1.0984644510662809,2.999556519976833,1.0,1.0,-0.0,1.0,1.0,1.0,-0.0,1.0,0.3344021737575531,0.3340245187282562,0.3315733075141907,1.0,1.0986052060199074,2.9999787521306387,1.0,1.0,-0.0,1.0,1.0,1.0,-0.0,1.0,1.0,1.0,-0.0,1.0,1.0,1.0,-0.0,1.0,1.0,1.0,-0.0,1.0,1.0,1.0,-0.0,1.0,1.0,1.0,-0.0,1.0,0.5061419010162354,0.5015550851821899
8,140,159,20,20,4456,4456,0,0.0,4456,0,0.0,0,75.20852069999091,54.71655830089003,0.16782719967886806,25.406483703060076,135.14791189995594,21.18309359464354,feasibility,not_applicable,-0.0020476427328373703,0.00208107534937361,0.639109867811203,-0.0073982042626344734,0.002397401409689337,0.027946428582072257,1.0001931092568805,0.27146335036626884,0.05,1.1525764465332031,0.9517922401428223,0.3614341914653778,0.12801510095596313,0.08740497380495071,0.8237770795822144,0.3589244484901428,0.9415191411972046,0.0001,0.2491975724697113,0.2507747411727905,0.2500893771648407,0.24993829429149628,0.9999999850988388,1.3862918434036517,3.999989929147722,0.32935717701911926,0.3283260464668274,0.34231677651405334,1.0,1.0984306996266098,2.9994552823343765,1.0,1.0,-0.0,1.0,1.0,1.0,-0.0,1.0,0.3343466818332672,0.33405542373657227,0.3315979242324829,1.0000000298023224,1.098605445967797,2.9999794719692954,1.0,1.0,-0.0,1.0,1.0,1.0,-0.0,1.0,1.0,1.0,-0.0,1.0,1.0,1.0,-0.0,1.0,1.0,1.0,-0.0,1.0,1.0,1.0,-0.0,1.0,1.0,1.0,-0.0,1.0,0.506737470626831,0.5018043518066406
9,160,179,20,20,4387,4387,0,0.0,4387,0,0.0,0,74.36619420000352,55.78379230038263,0.14815380075015128,24.242426401004195,134.28308590012603,21.025713570134076,feasibility,not_applicable,-0.002557554383478735,0.0019765609877008565,0.6287343633779581,-0.007856617755917967,0.0025001749020083334,0.029305771222689014,1.000401171653167,0.2937319540027259,0.07971014492753623,0.998682975769043,1.0549832582473755,0.29093095660209656,0.11926411837339401,0.083083875477314,0.9357191920280457,0.3055785894393921,0.9184443950653076,0.0001,0.2491523027420044,0.250779390335083,0.25022974610328674,0.24983860552310944,1.0000000447034836,1.3862915683003236,3.9999888287373317,0.32932791113853455,0.327930212020874,0.34274181723594666,0.9999999403953552,1.0984125441446022,2.999400826272305,1.0,1.0,-0.0,1.0,1.0,1.0,-0.0,1.0,0.3341570794582367,0.3342580795288086,0.3315849006175995,1.0000000596046448,1.0986054024339997,2.9999793413688005,1.0,1.0,-0.0,1.0,1.0,1.0,-0.0,1.0,1.0,1.0,-0.0,1.0,1.0,1.0,-0.0,1.0,1.0,1.0,-0.0,1.0,1.0,1.0,-0.0,1.0,1.0,1.0,-0.0,1.0,0.507692277431488,0.5019266605377197
10,180,199,20,20,3830,3830,0,0.0,3830,0,0.0,0,64.95332209998742,47.73303769831546,0.1590469004586339,20.36597460275516,116.40279319998808,21.118670267417873,feasibility,not_applicable,-0.0014446846946763495,0.007258171699262069,0.6223923938969771,-0.0040395232460772,0.0029224886811183145,0.03290895062188307,1.000865160425504,0.3420993556578954,0.15,1.7061587572097778,1.2008577585220337,0.29655909538269043,0.09791966527700424,0.1267414689064026,1.1029380559921265,0.2870382070541382,0.8173519372940063,0.0001,0.24917466938495636,0.25081226229667664,0.25018712878227234,0.24982598423957825,1.0000000447034836,1.3862915658384585,3.9999888188898987,0.3294885456562042,0.3279353678226471,0.34257611632347107,1.0000000298023224,1.0984191120594844,2.999420526146323,1.0,1.0,-0.0,1.0,1.0,1.0,-0.0,1.0,0.3340316712856293,0.33441799879074097,0.33155032992362976,1.0,1.0986050176498237,2.999978187024443,1.0,1.0,-0.0,1.0,1.0,1.0,-0.0,1.0,1.0,1.0,-0.0,1.0,1.0,1.0,-0.0,1.0,1.0,1.0,-0.0,1.0,1.0,1.0,-0.0,1.0,1.0,1.0,-0.0,1.0,0.5081011652946472,0.5025217533111572
11,200,219,20,20,4068,4068,0,0.0,4068,0,0.0,0,67.594587800093,49.88634290220216,0.16059990064240992,21.93681129696779,127.0265589999035,20.902147926301673,feasibility,not_applicable,0.00016083859372884035,0.0016686330136508332,0.6427397939842194,-0.005432242580354796,0.0026418687848490663,0.03424750434351154,1.0013138996437192,0.3130398318753578,0.125,0.8248031735420227,1.2657606601715088,0.29405513405799866,0.08419117331504822,0.08155059069395065,1.1815694570541382,0.3031518757343292,0.9230875372886658,0.0001,0.24903994798660278,0.2506304979324341,0.2500644326210022,0.25026512145996094,1.0,1.3862915721366584,3.999988844082628,0.3297412097454071,0.3281908929347992,0.3420679271221161,1.0000000298023224,1.098439541060193,2.999481801936277,1.0,1.0,-0.0,1.0,1.0,1.0,-0.0,1.0,0.33421221375465393,0.3346555531024933,0.33113226294517517,1.0000000298023224,1.0986012319259868,2.999966829957008,1.0,1.0,-0.0,1.0,1.0,1.0,-0.0,1.0,1.0,1.0,-0.0,1.0,1.0,1.0,-0.0,1.0,1.0,1.0,-0.0,1.0,1.0,1.0,-0.0,1.0,1.0,1.0,-0.0,1.0,0.5079336166381836,0.5028994083404541
12,220,239,20,20,4167,4167,0,0.0,4167,0,0.0,0,69.72754610003904,51.41666029789485,0.15942570008337498,22.566928698448464,124.99037260003388,21.400187655140748,feasibility,not_applicable,-0.002969976267636274,0.006451972222280208,0.5830537724224004,-0.005574528328989717,0.0018801772001262923,0.02462121212121212,0.9995294411977133,0.3714775706669598,0.19696969696969696,1.344549298286438,1.305984377861023,0.31946706771850586,0.06549902260303497,0.11367491632699966,1.2404853105545044,0.31707465648651123,0.873387336730957,0.0001,0.24892789125442505,0.2505584955215454,0.24985477328300476,0.2506588399410248,1.0,1.386290526053612,3.999984659764301,0.32914653420448303,0.32855746150016785,0.3422960042953491,1.0,1.0984320774013665,2.999459414910995,1.0,1.0,-0.0,1.0,1.0,1.0,-0.0,1.0,0.33400264382362366,0.3348226547241211,0.33117473125457764,1.0000000298023224,1.098601293437631,2.999967014489906,1.0,1.0,-0.0,1.0,1.0,1.0,-0.0,1.0,1.0,1.0,-0.0,1.0,1.0,1.0,-0.0,1.0,1.0,1.0,-0.0,1.0,1.0,1.0,-0.0,1.0,1.0,1.0,-0.0,1.0,0.508368194103241,0.5029903650283813
13,240,259,20,20,4158,4158,0,0.0,4158,0,0.0,0,67.53702929988503,50.42546660033986,0.16236880072392523,21.527192895067856,131.27968080015853,20.913735057318448,feasibility,not_applicable,-0.0019029141332094486,0.0007960642989089068,0.5827127672158755,-0.007332009743325985,0.003189232422468754,0.037631823810247274,1.0005973870937641,0.27808805629611016,0.06923076923076923,0.7013543248176575,1.3958722352981567,0.265165239572525,0.043539345264434814,0.056724075227975845,1.3523328304290771,0.25627684593200684,0.9542383551597595,0.0001,0.24890846014022827,0.25074759125709534,0.2498045116662979,0.2505393624305725,0.999999925494194,1.3862901714146834,3.999983241214278,0.32862648367881775,0.3283020257949829,0.34307149052619934,1.0,1.0983998536892847,2.9993627627516624,1.0,1.0,-0.0,1.0,1.0,1.0,-0.0,1.0,0.3339921534061432,0.33506008982658386,0.3309478163719177,1.0000000596046448,1.0985986226067925,2.999959002096189,1.0,1.0,-0.0,1.0,1.0,1.0,-0.0,1.0,1.0,1.0,-0.0,1.0,1.0,1.0,-0.0,1.0,1.0,1.0,-0.0,1.0,1.0,1.0,-0.0,1.0,1.0,1.0,-0.0,1.0,0.5095846652984619,0.503032922744751
14,260,279,20,20,4385,4385,0,0.0,4385,0,0.0,0,74.94971680012532,55.227056100964546,0.17170350020751357,24.286680707940832,131.3889448000118,21.25147059690478,feasibility,not_applicable,-0.0004127571305287057,0.0006746392702579201,0.5918228062598602,-0.005993665644791031,0.001665091949584219,0.020267210144927536,0.9996633780175361,0.2575499922361063,0.050724637681159424,0.7617405652999878,1.4294192790985107,0.2771386504173279,0.04379640519618988,0.06207782030105591,1.3856229782104492,0.2818605899810791,0.9498260021209717,0.0001,0.24893930554389954,0.25079989433288574,0.24980950355529785,0.2504512667655945,0.9999999701976776,1.3862903383388487,3.999983908908198,0.3287700414657593,0.3284296691417694,0.3428003787994385,1.0000000894069672,1.098411488978784,2.9993976614087474,1.0,1.0,-0.0,1.0,1.0,1.0,-0.0,1.0,0.3337644636631012,0.3351588845252991,0.33107659220695496,0.9999999403953552,1.0985993576263193,2.9999612071254456,1.0,1.0,-0.0,1.0,1.0,1.0,-0.0,1.0,1.0,1.0,-0.0,1.0,1.0,1.0,-0.0,1.0,1.0,1.0,-0.0,1.0,1.0,1.0,-0.0,1.0,1.0,1.0,-0.0,1.0,0.5097072720527649,0.5026829838752747
15,280,299,20,20,4640,4640,0,0.0,4640,0,0.0,0,79.34571389993653,59.68694950011559,0.16063869977369905,24.02974090911448,142.0303451998625,20.95980937987622,feasibility,not_applicable,-0.0007036459657733571,0.004566814667108303,0.5666857798622079,-0.004087096662260592,0.0033336339537564613,0.039383561643835614,0.9999278963428654,0.2651704453340132,0.11643835616438356,1.0588865280151367,1.4564766883850098,0.3034129738807678,0.029739633202552795,0.09543431550264359,1.4267369508743286,0.280500590801239,0.9010670781135559,0.0001,0.2488398402929306,0.2507838010787964,0.24948331713676453,0.25089308619499207,1.0000000447034836,1.3862883272671813,3.999975864661977,0.3287806510925293,0.32861465215682983,0.34260469675064087,1.0,1.098419739925958,2.999422409382503,1.0,1.0,-0.0,1.0,1.0,1.0,-0.0,1.0,0.3336297869682312,0.3352908492088318,0.33107930421829224,0.9999999403953552,1.098598776211092,2.9999594629028254,1.0,1.0,-0.0,1.0,1.0,1.0,-0.0,1.0,1.0,1.0,-0.0,1.0,1.0,1.0,-0.0,1.0,1.0,1.0,-0.0,1.0,1.0,1.0,-0.0,1.0,1.0,1.0,-0.0,1.0,0.5098176002502441,0.5030888319015503
16,300,319,20,20,4877,4877,0,0.0,4877,0,0.0,0,85.30914560006931,62.9909948988352,0.1617743002716452,27.32042379095219,150.35837209993042,20.694409002976506,feasibility,not_applicable,0.003651975593590117,0.0007599331059624659,0.5883033920031089,-0.0018510915907462696,0.0020026878289184412,0.022828733766233768,0.9985118992142863,0.2328664766406858,0.025974025974025976,0.6587231755256653,1.5143839120864868,0.28292563557624817,0.03306607902050018,0.05916648358106613,1.4813177585601807,0.2856862246990204,0.956267237663269,0.0001,0.24877598881721497,0.250848650932312,0.24969345331192017,0.25068187713623047,0.9999999701976776,1.3862887924216254,3.99997772526896,0.3281814455986023,0.3280831575393677,0.3437354266643524,1.0000000298023224,1.09837006379012,2.9992734133682624,1.0,1.0,-0.0,1.0,1.0,1.0,-0.0,1.0,0.3336397707462311,0.33532577753067017,0.33103445172309875,1.0,1.0985982593617987,2.999957912376298,1.0,1.0,-0.0,1.0,1.0,1.0,-0.0,1.0,1.0,1.0,-0.0,1.0,1.0,1.0,-0.0,1.0,1.0,1.0,-0.0,1.0,1.0,1.0,-0.0,1.0,1.0,1.0,-0.0,1.0,0.5105920433998108,0.5030961632728577
17,320,339,20,20,4470,4470,0,0.0,4470,0,0.0,0,75.3437336999923,56.7167043001391,0.18058319995179772,23.957385397981852,154.97678179992363,19.407737041130545,feasibility,not_applicable,0.000605831148901156,0.005476524836142614,0.5511448958090374,-0.0021673550280476256,0.0011949621490202843,0.01280588624732835,1.000909496630941,0.2509326708902206,0.07857142857142857,0.7970608472824097,1.489492654800415,0.3101755678653717,0.01645650714635849,0.0861828401684761,1.4730361700057983,0.2835230231285095,0.9227983951568604,0.0001,0.24861013889312744,0.2506929934024811,0.24983160197734833,0.25086525082588196,0.9999999850988388,1.3862879728408406,3.99997444696542,0.32802096009254456,0.3279697000980377,0.34400931000709534,0.9999999701976776,1.098357172713415,2.99923474975384,1.0,1.0,-0.0,1.0,1.0,1.0,-0.0,1.0,0.33369624614715576,0.33543944358825684,0.3308643400669098,1.0000000298023224,1.0985962879866609,2.999951998339684,1.0,1.0,-0.0,1.0,1.0,1.0,-0.0,1.0,1.0,1.0,-0.0,1.0,1.0,1.0,-0.0,1.0,1.0,1.0,-0.0,1.0,1.0,1.0,-0.0,1.0,1.0,1.0,-0.0,1.0,0.510769784450531,0.5029982924461365
18,340,359,20,20,4400,4400,0,0.0,4400,0,0.0,0,74.80898670013994,56.24145289952867,0.16699680127203465,23.101247402606532,132.83744569984265,21.189865624680817,feasibility,not_applicable,-0.0018473109635321991,0.0006518933508271838,0.5289039814817733,-0.006810404107217555,0.0011929379517981863,0.01551177536231884,0.9995575266471808,0.22042102744613867,0.021739130434782608,0.6050564646720886,1.4666545391082764,0.31257903575897217,0.014069451950490475,0.042762987315654755,1.452584981918335,0.3193458616733551,0.9812838435173035,0.0001,0.24856634438037872,0.2507546544075012,0.2498963326215744,0.25078269839286804,1.0000000298023224,1.3862878706991195,3.9999740384011666,0.32744356989860535,0.3275870382785797,0.34496942162513733,1.0000000298023224,1.0983093565140456,2.999091341175744,1.0,1.0,-0.0,1.0,1.0,1.0,-0.0,1.0,0.33381757140159607,0.3355385363101959,0.3306439518928528,1.0000000596046448,1.098593786184033,2.9999444930612795,1.0,1.0,-0.0,1.0,1.0,1.0,-0.0,1.0,1.0,1.0,-0.0,1.0,1.0,1.0,-0.0,1.0,1.0,1.0,-0.0,1.0,1.0,1.0,-0.0,1.0,1.0,1.0,-0.0,1.0,0.5112317800521851,0.5034003257751465
19,360,379,20,20,4809,4809,0,0.0,4809,0,0.0,0,80.75998380011879,61.63752590212971,0.15635000076144934,24.866374192759395,149.49354799999855,20.885673120422247,feasibility,not_applicable,0.0012594386567606737,0.00026915649974207075,0.5142600826526943,-0.003748583732981627,0.0020482983523216467,0.023049159367617807,0.9999992223946672,0.2052409259823004,0.02631578947368421,0.5922390818595886,1.5024387836456299,0.2963511347770691,0.015138371847569942,0.028449667617678642,1.4873006343841553,0.29664814472198486,0.9907840490341187,0.0001,0.24851639568805695,0.2506127953529358,0.2497958242893219,0.2510749399662018,0.9999999552965164,1.386286791445381,3.999969721416561,0.3279050886631012,0.32803648710250854,0.34405842423439026,1.0,1.0983548183897112,2.999227688592687,1.0,1.0,-0.0,1.0,1.0,1.0,-0.0,1.0,0.3339568078517914,0.33562788367271423,0.33041536808013916,1.0000000596046448,1.0985910232319946,2.999936204369978,1.0,1.0,-0.0,1.0,1.0,1.0,-0.0,1.0,1.0,1.0,-0.0,1.0,1.0,1.0,-0.0,1.0,1.0,1.0,-0.0,1.0,1.0,1.0,-0.0,1.0,1.0,1.0,-0.0,1.0,0.5109067559242249,0.5035770535469055
20,380,399,20,20,4177,4177,0,0.0,4177,0,0.0,0,70.11096590012312,52.60225240024738,0.16439880011603236,22.479556106962264,128.06717039993964,21.07699707941333,feasibility,not_applicable,-0.001608635729291674,0.00016181152246148983,0.5110143209722909,-0.0066378734614276754,0.002142426340111397,0.020359848484848484,0.9988171128612576,0.15583189836505687,0.007575757575757576,0.6707760095596313,1.5092988014221191,0.29868417978286743,0.010105635039508343,0.021126708015799522,1.4991929531097412,0.3000467121601105,0.9949969053268433,0.0001,0.248485267162323,0.25056228041648865,0.24971206486225128,0.2512403726577759,0.9999999850988388,1.3862858875422086,3.9999661058328746,0.3278445601463318,0.3283010423183441,0.3438543379306793,0.9999999403953552,1.0983643467177528,2.999256266354125,1.0,1.0,-0.0,1.0,1.0,1.0,-0.0,1.0,0.33402931690216064,0.33574169874191284,0.3302289545536041,0.9999999701976776,1.0985883793493327,2.9999282729011454,1.0,1.0,-0.0,1.0,1.0,1.0,-0.0,1.0,1.0,1.0,-0.0,1.0,1.0,1.0,-0.0,1.0,1.0,1.0,-0.0,1.0,1.0,1.0,-0.0,1.0,1.0,1.0,-0.0,1.0,0.5107349753379822,0.5034886598587036
21,400,419,20,20,3886,3886,0,0.0,3886,0,0.0,0,64.27422029990703,48.24669900070876,0.1661401006858796,19.0894577994477,122.77416659984738,20.77537296316081,feasibility,not_applicable,-0.0011361859219728924,0.0001588666762204337,0.49612399789153555,-0.006017991971438293,0.0008663774551976411,0.01108673379802313,1.0003963542766259,0.18337115202648718,0.02459016393442623,0.890975296497345,1.4987798929214478,0.30019399523735046,0.007396140601485968,0.01732173003256321,1.491383671760559,0.302890419960022,0.9966704845428467,0.0001,0.24853532016277313,0.2506989538669586,0.24978509545326233,0.2509806156158447,0.9999999850988388,1.386287067123447,3.99997082412063,0.32782092690467834,0.3278915286064148,0.3442874550819397,0.9999999105930328,1.0983437336635353,2.9991944431592787,1.0,1.0,-0.0,1.0,1.0,1.0,-0.0,1.0,0.33405834436416626,0.3358020484447479,0.33013954758644104,0.9999999403953552,1.0985870260510562,2.999924213106131,1.0,1.0,-0.0,1.0,1.0,1.0,-0.0,1.0,1.0,1.0,-0.0,1.0,1.0,1.0,-0.0,1.0,1.0,1.0,-0.0,1.0,1.0,1.0,-0.0,1.0,1.0,1.0,-0.0,1.0,0.5110154151916504,0.5036972165107727
22,420,439,20,20,3980,3980,0,0.0,3980,0,0.0,0,67.5483182000462,51.220947401132435,0.18255529925227165,20.00666929455474,121.98445019987412,20.99900736743353,feasibility,not_applicable,-0.0013696633368020965,0.00011590459022651582,0.484202755349023,-0.006153738876390789,0.0006957232444619876,0.0078125,0.9997518322770558,0.1606890894768257,0.023809523809523808,0.7393020987510681,1.495510220527649,0.29250627756118774,0.006824582815170288,0.0131052415817976,1.4886856079101562,0.2931789457798004,0.9979926943778992,0.0001,0.24836741387844086,0.25060972571372986,0.24962356686592102,0.25139927864074707,0.9999999850988388,1.3862840778979162,3.999958867323591,0.3277560770511627,0.3277835249900818,0.3444603979587555,1.0,1.098335223763879,2.999168920424116,1.0,1.0,-0.0,1.0,1.0,1.0,-0.0,1.0,0.33404505252838135,0.33560842275619507,0.33034655451774597,1.0000000298023224,1.0985903644684456,2.999934228122008,1.0,1.0,-0.0,1.0,1.0,1.0,-0.0,1.0,1.0,1.0,-0.0,1.0,1.0,1.0,-0.0,1.0,1.0,1.0,-0.0,1.0,1.0,1.0,-0.0,1.0,1.0,1.0,-0.0,1.0,0.5114694833755493,0.5033442378044128
23,440,459,20,20,4226,4226,0,0.0,4226,0,0.0,0,71.81572739989497,53.99477290036157,0.17106749955564737,21.132069698069245,132.4486292998772,20.68887625955896,feasibility,not_applicable,0.005483635207777148,0.0037480518328279616,0.45633646334285166,0.0027942961766454044,0.00029891924480838117,0.0025652985074626866,1.000047252249362,0.17653830705293969,0.03731343283582089,2.9254703521728516,1.553704023361206,0.3348195552825928,-0.001721940003335476,0.07539442926645279,1.555426001548767,0.31162557005882263,0.9492942690849304,0.0001,0.2483731508255005,0.2506391704082489,0.24957413971424103,0.2514135241508484,0.9999999850988388,1.3862838826747688,3.9999580864391073,0.3276244103908539,0.3276955187320709,0.3446800708770752,1.0,1.0983242030137195,2.999135867514892,1.0,1.0,-0.0,1.0,1.0,1.0,-0.0,1.0,0.33396339416503906,0.33556824922561646,0.33046841621398926,1.0000000596046448,1.0985918768215321,2.9999387650852283,1.0,1.0,-0.0,1.0,1.0,1.0,-0.0,1.0,1.0,1.0,-0.0,1.0,1.0,1.0,-0.0,1.0,1.0,1.0,-0.0,1.0,1.0,1.0,-0.0,1.0,1.0,1.0,-0.0,1.0,0.5115415453910828,0.5033061504364014
24,460,479,20,20,4695,4695,0,0.0,4695,0,0.0,0,79.41953580011614,59.2188959014602,0.16877899901010096,25.913528901524842,142.40942939999513,21.164954701766085,feasibility,not_applicable,0.0011897060290180347,0.0002770662431922156,0.4479851297832824,-0.0031516123122560815,0.000527039118743552,0.005595439189189189,1.0006703984093022,0.10945073987130781,0.0,0.3495520055294037,1.622177243232727,0.30778494477272034,0.004215269815176725,0.022694626823067665,1.617962121963501,0.3060498535633087,0.994563102722168,0.0001,0.24835380911827087,0.25071150064468384,0.24952659010887146,0.2514081299304962,1.0000000298023224,1.3862835225485677,3.9999566459496565,0.3275746703147888,0.3275455832481384,0.34487971663475037,0.9999999701976776,1.0983140044267556,2.999105280722902,1.0,1.0,-0.0,1.0,1.0,1.0,-0.0,1.0,0.33383452892303467,0.33569812774658203,0.3304673135280609,0.9999999701976776,1.0985911839407991,2.999936686486178,1.0,1.0,-0.0,1.0,1.0,1.0,-0.0,1.0,1.0,1.0,-0.0,1.0,1.0,1.0,-0.0,1.0,1.0,1.0,-0.0,1.0,1.0,1.0,-0.0,1.0,1.0,1.0,-0.0,1.0,0.5117735862731934,0.5034409165382385
25,480,499,20,20,4165,4165,0,0.0,4165,0,0.0,0,73.93157120002434,55.84913900424726,0.030085100093856454,21.00797800393775,126.9749650999438,20.73103283101427,feasibility,feasibility_best,-0.0055653768676248465,0.00020121478384239845,0.4401773124030142,-0.009866542339847056,0.0005693658639563981,0.005800189393939394,0.9998136812990362,0.11667128504169258,0.007575757575757576,1.317444920539856,1.6139668226242065,0.3158300220966339,0.0026050747837871313,0.01805700547993183,1.6113618612289429,0.31262755393981934,0.9967312216758728,0.0001,0.24817809462547302,0.2505936324596405,0.24954400956630707,0.251684308052063,1.0000000447034836,1.38628094208694,3.9999463242283366,0.3273858428001404,0.3273942768573761,0.34521985054016113,0.9999999701976776,1.0982962239480523,2.999051955669403,1.0,1.0,-0.0,1.0,1.0,1.0,-0.0,1.0,0.3337259888648987,0.33606669306755066,0.33020731806755066,1.0,1.0985861771213905,2.9999216663825528,1.0,1.0,-0.0,1.0,1.0,1.0,-0.0,1.0,1.0,1.0,-0.0,1.0,1.0,1.0,-0.0,1.0,1.0,1.0,-0.0,1.0,1.0,1.0,-0.0,1.0,1.0,1.0,-0.0,1.0,0.5122228860855103,0.5037200450897217
26,500,519,20,20,3934,3934,0,0.0,3934,0,0.0,0,67.0885640999768,50.266460600309074,0.031864199321717024,19.839344907319173,122.08834980009124,20.79534927860236,feasibility,not_applicable,-0.0007838947593324608,0.00010839573112588692,0.44416295304413766,-0.005171326428441511,0.001221088915049369,0.014129704315095179,0.9979866026870666,0.12502032682119357,0.0,0.4197123646736145,1.5935786962509155,0.312915563583374,0.002044765977188945,0.01301821693778038,1.591533899307251,0.30915316939353943,0.9982692003250122,0.0001,0.24800880253314972,0.2504829168319702,0.24947112798690796,0.2520371377468109,0.9999999850988388,1.3862771011605526,3.9999309607584568,0.32698553800582886,0.3270696997642517,0.34594476222991943,1.0,1.0982566186405134,2.9989331796464693,1.0,1.0,-0.0,1.0,1.0,1.0,-0.0,1.0,0.33390381932258606,0.33592522144317627,0.33017098903656006,1.0000000298023224,1.0985867045991764,2.9999232487750085,1.0,1.0,-0.0,1.0,1.0,1.0,-0.0,1.0,1.0,1.0,-0.0,1.0,1.0,1.0,-0.0,1.0,1.0,1.0,-0.0,1.0,1.0,1.0,-0.0,1.0,1.0,1.0,-0.0,1.0,0.5129814743995667,0.5039880871772766
27,520,539,20,20,3784,3784,0,0.0,3784,0,0.0,0,62.403266600100324,47.21501230006106,0.031034900108352304,18.104766701813787,113.75529440003447,21.480647767082434,feasibility,not_applicable,0.0003595264395698905,8.918154435377801e-05,0.41070460006594656,-0.003702928399434313,0.0003082648889782528,0.003125,0.9997799341877301,0.11021730207527677,0.0,0.3054704964160919,1.5705231428146362,0.3153779208660126,0.0008281046175397933,0.011287655681371689,1.5696948766708374,0.31040894985198975,0.9987190365791321,0.0001,0.24782142043113708,0.2503328025341034,0.24957716464996338,0.2522686719894409,1.0000000596046448,1.3862740220866054,3.999918644694206,0.3268142342567444,0.326937198638916,0.3462485671043396,1.0,1.0982393242511856,2.9988813153769747,1.0,1.0,-0.0,1.0,1.0,1.0,-0.0,1.0,0.3338455855846405,0.33587440848350525,0.33027997612953186,0.9999999701976776,1.0985882038696144,2.9999277464746235,1.0,1.0,-0.0,1.0,1.0,1.0,-0.0,1.0,1.0,1.0,-0.0,1.0,1.0,1.0,-0.0,1.0,1.0,1.0,-0.0,1.0,1.0,1.0,-0.0,1.0,1.0,1.0,-0.0,1.0,0.5135693550109863,0.5040236711502075
28,540,559,20,20,4570,4570,0,0.0,4570,0,0.0,0,79.52244649990462,60.298811899963766,0.03235050057992339,23.403554197167978,145.44492919999175,20.31405658612617,feasibility,not_applicable,-0.0008520123212494784,0.003911550189311836,0.40142857500662404,-0.0029105227893321877,0.0012145462709061878,0.012202857915932933,1.0011850765181913,0.2080506043534519,0.034722222222222224,0.6442093253135681,1.5632282495498657,0.3460666835308075,-0.006252426654100418,0.07288872450590134,1.5694807767868042,0.32385921478271484,0.9556390047073364,0.0001,0.24787960946559906,0.2503492832183838,0.24966701865196228,0.25210410356521606,1.0000000149011612,1.386276053731104,3.9999267711151707,0.32696452736854553,0.3270256817340851,0.3460098206996918,1.0000000298023224,1.0982529568245971,2.9989221981253267,1.0,1.0,-0.0,1.0,1.0,1.0,-0.0,1.0,0.33372870087623596,0.3358239233493805,0.33044737577438354,1.0,1.0985902434791506,2.999933865162103,1.0,1.0,-0.0,1.0,1.0,1.0,-0.0,1.0,1.0,1.0,-0.0,1.0,1.0,1.0,-0.0,1.0,1.0,1.0,-0.0,1.0,1.0,1.0,-0.0,1.0,1.0,1.0,-0.0,1.0,0.5133129954338074,0.5039563179016113
29,560,579,20,20,4374,4374,0,0.0,4374,0,0.0,0,71.90471439994872,54.436486498918384,0.04044019943103194,22.032514697872102,131.59712749999017,21.493662952449736,feasibility,not_applicable,0.00275645157713713,0.000253915064788906,0.4177398233525995,-0.0012939879603252032,0.0014688482807432065,0.012341485507246376,0.9997644864994547,0.1638414569037116,0.028985507246376812,1.2838352918624878,1.594888687133789,0.31265684962272644,0.0024382544215768576,0.019755640998482704,1.5924503803253174,0.31023097038269043,0.99600750207901,0.0001,0.24789127707481384,0.250386506319046,0.2496679276227951,0.25205424427986145,0.9999999552965164,1.3862764892361827,3.9999285131039732,0.3267393112182617,0.32694751024246216,0.3463132083415985,1.0000000298023224,1.0982355751135566,2.9988700721792663,1.0,1.0,-0.0,1.0,1.0,1.0,-0.0,1.0,0.33331358432769775,0.3356848657131195,0.33100154995918274,1.0,1.0985958380577119,2.999950648574738,1.0,1.0,-0.0,1.0,1.0,1.0,-0.0,1.0,1.0,1.0,-0.0,1.0,1.0,1.0,-0.0,1.0,1.0,1.0,-0.0,1.0,1.0,1.0,-0.0,1.0,1.0,1.0,-0.0,1.0,0.5131003260612488,0.5036829710006714
30,580,599,20,20,3956,3956,0,0.0,3956,0,0.0,0,69.03163869981654,51.65908840019256,0.030308099929243326,20.322691110894084,122.08732900000177,20.699149056798515,feasibility,not_applicable,-0.0016586214844738283,0.00554081031112864,0.4695461762528266,-0.0035836780443787575,0.0008796888179213349,0.010671913804065796,0.9988894135721268,0.23837828585096904,0.03225806451612903,1.8413970470428467,1.5462297201156616,0.33977892994880676,-0.005699205212295055,0.0812385082244873,1.5519288778305054,0.3144710063934326,0.9428349137306213,0.0001,0.24785026907920837,0.2504113018512726,0.2496354579925537,0.25210297107696533,1.0,1.3862756674853658,3.9999252261608005,0.3263476490974426,0.32664865255355835,0.347003698348999,1.0,1.098194529213309,2.9987469833835907,1.0,1.0,-0.0,1.0,1.0,1.0,-0.0,1.0,0.33303341269493103,0.3354744613170624,0.3314920961856842,0.9999999701976776,1.0986001941728543,2.999963716733648,1.0,1.0,-0.0,1.0,1.0,1.0,-0.0,1.0,1.0,1.0,-0.0,1.0,1.0,1.0,-0.0,1.0,1.0,1.0,-0.0,1.0,1.0,1.0,-0.0,1.0,1.0,1.0,-0.0,1.0,0.5134153366088867,0.5035105347633362
31,600,619,20,20,4907,4907,0,0.0,4907,0,0.0,0,89.06885099993087,67.03813629969954,0.03484740061685443,26.625092309899628,149.77976319985464,20.544393847290767,feasibility,not_applicable,-0.0004672923506322232,0.001764642483669684,0.4441676857796582,-0.004026647849165677,0.0010299892898032127,0.010551948051948052,1.0001800505371836,0.14948319106713517,0.032467532467532464,0.8822014927864075,1.5657001733779907,0.3489907383918762,-0.004402444697916508,0.05659590661525726,1.570102572441101,0.3356381952762604,0.9737008213996887,0.0001,0.24785780906677246,0.2504492402076721,0.24973633885383606,0.25195667147636414,1.0000000596046448,1.3862770001503655,3.9999305567247023,0.32611533999443054,0.32649147510528564,0.3473931550979614,0.9999999701976776,1.09817042972818,2.998674715996066,1.0,1.0,-0.0,1.0,1.0,1.0,-0.0,1.0,0.33260634541511536,0.3356320559978485,0.33176159858703613,1.0,1.0985998759296685,2.9999627620157896,1.0,1.0,-0.0,1.0,1.0,1.0,-0.0,1.0,1.0,1.0,-0.0,1.0,1.0,1.0,-0.0,1.0,1.0,1.0,-0.0,1.0,1.0,1.0,-0.0,1.0,1.0,1.0,-0.0,1.0,0.5136240720748901,0.5036296248435974
32,620,639,20,20,3990,3990,0,0.0,3990,0,0.0,0,67.18566219997592,50.89706610026769,0.03033189964480698,18.814647999592125,130.76027029985562,20.157019392168593,feasibility,not_applicable,-0.0018238042821250265,0.00042382797902165394,0.4733468168784702,-0.00634535833720177,0.001454337968006878,0.01488095238095238,1.0000565373708332,0.136778556608728,0.007936507936507936,0.7618626952171326,1.548467993736267,0.327995628118515,0.0029277983121573925,0.027261223644018173,1.5455403327941895,0.3376578688621521,0.9930919408798218,0.0001,0.24800659716129303,0.25066840648651123,0.24993731081485748,0.25138765573501587,0.9999999701976776,1.3862816364192938,3.9999491015214472,0.32552435994148254,0.32581254839897156,0.3486631214618683,1.0000000298023224,1.0980873893080396,2.998425715126497,1.0,1.0,-0.0,1.0,1.0,1.0,-0.0,1.0,0.3330927789211273,0.3357003927230835,0.3312068581581116,1.0000000298023224,1.0985970228399953,2.999954202865223,1.0,1.0,-0.0,1.0,1.0,1.0,-0.0,1.0,1.0,1.0,-0.0,1.0,1.0,1.0,-0.0,1.0,1.0,1.0,-0.0,1.0,1.0,1.0,-0.0,1.0,1.0,1.0,-0.0,1.0,0.5139647722244263,0.5039122700691223
33,640,659,20,20,4124,4124,0,0.0,4124,0,0.0,0,71.79625839996152,52.96950400178321,0.036762900184839964,22.1351543108467,124.68932569981553,20.98881716383731,feasibility,not_applicable,0.0004990258898872595,0.001379519622423686,0.4889697959789863,-0.003700912152775205,0.0007150795178649087,0.006164148363929528,0.9992539309538327,0.13720258875535085,0.015384615384615385,1.2282187938690186,1.5421903133392334,0.33535078167915344,-0.005591087508946657,0.06952323764562607,1.5477814674377441,0.31121310591697693,0.9570205211639404,0.0001,0.2479405701160431,0.25060543417930603,0.2497784048318863,0.2516756057739258,1.0000000149011612,1.3862794274308767,3.9999402656899723,0.3257052004337311,0.3259066641330719,0.3483881652355194,1.0000000298023224,1.0981060147043844,2.9984815625139394,1.0,1.0,-0.0,1.0,1.0,1.0,-0.0,1.0,0.3323245346546173,0.33541780710220337,0.3322576582431793,1.0,1.0986025191253397,2.9999706915148554,1.0,1.0,-0.0,1.0,1.0,1.0,-0.0,1.0,1.0,1.0,-0.0,1.0,1.0,1.0,-0.0,1.0,1.0,1.0,-0.0,1.0,1.0,1.0,-0.0,1.0,1.0,1.0,-0.0,1.0,0.5140960216522217,0.503837525844574
34,660,679,20,20,4776,4776,0,0.0,4776,0,0.0,0,84.37452879990451,62.65899660275318,0.044682599138468504,27.54799579246901,148.46195810008794,20.51224901899237,feasibility,not_applicable,0.0003813433670438826,0.0009704134083585814,0.4811750849088033,-0.00394520048595344,0.0004974122547234098,0.004583333333333333,1.0000107820828756,0.12540380919973054,0.0,0.3981454074382782,1.5898932218551636,0.3666047155857086,-0.007628637831658125,0.05076383054256439,1.5975219011306763,0.3498043715953827,0.9808260202407837,0.0001,0.24805712699890137,0.25068581104278564,0.2500612437725067,0.2511957883834839,0.9999999701976776,1.3862829778765777,3.999954467285904,0.3254947066307068,0.3258139193058014,0.34869131445884705,0.9999999403953552,1.098085438683639,2.9984198663298374,1.0,1.0,-0.0,1.0,1.0,1.0,-0.0,1.0,0.3323242962360382,0.3354125916957855,0.3322630822658539,0.9999999701976776,1.098602565423259,2.9999708304072596,1.0,1.0,-0.0,1.0,1.0,1.0,-0.0,1.0,1.0,1.0,-0.0,1.0,1.0,1.0,-0.0,1.0,1.0,1.0,-0.0,1.0,1.0,1.0,-0.0,1.0,1.0,1.0,-0.0,1.0,0.5141363739967346,0.5039741396903992
35,680,699,20,20,4126,4126,0,0.0,4126,0,0.0,0,72.35792819992639,54.307387199718505,0.036019399762153625,20.122574409702793,127.63582450011745,20.63064442912019,feasibility,not_applicable,-0.0017403762715940292,0.0012205933873281958,0.4676989163343723,-0.005807069398892613,0.0010425337301477647,0.010817307692307692,0.9999521379287426,0.17241086555788152,0.0,0.49230194091796875,1.5014533996582031,0.3942343294620514,-0.008074830286204815,0.049032144248485565,1.5095281600952148,0.3802807927131653,0.9845313429832458,0.0001,0.2480825036764145,0.25080743432044983,0.2502821981906891,0.2508278787136078,1.0000000149011612,1.386284163452419,3.9999592095380976,0.3251768946647644,0.32521891593933105,0.34960418939590454,1.0,1.0980212933814364,2.9982275379499286,1.0,1.0,-0.0,1.0,1.0,1.0,-0.0,1.0,0.3321775197982788,0.3349520266056061,0.3328704237937927,0.9999999701976776,1.098606034069581,2.9999812362630935,1.0,1.0,-0.0,1.0,1.0,1.0,-0.0,1.0,1.0,1.0,-0.0,1.0,1.0,1.0,-0.0,1.0,1.0,1.0,-0.0,1.0,1.0,1.0,-0.0,1.0,1.0,1.0,-0.0,1.0,0.5147330164909363,0.5040522813796997
36,700,719,20,20,4200,4200,0,0.0,4200,0,0.0,0,70.54524960019626,52.32191239716485,0.03378580044955015,22.07615380641073,133.72760209999979,20.560735139509337,feasibility,not_applicable,-0.0016906080788678744,0.000491302067254737,0.48626507909008954,-0.0063076069204588275,0.0013720405280985165,0.01789772727837165,0.9991347175655942,0.11299533133084576,0.0,0.27735865116119385,1.5178806781768799,0.3140076994895935,0.0011072317138314247,0.03602295368909836,1.5167734622955322,0.3252323567867279,0.9868393540382385,0.0001,0.24785646796226501,0.2508072257041931,0.25015175342559814,0.25118449330329895,0.9999999403953552,1.3862809727559768,3.9999464469028396,0.3250595033168793,0.3249099850654602,0.35003048181533813,0.9999999701976776,1.097990024518725,2.998133788250398,1.0,1.0,-0.0,1.0,1.0,1.0,-0.0,1.0,0.33225536346435547,0.33494341373443604,0.3328011929988861,0.9999999701976776,1.09860623353992,2.999981834670428,1.0,1.0,-0.0,1.0,1.0,1.0,-0.0,1.0,1.0,1.0,-0.0,1.0,1.0,1.0,-0.0,1.0,1.0,1.0,-0.0,1.0,1.0,1.0,-0.0,1.0,1.0,1.0,-0.0,1.0,0.5153805017471313,0.5041746497154236
37,720,739,20,20,4820,4820,0,0.0,4820,0,0.0,0,82.67612740001641,61.00561370304786,0.03306300030089915,27.221293998882174,144.86623449996114,21.18286880628743,feasibility,not_applicable,-0.0019692929743446016,0.0009845787962580001,0.47781376873976306,-0.006255141327672295,0.0013797577073426893,0.01502878289963854,0.9992600373531643,0.16160011914019523,0.0,0.4563289284706116,1.5764012336730957,0.3559460937976837,-0.007517924532294273,0.06310515850782394,1.5839191675186157,0.3328770697116852,0.9685688018798828,0.0001,0.24785436689853668,0.25083112716674805,0.2505252957344055,0.25078919529914856,0.9999999850988388,1.386281945574916,3.9999503381283916,0.3250022828578949,0.32461076974868774,0.35038694739341736,1.0,1.0979631835148393,2.998053316409715,1.0,1.0,-0.0,1.0,1.0,1.0,-0.0,1.0,0.33256015181541443,0.3348274827003479,0.33261242508888245,1.0000000596046448,1.098607273280408,2.999984953874626,1.0,1.0,-0.0,1.0,1.0,1.0,-0.0,1.0,1.0,1.0,-0.0,1.0,1.0,1.0,-0.0,1.0,1.0,1.0,-0.0,1.0,1.0,1.0,-0.0,1.0,1.0,1.0,-0.0,1.0,0.5155413746833801,0.5040159225463867
38,740,759,20,20,4198,4198,0,0.0,4198,0,0.0,0,72.68837019987404,54.05270939785987,0.029600000474601984,22.598669794388115,133.53167759999633,20.356895679095263,feasibility,not_applicable,-0.0009989861370713422,0.00022698621923513147,0.4834034883163192,-0.005719527880886964,0.0012274103589306558,0.011643989237420486,0.999429779973897,0.13414735414765097,0.0,0.3906148672103882,1.538453459739685,0.29995274543762207,0.002626512199640274,0.018196072429418564,1.5358269214630127,0.3048558235168457,0.9963200092315674,0.0001,0.2477884143590927,0.2508898973464966,0.25070902705192566,0.25061270594596863,1.0000000447034836,1.3862812305398704,3.9999474780247417,0.32435446977615356,0.32397785782814026,0.35166770219802856,1.0000000298023224,1.0978625026235727,2.9977514849243403,1.0,1.0,-0.0,1.0,1.0,1.0,-0.0,1.0,0.33272022008895874,0.3350248634815216,0.33225488662719727,0.9999999701976776,1.0986056903961756,2.9999802052495035,1.0,1.0,-0.0,1.0,1.0,1.0,-0.0,1.0,1.0,1.0,-0.0,1.0,1.0,1.0,-0.0,1.0,1.0,1.0,-0.0,1.0,1.0,1.0,-0.0,1.0,1.0,1.0,-0.0,1.0,0.5166293382644653,0.5041495561599731
39,760,779,20,20,3984,3984,0,0.0,3984,0,0.0,0,65.55543839978054,49.14463520143181,0.029247900238260627,20.033385194605216,121.97091430006549,21.245014061446476,feasibility,not_applicable,-0.0028598055332189516,0.00014422651610590355,0.4492385706731251,-0.007280077883190224,0.0013468913837439483,0.012152777777777778,0.9997763066064744,0.13726397015390887,0.0,0.46262866258621216,1.5409362316131592,0.30117067694664,0.002833171049132943,0.013501190580427647,1.5381029844284058,0.30181607604026794,0.9979903697967529,0.0001,0.2478439062833786,0.2511594593524933,0.2506667971611023,0.25032979249954224,0.9999999552965164,1.3862812291037914,3.999947472280501,0.32386600971221924,0.32334837317466736,0.35278555750846863,0.9999999403953552,1.0977686270087972,2.9974700823693743,1.0,1.0,-0.0,1.0,1.0,1.0,-0.0,1.0,0.3328952491283417,0.3352525234222412,0.3318523168563843,1.0000000894069672,1.0986032001206931,2.9999727344816525,1.0,1.0,-0.0,1.0,1.0,1.0,-0.0,1.0,1.0,1.0,-0.0,1.0,1.0,1.0,-0.0,1.0,1.0,1.0,-0.0,1.0,1.0,1.0,-0.0,1.0,1.0,1.0,-0.0,1.0,0.5172558426856995,0.5048061013221741
40,780,799,20,20,4584,4584,0,0.0,4584,0,0.0,0,83.9302672999911,63.7303526988253,0.032775500090792775,24.305282989749685,143.26693870010786,20.176304456833872,feasibility,not_applicable,-0.0001133566159599771,0.0006608609283931502,0.47438336970905465,-0.004526759919826873,0.0013379190428774261,0.01239149306072957,0.9991958782904677,0.10736316076428112,0.006944444444444444,0.5799492597579956,1.5661169290542603,0.32297569513320923,0.003018763614818454,0.043538883328437805,1.5630981922149658,0.3312305808067322,0.9818274974822998,0.0001,0.24776780605316162,0.2510523796081543,0.25073838233947754,0.25044143199920654,1.0,1.3862806752031624,3.999945256707694,0.32371193170547485,0.32342728972435,0.35286086797714233,1.0000000894069672,1.097762276563643,2.9974510471604563,1.0,1.0,-0.0,1.0,1.0,1.0,-0.0,1.0,0.3326094150543213,0.33492210507392883,0.3324684202671051,0.9999999403953552,1.098606592758253,2.9999829123190946,1.0,1.0,-0.0,1.0,1.0,1.0,-0.0,1.0,1.0,1.0,-0.0,1.0,1.0,1.0,-0.0,1.0,1.0,1.0,-0.0,1.0,1.0,1.0,-0.0,1.0,1.0,1.0,-0.0,1.0,0.5171877145767212,0.5044688582420349
41,800,819,20,20,4701,4701,0,0.0,4701,0,0.0,0,81.03495749994181,61.33037619944662,0.034382899990305305,24.377801794093102,142.0956780000124,21.068375436061377,feasibility,not_applicable,0.0007583802389736111,0.00041728377451560135,0.4539306830312755,-0.003572284914175602,0.0020670604442145574,0.01596356593575832,0.9993249790088551,0.15239194760451447,0.04054054054054054,0.7311630845069885,1.5620079040527344,0.30382266640663147,0.002726901089772582,0.02791394107043743,1.5592809915542603,0.30963534116744995,0.991558849811554,0.0001,0.24796532094478607,0.25121548771858215,0.2508963346481323,0.24992282688617706,0.9999999701976776,1.3862814803444712,3.9999484772301495,0.32347580790519714,0.32313817739486694,0.3533860445022583,1.0000000298023224,1.0977161279636742,2.997312722182931,1.0,1.0,-0.0,1.0,1.0,1.0,-0.0,1.0,0.3326835036277771,0.33477357029914856,0.3325428366661072,0.9999999105930328,1.0986076009999488,2.9999859370284785,1.0,1.0,-0.0,1.0,1.0,1.0,-0.0,1.0,1.0,1.0,-0.0,1.0,1.0,1.0,-0.0,1.0,1.0,1.0,-0.0,1.0,1.0,1.0,-0.0,1.0,1.0,1.0,-0.0,1.0,0.5174123048782349,0.5043283104896545
42,820,839,20,20,4596,4596,0,0.0,4596,0,0.0,0,80.21411639987491,59.29320520139299,0.04932460002601147,25.581128282938153,142.83118949993514,20.60567910837129,feasibility,not_applicable,-0.0009909026783942762,0.0019825565333222686,0.4956674048056205,-0.004956298221562368,0.001262988691451028,0.013772035276310312,0.9998415551251836,0.1808316401956189,0.041666666666666664,0.7048231959342957,1.564552903175354,0.3361530900001526,-0.005398965906351805,0.06593313068151474,1.5699520111083984,0.3115299344062805,0.961529016494751,0.0001,0.24805369973182678,0.2512071132659912,0.2509928047657013,0.24974635243415833,0.9999999701976776,1.386281746698691,3.9999495426334475,0.32350653409957886,0.32314562797546387,0.3533478081226349,0.9999999701976776,1.0977195059643283,2.9973228471243685,1.0,1.0,-0.0,1.0,1.0,1.0,-0.0,1.0,0.3326978385448456,0.3345526158809662,0.33274954557418823,1.0,1.0986089437305213,2.999989965204018,1.0,1.0,-0.0,1.0,1.0,1.0,-0.0,1.0,1.0,1.0,-0.0,1.0,1.0,1.0,-0.0,1.0,1.0,1.0,-0.0,1.0,1.0,1.0,-0.0,1.0,1.0,1.0,-0.0,1.0,0.5172791481018066,0.5043171048164368
43,840,859,20,20,4899,4899,0,0.0,4899,0,0.0,0,82.67685130005702,61.28009610180743,0.03841810021549463,27.84639528626576,148.97355389990844,21.148247056900594,feasibility,not_applicable,-0.0007513482153851103,0.0002660800407295926,0.532077574304172,-0.005939083634996666,0.002679776011772647,0.027849605754501634,0.9999957765851702,0.1346324277533726,0.006493506493506494,0.6812975406646729,1.6046781539916992,0.30327969789505005,0.0027415065560489893,0.023300712928175926,1.6019366979599,0.30832919478416443,0.9940972924232483,0.0001,0.24796611070632935,0.25108709931373596,0.2510756552219391,0.2498711198568344,0.9999999850988388,1.3862813552905286,3.9999479770208537,0.323481947183609,0.32317477464675903,0.3533431887626648,0.9999999105930328,1.0977199361409404,2.9973241365028334,1.0,1.0,-0.0,1.0,1.0,1.0,-0.0,1.0,0.3324905037879944,0.3343653380870819,0.3331441879272461,1.0000000298023224,1.098609575586598,2.9999918607665066,1.0,1.0,-0.0,1.0,1.0,1.0,-0.0,1.0,1.0,1.0,-0.0,1.0,1.0,1.0,-0.0,1.0,1.0,1.0,-0.0,1.0,1.0,1.0,-0.0,1.0,1.0,1.0,-0.0,1.0,0.5171670913696289,0.5044768452644348
44,860,879,20,20,4716,4716,0,0.0,4716,0,0.0,0,82.16165179992095,60.015170998871326,0.030986599624156952,28.130030408035964,143.24180840002373,20.922482715290442,feasibility,not_applicable,-0.0009584870264940971,0.00018717607796330608,0.4991083866035616,-0.005855983153073671,0.001402657270208127,0.01461724509057161,1.0007184969412315,0.13617014473404837,0.006756756756756757,0.511833131313324,1.6062511205673218,0.294888973236084,0.0019773158710449934,0.016942370682954788,1.6042736768722534,0.2965419888496399,0.9966990947723389,0.0001,0.24790814518928528,0.25093507766723633,0.2511429786682129,0.2500137984752655,1.0,1.38628122912162,3.9999474723518147,0.32361018657684326,0.3230343461036682,0.35335543751716614,0.9999999701976776,1.0977186727304402,2.997320349654439,1.0,1.0,-0.0,1.0,1.0,1.0,-0.0,1.0,0.3324090242385864,0.33398130536079407,0.3336096704006195,1.0,1.0986102620554417,2.9999939201681567,1.0,1.0,-0.0,1.0,1.0,1.0,-0.0,1.0,1.0,1.0,-0.0,1.0,1.0,1.0,-0.0,1.0,1.0,1.0,-0.0,1.0,1.0,1.0,-0.0,1.0,1.0,1.0,-0.0,1.0,0.5175500512123108,0.5043689012527466
45,880,899,20,20,4097,4097,0,0.0,4097,0,0.0,0,68.66148139978759,50.98176829935983,0.032938400050625205,21.241635791258886,130.60993609996513,20.559897909117268,feasibility,not_applicable,-0.00023282112983556894,0.00010147721664522508,0.48827271048839277,-0.005064810565314614,0.0018227069925230283,0.0265625,1.002142229446998,0.14628380352917772,0.023076923076923078,0.8400884866714478,1.5698134899139404,0.30468907952308655,0.0012152029667049646,0.01140009704977274,1.5685982704162598,0.30428773164749146,0.9986000657081604,0.0001,0.2480202466249466,0.25129494071006775,0.2510285973548889,0.24965621531009674,1.0,1.3862808039182424,3.9999457715610007,0.32274526357650757,0.32229480147361755,0.3549599349498749,1.0,1.0975706268833376,2.9968766416696093,1.0,1.0,-0.0,1.0,1.0,1.0,-0.0,1.0,0.3323900103569031,0.33420872688293457,0.33340129256248474,1.0000000298023224,1.0986098001656135,2.9999925345018004,1.0,1.0,-0.0,1.0,1.0,1.0,-0.0,1.0,1.0,1.0,-0.0,1.0,1.0,1.0,-0.0,1.0,1.0,1.0,-0.0,1.0,1.0,1.0,-0.0,1.0,1.0,1.0,-0.0,1.0,0.5186582207679749,0.5038328766822815
46,900,919,20,20,4659,4659,0,0.0,4659,0,0.0,0,82.75987929990515,62.40207259892486,0.032917099772021174,24.526607883628458,151.1130335999187,19.92107569120506,feasibility,not_applicable,0.0003236403548452136,0.00016492595773031585,0.47367259533437966,-0.004330622708450442,0.0021917907114871074,0.017043546875556037,0.9979220069434545,0.1294558998962788,0.0,0.44012823700904846,1.5889822244644165,0.3152303099632263,0.0014220373705029488,0.01612577959895134,1.5875602960586548,0.3157862424850464,0.9973831176757812,0.0001,0.24807661771774292,0.2515329420566559,0.2510429620742798,0.24934746325016022,0.9999999850988388,1.3862792224002018,3.9999394455796042,0.32246124744415283,0.3217824101448059,0.35575634241104126,1.0,1.0974927144835391,2.9966431569143537,1.0,1.0,-0.0,1.0,1.0,1.0,-0.0,1.0,0.33224380016326904,0.3340541124343872,0.33370211720466614,1.0000000298023224,1.098609526390158,2.9999917131775904,1.0,1.0,-0.0,1.0,1.0,1.0,-0.0,1.0,1.0,1.0,-0.0,1.0,1.0,1.0,-0.0,1.0,1.0,1.0,-0.0,1.0,1.0,1.0,-0.0,1.0,1.0,1.0,-0.0,1.0,0.5195751786231995,0.5037113428115845
47,920,939,20,20,4526,4526,0,0.0,4526,0,0.0,0,76.42777539999224,57.35152730043046,0.033627300756052136,24.138006497640163,135.8414800998289,21.321976135181824,feasibility,not_applicable,-0.0004223612806117031,0.00017855247555621966,0.46560570009997193,-0.00498914209351888,0.0009199819030751749,0.009109001842812754,0.9997507896221859,0.1260346552147202,0.007042253521126761,0.5943874716758728,1.5924307107925415,0.31428050994873047,0.0008479093085043132,0.015533591620624065,1.5915828943252563,0.3159175217151642,0.9975571036338806,0.0001,0.24822427332401276,0.2518526613712311,0.2512509822845459,0.2486720234155655,0.9999999403953552,1.3862745108752803,3.999920599809618,0.32208409905433655,0.3210265040397644,0.3568894565105438,1.0000000596046448,1.0973768742286292,2.9962960451123304,1.0,1.0,-0.0,1.0,1.0,1.0,-0.0,1.0,0.3320216238498688,0.33407074213027954,0.3339076638221741,1.0000000298023224,1.0986083977861665,2.9999883273768786,1.0,1.0,-0.0,1.0,1.0,1.0,-0.0,1.0,1.0,1.0,-0.0,1.0,1.0,1.0,-0.0,1.0,1.0,1.0,-0.0,1.0,1.0,1.0,-0.0,1.0,1.0,1.0,-0.0,1.0,0.5206401348114014,0.5038471817970276
48,940,959,20,20,4706,4706,0,0.0,4706,0,0.0,0,81.34461060003377,60.924521300708875,0.031729699578136206,24.957594795152545,145.95145970000885,20.70427347814608,feasibility,not_applicable,0.0004331083099886372,0.001517195010918029,0.47421983045500676,-0.0035504924048468268,0.000861177668903602,0.0071790540540540545,1.0007424733123265,0.16926083343757972,0.04054054054054054,1.0699069499969482,1.5756514072418213,0.336927592754364,-0.007696331012994051,0.0739305168390274,1.5833477973937988,0.30809903144836426,0.9518524408340454,0.0001,0.2482604682445526,0.2518329620361328,0.25139135122299194,0.24851523339748383,1.0000000149011612,1.3862733153393,3.9999158177634815,0.3220234513282776,0.32100173830986023,0.35697486996650696,1.0000000596046448,1.0973680113233537,2.9962694893419863,1.0,1.0,-0.0,1.0,1.0,1.0,-0.0,1.0,0.3322676122188568,0.3342549204826355,0.3334774672985077,1.0,1.0986092792381008,2.9999909717235584,1.0,1.0,-0.0,1.0,1.0,1.0,-0.0,1.0,1.0,1.0,-0.0,1.0,1.0,1.0,-0.0,1.0,1.0,1.0,-0.0,1.0,1.0,1.0,-0.0,1.0,1.0,1.0,-0.0,1.0,0.5204544067382812,0.5037928223609924
49,960,979,20,20,4594,4594,0,0.0,4594,0,0.0,0,76.81423899997026,56.85979570169002,0.03286120039410889,25.23938569566235,144.7353962000925,20.73575971294896,feasibility,not_applicable,0.0007960100127901468,0.00015562248432211668,0.5145394483374225,-0.004271573228632203,0.0016174286255490086,0.014214409722222222,1.0006554789013333,0.16315684247658485,0.027777777777777776,1.2699177265167236,1.6217743158340454,0.30184534192085266,0.0021411962807178497,0.014512087218463421,1.6196331977844238,0.29756563901901245,0.9976885318756104,0.0001,0.24850304424762726,0.2521975636482239,0.2515132427215576,0.24778614938259125,1.0,1.3862658380726667,3.999885909438217,0.32163870334625244,0.3207353353500366,0.3576259911060333,1.0000000298023224,1.097299134615252,2.9960631232699644,1.0,1.0,-0.0,1.0,1.0,1.0,-0.0,1.0,0.33235353231430054,0.3344680666923523,0.3331783711910248,0.9999999701976776,1.098608879033933,2.999989771114908,1.0,1.0,-0.0,1.0,1.0,1.0,-0.0,1.0,1.0,1.0,-0.0,1.0,1.0,1.0,-0.0,1.0,1.0,1.0,-0.0,1.0,1.0,1.0,-0.0,1.0,1.0,1.0,-0.0,1.0,0.5207107663154602,0.5040485262870789
50,980,999,20,20,5014,5014,0,0.0,5014,0,0.0,0,83.87649960000999,62.73915799893439,0.029549199854955077,27.746972907567397,153.84133829991333,21.092232893817755,feasibility,not_applicable,-0.002129860953251018,0.00016949176159282097,0.5490683730267272,-0.007535798526722702,0.0018953877461402194,0.01878056675195694,0.9999343239808385,0.15624586061303375,0.0,0.3847636878490448,1.6425784826278687,0.3022569417953491,0.0017653481336310506,0.014664586633443832,1.6408133506774902,0.3002023696899414,0.9976460933685303,0.0001,0.24863655865192413,0.25255608558654785,0.2516742944717407,0.2471330463886261,0.9999999850988388,1.3862555117048292,3.9998446053582692,0.3210057020187378,0.31975501775741577,0.3592393100261688,1.0000000298023224,1.097119514119675,2.9955250172558636,1.0,1.0,-0.0,1.0,1.0,1.0,-0.0,1.0,0.33242249488830566,0.33461907505989075,0.33295848965644836,1.0000000596046448,1.0986083616145303,2.9999882188623945,1.0,1.0,-0.0,1.0,1.0,1.0,-0.0,1.0,1.0,1.0,-0.0,1.0,1.0,1.0,-0.0,1.0,1.0,1.0,-0.0,1.0,1.0,1.0,-0.0,1.0,1.0,1.0,-0.0,1.0,0.5220269560813904,0.5043190121650696
51,1000,1019,20,20,4248,4248,0,0.0,4248,0,0.0,0,73.09191149985418,54.650050598429516,0.05161249963566661,22.88050889247097,130.36308789998293,20.879309982703727,feasibility,not_applicable,0.003416271810767366,0.005521880778346781,0.5511234596149245,0.0006659781706255318,0.0007499899040150053,0.007346082089552239,1.0005607155721579,0.1911309319756814,0.04477611940298507,1.2516249418258667,1.5915632247924805,0.33415666222572327,-0.006982291582971811,0.07863263040781021,1.5985454320907593,0.30954283475875854,0.9446260929107666,0.0001,0.24857932329177856,0.2525275647640228,0.2514655590057373,0.2474275380373001,0.9999999850988388,1.38626000861877,3.999862592355679,0.32120031118392944,0.3200734555721283,0.35872623324394226,1.0,1.0971779055701434,2.9956999354133482,1.0,1.0,-0.0,1.0,1.0,1.0,-0.0,1.0,0.3324016034603119,0.33453530073165894,0.3330630958080292,1.0,1.098608711211845,2.9999892676504034,1.0,1.0,-0.0,1.0,1.0,1.0,-0.0,1.0,1.0,1.0,-0.0,1.0,1.0,1.0,-0.0,1.0,1.0,1.0,-0.0,1.0,1.0,1.0,-0.0,1.0,1.0,1.0,-0.0,1.0,0.5213654041290283,0.5041491985321045
52,1020,1039,20,20,5099,5099,0,0.0,5099,0,0.0,0,87.0218022998888,66.45044710091315,0.03353240014985204,27.979365106439218,162.19375220010988,20.460199646166256,feasibility,not_applicable,0.00013676160597242415,0.0005598962213298365,0.5725958971306682,-0.005309249309357255,0.0009870990588751738,0.008984375,0.9996941950172186,0.14766250369139017,0.0,0.4709863066673279,1.586269736289978,0.33341917395591736,0.0015551961259916425,0.039094556123018265,1.5847145318984985,0.3491479754447937,0.9862515926361084,0.0001,0.24851122498512268,0.25251713395118713,0.25140175223350525,0.24756982922554016,0.9999999403953552,1.386261494343643,3.999868535055436,0.3214918375015259,0.32023584842681885,0.35827234387397766,1.0000000298023224,1.097228171925654,2.9958505221159957,1.0,1.0,-0.0,1.0,1.0,1.0,-0.0,1.0,0.332529217004776,0.33455172181129456,0.33291903138160706,0.9999999701976776,1.0986088334701947,2.9999896344241623,1.0,1.0,-0.0,1.0,1.0,1.0,-0.0,1.0,1.0,1.0,-0.0,1.0,1.0,1.0,-0.0,1.0,1.0,1.0,-0.0,1.0,1.0,1.0,-0.0,1.0,1.0,1.0,-0.0,1.0,0.5212582349777222,0.5042790174484253
53,1040,1059,20,20,4343,4343,0,0.0,4343,0,0.0,0,74.91798230004497,55.715701897861436,0.028639100026339293,23.44057470560074,134.21750980010256,20.76644168040254,feasibility,not_applicable,-0.00030920284745447775,0.0001831284246102715,0.5685739742920679,-0.005903378269388615,0.0012248612389050644,0.014187834225594997,1.0000196261441006,0.1500495738514206,0.022058823529411766,0.5759293437004089,1.6066374778747559,0.3271750211715698,0.0001347060751868412,0.0222901813685894,1.6065027713775635,0.33746337890625,0.995358407497406,0.0001,0.24839407205581665,0.2523516118526459,0.251411497592926,0.24784283339977264,1.0000000149011612,1.38626486135428,3.999882002678013,0.32148978114128113,0.3203928768634796,0.35811734199523926,1.0,1.0972455005488535,2.995902436530657,1.0,1.0,-0.0,1.0,1.0,1.0,-0.0,1.0,0.3325289785861969,0.33443140983581543,0.33303964138031006,1.0000000298023224,1.0986093842499045,2.999991286758038,1.0,1.0,-0.0,1.0,1.0,1.0,-0.0,1.0,1.0,1.0,-0.0,1.0,1.0,1.0,-0.0,1.0,1.0,1.0,-0.0,1.0,1.0,1.0,-0.0,1.0,1.0,1.0,-0.0,1.0,0.5211734771728516,0.5044052004814148
54,1060,1079,20,20,4219,4219,0,0.0,4219,0,0.0,0,75.56050859997049,56.59680279879831,0.030654199654236436,22.9974804057274,132.9886179000605,20.230245366188928,feasibility,not_applicable,-0.0005659499332647432,0.0001504504333283738,0.537430872519811,-0.005865033331440028,0.002295328297557055,0.024157758731620783,1.00060183216225,0.17001193812624973,0.0,0.4989195168018341,1.5852173566818237,0.3231469690799713,0.000317337951855734,0.016013193875551224,1.58489990234375,0.33061113953590393,0.9975444078445435,0.0001,0.24838072061538696,0.2523292303085327,0.251379132270813,0.24791082739830017,0.9999999105930328,1.3862657032680157,3.9998853702350297,0.32150065898895264,0.3204934597015381,0.35800594091415405,1.0000000596046448,1.097257838666575,2.9959394005556335,1.0,1.0,-0.0,1.0,1.0,1.0,-0.0,1.0,0.33253026008605957,0.33452844619750977,0.33294135332107544,1.0000000596046448,1.0986089559289312,2.9999900017991252,1.0,1.0,-0.0,1.0,1.0,1.0,-0.0,1.0,1.0,1.0,-0.0,1.0,1.0,1.0,-0.0,1.0,1.0,1.0,-0.0,1.0,1.0,1.0,-0.0,1.0,1.0,1.0,-0.0,1.0,0.5215249061584473,0.5043334364891052
55,1080,1099,20,20,4810,4810,0,0.0,4810,0,0.0,0,79.90594679978676,60.03068539965898,0.04809390055015683,26.484343892429024,156.10108419996686,20.380748741358563,feasibility,not_applicable,0.0011814764615050272,0.00011439027222973221,0.5173797627028666,-0.003935126042434652,0.0007407681309335825,0.006578947368421052,0.999371446276966,0.13389055433339977,0.006578947368421052,0.5337139368057251,1.6341063976287842,0.30419832468032837,0.0011184526374563575,0.01375417597591877,1.6329879760742188,0.30969759821891785,0.9979556202888489,0.0001,0.24831895530223846,0.252322793006897,0.25147563219070435,0.24788260459899902,0.9999999850988388,1.3862645947742278,3.9998809363894017,0.32135748863220215,0.32026031613349915,0.3583821654319763,0.9999999701976776,1.097216317816328,2.9958150091868694,1.0,1.0,-0.0,1.0,1.0,1.0,-0.0,1.0,0.33242154121398926,0.33465656638145447,0.3329218924045563,1.0,1.0986081635021367,2.9999876245276065,1.0,1.0,-0.0,1.0,1.0,1.0,-0.0,1.0,1.0,1.0,-0.0,1.0,1.0,1.0,-0.0,1.0,1.0,1.0,-0.0,1.0,1.0,1.0,-0.0,1.0,1.0,1.0,-0.0,1.0,0.5220027565956116,0.5047113299369812
56,1100,1119,20,20,4971,4971,0,0.0,4971,0,0.0,0,88.65159399993718,65.77537560160272,0.0386399996932596,27.745370790129527,161.15168240014464,19.899658930167547,feasibility,not_applicable,0.004328223605392477,0.000985069727297135,0.5475687678807821,-0.0006549282369609827,0.0008816186273179483,0.006610576923076923,1.0002628297377856,0.2020320882125256,0.08333333333333333,3.269557476043701,1.6031111478805542,0.33955612778663635,-0.007028413005173206,0.07267607748508453,1.6101394891738892,0.3175569474697113,0.9541900753974915,0.0001,0.24829836189746857,0.2522636651992798,0.25153422355651855,0.2479037195444107,0.9999999701976776,1.3862648161759592,3.9998818219700647,0.32130855321884155,0.3203062117099762,0.35838523507118225,1.0,1.0972161370508045,2.99581446764685,1.0,1.0,-0.0,1.0,1.0,1.0,-0.0,1.0,0.332816481590271,0.33477091789245605,0.3324126601219177,1.0000000596046448,1.0986075254768908,2.999985710460375,1.0,1.0,-0.0,1.0,1.0,1.0,-0.0,1.0,1.0,1.0,-0.0,1.0,1.0,1.0,-0.0,1.0,1.0,1.0,-0.0,1.0,1.0,1.0,-0.0,1.0,1.0,1.0,-0.0,1.0,0.5219762325286865,0.5052059888839722
57,1120,1139,20,20,4612,4612,0,0.0,4612,0,0.0,0,77.32328500016592,57.89688450284302,0.03182690078392625,26.023899200139567,144.43633499997668,20.79729393474355,feasibility,not_applicable,-0.004664371351469053,0.00011196225294616066,0.5343506315799609,-0.009951896526952823,0.001124240263454514,0.010273972602739725,0.9995739525311613,0.1531259046790943,0.02054794520547945,1.1641803979873657,1.6203548908233643,0.3160633444786072,0.001753492746502161,0.012007375247776508,1.6186015605926514,0.3191876709461212,0.9985567331314087,0.0001,0.248170867562294,0.2522357404232025,0.25148677825927734,0.2481066733598709,1.0000000596046448,1.3862661090925834,3.9998869934871104,0.32083824276924133,0.3199571967124939,0.35920462012290955,1.0000000596046448,1.0971241018224966,2.995538759865961,1.0,1.0,-0.0,1.0,1.0,1.0,-0.0,1.0,0.3325646221637726,0.33464014530181885,0.33279523253440857,1.0,1.0986084087528059,2.999988360276669,1.0,1.0,-0.0,1.0,1.0,1.0,-0.0,1.0,1.0,1.0,-0.0,1.0,1.0,1.0,-0.0,1.0,1.0,1.0,-0.0,1.0,1.0,1.0,-0.0,1.0,1.0,1.0,-0.0,1.0,0.522783637046814,0.5044248700141907
58,1140,1159,20,20,4587,4587,0,0.0,4587,0,0.0,0,80.41018520016223,59.709638599306345,0.03415470011532307,26.361786998575553,140.40957430005074,20.772597571801885,feasibility,not_applicable,0.00043441718702928885,9.40604043585659e-05,0.5313369402041038,-0.004831921875140526,0.001274228723761755,0.010795179262964262,1.0000569969415665,0.15128126722346577,0.006944444444444444,0.6313546299934387,1.6291909217834473,0.2940880060195923,0.0020959475077688694,0.011102713644504547,1.6270949840545654,0.2956463098526001,0.9985747337341309,0.0001,0.24825230240821838,0.2524533271789551,0.25152018666267395,0.24777419865131378,1.0000000149011612,1.3862616947373965,3.9998693366041853,0.3204740583896637,0.31965142488479614,0.35987457633018494,1.0000000596046448,1.097046608702886,2.9953066352166924,1.0,1.0,-0.0,1.0,1.0,1.0,-0.0,1.0,0.33267468214035034,0.33465614914894104,0.3326692581176758,1.0000000894069672,1.0986083630927386,2.999988223297002,1.0,1.0,-0.0,1.0,1.0,1.0,-0.0,1.0,1.0,1.0,-0.0,1.0,1.0,1.0,-0.0,1.0,1.0,1.0,-0.0,1.0,1.0,1.0,-0.0,1.0,1.0,1.0,-0.0,1.0,0.5230298638343811,0.5048211216926575
59,1160,1179,20,20,4904,4904,0,0.0,4904,0,0.0,0,84.68864990002476,63.47271389863454,0.031223500380292535,26.382978808600456,165.59680749988183,19.593627416252072,feasibility,not_applicable,-0.0010865362748116642,0.0008745312382404348,0.5374014441456113,-0.00602328476145283,0.0009311658039979346,0.011038961046218099,0.9999420526739838,0.16049677926998634,0.012987012987012988,0.5595239996910095,1.6136125326156616,0.338320791721344,-0.005428218748420477,0.0550474189221859,1.6190407276153564,0.315555214881897,0.9735261797904968,0.0001,0.24809281527996063,0.2525753974914551,0.251539409160614,0.24779243767261505,1.0000000596046448,1.386259365500111,3.9998600199702397,0.3195190727710724,0.31952735781669617,0.36095353960990906,0.9999999701976776,1.0969181028967459,2.9949217456536985,1.0,1.0,-0.0,1.0,1.0,1.0,-0.0,1.0,0.3333875834941864,0.3346007764339447,0.3320116400718689,1.0,1.098607253904226,2.999984895746372,1.0,1.0,-0.0,1.0,1.0,1.0,-0.0,1.0,1.0,1.0,-0.0,1.0,1.0,1.0,-0.0,1.0,1.0,1.0,-0.0,1.0,1.0,1.0,-0.0,1.0,1.0,1.0,-0.0,1.0,0.5243004560470581,0.5060886740684509
60,1180,1199,20,20,5191,5191,0,0.0,5191,0,0.0,0,85.47531139990315,64.43726589670405,0.03230910003185272,30.085900901118293,164.29254870000295,20.783298531378783,feasibility,not_applicable,0.00278232034250367,0.00012940836351357042,0.5448814023558687,-0.00260178914872884,0.0016869089336179924,0.015815548780487805,0.9999601444820079,0.15006475702564165,0.012195121951219513,0.5595580339431763,1.6432172060012817,0.3123249113559723,0.00018160998297389597,0.013274414464831352,1.643035650253296,0.3151719868183136,0.9981935620307922,0.0001,0.24793553352355957,0.25250566005706787,0.2513573467731476,0.24820151925086975,1.0000000596046448,1.3862631588524548,3.9998751928773992,0.319374144077301,0.31940922141075134,0.3612166941165924,1.0000000596046448,1.0968858809122548,2.9948252448863895,1.0,1.0,-0.0,1.0,1.0,1.0,-0.0,1.0,0.3334624469280243,0.3344343900680542,0.33210310339927673,0.9999999403953552,1.098608168301599,2.999987638925934,1.0,1.0,-0.0,1.0,1.0,1.0,-0.0,1.0,1.0,1.0,-0.0,1.0,1.0,1.0,-0.0,1.0,1.0,1.0,-0.0,1.0,1.0,1.0,-0.0,1.0,1.0,1.0,-0.0,1.0,0.5245677828788757,0.506187915802002
61,1200,1219,20,20,4702,4702,0,0.0,4702,0,0.0,0,79.08157470007427,58.055051900446415,0.03635059925727546,26.99948080140166,149.93824799987487,20.530973889366496,feasibility,not_applicable,-0.0008643700653133361,0.00011953213118898487,0.5259386357423421,-0.006063990491580822,0.0010169047266793535,0.010240709459459459,1.000102637990101,0.11854267822628892,0.013513513513513514,0.7970765829086304,1.6165496110916138,0.30111387372016907,0.0013601513346657157,0.014519350603222847,1.615189552307129,0.3037465214729309,0.9976749420166016,0.0001,0.24793347716331482,0.2525050938129425,0.2512646019458771,0.24829687178134918,1.0000000447034836,1.3862642968799215,3.9998797448478225,0.31917962431907654,0.31931301951408386,0.3615072965621948,0.9999999403953552,1.0968499065692185,2.9947175099535546,1.0,1.0,-0.0,1.0,1.0,1.0,-0.0,1.0,0.3334784209728241,0.33428993821144104,0.3322316110134125,0.9999999701976776,1.0986090601327139,2.9999903144094477,1.0,1.0,-0.0,1.0,1.0,1.0,-0.0,1.0,1.0,1.0,-0.0,1.0,1.0,1.0,-0.0,1.0,1.0,1.0,-0.0,1.0,1.0,1.0,-0.0,1.0,1.0,1.0,-0.0,1.0,0.5247413516044617,0.5061888694763184
62,1220,1239,20,20,4217,4217,0,0.0,4217,0,0.0,0,70.15508860000409,51.490224700421095,0.0334543997887522,23.686887892661616,126.82948129996657,21.40776814215146,feasibility,not_applicable,-0.0004363966908192996,6.937499052362523e-05,0.4982849671082063,-0.005384558488995853,0.0019334949249627464,0.023036699234084648,1.000925818627531,0.17641200559834638,0.007575757575757576,0.8696125149726868,1.6036970615386963,0.31535932421684265,0.0016897806199267507,0.00816741120070219,1.6020073890686035,0.3161363899707794,0.9993292689323425,0.0001,0.2475844919681549,0.25224342942237854,0.2509545683860779,0.24921748042106628,0.9999999701976776,1.3862695604674915,3.999900798620538,0.319437175989151,0.31958717107772827,0.3609757125377655,1.0000000596046448,1.0969153935755105,2.9949136314596068,1.0,1.0,-0.0,1.0,1.0,1.0,-0.0,1.0,0.3335932493209839,0.33430367708206177,0.33210304379463196,0.9999999701976776,1.098608500222108,2.999988634683523,1.0,1.0,-0.0,1.0,1.0,1.0,-0.0,1.0,1.0,1.0,-0.0,1.0,1.0,1.0,-0.0,1.0,1.0,1.0,-0.0,1.0,1.0,1.0,-0.0,1.0,1.0,1.0,-0.0,1.0,0.5249492526054382,0.5060145854949951
63,1240,1259,20,20,4596,4596,0,0.0,4596,0,0.0,0,81.3496051998809,60.21063220221549,0.03596560005098581,26.53948989836499,149.93249140004627,19.8718364610391,feasibility,not_applicable,-0.0010498428342139556,6.902538115759348e-05,0.5115878786891699,-0.006131208522775624,0.003094019512193174,0.0284788995825996,0.9977935271130668,0.14826213384771514,0.013888888888888888,0.7380176186561584,1.603092908859253,0.3045346438884735,0.0018047945341095328,0.009266261011362076,1.6012881994247437,0.3076127767562866,0.9990741610527039,0.0001,0.24752865731716156,0.2522064447402954,0.2507898807525635,0.24947498738765717,0.9999999701976776,1.3862705876363302,3.999904907196106,0.3195728063583374,0.31980106234550476,0.36062610149383545,0.9999999701976776,1.09695775080356,2.99504049038596,1.0,1.0,-0.0,1.0,1.0,1.0,-0.0,1.0,0.3335288465023041,0.33446595072746277,0.33200520277023315,1.0,1.0986076598663985,2.999986113627005,1.0,1.0,-0.0,1.0,1.0,1.0,-0.0,1.0,1.0,1.0,-0.0,1.0,1.0,1.0,-0.0,1.0,1.0,1.0,-0.0,1.0,1.0,1.0,-0.0,1.0,1.0,1.0,-0.0,1.0,0.5250721573829651,0.5063446760177612
64,1260,1279,20,20,4699,4699,0,0.0,4699,0,0.0,0,80.43345759995282,59.93999689863995,0.035540999844670296,26.51939000724815,144.8621305997949,20.85704401736377,feasibility,not_applicable,0.000818123877350543,7.318789873868416e-05,0.48199604653023387,-0.0039652422435481,0.0019344531402394579,0.018659284288013302,1.0004997482976399,0.15052950759795872,0.006756756756756757,0.6122680306434631,1.6126704216003418,0.3177991807460785,0.001426444505341351,0.010552672669291496,1.6112439632415771,0.31894031167030334,0.9988973736763,0.0001,0.24750977754592896,0.25226983428001404,0.25085875391960144,0.24936169385910034,1.0000000596046448,1.3862693782977726,3.9999000699598004,0.3195735514163971,0.31993386149406433,0.36049261689186096,1.0000000298023224,1.0969737445892394,2.995088392804734,1.0,1.0,-0.0,1.0,1.0,1.0,-0.0,1.0,0.3334908187389374,0.33478865027427673,0.3317204713821411,0.9999999403953552,1.0986051649918558,2.9999786290473582,1.0,1.0,-0.0,1.0,1.0,1.0,-0.0,1.0,1.0,1.0,-0.0,1.0,1.0,1.0,-0.0,1.0,1.0,1.0,-0.0,1.0,1.0,1.0,-0.0,1.0,1.0,1.0,-0.0,1.0,0.5249295234680176,0.5067349672317505
65,1280,1299,20,20,4784,4784,0,0.0,4784,0,0.0,0,82.44398759980686,60.665142899611965,0.04814600036479533,28.524214698234573,144.73247610009275,21.058519540649552,feasibility,not_applicable,-0.0005441239848732949,5.070799926519006e-05,0.5136218659083048,-0.0056549882345522445,0.002224329966896524,0.01815972223877907,0.9990141824881236,0.1485342459132274,0.013333333333333334,0.550977885723114,1.6489744186401367,0.3026893436908722,0.0008234542328864336,0.007722079753875732,1.64815092086792,0.3032614290714264,0.9993491768836975,0.0001,0.24726571142673492,0.251919686794281,0.25085026025772095,0.24996428191661835,0.9999999403953552,1.3862705322116076,3.9999046855024925,0.320244163274765,0.32054218649864197,0.35921362042427063,0.9999999701976776,1.0971235966763624,2.995537246681519,1.0,1.0,-0.0,1.0,1.0,1.0,-0.0,1.0,0.33350032567977905,0.33474355936050415,0.331756055355072,0.9999999403953552,1.0986055244508446,2.9999797074168364,1.0,1.0,-0.0,1.0,1.0,1.0,-0.0,1.0,1.0,1.0,-0.0,1.0,1.0,1.0,-0.0,1.0,1.0,1.0,-0.0,1.0,1.0,1.0,-0.0,1.0,1.0,1.0,-0.0,1.0,0.524522602558136,0.5064776539802551
66,1300,1319,20,20,4880,4880,0,0.0,4880,0,0.0,0,88.08357680006884,65.14417550177313,0.03269380028359592,28.32769689708948,147.7704431999009,20.690764567000492,feasibility,not_applicable,-0.0031390882810795463,0.0012151665176299337,0.480663311752406,-0.007338138331973611,0.001059071012687954,0.010146103896103896,0.9991406372615269,0.13530410837091797,0.012987012987012988,0.6100361347198486,1.6128156185150146,0.3346685767173767,-0.00663980795070529,0.06918737292289734,1.6194554567337036,0.30881762504577637,0.9572610855102539,0.0001,0.24721413850784302,0.2518601417541504,0.251199334859848,0.24972644448280334,1.0000000596046448,1.3862688790230877,3.999898072911452,0.3199232220649719,0.32028236985206604,0.35979437828063965,0.9999999701976776,1.0970564124558844,2.9953360006070437,1.0,1.0,-0.0,1.0,1.0,1.0,-0.0,1.0,0.33419397473335266,0.3354093134403229,0.33039671182632446,1.0,1.0985917536321337,2.999938395524599,1.0,1.0,-0.0,1.0,1.0,1.0,-0.0,1.0,1.0,1.0,-0.0,1.0,1.0,1.0,-0.0,1.0,1.0,1.0,-0.0,1.0,1.0,1.0,-0.0,1.0,1.0,1.0,-0.0,1.0,0.524653971195221,0.5075487494468689
67,1320,1339,20,20,4786,4786,0,0.0,4786,0,0.0,0,84.82375819981098,63.751153202028945,0.03327890043146908,28.118917112471536,149.46813379996456,20.42751014194117,feasibility,not_applicable,0.00029392456635832784,0.00012046099400322418,0.49496523082256316,-0.004595497098440925,0.0015764322878870493,0.017291666666666667,0.9994784045219421,0.15415786631405354,0.02666666666666667,0.8496106266975403,1.646175742149353,0.307148277759552,0.0005842255195602775,0.012250225991010666,1.645591378211975,0.3051223158836365,0.9984092712402344,0.0001,0.24721990525722504,0.25192883610725403,0.25139856338500977,0.24945268034934998,0.9999999850988388,1.3862669138956374,3.9998902126096736,0.3197632431983948,0.3202362060546875,0.36000052094459534,0.9999999701976776,1.0970321500765545,2.9952633275103913,1.0,1.0,-0.0,1.0,1.0,1.0,-0.0,1.0,0.3340817987918854,0.335332989692688,0.33058521151542664,1.0,1.0985941034944666,2.9999454449751184,1.0,1.0,-0.0,1.0,1.0,1.0,-0.0,1.0,1.0,1.0,-0.0,1.0,1.0,1.0,-0.0,1.0,1.0,1.0,-0.0,1.0,1.0,1.0,-0.0,1.0,1.0,1.0,-0.0,1.0,0.5247822403907776,0.5075162053108215
68,1340,1359,20,20,4717,4717,0,0.0,4717,0,0.0,0,80.43564149993472,59.890129199950024,0.0338841003831476,26.69917358737439,148.29814719990827,20.622226505371735,feasibility,not_applicable,-0.00039281453811437696,5.112195333060447e-05,0.5214719204483805,-0.005581972044515046,0.0013935639050229125,0.012985641891891891,1.0004241752463419,0.16261208880491354,0.0,0.44313856959342957,1.6447606086730957,0.2990333139896393,0.0010626683942973614,0.007395423483103514,1.64369797706604,0.29775357246398926,0.9993883967399597,0.0001,0.24729405343532562,0.2521623373031616,0.25139090418815613,0.24915264546871185,0.9999999403953552,1.386265016400157,3.9998826228432742,0.31939032673835754,0.3196660876274109,0.36094361543655396,1.0000000298023224,1.0969192615871413,2.9949252158427706,1.0,1.0,-0.0,1.0,1.0,1.0,-0.0,1.0,0.3340464234352112,0.3355121910572052,0.3304414451122284,1.0000000596046448,1.0985918457151127,2.999938671767876,1.0,1.0,-0.0,1.0,1.0,1.0,-0.0,1.0,1.0,1.0,-0.0,1.0,1.0,1.0,-0.0,1.0,1.0,1.0,-0.0,1.0,1.0,1.0,-0.0,1.0,1.0,1.0,-0.0,1.0,0.5253224968910217,0.5074250102043152
69,1360,1379,20,20,5105,5105,0,0.0,5105,0,0.0,0,87.0235665999353,65.39361160155386,0.032766099786385894,29.108909499133006,156.4306101000402,20.96903848271712,feasibility,not_applicable,0.00013152844039723277,0.0034701247675002376,0.5488835981115698,-0.0036222450580680743,0.001496900742768048,0.01474609375,0.9997506819665432,0.2035383859765716,0.05625,2.2556748390197754,1.6096603870391846,0.32317307591438293,-0.00492396205663681,0.07084325700998306,1.6145843267440796,0.3045380413532257,0.9519463181495667,0.0001,0.2472900152206421,0.25205960869789124,0.25156715512275696,0.24908322095870972,1.0,1.386264574204776,3.999880854114044,0.319321870803833,0.3196529746055603,0.3610251843929291,1.0000000298023224,1.0969092795620856,2.994895320573434,1.0,1.0,-0.0,1.0,1.0,1.0,-0.0,1.0,0.33422091603279114,0.33587872982025146,0.329900324344635,0.9999999701976776,1.0985836718204012,2.9999141506852487,1.0,1.0,-0.0,1.0,1.0,1.0,-0.0,1.0,1.0,1.0,-0.0,1.0,1.0,1.0,-0.0,1.0,1.0,1.0,-0.0,1.0,1.0,1.0,-0.0,1.0,1.0,1.0,-0.0,1.0,0.5251955986022949,0.5072920322418213
70,1380,1399,20,20,5102,5102,0,0.0,5102,0,0.0,0,89.67992759984918,67.31392040336505,0.03061540052294731,29.092017902992666,163.0833936999552,20.18489064696409,feasibility,not_applicable,0.0006109367241151631,0.004546824882345391,0.5366734776645898,-0.0024823857253068126,0.0013608419816591778,0.016813858691602946,1.0015332382172346,0.2498528355034068,0.075,0.8511627912521362,1.5782251358032227,0.36344873905181885,-0.010368897579610348,0.08702033013105392,1.5885939598083496,0.32852476835250854,0.9426735639572144,0.0001,0.24731959402561188,0.2519557476043701,0.2517260015010834,0.24899868667125702,1.0000000298023224,1.3862643693855676,3.9998800348616985,0.3194650709629059,0.31994789838790894,0.3605869710445404,0.9999999403953552,1.096962316949652,2.9950541662096137,1.0,1.0,-0.0,1.0,1.0,1.0,-0.0,1.0,0.33418750762939453,0.3357216417789459,0.33009085059165955,1.0,1.0985868375894623,2.999923647735686,1.0,1.0,-0.0,1.0,1.0,1.0,-0.0,1.0,1.0,1.0,-0.0,1.0,1.0,1.0,-0.0,1.0,1.0,1.0,-0.0,1.0,1.0,1.0,-0.0,1.0,1.0,1.0,-0.0,1.0,0.5247535109519958,0.5071535706520081
71,1400,1419,20,20,4821,4821,0,0.0,4821,0,0.0,0,84.38699849997647,63.235858199885115,0.034488699631765485,27.80415550642647,147.86868790001608,20.757295869592774,feasibility,not_applicable,0.0015956456803618685,0.005113962893741892,0.5878686861772286,-0.0017260593686890054,0.007061102264407581,0.05439869206594793,0.997815975625264,0.21277646405475312,0.03289473684210526,4.433337211608887,1.6073846817016602,0.359997421503067,-0.005788980983197689,0.08643238246440887,1.6131736040115356,0.3494455814361572,0.9423559904098511,0.0001,0.24726730585098267,0.25191688537597656,0.25170955061912537,0.24910622835159302,0.9999999701976776,1.3862645980559392,3.9998809495158567,0.31943008303642273,0.31994885206222534,0.36062106490135193,1.0,1.0969581921281915,2.9950418121713924,1.0,1.0,-0.0,1.0,1.0,1.0,-0.0,1.0,0.334229052066803,0.33573800325393677,0.3300328552722931,0.9999999105930328,1.0985860306555024,2.999921226996394,1.0,1.0,-0.0,1.0,1.0,1.0,-0.0,1.0,1.0,1.0,-0.0,1.0,1.0,1.0,-0.0,1.0,1.0,1.0,-0.0,1.0,1.0,1.0,-0.0,1.0,1.0,1.0,-0.0,1.0,0.5246420502662659,0.5070253014564514
72,1420,1439,20,20,4865,4865,0,0.0,4865,0,0.0,0,83.52352709998377,61.90504759736359,0.03587199980393052,27.71957969875075,154.15244970005006,20.469043886976916,feasibility,not_applicable,0.00087276559516594,0.0006806038563572892,0.5399599115956913,-0.004186531368570475,0.003724628026814914,0.02932224025974026,1.0002016045830466,0.13850982450916396,0.006493506493506494,0.5752652883529663,1.606595516204834,0.3473309278488159,-0.0001299013674724847,0.03997122868895531,1.6067253351211548,0.3538592755794525,0.9867563247680664,0.0001,0.2471446990966797,0.251779168844223,0.2516419589519501,0.24943415820598602,0.9999999850988388,1.3862656503958077,3.999885158752264,0.3192822337150574,0.3198683559894562,0.36084938049316406,0.9999999701976776,1.0969305096942314,2.994958903271785,1.0,1.0,-0.0,1.0,1.0,1.0,-0.0,1.0,0.33425143361091614,0.33580031991004944,0.32994821667671204,0.9999999701976776,1.0985846689257706,2.9999171419172472,1.0,1.0,-0.0,1.0,1.0,1.0,-0.0,1.0,1.0,1.0,-0.0,1.0,1.0,1.0,-0.0,1.0,1.0,1.0,-0.0,1.0,1.0,1.0,-0.0,1.0,1.0,1.0,-0.0,1.0,0.5245499610900879,0.5071189999580383
73,1440,1459,20,20,5249,5249,0,0.0,5249,0,0.0,0,87.7040925999172,65.74180039996281,0.03558020037598908,29.7019428932108,158.68595389998518,21.303620314881833,feasibility,not_applicable,0.012653255464890635,0.0003398156379086894,0.5266823185136519,0.0075563402279807505,0.0011742472556049385,0.01120105421686747,1.0001895280487567,0.1346720045948603,0.0,0.4443040192127228,1.6166468858718872,0.3455990254878998,-0.00014499328972306103,0.02730533853173256,1.6167919635772705,0.35480156540870667,0.9937576055526733,0.0001,0.24705180525779724,0.25168055295944214,0.2516399025917053,0.2496277391910553,1.0,1.3862656286406199,3.999885071734012,0.31918469071388245,0.3198305666446686,0.3609846532344818,0.9999999105930328,1.0969139726922847,2.9949093760400882,1.0,1.0,-0.0,1.0,1.0,1.0,-0.0,1.0,0.33439409732818604,0.33592936396598816,0.3296765387058258,1.0,1.098580387730212,2.9999042987127957,1.0,1.0,-0.0,1.0,1.0,1.0,-0.0,1.0,1.0,1.0,-0.0,1.0,1.0,1.0,-0.0,1.0,1.0,1.0,-0.0,1.0,1.0,1.0,-0.0,1.0,1.0,1.0,-0.0,1.0,0.5244127511978149,0.5073063969612122
74,1460,1479,20,20,5339,5339,0,0.0,5339,0,0.0,0,91.4100784000475,68.38339340221137,0.03258449980057776,31.87291799020022,162.48373029986396,21.02847654040436,feasibility,not_applicable,-0.00024366930648241016,0.004418730656262986,0.5370326893670219,-0.0034046301720774778,0.00040710287153377154,0.002976190476190476,0.9997415152334032,0.1725909416120322,0.017857142857142856,1.2855967283248901,1.6423498392105103,0.35298511385917664,-0.006274363026022911,0.07076508551836014,1.6486241817474365,0.3419671058654785,0.9598093032836914,0.0001,0.24701005220413208,0.25175362825393677,0.25179415941238403,0.24944213032722473,0.9999999701976776,1.3862632166596387,3.999875424098927,0.3186527490615845,0.3193606436252594,0.3619866669178009,1.0000000596046448,1.0967894521305854,2.994536471459971,1.0,1.0,-0.0,1.0,1.0,1.0,-0.0,1.0,0.3342476785182953,0.3358333110809326,0.32991907000541687,1.0000000596046448,1.098584144366664,2.999915568283804,1.0,1.0,-0.0,1.0,1.0,1.0,-0.0,1.0,1.0,1.0,-0.0,1.0,1.0,1.0,-0.0,1.0,1.0,1.0,-0.0,1.0,1.0,1.0,-0.0,1.0,1.0,1.0,-0.0,1.0,0.5254546403884888,0.5070907473564148
75,1480,1499,20,20,5246,5246,0,0.0,5246,0,0.0,0,89.3918846999295,66.30950430012308,0.039585000136867166,30.653795699821785,162.80069179995917,20.801563919159673,feasibility,not_applicable,-0.0003755507400123084,0.00027679001864382326,0.5319720853756114,-0.005556876977008381,0.001029426963125333,0.009435237998642572,1.0003623395431331,0.12180006036126031,0.0,0.42040175199508667,1.6230664253234863,0.32781609892845154,-1.9598935978137888e-05,0.023375779390335083,1.6230859756469727,0.3354312479496002,0.994915246963501,0.0001,0.24698831140995026,0.2518111765384674,0.25177451968193054,0.249426007270813,1.0000000149011612,1.3862626656862238,3.9998732202745124,0.3182980716228485,0.31913530826568604,0.36256664991378784,1.0000000298023224,1.096715255541811,2.994314295311286,1.0,1.0,-0.0,1.0,1.0,1.0,-0.0,1.0,0.33433690667152405,0.3356774151325226,0.3299856185913086,0.9999999403953552,1.0985856833852494,2.9999201852131714,1.0,1.0,-0.0,1.0,1.0,1.0,-0.0,1.0,1.0,1.0,-0.0,1.0,1.0,1.0,-0.0,1.0,1.0,1.0,-0.0,1.0,1.0,1.0,-0.0,1.0,1.0,1.0,-0.0,1.0,0.5254928469657898,0.5072001218795776
76,1500,1519,20,20,5134,5134,0,0.0,5134,0,0.0,0,89.00081750005484,65.75282149971463,0.03260590066201985,30.508603995200247,160.17704090010375,20.603756822386803,feasibility,not_applicable,8.658150406439364e-05,0.002593217939760013,0.5231684628460143,-0.0038484937028476487,0.0010607866932354857,0.01201499120136838,1.0001260410120458,0.1437705284398463,0.024691358024691357,0.5975868105888367,1.6091012954711914,0.3505353629589081,-0.0061081633903086185,0.07144899666309357,1.615209698677063,0.33715522289276123,0.9584540724754333,0.0001,0.2471206784248352,0.251633882522583,0.2519844174385071,0.2492610663175583,1.0000000447034836,1.386263457634954,3.9998763879702843,0.31866052746772766,0.3192394971847534,0.3621000051498413,1.0000000298023224,1.0967752246234788,2.994493866974121,1.0,1.0,-0.0,1.0,1.0,1.0,-0.0,1.0,0.3341129422187805,0.3356988728046417,0.33018815517425537,0.9999999701976776,1.098588115765301,2.9999274821680606,1.0,1.0,-0.0,1.0,1.0,1.0,-0.0,1.0,1.0,1.0,-0.0,1.0,1.0,1.0,-0.0,1.0,1.0,1.0,-0.0,1.0,1.0,1.0,-0.0,1.0,1.0,1.0,-0.0,1.0,0.5250182747840881,0.5071476697921753
77,1520,1539,20,20,5002,5002,0,0.0,5002,0,0.0,0,86.76546170003712,64.11604369897395,0.03433229960501194,29.577715798048303,154.78617440001108,20.707787704357436,feasibility,not_applicable,0.0015674942656408383,0.0008711014539769651,0.5460237709781791,-0.0034571931715111567,0.0015444506922754448,0.016950158237279217,1.0000798204277135,0.16504040194227348,0.02531645569620253,3.437361240386963,1.6045383214950562,0.393939346075058,-0.012580398470163345,0.07193981856107712,1.6171187162399292,0.36036157608032227,0.966651201248169,0.0001,0.24703601002693176,0.25158050656318665,0.25169822573661804,0.24968522787094116,0.9999999701976776,1.3862657706032482,3.99988563956825,0.3191811442375183,0.3189798891544342,0.3618389368057251,0.9999999701976776,1.0968084255258777,2.9945932885231654,1.0,1.0,-0.0,1.0,1.0,1.0,-0.0,1.0,0.33394095301628113,0.33550789952278137,0.3305511176586151,0.9999999701976776,1.0985930110039244,2.9999421675648827,1.0,1.0,-0.0,1.0,1.0,1.0,-0.0,1.0,1.0,1.0,-0.0,1.0,1.0,1.0,-0.0,1.0,1.0,1.0,-0.0,1.0,1.0,1.0,-0.0,1.0,1.0,1.0,-0.0,1.0,0.5247397422790527,0.5072157979011536
78,1540,1559,20,20,4319,4319,0,0.0,4319,0,0.0,0,74.7390519999899,55.25991390040144,0.03561729984357953,24.236208190442994,132.54772090003826,20.83586878012231,feasibility,not_applicable,0.0007371398079318597,0.0001917198909295086,0.545952829587109,-0.004626528260654167,0.0031347950592616517,0.030675551470588234,0.9993554857723853,0.1447119785417967,0.007352941176470588,0.8706247210502625,1.5884331464767456,0.33263275027275085,0.0009879375575110316,0.02060753107070923,1.5874451398849487,0.3410191535949707,0.9961618781089783,0.0001,0.24689139425754547,0.2515178322792053,0.2516883611679077,0.24990235269069672,0.9999999403953552,1.3862646248862578,3.9998810568339382,0.3189055621623993,0.3188631236553192,0.3622313439846039,1.0000000298023224,1.0967587835503037,2.9944446346860483,1.0,1.0,-0.0,1.0,1.0,1.0,-0.0,1.0,0.33376628160476685,0.33546528220176697,0.3307684361934662,1.0,1.098595310849041,2.999949066975161,1.0,1.0,-0.0,1.0,1.0,1.0,-0.0,1.0,1.0,1.0,-0.0,1.0,1.0,1.0,-0.0,1.0,1.0,1.0,-0.0,1.0,1.0,1.0,-0.0,1.0,1.0,1.0,-0.0,1.0,0.5250478982925415,0.5069341659545898
79,1560,1579,20,20,5307,5307,0,0.0,5307,0,0.0,0,90.29744750005193,66.43782200035639,0.03291420033201575,32.40868590702303,169.07060770015232,20.461270744786077,feasibility,not_applicable,-0.0012010146515915193,0.00011862449122944157,0.5351318043757634,-0.006493019376297942,0.001808567221573812,0.0207158081480358,0.9995508165244597,0.15716778857251965,0.006024096385542169,0.5722081661224365,1.6454830169677734,0.32150477170944214,-0.001011217013001442,0.014522173441946507,1.6464943885803223,0.32816946506500244,0.9979597330093384,0.0001,0.24706247448921204,0.2518552243709564,0.25188297033309937,0.24919934570789337,1.0000000149011612,1.3862618171354908,3.9998698261805994,0.31852009892463684,0.31805676221847534,0.3634231388568878,1.0,1.096603639593409,2.9939801007324705,1.0,1.0,-0.0,1.0,1.0,1.0,-0.0,1.0,0.333803653717041,0.33545491099357605,0.3307414948940277,1.0000000596046448,1.0985951228827102,2.9999485030857955,1.0,1.0,-0.0,1.0,1.0,1.0,-0.0,1.0,1.0,1.0,-0.0,1.0,1.0,1.0,-0.0,1.0,1.0,1.0,-0.0,1.0,1.0,1.0,-0.0,1.0,1.0,1.0,-0.0,1.0,0.5257707834243774,0.5064322352409363
80,1580,1599,20,20,5022,5022,0,0.0,5022,0,0.0,0,85.00162600004114,63.180335398064926,0.03041990054771304,30.16644839779474,156.84759330004454,20.765003974516535,feasibility,not_applicable,0.0014735286513084098,9.268237685134835e-05,0.5553802981784072,-0.004033932429915176,0.0017417029078307124,0.02038502110804938,1.0000644156449958,0.15009518342587766,0.006329113924050633,0.5805535912513733,1.6941357851028442,0.31811556220054626,-0.0016904209041967988,0.01281256228685379,1.6958262920379639,0.32272595167160034,0.998377799987793,0.0001,0.24700859189033508,0.25178903341293335,0.25197237730026245,0.24922999739646912,1.0,1.3862610590050473,3.9998667937586636,0.31861692667007446,0.3181302845478058,0.36325281858444214,1.0000000298023224,1.096626150005022,2.994047497215458,1.0,1.0,-0.0,1.0,1.0,1.0,-0.0,1.0,0.3339223563671112,0.3352333605289459,0.3308441638946533,0.9999998807907104,1.0985970347336629,2.9999542385456817,1.0,1.0,-0.0,1.0,1.0,1.0,-0.0,1.0,1.0,1.0,-0.0,1.0,1.0,1.0,-0.0,1.0,1.0,1.0,-0.0,1.0,1.0,1.0,-0.0,1.0,1.0,1.0,-0.0,1.0,0.5256382822990417,0.5061298608779907
81,1600,1619,20,20,5201,5201,0,0.0,5201,0,0.0,0,88.54781670006923,64.72718360228464,0.04420939926058054,31.703928300878033,167.14925180003047,20.34047566719746,feasibility,not_applicable,0.001029123404494873,9.618114159909565e-05,0.5450440140032187,-0.004373226343177077,0.0013000457771207637,0.014722695483303651,0.9991459112341811,0.12684695720218303,0.0,0.32109156250953674,1.6586064100265503,0.31461700797080994,-0.0004557560314424336,0.012162876315414906,1.659062147140503,0.31928789615631104,0.9985054731369019,0.0001,0.24702683091163635,0.25180351734161377,0.25181156396865845,0.24935801327228546,0.999999925494194,1.3862627198703201,3.9998734370040343,0.3186509311199188,0.3182610273361206,0.3630879819393158,0.9999999403953552,1.096647882569299,2.9941125662521952,1.0,1.0,-0.0,1.0,1.0,1.0,-0.0,1.0,0.3338610529899597,0.33540862798690796,0.3307303786277771,1.0000000596046448,1.098595240510059,2.999948855961805,1.0,1.0,-0.0,1.0,1.0,1.0,-0.0,1.0,1.0,1.0,-0.0,1.0,1.0,1.0,-0.0,1.0,1.0,1.0,-0.0,1.0,1.0,1.0,-0.0,1.0,1.0,1.0,-0.0,1.0,0.5256106853485107,0.50625079870224
82,1620,1639,20,20,5063,5063,0,0.0,5063,0,0.0,0,84.85910889995284,61.6630706989672,0.043193698627874255,31.3166385802906,155.80139539996162,21.037934806661998,feasibility,not_applicable,-0.004288927442394197,8.234787117089581e-05,0.5660028014332056,-0.00990778095292626,0.0013612077014840906,0.015625,0.9980611443519593,0.15891999437008053,0.01875,0.8937321901321411,1.6037321090698242,0.3156936764717102,0.0003041948948521167,0.011497179977595806,1.6034280061721802,0.32121407985687256,0.998673677444458,0.0001,0.24703094363212585,0.25196588039398193,0.2517622411251068,0.24924089014530182,0.9999999552965164,1.3862615837477457,3.999868892660109,0.31786149740219116,0.31782543659210205,0.3643130660057068,1.0,1.0964840830402869,2.9936221721882887,1.0,1.0,-0.0,1.0,1.0,1.0,-0.0,1.0,0.33371827006340027,0.33561959862709045,0.3306621313095093,1.0,1.0985935121546624,2.999943670988491,1.0,1.0,-0.0,1.0,1.0,1.0,-0.0,1.0,1.0,1.0,-0.0,1.0,1.0,1.0,-0.0,1.0,1.0,1.0,-0.0,1.0,1.0,1.0,-0.0,1.0,1.0,1.0,-0.0,1.0,0.5262827277183533,0.5064384341239929
83,1640,1659,20,20,5416,5416,0,0.0,5416,0,0.0,0,95.23043670016341,70.88065359834582,0.042902500135824084,34.10306349513121,165.07579599996097,20.806263237804572,feasibility,not_applicable,-0.0018797681557343286,0.0005022008066161481,0.5206502661985509,-0.006835170101155253,0.0018174202243030509,0.0228492647080737,0.99929340411635,0.09316131114302313,0.0058823529411764705,0.7746979594230652,1.6390019655227661,0.3296019732952118,-0.006301429588347673,0.060894615948200226,1.6453032493591309,0.3150525391101837,0.9658666849136353,0.0001,0.24697738885879517,0.25216934084892273,0.25158149003982544,0.24927181005477905,1.0000000298023224,1.3862605879553216,3.9998649096229513,0.31727007031440735,0.31730425357818604,0.36542564630508423,0.9999999701976776,1.0963295907659125,2.993159716414132,1.0,1.0,-0.0,1.0,1.0,1.0,-0.0,1.0,0.333658903837204,0.3355618119239807,0.3307793140411377,1.0000000298023224,1.0985948904264553,2.9999478057290823,1.0,1.0,-0.0,1.0,1.0,1.0,-0.0,1.0,1.0,1.0,-0.0,1.0,1.0,1.0,-0.0,1.0,1.0,1.0,-0.0,1.0,1.0,1.0,-0.0,1.0,1.0,1.0,-0.0,1.0,0.5270391702651978,0.5063078999519348
84,1660,1679,20,20,4871,4871,0,0.0,4871,0,0.0,0,83.62240969995037,61.10579160251655,0.04315059958025813,29.124266707338393,154.1340562000405,20.487350287453054,feasibility,not_applicable,-0.006290696567384067,9.565875747544592e-05,0.5354051535779779,-0.011596918299600675,0.0010303210994087359,0.01075487012987013,1.000788871731077,0.12222526936078226,0.0,0.32411181926727295,1.6123754978179932,0.29855039715766907,0.0022077178582549095,0.01428994257003069,1.6101677417755127,0.30362656712532043,0.9977089762687683,0.0001,0.2469436526298523,0.25225263833999634,0.25162363052368164,0.2491801530122757,1.000000074505806,1.3862589056211172,3.999858180519061,0.31696587800979614,0.3170703649520874,0.36596378684043884,1.0000000298023224,1.0962529522920956,2.9929303340114464,1.0,1.0,-0.0,1.0,1.0,1.0,-0.0,1.0,0.3337392807006836,0.3355973958969116,0.33066338300704956,1.0000000596046448,1.0985936542200763,2.9999440971767606,1.0,1.0,-0.0,1.0,1.0,1.0,-0.0,1.0,1.0,1.0,-0.0,1.0,1.0,1.0,-0.0,1.0,1.0,1.0,-0.0,1.0,1.0,1.0,-0.0,1.0,1.0,1.0,-0.0,1.0,0.5274081230163574,0.5063530802726746
85,1680,1699,20,20,4883,4883,0,0.0,4883,0,0.0,0,83.22512069996446,62.491433999734,0.041898400289937854,27.5014756990131,150.86570199998096,20.8594251738735,feasibility,not_applicable,0.0018795898135799867,0.000411303872335173,0.5110737017609857,-0.0030254954260519958,0.0013967839352387404,0.01369724025974026,0.9988439319195686,0.11401503802845617,0.025974025974025976,1.1508018970489502,1.579842448234558,0.3382369875907898,-0.004596625920385122,0.055052194744348526,1.5844391584396362,0.3190543055534363,0.9735084772109985,0.0001,0.24703116714954376,0.2522493600845337,0.25184765458106995,0.24887175858020782,0.9999999403953552,1.3862571903407337,3.999851319646672,0.3169010877609253,0.31702855229377747,0.36607030034065247,0.9999999403953552,1.096237617598943,2.9928844386950435,1.0,1.0,-0.0,1.0,1.0,1.0,-0.0,1.0,0.3332066237926483,0.3352532386779785,0.3315400779247284,0.9999999403953552,1.0986019079135283,2.9999688578978954,1.0,1.0,-0.0,1.0,1.0,1.0,-0.0,1.0,1.0,1.0,-0.0,1.0,1.0,1.0,-0.0,1.0,1.0,1.0,-0.0,1.0,1.0,1.0,-0.0,1.0,1.0,1.0,-0.0,1.0,0.5273439288139343,0.5063319802284241
86,1700,1719,20,20,4581,4581,0,0.0,4581,0,0.0,0,78.83682210021652,58.43511779978871,0.11684889951720834,25.405115887522697,143.9979830000084,20.55782981451032,feasibility,not_applicable,6.848459533001814e-05,0.00029608371155771037,0.5488421095328199,-0.00527189475704088,0.000593421199381636,0.005228861700743437,0.9994847476482391,0.11423941528321141,0.013888888888888888,0.610080361366272,1.6012089252471924,0.30239903926849365,0.0021637401077896357,0.023281047120690346,1.5990451574325562,0.30561891198158264,0.9940728545188904,0.0001,0.24704760313034058,0.25238874554634094,0.25188133120536804,0.24868227541446686,0.9999999552965164,1.3862549254486203,3.999842260425222,0.3165816366672516,0.31685328483581543,0.366565078496933,1.0,1.0961657885612208,2.9926694704063737,1.0,1.0,-0.0,1.0,1.0,1.0,-0.0,1.0,0.3332466185092926,0.3352058231830597,0.3315475881099701,1.0000000298023224,1.098602238926164,2.9999698509256585,1.0,1.0,-0.0,1.0,1.0,1.0,-0.0,1.0,1.0,1.0,-0.0,1.0,1.0,1.0,-0.0,1.0,1.0,1.0,-0.0,1.0,1.0,1.0,-0.0,1.0,1.0,1.0,-0.0,1.0,0.5276323556900024,0.5062204599380493
87,1720,1739,20,20,4957,4957,0,0.0,4957,0,0.0,0,86.72602049983107,64.41016489849426,0.03420299990102649,29.737130402354524,152.45762800006196,20.72466086661529,feasibility,not_applicable,-0.00225265563513415,0.002954184982510737,0.5427579619945624,-0.006203142926096916,0.004877377286529503,0.04461621354596737,1.0019050225233421,0.19661677782781994,0.05128205128205128,1.3042279481887817,1.575606107711792,0.32402902841567993,-0.004114869050681591,0.06656863540410995,1.5797210931777954,0.30695146322250366,0.9577942490577698,0.0001,0.24700042605400085,0.25236228108406067,0.25177255272865295,0.24886469542980194,0.9999999552965164,1.3862562999719488,3.999847758305498,0.31666865944862366,0.3169310390949249,0.36640024185180664,0.9999999403953552,1.0961898185704415,2.9927413851453943,1.0,1.0,-0.0,1.0,1.0,1.0,-0.0,1.0,0.3327474594116211,0.33474627137184143,0.33250632882118225,1.0000000596046448,1.0986077622487653,2.9999864207726996,1.0,1.0,-0.0,1.0,1.0,1.0,-0.0,1.0,1.0,1.0,-0.0,1.0,1.0,1.0,-0.0,1.0,1.0,1.0,-0.0,1.0,1.0,1.0,-0.0,1.0,1.0,1.0,-0.0,1.0,0.5275821089744568,0.505944550037384
88,1740,1759,20,20,5404,5404,0,0.0,5404,0,0.0,0,96.36607610015199,70.1896611014381,0.035067001124843955,35.15571801480837,169.61112569994293,20.31753083883324,feasibility,not_applicable,0.0026014031513648876,0.0012016461972962134,0.5768742272082497,-0.0025665155995418043,0.004574657784884467,0.03332457985071575,0.998476496514152,0.27032870220787386,0.10588235294117647,3.482377052307129,1.6282650232315063,0.35598263144493103,-0.00606323080137372,0.05441711097955704,1.634328007698059,0.33466824889183044,0.9766324162483215,0.0001,0.24695126712322235,0.25238585472106934,0.2517837882041931,0.2488790899515152,1.0,1.3862554816223907,3.999844485033192,0.3165501356124878,0.31674543023109436,0.36670437455177307,0.9999999403953552,1.0961454056326478,2.992608471659984,1.0,1.0,-0.0,1.0,1.0,1.0,-0.0,1.0,0.3327915370464325,0.3349893093109131,0.33221906423568726,0.9999999105930328,1.0986058682359274,2.999980738765286,1.0,1.0,-0.0,1.0,1.0,1.0,-0.0,1.0,1.0,1.0,-0.0,1.0,1.0,1.0,-0.0,1.0,1.0,1.0,-0.0,1.0,1.0,1.0,-0.0,1.0,1.0,1.0,-0.0,1.0,0.5276628732681274,0.5059571862220764
89,1760,1779,20,20,5211,5211,0,0.0,5211,0,0.0,0,89.29822249989957,64.90278099756688,0.03187250066548586,33.91945809405297,162.3712224001065,20.70573168733474,feasibility,not_applicable,-0.000784581998453998,0.002900390208396413,0.5601293019405226,-0.004935679979985807,0.002060899720473993,0.025628810975609755,0.9976215395258694,0.24000533914375233,0.06707317073170732,2.6328070163726807,1.632493257522583,0.33254605531692505,-0.005242398474365473,0.06857339292764664,1.6377356052398682,0.31602075695991516,0.9574785828590393,0.0001,0.24689868092536926,0.2523292005062103,0.25186410546302795,0.24890802800655365,1.0000000149011612,1.386254912811236,3.999842209877679,0.31646931171417236,0.31668713688850403,0.36684349179267883,0.9999999403953552,1.096124938936192,2.9925472234775596,1.0,1.0,-0.0,1.0,1.0,1.0,-0.0,1.0,0.33296558260917664,0.33498960733413696,0.3320448100566864,1.0,1.0986054840121315,2.9999795861015204,1.0,1.0,-0.0,1.0,1.0,1.0,-0.0,1.0,1.0,1.0,-0.0,1.0,1.0,1.0,-0.0,1.0,1.0,1.0,-0.0,1.0,1.0,1.0,-0.0,1.0,1.0,1.0,-0.0,1.0,0.5276193618774414,0.5058128237724304
90,1780,1799,20,20,4917,4917,0,0.0,4917,0,0.0,0,85.5060501000844,62.27396960067563,0.03224489977583289,30.44041950139217,149.97392309992574,20.880756580618588,feasibility,feasibility_best,-0.0003445687183699051,0.00048531001070310217,0.5687403059625006,-0.005789317246586955,0.0009834591458799534,0.00935547353772374,0.9990168964708006,0.1355345148302905,0.025974025974025976,1.208303689956665,1.6337217092514038,0.3185473382472992,4.769624865730293e-05,0.03991362825036049,1.6336740255355835,0.32604795694351196,0.9843001961708069,0.0001,0.24696765840053558,0.2525445818901062,0.2519662380218506,0.24852153658866882,1.0000000149011612,1.3862509034527173,3.9998261731083895,0.3158465325832367,0.31606316566467285,0.36809027194976807,0.9999999701976776,1.0959378674683593,2.9919874556358335,1.0,1.0,-0.0,1.0,1.0,1.0,-0.0,1.0,0.3329727053642273,0.3351471424102783,0.3318801820278168,1.0000000298023224,1.0986039984434057,2.9999751294289796,1.0,1.0,-0.0,1.0,1.0,1.0,-0.0,1.0,1.0,1.0,-0.0,1.0,1.0,1.0,-0.0,1.0,1.0,1.0,-0.0,1.0,1.0,1.0,-0.0,1.0,1.0,1.0,-0.0,1.0,0.5282411575317383,0.5056228637695312
91,1800,1819,20,20,5147,5147,0,0.0,5147,0,0.0,0,88.73574999999255,64.88467710092664,0.03220089967362583,30.78994689299725,160.82965480000712,20.62385210852753,feasibility,not_applicable,-0.0009284563948986707,0.0007646752961186899,0.5630555851959888,-0.006176674178008128,0.0013658703659822084,0.016493055555555556,1.0004399606475123,0.1442725162976134,0.024691358024691357,0.7852815985679626,1.5969905853271484,0.34157007932662964,-0.00597405806183815,0.06084681674838066,1.6029646396636963,0.3234618008136749,0.9682666063308716,0.0001,0.24704667925834656,0.25259071588516235,0.25164034962654114,0.24872225522994995,1.0,1.3862548297232369,3.9998418775388065,0.3158756196498871,0.3162749111652374,0.36784952878952026,1.0000000596046448,1.0959744359060855,2.9920968699433255,1.0,1.0,-0.0,1.0,1.0,1.0,-0.0,1.0,0.3331899642944336,0.3347429633140564,0.33206698298454285,0.9999999105930328,1.098606864105908,2.9999837263575335,1.0,1.0,-0.0,1.0,1.0,1.0,-0.0,1.0,1.0,1.0,-0.0,1.0,1.0,1.0,-0.0,1.0,1.0,1.0,-0.0,1.0,1.0,1.0,-0.0,1.0,1.0,1.0,-0.0,1.0,0.5279786586761475,0.5057180523872375
92,1820,1839,20,20,5740,5740,0,0.0,5740,0,0.0,0,99.44449279992841,73.58042020583525,0.03458190057426691,35.63447019155137,175.75847530015744,20.857333188036243,feasibility,not_applicable,-0.0013974098385208184,0.000900446637307242,0.5663818856080373,-0.006611004608890248,0.001856308766744203,0.02238794192671776,1.0000337229834662,0.1912219356538521,0.08333333333333333,1.0683720111846924,1.5849515199661255,0.3734678626060486,-0.009524399414658546,0.06564731150865555,1.5944758653640747,0.3460235595703125,0.9691022038459778,0.0001,0.24719755351543427,0.2526986002922058,0.25175780057907104,0.24834603071212769,0.9999999850988388,1.3862524275385655,3.9998322691915007,0.3158358037471771,0.31618961691856384,0.36797451972961426,0.9999999403953552,1.0959554509440226,2.9920400656369766,1.0,1.0,-0.0,1.0,1.0,1.0,-0.0,1.0,0.33338481187820435,0.3349868059158325,0.3316284120082855,1.0000000298023224,1.098603825850966,2.9999746116559978,1.0,1.0,-0.0,1.0,1.0,1.0,-0.0,1.0,1.0,1.0,-0.0,1.0,1.0,1.0,-0.0,1.0,1.0,1.0,-0.0,1.0,1.0,1.0,-0.0,1.0,1.0,1.0,-0.0,1.0,0.5280765891075134,0.505499005317688
93,1840,1859,20,20,5261,5261,0,0.0,5261,0,0.0,0,93.49484259984456,69.23851030366495,0.03216109937056899,32.90762800257653,164.873628300149,20.3623916713753,feasibility,not_applicable,0.00039534616362617677,0.00045265388334554294,0.5692177183297743,-0.0050705037225621296,0.0015995094385376784,0.01534262048192771,0.9995075783815729,0.17114838073591152,0.018072289156626505,2.332218647003174,1.5967166423797607,0.3716689348220825,-0.00532807782292366,0.03785420209169388,1.602044701576233,0.35992369055747986,0.9896267056465149,0.0001,0.24722598493099213,0.2531200647354126,0.2518014907836914,0.24785248935222626,1.0000000298023224,1.3862438106252102,3.999797803131897,0.3148941397666931,0.315335214138031,0.36977067589759827,1.0000000298023224,1.095675047101508,2.991201203721163,1.0,1.0,-0.0,1.0,1.0,1.0,-0.0,1.0,0.3336266279220581,0.3351213037967682,0.33125197887420654,0.9999999105930328,1.098600852528314,2.99996569177679,1.0,1.0,-0.0,1.0,1.0,1.0,-0.0,1.0,1.0,1.0,-0.0,1.0,1.0,1.0,-0.0,1.0,1.0,1.0,-0.0,1.0,1.0,1.0,-0.0,1.0,1.0,1.0,-0.0,1.0,0.5292037725448608,0.5052619576454163
94,1860,1879,20,20,4492,4492,0,0.0,4492,0,0.0,0,76.39178519998677,55.0488956021145,0.042907200986519456,27.87306390237063,142.39258500002325,20.531631194191196,feasibility,not_applicable,-0.002606403646649609,0.00013186351385280739,0.5626729262966506,-0.008167200557835085,0.002684819331707459,0.02963615025223141,1.0007970500999772,0.14154489123275582,0.0,0.3895428776741028,1.62657630443573,0.309436559677124,1.8366086806054227e-05,0.013882458209991455,1.6265579462051392,0.31218478083610535,0.9979872703552246,0.0001,0.2471996545791626,0.2531571090221405,0.25177034735679626,0.24787287414073944,0.9999999850988388,1.3862434326984268,3.9997962915014647,0.31473004817962646,0.31524577736854553,0.3700241446495056,0.9999999701976776,1.095634301851472,2.991079328963135,1.0,1.0,-0.0,1.0,1.0,1.0,-0.0,1.0,0.33364859223365784,0.3350440561771393,0.3313073217868805,0.9999999701976776,1.0986015847290465,2.999967888354671,1.0,1.0,-0.0,1.0,1.0,1.0,-0.0,1.0,1.0,1.0,-0.0,1.0,1.0,1.0,-0.0,1.0,1.0,1.0,-0.0,1.0,1.0,1.0,-0.0,1.0,1.0,1.0,-0.0,1.0,0.5293821096420288,0.5054221749305725
95,1880,1899,20,20,4965,4965,0,0.0,4965,0,0.0,0,85.78988449997269,62.88858940009959,0.03424119972623885,30.545803412096575,151.22704279981554,20.947870924510276,feasibility,feasibility_best,-0.001193234422363532,0.00011819626765011494,0.5352287487341807,-0.0064864233957054335,0.0014973075568634204,0.015124198717948718,1.0011052569517722,0.16617975992938647,0.0,0.42186495661735535,1.6230988502502441,0.30293768644332886,0.0005998961860314012,0.01213432103395462,1.622498869895935,0.306305855512619,0.998395562171936,0.0001,0.24708186089992523,0.25353682041168213,0.2515585124492645,0.24782277643680573,0.9999999701976776,1.3862379947301644,3.9997745407953156,0.31446924805641174,0.3149072527885437,0.37062352895736694,1.0000000298023224,1.0955370781761975,2.990788539373781,1.0,1.0,-0.0,1.0,1.0,1.0,-0.0,1.0,0.33377525210380554,0.3352348506450653,0.33098986744880676,0.9999999701976776,1.098598322430468,2.9999581015796575,1.0,1.0,-0.0,1.0,1.0,1.0,-0.0,1.0,1.0,1.0,-0.0,1.0,1.0,1.0,-0.0,1.0,1.0,1.0,-0.0,1.0,1.0,1.0,-0.0,1.0,1.0,1.0,-0.0,1.0,0.5307736992835999,0.5061390399932861
96,1900,1919,20,20,5460,5460,0,0.0,5460,0,0.0,0,93.16504190000705,69.22381990030408,0.03494119946844876,32.746380696538836,170.2674985001795,20.726368852175916,feasibility,not_applicable,0.0017597487299204912,0.0023002526002020986,0.5318588910754337,-0.0024087137602226334,0.0027206622126382278,0.028742732566803,1.0005628667598547,0.1826668728771078,0.005813953488372093,0.607973039150238,1.5391583442687988,0.35356253385543823,-0.003944197203963995,0.05939071625471115,1.5431026220321655,0.34640422463417053,0.9717833995819092,0.0001,0.24714402854442596,0.25344476103782654,0.25136804580688477,0.24804317951202393,1.0000000149011612,1.3862429521136916,3.9997943692608855,0.31480860710144043,0.31531333923339844,0.36987799406051636,0.9999999403953552,1.0956577955805622,2.9911496013960543,1.0,1.0,-0.0,1.0,1.0,1.0,-0.0,1.0,0.33385926485061646,0.33538496494293213,0.33075568079948425,0.9999999105930328,1.0985955720603535,2.999949850595897,1.0,1.0,-0.0,1.0,1.0,1.0,-0.0,1.0,1.0,1.0,-0.0,1.0,1.0,1.0,-0.0,1.0,1.0,1.0,-0.0,1.0,1.0,1.0,-0.0,1.0,1.0,1.0,-0.0,1.0,0.5302000045776367,0.5061722993850708
97,1920,1939,20,20,5305,5305,0,0.0,5305,0,0.0,0,92.68219799990766,68.62637740140781,0.03403480025008321,32.87568480079062,163.31665870011784,20.722748798117863,feasibility,not_applicable,-0.0015273420308458518,0.0007267701046833073,0.5288737699928054,-0.006452694728813437,0.002040612033052168,0.02527214119951409,0.9986289811421589,0.10879836520965559,0.006024096385542169,0.7133190631866455,1.6641255617141724,0.32286810874938965,-0.004592239391058683,0.056129347532987595,1.668717622756958,0.29698997735977173,0.969777524471283,0.0001,0.2472245991230011,0.2532601058483124,0.25166839361190796,0.24784688651561737,0.9999999850988388,1.3862428742961468,3.9997940580067195,0.3149247169494629,0.31546348333358765,0.36961182951927185,1.0000000298023224,1.095700323981843,2.9912768129116256,1.0,1.0,-0.0,1.0,1.0,1.0,-0.0,1.0,0.33395329117774963,0.3354906439781189,0.3305560052394867,0.9999999403953552,1.0985931380574798,2.999942548718226,1.0,1.0,-0.0,1.0,1.0,1.0,-0.0,1.0,1.0,1.0,-0.0,1.0,1.0,1.0,-0.0,1.0,1.0,1.0,-0.0,1.0,1.0,1.0,-0.0,1.0,1.0,1.0,-0.0,1.0,0.5298080444335938,0.5064221024513245
98,1940,1959,20,20,4984,4984,0,0.0,4984,0,0.0,0,86.15820219996385,62.91568889957853,0.041444499976933,31.111510392744094,156.70953139988706,20.521458022133327,feasibility,not_applicable,-0.0008895846847922374,0.00014591394658334769,0.573431494526374,-0.0065509427491074,0.0015532889594443333,0.017971611736963194,0.9999667448111069,0.1619103511508841,0.0,0.47160619497299194,1.6604421138763428,0.3038255274295807,0.0011168408673256636,0.015350759960711002,1.6593252420425415,0.29951903223991394,0.9974472522735596,0.0001,0.24714677035808563,0.25341060757637024,0.251760870218277,0.24768175184726715,1.0,1.3862378888280484,3.999774117210751,0.31418538093566895,0.31519708037376404,0.3706175684928894,1.0000000298023224,1.0955373925417877,2.990789479574933,1.0,1.0,-0.0,1.0,1.0,1.0,-0.0,1.0,0.3341742157936096,0.33592554926872253,0.32990020513534546,0.9999999701976776,1.0985834320820933,2.9999134314909925,1.0,1.0,-0.0,1.0,1.0,1.0,-0.0,1.0,1.0,1.0,-0.0,1.0,1.0,1.0,-0.0,1.0,1.0,1.0,-0.0,1.0,1.0,1.0,-0.0,1.0,1.0,1.0,-0.0,1.0,0.5303035378456116,0.5069887638092041
99,1960,1979,20,20,5292,5292,0,0.0,5292,0,0.0,0,88.80465500010177,66.6320483989548,0.033567799953743815,31.509562998544425,167.2637881000992,20.66634973029149,feasibility,not_applicable,-0.0011845631244401615,0.00016261892404101496,0.5237864209226815,-0.006341117226619677,0.002132026399401611,0.023617196065115642,0.9988020392785589,0.13070761879165488,0.024096385542168676,1.070393443107605,1.6305313110351562,0.3014788031578064,0.0017668658401817083,0.020460788160562515,1.6287645101547241,0.2990351915359497,0.9953939318656921,0.0001,0.2470647543668747,0.25344884395599365,0.25185614824295044,0.24763022363185883,0.9999999701976776,1.3862352291122046,3.999763478962307,0.3137294054031372,0.31511011719703674,0.3711603879928589,0.9999999105930328,1.0954472459462623,2.9905198822372396,1.0,1.0,-0.0,1.0,1.0,1.0,-0.0,1.0,0.33413127064704895,0.336160808801651,0.32970792055130005,1.0,1.0985795889162782,2.9999019023483986,1.0,1.0,-0.0,1.0,1.0,1.0,-0.0,1.0,1.0,1.0,-0.0,1.0,1.0,1.0,-0.0,1.0,1.0,1.0,-0.0,1.0,1.0,1.0,-0.0,1.0,1.0,1.0,-0.0,1.0,0.5304229855537415,0.5075094699859619
100,1980,1999,20,20,4965,4965,0,0.0,4965,0,0.0,0,87.3386032001581,63.90561449970119,0.035257700365036726,31.57972250226885,151.78468680009246,20.76334764378157,feasibility,not_applicable,-0.005344213798451118,0.004242409142301394,0.6333993339003661,-0.009557003134455627,0.009973620495890291,0.0702691875063838,0.9957329340470142,0.18433787463567194,0.01282051282051282,1.0057400465011597,1.621346116065979,0.33873385190963745,-0.005868493113666773,0.07436317950487137,1.6272146701812744,0.3187255263328552,0.9518053531646729,0.0001,0.24711449444293976,0.25346580147743225,0.2518307864665985,0.2475889027118683,0.9999999850988388,1.3862353737378765,3.9997640574308293,0.31373217701911926,0.31515762209892273,0.3711102604866028,1.0000000596046448,1.0954554806917534,2.9905445085087514,1.0,1.0,-0.0,1.0,1.0,1.0,-0.0,1.0,0.3340664207935333,0.3361402153968811,0.3297933340072632,0.9999999701976776,1.0985808310545573,2.9999056286436994,1.0,1.0,-0.0,1.0,1.0,1.0,-0.0,1.0,1.0,1.0,-0.0,1.0,1.0,1.0,-0.0,1.0,1.0,1.0,-0.0,1.0,1.0,1.0,-0.0,1.0,1.0,1.0,-0.0,1.0,0.530203640460968,0.5077257752418518
