update_id,episode_start,episode_end,episode_count,parallel_envs,transition_count,environment_step_count,forced_action_count,forced_action_ratio,worker_step_command_count,worker_local_physical_forced_action_count,worker_local_physical_forced_share,estimated_worker_step_round_trips_avoided,sampling_wall_time_seconds,policy_inference_time_seconds,generation_time_seconds,environment_step_time_seconds,ppo_update_time_seconds,transitions_per_second,reward_phase,candidate_status,policy_loss,value_loss,entropy,loss,approx_kl,clip_fraction,ratio_mean,gradient_norm,gradient_clipped_fraction,gradient_norm_max,return_mean,return_std,advantage_mean,advantage_std,value_prediction_mean,value_prediction_std,pre_update_explained_variance,learning_rate,policy_head_weight_production_processing_time_norm,policy_head_weight_production_reconfiguration_time_norm,policy_head_weight_production_fixed_reconfiguration_cost_norm,policy_head_weight_production_estimated_labor_cost_norm,policy_head_weight_production_estimated_downtime_cost_norm,policy_head_weight_production_horizon_slack_norm,policy_head_weight_worker_stage_duration_norm,policy_head_weight_worker_projected_fatigue_ratio,policy_head_weight_worker_incremental_labor_cost_norm,policy_head_weight_worker_incremental_downtime_cost_norm,policy_head_weight_worker_incremental_load_variance_norm,policy_head_gate_production_common,policy_head_gate_production_residual,policy_head_gate_worker_common,policy_head_gate_worker_residual
1,0,9,10,10,6532,6532,0,0.0,6532,0,0.0,0,48.034457899979316,28.316426497825887,3.823991800076328,6.031481998856179,55.18106040003477,63.285057398186886,feasibility,feasibility_best,0.003647292211416711,0.0072854619724133495,0.12778677039969605,0.006012155144877768,0.0021112849415976156,0.0167627427184466,0.9995849910870339,0.27042359567599966,0.08737864077669903,1.8336427211761475,0.19912387430667877,0.13876178860664368,0.0416913703083992,0.13695183396339417,0.15743248164653778,0.031755004078149796,0.025916993618011475,0.0001,-0.3005127012729645,-0.3012085258960724,-0.20060132443904877,-0.20084640383720398,-0.20083720982074738,0.30086731910705566,-0.30145955085754395,-0.3012922406196594,-0.20024023950099945,-0.20106413960456848,-0.19973403215408325,0.017956579104065895,0.11927612870931625,0.01798621006309986,0.11898043751716614
2,10,19,10,10,1966,1966,0,0.0,1966,0,0.0,0,9.406635000021197,7.696206799941137,1.2614738999982364,1.5033956016413867,15.252857999992557,79.7258889304376,feasibility,not_applicable,-0.001568061975581992,0.005268430817992457,0.4551793360902417,-0.0034856395533068045,0.003569221747438273,0.0421743513715844,0.9989683945332805,0.47517804513054507,0.3387096774193548,1.7477539777755737,0.4977223873138428,0.19698603451251984,0.16717323660850525,0.09078360348939896,0.3305491507053375,0.125625878572464,0.7876051664352417,0.0001,-0.3003438413143158,-0.3018565773963928,-0.20114827156066895,-0.2013043314218521,-0.20126715302467346,0.3012351989746094,-0.3012731075286865,-0.30159494280815125,-0.20001289248466492,-0.20093709230422974,-0.19990019500255585,0.017994040623307228,0.11980787664651871,0.01798621006309986,0.1193222925066948
3,20,29,10,10,2201,2201,0,0.0,2201,0,0.0,0,10.813890099991113,8.887360499531496,1.1285832000430673,1.67983600118896,18.094367999990936,76.1374134819063,feasibility,phase_transition,-0.00010212304602776255,0.005055937530206782,0.44502553726945604,-0.002024410219330873,0.0012750886519955072,0.0203125,1.0001758277416228,0.4782693978931223,0.34285714285714286,1.6387109756469727,0.652169942855835,0.22759194672107697,0.14289513230323792,0.07985009253025055,0.5092747807502747,0.19120925664901733,0.8769059181213379,0.0001,-0.30040431022644043,-0.30217108130455017,-0.20141516625881195,-0.20153401792049408,-0.20151746273040771,0.3014523684978485,-0.3012586832046509,-0.30158406496047974,-0.20020771026611328,-0.2009127289056778,-0.20031875371932983,0.01797429658472538,0.11996923387050629,0.01798621006309986,0.11945895105600357
4,30,39,10,10,2301,2301,0,0.0,2301,0,0.0,0,11.193290700030047,9.306123699003365,1.2569532999186777,1.8264059974462725,19.40745150001021,75.19425460200023,quality,promoted,0.0004931926830775208,0.004082179340508042,0.44515105461080867,-0.0019172275529450013,0.0012485608515109764,0.01759947060296933,1.0005071916513972,0.3808461984412538,0.25,1.4049879312515259,0.7429450750350952,0.26633480191230774,0.12413175404071808,0.07400120049715042,0.6188133358955383,0.2413027286529541,0.9227992296218872,0.0001,-0.30034971237182617,-0.30247199535369873,-0.2018032670021057,-0.20175111293792725,-0.20167052745819092,0.3018048107624054,-0.3010577857494354,-0.30145877599716187,-0.19993901252746582,-0.20083153247833252,-0.20047931373119354,0.017953652888536453,0.12065873295068741,0.01798621006309986,0.11919716000556946
5,40,49,10,10,2334,2334,0,0.0,2334,0,0.0,0,11.747275399975479,9.505383199837524,1.709792600129731,1.9006754009751603,19.906113800010644,73.73617988436521,quality,not_promoted,0.00010289470791011243,0.0032414750910263407,0.4725180614638973,-0.0030015474751692367,0.0017040958584795983,0.02322635135135135,1.0013628755066846,0.3996710652435148,0.33783783783783783,1.1772289276123047,0.9167888164520264,0.2809361219406128,0.1122254803776741,0.07403013110160828,0.8045633435249329,0.27178290486335754,0.9305612444877625,0.0001,-0.3005032539367676,-0.30309614539146423,-0.2021787464618683,-0.20220611989498138,-0.202072873711586,0.30235999822616577,-0.30105558037757874,-0.30129167437553406,-0.20027990639209747,-0.20086143910884857,-0.20045894384384155,0.01795743778347969,0.12099253386259079,0.01798621006309986,0.11918266862630844
6,50,59,10,10,2172,2172,0,0.0,2172,0,0.0,0,10.508030600030906,8.706371698295698,1.262673800054472,1.616959000879433,17.682946600019932,77.04592801402015,quality,not_promoted,-0.0006967467420241412,0.0028240522463901844,0.44083160074318156,-0.0036930362043409225,0.0007986447642050574,0.011795343201169196,1.0001005600480473,0.3535337013137691,0.22058823529411764,1.1189764738082886,1.0417275428771973,0.2241717427968979,0.10223226994276047,0.07133748382329941,0.9394952058792114,0.23145724833011627,0.8987316489219666,0.0001,-0.3006061017513275,-0.30355921387672424,-0.20256522297859192,-0.20252645015716553,-0.20248468220233917,0.3027569651603699,-0.30111488699913025,-0.30111104249954224,-0.20016959309577942,-0.2008664906024933,-0.2006617784500122,0.01796684041619301,0.12129127979278564,0.01798621006309986,0.11927168816328049
7,60,69,10,10,2284,2284,0,0.0,2284,0,0.0,0,11.556714300008025,9.218135299917776,1.5468914000084624,1.8399215004174039,19.017823700036388,74.70268234295747,quality,not_promoted,-0.00017412336698422828,0.0020215616297921063,0.4901246378819148,-0.004064589331392199,0.001170339755238577,0.013869160372349951,0.9995754030015733,0.35101878275680876,0.1527777777777778,1.0309326648712158,1.0928691625595093,0.2576877176761627,0.09395085275173187,0.06510357558727264,0.998918354511261,0.26287513971328735,0.9361703991889954,0.0001,-0.30112722516059875,-0.30445635318756104,-0.20291757583618164,-0.20314867794513702,-0.2030174881219864,0.30357301235198975,-0.3016524612903595,-0.3013254404067993,-0.2001737803220749,-0.20122884213924408,-0.20107193291187286,0.017982402816414833,0.12163127213716507,0.01798621006309986,0.11967667192220688
8,70,79,10,10,1971,1971,0,0.0,1971,0,0.0,0,16.922449599951506,7.690358400112018,8.621257999970112,1.6207654997706413,15.356776000000536,61.06094441134698,quality,promoted,0.00041699241245946576,0.0013700305623182607,0.42827739109916074,-0.00318076582475295,0.0010280867199687618,0.014112903225806451,0.998708620186775,0.24213644135142526,0.06451612903225806,0.973717451095581,1.258959174156189,0.19981104135513306,0.07657092809677124,0.06846368312835693,1.182388186454773,0.19228461384773254,0.8825963735580444,0.0001,-0.30113649368286133,-0.3050699234008789,-0.20329606533050537,-0.2035854607820511,-0.20342516899108887,0.30390363931655884,-0.301561176776886,-0.3009813725948334,-0.20013676583766937,-0.20116719603538513,-0.20112010836601257,0.017999913543462753,0.12199567258358002,0.01798621006309986,0.11973253637552261
9,80,89,10,10,2111,2111,0,0.0,2111,0,0.0,0,10.349355299957097,8.459238401032053,1.3025711998925544,1.6774615984759293,17.639103699999396,75.42394527699011,quality,not_promoted,0.0012277199068304265,0.0014214679395081475,0.45002634913632367,-0.002561809636200919,0.0006779857581436359,0.007575757575757576,0.9997099114186836,0.2982650459038489,0.13636363636363635,0.7208685874938965,1.2905082702636719,0.24519503116607666,0.06512360274791718,0.06776562333106995,1.2253847122192383,0.24603977799415588,0.9236171841621399,0.0001,-0.3014284074306488,-0.3054942786693573,-0.20354516804218292,-0.20387496054172516,-0.20373842120170593,0.30424195528030396,-0.30172568559646606,-0.301169216632843,-0.2002163976430893,-0.20129609107971191,-0.2014382928609848,0.018029125407338142,0.12217143177986145,0.01798621006309986,0.11980008333921432
10,90,99,10,10,1998,1998,0,0.0,1998,0,0.0,0,9.712908899993636,7.970459300209768,1.1213054999825545,1.5452052998589352,16.30543419998139,76.79197681123352,quality,not_promoted,0.0008096194651443511,0.0012290309668969712,0.41385438898578286,-0.0027144087762280833,0.0025203681550465262,0.036376953125,1.001857852563262,0.2605252441717312,0.09375,0.7497827410697937,1.3244743347167969,0.20705954730510712,0.05155196785926819,0.05542507767677307,1.2729225158691406,0.19836179912090302,0.9283490180969238,0.0001,-0.30138441920280457,-0.3057030439376831,-0.20354288816452026,-0.2040088176727295,-0.20386338233947754,0.30417323112487793,-0.30237990617752075,-0.3016034662723541,-0.20063167810440063,-0.20173178613185883,-0.2018849104642868,0.018018094822764397,0.12221456319093704,0.01798621006309986,0.12016437947750092
11,100,109,10,10,2091,2091,0,0.0,2091,0,0.0,0,10.442423700005747,8.247101100103464,1.6560856999712996,1.6147261009318754,16.83178529998986,76.66583474521065,quality,not_promoted,0.001315109474076466,0.001122860361426843,0.4027023938569156,-0.0021504844242537565,0.00115472410140104,0.018229166666666668,0.9998651715842161,0.2489540676840327,0.045454545454545456,0.5658921003341675,1.378830909729004,0.23524489998817444,0.04659109562635422,0.05749700218439102,1.3322399854660034,0.2228206843137741,0.9402620792388916,0.0001,-0.30143409967422485,-0.30613645911216736,-0.2040211707353592,-0.20429201424121857,-0.20418791472911835,0.30452316999435425,-0.3025835156440735,-0.30162712931632996,-0.20088258385658264,-0.20181211829185486,-0.20217470824718475,0.018012916669249535,0.1224721297621727,0.01798621006309986,0.12020409107208252
12,110,119,10,10,3123,3123,0,0.0,3123,0,0.0,0,16.704218800005037,12.84610130067449,1.4924776999978349,2.365652697510086,26.658756699995138,72.01996551182212,quality,not_promoted,-1.1708656306929734e-05,0.0007101347743015623,0.3131038151225265,-0.0027876794575808607,0.0008661138319662221,0.013274059630930424,0.9999891604696002,0.23101089560255714,0.05102040816326531,0.92488032579422,1.4570627212524414,0.22849054634571075,0.03270665556192398,0.05058913677930832,1.4243561029434204,0.2352948635816574,0.950979471206665,0.0001,-0.30173003673553467,-0.3070312440395355,-0.20474299788475037,-0.204899862408638,-0.20492921769618988,0.3051581084728241,-0.30277931690216064,-0.3023390769958496,-0.20089009404182434,-0.20219533145427704,-0.20241296291351318,0.01804102398455143,0.12312004715204239,0.01798621006309986,0.12023255228996277
13,120,129,10,10,2238,2238,0,0.0,2238,0,0.0,0,10.876911400002427,8.940742999897338,1.3264026999822818,1.7412769000511616,18.46511190000456,76.27285879769127,quality,not_promoted,0.00047765528517110007,0.0007954280075084951,0.4270944295184953,-0.0033955755144623773,0.0013329642945401636,0.017201900907925196,1.001031585250582,0.2789204998740128,0.1,0.791540801525116,1.4553333520889282,0.251217246055603,0.031013410538434982,0.046169161796569824,1.424320101737976,0.23578330874443054,0.9662242531776428,0.0001,-0.3012193739414215,-0.3074398636817932,-0.2050332874059677,-0.20517699420452118,-0.20520126819610596,0.30521342158317566,-0.30281054973602295,-0.3023529648780823,-0.2006494551897049,-0.20226500928401947,-0.20274034142494202,0.018031319603323936,0.12324579805135727,0.01798621006309986,0.12084818631410599
14,130,139,10,10,2291,2291,0,0.0,2291,0,0.0,0,12.305871399992611,9.156810500426218,1.6642097000731155,1.9270431995973922,18.737200000032317,73.80068713169149,quality,not_promoted,-0.00010991527233272791,0.0005630219930026215,0.37531965350111324,-0.0035816007423111135,0.0006252566381590441,0.009225217884199487,0.999486640923553,0.26041512387908167,0.06944444444444445,0.6514958739280701,1.4524579048156738,0.2500179409980774,0.01828865520656109,0.03892708569765091,1.4341692924499512,0.23870275914669037,0.9757583737373352,0.0001,-0.30175772309303284,-0.30770131945610046,-0.20519240200519562,-0.20530742406845093,-0.20524099469184875,0.3057982921600342,-0.30345988273620605,-0.30272284150123596,-0.20057734847068787,-0.2027551531791687,-0.20301148295402527,0.01802382804453373,0.12342707812786102,0.01798621006309986,0.12103592604398727
15,140,149,10,10,2190,2190,0,0.0,2190,0,0.0,0,10.578249700018205,8.70533849997446,1.2547491000732407,1.6640122012468055,17.638027800014243,77.61477395441271,quality,not_promoted,-0.005882254482379981,0.0004628744851548358,0.38782821467944556,-0.009529099344009799,0.001160158691761483,0.013392857142857142,1.0010129485811505,0.19728178791701795,0.02857142857142857,0.6669335961341858,1.513729453086853,0.2606492340564728,0.010959151200950146,0.03549819439649582,1.5027705430984497,0.25639408826828003,0.9814518690109253,0.0001,-0.3019404709339142,-0.30782628059387207,-0.205129012465477,-0.2053987681865692,-0.20522010326385498,0.30592241883277893,-0.30386683344841003,-0.30336278676986694,-0.2001258134841919,-0.203070729970932,-0.20389647781848907,0.018001776188611984,0.12349467724561691,0.01798621006309986,0.12158609926700592
16,150,159,10,10,2321,2321,0,0.0,2321,0,0.0,0,19.853902800008655,9.357130800315645,10.037232800095808,1.73081439913949,19.711475599964615,58.66239863894662,quality,not_promoted,-0.0016894977338410713,0.0004306216493156122,0.41829670482390635,-0.005657154022137055,0.001219342615316949,0.017736486486486486,0.9998235106468201,0.20565214566886425,0.02702702702702703,0.6693954467773438,1.4990350008010864,0.24832339584827423,0.016094841063022614,0.03320583328604698,1.4829400777816772,0.2420659065246582,0.9821189045906067,0.0001,-0.3018141984939575,-0.307866632938385,-0.2053748220205307,-0.20542705059051514,-0.20519907772541046,0.30593445897102356,-0.304373562335968,-0.3038024604320526,-0.19987943768501282,-0.20340469479560852,-0.2045510858297348,0.018015936017036438,0.12354932725429535,0.01798621006309986,0.12209545075893402
17,160,169,10,10,2196,2196,0,0.0,2196,0,0.0,0,11.137977900041733,8.784054200572427,1.6522256000316702,1.7113179005682468,17.955790299980436,75.4800816759902,quality,not_promoted,-0.0007634740256305251,0.0002750001891399734,0.38108850632395064,-0.004436859192459711,0.00046074066943089875,0.006741071439215115,1.000670381954738,0.21260758207312652,0.05714285714285714,0.6060431003570557,1.5038788318634033,0.2649948298931122,0.005349994637072086,0.022338125854730606,1.4985287189483643,0.2588714063167572,0.9928941130638123,0.0001,-0.3019072413444519,-0.308104544878006,-0.20571136474609375,-0.20558984577655792,-0.20543304085731506,0.30630138516426086,-0.3046203553676605,-0.3041643500328064,-0.19973382353782654,-0.2035863697528839,-0.20493561029434204,0.018046515062451363,0.12364507466554642,0.01798621006309986,0.12250939011573792
18,170,179,10,10,1878,1878,0,0.0,1878,0,0.0,0,9.231543500034604,7.471842900442425,1.1644220001180656,1.4181477995589375,14.731002600048669,78.3723061880087,quality,not_promoted,-4.880040263136228e-05,0.0002889993003918789,0.42938760221004485,-0.004198176374969383,0.00022087077450123617,0.0020833333333333333,0.9998042871554692,0.17122785126169524,0.0,0.45873865485191345,1.5168763399124146,0.28614795207977295,0.0002723392390180379,0.02260711044073105,1.5166041851043701,0.2822759449481964,0.9937582015991211,0.0001,-0.3020590841770172,-0.3083624541759491,-0.20589283108711243,-0.20577293634414673,-0.20558813214302063,0.3068082630634308,-0.30477842688560486,-0.3046662211418152,-0.19958503544330597,-0.20363952219486237,-0.20544373989105225,0.018029382452368736,0.1237497553229332,0.01798621006309986,0.12267941236495972
19,180,189,10,10,1809,1809,0,0.0,1809,0,0.0,0,8.68833989999257,7.035941800044384,1.0996483999770135,1.4019701004726812,13.920981300005224,80.01124775033833,quality,not_promoted,0.000645272642502497,0.0001728120826963528,0.4112801577510505,-0.003381123308670418,0.00039322958346882185,0.0042469574074293,0.9988922692578415,0.1943743545562029,0.034482758620689655,0.9591095447540283,1.4966728687286377,0.2711421251296997,-0.0007890554843470454,0.0173626895993948,1.4974619150161743,0.27104392647743225,0.995899498462677,0.0001,-0.30158036947250366,-0.30865320563316345,-0.20612674951553345,-0.20598137378692627,-0.20579151809215546,0.3067934513092041,-0.3045516312122345,-0.30440554022789,-0.19947151839733124,-0.20344094932079315,-0.20562008023262024,0.01802055537700653,0.12394019961357117,0.01798621006309986,0.12273234128952026
20,190,199,10,10,1797,1797,0,0.0,1797,0,0.0,0,8.637400699954014,7.00043080089381,1.1362378998310305,1.4518265010556206,13.981092000030912,79.44826491471721,quality,not_promoted,-0.007014825137267853,0.00019922045637564412,0.41942950389508543,-0.01110951123951838,0.0007792691145164883,0.012122844827586207,0.998921175455225,0.15125654747003112,0.017241379310344827,0.5031410455703735,1.4692108631134033,0.286731094121933,-0.004109971225261688,0.017208855599164963,1.4733208417892456,0.2910909652709961,0.9963979125022888,0.0001,-0.30190509557724,-0.30892762541770935,-0.206410750746727,-0.20624320209026337,-0.20600031316280365,0.30738508701324463,-0.3047218322753906,-0.30420103669166565,-0.19941969215869904,-0.20355647802352905,-0.20577672123908997,0.018020352348685265,0.12408368289470673,0.01798621006309986,0.1228286623954773
21,200,209,10,10,1968,1968,0,0.0,1968,0,0.0,0,9.623349800007418,7.785878299677279,1.22898349998286,1.4966476996196434,15.395780300023034,78.65980919926567,quality,not_promoted,-0.00020228170098796967,0.00017722336410623676,0.3654015705950798,-0.003767685251190297,0.00020446025725519694,0.0025201612903225806,1.000238429154119,0.1505106927887086,0.0,0.3325427174568176,1.4900758266448975,0.29641392827033997,0.0006291078170761466,0.015691835433244705,1.489446759223938,0.2955414652824402,0.9971974492073059,0.0001,-0.3020084500312805,-0.30939117074012756,-0.20673057436943054,-0.20657211542129517,-0.20634950697422028,0.307633638381958,-0.30493515729904175,-0.3040965795516968,-0.1994638741016388,-0.20370365679264069,-0.20602424442768097,0.018031802028417587,0.12435580790042877,0.01798621006309986,0.12291454523801804
22,210,219,10,10,1805,1805,0,0.0,1805,0,0.0,0,8.79197269998258,6.958397100213915,1.5356211999314837,1.3967425012378953,13.756757000053767,80.0488552575576,quality,not_promoted,-0.005708316870932949,0.00015501416456917752,0.3938225705561967,-0.009569034494202712,0.0007803463883287741,0.013469827586206896,1.0014568238422787,0.15230306719654593,0.0,0.4926736056804657,1.506687045097351,0.28877267241477966,-0.0011017783544957638,0.015886949375271797,1.5077887773513794,0.29317766427993774,0.9969732761383057,0.0001,-0.3020777106285095,-0.3098123073577881,-0.20703473687171936,-0.20685850083827972,-0.206637442111969,0.30779537558555603,-0.305440753698349,-0.30430418252944946,-0.19950991868972778,-0.20405402779579163,-0.20635457336902618,0.018044322729110718,0.12452787160873413,0.01798621006309986,0.12305208295583725
23,220,229,10,10,2530,2530,0,0.0,2530,0,0.0,0,13.05014750000555,10.40764769987436,1.2716835999162868,1.9060851022368297,21.670071700005792,72.86820355094916,quality,not_promoted,-0.0013891084934584796,0.0001675672851888521,0.3470186129212379,-0.004775510414037854,0.00037348656915128233,0.0060546875,1.000217615067959,0.16262219790369273,0.0125,0.5269359350204468,1.5249301195144653,0.26511603593826294,-0.00010129084694199264,0.012944710440933704,1.5250314474105835,0.2667447030544281,0.9976159930229187,0.0001,-0.3028387427330017,-0.310325562953949,-0.20743942260742188,-0.2072102278470993,-0.20693136751651764,0.3088042438030243,-0.3058828115463257,-0.3045082092285156,-0.1996890902519226,-0.20431844890117645,-0.20692619681358337,0.018028151243925095,0.12470491230487823,0.01798621006309986,0.12335669994354248
24,230,239,10,10,1932,1932,0,0.0,1932,0,0.0,0,9.555591599957552,7.646677499811631,1.2699434999958612,1.437128797697369,14.933268199965823,78.8930156726221,quality,not_promoted,0.0009282014723266325,0.00018283293525934324,0.41440618903406207,-0.0031244438667331013,4.522755406535526e-05,0.0,1.000299648892495,0.15069123675986643,0.0,0.3482239544391632,1.5207016468048096,0.2755734920501709,-0.0009389896295033395,0.01643126830458641,1.5216405391693115,0.2817588150501251,0.9964447617530823,5e-05,-0.3029012084007263,-0.31015995144844055,-0.20725975930690765,-0.20708945393562317,-0.2068251669406891,0.3086634874343872,-0.3060275912284851,-0.3046589195728302,-0.19965636730194092,-0.2044180929660797,-0.20713511109352112,0.018009014427661896,0.12461477518081665,0.01798621006309986,0.12337929755449295
25,240,249,10,10,1720,1720,0,0.0,1720,0,0.0,0,8.08863819995895,6.530024100386072,1.1737749999156222,1.3633492984226905,12.805282199988142,82.32059695242044,quality,not_promoted,-0.00014829155730290545,0.00017499465846210823,0.4013658027957987,-0.004074451423043178,0.0004359035250403125,0.00636574074074074,0.9987872540950775,0.1385825657872138,0.0,0.3972027897834778,1.4450125694274902,0.26692065596580505,-0.0012296868953853846,0.013978117145597935,1.4462422132492065,0.26832208037376404,0.9972575902938843,5e-05,-0.30309897661209106,-0.31048327684402466,-0.2074284851551056,-0.20731839537620544,-0.20702002942562103,0.30901727080345154,-0.30615249276161194,-0.304724782705307,-0.19972825050354004,-0.20450378954410553,-0.20725807547569275,0.018020015209913254,0.12475919723510742,0.01798621006309986,0.12339107692241669
26,250,259,10,10,2141,2141,0,0.0,2141,0,0.0,0,10.906045100011397,8.594510700029787,1.850734700099565,1.5874220004188828,17.32758639997337,75.8315486267204,quality,not_promoted,0.00038996591020430275,0.00015416252491002737,0.3703727557816926,-0.003236679647884825,0.0002716340222096893,0.001838235294117647,1.0001485102316912,0.1531638305853395,0.0,0.47414156794548035,1.5116385221481323,0.26607745885849,0.0018384683644399047,0.01328524574637413,1.5098000764846802,0.266377717256546,0.9975069761276245,5e-05,-0.30334123969078064,-0.31055137515068054,-0.20754845440387726,-0.20736698806285858,-0.20708516240119934,0.30911555886268616,-0.30638596415519714,-0.3050048351287842,-0.19976302981376648,-0.204644575715065,-0.20759770274162292,0.018011637032032013,0.1248655840754509,0.01798621006309986,0.12355925887823105
27,260,269,10,10,2354,2354,0,0.0,2354,0,0.0,0,13.486587500025053,9.52036609937204,2.031607199984137,1.6293320005061105,18.399875900009647,73.8244304634122,quality,not_promoted,-0.000396789177446752,0.0001373661562448015,0.2885245382785797,-0.0032133516459096527,0.0002821776058128209,0.00316722972972973,0.9998805104075251,0.1358833238985893,0.013513513513513514,0.6025990843772888,1.482864499092102,0.2532047927379608,0.0017403170932084322,0.012199874967336655,1.4811241626739502,0.25396183133125305,0.9976785182952881,5e-05,-0.30366018414497375,-0.3105284571647644,-0.20756393671035767,-0.20735718309879303,-0.2070532739162445,0.3092350661754608,-0.3066718876361847,-0.3052351176738739,-0.19972465932369232,-0.20482851564884186,-0.2077954262495041,0.018017956987023354,0.12487325817346573,0.01798621006309986,0.12362051010131836
28,270,279,10,10,2024,2024,0,0.0,2024,0,0.0,0,18.261749500001315,8.072893800330348,9.504470700048842,1.5047187000745907,16.42206959996838,58.35574202962466,quality,not_promoted,-0.00025969353737309575,0.0001479819195537857,0.3644138474483043,-0.003829841014521662,0.00042553386811050586,0.006005859380820766,0.9996100664138794,0.12447289231931791,0.0,0.4665078818798065,1.514103889465332,0.26850712299346924,5.216049248701893e-05,0.013043176382780075,1.5140517950057983,0.268837571144104,0.9976403117179871,5e-05,-0.30372700095176697,-0.3105001747608185,-0.2074589878320694,-0.2073315680027008,-0.20703759789466858,0.3092363774776459,-0.30714091658592224,-0.305753231048584,-0.19951511919498444,-0.2051379233598709,-0.2082761973142624,0.018020059913396835,0.12482554465532303,0.01798621006309986,0.12376874685287476
29,280,289,10,10,6543,6543,0,0.0,6543,0,0.0,0,46.92709599999944,28.130035101086833,1.9010735000483692,8.407183997973334,54.06289780000225,64.7885969075076,quality,not_promoted,-0.0005546205505294707,0.010045533848771581,0.10462465041398424,0.0034218999429761875,8.25041199018721e-06,0.0,0.9999968771216938,0.24450632835765487,0.09223300970873786,0.8482512831687927,1.5344549417495728,0.24016378819942474,-0.009251461364328861,0.1001964882016182,1.5437064170837402,0.20698963105678558,0.825943648815155,5e-05,-0.30374228954315186,-0.31052398681640625,-0.20746122300624847,-0.20734748244285583,-0.20704729855060577,0.3092607259750366,-0.307248592376709,-0.30584144592285156,-0.19953812658786774,-0.20520330965518951,-0.20837058126926422,0.018022820353507996,0.12483258545398712,0.01798621006309986,0.12380831688642502
30,290,299,10,10,2290,2290,0,0.0,2290,0,0.0,0,11.128023600031156,9.240398099995218,1.2731880000210367,1.6446439980063587,19.207420599996112,75.48925227203172,quality,not_promoted,-0.00047821378231876425,0.0001227899042027679,0.33661966998544,-0.0037830168148502707,0.000167553583348005,0.0008680555555555555,1.0001185105906591,0.10476828102643292,0.0,0.42844682931900024,1.5370715856552124,0.2667347192764282,-0.0015905218897387385,0.01150735653936863,1.5386621952056885,0.26552191376686096,0.9981387853622437,5e-05,-0.3038565218448639,-0.3107481002807617,-0.20751729607582092,-0.20749837160110474,-0.2072497308254242,0.3095078766345978,-0.30743834376335144,-0.3061978816986084,-0.19948923587799072,-0.20535266399383545,-0.20856858789920807,0.018043123185634613,0.12489158660173416,0.01798621006309986,0.12391029298305511
31,300,309,10,10,2198,2198,0,0.0,2198,0,0.0,0,10.578140099998564,8.731568099465221,1.1984076999360695,1.5730000009643845,18.00465139996959,76.89941690973217,quality,not_promoted,-0.006956490940813507,0.0001940318953919424,0.3644203577722822,-0.010503679061574595,0.00021423013274345846,0.003794642857142857,1.000137631382261,0.11213135682046413,0.0,0.44431793689727783,1.5601645708084106,0.28335365653038025,0.000630594149697572,0.015197889879345894,1.5595340728759766,0.27974915504455566,0.9971231818199158,5e-05,-0.30407798290252686,-0.3107764422893524,-0.2076042741537094,-0.20751681923866272,-0.20727761089801788,0.3096001446247101,-0.3076322674751282,-0.3067692816257477,-0.19929200410842896,-0.20558729767799377,-0.20895569026470184,0.018041856586933136,0.12493140250444412,0.01798621006309986,0.12402842938899994
32,310,319,10,10,2443,2443,0,0.0,2443,0,0.0,0,20.372003399999812,9.973106199875474,10.068172800005414,1.7469399016117677,21.047277500038035,58.982192517923885,quality,not_promoted,0.0028463872149586678,0.0001283178823471714,0.36830597447279173,-0.000772512998455801,8.75187551481706e-05,0.00020032051282051281,0.9996547186985995,0.11357383981633645,0.0,0.46410220861434937,1.6079301834106445,0.27141690254211426,0.0003759452956728637,0.013406522572040558,1.6075541973114014,0.2672058343887329,0.9975602030754089,5e-05,-0.3042477071285248,-0.3109245300292969,-0.20769941806793213,-0.20759370923042297,-0.2073930948972702,0.3097207248210907,-0.3077943027019501,-0.3069327771663666,-0.19932496547698975,-0.20571058988571167,-0.20931018888950348,0.018039744347333908,0.12498646974563599,0.01798621006309986,0.12397944927215576
33,320,329,10,10,2283,2283,0,0.0,2283,0,0.0,0,21.786554099991918,9.212941600009799,11.733991100045387,1.7062467990908772,18.075049100036267,57.27316055362233,quality,not_promoted,-0.0001196664266495241,0.00014649581377549717,0.349108650866482,-0.0035375064892125213,0.0001999173792152457,0.0032552083333333335,0.9996673117081324,0.11959423445579079,0.013888888888888888,0.5181183218955994,1.5925235748291016,0.28660327196121216,-0.0020456970669329166,0.01258088368922472,1.594569206237793,0.28732070326805115,0.9980731010437012,5e-05,-0.3044479191303253,-0.31078410148620605,-0.20776039361953735,-0.20750048756599426,-0.20727498829364777,0.3097839057445526,-0.30786043405532837,-0.30718037486076355,-0.19911733269691467,-0.20575755834579468,-0.20954535901546478,0.018046151846647263,0.12498979270458221,0.01798621006309986,0.12407191097736359
34,330,339,10,10,1993,1993,0,0.0,1993,0,0.0,0,9.557600700005423,7.842303900397383,1.1569064999348484,1.4466516001848504,15.879453200032003,78.35026838532852,quality,not_promoted,-0.0005582810990745202,0.00011494324536442946,0.3450723816640675,-0.003951534265070222,2.5861904052959517e-05,0.0,0.9999533295631409,0.12765474017942324,0.0,0.36035576462745667,1.511282205581665,0.2721678912639618,-0.001373213715851307,0.011136974208056927,1.5126553773880005,0.2690097689628601,0.9983255863189697,5e-05,-0.30456286668777466,-0.31119197607040405,-0.20806923508644104,-0.20779375731945038,-0.2075549066066742,0.3100576102733612,-0.3079088628292084,-0.30731794238090515,-0.19899754226207733,-0.20581315457820892,-0.2098885476589203,0.018051188439130783,0.12520024180412292,0.01798621006309986,0.12411419302225113
35,340,349,10,10,2553,2553,0,0.0,2553,0,0.0,0,13.44334960001288,10.4504985002568,1.3978206999017857,1.8077202987042256,21.318929700006265,73.44167446461412,quality,not_promoted,0.0003415819024667144,0.00015145625766308513,0.2783406138420105,-0.0023660960199777038,9.419491054813988e-05,0.0001953125,0.9999227896332741,0.11733419029042125,0.0,0.3801894783973694,1.4779971837997437,0.2745140492916107,-0.001781056053005159,0.012660619802772999,1.4797782897949219,0.27443817257881165,0.9978729486465454,5e-05,-0.30473169684410095,-0.3113320469856262,-0.2081710398197174,-0.20789912343025208,-0.20761892199516296,0.31035536527633667,-0.30814072489738464,-0.3075294494628906,-0.1988789588212967,-0.20596186816692352,-0.21011707186698914,0.018060868605971336,0.12526550889015198,0.01798621006309986,0.1242530569434166
36,350,359,10,10,2238,2238,0,0.0,2238,0,0.0,0,10.779352299985476,8.937583699997049,1.169794199988246,1.593294599733781,18.417921799991746,76.65099119652906,quality,not_promoted,-2.6001967489719392e-05,0.00019959792012481817,0.3365768709353038,-0.0032919713462303793,0.0001003504134067563,0.0,0.9999297320842743,0.11080289443156549,0.0,0.30908551812171936,1.5327695608139038,0.295245498418808,-0.002480196999385953,0.01564527302980423,1.5352498292922974,0.2914319634437561,0.9971919655799866,5e-05,-0.3048390746116638,-0.31135910749435425,-0.20819775760173798,-0.20791782438755035,-0.20763812959194183,0.31040477752685547,-0.3084058165550232,-0.30786192417144775,-0.1988147646188736,-0.2061612904071808,-0.21058125793933868,0.018046202138066292,0.1252790242433548,0.01798621006309986,0.12439180165529251
37,360,369,10,10,2399,2399,0,0.0,2399,0,0.0,0,12.243618400010746,9.76068379956996,1.4564776999759488,1.6608979988377541,19.98456409998471,74.4379550413784,quality,not_promoted,0.001334846081016095,0.0001049512378047343,0.3281344610609506,-0.0018940224483805267,8.181138835987823e-05,0.0,0.9999526825390364,0.12744970423610588,0.0,0.4358239769935608,1.509149193763733,0.2876099944114685,-0.0036704554222524166,0.011559629812836647,1.5128196477890015,0.2877501845359802,0.9983845949172974,5e-05,-0.30494269728660583,-0.311184287071228,-0.2080823928117752,-0.20780545473098755,-0.20750349760055542,0.3104044795036316,-0.3085983097553253,-0.30816319584846497,-0.1987091600894928,-0.20627105236053467,-0.21086429059505463,0.018045898526906967,0.1252373903989792,0.01798621006309986,0.12452380359172821
38,370,379,10,10,2196,2196,0,0.0,2196,0,0.0,0,11.096610299951863,8.870344900060445,1.8040063000516966,1.6210168011602946,17.889211900008377,75.76117678673307,quality,not_promoted,0.0028683472690837724,0.00010244317236356437,0.3183977505990437,-0.00026440865892384734,0.00042659665058246383,0.004910714285714286,0.9993737322943551,0.12103956357708999,0.0,0.4406367540359497,1.558325171470642,0.27257969975471497,-0.004282269161194563,0.010811102576553822,1.5626074075698853,0.27069905400276184,0.9984269142150879,5e-05,-0.3050730526447296,-0.31144076585769653,-0.20815882086753845,-0.20798954367637634,-0.2076825350522995,0.3104354739189148,-0.3085968792438507,-0.30829766392707825,-0.1986013799905777,-0.2062601000070572,-0.2110210657119751,0.018050305545330048,0.12530285120010376,0.01798621006309986,0.12455853819847107
39,380,389,10,10,1985,1985,0,0.0,1985,0,0.0,0,9.699212600011379,7.8349252006737515,1.338951299956534,1.4730047010816634,15.956477700034156,77.37074998899861,quality,not_promoted,-0.018242161881062202,0.00012799650651462713,0.33567363396286964,-0.021534901617997093,6.08012323937146e-05,0.0,1.000459237024188,0.10695368831511587,0.015625,0.7390360832214355,1.5131168365478516,0.2831383943557739,-0.0031883250921964645,0.01210792176425457,1.5163052082061768,0.28089553117752075,0.998171329498291,2.5e-05,-0.30518609285354614,-0.3115685284137726,-0.20826037228107452,-0.20808017253875732,-0.2077658325433731,0.310586541891098,-0.3086429536342621,-0.3083854913711548,-0.19856223464012146,-0.20629170536994934,-0.21110396087169647,0.018052194267511368,0.12538275122642517,0.01798621006309986,0.12458104640245438
40,390,399,10,10,1872,1872,0,0.0,1872,0,0.0,0,8.808774000033736,7.251785800093785,1.1922689998755231,1.3486337015056051,14.357214299961925,80.80812162027858,quality,not_promoted,-0.007147759082727134,0.0001267989442567341,0.3203005793193976,-0.01028736523973445,6.636855153677365e-05,0.0,1.0001695851484935,0.09472278179600835,0.0,0.2850000262260437,1.5028676986694336,0.28098398447036743,-0.0029776417650282383,0.01176550704985857,1.5058454275131226,0.2826406955718994,0.9982466697692871,2.5e-05,-0.30523619055747986,-0.31164419651031494,-0.20829378068447113,-0.20813386142253876,-0.2078051120042801,0.3106640577316284,-0.30869612097740173,-0.3084300756454468,-0.19852964580059052,-0.20633840560913086,-0.21116960048675537,0.018052946776151657,0.12542299926280975,0.01798621006309986,0.12460476160049438
41,400,409,10,10,2064,2064,0,0.0,2064,0,0.0,0,10.102011499984656,8.178455800632946,1.1617439999245107,1.4048845996148884,16.04573509999318,78.936056386662,quality,not_promoted,0.0014818183033529556,9.862732490133071e-05,0.31840709529139777,-0.0016529388076653986,0.0001215967393804793,0.0007102272727272727,0.9994258474219929,0.1148406316272237,0.015151515151515152,0.5455230474472046,1.5107488632202148,0.2838883101940155,-0.0034799936693161726,0.010861515998840332,1.5142288208007812,0.2874196767807007,0.9985361695289612,2.5e-05,-0.30522096157073975,-0.3115968108177185,-0.208329439163208,-0.20809884369373322,-0.20779260993003845,0.3106699287891388,-0.30874502658843994,-0.308572381734848,-0.1984996348619461,-0.20637156069278717,-0.21117454767227173,0.018057215958833694,0.1254362314939499,0.01798621006309986,0.12461642920970917
42,410,419,10,10,1758,1758,0,0.0,1758,0,0.0,0,8.351560499984771,6.757131300051697,1.2521374999196269,1.3064303001738153,13.396113900002092,80.83622955110373,quality,not_promoted,-0.001175918017647096,0.00011703379472497286,0.3284056827958141,-0.004401458691323309,3.446261987478343e-05,0.0,0.9998181653874261,0.08463115747352797,0.0,0.33854159712791443,1.516008973121643,0.2986737787723541,-0.0028713045176118612,0.011332102119922638,1.5188802480697632,0.2985907196998596,0.9985604286193848,2.5e-05,-0.3052027225494385,-0.311652809381485,-0.20834049582481384,-0.20813815295696259,-0.20783613622188568,0.31071579456329346,-0.30878746509552,-0.3086484968662262,-0.19847796857357025,-0.20640508830547333,-0.2112518697977066,0.018062127754092216,0.12544487416744232,0.01798621006309986,0.12459303438663483
43,420,429,10,10,1873,1873,0,0.0,1873,0,0.0,0,9.130428400007077,7.3363102999283,1.2446809000102803,1.3719873008667491,14.772015299997292,78.3601887534059,quality,not_promoted,0.005878143423857788,0.00012342113623162732,0.32126600419481594,0.002727193800577273,5.110636169547433e-06,0.0,0.9999137143294017,0.07468163535619775,0.0,0.35978567600250244,1.478556513786316,0.28275519609451294,-0.0008039025124162436,0.012027035467326641,1.479360580444336,0.2830894887447357,0.9981907606124878,2.5e-05,-0.30520620942115784,-0.3117808997631073,-0.20845912396907806,-0.20822593569755554,-0.2079274207353592,0.3107821047306061,-0.3088832199573517,-0.30880117416381836,-0.19836945831775665,-0.20648826658725739,-0.21138186752796173,0.018065592274069786,0.1255197376012802,0.01798621006309986,0.12463974952697754
44,430,439,10,10,1837,1837,0,0.0,1837,0,0.0,0,8.720710699970368,7.12344429991208,1.3285731000360101,1.366351700562518,13.802236900024582,81.56126065845892,quality,not_promoted,0.0005667753646086002,0.00016801432515233596,0.3003812786833993,-0.002353029710979297,9.988469016740244e-06,0.0,0.9998938410446562,0.07139446445066354,0.0,0.26317331194877625,1.5063585042953491,0.29208770394325256,-3.566550731193274e-05,0.01322731003165245,1.5063939094543457,0.29153767228126526,0.9979492425918579,2.5e-05,-0.30517271161079407,-0.311893492937088,-0.2084706574678421,-0.208293616771698,-0.20798943936824799,0.31084761023521423,-0.30895358324050903,-0.30891185998916626,-0.1982756108045578,-0.20654694736003876,-0.21158429980278015,0.01806766167283058,0.12553705275058746,0.01798621006309986,0.12470334023237228
45,440,449,10,10,2039,2039,0,0.0,2039,0,0.0,0,9.960023099964019,7.985193899774458,1.2602963999961503,1.4723556988174096,16.1453865999938,78.1064163878376,quality,not_promoted,-0.0007883644866524264,0.00013475941432261607,0.28217543521896005,-0.003542739497788716,6.587458566853499e-06,0.0,1.0000042133033276,0.06284176689223386,0.0,0.17837528884410858,1.5151673555374146,0.28012415766716003,-0.0004864649963565171,0.011996706016361713,1.5156538486480713,0.28096821904182434,0.9981659054756165,2.5e-05,-0.3051726520061493,-0.31200873851776123,-0.20854134857654572,-0.20837806165218353,-0.20806489884853363,0.3108903169631958,-0.30893805623054504,-0.3089649975299835,-0.19822447001934052,-0.20651112496852875,-0.21167691051959991,0.018070774152874947,0.12557578086853027,0.01798621006309986,0.12470375001430511
46,450,459,10,10,2197,2197,0,0.0,2197,0,0.0,0,10.832828900020104,8.764367200026754,1.313064499932807,1.5227139994967729,18.060457599989604,76.0384250507211,quality,not_promoted,0.003453792445361614,0.00012522721735876984,0.3045136930687087,0.0004712688354110079,0.00010063825396530643,0.0017857142857142857,1.0000798463821412,0.06760834953082459,0.0,0.1892312467098236,1.5510390996932983,0.2796769440174103,-0.0006563087226822972,0.012382463552057743,1.5516953468322754,0.2821541428565979,0.9980397820472717,2.5e-05,-0.3052816390991211,-0.31202834844589233,-0.20858049392700195,-0.20838651061058044,-0.20808273553848267,0.3109787404537201,-0.30906152725219727,-0.30895841121673584,-0.19828876852989197,-0.20659562945365906,-0.2117636352777481,0.018069542944431305,0.12560413777828217,0.01798621006309986,0.12471692264080048
47,460,469,10,10,2572,2572,0,0.0,2572,0,0.0,0,13.131604199996218,10.434010500030126,2.314427400007844,1.7657056986354291,21.452086000004783,74.370316907359,quality,not_promoted,-0.002126154342166534,0.00015167007799524383,0.2946051539080899,-0.004996370473058849,4.823993379323926e-06,0.0,0.9999770907367148,0.06736532998521154,0.0,0.3085048496723175,1.6007461547851562,0.2690381109714508,-0.0008772785076871514,0.012949277646839619,1.601623296737671,0.2713516652584076,0.9976833462715149,2.5e-05,-0.3053613603115082,-0.3120955526828766,-0.20863303542137146,-0.208431214094162,-0.20816045999526978,0.3110637068748474,-0.3092236816883087,-0.3091384172439575,-0.19821910560131073,-0.20670786499977112,-0.2120073437690735,0.018066763877868652,0.12566237151622772,0.01798621006309986,0.12480813264846802
48,470,479,10,10,2175,2175,0,0.0,2175,0,0.0,0,10.857599299983121,8.73500120016979,1.4427021999144927,1.5925062981550582,17.792842800030485,75.91505891627993,quality,not_promoted,-0.00012923139472738565,0.00026954213086248594,0.3004073531312101,-0.002998533929177724,1.8385121399981418e-05,0.0,1.0000373300384073,0.08028981525122243,0.0,0.39403849840164185,1.573087215423584,0.2814684212207794,-0.0006884255562908947,0.01725585199892521,1.5737755298614502,0.2775459587574005,0.9962415099143982,2.5e-05,-0.30535057187080383,-0.31216609477996826,-0.20866553485393524,-0.2084793597459793,-0.20821303129196167,0.3111391067504883,-0.3094538748264313,-0.30936235189437866,-0.19816908240318298,-0.20686951279640198,-0.21219785511493683,0.018062660470604897,0.12568458914756775,0.01798621006309986,0.12488245218992233
49,480,489,10,10,2583,2583,0,0.0,2583,0,0.0,0,13.658309799968265,10.559755601454526,1.2768793998402543,1.7536811014288105,21.464879799983464,73.54115697976216,quality,not_promoted,0.0011952089531937751,7.703584613897496e-05,0.27787212445968534,-0.0015449942424666228,6.44360763957837e-05,0.00038109756097560977,1.0003539476452805,0.08409819042128397,0.0,0.46117401123046875,1.6028776168823242,0.2801535725593567,-0.001866043428890407,0.009739160537719727,1.6047438383102417,0.2833912670612335,0.998791515827179,2.5e-05,-0.30537357926368713,-0.3120661675930023,-0.20868845283985138,-0.20840786397457123,-0.2081252932548523,0.3111121654510498,-0.30948108434677124,-0.3095269501209259,-0.19813378155231476,-0.20689691603183746,-0.21229764819145203,0.01806091144680977,0.1256730705499649,0.01798621006309986,0.12493521720170975
50,490,499,10,10,2029,2029,0,0.0,2029,0,0.0,0,9.81206879997626,7.943284200096969,1.220500499883201,1.4623631003778428,15.60455719998572,79.82963592425821,quality,not_promoted,-0.0005542802173295058,0.00021339821500987455,0.3223519630264491,-0.0036710995373141486,8.556517410696074e-05,0.001220703125,0.9997504185885191,0.1072316987265367,0.015625,0.5948556065559387,1.533033847808838,0.2922752797603607,-0.0004681656719185412,0.01503483671694994,1.5335017442703247,0.2912863492965698,0.9973538517951965,2.5e-05,-0.3052675426006317,-0.31207382678985596,-0.20872004330158234,-0.20841528475284576,-0.20812253654003143,0.31106504797935486,-0.30957141518592834,-0.30963799357414246,-0.19808198511600494,-0.20696192979812622,-0.21242795884609222,0.018063468858599663,0.1257084757089615,0.01798621006309986,0.12498418986797333
51,500,509,10,10,1996,1996,0,0.0,1996,0,0.0,0,9.777909399999771,7.8667329991585575,1.1453741999575868,1.4059916992555372,15.590927899989765,78.6792069497337,quality,not_promoted,0.00603867819881998,0.00012706919869742705,0.3050864974502474,0.003051347110158531,0.00012420189674600124,0.001953125,1.0001004422083497,0.08410892479878385,0.015625,0.8351307511329651,1.564901351928711,0.2837022840976715,0.0006265474366955459,0.012198444455862045,1.564274787902832,0.2812749445438385,0.9981512427330017,2.5e-05,-0.3052232265472412,-0.31210237741470337,-0.20877045392990112,-0.20843203365802765,-0.20813332498073578,0.3110922873020172,-0.3096548914909363,-0.3096705675125122,-0.19813401997089386,-0.20702093839645386,-0.21248474717140198,0.018064916133880615,0.1257498860359192,0.01798621006309986,0.12499231100082397
52,510,519,10,10,2069,2069,0,0.0,2069,0,0.0,0,9.899901000026148,8.23098640004173,1.15217980009038,1.4603225989849307,16.724950100004207,77.70935477635933,quality,not_promoted,2.4538219087954722e-05,0.00015733644767985396,0.31704769441575714,-0.0030672705174903526,0.00012012694057778555,0.0023674242424242425,0.9998932182788849,0.07846616298863382,0.0,0.42804983258247375,1.5440551042556763,0.28892961144447327,-0.0016427085502073169,0.013051492162048817,1.545697808265686,0.2866891026496887,0.9979594945907593,2.5e-05,-0.30518174171447754,-0.3120747208595276,-0.20875044167041779,-0.2084127962589264,-0.2081170380115509,0.31106287240982056,-0.30982738733291626,-0.30989667773246765,-0.19813252985477448,-0.20714227855205536,-0.2127121388912201,0.0180593803524971,0.12575407326221466,0.01798621006309986,0.1250661015510559
53,520,529,10,10,1947,1947,0,0.0,1947,0,0.0,0,9.46038129995577,7.59752970043337,1.2272674000123516,1.3680087012471631,14.955542300012894,79.74304113576514,quality,not_promoted,-0.0011578739710873173,0.00010406179283182286,0.30814993237295457,-0.0041873413814051495,8.820107412306712e-05,0.0,0.9997250630009559,0.0898315419232653,0.016129032258064516,0.5689860582351685,1.4804050922393799,0.28825876116752625,-5.175758633413352e-05,0.011049147695302963,1.480456829071045,0.290951669216156,0.9985307455062866,2.5e-05,-0.30521127581596375,-0.31219175457954407,-0.2088286578655243,-0.2084949016571045,-0.20820994675159454,0.3111366629600525,-0.3098735511302948,-0.31001320481300354,-0.19812022149562836,-0.20717455446720123,-0.21280884742736816,0.018060268834233284,0.12578749656677246,0.01798621006309986,0.12508827447891235
54,530,539,10,10,2275,2275,0,0.0,2275,0,0.0,0,11.703204499965068,9.108494800049812,1.1757804999360815,1.616119600366801,18.146641300001647,76.21479907284937,quality,not_promoted,0.0016970117059018877,0.0001012130332027381,0.2888561642418305,-0.001140943278894863,2.8055524808026335e-06,0.0,1.0000138969884977,0.08170341736533576,0.013888888888888888,0.6184640526771545,1.5586427450180054,0.30235356092453003,-0.0006170482374727726,0.0108023164793849,1.5592597723007202,0.30369195342063904,0.998723566532135,2.5e-05,-0.3052707612514496,-0.3123911917209625,-0.2089775949716568,-0.2086271345615387,-0.20835480093955994,0.31131505966186523,-0.3099021017551422,-0.31009718775749207,-0.19812463223934174,-0.20719575881958008,-0.2129088193178177,0.01806485652923584,0.12590056657791138,0.01798621006309986,0.12517620623111725
55,540,549,10,10,2429,2429,0,0.0,2429,0,0.0,0,12.97711039998103,9.841074299474712,2.5373820000095293,1.8970296006300487,20.069875499990303,73.50140818748942,quality,not_promoted,0.0001355220416658803,0.00011694131296137225,0.2737819391645883,-0.0025438271818290416,8.960586179503145e-05,0.0006167763157894736,1.000141735139646,0.10079161352232884,0.013157894736842105,0.5323804616928101,1.5466388463974,0.26445144414901733,-0.00022394237748812884,0.011184649541974068,1.5468627214431763,0.2656828761100769,0.9982112646102905,2.5e-05,-0.30534517765045166,-0.3125145733356476,-0.20901519060134888,-0.2086978554725647,-0.20846964418888092,0.3114093542098999,-0.30997970700263977,-0.3102811276912689,-0.19809739291667938,-0.20725418627262115,-0.21305572986602783,0.018064437434077263,0.1259230524301529,0.01798621006309986,0.1251867115497589
56,550,559,10,10,1925,1925,0,0.0,1925,0,0.0,0,9.310650800005533,7.489282299939077,1.1081318000215106,1.4265921992482617,15.017805700015742,79.12544718972684,quality,not_promoted,0.008512055651555139,9.584513639809654e-05,0.326753624985295,0.005292442026397874,5.8056540678432015e-06,0.0,0.999927661111278,0.08370714838947019,0.0,0.3603418171405792,1.490402340888977,0.2717498540878296,0.00033096966217271984,0.010230711661279202,1.4900715351104736,0.2737421691417694,0.998582661151886,2.5e-05,-0.3052665889263153,-0.3127163052558899,-0.20916648209095,-0.20883797109127045,-0.20861221849918365,0.31151750683784485,-0.3101905882358551,-0.31048783659935,-0.1979299783706665,-0.20740769803524017,-0.21328967809677124,0.01806427724659443,0.12599621713161469,0.01798621006309986,0.1252540498971939
57,560,569,10,10,2214,2214,0,0.0,2214,0,0.0,0,11.211829599982593,8.894763500487898,1.721612400142476,1.6074736003647558,18.618005500000436,74.22099359849494,quality,not_promoted,0.0015418582063700473,0.000100518451966179,0.3159839044724192,-0.0015677215664514474,7.316992085049735e-05,0.001268796995282173,0.9997235545090266,0.06280649764729397,0.0,0.23426106572151184,1.511138916015625,0.2727408707141876,-0.00037649564910680056,0.011209605261683464,1.5115153789520264,0.2753652334213257,0.9983108043670654,2.5e-05,-0.3053034842014313,-0.3127935230731964,-0.2091994732618332,-0.2088906317949295,-0.20866911113262177,0.31159737706184387,-0.3103494942188263,-0.3106912672519684,-0.19795332849025726,-0.20751990377902985,-0.21345877647399902,0.01805766485631466,0.12600550055503845,0.01798621006309986,0.1252906620502472
58,570,579,10,10,2519,2519,0,0.0,2519,0,0.0,0,13.199013699952047,10.309986499953084,2.526327600062359,1.8279839997994713,21.616829100006726,72.35211896128457,quality,not_promoted,0.0018258427327964455,0.00023069680537446402,0.29528538808226584,-0.0010116618766915053,0.0001601164455109938,0.0,0.9990937262773514,0.11418612960260362,0.0125,0.6092830300331116,1.5241583585739136,0.2576834261417389,-0.0006120009929873049,0.016317566856741905,1.5247704982757568,0.25723162293434143,0.9959900379180908,2.5e-05,-0.3052515387535095,-0.31289321184158325,-0.2092265486717224,-0.20895153284072876,-0.20874719321727753,0.3116828501224518,-0.31061118841171265,-0.31089019775390625,-0.1980079561471939,-0.20767228305339813,-0.21364930272102356,0.018063770607113838,0.12602631747722626,0.01798621006309986,0.12536346912384033
59,580,589,10,10,2239,2239,0,0.0,2239,0,0.0,0,11.91832500003511,9.05093469977146,2.3187022000784054,1.6105984995374456,18.789372200029902,72.91331503670226,quality,not_promoted,0.00016349519469908305,9.931052637901822e-05,0.328639503461974,-0.00307324464166803,0.0001364137638845924,0.0026785714285714286,1.0000206581183841,0.10664203773651804,0.0,0.4072563052177429,1.5405575037002563,0.28405269980430603,-0.0007213722565211356,0.010051747784018517,1.5412790775299072,0.2853717803955078,0.9987477660179138,2.5e-05,-0.3053993284702301,-0.3128444254398346,-0.2092065066099167,-0.2089165598154068,-0.2087220549583435,0.31176695227622986,-0.3106673061847687,-0.3110017776489258,-0.19792577624320984,-0.20770108699798584,-0.21377278864383698,0.01806463673710823,0.12601347267627716,0.01798621006309986,0.12540064752101898
60,590,599,10,10,2157,2157,0,0.0,2157,0,0.0,0,10.980211799964309,8.8053629999049,1.4944788001012057,1.490064100769814,18.151588800013997,74.04279706629622,quality,not_promoted,-0.0002528091016061166,0.00011741880071520641,0.3219361620790818,-0.0034134616246720884,9.760840732590569e-05,0.002068014705882353,0.9999456694897484,0.0861467527335181,0.0,0.3887176513671875,1.4870692491531372,0.26553136110305786,-0.0019471464911475778,0.011980407871305943,1.4890164136886597,0.2641940414905548,0.9979643225669861,2.5e-05,-0.3054021894931793,-0.31289148330688477,-0.20920278131961823,-0.20894905924797058,-0.20875631272792816,0.31182217597961426,-0.31074273586273193,-0.311013400554657,-0.19783484935760498,-0.20774950087070465,-0.21394431591033936,0.01806122437119484,0.12602461874485016,0.01798621006309986,0.12543243169784546
61,600,609,10,10,2499,2499,0,0.0,2499,0,0.0,0,12.558597799972631,10.093014599755406,1.9233053998905234,1.8847003998816945,20.918500299972948,74.64804722736892,quality,not_promoted,0.005090288049541414,0.00010914776230492862,0.30993383154273035,0.0020455244506592863,4.239570298523176e-05,0.0,1.0003624536097049,0.12760365006979554,0.0125,1.4431424140930176,1.5539392232894897,0.26938894391059875,-0.0012721209786832333,0.011145821772515774,1.5552113056182861,0.26979348063468933,0.9982881546020508,2.5e-05,-0.30539631843566895,-0.3128605782985687,-0.20918405055999756,-0.2089282125234604,-0.20872940123081207,0.3116879165172577,-0.3107965290546417,-0.3110690414905548,-0.19782668352127075,-0.20777162909507751,-0.2141256183385849,0.01806323602795601,0.12602806091308594,0.01798621006309986,0.1254381388425827
62,610,619,10,10,2174,2174,0,0.0,2174,0,0.0,0,10.90069699997548,8.604325700202025,1.453206499980297,1.6706076996051706,17.38449819997186,76.85999635611662,quality,not_promoted,2.8071630581775133e-05,8.084252203843789e-05,0.3171621716636069,-0.0031031294219086274,9.051450769327537e-05,0.0,0.9999026323066038,0.11956535556408412,0.0,0.44586509466171265,1.5433752536773682,0.26913997530937195,-0.0006376075325533748,0.009660447016358376,1.5440129041671753,0.27165111899375916,0.9987116456031799,2.5e-05,-0.30545639991760254,-0.3129311800003052,-0.20920543372631073,-0.2089775949716568,-0.2087615728378296,0.3117496967315674,-0.31077441573143005,-0.31114789843559265,-0.19789588451385498,-0.20776116847991943,-0.2142454981803894,0.01806548982858658,0.12605494260787964,0.01798621006309986,0.12546220421791077
63,620,629,10,10,2252,2252,0,0.0,2252,0,0.0,0,10.868491899978835,8.976134100521449,1.3831416998873465,1.6532413983950391,18.45272709999699,76.80444663647363,quality,not_promoted,-0.0018282008823007345,0.00015263319710356882,0.32599567332201534,-0.005011840626442184,0.00012640310806470248,0.001953125,0.9998259213235643,0.09772250568494201,0.0,0.3223824203014374,1.5283812284469604,0.2867266535758972,0.0009359187097288668,0.012724963948130608,1.5274454355239868,0.2869117856025696,0.998030424118042,2.5e-05,-0.3054737448692322,-0.3130950331687927,-0.20926670730113983,-0.2090885490179062,-0.2088669091463089,0.3118603229522705,-0.3108561038970947,-0.31124788522720337,-0.19797275960445404,-0.20780546963214874,-0.2143995612859726,0.018067719414830208,0.12611480057239532,0.01798621006309986,0.12551249563694
64,630,639,10,10,2060,2060,0,0.0,2060,0,0.0,0,9.81609139998909,8.015794800710864,1.245925100054592,1.58887900080299,15.877796000044327,80.17471112593576,quality,not_promoted,-0.007427190910234596,0.0001253431623671063,0.34786423498933966,-0.010843161754592351,0.00020834570809504592,0.004261363636363636,0.9999915234970324,0.1321378889860529,0.0,0.49255844950675964,1.521441102027893,0.2921698987483978,0.0008928838651627302,0.013126272708177567,1.5205482244491577,0.2966298460960388,0.997981607913971,2.5e-05,-0.30556803941726685,-0.31318199634552,-0.20926198363304138,-0.2091500163078308,-0.20889714360237122,0.31191346049308777,-0.31097716093063354,-0.3113013505935669,-0.19796697795391083,-0.20789897441864014,-0.214525505900383,0.018052833154797554,0.1261405199766159,0.01798621006309986,0.12553264200687408
65,640,649,10,10,2223,2223,0,0.0,2223,0,0.0,0,11.310516899975482,9.037410700926557,1.5772139000473544,1.6171405980712734,18.82112690003123,73.7762604242489,quality,not_promoted,-0.0004505306482315063,0.0002075736498227343,0.3585313034909112,-0.0039320568421057295,9.98956661468193e-05,0.0,1.0001180487019674,0.14108660503157547,0.0,0.3917282819747925,1.5580027103424072,0.2672005295753479,0.0015170142287388444,0.015503033995628357,1.5564855337142944,0.26588910818099976,0.9966336488723755,2.5e-05,-0.3055325150489807,-0.31314337253570557,-0.2092219591140747,-0.2091234177350998,-0.20885683596134186,0.31181737780570984,-0.3111378252506256,-0.3115258812904358,-0.19789241254329681,-0.20801055431365967,-0.21475093066692352,0.018059227615594864,0.12612159550189972,0.01798621006309986,0.1255999207496643
66,650,659,10,10,1882,1882,0,0.0,1882,0,0.0,0,9.1969522999716,7.405242700537201,1.3000696001108736,1.3775843010516837,14.545128999976441,79.26853489479538,quality,not_promoted,0.002622857146585981,0.00013592780875721172,0.33972403133908907,-0.0007064201791460316,3.90305709188965e-05,0.0,1.000236201286316,0.1051202118396759,0.0,0.3275829553604126,1.4623409509658813,0.2758081555366516,0.002614594530314207,0.012419118545949459,1.4597264528274536,0.27743422985076904,0.9979724884033203,2.5e-05,-0.30550912022590637,-0.3133534789085388,-0.20936007797718048,-0.20926415920257568,-0.20896510779857635,0.3119196891784668,-0.31122392416000366,-0.3115956783294678,-0.19782358407974243,-0.20806995034217834,-0.21494591236114502,0.0180559940636158,0.12620413303375244,0.01798621006309986,0.12565433979034424
67,660,669,10,10,2558,2558,0,0.0,2558,0,0.0,0,12.756715299969073,10.45542949938681,1.8180056000128388,1.850652399356477,22.445468800025992,72.66594574739351,quality,not_promoted,-0.00020542549900710584,0.00013115702267896268,0.3423592049628496,-0.003563439520075917,9.509112987871049e-05,0.0,0.9997944720089436,0.13632817659527063,0.0,0.4351038932800293,1.5427746772766113,0.2620343267917633,0.0007377792499028146,0.01213224045932293,1.542036771774292,0.2637118101119995,0.9978563189506531,2.5e-05,-0.30556634068489075,-0.31340840458869934,-0.20945976674556732,-0.20930543541908264,-0.20899729430675507,0.3119661509990692,-0.3113756477832794,-0.3118637204170227,-0.1977369338274002,-0.2081911712884903,-0.2152102142572403,0.018062882125377655,0.12625083327293396,0.01798621006309986,0.1257268190383911
68,670,679,10,10,2108,2108,0,0.0,2108,0,0.0,0,10.35777020000387,8.416536100034136,1.1214724999736063,1.5359294992522337,17.275973699986935,76.28354694279054,quality,not_promoted,-0.00012511165925499165,0.00010413095978120427,0.35621421851895074,-0.00363518897387566,5.476718658228768e-05,0.0,1.0000236458850629,0.1378575639065468,0.015151515151515152,0.675701916217804,1.5237400531768799,0.266887903213501,0.00028960328199900687,0.010860154405236244,1.523450255393982,0.26879990100860596,0.9983441829681396,2.5e-05,-0.3054518699645996,-0.3134119212627411,-0.20942896604537964,-0.20930860936641693,-0.2090069055557251,0.3119150400161743,-0.3117268681526184,-0.3120989203453064,-0.19757084548473358,-0.2084278017282486,-0.21536235511302948,0.018075458705425262,0.12623879313468933,0.01798621006309986,0.12578065693378448
69,680,689,10,10,1822,1822,0,0.0,1822,0,0.0,0,8.766144399996847,7.079857200325932,1.2534408000065014,1.3876698010717519,14.044910199998412,79.87355393907912,quality,not_promoted,-0.00017416917172999218,0.00012928041379099936,0.39448271974407395,-0.004054356386467558,0.0003211196960270674,0.005926724137931034,1.0003278666529163,0.1358118019676928,0.0,0.3977549970149994,1.5072230100631714,0.28243309259414673,0.0020936971995979548,0.012273512780666351,1.505129337310791,0.2789364457130432,0.9981115460395813,2.5e-05,-0.30556416511535645,-0.3134613335132599,-0.20945899188518524,-0.2093449980020523,-0.20903414487838745,0.3119947910308838,-0.3117621839046478,-0.3121040463447571,-0.19755427539348602,-0.20846596360206604,-0.21543444693088531,0.018084218725562096,0.12626563012599945,0.01798621006309986,0.12579578161239624
70,690,699,10,10,2109,2109,0,0.0,2109,0,0.0,0,10.54336880001938,8.391897599678487,1.3635351000120863,1.4948058023583144,16.89999230002286,76.84918739770377,quality,not_promoted,6.083425868189696e-05,9.612504254619125e-05,0.34850416061553086,-0.0033761450675118604,4.7385187175760535e-05,0.0,0.9999055112853195,0.135151806146358,0.0,0.4819618761539459,1.493965744972229,0.28222060203552246,0.0007828181842342019,0.01014729868620634,1.4931827783584595,0.284250408411026,0.9987072348594666,2.5e-05,-0.3055914640426636,-0.3135824501514435,-0.20952390134334564,-0.20943258702754974,-0.2091125100851059,0.3120896518230438,-0.31184571981430054,-0.3121930956840515,-0.19754576683044434,-0.20852527022361755,-0.21561624109745026,0.01808476634323597,0.1263083964586258,0.01798621006309986,0.12581327557563782
71,700,709,10,10,1814,1814,0,0.0,1814,0,0.0,0,8.921658600040246,7.058654299937189,1.1882405999931507,1.3790065993671305,13.814217200037092,79.78579826662448,quality,not_promoted,0.0007776846017303137,7.43295449551781e-05,0.35602128891081647,-0.002745364206554047,5.832105617581216e-05,0.0,0.9998283653423704,0.1437720888262165,0.0,0.399332195520401,1.4631150960922241,0.2724801003932953,0.0014974334044381976,0.009185810573399067,1.4616175889968872,0.2752006947994232,0.9988635182380676,2.5e-05,-0.30544036626815796,-0.3137829899787903,-0.2096879929304123,-0.20956939458847046,-0.20926226675510406,0.3121841549873352,-0.3118327856063843,-0.3122261166572571,-0.1975127011537552,-0.20853054523468018,-0.2156456708908081,0.018092507496476173,0.12640292942523956,0.01798621006309986,0.12577565014362335
72,710,719,10,10,2226,2226,0,0.0,2226,0,0.0,0,10.7735163999605,8.901019800687209,1.2743716000113636,1.636012998817023,18.341384100029245,76.45569662863124,quality,not_promoted,0.0010896283867103712,7.872999969029998e-05,0.3346109899027007,-0.0022171150859711425,2.1256552606376187e-05,0.0,1.0002236204487938,0.12399425663586174,0.0,0.3876175880432129,1.481819748878479,0.26259928941726685,0.0014266041107475758,0.009806101210415363,1.4803931713104248,0.26527833938598633,0.9986055493354797,2.5e-05,-0.3055061399936676,-0.3138812184333801,-0.20973892509937286,-0.20963676273822784,-0.2093244045972824,0.31232088804244995,-0.31192833185195923,-0.3122084140777588,-0.19748306274414062,-0.20859283208847046,-0.21567437052726746,0.018092766404151917,0.12645648419857025,0.01798621006309986,0.1257619559764862
73,720,729,10,10,2470,2470,0,0.0,2470,0,0.0,0,19.33427799999481,10.038605699664913,9.169828699959908,1.8103163999621756,20.731885299959686,61.648029074019306,quality,not_promoted,-0.0015607805062945073,0.0001869957578981904,0.33754862462862945,-0.004842769229211486,8.731991151879088e-05,0.0006009615384615385,0.9998635962987558,0.15183517589974097,0.01282051282051282,0.5833899974822998,1.6059069633483887,0.2542034387588501,0.0017580839339643717,0.014628887176513672,1.6041488647460938,0.25049030780792236,0.9966882467269897,2.5e-05,-0.3054642379283905,-0.3138553202152252,-0.20974679291248322,-0.20961545407772064,-0.20929045975208282,0.3122361898422241,-0.31203746795654297,-0.31226083636283875,-0.1974472999572754,-0.20866824686527252,-0.21578305959701538,0.018101273104548454,0.12646405398845673,0.01798621006309986,0.12583303451538086
74,730,739,10,10,2651,2651,0,0.0,2651,0,0.0,0,13.98326080001425,10.864892199693713,1.5688542998977937,1.9771824994822964,21.78846179996617,74.10881577174735,quality,not_promoted,-0.002104580890209902,0.00019728572910285687,0.32081103342629613,-0.005214048981932657,5.634897845701354e-05,0.0,0.9999148611511502,0.1381437102820547,0.023809523809523808,0.7578358054161072,1.5717326402664185,0.27033621072769165,0.0011657241266220808,0.014772195369005203,1.5705666542053223,0.2662980556488037,0.997014045715332,2.5e-05,-0.3054776191711426,-0.31386247277259827,-0.20973162353038788,-0.20962491631507874,-0.20928721129894257,0.3122458755970001,-0.31207212805747986,-0.3124254643917084,-0.19741787016391754,-0.20867802202701569,-0.21591947972774506,0.018102530390024185,0.1264694631099701,0.01798621006309986,0.1258450150489807
75,740,749,10,10,2256,2256,0,0.0,2256,0,0.0,0,11.759147999982815,9.047258299717214,2.0963757000281475,1.6632582993479446,18.73996730003273,73.96935871116399,quality,not_promoted,0.006880156475947135,7.84082626523741e-05,0.3387801843798823,0.0035315587204725793,0.0002864529742510058,0.0032552083333333335,1.0001967946688335,0.13367262914673322,0.0,0.41088488698005676,1.5116071701049805,0.27118971943855286,-8.128950867103413e-05,0.009183359332382679,1.5116885900497437,0.27000874280929565,0.9988532662391663,2.5e-05,-0.30555593967437744,-0.31396031379699707,-0.2097538411617279,-0.20969249308109283,-0.20935243368148804,0.312346488237381,-0.3122416138648987,-0.3126341998577118,-0.19742725789546967,-0.20880742371082306,-0.2161182314157486,0.01811041124165058,0.12650664150714874,0.01798621006309986,0.12591633200645447
76,750,759,10,10,2141,2141,0,0.0,2141,0,0.0,0,10.741268999991007,8.64482280035736,1.2412661000271328,1.6028232009266503,17.529508300009184,75.73191134012384,quality,not_promoted,0.0009871141519397497,0.00012092054791591021,0.31790009425843463,-0.002131426569950931,0.00013319725798389888,0.00045955882352941176,0.9998805084649254,0.09950170378365061,0.0,0.4127137064933777,1.5160305500030518,0.26567310094833374,-0.001096361898817122,0.01234451774507761,1.5171267986297607,0.26247793436050415,0.9978410005569458,2.5e-05,-0.30551329255104065,-0.3142072856426239,-0.20986656844615936,-0.2098695933818817,-0.20952659845352173,0.31246429681777954,-0.31238073110580444,-0.3127327561378479,-0.19744274020195007,-0.20891857147216797,-0.2162792682647705,0.018105709925293922,0.12658344209194183,0.01798621006309986,0.12590450048446655
77,760,769,10,10,1856,1856,0,0.0,1856,0,0.0,0,9.742381799966097,7.161236199783161,2.0230790998903103,1.4355804006918333,14.126035399967805,77.75965974003252,quality,not_promoted,-6.120189510542771e-05,0.00015412821599527197,0.3346147827547172,-0.00333028550034967,8.920669266632918e-06,0.0,1.0000919607178917,0.10734063088251598,0.017241379310344827,0.5563329458236694,1.5139610767364502,0.27999019622802734,0.0014223129255697131,0.01241608988493681,1.5125387907028198,0.27887964248657227,0.9980335235595703,2.5e-05,-0.3056010603904724,-0.3142969608306885,-0.20988978445529938,-0.20993299782276154,-0.20958273112773895,0.31256094574928284,-0.312436044216156,-0.3128002882003784,-0.19739022850990295,-0.20895713567733765,-0.21648378670215607,0.018103832378983498,0.12660452723503113,0.01798621006309986,0.12591210007667542
78,770,779,10,10,2196,2196,0,0.0,2196,0,0.0,0,11.617058100004215,8.757178198604379,2.0956859000143595,1.6467084997566417,17.391470699978527,75.7018742708974,quality,not_promoted,-0.0015727915801107884,7.464797132083082e-05,0.2898288009422166,-0.004433756142056414,0.00015433843114546366,0.0020089285714285712,1.0000778351511275,0.10238504729100636,0.02857142857142857,0.6142821311950684,1.5163938999176025,0.2700727880001068,-0.0009743716800585389,0.009320803917944431,1.5173680782318115,0.26996150612831116,0.9988089203834534,2.5e-05,-0.30556315183639526,-0.31437987089157104,-0.20996637642383575,-0.2099890410900116,-0.20965427160263062,0.3125729560852051,-0.31249627470970154,-0.3128964602947235,-0.19741831719875336,-0.2089899182319641,-0.21653591096401215,0.018105247989296913,0.12664827704429626,0.01798621006309986,0.12588240206241608
79,780,789,10,10,2112,2112,0,0.0,2112,0,0.0,0,10.422552299976815,8.520365899777971,1.2491403998574242,1.5890444003161974,17.279841100040358,76.23889999333743,quality,not_promoted,-0.0005090913001560804,6.870515784557387e-05,0.34235221960327844,-0.0038982609456235714,0.00020244137285220805,0.004024621212121212,0.9995697312282793,0.10205394433190425,0.015151515151515152,0.5267201066017151,1.5120389461517334,0.27761706709861755,-0.0012383675202727318,0.008444476872682571,1.513277292251587,0.278289794921875,0.9990747570991516,2.5e-05,-0.3055185377597809,-0.3144891560077667,-0.21005591750144958,-0.21006527543067932,-0.2097528576850891,0.3126116693019867,-0.3125334680080414,-0.31303873658180237,-0.19735440611839294,-0.20898133516311646,-0.21660444140434265,0.018101025372743607,0.12668722867965698,0.01798621006309986,0.1259031444787979
80,790,799,10,10,6849,6849,0,0.0,6849,0,0.0,0,49.677473499963526,30.36193999927491,2.2764762000297196,8.234805401763879,61.42105830000946,61.64797940202541,quality,not_promoted,-0.0015086567727848887,0.009410774990825573,0.11443612190756809,0.0020523695086551554,5.316617683059087e-07,0.0,0.9999939426779747,0.20165595557126734,0.041666666666666664,0.7829849720001221,1.5935486555099487,0.23642928898334503,-0.008352495729923248,0.0983019471168518,1.6019012928009033,0.20268172025680542,0.8271291851997375,2.5e-05,-0.3055151104927063,-0.3144710659980774,-0.21004877984523773,-0.21005238592624664,-0.20973758399486542,0.3125857412815094,-0.3125148117542267,-0.3130541443824768,-0.19733265042304993,-0.20896731317043304,-0.21661610901355743,0.018097052350640297,0.12668189406394958,0.01798621006309986,0.12589305639266968
81,800,809,10,10,2299,2299,0,0.0,2299,0,0.0,0,12.40356140001677,9.271969399997033,2.080396300123539,1.56293480086606,19.356011900003068,72.38762241174581,quality,not_promoted,-4.931578102211157e-05,0.00020815722917985922,0.3202979036917289,-0.003148216172121465,9.986932203294903e-05,0.0,0.9999802543057336,0.14401129814278749,0.0,0.4059755504131317,1.4919507503509521,0.283621221780777,-0.001213717507198453,0.0117188710719347,1.4931645393371582,0.28548476099967957,0.9982927441596985,2.5e-05,-0.30556708574295044,-0.3145330846309662,-0.21007227897644043,-0.2101001739501953,-0.20978659391403198,0.3126806914806366,-0.3125273883342743,-0.3130049705505371,-0.19728082418441772,-0.20893986523151398,-0.21666236221790314,0.01809569261968136,0.1267215609550476,0.01798621006309986,0.1258653849363327
82,810,819,10,10,2393,2393,0,0.0,2393,0,0.0,0,11.974361400003545,9.736921698960941,1.6372447999892756,1.734699099441059,20.159386500017717,74.4699935857285,quality,not_promoted,-0.0009370089851711926,0.00013341471822059248,0.3350724268116449,-0.0042210249659164175,0.0004129959798343694,0.00390625,1.0001642256975174,0.11889531946201858,0.013157894736842105,0.6062502264976501,1.5444526672363281,0.2750508189201355,0.0004746575723402202,0.012318170629441738,1.543977975845337,0.27472424507141113,0.9979943037033081,2.5e-05,-0.3055029809474945,-0.3146001994609833,-0.210121750831604,-0.21015030145645142,-0.20981886982917786,0.3126976191997528,-0.312485933303833,-0.3133052587509155,-0.1972283273935318,-0.20888684689998627,-0.21682672202587128,0.01808845065534115,0.1267590969800949,0.01798621006309986,0.12588240206241608
83,820,829,10,10,2314,2314,0,0.0,2314,0,0.0,0,11.5435201000073,9.404353299061768,1.4791616001166403,1.6512500003445894,19.290564699971583,75.04681961572554,quality,not_promoted,0.005895125692257205,0.00010785384467846991,0.33758189891641205,0.0025732328460828678,3.244633050500754e-05,0.0,1.0000364675715163,0.1520938372138787,0.013513513513513514,0.5214959383010864,1.5338406562805176,0.27497991919517517,-0.00016023858916014433,0.010729579254984856,1.5340009927749634,0.2754816710948944,0.9984774589538574,2.5e-05,-0.30551576614379883,-0.3146529793739319,-0.2101479470729828,-0.2101861536502838,-0.20985113084316254,0.31265726685523987,-0.312735378742218,-0.3136415183544159,-0.197224423289299,-0.20904558897018433,-0.21706020832061768,0.018096942454576492,0.12680277228355408,0.01798621006309986,0.12593747675418854
84,830,839,10,10,2190,2190,0,0.0,2190,0,0.0,0,10.68885690002935,8.812943199882284,1.1745086999726482,1.5522348016384058,18.370650199998636,75.36259966356728,quality,not_promoted,0.004416591900267771,9.703043781753098e-05,0.3371670431324414,0.0010934371201853667,2.610458230947188e-05,0.0,1.0000747110162462,0.10315816572734288,0.0,0.2774743139743805,1.5411112308502197,0.28203466534614563,-0.001966125098988414,0.010262832045555115,1.5430773496627808,0.2806782126426697,0.9986758828163147,2.5e-05,-0.30538931488990784,-0.31473177671432495,-0.2101987898349762,-0.2102404534816742,-0.20991425216197968,0.3126432001590729,-0.3129161596298218,-0.3138863444328308,-0.1972164511680603,-0.20916686952114105,-0.21731194853782654,0.01809588633477688,0.12685361504554749,0.01798621006309986,0.12598349153995514
85,840,849,10,10,2198,2198,0,0.0,2198,0,0.0,0,19.871227900031954,8.8484928997932,10.706491600023583,1.629690200323239,18.02771490003215,57.99634073160168,quality,not_promoted,-0.003942661466343062,7.997990131635951e-05,0.3662565505930356,-0.007565237189243947,0.00018943725356491216,0.0008928571428571428,0.9994552484580449,0.11210997980087996,0.014285714285714285,0.5765833258628845,1.572758436203003,0.2819404602050781,0.0005314670270308852,0.009497330524027348,1.572227120399475,0.27943849563598633,0.9988653063774109,2.5e-05,-0.3054414391517639,-0.3147377371788025,-0.21017761528491974,-0.21024690568447113,-0.2099398374557495,0.31276124715805054,-0.3130018711090088,-0.3141700029373169,-0.1971358358860016,-0.20922470092773438,-0.21759186685085297,0.01809566095471382,0.1268741488456726,0.01798621006309986,0.1260422170162201
86,850,859,10,10,3126,3126,0,0.0,3126,0,0.0,0,16.813785199949052,12.80663700052537,3.577114299987443,2.3486047002952546,27.537859499978367,70.48216635819857,quality,not_promoted,-0.00011488120546754525,0.00013142570479635188,0.261017020107532,-0.0026593375404612447,7.546159601161536e-05,0.00047831632653061223,1.000090596627216,0.11944234325569503,0.01020408163265306,0.5235344171524048,1.5384604930877686,0.2861468195915222,-0.0003247459826525301,0.011862516403198242,1.5387852191925049,0.28554782271385193,0.9982814192771912,2.5e-05,-0.30553361773490906,-0.3148495852947235,-0.2102428376674652,-0.21032468974590302,-0.21002285182476044,0.3129464089870453,-0.3132612109184265,-0.3143986165523529,-0.19702103734016418,-0.20940203964710236,-0.2178807109594345,0.01809983141720295,0.12689806520938873,0.01798621006309986,0.12610140442848206
87,860,869,10,10,2616,2616,0,0.0,2616,0,0.0,0,12.80430089996662,10.798744500265457,1.3752966999891214,1.8465465997578576,23.528569200017955,72.00091797870685,quality,not_promoted,0.00012871573065839162,0.00011318573036455414,0.35448386102187923,-0.0033595295588872056,8.687890219401352e-05,0.0013338414634146342,0.9997963898065614,0.0951544632453744,0.0,0.3203064799308777,1.5725058317184448,0.2793291211128235,0.0008462810656055808,0.011819969862699509,1.5716595649719238,0.27648475766181946,0.9982094168663025,2.5e-05,-0.3055989444255829,-0.3150227963924408,-0.21038387715816498,-0.2104458510875702,-0.21014513075351715,0.3131762742996216,-0.31356948614120483,-0.31470248103141785,-0.19698864221572876,-0.2096126675605774,-0.21804669499397278,0.018096674233675003,0.12697304785251617,0.01798621006309986,0.12612469494342804
88,870,879,10,10,2217,2217,0,0.0,2217,0,0.0,0,11.030629199987743,8.90138149948325,1.1379310998599976,1.6287149979034439,18.510174900002312,75.04873572485951,quality,not_promoted,-0.0026001322349267345,0.00012288525181897319,0.3446109509893826,-0.005984798862066652,0.0002049934073251539,0.0033482142857142855,1.0003346647535052,0.11885177131210055,0.0,0.42497876286506653,1.5390771627426147,0.27632778882980347,-0.0015187455574050546,0.011674847453832626,1.5405960083007812,0.2753344774246216,0.9982149600982666,2.5e-05,-0.3054904639720917,-0.31515294313430786,-0.2104693055152893,-0.21053382754325867,-0.21023307740688324,0.3133213222026825,-0.31365829706192017,-0.3147294819355011,-0.19694404304027557,-0.20967572927474976,-0.2181929647922516,0.01810380630195141,0.12703189253807068,0.01798621006309986,0.12614117562770844
89,880,889,10,10,2067,2067,0,0.0,2067,0,0.0,0,10.614758500014432,8.257852600363549,1.8375902000116184,1.5027163000777364,16.716270999982953,75.62832567284734,quality,not_promoted,-0.004545594177519281,0.00013818614112978773,0.3227462402798913,-0.007703963667154312,3.532904324266679e-06,0.0,0.9998872216903802,0.08902351961781581,0.0,0.31868767738342285,1.5307645797729492,0.2699320316314697,-0.0004933761083520949,0.012179736979305744,1.5312581062316895,0.26766523718833923,0.9979640245437622,2.5e-05,-0.30547255277633667,-0.3152616024017334,-0.2105548232793808,-0.2106088548898697,-0.21031786501407623,0.31340622901916504,-0.31369873881340027,-0.31484687328338623,-0.1969151496887207,-0.20970411598682404,-0.2183440774679184,0.0181135144084692,0.12710709869861603,0.01798621006309986,0.1261839121580124
90,890,899,10,10,2146,2146,0,0.0,2146,0,0.0,0,10.784075599978678,8.57057439989876,1.5406077998341061,1.618883900810033,17.025298499967903,77.16822364600152,quality,not_promoted,-0.0003275664331501021,7.907843155408045e-05,0.3397364482721862,-0.003685391730601516,2.716443107013166e-05,0.0,1.0000673436066683,0.1300262391758973,0.014705882352941176,0.7403417229652405,1.5248745679855347,0.28550076484680176,-0.0017199194990098476,0.009645587764680386,1.5265944004058838,0.2874663770198822,0.9988585710525513,2.5e-05,-0.30540522933006287,-0.3153438866138458,-0.2106150984764099,-0.21066613495349884,-0.2103758454322815,0.31342360377311707,-0.31382328271865845,-0.3149387538433075,-0.1968432515859604,-0.20975980162620544,-0.21837805211544037,0.018114706501364708,0.12713922560214996,0.01798621006309986,0.12623268365859985
91,900,909,10,10,6764,6764,0,0.0,6764,0,0.0,0,49.44846919999691,29.61374920059461,2.09040049999021,9.743800303665921,57.792166300001554,63.07310627602628,quality,not_promoted,-6.963252880663242e-05,0.010925673032411482,0.11660422399675227,0.004227161743263011,5.259106558027407e-05,0.0,1.0002070212701581,0.20416945662296745,0.06132075471698113,0.9147005677223206,1.5384060144424438,0.21628066897392273,-0.010042348876595497,0.10593409836292267,1.5484479665756226,0.17737141251564026,0.7600967884063721,2.5e-05,-0.3053818345069885,-0.3153643012046814,-0.21061831712722778,-0.21068060398101807,-0.21039234101772308,0.3134258985519409,-0.3138516843318939,-0.31495633721351624,-0.19683261215686798,-0.20977550745010376,-0.21837665140628815,0.018115846440196037,0.12714757025241852,0.01798621006309986,0.12624314427375793
92,910,919,10,10,1993,1993,0,0.0,1993,0,0.0,0,9.706476000021212,7.973401499795727,1.2929830001085065,1.5316586979897693,16.184390900016297,76.97695128150046,quality,not_promoted,0.0024774923513177782,0.00024521950138023385,0.3690322944894433,-0.0010902215690293815,0.00023600832298598107,0.00390625,1.0001197792589664,0.13237882748944685,0.0,0.45904257893562317,1.554250955581665,0.2900533974170685,-0.005025605671107769,0.016120435670018196,1.5592764616012573,0.28193631768226624,0.9969111680984497,2.5e-05,-0.30528461933135986,-0.3155272901058197,-0.21071988344192505,-0.21080349385738373,-0.21050404012203217,0.313503235578537,-0.31412118673324585,-0.31514614820480347,-0.19684533774852753,-0.2099667340517044,-0.21854984760284424,0.018118610605597496,0.12722238898277283,0.01798621006309986,0.1263294517993927
93,920,929,10,10,2272,2272,0,0.0,2272,0,0.0,0,11.363291699963156,9.171497200033627,1.676630900008604,1.719805100467056,18.970853200007696,74.89909498000002,quality,not_promoted,-0.002583430407361852,8.569596694643324e-05,0.3568272180855274,-0.006108854250568483,4.833772092954152e-05,0.0,0.9999564405944612,0.12203161299435629,0.027777777777777776,0.5997974872589111,1.5793414115905762,0.29048147797584534,-0.003094952553510666,0.01091375108808279,1.5824363231658936,0.28532519936561584,0.9985883831977844,2.5e-05,-0.3052387237548828,-0.3156692683696747,-0.21079126000404358,-0.21090248227119446,-0.21061426401138306,0.3136301636695862,-0.31418129801750183,-0.3153015375137329,-0.1968468725681305,-0.2100117951631546,-0.21867632865905762,0.01811615563929081,0.12726044654846191,0.01798621006309986,0.12638266384601593
94,930,939,10,10,2185,2185,0,0.0,2185,0,0.0,0,11.416730299999472,8.811190199572593,1.5037133999867365,1.634134401101619,17.6612164999824,75.1428570603672,quality,not_promoted,-0.002348262683621475,9.571414484526031e-05,0.34871249262775694,-0.0057875303152416435,1.8928229967839018e-05,0.0,0.999869910308293,0.15716406668403318,0.02857142857142857,1.2614827156066895,1.5707588195800781,0.28469306230545044,-0.005476818419992924,0.01081219781190157,1.5762356519699097,0.28169766068458557,0.9985576272010803,2.5e-05,-0.3051583170890808,-0.3157244920730591,-0.21077832579612732,-0.21093975007534027,-0.2106589525938034,0.31357213854789734,-0.31421393156051636,-0.315344899892807,-0.19692577421665192,-0.210035502910614,-0.2188372015953064,0.018113089725375175,0.1272897869348526,0.01798621006309986,0.12641529738903046
95,940,949,10,10,2413,2413,0,0.0,2413,0,0.0,0,12.106158300011884,9.723007600696292,2.1293087000376545,1.7040921013103798,20.05528760002926,75.02772131264513,quality,not_promoted,0.000128665032159341,0.00011296919001324568,0.31514159629219457,-0.0029662656107623327,9.83242539584688e-05,0.00041118421052631577,0.9997881494070354,0.1227622415968462,0.0,0.4805458188056946,1.5594931840896606,0.29013481736183167,-0.003885912476107478,0.011802942492067814,1.563379168510437,0.28755995631217957,0.9983450770378113,2.5e-05,-0.3052136301994324,-0.3157595694065094,-0.2107802778482437,-0.21096274256706238,-0.2106866091489792,0.3136341869831085,-0.31430917978286743,-0.31547659635543823,-0.19695714116096497,-0.21009865403175354,-0.21902364492416382,0.01811622828245163,0.1273346245288849,0.01798621006309986,0.12647393345832825
96,950,959,10,10,2400,2400,0,0.0,2400,0,0.0,0,12.178306900023017,9.71327449963428,1.8036584999063052,1.7201921995147131,19.87534610001603,74.87446126646084,quality,not_promoted,-0.0007271227292030266,0.00021727510590464685,0.3503575377950543,-0.004122059936267569,0.0006766239086190533,0.013569078947368422,1.0007733153669458,0.1511768278126654,0.02631578947368421,0.8015420436859131,1.6105585098266602,0.2933502495288849,-0.0023731975816190243,0.01602112501859665,1.6129316091537476,0.2913595736026764,0.9970172643661499,2.5e-05,-0.3052414655685425,-0.3158116638660431,-0.21079182624816895,-0.21100600063800812,-0.21074792742729187,0.31373560428619385,-0.31452345848083496,-0.3156723082065582,-0.19688862562179565,-0.2102508842945099,-0.2191992849111557,0.018109871074557304,0.1273505687713623,0.01798621006309986,0.12654025852680206
97,960,969,10,10,2403,2403,0,0.0,2403,0,0.0,0,11.989699500030838,9.711106999544427,1.4851563000120223,1.7781645999639295,20.18741700000828,74.6804021422205,quality,not_promoted,5.5701165509067085e-05,0.0001603340970177669,0.3429570660779351,-0.003293702728115022,0.00030592255815894243,0.0030838815789473685,0.9997672540576834,0.16053886736105932,0.013157894736842105,0.5950375199317932,1.5474140644073486,0.28565269708633423,-0.00467328354716301,0.013252071104943752,1.5520873069763184,0.2830984592437744,0.9978477358818054,2.5e-05,-0.3052763342857361,-0.3158843517303467,-0.21081416308879852,-0.2110651284456253,-0.2108146995306015,0.3137684464454651,-0.3147212862968445,-0.3159641623497009,-0.19684046506881714,-0.21038363873958588,-0.2195146232843399,0.01811453513801098,0.12739518284797668,0.01798621006309986,0.12657833099365234
98,970,979,10,10,2287,2287,0,0.0,2287,0,0.0,0,11.681744200002868,9.291098700079601,1.620389100164175,1.6763910029549152,19.948874599998817,72.3033594271598,quality,not_promoted,-0.000349965942506161,0.00012979533676116262,0.38897213257021374,-0.004174789439679848,0.0007427914242725819,0.011935763888888888,0.9984540277057223,0.13561619888059795,0.0,0.41756758093833923,1.6096324920654297,0.2865102291107178,-0.002184156794101,0.012450573965907097,1.611816644668579,0.2858215868473053,0.9981116056442261,2.5e-05,-0.30531245470046997,-0.31595349311828613,-0.21088072657585144,-0.21111434698104858,-0.21085700392723083,0.31381911039352417,-0.3148702085018158,-0.31620755791664124,-0.19669729471206665,-0.21048398315906525,-0.21969804167747498,0.018113089725375175,0.12741602957248688,0.01798621006309986,0.12660028040409088
99,980,989,10,10,2807,2807,0,0.0,2807,0,0.0,0,24.028624000027776,20.763827199698426,2.9631482998956926,2.0471534995594993,33.681400100002065,48.63973016428785,quality,not_promoted,-0.0004304350692440163,0.00010600876273449764,0.35160084322772245,-0.0038934388959949665,9.9883817628407e-05,0.0,0.9998047927563841,0.14519879930991342,0.022727272727272728,0.5735278725624084,1.6465567350387573,0.2707463502883911,-0.0033883959986269474,0.011404525488615036,1.6499450206756592,0.27274349331855774,0.9982256889343262,2.5e-05,-0.30526986718177795,-0.31586503982543945,-0.21076160669326782,-0.21104992926120758,-0.21078899502754211,0.3137533366680145,-0.3149874806404114,-0.3163635730743408,-0.1966923326253891,-0.21059159934520721,-0.21983285248279572,0.01811123639345169,0.12736092507839203,0.01798621006309986,0.12665687501430511
100,990,999,10,10,2655,2655,0,0.0,2655,0,0.0,0,22.700446899980307,18.644776999833994,2.2926005998742767,2.014959699183237,30.269855899969116,50.12242444652469,quality,not_promoted,-0.0010374310160321848,8.751759079521955e-05,0.2953536904283932,-0.003947207803971001,6.727594516286488e-05,0.0,1.0001550621929622,0.12578634554076762,0.011904761904761904,0.5512645244598389,1.542100191116333,0.26384109258651733,-0.004139897879213095,0.01034399215131998,1.5462400913238525,0.26556485891342163,0.9984629154205322,2.5e-05,-0.30531731247901917,-0.31601423025131226,-0.21078354120254517,-0.21115326881408691,-0.21090510487556458,0.3138388395309448,-0.3151620030403137,-0.316665381193161,-0.1965557187795639,-0.21074075996875763,-0.22005096077919006,0.018118632957339287,0.1273808479309082,0.01798621006309986,0.12670163810253143
101,1000,1009,10,10,2226,2226,0,0.0,2226,0,0.0,0,17.462690100015607,14.712840500113089,2.3429665999719873,1.6105541998986155,24.83814040001016,52.62308029622832,quality,not_promoted,0.0007469897557582174,0.00013451803856047003,0.34148056379386355,-0.0026005565355132734,1.0034551909094651e-05,0.0,1.0000998309680393,0.11275459945734058,0.0,0.2600322663784027,1.5622273683547974,0.28707849979400635,-0.0034907672088593245,0.012356116436421871,1.5657180547714233,0.28912225365638733,0.9981474876403809,2.5e-05,-0.3053778111934662,-0.31612980365753174,-0.2108648121356964,-0.21123094856739044,-0.21097750961780548,0.313972532749176,-0.31524622440338135,-0.3167314827442169,-0.19652296602725983,-0.2107880562543869,-0.2201671302318573,0.018122505396604538,0.1274246722459793,0.01798621006309986,0.1267048418521881
102,1010,1019,10,10,2100,2100,0,0.0,2100,0,0.0,0,16.94005690002814,14.597917999897618,1.6615367999766022,1.4936014002887532,22.614511499996297,53.09121259426263,quality,not_promoted,-0.00042336971753022886,9.016888306536147e-05,0.34991505403410306,-0.003877436015472719,0.00017589192165442827,0.0,1.0000721017519634,0.11774364475047949,0.0,0.3891908526420593,1.5280734300613403,0.27464720606803894,-0.0016801318852230906,0.010565031319856644,1.5297534465789795,0.27754348516464233,0.9985202550888062,2.5e-05,-0.30544808506965637,-0.3163202106952667,-0.2109701931476593,-0.21136276423931122,-0.21108680963516235,0.31414514780044556,-0.315252423286438,-0.31670838594436646,-0.1965361386537552,-0.21076004207134247,-0.22024495899677277,0.01811964623630047,0.12749963998794556,0.01798621006309986,0.1267087310552597
103,1020,1029,10,10,2790,2790,0,0.0,2790,0,0.0,0,23.517938500037417,20.3031347997603,2.785205800028052,1.8814086004858837,32.558714500046335,49.75332604097882,quality,not_promoted,-0.0013062104540453715,0.00014300520276513205,0.3437721649692817,-0.004672429489966651,0.00011283331431596625,0.0005326704545454545,1.0000224127010866,0.16384374839253724,0.03409090909090909,0.9208768010139465,1.6136709451675415,0.2561545968055725,-0.0025111213326454163,0.012777145020663738,1.6161822080612183,0.25802597403526306,0.9975119233131409,2.5e-05,-0.30541884899139404,-0.31647011637687683,-0.21104329824447632,-0.21145187318325043,-0.211189404129982,0.31429344415664673,-0.3154112696647644,-0.3168235719203949,-0.19653871655464172,-0.2108682245016098,-0.22037680447101593,0.018119601532816887,0.12754712998867035,0.01798621006309986,0.12671618163585663
104,1030,1039,10,10,2470,2470,0,0.0,2470,0,0.0,0,20.395221000013407,17.67362499999581,1.8164238999597728,1.7222680001868866,29.56009530002484,49.444186984321206,quality,not_promoted,-0.0012626448670067848,0.0001525050545938146,0.3472729111329103,-0.004659121250136731,1.2626316016067927e-05,0.0,0.9999432044151502,0.11413939488239777,0.0,0.3673818111419678,1.5967239141464233,0.28122562170028687,-0.0005296168383210897,0.013148038648068905,1.597253441810608,0.27744874358177185,0.9978141784667969,2.5e-05,-0.3055118918418884,-0.31658434867858887,-0.2110849767923355,-0.21153677999973297,-0.21126961708068848,0.3144075274467468,-0.3155839145183563,-0.31710946559906006,-0.1964368224143982,-0.21099652349948883,-0.22059737145900726,0.018121525645256042,0.12759554386138916,0.01798621006309986,0.12676547467708588
105,1040,1049,10,10,2210,2210,0,0.0,2210,0,0.0,0,17.992605999985244,15.269278399879113,2.004240599984769,1.5135815990506671,25.49842489999719,50.81507506875153,quality,not_promoted,0.0027240529124225887,9.790148578758817e-05,0.36809329773698535,-0.0009079300731952701,4.4415399094889705e-05,0.0,0.9999017179012298,0.14882836836789334,0.0,0.4311728775501251,1.553128719329834,0.28294283151626587,-0.0002836330095306039,0.01026204414665699,1.5534124374389648,0.2841089963912964,0.9986845850944519,2.5e-05,-0.30532464385032654,-0.3166150152683258,-0.21107272803783417,-0.2115599513053894,-0.21134105324745178,0.3143164813518524,-0.3156183660030365,-0.3171582818031311,-0.1963835507631302,-0.2110213339328766,-0.22068242728710175,0.018115002661943436,0.12761133909225464,0.01798621006309986,0.1267433762550354
106,1050,1059,10,10,2514,2514,0,0.0,2514,0,0.0,0,20.648527300043497,17.79671829927247,1.6497581999283284,1.7167623990098946,29.44437659997493,50.186749105576915,quality,not_promoted,-0.005698449653573334,0.00017595503813936376,0.3667733730748296,-0.009278205473674462,0.0005829880922533448,0.0095703125,1.0008061058819293,0.1730373056139797,0.025,0.5928515195846558,1.586546778678894,0.2808297276496887,-0.0021705336403101683,0.01367164310067892,1.5887175798416138,0.28165462613105774,0.9976299405097961,2.5e-05,-0.30522531270980835,-0.31667888164520264,-0.21111777424812317,-0.21160545945167542,-0.21139690279960632,0.3142770528793335,-0.3157753348350525,-0.3174471855163574,-0.1961982101202011,-0.21109624207019806,-0.22094182670116425,0.018118200823664665,0.1276446431875229,0.01798621006309986,0.12680895626544952
107,1060,1069,10,10,2509,2509,0,0.0,2509,0,0.0,0,19.90566960000433,16.429915099346545,1.808355700050015,1.7428778004832566,27.720122700033244,52.681538276435575,quality,not_promoted,0.004329483595211059,0.00011828424894702038,0.32919490747153757,0.0010966770962113515,6.354536965886836e-05,0.0,1.0000975854694842,0.15023389549460262,0.0,0.3775017261505127,1.5125627517700195,0.288368284702301,-0.0010649836622178555,0.0117561100050807,1.5136277675628662,0.28941988945007324,0.998337984085083,2.5e-05,-0.30533552169799805,-0.3167734146118164,-0.21121293306350708,-0.21167095005512238,-0.21145935356616974,0.31441575288772583,-0.3160018026828766,-0.31777727603912354,-0.1961117833852768,-0.2112019807100296,-0.22117622196674347,0.018119608983397484,0.12770742177963257,0.01798621006309986,0.12689216434955597
108,1070,1079,10,10,2247,2247,0,0.0,2247,0,0.0,0,18.027079199964646,15.591021399537567,1.4912971999146976,1.5909027999150567,25.839559099986218,51.22343737934705,quality,not_promoted,0.006705670294144915,0.0001458777645287531,0.3789646219876077,0.0029889636530747842,0.0003432082600119833,0.0032552083333333335,1.0003867281807794,0.12678917934600678,0.0,0.33613014221191406,1.5432614088058472,0.2885954976081848,-0.0015059864381328225,0.012604721821844578,1.5447673797607422,0.28747135400772095,0.9980924129486084,2.5e-05,-0.3054414689540863,-0.31693488359451294,-0.211297869682312,-0.21179063618183136,-0.21158386766910553,0.31458234786987305,-0.3161123991012573,-0.31798624992370605,-0.196004256606102,-0.21127772331237793,-0.2213491052389145,0.018109524622559547,0.12777596712112427,0.01798621006309986,0.12697087228298187
109,1080,1089,10,10,2371,2371,0,0.0,2371,0,0.0,0,20.201360999955796,16.9640333004063,2.175369700009469,1.734182600514032,28.5561193000176,48.628435788985875,quality,not_promoted,-0.005686398068639009,0.00022950424921107601,0.35788182678975555,-0.009150464570235559,0.0004964722984207757,0.008429276315789474,0.9996028126854646,0.1262130068222943,0.0,0.444566011428833,1.5942786931991577,0.27441897988319397,0.0005590190412476659,0.017025412991642952,1.593719720840454,0.2715094983577728,0.9961508512496948,2.5e-05,-0.3055480122566223,-0.3170472979545593,-0.21140296757221222,-0.21187220513820648,-0.21167469024658203,0.31468522548675537,-0.3162229061126709,-0.31809577345848083,-0.19593483209609985,-0.2113494873046875,-0.22143146395683289,0.01810256391763687,0.12782138586044312,0.01798621006309986,0.12700915336608887
110,1090,1099,10,10,2820,2820,0,0.0,2820,0,0.0,0,22.869981999974698,19.72323899989715,1.764478600001894,1.9856136000016704,31.45732709998265,51.90759576940309,quality,not_promoted,-0.00573826661436922,9.144554209746679e-05,0.30313573363754487,-0.008723901005254851,0.0003628822910185489,0.004166666666666667,1.0001012325286864,0.14914973936975,0.011111111111111112,0.5598322749137878,1.6014045476913452,0.26325443387031555,-0.0005625541089102626,0.010536686517298222,1.6019670963287354,0.2639009356498718,0.9983980059623718,2.5e-05,-0.3055867552757263,-0.31712502241134644,-0.21145395934581757,-0.21193106472492218,-0.21175365149974823,0.3148374557495117,-0.31634172797203064,-0.3182401657104492,-0.1959168165922165,-0.21143460273742676,-0.2215745747089386,0.018098758533596992,0.12785524129867554,0.01798621006309986,0.12699173390865326
111,1100,1109,10,10,2915,2915,0,0.0,2915,0,0.0,0,23.62233370001195,20.318752799881622,1.7606620999868028,2.0050257009570487,33.36737789999461,51.149583287234336,quality,not_promoted,0.00037367166141453,9.416520278255516e-05,0.3016862148500007,-0.002596107799985001,0.00032800620354701886,0.00594429347826087,0.9995140511056652,0.15005300056351267,0.043478260869565216,0.631699800491333,1.6017364263534546,0.261268675327301,-0.0007126812124624848,0.010423335246741772,1.6024489402770996,0.26170670986175537,0.9984083771705627,2.5e-05,-0.30558428168296814,-0.317288875579834,-0.21153265237808228,-0.2120465487241745,-0.21187148988246918,0.31498175859451294,-0.31614845991134644,-0.3184088468551636,-0.19588080048561096,-0.2114085704088211,-0.22169609367847443,0.018106447532773018,0.12789887189865112,0.01798621006309986,0.12701298296451569
112,1110,1119,10,10,2520,2520,0,0.0,2520,0,0.0,0,20.658543500001542,17.584653500001878,1.905398600094486,1.7188835002016276,28.5159897999838,51.24603795682086,quality,not_promoted,-0.004570906679145992,0.0001075670656064176,0.3356139600276947,-0.00787326272984501,0.0002452579457894899,0.0,0.9994635485112667,0.14211794745642692,0.0125,0.5590656995773315,1.534637689590454,0.27453091740608215,-0.0005361427320167422,0.010668805800378323,1.535173773765564,0.27441269159317017,0.9984897375106812,2.5e-05,-0.30559518933296204,-0.3175240159034729,-0.21166779100894928,-0.2122112512588501,-0.21202559769153595,0.3151600658893585,-0.3163570165634155,-0.31857991218566895,-0.1957906037569046,-0.21156081557273865,-0.22189097106456757,0.01810772344470024,0.12802186608314514,0.01798621006309986,0.12710797786712646
113,1120,1129,10,10,2397,2397,0,0.0,2397,0,0.0,0,19.37590199999977,16.664158299856354,1.9549819999956526,1.6219936003908515,27.694579600007273,50.92363448432704,quality,not_promoted,-0.00047416192798041985,0.0001350095878335292,0.3574559621905026,-0.003981216265329797,0.00011975734292048544,0.0006167763157894736,1.0004063044723712,0.1268495747231339,0.0,0.4082811772823334,1.5887975692749023,0.2718725800514221,-0.0012779056560248137,0.01206345297396183,1.5900756120681763,0.2706625759601593,0.9980311393737793,2.5e-05,-0.30559149384498596,-0.31756705045700073,-0.21171703934669495,-0.21224315464496613,-0.21205496788024902,0.3151931166648865,-0.316395103931427,-0.3187677562236786,-0.19573470950126648,-0.21158598363399506,-0.22207443416118622,0.018118038773536682,0.12805898487567902,0.01798621006309986,0.127182275056839
114,1130,1139,10,10,2494,2494,0,0.0,2494,0,0.0,0,20.642329499998596,17.984413399128243,1.7773614000761881,1.815791599394288,30.650555500003975,48.62272808401935,quality,not_promoted,-0.00028537739760791644,8.997495112849626e-05,0.3464791151957634,-0.0037051808680049502,4.919594674645804e-05,0.0,0.9999116384066068,0.1213175712678677,0.0,0.3402835726737976,1.5376136302947998,0.2717384099960327,-0.0009118593879975379,0.0095371687784791,1.5385254621505737,0.27179598808288574,0.9987682104110718,2.5e-05,-0.3055908977985382,-0.31756284832954407,-0.21172115206718445,-0.2122337371110916,-0.2120431661605835,0.31521138548851013,-0.3164830207824707,-0.3189604878425598,-0.19560500979423523,-0.21165499091148376,-0.22238363325595856,0.018119914457201958,0.12806540727615356,0.01798621006309986,0.12723496556282043
115,1140,1149,10,10,2462,2462,0,0.0,2462,0,0.0,0,20.057775099994615,17.200051300111227,1.7982966000563465,1.6991413001087494,28.670532099960838,50.52504676382952,quality,not_promoted,0.002515749122278813,9.110484550033923e-05,0.36990647858534104,-0.0011377624409177746,1.881841518962364e-05,0.0,1.0000765843269153,0.10238808517654736,0.0,0.42837783694267273,1.5741794109344482,0.25957727432250977,-0.0018602774944156408,0.01093281339854002,1.5760397911071777,0.2618761658668518,0.9982261061668396,2.5e-05,-0.305581271648407,-0.3178744912147522,-0.21192976832389832,-0.21245257556438446,-0.21224959194660187,0.3153397738933563,-0.3165426254272461,-0.3189470171928406,-0.19556830823421478,-0.21169786155223846,-0.22238756716251373,0.018119435757398605,0.12819929420948029,0.01798621006309986,0.12721025943756104
116,1150,1159,10,10,2502,2502,0,0.0,2502,0,0.0,0,20.56424130004598,18.064575900207274,1.5772085998905823,1.6927824997110292,29.42804910003906,50.047716957487985,quality,not_promoted,0.004555900080595166,9.827009835134959e-05,0.3650196174159646,0.0009548396337777376,7.154225168086726e-05,0.0,0.9997725941240787,0.15201767873950303,0.0,0.4127376079559326,1.5650869607925415,0.2753461003303528,0.0006872463854961097,0.010454952716827393,1.5643997192382812,0.27534905076026917,0.9985582828521729,2.5e-05,-0.3056480288505554,-0.317918062210083,-0.2118941992521286,-0.21248187124729156,-0.21228788793087006,0.31538575887680054,-0.31679415702819824,-0.3191207945346832,-0.19562119245529175,-0.2118479311466217,-0.22260379791259766,0.018115095794200897,0.1282183676958084,0.01798621006309986,0.12727291882038116
117,1160,1169,10,10,6708,6708,0,0.0,6708,0,0.0,0,58.119102699973155,37.776588799315505,2.4106284000445157,9.567223800637294,76.5572590000229,49.80829534838998,quality,not_promoted,-9.290008761343502e-05,0.012336681317745908,0.10592679382257518,0.005016172535362698,9.154196020005096e-07,0.0,1.0000232636928559,0.21911621950566768,0.08571428571428572,1.1876757144927979,1.5741041898727417,0.22306883335113525,-0.011373298242688179,0.11329642683267593,1.5854774713516235,0.18072815239429474,0.7420386672019958,2.5e-05,-0.30563369393348694,-0.31791529059410095,-0.21189378201961517,-0.21247869729995728,-0.21228529512882233,0.3153589069843292,-0.31681203842163086,-0.31909340620040894,-0.1956188827753067,-0.2118600308895111,-0.2226191759109497,0.018115902319550514,0.12822093069553375,0.01798621006309986,0.12727215886116028
118,1170,1179,10,10,2946,2946,0,0.0,2946,0,0.0,0,25.508190700027626,21.925253599823918,3.5101308000739664,2.067081000539474,36.27708850003546,47.68126061971396,quality,not_promoted,-0.011741934790018392,8.595178626413318e-05,0.33675084881325984,-0.015066468714181571,6.149256938791022e-05,0.00016622340425531914,1.0001795843560646,0.1392077253735129,0.02127659574468085,0.6314585208892822,1.6118247509002686,0.2575450539588928,-0.0010966125410050154,0.009675434790551662,1.612921118736267,0.2555118501186371,0.9985886216163635,2.5e-05,-0.30584320425987244,-0.31780382990837097,-0.21182511746883392,-0.21240203082561493,-0.21219399571418762,0.31535884737968445,-0.31694793701171875,-0.3192501664161682,-0.19546668231487274,-0.21189402043819427,-0.2227669358253479,0.018110189586877823,0.12814894318580627,0.01798621006309986,0.12730945646762848
119,1180,1189,10,10,2863,2863,0,0.0,2863,0,0.0,0,24.40469989995472,21.28274689929094,2.214825499977451,1.931384898838587,35.45209969999269,47.830823216991966,quality,not_promoted,-0.000738311672790183,0.0001169408522804992,0.36012421796719235,-0.004281083209854033,5.118649025159054e-05,0.00017361111111111112,1.00024017824067,0.1495140340179205,0.022222222222222223,0.5557447075843811,1.6471953392028809,0.2500734031200409,-0.0015766216674819589,0.011457046493887901,1.6487720012664795,0.24893587827682495,0.9979010224342346,2.5e-05,-0.30566269159317017,-0.3178959786891937,-0.2118835300207138,-0.21244989335536957,-0.2122230976819992,0.315263569355011,-0.31708213686943054,-0.3194442391395569,-0.19550220668315887,-0.21201075613498688,-0.22294655442237854,0.018111437559127808,0.1281651109457016,0.01798621006309986,0.12742580473423004
120,1190,1199,10,10,2506,2506,0,0.0,2506,0,0.0,0,20.324659099976998,16.99580640043132,1.8433174999663606,1.79915880021872,28.3243700999883,51.51181927391446,quality,not_promoted,-0.001860010449308902,0.00011934303524867574,0.3242441019043326,-0.005042779806535691,0.0002451192810269731,0.0044921875,1.0003694958984852,0.13548692953772842,0.025,0.5695104598999023,1.5783699750900269,0.27612704038619995,-0.0008613145910203457,0.01168791577219963,1.5792313814163208,0.2754330337047577,0.9982083439826965,2.5e-05,-0.30565547943115234,-0.31784123182296753,-0.211836040019989,-0.21241402626037598,-0.21220357716083527,0.31526175141334534,-0.31706032156944275,-0.319577693939209,-0.19541727006435394,-0.21200747787952423,-0.22311875224113464,0.018111780285835266,0.12815207242965698,0.01798621006309986,0.12746664881706238
121,1200,1209,10,10,2768,2768,0,0.0,2768,0,0.0,0,23.383198600029573,19.169827499135863,3.356725899851881,1.9470574007718824,33.26214369997615,48.86544749504886,quality,not_promoted,-0.0018676734656434167,0.0001056720323669486,0.32572030767121096,-0.005072040229358457,0.0002026335893209431,0.0015980113636363637,0.9997832998633385,0.11675146057016471,0.011363636363636364,0.5118932723999023,1.6035524606704712,0.26356998085975647,-0.0008576441905461252,0.010452705435454845,1.604410171508789,0.26195403933525085,0.9984272122383118,2.5e-05,-0.3056183457374573,-0.3178709149360657,-0.2118324488401413,-0.21243347227573395,-0.21222023665905,0.31529372930526733,-0.31721702218055725,-0.3198605179786682,-0.19530412554740906,-0.2121523916721344,-0.22330276668071747,0.01811370439827442,0.12817327678203583,0.01798621006309986,0.12753383815288544
122,1210,1219,10,10,2384,2384,0,0.0,2384,0,0.0,0,20.191363300022203,16.9130932999542,3.66732370009413,1.6210666010156274,28.494236099999398,48.9672517002829,quality,not_promoted,0.004747687489725649,0.00014309066299526756,0.33108529095586975,0.0015083807581839593,0.00017262205993143938,0.0028782894736842104,0.9996029013081601,0.1102297124207804,0.02631578947368421,0.6113653182983398,1.6051740646362305,0.2718944549560547,-0.0011560273123905063,0.012818976305425167,1.606330156326294,0.27147719264030457,0.9977771639823914,2.5e-05,-0.30561354756355286,-0.31786662340164185,-0.211849182844162,-0.21242699027061462,-0.21223130822181702,0.3152729868888855,-0.3173069357872009,-0.3199980854988098,-0.19523729383945465,-0.21221669018268585,-0.22348760068416595,0.018111610785126686,0.1281825602054596,0.01798621006309986,0.12755714356899261
123,1220,1229,10,10,2334,2334,0,0.0,2334,0,0.0,0,27.181562200014014,16.476082800130825,10.470357099955436,1.635101400082931,26.175671299977694,43.7428975773334,quality,not_promoted,0.000707710740735402,8.322778985775831e-05,0.34668508594906006,-0.002717527183326515,5.4874709766826946e-05,0.0,1.0000435774390761,0.15833113360143192,0.02702702702702703,0.6760973930358887,1.5439085960388184,0.2684048116207123,-0.003246178850531578,0.009638193994760513,1.5471549034118652,0.2696567177772522,0.9987105131149292,2.5e-05,-0.3056453466415405,-0.3180491030216217,-0.2119757980108261,-0.21255157887935638,-0.2123694121837616,0.3154571056365967,-0.31758496165275574,-0.32020658254623413,-0.19521158933639526,-0.2124038189649582,-0.22373831272125244,0.018108274787664413,0.12827380001544952,0.01798621006309986,0.12766054272651672
124,1230,1239,10,10,2323,2323,0,0.0,2323,0,0.0,0,27.598192299949005,16.441287999216,10.291977100074291,1.5280189977493137,26.73227959999349,42.75685299178229,quality,not_promoted,0.0012927761150372994,5.171812955341994e-05,0.3441812466527965,-0.002123176950860668,0.0001108062284106996,0.0023226351351351353,0.9999906557637293,0.1089679129623078,0.0,0.31502392888069153,1.5186039209365845,0.26495227217674255,-0.00166500941850245,0.00794968195259571,1.5202690362930298,0.2678311765193939,0.9990997314453125,2.5e-05,-0.3058032691478729,-0.3181755840778351,-0.2120257169008255,-0.2126350700855255,-0.21246016025543213,0.3156549334526062,-0.31773194670677185,-0.32035210728645325,-0.19520293176174164,-0.21249717473983765,-0.223956897854805,0.01810859516263008,0.12831823527812958,0.01798621006309986,0.12773585319519043
125,1240,1249,10,10,2544,2544,0,0.0,2544,0,0.0,0,30.34596419997979,18.382474899408408,11.225286400062032,1.8024547996465117,28.93217599997297,42.91632617721747,quality,not_promoted,0.0004257404594682157,0.00011604498786255135,0.3477343894541264,-0.0029935804719571023,0.00013472371714158272,0.0,0.999893382191658,0.12469969247467816,0.0,0.4677652418613434,1.6052401065826416,0.27742213010787964,0.0003641437506303191,0.01145149115473032,1.604875922203064,0.2761590778827667,0.9982960820198059,2.5e-05,-0.30575594305992126,-0.31824418902397156,-0.21207380294799805,-0.21268558502197266,-0.21251481771469116,0.31568044424057007,-0.3177807629108429,-0.32066863775253296,-0.19513562321662903,-0.21251577138900757,-0.22414247691631317,0.01810508593916893,0.12835676968097687,0.01798621006309986,0.12775690853595734
126,1250,1259,10,10,2195,2195,0,0.0,2195,0,0.0,0,17.329927299986593,15.130210599745624,1.40445329999784,1.460442698735278,25.646832300000824,51.07411588100846,quality,not_promoted,-0.004371242930314371,0.0001631492803945938,0.3589241666453225,-0.007878909768935825,0.0005025777803634161,0.009598214285714286,0.9998137005737849,0.14056025961680071,0.0,0.4212055504322052,1.537100911140442,0.28817400336265564,-0.00024985254276543856,0.01344628632068634,1.5373507738113403,0.2869531214237213,0.9978228211402893,2.5e-05,-0.30570188164711,-0.3182154893875122,-0.21203850209712982,-0.21266473829746246,-0.21249635517597198,0.31559473276138306,-0.31797274947166443,-0.3208903670310974,-0.1950574815273285,-0.21265879273414612,-0.2243914157152176,0.018110046163201332,0.12832532823085785,0.01798621006309986,0.12783080339431763
127,1260,1269,10,10,2901,2901,0,0.0,2901,0,0.0,0,23.568757899978664,19.15813490061555,1.671262700110674,2.237690802081488,33.24553150002612,51.06109802017089,quality,not_promoted,0.0008131862901475118,0.00011050986615927009,0.28689600106166757,-0.002000518993515035,9.893763412156144e-05,0.0,1.0002356838920843,0.15796799965850686,0.010869565217391304,0.5523627400398254,1.6019495725631714,0.26122307777404785,-0.0024487830232828856,0.011012467555701733,1.604398250579834,0.26095157861709595,0.9982227683067322,2.5e-05,-0.3057955801486969,-0.31817224621772766,-0.2120126485824585,-0.21263933181762695,-0.21246188879013062,0.31570494174957275,-0.31819671392440796,-0.32103919982910156,-0.19504167139530182,-0.2128620594739914,-0.22463954985141754,0.018116364255547523,0.12832090258598328,0.01798621006309986,0.1278827041387558
128,1270,1279,10,10,2658,2658,0,0.0,2658,0,0.0,0,21.93395400000736,18.390669999236707,2.202784299966879,1.9157793983467855,31.150376400037203,50.07127300974241,quality,not_promoted,-7.158341551465648e-05,0.00023628702166163186,0.32584071691547123,-0.0032118469881381663,5.839921975945929e-05,0.0,0.9998628341016316,0.15574779889235893,0.011904761904761904,0.9526892900466919,1.582105040550232,0.2761014997959137,-0.0006421719444915652,0.016263103112578392,1.5827473402023315,0.2743110656738281,0.9965304732322693,2.5e-05,-0.30577167868614197,-0.3182172179222107,-0.2120531052350998,-0.21267536282539368,-0.2124926894903183,0.31566283106803894,-0.3184283673763275,-0.32133588194847107,-0.19494575262069702,-0.21302995085716248,-0.22489705681800842,0.018118254840373993,0.12834711372852325,0.01798621006309986,0.127966970205307
129,1280,1289,10,10,2424,2424,0,0.0,2424,0,0.0,0,19.338208700006362,16.606362599879503,1.9781263999757357,1.761815699574072,27.82945479999762,51.39114003388774,quality,not_promoted,0.00037990624121831437,0.00012715875728693056,0.36479089134617854,-0.0032044225249831613,3.40777348690991e-05,0.0,0.9999644050472661,0.14413263697765374,0.013157894736842105,0.7497553825378418,1.5845962762832642,0.27706223726272583,-0.0009021235746331513,0.012137417681515217,1.585498332977295,0.27745333313941956,0.9980809092521667,2.5e-05,-0.3057907819747925,-0.31820639967918396,-0.21202754974365234,-0.21266783773899078,-0.21248304843902588,0.3156047463417053,-0.31862500309944153,-0.32164183259010315,-0.19487114250659943,-0.21316424012184143,-0.22513195872306824,0.01811981573700905,0.12833598256111145,0.01798621006309986,0.12805378437042236
130,1290,1299,10,10,6899,6899,0,0.0,6899,0,0.0,0,61.232051500002854,41.532167099940125,1.8048942001187243,9.25533939624438,84.28110780002316,47.41151957106031,quality,not_promoted,0.0002387067911008166,0.010188377895701706,0.13582961886465825,0.003974599486725681,2.4647939384252554e-05,0.0,0.9999837800860405,0.18825470619076104,0.05555555555555555,0.9170162081718445,1.589632272720337,0.25159522891044617,-0.010146332904696465,0.1026177853345871,1.5997785329818726,0.2165992707014084,0.8336431980133057,2.5e-05,-0.305789977312088,-0.3181503713130951,-0.21199500560760498,-0.2126285582780838,-0.21244430541992188,0.3155575096607208,-0.31865665316581726,-0.32167211174964905,-0.19487236440181732,-0.21318389475345612,-0.22515562176704407,0.018120083957910538,0.12831741571426392,0.01798621006309986,0.12805916368961334
131,1300,1309,10,10,2472,2472,0,0.0,2472,0,0.0,0,20.66715729999123,17.79011720023118,2.3448208999470808,1.757745401293505,28.70809560001362,50.06556634770689,quality,not_promoted,-3.1852999176734534e-05,0.00015000998591392254,0.3768684075046808,-0.003725531469218624,0.00044095903553963394,0.004807692307692308,0.999339739481608,0.17380588119610763,0.038461538461538464,0.6155092716217041,1.5384780168533325,0.2660394012928009,0.00035312166437506676,0.014547515660524368,1.5381247997283936,0.2730788588523865,0.9970098733901978,2.5e-05,-0.3057113587856293,-0.31819719076156616,-0.21205422282218933,-0.212657630443573,-0.21247367560863495,0.3155847191810608,-0.3186129033565521,-0.32164016366004944,-0.19482320547103882,-0.21315620839595795,-0.22523638606071472,0.01814344897866249,0.12835747003555298,0.01798621006309986,0.12807917594909668
132,1310,1319,10,10,2477,2477,0,0.0,2477,0,0.0,0,20.55819299997529,17.970122599450406,1.542019100044854,1.7446644006413408,29.263794599974062,49.71700486719478,quality,not_promoted,-0.0010751232337684203,9.692661180265415e-05,0.4141632773173161,-0.005168292683382065,0.0013904680971068163,0.02063301282051282,0.9991608896316626,0.2062686573331937,0.01282051282051282,0.7337884306907654,1.5319604873657227,0.2638195753097534,0.0004372746916487813,0.011412899009883404,1.5315231084823608,0.2683699429035187,0.9981285333633423,2.5e-05,-0.3057127594947815,-0.318166583776474,-0.2120227813720703,-0.21262921392917633,-0.21243935823440552,0.31554028391838074,-0.3186558187007904,-0.3217674195766449,-0.19478356838226318,-0.21317888796329498,-0.22542116045951843,0.01815221831202507,0.12835533916950226,0.01798621006309986,0.12812624871730804
133,1320,1329,10,10,2507,2507,0,0.0,2507,0,0.0,0,20.23004840000067,16.558831300062593,1.9944106000475585,1.8317942967405543,27.98318779998226,51.998168917789584,quality,not_promoted,0.005288500897586345,0.0001315825185884023,0.36050051618367435,0.0017492874365416355,0.0004267331343726255,0.001171875,1.0000057362020016,0.172528110537678,0.0125,0.8270628452301025,1.4655914306640625,0.2972841262817383,0.0018608601531013846,0.013278452679514885,1.4637306928634644,0.3007144331932068,0.9980049729347229,2.5e-05,-0.3057061731815338,-0.3182573914527893,-0.21210233867168427,-0.21269145607948303,-0.212531179189682,0.315570205450058,-0.3188658356666565,-0.321916788816452,-0.19479240477085114,-0.21335242688655853,-0.22558735311031342,0.018143823370337486,0.12841254472732544,0.01798621006309986,0.1281774640083313
134,1330,1339,10,10,2906,2906,0,0.0,2906,0,0.0,0,24.61480159999337,21.12491929938551,2.5958864000276662,2.204801899380982,36.17620360001456,47.80312466357475,quality,not_promoted,-0.0009269697146247263,0.0001524364524811972,0.3631370890399684,-0.004482122389953988,0.00029268027688174146,0.0027957776075472,0.9998933310094087,0.16710287915623706,0.043478260869565216,0.8757813572883606,1.565179467201233,0.2562705874443054,0.0021857095416635275,0.013319517485797405,1.5629938840866089,0.259377121925354,0.9972986578941345,2.5e-05,-0.3059459626674652,-0.3182235062122345,-0.21212038397789001,-0.21266505122184753,-0.2125033289194107,0.3156214654445648,-0.31907734274864197,-0.3221363127231598,-0.19485199451446533,-0.21351517736911774,-0.2258121222257614,0.01815548725426197,0.12839549779891968,0.01798621006309986,0.12826499342918396
135,1340,1349,10,10,2475,2475,0,0.0,2475,0,0.0,0,20.913046500005294,17.882232099596877,2.182949900161475,1.7759967012680136,30.398434999980964,48.23481855616784,quality,not_promoted,-0.0006218092719045205,9.362727387969453e-05,0.38636910380461276,-0.00443868793379993,0.000201437212523067,0.002403846153846154,1.0003495132311797,0.17903176800180703,0.01282051282051282,0.5176973342895508,1.5770701169967651,0.24620690941810608,0.001036500558257103,0.011413026601076126,1.5760337114334106,0.24996575713157654,0.9978511929512024,2.5e-05,-0.3060134947299957,-0.3181021511554718,-0.21203482151031494,-0.21258097887039185,-0.2124204933643341,0.31553971767425537,-0.3193095624446869,-0.3224361836910248,-0.1948222666978836,-0.21368463337421417,-0.22604912519454956,0.018163496628403664,0.12835706770420074,0.01798621006309986,0.12840421497821808
136,1350,1359,10,10,2344,2344,0,0.0,2344,0,0.0,0,19.186989400011953,16.485901599749923,1.5825447999523021,1.691535698599182,26.36038239998743,51.462903508299284,quality,not_promoted,0.00048406218254082913,0.008780174760849567,0.36045403154315175,0.0012696093873347382,7.339062341162462e-05,0.0,0.9996971359124055,0.17863733870153492,0.013513513513513514,0.5759285092353821,1.5575308799743652,0.3167591989040375,-0.01011030562222004,0.1078767478466034,1.567641019821167,0.27219289541244507,0.884016215801239,2.5e-05,-0.30624136328697205,-0.31808075308799744,-0.21200838685035706,-0.21256771683692932,-0.21239601075649261,0.315789133310318,-0.31940022110939026,-0.3225615322589874,-0.1948252171278,-0.21374846994876862,-0.2261432409286499,0.018163159489631653,0.12835097312927246,0.01798621006309986,0.12844222784042358
137,1360,1369,10,10,2250,2250,0,0.0,2250,0,0.0,0,18.02873369998997,15.594441500492394,1.8641306999488734,1.6411558000836521,26.01735739997821,51.082853070737656,quality,not_promoted,-0.00558456571565734,0.0005400429565472425,0.38054841487771934,-0.009120027993857447,0.0005504259974663404,0.010199652777777778,0.9994033384654257,0.12367514789932305,0.0,0.47273626923561096,1.5346970558166504,0.2901890277862549,-0.0011276680743321776,0.027762189507484436,1.5358248949050903,0.2994985580444336,0.9908474087715149,2.5e-05,-0.30635344982147217,-0.3181377649307251,-0.21205653250217438,-0.21260963380336761,-0.21243703365325928,0.31584951281547546,-0.31941530108451843,-0.32260677218437195,-0.19483904540538788,-0.213749960064888,-0.22613821923732758,0.018169257789850235,0.12839250266551971,0.01798621006309986,0.12844356894493103
138,1370,1379,10,10,3381,3381,0,0.0,3381,0,0.0,0,28.393049900012556,23.607716000289656,4.474916199978907,2.519427800551057,41.30570839997381,48.508755140917074,quality,not_promoted,0.00022407078166615288,0.00034312665373809585,0.31180257701648856,-0.0027223914237868674,8.482108687702457e-05,0.00029481132075471697,0.9999508981434804,0.13987072859451455,0.0,0.3612370789051056,1.5628196001052856,0.30693790316581726,-0.0016376726562157273,0.0222745630890131,1.5644572973251343,0.3120180666446686,0.9947335720062256,2.5e-05,-0.30644190311431885,-0.3181774914264679,-0.2120468020439148,-0.21263068914413452,-0.2124485969543457,0.3159346282482147,-0.31964752078056335,-0.3227904438972473,-0.19475090503692627,-0.2139008790254593,-0.22633691132068634,0.01816278137266636,0.12842126190662384,0.01798621006309986,0.1284574270248413
139,1380,1389,10,10,2553,2553,0,0.0,2553,0,0.0,0,20.6609838999575,17.714655200659763,1.6466738000162877,1.9375177011825144,30.7127948999987,49.69461191362035,quality,not_promoted,-0.0001358567620627582,0.00020502532306636566,0.373585063777864,-0.0037691946054110304,0.0003637216621427797,0.0017817982472479344,1.0004234932363034,0.16801097909919918,0.0,0.47044166922569275,1.562485694885254,0.26795271039009094,-0.0009188234689645469,0.016560452058911324,1.5634047985076904,0.2726840376853943,0.9961802959442139,2.5e-05,-0.3064689338207245,-0.3182705342769623,-0.21211887896060944,-0.21269409358501434,-0.21248377859592438,0.31601452827453613,-0.31968072056770325,-0.32288095355033875,-0.19472819566726685,-0.2139231264591217,-0.22645266354084015,0.018158843740820885,0.12844626605510712,0.01798621006309986,0.12851037085056305
140,1390,1399,10,10,2509,2509,0,0.0,2509,0,0.0,0,21.48544459999539,18.797615300281905,1.8755191998789087,1.808869800704997,31.818310900009237,47.06985420567191,quality,not_promoted,-0.006282722554169595,0.0002903944021454663,0.38108881656080484,-0.009948413085658104,0.00014384081197249543,0.000390625,1.0001257888972759,0.16140025877393782,0.0375,0.6276684403419495,1.5642536878585815,0.2688683271408081,0.0008448825683444738,0.01845959946513176,1.5634087324142456,0.2722553014755249,0.9952862858772278,2.5e-05,-0.3064989149570465,-0.31833013892173767,-0.21218447387218475,-0.2127361297607422,-0.21250884234905243,0.31608712673187256,-0.31993988156318665,-0.3230352997779846,-0.19477622210979462,-0.21408547461032867,-0.22659142315387726,0.018163401633501053,0.1284676343202591,0.01798621006309986,0.12858934700489044
141,1400,1409,10,10,2195,2195,0,0.0,2195,0,0.0,0,17.59781439998187,14.887096499791369,1.850962000025902,1.6739381012739614,25.083777600026224,51.42732257971033,quality,not_promoted,-0.0010268728914005416,0.00019436748053911808,0.37508716540677206,-0.004680560964957944,2.0639675390806846e-05,0.0,0.9998864889144897,0.17760172486305237,0.04285714285714286,0.595261812210083,1.5278347730636597,0.2637413740158081,-0.0012087407521903515,0.01634662225842476,1.5290435552597046,0.2676941156387329,0.9961585402488708,2.5e-05,-0.30639880895614624,-0.31847527623176575,-0.21227355301380157,-0.21284347772598267,-0.21262246370315552,0.3161472678184509,-0.3201630413532257,-0.32321619987487793,-0.19481034576892853,-0.2142406702041626,-0.22674594819545746,0.018162235617637634,0.12853288650512695,0.01798621006309986,0.12863604724407196
142,1410,1419,10,10,2844,2844,0,0.0,2844,0,0.0,0,23.439592199982144,20.581226600101218,2.3937289999448694,2.0459430014016107,32.65206420002505,50.702728044230746,quality,not_promoted,-0.0020848378642565673,0.0001839584219851531,0.35289561599493025,-0.005521813534303672,0.00018571548122660412,0.0,0.9996960639953614,0.15604699390629928,0.011111111111111112,0.5021661520004272,1.5783098936080933,0.272195041179657,0.001022401382215321,0.015132103115320206,1.5772873163223267,0.275170236825943,0.9969094395637512,2.5e-05,-0.30626845359802246,-0.31837961077690125,-0.2122938632965088,-0.21279901266098022,-0.21256253123283386,0.31595876812934875,-0.32036852836608887,-0.32358452677726746,-0.19468526542186737,-0.21438756585121155,-0.22712896764278412,0.018162801861763,0.12852056324481964,0.01798621006309986,0.1287594586610794
143,1420,1429,10,10,2613,2613,0,0.0,2613,0,0.0,0,21.328458000032697,18.107911999861244,1.744111499923747,1.8245821003220044,30.264658899977803,50.64629076518283,quality,not_promoted,6.034945296805079e-05,0.00011213163940360905,0.3193788897336983,-0.003077373612762951,9.353242146572461e-05,0.00038109756097560977,0.9995485471516121,0.13417885263972892,0.012195121951219513,0.6005455255508423,1.5417054891586304,0.26116135716438293,-0.00026769284158945084,0.01190334651619196,1.5419731140136719,0.26501962542533875,0.9979225993156433,2.5e-05,-0.3062751293182373,-0.31837573647499084,-0.21230807900428772,-0.2127966731786728,-0.2125595211982727,0.315934956073761,-0.3205282986164093,-0.32376185059547424,-0.19475968182086945,-0.2144925892353058,-0.22733746469020844,0.01816600374877453,0.12850384414196014,0.01798621006309986,0.12884460389614105
144,1430,1439,10,10,2405,2405,0,0.0,2405,0,0.0,0,19.854378400021233,17.168318099342287,1.820305799948983,1.6713645015261136,28.889042199996766,49.33999235989425,quality,not_promoted,0.0004175224488503055,0.00012494354948438215,0.35757578478047725,-0.0030957641704988325,7.352170326301253e-05,0.0,1.000089757536587,0.1614350299596002,0.013157894736842105,0.5189973711967468,1.5580819845199585,0.25566861033439636,-0.0002175133558921516,0.013194557279348373,1.5582995414733887,0.25309860706329346,0.9973366260528564,2.5e-05,-0.30632731318473816,-0.3184719681739807,-0.2123945951461792,-0.21286457777023315,-0.21260768175125122,0.31606563925743103,-0.32061296701431274,-0.32382380962371826,-0.19469207525253296,-0.21454079449176788,-0.2275039106607437,0.018167123198509216,0.128530353307724,0.01798621006309986,0.12886007130146027
145,1440,1449,10,10,2782,2782,0,0.0,2782,0,0.0,0,23.956160600006115,20.21228820073884,3.00364680000348,1.9244906968669966,33.25292250001803,48.62864162909169,quality,not_promoted,0.0006848648613826795,0.0001316953310544539,0.3456036372279579,-0.0027053232889474284,8.15392736868148e-05,0.0,1.0002553070133382,0.15770374856550584,0.0,0.49019351601600647,1.5391721725463867,0.24976669251918793,0.0013035816373303533,0.012692134827375412,1.537868857383728,0.2515621781349182,0.9974177479743958,2.5e-05,-0.3062043786048889,-0.3186306059360504,-0.2124728411436081,-0.21297238767147064,-0.21272385120391846,0.31601017713546753,-0.3206108510494232,-0.3239077627658844,-0.19473625719547272,-0.21456943452358246,-0.22762233018875122,0.018163882195949554,0.12857308983802795,0.01798621006309986,0.1288878619670868
146,1450,1459,10,10,6848,6848,0,0.0,6848,0,0.0,0,59.40943050000351,39.86044829979073,1.9167587999836542,8.740281100850552,79.26325859996723,49.382470654067994,quality,not_promoted,1.7070925193969334e-06,0.007928617510795821,0.11613807213605842,0.0028046351589836945,7.071273366563788e-07,0.0,0.9999937724287264,0.17463563095395254,0.03271028037383177,0.8930851817131042,1.479931116104126,0.2817476689815521,-0.009380418807268143,0.0915164053440094,1.4893114566802979,0.24937120079994202,0.8944939970970154,2.5e-05,-0.30618542432785034,-0.3186603784561157,-0.2124864161014557,-0.21299287676811218,-0.21274706721305847,0.3160068988800049,-0.32062599062919617,-0.323934406042099,-0.19474931061267853,-0.21457931399345398,-0.2276611477136612,0.018163036555051804,0.1285855919122696,0.01798621006309986,0.12890194356441498
147,1460,1469,10,10,2622,2622,0,0.0,2622,0,0.0,0,23.219089299964253,18.845785700541455,3.704143699957058,1.843352599767968,32.01966019999236,47.4666791651766,quality,not_promoted,-0.00010663704810346045,9.636070154090526e-05,0.3869019430585024,-0.003927476902878503,6.950634642413295e-05,0.0,0.9999850595869669,0.17401230516957072,0.024390243902439025,0.5256086587905884,1.5829641819000244,0.25095582008361816,0.0014475538628175855,0.01017469260841608,1.5815165042877197,0.2506182789802551,0.9983562231063843,2.5e-05,-0.30637022852897644,-0.3188443183898926,-0.2126600295305252,-0.21311691403388977,-0.2128518968820572,0.3162899315357208,-0.3207871913909912,-0.3240262567996979,-0.19471320509910583,-0.21470029652118683,-0.227751225233078,0.01815968193113804,0.1286608874797821,0.01798621006309986,0.12895750999450684
148,1470,1479,10,10,2407,2407,0,0.0,2407,0,0.0,0,20.167914899997413,17.446596300404053,1.890028799942229,1.7320527999545448,29.298067800002173,48.65970245851439,quality,not_promoted,0.0005638852445898872,0.00014974756787092987,0.3863201633487877,-0.00322444266394565,6.100873131225327e-05,0.0,1.0001286644684642,0.14076294862714253,0.0,0.37188801169395447,1.582934856414795,0.27969157695770264,0.002327441470697522,0.01317316759377718,1.5806074142456055,0.2758916914463043,0.9977816939353943,2.5e-05,-0.30653584003448486,-0.3190896809101105,-0.21280883252620697,-0.2132866233587265,-0.21301805973052979,0.3165415823459625,-0.32092946767807007,-0.3241690397262573,-0.19464057683944702,-0.2147667407989502,-0.22795496881008148,0.018160009756684303,0.1287665218114853,0.01798621006309986,0.12908287346363068
149,1480,1489,10,10,2633,2633,0,0.0,2633,0,0.0,0,22.089188100013416,19.072347999957856,2.1452133000129834,1.8426388005609624,32.61698079999769,48.129855424759334,quality,not_promoted,-0.0005298717213528496,0.00010672663354073717,0.39757666133698966,-0.004452274114425693,0.0001173294703890736,0.00018601190476190475,0.999962832956087,0.17315968500805043,0.011904761904761904,0.5122589468955994,1.578721523284912,0.25133049488067627,0.002149662934243679,0.010861777700483799,1.576572060585022,0.2517046630382538,0.9981322884559631,2.5e-05,-0.30651551485061646,-0.31923505663871765,-0.2128669172525406,-0.2133936583995819,-0.21312831342220306,0.31656259298324585,-0.32100895047187805,-0.3242433965206146,-0.19463622570037842,-0.21483902633190155,-0.22809258103370667,0.01815982721745968,0.12883026897907257,0.01798621006309986,0.1291554868221283
150,1490,1499,10,10,2348,2348,0,0.0,2348,0,0.0,0,19.25909100001445,16.166911899868865,2.4287327001802623,1.6740804994478822,26.569521100027487,51.23436849613544,quality,not_promoted,0.0009640112670289504,0.00019115331933544194,0.38441563659423106,-0.0027845683853720896,0.000323616638795372,0.001900337837837838,1.0001043717603426,0.19676210489627477,0.04054054054054054,0.8318305611610413,1.5575329065322876,0.2632179856300354,0.0002375323820160702,0.01489277370274067,1.557295322418213,0.2596667408943176,0.9967987537384033,2.5e-05,-0.3065393269062042,-0.3193621039390564,-0.21303853392601013,-0.21348388493061066,-0.21321101486682892,0.3167209029197693,-0.32130464911460876,-0.3244796097278595,-0.19445137679576874,-0.21505315601825714,-0.22835251688957214,0.018173502758145332,0.12890256941318512,0.01798621006309986,0.12927751243114471
151,1500,1509,10,10,2629,2629,0,0.0,2629,0,0.0,0,21.513551399984863,17.774356199719477,2.294040599896107,1.9032944986247458,30.3524563999963,50.688304566231814,quality,not_promoted,-0.0005495876761242038,9.622754537087444e-05,0.37046634246196064,-0.004206138125265993,0.00012339562502596717,0.0,0.999875199936685,0.2261338888534478,0.047619047619047616,4.581319332122803,1.5890283584594727,0.26381421089172363,-0.0009949436644092202,0.01055664662271738,1.5900235176086426,0.26478567719459534,0.9983987808227539,2.5e-05,-0.30641451478004456,-0.3194130063056946,-0.21305134892463684,-0.21352340281009674,-0.21324624121189117,0.3167858123779297,-0.32139578461647034,-0.3245723247528076,-0.19442613422870636,-0.2151166796684265,-0.2284640073776245,0.01817459613084793,0.1289076954126358,0.01798621006309986,0.12933750450611115
152,1510,1519,10,10,2635,2635,0,0.0,2635,0,0.0,0,22.021612600015942,19.032291800074745,1.7186285000061616,1.9339067995897494,31.835994399967603,48.92530780286627,quality,not_promoted,-0.0029835423920303583,0.00016109169527702587,0.3792956042147818,-0.00669595248265458,0.000470253841957033,0.002418154761904762,1.0008157740036647,0.18532222997219788,0.03571428571428571,0.6374015808105469,1.555213451385498,0.2612797021865845,0.0009792497148737311,0.01379365660250187,1.5542340278625488,0.2574646770954132,0.9972129464149475,2.5e-05,-0.3064424395561218,-0.3194871246814728,-0.21309290826320648,-0.21358515322208405,-0.2133321762084961,0.31683656573295593,-0.3215928077697754,-0.3249257206916809,-0.1943100243806839,-0.21525093913078308,-0.2287067025899887,0.018176212906837463,0.12895041704177856,0.01798621006309986,0.12946860492229462
153,1520,1529,10,10,2229,2229,0,0.0,2229,0,0.0,0,18.49332080001477,16.10496079985751,1.6302955999271944,1.6119992005988024,26.568964799982496,49.464867800672216,quality,not_promoted,-0.00025813249605042594,0.0001341385332385211,0.39664410310132164,-0.004157505054692073,6.499577352120208e-05,0.0,1.0001940599509649,0.15725632953856672,0.0,0.46736931800842285,1.5325233936309814,0.2796940803527832,0.0005208681686781347,0.012339363805949688,1.5320024490356445,0.2785578668117523,0.9980536699295044,2.5e-05,-0.3063707649707794,-0.3195700943470001,-0.21315710246562958,-0.21364647150039673,-0.21341843903064728,0.3168925642967224,-0.3215433657169342,-0.32496604323387146,-0.19421394169330597,-0.2152329981327057,-0.228837788105011,0.018171703442931175,0.12896564602851868,0.01798621006309986,0.12946130335330963
154,1530,1539,10,10,2676,2676,0,0.0,2676,0,0.0,0,23.111079299997073,18.896723399637267,4.339133399946149,2.0472773012006655,30.41075570002431,49.99828574634877,quality,not_promoted,-0.0002691008738197741,8.869621355448285e-05,0.3550210055850801,-0.0037749624156969645,0.00048546581958708844,0.005394345238095238,0.9998616377512614,0.1510063587200074,0.0,0.46963265538215637,1.6565760374069214,0.2556259036064148,-0.000432750879554078,0.01012110710144043,1.6570088863372803,0.2532680332660675,0.9984323382377625,2.5e-05,-0.3063068687915802,-0.3195255398750305,-0.21309365332126617,-0.21361558139324188,-0.2134009748697281,0.3168157637119293,-0.32159659266471863,-0.32522931694984436,-0.19405747950077057,-0.2152920961380005,-0.22901059687137604,0.018167654052376747,0.12893903255462646,0.01798621006309986,0.12953320145606995
155,1540,1549,10,10,2579,2579,0,0.0,2579,0,0.0,0,21.175150500028394,18.060784499626607,1.5854139999719337,1.8689731994527392,28.800990500021726,51.60462469476012,quality,not_promoted,-0.0036965900032622056,0.00012146385721812626,0.34072590401259867,-0.007043117949761814,0.0006196718374068463,0.010289634146341464,1.0008930476700388,0.134735114554443,0.0,0.4066840410232544,1.5411195755004883,0.2798413932323456,0.00042025171569548547,0.012383735738694668,1.5406992435455322,0.277527391910553,0.9980416893959045,2.5e-05,-0.3062640130519867,-0.31956472992897034,-0.21311847865581512,-0.21364018321037292,-0.21343010663986206,0.3167855143547058,-0.3216840624809265,-0.32538989186286926,-0.19397693872451782,-0.21536320447921753,-0.22919650375843048,0.018169205635786057,0.12896513938903809,0.01798621006309986,0.1295425444841385
156,1550,1559,10,10,2369,2369,0,0.0,2369,0,0.0,0,19.27406800002791,16.4270530998474,1.917607799929101,1.69974990200717,27.04741279996233,51.14257918975032,quality,not_promoted,0.04039567856020049,0.00017508961421921603,0.341530446551348,0.037067921853648794,0.00023454571246953778,0.0012335526315789473,0.9995407187624982,0.15426732648752237,0.02631578947368421,0.8248533606529236,1.5590144395828247,0.2863726019859314,-0.0018232325091958046,0.012257048860192299,1.560837745666504,0.2870585322380066,0.9981680512428284,2.5e-05,-0.3061380982398987,-0.3194744884967804,-0.21322308480739594,-0.2135780304670334,-0.2133709192276001,0.3167407214641571,-0.32189762592315674,-0.3257194459438324,-0.19373324513435364,-0.21550673246383667,-0.2295442670583725,0.018163898959755898,0.12899161875247955,0.01798621006309986,0.12966637313365936
157,1560,1569,10,10,2804,2804,0,0.0,2804,0,0.0,0,23.565809799998533,20.393337399174925,2.4910386000410654,1.933807399473153,34.96745789999841,47.90438173333259,quality,not_promoted,0.00013550856701013717,0.00011255986282776576,0.33005342209203675,-0.0031087456181095067,3.223697078944745e-05,0.0,1.000228692184795,0.15476614207198675,0.0,0.4840185344219208,1.6218570470809937,0.2508176267147064,-0.000893055519554764,0.011146234348416328,1.622750163078308,0.24859200417995453,0.998025119304657,2.5e-05,-0.3059401214122772,-0.31950950622558594,-0.21324241161346436,-0.21360507607460022,-0.21339279413223267,0.31661346554756165,-0.32196152210235596,-0.3258942663669586,-0.19362637400627136,-0.21556103229522705,-0.22977223992347717,0.018166696652770042,0.128993421792984,0.01798621006309986,0.129705548286438
158,1570,1579,10,10,2341,2341,0,0.0,2341,0,0.0,0,20.17506909999065,16.33863629947882,3.816467500058934,1.6765317969257012,27.253327499958687,49.35861567798606,quality,not_promoted,-0.0017189217253109894,9.047606373142853e-05,0.33731880441710754,-0.005046871072310652,0.00013546337513432532,0.00021114864864864866,1.0001057160867226,0.12630424965676423,0.0,0.41109326481819153,1.5413347482681274,0.2725802958011627,0.0001326715137111023,0.009960059076547623,1.5412020683288574,0.2744102478027344,0.9986648559570312,2.5e-05,-0.30585893988609314,-0.3195435404777527,-0.21329835057258606,-0.21362963318824768,-0.2134089469909668,0.31660711765289307,-0.32206809520721436,-0.3260214328765869,-0.19362933933734894,-0.2156071960926056,-0.229878768324852,0.018170159310102463,0.12902040779590607,0.01798621006309986,0.12977665662765503
159,1580,1589,10,10,2605,2605,0,0.0,2605,0,0.0,0,21.73384519998217,18.34788279980421,3.358585000038147,1.8471930010709912,29.720327600021847,50.62757514585477,quality,not_promoted,-0.002421826351343132,0.00018729294074213746,0.32098343241505506,-0.005538014347222066,0.0005218530884410096,0.008464600277564875,0.9992561667430692,0.13439577304553696,0.0,0.4203771948814392,1.5848443508148193,0.2704753875732422,0.0008425995474681258,0.01448163390159607,1.5840014219284058,0.26734477281570435,0.9971333146095276,2.5e-05,-0.3057555556297302,-0.31957879662513733,-0.21334007382392883,-0.21365594863891602,-0.21343843638896942,0.3165304958820343,-0.3222442865371704,-0.3262716829776764,-0.19355155527591705,-0.2157270908355713,-0.2301146388053894,0.018167415633797646,0.12901341915130615,0.01798621006309986,0.12986241281032562
160,1590,1599,10,10,2577,2577,0,0.0,2577,0,0.0,0,21.76496820000466,18.769686500017997,2.069928400043864,1.7953839979600161,30.030336000025272,49.753545032727324,quality,not_promoted,0.00021747915392241826,0.0001361871725793008,0.3660499780643277,-0.003374927168961887,6.497951201198725e-05,0.0,1.0001436086689555,0.10855107259277891,0.0,0.3907330632209778,1.625112533569336,0.26791471242904663,-0.00040941641782410443,0.012225362472236156,1.6255220174789429,0.2684248387813568,0.9979177713394165,2.5e-05,-0.30579429864883423,-0.31959885358810425,-0.2133542001247406,-0.2136683464050293,-0.21345680952072144,0.31652289628982544,-0.32217833399772644,-0.3262522518634796,-0.19355134665966034,-0.21565726399421692,-0.23010073602199554,0.01817089505493641,0.1290311962366104,0.01798621006309986,0.12984678149223328
161,1600,1609,10,10,2546,2546,0,0.0,2546,0,0.0,0,20.688571500009857,17.18662050005514,2.702523799962364,1.8085444997996092,29.929530500026885,50.29821149750245,quality,not_promoted,-4.191650077700615e-06,0.00015134432178456336,0.30407425183802844,-0.0029692628973862155,0.00012805575188394868,0.0,1.0003899492323398,0.11666093284729868,0.0,0.4379068911075592,1.6118336915969849,0.2707732915878296,-0.00016755872638896108,0.012314512394368649,1.6120012998580933,0.2684856355190277,0.9979316592216492,2.5e-05,-0.3057973384857178,-0.3195805251598358,-0.2133905291557312,-0.21365398168563843,-0.21345041692256927,0.3165746331214905,-0.3222965896129608,-0.32642707228660583,-0.19348180294036865,-0.2157224714756012,-0.2302626520395279,0.018168091773986816,0.1290169507265091,0.01798621006309986,0.1298898607492447
162,1610,1619,10,10,3028,3028,0,0.0,3028,0,0.0,0,25.319931200006977,21.666648199316114,1.9651405000477098,2.1419553003506735,37.666032600041945,48.07420284323169,quality,not_promoted,-0.004248910195504625,8.428550991842106e-05,0.31113247976948816,-0.007318092522230775,0.00016629321125568217,0.0032552083333333335,1.000175331408779,0.12355316494358703,0.020833333333333332,0.5733427405357361,1.614820957183838,0.255865216255188,-0.0007579491939395666,0.009646528400480747,1.6155787706375122,0.25636500120162964,0.9985786080360413,2.5e-05,-0.30584192276000977,-0.3195417523384094,-0.21340368688106537,-0.21362368762493134,-0.21341918408870697,0.316621869802475,-0.3223532438278198,-0.3266555666923523,-0.19349227845668793,-0.21575850248336792,-0.23051248490810394,0.018167749047279358,0.12901927530765533,0.01798621006309986,0.12996739149093628
163,1620,1629,10,10,3169,3169,0,0.0,3169,0,0.0,0,26.581690400023945,21.998745799530298,2.959652699995786,2.3094946002820507,38.03079779999098,49.04624614037489,quality,not_promoted,-0.001039599310606718,0.00016516627987584799,0.27089698910713195,-0.0036659857584163545,7.761586466585868e-05,0.0,1.0000161445140838,0.10971366949379444,0.01,0.5650415420532227,1.599533200263977,0.2596820294857025,-0.0009368713363073766,0.01361916959285736,1.600469946861267,0.2586405277252197,0.9972494840621948,2.5e-05,-0.3059029281139374,-0.3195895850658417,-0.21342314779758453,-0.213657408952713,-0.21344514191150665,0.31666046380996704,-0.3224380612373352,-0.32669782638549805,-0.19348366558551788,-0.21581695973873138,-0.23057742416858673,0.01816611923277378,0.1290455311536789,0.01798621006309986,0.12999404966831207
164,1630,1639,10,10,2250,2250,0,0.0,2250,0,0.0,0,17.627358600031585,15.2667955000652,1.5082938000559807,1.4962532988283783,24.385960999992676,53.55444467184404,quality,not_promoted,0.005191905456336422,8.526487191476108e-05,0.32347761198050445,0.0019997623134663123,4.081398397678034e-05,0.00021701388888888888,0.9998051060570611,0.10394691965646213,0.0,0.400595098733902,1.5547984838485718,0.27165642380714417,-0.0005303422803990543,0.009670700877904892,1.5553287267684937,0.27391761541366577,0.9987326860427856,2.5e-05,-0.3059082329273224,-0.3196181356906891,-0.2134348303079605,-0.21367712318897247,-0.21347658336162567,0.3166548013687134,-0.3225707709789276,-0.32686522603034973,-0.19341672956943512,-0.21592852473258972,-0.23072189092636108,0.018171414732933044,0.12900345027446747,0.01798621006309986,0.12999913096427917
165,1640,1649,10,10,2513,2513,0,0.0,2513,0,0.0,0,20.74953050003387,18.249426500173286,1.519967500003986,1.6951503993477672,29.607929099991452,49.90323221147431,quality,not_promoted,0.0027664022287353872,8.833366405269771e-05,0.3378936182707548,-0.0005683674069587141,0.00021321940553207242,0.0029296875,1.0003929063677788,0.13485820719506592,0.025,0.6614305973052979,1.5774781703948975,0.269437700510025,-0.0011535909725353122,0.010389460250735283,1.5786316394805908,0.26806822419166565,0.9985131621360779,2.5e-05,-0.3060039281845093,-0.3196357786655426,-0.21350805461406708,-0.21368902921676636,-0.21349434554576874,0.31671252846717834,-0.32272040843963623,-0.32697248458862305,-0.1933312714099884,-0.21603131294250488,-0.23091711103916168,0.018179595470428467,0.12902429699897766,0.01798621006309986,0.12994831800460815
166,1650,1659,10,10,2875,2875,0,0.0,2875,0,0.0,0,24.41442139999708,21.00262529979227,1.9978752000024542,2.0445750984945334,35.500665200001094,47.98457555763739,quality,not_promoted,0.0001366929668519232,6.762521617121011e-05,0.3256478135784467,-0.003085972699854109,0.00021944029537432168,0.004166666666666667,1.0001249690850575,0.14104584250599145,0.011111111111111112,0.5486310124397278,1.5537468194961548,0.2708051800727844,-0.0010273258667439222,0.009300239384174347,1.5547741651535034,0.27322515845298767,0.9988205432891846,2.5e-05,-0.30607470870018005,-0.3197002112865448,-0.2135118544101715,-0.21373455226421356,-0.21353712677955627,0.3167794346809387,-0.3227452039718628,-0.32694384455680847,-0.19335809350013733,-0.21604959666728973,-0.23103681206703186,0.01818922348320484,0.12902559340000153,0.01798621006309986,0.13001585006713867
167,1660,1669,10,10,2715,2715,0,0.0,2715,0,0.0,0,22.470454299997073,19.04990409949096,2.5388970000785775,1.9714486015145667,31.054207600012887,50.72428117475871,quality,not_promoted,0.0009107494098675805,8.648713586342976e-05,0.3185269272951193,-0.0022312760905384326,0.0004407247961776299,0.006130221797976383,1.0003763042217078,0.10103349911785403,0.0,0.31015142798423767,1.5882714986801147,0.26112043857574463,-0.0001557284704176709,0.00975217018276453,1.5884273052215576,0.2631974518299103,0.9986051917076111,2.5e-05,-0.3060709536075592,-0.3198159337043762,-0.21357184648513794,-0.21381641924381256,-0.21360482275485992,0.3168928027153015,-0.3228692412376404,-0.32696425914764404,-0.19336816668510437,-0.2161387950181961,-0.23112817108631134,0.01819172501564026,0.12906251847743988,0.01798621006309986,0.13009485602378845
168,1670,1679,10,10,2330,2330,0,0.0,2330,0,0.0,0,18.96439930004999,15.747658599633723,2.3152699001366273,1.7151444003684446,26.113304600003175,51.68852444583478,quality,not_promoted,-0.0021085773997411533,0.009035350834302654,0.30854104962703344,-0.0006763129180448281,8.660464622202247e-06,0.0,0.99994000067582,0.18734766834893743,0.02702702702702703,0.810301661491394,1.4702900648117065,0.3175484836101532,-0.012855780310928822,0.10430273413658142,1.483146071434021,0.276091992855072,0.8921124935150146,2.5e-05,-0.30612844228744507,-0.3198222517967224,-0.21357648074626923,-0.21382158994674683,-0.21360868215560913,0.3169810473918915,-0.32284095883369446,-0.32695502042770386,-0.19335709512233734,-0.2161201387643814,-0.2311307042837143,0.01818878948688507,0.12905918061733246,0.01798621006309986,0.13009394705295563
169,1680,1689,10,10,2131,2131,0,0.0,2131,0,0.0,0,17.15749670000514,14.816973200591747,1.5158868000726216,1.4436276020132937,23.630308599967975,52.24600795084713,quality,not_promoted,0.003982525373644689,0.00020559988853860618,0.31555598579785404,0.0009297658552360885,5.717438488559042e-06,0.0,0.9999709532541388,0.09162764568977497,0.0,0.2931765019893646,1.5324846506118774,0.28135669231414795,-0.0004099493380635977,0.016202310100197792,1.5328947305679321,0.28036946058273315,0.9966838359832764,2.5e-05,-0.3060718774795532,-0.3198947310447693,-0.21363742649555206,-0.2138705849647522,-0.2136477828025818,0.31700921058654785,-0.3229391276836395,-0.32701683044433594,-0.19335578382015228,-0.21618850529193878,-0.2312038242816925,0.018192322924733162,0.12911266088485718,0.01798621006309986,0.1301366686820984
170,1690,1699,10,10,2520,2520,0,0.0,2520,0,0.0,0,20.424419999995735,17.547872700029984,1.8486837998498231,1.7139761007856578,29.78837750002276,50.18640915195119,quality,not_promoted,0.001739311614073813,0.000365322577272309,0.31036832053214314,-0.0011817109072580934,7.650187520340524e-05,0.0,0.9998011261224746,0.11276963846758008,0.0,0.42499884963035583,1.5314403772354126,0.2866876721382141,-0.0021648358087986708,0.02259759046137333,1.5336050987243652,0.2875223755836487,0.9937869310379028,2.5e-05,-0.30597877502441406,-0.31993165612220764,-0.21372836828231812,-0.2138964831829071,-0.21366195380687714,0.3170166015625,-0.3230441212654114,-0.3271298110485077,-0.19337581098079681,-0.2162645161151886,-0.23130713403224945,0.018191944807767868,0.12916164100170135,0.01798621006309986,0.13018254935741425
171,1700,1709,10,10,2352,2352,0,0.0,2352,0,0.0,0,19.574865099973977,16.853734400181565,2.1385068001109175,1.5767850981210358,28.345976499957033,49.08094101593129,quality,not_promoted,-0.00022998688163588176,0.0002848329203442444,0.31175098044646754,-0.003205080091877765,5.971092699886916e-05,0.0,1.0000614386958044,0.11061514921587061,0.0,0.3234114944934845,1.5467092990875244,0.28279146552085876,-0.001294574816711247,0.018303856253623962,1.548003911972046,0.2828039228916168,0.9958105683326721,2.5e-05,-0.3060161769390106,-0.3198757469654083,-0.21372190117835999,-0.2138540893793106,-0.21363164484500885,0.31700029969215393,-0.32324644923210144,-0.3273526132106781,-0.1932113915681839,-0.21639396250247955,-0.23153649270534515,0.018193427473306656,0.12917611002922058,0.01798621006309986,0.13031882047653198
172,1710,1719,10,10,2589,2589,0,0.0,2589,0,0.0,0,21.37308839999605,18.58728780032834,1.598933599772863,1.7866921000531875,31.104017200006638,49.335800258005605,quality,not_promoted,-0.0003092629925870314,0.00012762771172962923,0.34098103060954954,-0.0036552592419178747,7.28255211694842e-06,0.0,1.00003078870657,0.10674074823718245,0.0,0.42769506573677063,1.5623618364334106,0.2764037549495697,-0.00013994424080010504,0.01183595322072506,1.5625019073486328,0.276898056268692,0.9981663227081299,2.5e-05,-0.3059457242488861,-0.3199816644191742,-0.21382209658622742,-0.21392513811588287,-0.21371637284755707,0.31705397367477417,-0.32335811853408813,-0.3275110423564911,-0.19314824044704437,-0.21647211909294128,-0.2317246049642563,0.01819372922182083,0.12923525273799896,0.01798621006309986,0.1303955763578415
173,1720,1729,10,10,6945,6945,0,0.0,6945,0,0.0,0,61.52902440004982,41.4471142985858,2.948798000055831,8.05911900306819,81.93505239998922,48.40933113646266,quality,not_promoted,0.0007340838927604737,0.009790473655795405,0.10250360153854714,0.00460428426495044,2.9442470879755994e-06,0.0,1.0000122132104472,0.221282876417075,0.07339449541284404,1.0601178407669067,1.6474494934082031,0.2831306457519531,-0.01023367140442133,0.10095048695802689,1.6576831340789795,0.24726331233978271,0.872871458530426,2.5e-05,-0.30594000220298767,-0.31998181343078613,-0.21382462978363037,-0.21392406523227692,-0.21371829509735107,0.31704986095428467,-0.3233623504638672,-0.327504426240921,-0.19313763082027435,-0.21646763384342194,-0.23178891837596893,0.018193500116467476,0.12923644483089447,0.01798621006309986,0.1304057240486145
174,1730,1739,10,10,2017,2017,0,0.0,2017,0,0.0,0,16.715283300029114,13.97591870004544,2.275437200150918,1.4393557012663223,23.44844790000934,50.21943777967692,quality,not_promoted,0.0008007602300494909,0.00022256981418422583,0.3336293026804924,-0.0024242475628852844,3.855232289851074e-06,0.0,1.0000393269583583,0.10962517713778652,0.0,0.31976014375686646,1.49373459815979,0.2578411400318146,0.001810166286304593,0.014482652768492699,1.491924524307251,0.26209592819213867,0.9968450665473938,2.5e-05,-0.3059861958026886,-0.31996098160743713,-0.2138349711894989,-0.2139090895652771,-0.21370099484920502,0.31708693504333496,-0.32338395714759827,-0.32756319642066956,-0.19306981563568115,-0.21648377180099487,-0.23184065520763397,0.018195003271102905,0.12923233211040497,0.01798621006309986,0.13041141629219055
175,1740,1749,10,10,6310,6310,0,0.0,6310,0,0.0,0,54.2518648999976,37.5836429001065,2.231977900082711,7.398403299215715,70.8200252999668,50.45098454905894,quality,not_promoted,-0.00029831543221430043,0.006353374722925535,0.12861998341601305,0.0015921718388033862,1.0660597440917884e-05,0.0,0.9999855988555484,0.1755037308727024,0.030303030303030304,0.8641200661659241,1.4893931150436401,0.3222636878490448,-0.009069705381989479,0.08254186809062958,1.4984629154205322,0.2982568144798279,0.9343966841697693,2.5e-05,-0.30598214268684387,-0.31993368268013,-0.213813915848732,-0.2138885259628296,-0.21367856860160828,0.31706514954566956,-0.32339587807655334,-0.3275773227214813,-0.19308790564537048,-0.21649056673049927,-0.2318771332502365,0.018195347860455513,0.1292213648557663,0.01798621006309986,0.13041986525058746
176,1750,1759,10,10,2664,2664,0,0.0,2664,0,0.0,0,22.060287600033917,19.399603599740658,1.7093502000789158,1.7990438012056984,31.102651399967726,50.110096433907046,quality,not_promoted,-0.0006102143254663263,0.00021287755502964414,0.3293566545915036,-0.0037973421553726353,0.0002870632888516411,0.003162202380952381,1.0006659825642903,0.14450557662972383,0.0,0.3563046455383301,1.587454080581665,0.26164036989212036,-0.00012163495557615533,0.01197686418890953,1.5875757932662964,0.2640407681465149,0.9979045391082764,2.5e-05,-0.3059175908565521,-0.3198917508125305,-0.21378716826438904,-0.21385090053081512,-0.21364690363407135,0.31691285967826843,-0.32360804080963135,-0.32787570357322693,-0.19302447140216827,-0.2165960669517517,-0.23213352262973785,0.018201664090156555,0.1292354315519333,0.01798621006309986,0.13058364391326904
177,1760,1769,10,10,2757,2757,0,0.0,2757,0,0.0,0,22.95334480004385,19.595239000103902,2.6804665999370627,1.9143390003591776,32.25251079996815,49.94035451557064,quality,not_promoted,0.01002016963056204,0.0001563667366843385,0.2976786578920754,0.007121566373495047,0.00015869331360947442,0.0007102272727272727,0.9999499971216376,0.11912385558455506,0.0,0.3291788399219513,1.6039270162582397,0.24655020236968994,-0.0010644961148500443,0.013831831514835358,1.6049916744232178,0.24828478693962097,0.9968526363372803,2.5e-05,-0.3059258460998535,-0.3199915587902069,-0.2138286978006363,-0.21392178535461426,-0.21369732916355133,0.3170015215873718,-0.32403430342674255,-0.32816147804260254,-0.1927681565284729,-0.21689143776893616,-0.23235683143138885,0.01820256933569908,0.1292710304260254,0.01798621006309986,0.1307324767112732
178,1770,1779,10,10,2361,2361,0,0.0,2361,0,0.0,0,19.922789399977773,16.831293299910612,2.3753302000113763,1.6040386006934568,30.036312399955932,47.25865587926028,quality,not_promoted,0.0006116629905394606,0.00016251651047511856,0.3226274400949478,-0.002533352663237098,4.3785551694069194e-05,0.0,1.0001587746916591,0.09941471181809902,0.0,0.3858398497104645,1.5407052040100098,0.2743355929851532,-0.001198059064336121,0.013719041831791401,1.541903018951416,0.2741982638835907,0.9974991679191589,2.5e-05,-0.305965781211853,-0.32018715143203735,-0.21397562325000763,-0.2140520066022873,-0.21382258832454681,0.3171667456626892,-0.3240711987018585,-0.32821762561798096,-0.19269835948944092,-0.21692050993442535,-0.23247294127941132,0.018201394006609917,0.12938213348388672,0.01798621006309986,0.13077032566070557
179,1780,1789,10,10,2768,2768,0,0.0,2768,0,0.0,0,28.858737899980042,19.75129910017131,8.146025499911048,1.9065725995460525,33.842329400009476,44.14597899516876,quality,not_promoted,0.0002102327152070674,0.0001702271538306377,0.2982494846325029,-0.002687148792161183,0.00016977577086601576,0.004794034090909091,1.0002184530550784,0.10254983021877706,0.011363636363636364,0.5145395398139954,1.5665196180343628,0.2597733736038208,0.00020626801415346563,0.01341133750975132,1.5663132667541504,0.2599625885486603,0.9973346590995789,2.5e-05,-0.3057997524738312,-0.3202339708805084,-0.21402759850025177,-0.21408726274967194,-0.21384811401367188,0.3171420991420746,-0.3242705166339874,-0.32842814922332764,-0.1925218552350998,-0.2170589566230774,-0.2327791303396225,0.018197456374764442,0.1293962448835373,0.01798621006309986,0.13087819516658783
180,1790,1799,10,10,7121,7121,0,0.0,7121,0,0.0,0,60.315859299968,41.219521901686676,1.8191643000463955,8.212033500371035,83.57926949998364,49.487429208947574,quality,not_promoted,-0.0004875871631416625,0.005145186834592356,0.10222303143486247,0.0010627757988653944,4.7073151544349145e-06,0.0,0.9999713062175682,0.1800221472845546,0.017857142857142856,0.7448827028274536,1.4374253749847412,0.3395525813102722,-0.008592501282691956,0.0735790878534317,1.446017861366272,0.3158434331417084,0.9530435800552368,2.5e-05,-0.30576759576797485,-0.32023346424102783,-0.2140241116285324,-0.2140864133834839,-0.21384824812412262,0.31712570786476135,-0.32429423928260803,-0.32850539684295654,-0.19249044358730316,-0.21707409620285034,-0.23284748196601868,0.018197447061538696,0.12939494848251343,0.01798621006309986,0.13089124858379364
181,1800,1809,10,10,2357,2357,0,0.0,2357,0,0.0,0,19.384165600000415,16.709201699588448,1.7574323000735603,1.675569099956192,28.762101700005587,48.95498928947512,quality,not_promoted,-0.0007610834656736335,0.0002594852986795878,0.31747071646355296,-0.0038060471950400925,1.3273686020025903e-05,0.0,0.9999598466061257,0.1082994377341222,0.013513513513513514,0.5956701040267944,1.551365613937378,0.27884387969970703,0.0030630205292254686,0.016995446756482124,1.5483027696609497,0.2793750762939453,0.9962851405143738,2.5e-05,-0.305851548910141,-0.3203183114528656,-0.21405509114265442,-0.2141730636358261,-0.21390624344348907,0.31727680563926697,-0.32448115944862366,-0.32872721552848816,-0.19253647327423096,-0.21720632910728455,-0.23304632306098938,0.018197285011410713,0.12941874563694,0.01798621006309986,0.13097715377807617
182,1810,1819,10,10,2631,2631,0,0.0,2631,0,0.0,0,21.82444909994956,18.878495399665553,2.5190359000116587,1.766754699696321,30.68406679999316,50.10615811373313,quality,not_promoted,-0.0017044408069480034,0.00012117816067118492,0.30014399474575404,-0.004645291208622179,1.0915417548961245e-05,0.0,1.000002356512206,0.09364008331405264,0.0,0.31466832756996155,1.5554702281951904,0.24836476147174835,0.0020222458988428116,0.011277943849563599,1.553447961807251,0.2485475242137909,0.9979380369186401,2.5e-05,-0.3058677315711975,-0.3204067051410675,-0.2140544205904007,-0.2142384797334671,-0.21395131945610046,0.317348450422287,-0.32450246810913086,-0.3289010226726532,-0.19244548678398132,-0.2172124683856964,-0.23319724202156067,0.018201980739831924,0.1294270008802414,0.01798621006309986,0.1309996247291565
183,1820,1829,10,10,2911,2911,0,0.0,2911,0,0.0,0,24.06822239997564,20.45805079996353,1.8569021999719553,1.9192232993082143,34.6468497000169,49.578411400781874,quality,not_promoted,-0.0020212172935514345,0.00010664290790452429,0.275917937250241,-0.00472707466384315,0.0002770609034829773,0.005445739821247433,1.0002356482588726,0.12376305248345369,0.0,0.4571463465690613,1.4963923692703247,0.26938244700431824,0.0021365967113524675,0.010711160488426685,1.4942559003829956,0.26913824677467346,0.9984189867973328,2.5e-05,-0.3057992160320282,-0.32057124376296997,-0.2141828089952469,-0.21435174345970154,-0.21406807005405426,0.31739342212677,-0.324566513299942,-0.3291183412075043,-0.19237738847732544,-0.2172602117061615,-0.23342590034008026,0.01820618100464344,0.12955062091350555,0.01798621006309986,0.13107332587242126
184,1830,1839,10,10,3015,3015,0,0.0,3015,0,0.0,0,25.09463120001601,21.710486900934484,2.1918108998215757,2.0945121011463925,35.81511570001021,49.49946689072028,quality,not_promoted,-0.0007143144418175021,8.870125710321493e-05,0.2974116693949327,-0.0036440812230769857,0.00033442418377186794,0.0035807291666666665,0.9990529504915079,0.12195201371408378,0.0,0.38902950286865234,1.5829968452453613,0.2407471090555191,0.0017704288475215435,0.009843626990914345,1.5812263488769531,0.2397986650466919,0.9983282089233398,2.5e-05,-0.30579879879951477,-0.32071614265441895,-0.2141634225845337,-0.214449942111969,-0.21415945887565613,0.31749120354652405,-0.3247069716453552,-0.32936790585517883,-0.19226159155368805,-0.2173563688993454,-0.23369839787483215,0.018205832690000534,0.1295815110206604,0.01798621006309986,0.13115401566028595
185,1840,1849,10,10,3122,3122,0,0.0,3122,0,0.0,0,28.436688899993896,23.157100600074045,6.536559099855367,2.234671502665151,39.35264530003769,46.054442588087035,quality,not_promoted,-0.00047733454147771916,0.00013061275566709512,0.2745830555047308,-0.003157858449338498,0.00011414521503290732,0.0015943877551020409,0.9998725543216783,0.12916888197769924,0.02040816326530612,0.5607131123542786,1.6117722988128662,0.24076183140277863,0.002285066293552518,0.011793226934969425,1.6094876527786255,0.2403886616230011,0.9976006746292114,2.5e-05,-0.30574893951416016,-0.3206377327442169,-0.21411031484603882,-0.21440543234348297,-0.2140931636095047,0.3173530697822571,-0.32487061619758606,-0.3296702802181244,-0.1922474205493927,-0.2175045758485794,-0.23395709693431854,0.018219133839011192,0.1295543909072876,0.01798621006309986,0.13121822476387024
186,1850,1859,10,10,2848,2848,0,0.0,2848,0,0.0,0,23.45775840000715,19.762306200398598,2.050717400095891,2.0845422011916526,32.34973779995926,51.03257078216159,quality,not_promoted,-0.0026829222889824048,0.00010862053418855389,0.28015094184213213,-0.005430121653868507,0.0005984150241905203,0.009375,1.0002464877234565,0.09899568913711441,0.011111111111111112,0.508280873298645,1.5299701690673828,0.26536574959754944,0.001686490373685956,0.011024115607142448,1.5282835960388184,0.26582974195480347,0.9982741475105286,2.5e-05,-0.30590954422950745,-0.32079198956489563,-0.21420463919639587,-0.2145177274942398,-0.21419303119182587,0.31750860810279846,-0.32501688599586487,-0.3297008275985718,-0.19232942163944244,-0.21759292483329773,-0.23401424288749695,0.01822527125477791,0.12961609661579132,0.01798621006309986,0.13128000497817993
187,1860,1869,10,10,2562,2562,0,0.0,2562,0,0.0,0,27.143759099999443,17.907187598524615,8.426413899927866,1.701942600426264,29.362842199974693,45.33983536541549,quality,not_promoted,0.006167182647736698,7.61974543465618e-05,0.2981718240714655,0.0032235640896166244,4.097715761262651e-05,0.0,1.000303650047721,0.1076965455601855,0.0,0.3727094531059265,1.569114327430725,0.24837350845336914,0.0010492786532267928,0.009851188398897648,1.5680651664733887,0.2468489408493042,0.9984268546104431,2.5e-05,-0.30581092834472656,-0.3209588825702667,-0.21426552534103394,-0.2146347612142563,-0.21430090069770813,0.3174910545349121,-0.3250938653945923,-0.32983526587486267,-0.19228403270244598,-0.2176297903060913,-0.23410050570964813,0.01822756975889206,0.12967771291732788,0.01798621006309986,0.13133224844932556
188,1870,1879,10,10,2295,2295,0,0.0,2295,0,0.0,0,19.657548199989833,16.193812900572084,2.861042800010182,1.6297315008123405,25.6404426000081,50.66449878832385,quality,not_promoted,0.00017457840860717825,9.269627364321625e-05,0.3446282899628083,-0.0032253564374210932,0.00013699093364039072,0.001736111111111111,1.0002734594874911,0.12333895599779983,0.0,0.39639729261398315,1.5577164888381958,0.27448031306266785,0.0015917409909889102,0.01040473859757185,1.5561248064041138,0.2710743546485901,0.9985630512237549,2.5e-05,-0.30581820011138916,-0.32102328538894653,-0.21433299779891968,-0.21468394994735718,-0.21435245871543884,0.3175576627254486,-0.3250579237937927,-0.3298860788345337,-0.19219036400318146,-0.21761801838874817,-0.2342805415391922,0.018226854503154755,0.1297047883272171,0.01798621006309986,0.13139916956424713
189,1880,1889,10,10,2442,2442,0,0.0,2442,0,0.0,0,20.60172119998606,17.049069100641645,3.0299301999039017,1.5984143018722534,28.951530100021046,49.280318363280635,quality,not_promoted,0.004397779350909285,8.749778706446821e-05,0.3176806213764044,0.0012647225849855787,0.0002378832153354802,0.005208333333333333,1.0002846725476093,0.11969113235290234,0.01282051282051282,0.5629497766494751,1.5508368015289307,0.25214606523513794,0.0008866165298968554,0.009732663631439209,1.549950122833252,0.2515033781528473,0.9985101222991943,2.5e-05,-0.30580833554267883,-0.3211508095264435,-0.21440918743610382,-0.2147773802280426,-0.21444784104824066,0.31765449047088623,-0.3252250850200653,-0.33000028133392334,-0.1922053098678589,-0.21773849427700043,-0.2344179004430771,0.018225407227873802,0.12975971400737762,0.01798621006309986,0.13141976296901703
190,1890,1899,10,10,2705,2705,0,0.0,2705,0,0.0,0,23.058149399992544,19.46375850093318,2.8456740000401624,1.8515336982673034,33.40553779999027,47.906896168849975,quality,not_promoted,-0.00112343531881654,0.00014774690452065632,0.3042632816142814,-0.0040921951443779955,9.312822205999488e-05,0.0009084302325581395,0.999646492475687,0.11222013772660216,0.023255813953488372,0.5376467704772949,1.5720206499099731,0.27097994089126587,0.0006599469343200326,0.012540577910840511,1.57136070728302,0.26933014392852783,0.9978582859039307,2.5e-05,-0.305756151676178,-0.3211008906364441,-0.21439799666404724,-0.21474574506282806,-0.2144317626953125,0.3176107406616211,-0.3252921998500824,-0.33025825023651123,-0.1921813189983368,-0.2177535891532898,-0.23473697900772095,0.01823417656123638,0.12974593043327332,0.01798621006309986,0.1315097063779831
191,1900,1909,10,10,3408,3408,0,0.0,3408,0,0.0,0,27.647318799979985,23.559570899698883,3.3561983000836335,2.363241699524224,40.761917800002266,49.817834102257535,quality,not_promoted,-0.0008261957533519577,8.982324376389713e-05,0.23617276763198553,-0.003143012437417551,0.00026199574468019246,0.003616898148148148,0.9993682735496097,0.13607277679774496,0.0,0.4566125273704529,1.4962047338485718,0.2556801736354828,0.00033764660474844277,0.010256627574563026,1.495867133140564,0.25517305731773376,0.998390793800354,2.5e-05,-0.3057282269001007,-0.3212161660194397,-0.214448481798172,-0.21482835710048676,-0.21451231837272644,0.31765079498291016,-0.32531145215034485,-0.33041369915008545,-0.19210875034332275,-0.21775232255458832,-0.23483416438102722,0.018253866583108902,0.1297788769006729,0.01798621006309986,0.13156335055828094
192,1910,1919,10,10,2296,2296,0,0.0,2296,0,0.0,0,18.78263119998155,16.05365860008169,2.0368978001060896,1.5924517005914822,25.53618799999822,51.8064344097202,quality,not_promoted,-0.0010076211765408516,7.923663355945286e-05,0.34475036813981,-0.004415506830102661,0.0005702120025590477,0.009114583333333334,1.0000515836808417,0.13483782717958093,0.0,0.4482119679450989,1.5136125087738037,0.2567754089832306,0.0019367678323760629,0.009142450988292694,1.5116757154464722,0.25565603375434875,0.9987322688102722,2.5e-05,-0.30578646063804626,-0.32133129239082336,-0.2145567536354065,-0.21490928530693054,-0.21459868550300598,0.3178390562534332,-0.3253510594367981,-0.33043962717056274,-0.19206266105175018,-0.217771977186203,-0.23495113849639893,0.018256355077028275,0.12986630201339722,0.01798621006309986,0.13158544898033142
193,1920,1929,10,10,2793,2793,0,0.0,2793,0,0.0,0,24.07351820002077,20.45584499981487,3.1205784999765456,1.8795626001083292,33.43259769998258,48.56874710259883,quality,not_promoted,0.0006179979483766311,8.811865692140682e-05,0.3319636190479452,-0.002657578514613719,8.124657279040548e-05,0.0005326704545454545,0.9999414275993,0.15329959632998164,0.011363636363636364,0.5639522075653076,1.5614140033721924,0.2475046068429947,8.041876571951434e-05,0.009898748248815536,1.5613337755203247,0.24627375602722168,0.9984004497528076,2.5e-05,-0.3057810068130493,-0.32124918699264526,-0.21457543969154358,-0.21485358476638794,-0.21455681324005127,0.317852258682251,-0.3253312408924103,-0.3305496573448181,-0.1919766068458557,-0.21773523092269897,-0.23502424359321594,0.018261149525642395,0.12988077104091644,0.01798621006309986,0.13160230219364166
194,1930,1939,10,10,2654,2654,0,0.0,2654,0,0.0,0,22.068720999988727,18.998011799296364,2.1525364999542944,1.8902242000913247,32.04009710001992,49.04930643827121,quality,not_promoted,0.0005959733749651129,0.0001412211473680578,0.3128802205125491,-0.002462218559923626,3.7380961646790855e-05,0.0,1.0003719315642403,0.10311912472492882,0.011904761904761904,0.5661026239395142,1.5997861623764038,0.27375295758247375,0.0003372057981323451,0.012624943628907204,1.5994489192962646,0.2714025676250458,0.9978731274604797,2.5e-05,-0.3058179020881653,-0.32123038172721863,-0.21458786725997925,-0.2148396521806717,-0.2145351618528366,0.31789079308509827,-0.3255082070827484,-0.3307581841945648,-0.19194361567497253,-0.21785679459571838,-0.2352301925420761,0.018263136968016624,0.12986701726913452,0.01798621006309986,0.1316688358783722
195,1940,1949,10,10,2502,2502,0,0.0,2502,0,0.0,0,20.785611899977084,17.771015600126702,2.1109923999756575,1.8121568009955809,28.067943700007163,51.21428664244055,quality,not_promoted,0.0012483475962653755,6.031208786225761e-05,0.3412166917696595,-0.002133663154381793,0.0004423869206220843,0.0076171875,0.9999839052557945,0.14331726082600654,0.0,0.4656324088573456,1.534204363822937,0.253673791885376,0.0002582122397143394,0.008661222644150257,1.5339460372924805,0.25450852513313293,0.9988342523574829,2.5e-05,-0.3058100938796997,-0.32132554054260254,-0.21471679210662842,-0.21490536630153656,-0.21457137167453766,0.3179464638233185,-0.32560667395591736,-0.330770343542099,-0.19194015860557556,-0.21791908144950867,-0.2352093756198883,0.018263692036271095,0.12993334233760834,0.01798621006309986,0.13165311515331268
196,1950,1959,10,10,2587,2587,0,0.0,2587,0,0.0,0,21.723276200005785,18.82670010003494,1.8974488999811001,1.9334609003853984,30.96067239996046,49.10414023146431,quality,not_promoted,-0.002343281126785569,9.604087839451073e-05,0.3538857505815785,-0.005834118179159194,7.63580109178736e-05,0.0005716463414634146,1.0000899150604154,0.12790909786595078,0.012195121951219513,0.5234342217445374,1.5645771026611328,0.2593103349208832,0.0003435598046053201,0.01029200479388237,1.564233422279358,0.25725534558296204,0.9984247088432312,2.5e-05,-0.30578669905662537,-0.32153958082199097,-0.2148861438035965,-0.21505147218704224,-0.2147054523229599,0.3180829584598541,-0.3255847692489624,-0.33093005418777466,-0.1918649524450302,-0.21789519488811493,-0.23537179827690125,0.018263863399624825,0.13000233471393585,0.01798621006309986,0.13170979917049408
197,1960,1969,10,10,2824,2824,0,0.0,2824,0,0.0,0,28.185123700008262,20.85808659956092,7.479422700009309,2.0382485006120987,33.21542049996788,45.993077696550735,quality,not_promoted,-0.004719147344844209,8.095367533719076e-05,0.31874584125147926,-0.007866128893672593,7.447783266090684e-05,0.0005208333333333333,0.9999703274832832,0.17541739630202452,0.022222222222222223,0.594611406326294,1.571925163269043,0.2523675560951233,-0.0006552351405844092,0.009878505021333694,1.5725804567337036,0.2521335482597351,0.9984678030014038,2.5e-05,-0.3057772219181061,-0.3215755522251129,-0.21484220027923584,-0.21507489681243896,-0.21474005281925201,0.318035751581192,-0.3256133198738098,-0.3310076892375946,-0.19185084104537964,-0.21793770790100098,-0.23545797169208527,0.018267424777150154,0.12997591495513916,0.01798621006309986,0.131806418299675
198,1970,1979,10,10,2515,2515,0,0.0,2515,0,0.0,0,20.97691060003126,18.300289700331632,1.562209299998358,1.792465498961974,30.792415100033395,48.58089159922859,quality,not_promoted,-0.0016700661741197108,0.00016205230863306497,0.37316977977752686,-0.005320737496367656,0.0001572833699583498,0.0,0.99979238063097,0.15898549964185804,0.0,0.4035179018974304,1.5760418176651,0.2647585868835449,0.0009264653781428933,0.013213930651545525,1.5751153230667114,0.26381033658981323,0.9975090622901917,2.5e-05,-0.3057151734828949,-0.3216429650783539,-0.2148924320936203,-0.21511583030223846,-0.21479570865631104,0.318034291267395,-0.32590553164482117,-0.3312845230102539,-0.19173400104045868,-0.2181445211172104,-0.23563511669635773,0.01827109418809414,0.13000042736530304,0.01798621006309986,0.1318599134683609
199,1980,1989,10,10,2278,2278,0,0.0,2278,0,0.0,0,18.707447199965827,16.416976500535384,1.675974200014025,1.624469498579856,27.137148900015745,49.68960780092718,quality,not_promoted,-0.0008213661818040742,0.00015279413128155284,0.33237564915584195,-0.004068725064927194,8.538106088609411e-05,0.0,0.9996661303771867,0.10486404302840431,0.013888888888888888,0.5228175520896912,1.5581425428390503,0.3014466166496277,-0.001979304477572441,0.014684139750897884,1.5601218938827515,0.2957986295223236,0.9976271390914917,2.5e-05,-0.3058151602745056,-0.3216657042503357,-0.21487471461296082,-0.2151315063238144,-0.21481148898601532,0.3181045949459076,-0.32603371143341064,-0.3314535617828369,-0.191706582903862,-0.218246191740036,-0.23586392402648926,0.018269896507263184,0.12999896705150604,0.01798621006309986,0.13193407654762268
200,1990,1999,10,10,2923,2923,0,0.0,2923,0,0.0,0,24.354654099966865,20.919941299944185,2.1599668999551795,2.0959702992695384,35.22835680004209,49.05760813103791,quality,not_promoted,0.0008230003042389517,5.764171901714492e-05,0.3117395872655122,-0.0022655750913343027,2.8328629033912083e-05,0.0,1.0000816972359368,0.13907545391956103,0.0,0.38840252161026,1.5701968669891357,0.25331565737724304,-0.0011223051697015762,0.008235489018261433,1.5713189840316772,0.25498926639556885,0.998943030834198,2.5e-05,-0.30586904287338257,-0.32177218794822693,-0.2149890661239624,-0.21521234512329102,-0.2149188369512558,0.31816813349723816,-0.32626599073410034,-0.3317570686340332,-0.19172179698944092,-0.21840006113052368,-0.23615910112857819,0.018270140513777733,0.13004478812217712,0.01798621006309986,0.13203410804271698
