update_id,episode_start,episode_end,episode_count,parallel_envs,transition_count,environment_step_count,forced_action_count,forced_action_ratio,worker_step_command_count,worker_local_physical_forced_action_count,worker_local_physical_forced_share,estimated_worker_step_round_trips_avoided,sampling_wall_time_seconds,policy_inference_time_seconds,generation_time_seconds,environment_step_time_seconds,ppo_update_time_seconds,transitions_per_second,reward_phase,candidate_status,policy_loss,value_loss,entropy,loss,approx_kl,clip_fraction,ratio_mean,gradient_norm,gradient_clipped_fraction,gradient_norm_max,return_mean,return_std,advantage_mean,advantage_std,value_prediction_mean,value_prediction_std,pre_update_explained_variance,learning_rate,policy_head_weight_production_processing_time_norm,policy_head_weight_production_reconfiguration_time_norm,policy_head_weight_production_fixed_reconfiguration_cost_norm,policy_head_weight_production_estimated_labor_cost_norm,policy_head_weight_production_estimated_downtime_cost_norm,policy_head_weight_production_horizon_slack_norm,policy_head_weight_worker_stage_duration_norm,policy_head_weight_worker_projected_fatigue_ratio,policy_head_weight_worker_incremental_labor_cost_norm,policy_head_weight_worker_incremental_downtime_cost_norm,policy_head_weight_worker_incremental_load_variance_norm,policy_head_gate_production_common,policy_head_gate_production_residual,policy_head_gate_worker_common,policy_head_gate_worker_residual
1,0,9,10,10,2060,2060,0,0.0,2060,0,0.0,0,8.017970899993088,3.7199793998734094,3.6806278000585735,1.6101808003149927,19.931458300037775,73.70454635251461,feasibility,feasibility_best,0.007883226230853435,0.0042675198884821975,0.5254181984699133,0.004762804375566317,0.002322283827445724,0.03211805563081394,1.0004006497787707,0.4134666266089136,0.2727272727272727,1.7959856986999512,0.5892413854598999,0.16471271216869354,0.15125375986099243,0.0999663695693016,0.4379875659942627,0.08690422773361206,0.6316560506820679,0.0001,-0.30032026767730713,-0.3001728355884552,-0.20033006370067596,-0.20010703802108765,-0.20006701350212097,0.30013006925582886,-0.2997843623161316,-0.2998078465461731,-0.1999203860759735,-0.1998445838689804,-0.19999153912067413,0.017976434901356697,0.11933334171772003,0.01798621006309986,0.11926454305648804
2,10,19,10,10,1827,1827,0,0.0,1827,0,0.0,0,4.790265600022394,3.1532090004184283,1.177019199996721,1.6935011998284608,12.967819899960887,102.88271221589288,feasibility,feasibility_best,-0.0023113272377643093,0.00441089889098858,0.5886219041100864,-0.005992095363486944,0.0016903237164711002,0.021282327586206896,0.9994775036285664,0.5727769232772547,0.4827586206896552,1.81312894821167,0.7728444337844849,0.1540520340204239,0.15660706162452698,0.052340228110551834,0.616237461566925,0.1361703872680664,0.8845652937889099,0.0001,-0.30051472783088684,-0.30067747831344604,-0.20081251859664917,-0.20046289265155792,-0.2004108428955078,0.30062487721443176,-0.2997688055038452,-0.2997598350048065,-0.19984813034534454,-0.19985750317573547,-0.1998085230588913,0.017977435141801834,0.11963146179914474,0.01798621006309986,0.11926931887865067
3,20,29,10,10,2237,2237,0,0.0,2237,0,0.0,0,10.174096899980213,7.709318499837536,1.442325700132642,1.8258780024480075,26.190230900014285,61.51633029774686,feasibility,phase_transition,-0.00016817591552223477,0.0028789130372128316,0.5590570454086576,-0.004319290078378149,0.0021501920196377406,0.02883855381182262,0.9985124281474522,0.4214689497436796,0.3,1.3864636421203613,0.8853329420089722,0.1798253059387207,0.12074430286884308,0.06113695725798607,0.7645887136459351,0.16368727385997772,0.8844137787818909,0.0001,-0.30010879039764404,-0.3010061979293823,-0.20120050013065338,-0.20069915056228638,-0.20066054165363312,0.30057939887046814,-0.2998709976673126,-0.299486368894577,-0.19986341893672943,-0.20001721382141113,-0.19998982548713684,0.01798286661505699,0.11998344212770462,0.01798621006309986,0.11922220885753632
4,30,39,10,10,2410,2410,0,0.0,2410,0,0.0,0,11.245211799978279,8.686945100838784,1.57207360008033,2.094984799332451,28.289099199988414,60.959706620460146,quality,not_promoted,-0.0002045936784461925,0.0019981633315757407,0.6087323752673048,-0.0052928352471146925,0.0010725998175698088,0.007401315789473684,1.0002580120375282,0.3968757770857529,0.2631578947368421,1.1174315214157104,0.9320294260978699,0.20257779955863953,0.09709568321704865,0.05744624137878418,0.8349338173866272,0.19012951850891113,0.9195845127105713,0.0001,-0.30042538046836853,-0.3019128143787384,-0.20185041427612305,-0.20131848752498627,-0.2013210505247116,0.3012913465499878,-0.29982122778892517,-0.29948148131370544,-0.19984303414821625,-0.2000010907649994,-0.20035341382026672,0.018005801364779472,0.12060671299695969,0.01798621006309986,0.11916874349117279
5,40,49,10,10,2870,2870,0,0.0,2870,0,0.0,0,15.832721800019499,10.995487099862657,1.9673913000151515,2.9555019010440446,34.81115470000077,56.670227445935176,quality,not_promoted,-0.0005856558370093504,0.0014042839272102963,0.5219830344120662,-0.005103343890772926,0.0012011359969619662,0.010101594651738802,0.9997446715831757,0.35089601601163545,0.16666666666666666,0.8667394518852234,1.052730917930603,0.19967599213123322,0.07388325035572052,0.061200812458992004,0.9788477420806885,0.2033069133758545,0.9060573577880859,0.0001,-0.3006943464279175,-0.3028078079223633,-0.20252029597759247,-0.20191331207752228,-0.2019709199666977,0.3022703528404236,-0.2999382019042969,-0.2998034358024597,-0.19999854266643524,-0.20006780326366425,-0.20058593153953552,0.018039287999272346,0.12124256044626236,0.01798621006309986,0.11906889081001282
6,50,59,10,10,2115,2115,0,0.0,2115,0,0.0,0,9.72069340001326,7.2764108998235315,1.588799600081984,1.8949152998975478,22.372863199969288,65.90107872310887,quality,not_promoted,-0.016943035633577144,0.0014108845866490703,0.656585082411766,-0.02280344342237667,0.0013521799233322136,0.012484681518638836,0.9991515497950947,0.444744196775205,0.27941176470588236,3.5742547512054443,1.1526463031768799,0.18517552316188812,0.08373333513736725,0.05296991765499115,1.0689127445220947,0.18653742969036102,0.9181739687919617,0.0001,-0.3006185293197632,-0.3029326796531677,-0.20254221558570862,-0.20195749402046204,-0.20210370421409607,0.30234017968177795,-0.3001985549926758,-0.3004894554615021,-0.20004308223724365,-0.20023058354854584,-0.20102275907993317,0.0180292297154665,0.12132364511489868,0.01798621006309986,0.11912649869918823
7,60,69,10,10,2275,2275,0,0.0,2275,0,0.0,0,10.733214300009422,7.951657599769533,1.9381881999433972,1.8161135005066171,27.415906900016125,59.6344012243846,quality,not_promoted,-0.0002953845929975311,0.0013417112867399636,0.5622022503779994,-0.005246551335504692,0.003740169915545266,0.0576884920657095,1.0011418875720766,0.32718920273085433,0.19444444444444445,1.090073823928833,1.2083486318588257,0.19515903294086456,0.07162723690271378,0.05278243124485016,1.1367213726043701,0.19426006078720093,0.9268521666526794,0.0001,-0.3004424571990967,-0.30311882495880127,-0.2028060108423233,-0.20210109651088715,-0.20225568115711212,0.302221417427063,-0.30022794008255005,-0.30033886432647705,-0.19987311959266663,-0.20024800300598145,-0.20118357241153717,0.01803414151072502,0.1215147152543068,0.01798621006309986,0.11906836181879044
8,70,79,10,10,1971,1971,0,0.0,1971,0,0.0,0,16.58630169997923,6.647012999630533,9.32861570006935,1.6748596008401364,20.556869100022595,53.06493650240284,quality,not_promoted,0.001925314506215434,0.0010182519646121128,0.5529267201500554,-0.003094826915091084,0.0018818194620243663,0.024193548387096774,1.0005006309478515,0.35961154055210853,0.1774193548387097,1.011586308479309,1.3120700120925903,0.18429994583129883,0.05988602340221405,0.05196235701441765,1.2521840333938599,0.1700887382030487,0.9205072522163391,0.0001,-0.30080485343933105,-0.30353841185569763,-0.20311866700649261,-0.2024117261171341,-0.20257234573364258,0.3026001751422882,-0.3000047504901886,-0.3000169098377228,-0.19938233494758606,-0.20009088516235352,-0.20124652981758118,0.018094221130013466,0.12192189693450928,0.01798621006309986,0.11905252933502197
9,80,89,10,10,2013,2013,0,0.0,2013,0,0.0,0,9.439034200040624,7.032468899677042,1.6508494000299834,1.7123891995870508,22.61586039996473,62.798521883134306,quality,not_promoted,0.003075801781960763,0.0009254622386833944,0.5950856991112232,-0.002412323869066313,0.0006651717038721472,0.0078125,1.0009597316384315,0.3568677434232086,0.1875,1.089622974395752,1.3237353563308716,0.2095067799091339,0.05268183350563049,0.05017037317156792,1.2710533142089844,0.2029706984758377,0.9426546096801758,0.0001,-0.300732284784317,-0.3038822114467621,-0.20328974723815918,-0.20265239477157593,-0.20282712578773499,0.30280986428260803,-0.29952457547187805,-0.2998563349246979,-0.1989808976650238,-0.19974054396152496,-0.2014622986316681,0.01806800626218319,0.12218604981899261,0.01798621006309986,0.11898710578680038
10,90,99,10,10,2019,2019,0,0.0,2019,0,0.0,0,8.995453300012741,6.82253159978427,1.3993028998957016,1.6186987006221898,22.614652999967802,63.87197755172505,quality,not_promoted,0.0005880304524907842,0.0006571327062374621,0.5379990637302399,-0.004463393801415805,0.001674041838668927,0.01602957589784637,1.002298236824572,0.31486669438891113,0.109375,0.9445835947990417,1.3556280136108398,0.19947218894958496,0.036633074283599854,0.042612478137016296,1.3189948797225952,0.18283718824386597,0.9543638825416565,0.0001,-0.30016884207725525,-0.30409371852874756,-0.20353344082832336,-0.2028001844882965,-0.20300394296646118,0.3030151426792145,-0.29951798915863037,-0.29976317286491394,-0.19923734664916992,-0.19977453351020813,-0.2016061395406723,0.018140794709324837,0.12229946255683899,0.01798621006309986,0.11927208304405212
11,100,109,10,10,2091,2091,0,0.0,2091,0,0.0,0,10.054799499979708,7.306672100443393,2.0007530999719165,1.6919306006166153,23.992028400010895,61.415413093464046,quality,not_promoted,-0.0004161440231131785,0.0005354843777957175,0.523273924534971,-0.005381140399329139,0.0009640892791194898,0.009227448905056173,0.9999762412273523,0.2608947446852019,0.045454545454545456,0.6325075626373291,1.3843127489089966,0.2190604954957962,0.03456491604447365,0.03488967567682266,1.349747896194458,0.20907127857208252,0.9746332168579102,0.0001,-0.30052173137664795,-0.30417758226394653,-0.20364363491535187,-0.20285777747631073,-0.20308412611484528,0.30329298973083496,-0.29959943890571594,-0.29993510246276855,-0.19881056249141693,-0.19981852173805237,-0.20188584923744202,0.018185485154390335,0.12237673252820969,0.01798621006309986,0.11934726685285568
12,110,119,10,10,2390,2390,0,0.0,2390,0,0.0,0,11.249424599984195,8.555723900499288,1.8550748999696225,1.8185610978398472,29.11624840000877,59.20872420485635,quality,not_promoted,-0.0009726654174492547,0.0005548759712071746,0.4898658822241582,-0.005593886359986898,0.0009794991147875983,0.01069078947368421,1.0010568679947602,0.29382132866272803,0.10526315789473684,0.715137243270874,1.4222259521484375,0.21848571300506592,0.03376099467277527,0.034048814326524734,1.3884649276733398,0.21270869672298431,0.9757139086723328,0.0001,-0.30100926756858826,-0.30470532178878784,-0.20401489734649658,-0.20323199033737183,-0.20340748131275177,0.3038994073867798,-0.2999531328678131,-0.3004005253314972,-0.19878773391246796,-0.19996346533298492,-0.20198027789592743,0.018189385533332825,0.1226535215973854,0.01798621006309986,0.11935997754335403
13,120,129,10,10,2336,2336,0,0.0,2336,0,0.0,0,11.194273200002499,8.350456300424412,1.5069177999394014,1.7134473987389356,27.99998790002428,59.600562287380484,quality,not_promoted,-0.00010018343911380382,0.00024005883057504212,0.43332360765418493,-0.004313390733472802,0.001245574081769666,0.017736486486486486,1.0000059411332414,0.2287093507679733,0.02702702702702703,0.5592478513717651,1.4355735778808594,0.21816682815551758,0.02318641170859337,0.027067415416240692,1.4123871326446533,0.2046126425266266,0.9846072793006897,0.0001,-0.30072903633117676,-0.3050473630428314,-0.20426645874977112,-0.2034745216369629,-0.20364892482757568,0.30393901467323303,-0.300171822309494,-0.3006749153137207,-0.19921822845935822,-0.20009933412075043,-0.20197609066963196,0.018216300755739212,0.12292110174894333,0.01798621006309986,0.11912818253040314
14,130,139,10,10,2137,2137,0,0.0,2137,0,0.0,0,10.228237500006799,7.3246756997541524,2.0452583000296727,1.6255180995212868,24.405924399965443,61.70208495796495,quality,not_promoted,0.0016082849709645791,0.0002815031546239933,0.43954407642869386,-0.0026464045376462094,0.001047019907546468,0.01332720588235294,0.9993786338497611,0.2384759273708743,0.07352941176470588,0.6744125485420227,1.4616270065307617,0.2471601366996765,0.016026616096496582,0.02531842701137066,1.4456003904342651,0.23907163739204407,0.9895066022872925,0.0001,-0.3004641830921173,-0.30529624223709106,-0.20438940823078156,-0.20364661514759064,-0.20380252599716187,0.3040531873703003,-0.29957088828086853,-0.29992416501045227,-0.19942882657051086,-0.19971904158592224,-0.20163266360759735,0.018203211948275566,0.12313956767320633,0.01798621006309986,0.11957886070013046
15,140,149,10,10,2093,2093,0,0.0,2093,0,0.0,0,9.444091199955437,7.168159099586774,1.4037737998878583,1.5616584008676,22.657858400023542,65.19853236581527,quality,not_promoted,-0.002640785931637793,0.00022284116031104614,0.43650300936265424,-0.00689439500936053,0.002561716398111347,0.034901094284247265,0.9943327081925941,0.23962592384354633,0.09090909090909091,0.8265389204025269,1.467846155166626,0.2471192479133606,0.013244434259831905,0.023727811872959137,1.4546016454696655,0.2432946413755417,0.9907805919647217,0.0001,-0.3003932237625122,-0.3053533434867859,-0.20455047488212585,-0.2037041187286377,-0.20387189090251923,0.3039124011993408,-0.2994435429573059,-0.2998967170715332,-0.19930648803710938,-0.19964079558849335,-0.20159462094306946,0.01819857954978943,0.12344126403331757,0.01798621006309986,0.11989439278841019
16,150,159,10,10,2336,2336,0,0.0,2336,0,0.0,0,20.21877580002183,8.510948499722872,10.71727030002512,1.9558651982224546,28.77204960002564,47.68239728407875,quality,not_promoted,0.002035388622332264,0.00018339472218350557,0.5622219008368414,-0.0034951332994308825,0.001402967143803835,0.01710304054054054,0.9994473658703469,0.2776347520584996,0.04054054054054054,0.8588840365409851,1.4734838008880615,0.2236146181821823,0.01481411699205637,0.024340055882930756,1.4586697816848755,0.21703027188777924,0.9881520867347717,0.0001,-0.3004119396209717,-0.30591917037963867,-0.2049519419670105,-0.2041286826133728,-0.2043333798646927,0.30448833107948303,-0.2999618649482727,-0.2998206317424774,-0.1990034282207489,-0.19998900592327118,-0.20166078209877014,0.018169280141592026,0.12375500053167343,0.01798621006309986,0.12009740620851517
17,160,169,10,10,2266,2266,0,0.0,2266,0,0.0,0,11.257293400005437,8.082971599942539,1.8344007999985479,1.7634727011900395,24.501035999972373,63.369850829815505,quality,not_promoted,0.001641322147204644,0.00014528746012527135,0.45139629973305595,-0.0027999971902722288,0.0005536611392421441,0.004123263888888889,1.00070670992136,0.24691879397465122,0.08333333333333333,0.7662891149520874,1.48173189163208,0.2400616854429245,0.007406925782561302,0.017013253644108772,1.4743249416351318,0.23258143663406372,0.9949774146080017,0.0001,-0.30059558153152466,-0.3058459162712097,-0.20481722056865692,-0.20405690371990204,-0.20432692766189575,0.3044312000274658,-0.30025017261505127,-0.30024453997612,-0.199414923787117,-0.20018023252487183,-0.20220458507537842,0.018155613914132118,0.12372026592493057,0.01798621006309986,0.1204315572977066
18,170,179,10,10,1854,1854,0,0.0,1854,0,0.0,0,8.336386700044386,6.291952000232413,1.414836199954152,1.4493724003550597,19.53108629997587,66.52917542967216,quality,promoted,-0.00019878898907838198,0.0001275506323948101,0.5283690953049166,-0.0054187045015137774,0.0006367567033960548,0.006734913793103448,1.0005989752966782,0.28451093915721465,0.10344827586206896,0.9189879894256592,1.4783074855804443,0.2619447708129883,0.003250006353482604,0.016129225492477417,1.4750573635101318,0.25863081216812134,0.9962085485458374,0.0001,-0.3008999526500702,-0.30598554015159607,-0.2050665318965912,-0.20415161550045013,-0.2045399397611618,0.3046364188194275,-0.30060455203056335,-0.30057451128959656,-0.19972199201583862,-0.20043160021305084,-0.20243608951568604,0.018182281404733658,0.12402427196502686,0.01798621006309986,0.12074603885412216
19,180,189,10,10,1918,1918,0,0.0,1918,0,0.0,0,8.654556300025433,6.553060300240759,1.4006576999672689,1.5050307006458752,19.621177399996668,67.83201526609726,quality,not_promoted,0.0004784083304305871,0.00010800864086680425,0.48324575970570244,-0.004300045074584583,0.0010228053103219282,0.01171875,1.0006439685821533,0.2365719985216856,0.05,0.5473529100418091,1.4596999883651733,0.26070016622543335,0.0016215654322877526,0.013706597499549389,1.4580785036087036,0.25916337966918945,0.9972357749938965,0.0001,-0.30133000016212463,-0.3062584698200226,-0.2051120549440384,-0.20431654155254364,-0.20477154850959778,0.30506107211112976,-0.30084118247032166,-0.30108654499053955,-0.1998831033706665,-0.20059707760810852,-0.20263385772705078,0.018193554133176804,0.12393762171268463,0.01798621006309986,0.12062587589025497
20,190,199,10,10,1957,1957,0,0.0,1957,0,0.0,0,8.594532200018875,6.504056000208948,1.2969676000066102,1.488484299276024,19.406956000020728,69.88914253483257,quality,not_promoted,-0.0007981301826094427,8.983937450759714e-05,0.48021666945949676,-0.005555377139018909,0.0008208079100680357,0.010080645161290322,1.0011816245894278,0.21297852142203239,0.03225806451612903,0.6212084293365479,1.447986364364624,0.2739269435405731,-0.0010402986081317067,0.011274982243776321,1.4490267038345337,0.27325281500816345,0.9983057975769043,0.0001,-0.3016231060028076,-0.30621132254600525,-0.20513281226158142,-0.2042616456747055,-0.20476864278316498,0.30523380637168884,-0.30157825350761414,-0.3015706539154053,-0.19977836310863495,-0.20107994973659515,-0.2030845582485199,0.018198933452367783,0.12388971447944641,0.01798621006309986,0.1209464818239212
21,200,209,10,10,1969,1969,0,0.0,1969,0,0.0,0,8.975696700043045,6.741981800412759,1.5189692000858486,1.6339321985724382,21.004539899993688,65.67659976364521,quality,not_promoted,-0.0007659071275303441,9.788646727223926e-05,0.4931441559906929,-0.005648405681694707,0.0009493721431241401,0.008974860091843912,0.9996205020335412,0.25080104959347554,0.0967741935483871,0.8453986644744873,1.4752355813980103,0.277445524930954,0.0012126525398343801,0.012771173380315304,1.4740228652954102,0.2773539423942566,0.9978811144828796,0.0001,-0.30189159512519836,-0.3068324327468872,-0.20550057291984558,-0.2046928107738495,-0.20512719452381134,0.3058311641216278,-0.30251985788345337,-0.30198800563812256,-0.19967633485794067,-0.20171886682510376,-0.20343589782714844,0.01824023760855198,0.12427899986505508,0.01798621006309986,0.12104438245296478
22,210,219,10,10,1846,1846,0,0.0,1846,0,0.0,0,8.720981299993582,6.158169499482028,1.832521799893584,1.5370715006720275,19.258339699998032,65.97729801951067,quality,not_promoted,0.0002471017169541326,0.0001148474047709144,0.5187515462266987,-0.004882989985193929,0.0012432906346632458,0.015894396551724137,0.9994995018531536,0.28699072630241,0.1206896551724138,0.898717999458313,1.491132378578186,0.27155596017837524,0.0007833897834643722,0.011934868060052395,1.4903489351272583,0.27240991592407227,0.9980683922767639,0.0001,-0.301874041557312,-0.3072875738143921,-0.20572425425052643,-0.20501132309436798,-0.2054513841867447,0.30621129274368286,-0.3028065860271454,-0.30220600962638855,-0.19941146671772003,-0.20191891491413116,-0.20377230644226074,0.01823699288070202,0.12449286133050919,0.01798621006309986,0.12116918712854385
23,220,229,10,10,2267,2267,0,0.0,2267,0,0.0,0,10.39911919995211,7.961419700121041,1.536380200064741,1.821306798607111,25.598880500008818,62.975721398277045,quality,not_promoted,0.0009238558769639996,0.00012191576691596613,0.4797850482993656,-0.0038130357602818143,0.0008955124996848301,0.008270640443596575,0.999885039197074,0.2525355334704121,0.06944444444444445,0.7947449684143066,1.5104548931121826,0.2688246965408325,0.0016025184886530042,0.012104540131986141,1.508852481842041,0.26943403482437134,0.9979724884033203,0.0001,-0.3023177981376648,-0.3075714707374573,-0.205835223197937,-0.20521432161331177,-0.20574061572551727,0.30661487579345703,-0.30319005250930786,-0.30246520042419434,-0.19902363419532776,-0.2021351009607315,-0.20421098172664642,0.018274344503879547,0.124578557908535,0.01798621006309986,0.12121817469596863
24,230,239,10,10,1847,1847,0,0.0,1847,0,0.0,0,8.617529099981766,6.315365800226573,1.5441690999432467,1.4683171006618068,20.18849730002694,64.11852764251587,quality,not_promoted,0.0015547339451210253,0.00015309499438695512,0.5069254220559679,-0.003437973944277599,0.0022900063536483153,0.03259208464416964,1.0023694963290775,0.2734997418933901,0.10344827586206896,0.9578077793121338,1.5125253200531006,0.2698681652545929,0.0016046270029619336,0.0127818388864398,1.5109208822250366,0.27201512455940247,0.9977567195892334,0.0001,-0.30242908000946045,-0.3071953356266022,-0.20559296011924744,-0.20495092868804932,-0.2054692655801773,0.306363970041275,-0.30335089564323425,-0.3026497960090637,-0.19898973405361176,-0.202299565076828,-0.20436562597751617,0.018290480598807335,0.12446396052837372,0.01798621006309986,0.12152158468961716
25,240,249,10,10,1662,1662,0,0.0,1662,0,0.0,0,7.480890500009991,5.5277181001147255,1.305527400050778,1.3708887009415776,17.685984900046606,66.03918736754514,quality,not_promoted,0.0003130602148862985,0.00010537559256380728,0.4618556035252718,-0.004252807317803113,0.0006911914400601605,0.010216346153846154,0.9999907887898959,0.19946905476256058,0.038461538461538464,0.5648891925811768,1.4454636573791504,0.26647427678108215,0.0002313393197255209,0.010174581781029701,1.4452322721481323,0.26511046290397644,0.9985421299934387,0.0001,-0.30228325724601746,-0.30697399377822876,-0.20553721487522125,-0.20474690198898315,-0.20529994368553162,0.3059549629688263,-0.3035099506378174,-0.30273860692977905,-0.19896292686462402,-0.20246972143650055,-0.2047160118818283,0.018281424418091774,0.12439131736755371,0.01798621006309986,0.12172698974609375
26,250,259,10,10,2095,2095,0,0.0,2095,0,0.0,0,10.076321000000462,7.3412695996812545,2.2664000000804663,1.572846201946959,23.819683400040958,61.806694832664114,quality,not_promoted,6.67779099647746e-05,9.008207879643041e-05,0.46907142572330707,-0.004578894233528637,0.0018734854900024154,0.023910984848484848,0.9992681832024546,0.2682761447221944,0.09090909090909091,0.9446330666542053,1.5120184421539307,0.26249679923057556,0.0018858539406210184,0.009962563402950764,1.5101326704025269,0.2612474262714386,0.9985595345497131,0.0001,-0.3027205467224121,-0.3069024085998535,-0.2055707722902298,-0.2046688050031662,-0.20521268248558044,0.30598780512809753,-0.3040564954280853,-0.30351686477661133,-0.19878126680850983,-0.20287305116653442,-0.20531916618347168,0.01830482855439186,0.12445763498544693,0.01798621006309986,0.12231172621250153
27,260,269,10,10,1911,1911,0,0.0,1911,0,0.0,0,9.585181300004479,6.491022499743849,2.3360104000312276,1.5082969985087402,19.423178499971982,65.87756126775395,quality,not_promoted,-0.00013258739685018857,7.922035892988788e-05,0.4758304595947266,-0.004851282108575106,0.0013611399170864993,0.01875,0.9989186068375905,0.24048985814054807,0.03333333333333333,0.7610376477241516,1.510954737663269,0.2732302248477936,0.002116795629262924,0.009439096786081791,1.508838176727295,0.2728082835674286,0.9988065361976624,0.0001,-0.302705854177475,-0.3072721064090729,-0.205702006816864,-0.20492279529571533,-0.2055216282606125,0.3062151372432709,-0.30444252490997314,-0.30414918065071106,-0.19902798533439636,-0.2031545490026474,-0.20587027072906494,0.018279537558555603,0.12454945594072342,0.01798621006309986,0.12264391034841537
28,270,279,10,10,1998,1998,0,0.0,1998,0,0.0,0,18.468327300040983,6.906927599746268,10.60777850006707,1.5258235993678682,23.246554500015918,47.89657584496079,quality,not_promoted,-0.004473944427445531,8.763182893289923e-05,0.4858697596937418,-0.009288825931434985,0.000871462290888303,0.00917271210346371,1.0007233712822199,0.24128094769548625,0.03125,1.019983172416687,1.4978432655334473,0.27049520611763,0.00018157799786422402,0.009341184049844742,1.4976617097854614,0.2690947353839874,0.998807430267334,0.0001,-0.3031828701496124,-0.30778083205223083,-0.2059459388256073,-0.2052788883447647,-0.20592088997364044,0.3066725730895996,-0.3047761023044586,-0.3044297397136688,-0.19934287667274475,-0.2033715546131134,-0.2062547653913498,0.018285110592842102,0.12475956976413727,0.01798621006309986,0.12286893278360367
29,280,289,10,10,2210,2210,0,0.0,2210,0,0.0,0,10.888047599990387,7.813647800008766,2.269153499917593,1.8188005003030412,24.41577680001501,62.59945027371205,quality,not_promoted,-0.0011699700595012733,8.87347840554347e-05,0.5071137632642474,-0.006196740376097815,0.0017651278592113937,0.02274159664022071,0.9985256935868945,0.30554044331823077,0.2,0.8845316767692566,1.5307142734527588,0.252970427274704,0.00018254473980050534,0.009815682657063007,1.530531883239746,0.25097981095314026,0.9984944462776184,0.0001,-0.30334895849227905,-0.3085300028324127,-0.20638291537761688,-0.2057942897081375,-0.20642976462841034,0.3073062598705292,-0.30550166964530945,-0.30498939752578735,-0.19925454258918762,-0.20384718477725983,-0.2070515900850296,0.01825459860265255,0.12505024671554565,0.01798621006309986,0.12292588502168655
30,290,299,10,10,2387,2387,0,0.0,2387,0,0.0,0,10.763144499971531,8.283513200469315,1.5117380999145098,1.6283219002652913,28.362782099982724,61.008139804739876,quality,not_promoted,-0.0010378464174113776,7.21271654152875e-05,0.4189922301784942,-0.005191705848310927,0.0013484413221273204,0.020764802631578948,0.9982516828336214,0.20269933303720072,0.013157894736842105,0.5623133778572083,1.5126279592514038,0.26598480343818665,-0.0004995267954654992,0.008554457686841488,1.513127326965332,0.2664087116718292,0.9989656209945679,0.0001,-0.3031608760356903,-0.3087806701660156,-0.20647786557674408,-0.20597490668296814,-0.2066466361284256,0.30740886926651,-0.3062426745891571,-0.3051353991031647,-0.19923625886440277,-0.20431894063949585,-0.2078515589237213,0.01826539821922779,0.12513457238674164,0.01798621006309986,0.12262225151062012
31,300,309,10,10,2102,2102,0,0.0,2102,0,0.0,0,9.655832899967209,7.389409100112971,1.4789707001764327,1.63632099959068,23.55292320001172,63.296559307180246,quality,not_promoted,-0.002011975696818395,8.486197966152703e-05,0.5072253748322978,-0.0070417979873265285,0.0022627672764373888,0.03473975870645407,0.997615498123747,0.22345355920719379,0.045454545454545456,0.7750446200370789,1.5343296527862549,0.2657109498977661,0.00110189663246274,0.009605909697711468,1.533227801322937,0.26734471321105957,0.99869304895401,0.0001,-0.3034535348415375,-0.3087225556373596,-0.20657195150852203,-0.20593920350074768,-0.20656414330005646,0.30743351578712463,-0.30658453702926636,-0.305801659822464,-0.1989050656557083,-0.2045668661594391,-0.20832480490207672,0.01826108992099762,0.12519486248493195,0.01798621006309986,0.12273895740509033
32,310,319,10,10,2357,2357,0,0.0,2357,0,0.0,0,19.597732199996244,8.396721399854869,10.95573429990327,1.7691766995703802,24.293013699993026,53.701525268463854,quality,not_promoted,-0.0008596630178618472,8.688678536674234e-05,0.491740635117969,-0.005733625837475867,0.002602416301080076,0.03133764661647178,0.9989593190115851,0.28222998966639107,0.10810810810810811,0.7123174667358398,1.5738507509231567,0.24517038464546204,0.001321882358752191,0.009768456220626831,1.5725290775299072,0.24645797908306122,0.9984124898910522,0.0001,-0.30343496799468994,-0.30871570110321045,-0.20659828186035156,-0.20593450963497162,-0.2064736932516098,0.3070971369743347,-0.30672189593315125,-0.30600273609161377,-0.19901010394096375,-0.20463600754737854,-0.20860624313354492,0.018266206607222557,0.125223308801651,0.01798621006309986,0.12288714945316315
33,320,329,10,10,2183,2183,0,0.0,2183,0,0.0,0,20.958750099991448,7.541963200317696,12.347697400022298,1.6544126986991614,24.52291860000696,47.99735942846082,quality,not_promoted,0.0006662779354623386,9.63894698153516e-05,0.4585443296602794,-0.00387097035667726,0.0017857259605079888,0.024394132835524423,0.9982114919594356,0.26104036260928426,0.05714285714285714,0.6440532207489014,1.5429209470748901,0.27268272638320923,0.0010958596831187606,0.009035437367856503,1.5418251752853394,0.27499261498451233,0.9989020228385925,0.0001,-0.3034305274486542,-0.30929815769195557,-0.20699624717235565,-0.20634333789348602,-0.2068265974521637,0.30713343620300293,-0.3071344792842865,-0.3067111670970917,-0.19880017638206482,-0.20496249198913574,-0.20905715227127075,0.018295982852578163,0.12555989623069763,0.01798621006309986,0.12307819724082947
34,330,339,10,10,1939,1939,0,0.0,1939,0,0.0,0,8.859341399976984,6.70831460057525,1.3828992000781,1.472566601645667,22.528978600050323,61.774570923143166,quality,not_promoted,-0.007026874745685247,7.44200635615984e-05,0.43793616756316156,-0.011369026393719738,0.0008297960763053608,0.009576612903225807,1.0004837830220499,0.24376307662215926,0.08064516129032258,1.0635156631469727,1.4717152118682861,0.2616094946861267,0.0009708144934847951,0.008432341739535332,1.470744252204895,0.26316264271736145,0.9989610910415649,0.0001,-0.3036659359931946,-0.309646338224411,-0.20736780762672424,-0.20658671855926514,-0.2071218192577362,0.307658851146698,-0.30771926045417786,-0.30721142888069153,-0.19931669533252716,-0.20540745556354523,-0.20934483408927917,0.018320485949516296,0.1258268505334854,0.01798621006309986,0.12322723120450974
35,340,349,10,10,2462,2462,0,0.0,2462,0,0.0,0,12.268390700046439,8.894156200462021,1.6390839000232518,1.8764061002875678,29.712431400024798,58.64582628065833,quality,not_promoted,-7.805613896403558e-05,7.944604308599642e-05,0.36901508883023876,-0.003728484000580815,0.0012394493334375932,0.01447649577107185,1.0001562046699035,0.21549973369408876,0.05128205128205128,0.9483290314674377,1.5184779167175293,0.2717611491680145,0.0001528268912807107,0.0081474045291543,1.5183250904083252,0.27262088656425476,0.9991012215614319,0.0001,-0.30389636754989624,-0.3105282187461853,-0.20759326219558716,-0.20725692808628082,-0.20756657421588898,0.3084622025489807,-0.30845820903778076,-0.30791330337524414,-0.19961364567279816,-0.2059781402349472,-0.20983636379241943,0.018320610746741295,0.12613022327423096,0.01798621006309986,0.12353423237800598
36,350,359,10,10,2200,2200,0,0.0,2200,0,0.0,0,9.961201400030404,7.590948200260755,1.3736499000224285,1.8050419991486706,26.300760599959176,60.669635029693985,quality,catastrophic_rolled_back,-0.00692752376863999,7.050032971684621e-05,0.5162844772849764,-0.012055118335410953,0.0008418103418080137,0.008630952398691858,1.0001304388046264,0.24466958620718549,0.04285714285714286,0.6360820531845093,1.4949404001235962,0.26742425560951233,0.0007844445644877851,0.007804787252098322,1.494156002998352,0.267474889755249,0.9991482496261597,0.0001,-0.30412378907203674,-0.31130921840667725,-0.20786866545677185,-0.20779883861541748,-0.20796167850494385,0.30917888879776,-0.30900701880455017,-0.3084560036659241,-0.1997583657503128,-0.20634958148002625,-0.21054309606552124,0.01836712658405304,0.12641072273254395,0.01798621006309986,0.12394186854362488
37,360,369,10,10,2198,2198,0,0.0,2198,0,0.0,0,10.508193699992262,7.906442899839021,1.8001934001222253,1.7132930008810945,25.056560199998785,61.80276141319098,quality,not_promoted,-0.00031166383996605873,8.989288190995077e-05,0.474880336863654,-0.005015520648365575,0.0020806669877077052,0.028125,0.9983212615762438,0.2983891203999519,0.12857142857142856,1.0537657737731934,1.4993045330047607,0.2671731114387512,0.0009137392044067383,0.00907666515558958,1.498390793800354,0.26657211780548096,0.9988458156585693,0.0001,-0.30431774258613586,-0.3102196455001831,-0.20768500864505768,-0.20698702335357666,-0.20751772820949554,0.3085625171661377,-0.30849337577819824,-0.3076590299606323,-0.19954265654087067,-0.20597673952579498,-0.20991966128349304,0.0183266531676054,0.1261095106601715,0.01798621006309986,0.12328450381755829
38,370,379,10,10,2400,2400,0,0.0,2400,0,0.0,0,11.747413600038271,8.51129119930556,2.160653699946124,1.8147377987043,27.57586749998154,61.03254695088988,quality,not_promoted,-0.00024967958023281475,8.450384628208427e-05,0.4289828605557743,-0.004497256978586512,0.0019144724662366666,0.02734375,0.9996110891041002,0.23923089002308093,0.07894736842105263,0.8229164481163025,1.4964089393615723,0.26150980591773987,0.0003885202168021351,0.009527264162898064,1.4960203170776367,0.2590600848197937,0.9986727237701416,0.0001,-0.3039976954460144,-0.3105803430080414,-0.20815496146678925,-0.20723846554756165,-0.20769938826560974,0.30873310565948486,-0.30892300605773926,-0.30857178568840027,-0.1997099667787552,-0.2063152939081192,-0.21034054458141327,0.018322285264730453,0.12633177638053894,0.01798621006309986,0.12332720309495926
39,380,389,10,10,2036,2036,0,0.0,2036,0,0.0,0,9.566483600006904,7.014533699199092,1.7584815999143757,1.5348008002038114,22.04089429997839,64.41534019185272,quality,not_promoted,-0.0007218351383926347,6.440696330400897e-05,0.442148772533983,-0.005111119680805132,0.0011659260981105035,0.0145169771858491,0.9995429394766688,0.19783721421845257,0.015625,0.5105262994766235,1.4841891527175903,0.26630550622940063,-0.0007818348822183907,0.008456189185380936,1.4849708080291748,0.2648236155509949,0.9989917278289795,0.0001,-0.3041921555995941,-0.3106543719768524,-0.20813657343387604,-0.207270085811615,-0.2078007310628891,0.308902770280838,-0.30915525555610657,-0.3089257776737213,-0.1994899958372116,-0.20652632415294647,-0.2108905166387558,0.018323760479688644,0.1264263242483139,0.01798621006309986,0.12364780157804489
40,390,399,10,10,1889,1889,0,0.0,1889,0,0.0,0,8.128969400015194,6.205697500437964,1.350571800081525,1.4083511995268054,19.74364349996904,67.77261991110524,quality,not_promoted,-0.003776401684929927,7.650266725249822e-05,0.4503550241390864,-0.008241700384921084,0.0004994114511646331,0.004932133853435517,1.0002695530653,0.2188297507042686,0.03333333333333333,0.7731057405471802,1.494676113128662,0.2686155438423157,-0.0015509194927290082,0.008312876336276531,1.4962271451950073,0.26876500248908997,0.999042272567749,0.0001,-0.3046206533908844,-0.31083568930625916,-0.20831139385700226,-0.2073918730020523,-0.20796050131320953,0.3093229830265045,-0.3091071546077728,-0.30942800641059875,-0.19934095442295074,-0.20645543932914734,-0.2114630788564682,0.01835307665169239,0.12658312916755676,0.01798621006309986,0.12397415190935135
41,400,409,10,10,1989,1989,0,0.0,1989,0,0.0,0,9.430347600020468,7.005866800318472,1.3887430999893695,1.474300999310799,21.320121600001585,64.68193987747587,quality,not_promoted,0.00733266060706228,7.401650501037693e-05,0.4669874766841531,0.002699793840292841,0.0005244889485709336,0.00439453125,1.0004833368584514,0.22946549914195202,0.046875,0.6095934510231018,1.5222463607788086,0.26659640669822693,-0.001422668108716607,0.008443658240139484,1.523668885231018,0.26546892523765564,0.9989968538284302,0.0001,-0.3048493266105652,-0.31120243668556213,-0.20857569575309753,-0.20764945447444916,-0.20826125144958496,0.3097632825374603,-0.3093108534812927,-0.30964478850364685,-0.1992144137620926,-0.20655615627765656,-0.21181419491767883,0.01839177869260311,0.12679076194763184,0.01798621006309986,0.12417758256196976
42,410,419,10,10,1726,1726,0,0.0,1726,0,0.0,0,7.737172499997541,5.79318860033527,1.5368971001007594,1.300085600640159,17.690088799980003,67.87990179664077,quality,not_promoted,0.00048057117533904537,8.164962532141039e-05,0.44655986682132437,-0.003944202960054908,0.0006959165908079336,0.00955794503291448,1.0003908762225397,0.20837471047761263,0.05555555555555555,0.63645339012146,1.4865367412567139,0.2825675308704376,-0.0008922262350097299,0.008328637108206749,1.487429141998291,0.2814609706401825,0.9991312623023987,0.0001,-0.3050333261489868,-0.3113718330860138,-0.20863324403762817,-0.207771435379982,-0.20838859677314758,0.30985596776008606,-0.30955901741981506,-0.30977821350097656,-0.19918842613697052,-0.20669318735599518,-0.2123090624809265,0.018393624573946,0.12686693668365479,0.01798621006309986,0.12433218210935593
43,420,429,10,10,1899,1899,0,0.0,1899,0,0.0,0,8.700768499984406,6.421242700249422,1.528661300020758,1.4493810989661142,19.87386880000122,66.45753645317329,quality,not_promoted,-0.0026878457826872665,5.587957933433548e-05,0.42189057916402817,-0.006878811384861668,0.0002313540317118168,0.00078125,0.9992258111635844,0.20566263447205227,0.016666666666666666,0.6392900347709656,1.4714548587799072,0.27761682868003845,-0.0010817542206496,0.007827602326869965,1.4725366830825806,0.27833110094070435,0.9992049932479858,0.0001,-0.3049316704273224,-0.3121139109134674,-0.20898281037807465,-0.2082938402891159,-0.20893482863903046,0.31032460927963257,-0.30979669094085693,-0.3098022937774658,-0.19920821487903595,-0.20684440433979034,-0.21275608241558075,0.018364157527685165,0.12716995179653168,0.01798621006309986,0.12440840899944305
44,430,439,10,10,1795,1795,0,0.0,1795,0,0.0,0,8.417431100038812,6.2700984998373315,1.619897800090257,1.5013190998579375,18.560173200035933,66.53667167899808,quality,not_promoted,-0.021137393015468943,4.246607117128688e-05,0.4281168261478687,-0.025397327303051435,0.0007541226034101884,0.010775862068965518,0.9990961017279789,0.2162240551913093,0.034482758620689655,2.352726936340332,1.481783390045166,0.2887602150440216,-0.0008106966852210462,0.006744380109012127,1.4825940132141113,0.28792300820350647,0.9994544982910156,0.0001,-0.30512210726737976,-0.3124794661998749,-0.2092219889163971,-0.20853161811828613,-0.20921000838279724,0.3107792139053345,-0.3099723756313324,-0.30994540452957153,-0.19923537969589233,-0.20692770183086395,-0.21292173862457275,0.01839510165154934,0.12740768492221832,0.01798621006309986,0.12464523315429688
45,440,449,10,10,1994,1994,0,0.0,1994,0,0.0,0,9.508314899983816,6.880363300209865,1.569361800153274,1.5772592009743676,22.48423509998247,62.327010507199375,quality,not_promoted,0.0039347007987089455,7.2647113114499e-05,0.47633895836770535,-0.0007923648518044502,0.0010956714231724618,0.013281250023283064,1.0007846066728234,0.2554126066970639,0.140625,0.8132753968238831,1.505916953086853,0.27014681696891785,0.000265423150267452,0.00850706361234188,1.5056513547897339,0.26890286803245544,0.9990083575248718,0.0001,-0.3054920732975006,-0.31252893805503845,-0.20917797088623047,-0.2085573375225067,-0.20926856994628906,0.31093743443489075,-0.3100648522377014,-0.3101370334625244,-0.19881464540958405,-0.20700661838054657,-0.21331000328063965,0.0184163935482502,0.12745319306850433,0.01798621006309986,0.12471219152212143
46,450,459,10,10,2070,2070,0,0.0,2070,0,0.0,0,9.87452489999123,7.363276400312316,1.74752099980833,1.9019346016575582,24.633126300002914,59.986696515593366,quality,not_promoted,-0.0015403820822636287,9.26732536203362e-05,0.58847493836374,-0.007378794065902404,0.0019108018746148005,0.02363119838815747,0.9994455070206614,0.31764400524623465,0.15151515151515152,1.4781336784362793,1.5295884609222412,0.2698071002960205,0.00011719619215000421,0.00851276982575655,1.5294712781906128,0.26870986819267273,0.9990045428276062,0.0001,-0.3056328296661377,-0.3125903308391571,-0.20918531715869904,-0.20859485864639282,-0.20928208529949188,0.3109564781188965,-0.31022220849990845,-0.3104168772697449,-0.1988062858581543,-0.20711159706115723,-0.2137145698070526,0.018417932093143463,0.12747828662395477,0.01798621006309986,0.12499316036701202
47,460,469,10,10,2314,2314,0,0.0,2314,0,0.0,0,11.682511700026225,8.427978900319431,2.664242900093086,2.386857200996019,27.95868340000743,58.373618508742574,quality,catastrophic_rolled_back,0.004750893098881116,0.00017347594945710403,0.6603192397066064,-0.0017655611642309137,0.002103703875233092,0.026182432432432432,0.9991766600995451,0.35522613734812347,0.17567567567567569,1.84849214553833,1.5515555143356323,0.2444584220647812,0.0023691842798143625,0.010038136504590511,1.5491863489151,0.24450595676898956,0.998313844203949,0.0001,-0.30540791153907776,-0.3126470446586609,-0.20917567610740662,-0.20863433182239532,-0.20932912826538086,0.3109368085861206,-0.3105719983577728,-0.3111114799976349,-0.19857679307460785,-0.20740461349487305,-0.21430854499340057,0.018428858369588852,0.1275131106376648,0.01798621006309986,0.12523698806762695
48,470,479,10,10,2055,2055,0,0.0,2055,0,0.0,0,9.770515999989584,7.017835499718785,1.8705969000584446,1.7078859020257369,22.72238309995737,63.244587492143935,quality,not_promoted,0.00234531502549847,9.254810411772324e-05,0.5354312644763426,-0.0029627233743667603,0.0013475660789205876,0.018026244685505375,1.0011478048382383,0.2968084227406617,0.09090909090909091,0.9827252626419067,1.549752116203308,0.27252328395843506,-0.0013572965981438756,0.009171595796942711,1.5511093139648438,0.2703935503959656,0.998867392539978,0.0001,-0.30491283535957336,-0.3118223249912262,-0.20873883366584778,-0.20809267461299896,-0.20877496898174286,0.3098962604999542,-0.31049516797065735,-0.31045690178871155,-0.19886332750320435,-0.20725613832473755,-0.21318376064300537,0.018353011459112167,0.12715625762939453,0.01798621006309986,0.12468747049570084
49,480,489,10,10,2167,2167,0,0.0,2167,0,0.0,0,10.06199870002456,7.614018699678127,1.579446800169535,1.772347899095621,24.670187600015197,62.39169573950833,quality,not_promoted,0.0008919660878532074,7.997544750704786e-05,0.5492602174772936,-0.004560648200019975,0.0009215526340138989,0.006471423788324875,0.999894314829041,0.2696318929905401,0.07352941176470588,0.7126368284225464,1.5259785652160645,0.26631617546081543,-0.00040877400897443295,0.007678062189370394,1.5263874530792236,0.2649405300617218,0.9991688132286072,0.0001,-0.3049343526363373,-0.31239524483680725,-0.20917730033397675,-0.20849032700061798,-0.20920222997665405,0.31012481451034546,-0.31142985820770264,-0.3106714189052582,-0.19854071736335754,-0.20782393217086792,-0.21387314796447754,0.018345067277550697,0.12750327587127686,0.01798621006309986,0.12495674192905426
50,490,499,10,10,1910,1910,0,0.0,1910,0,0.0,0,9.05104069999652,6.6568376998766325,1.6608216998865828,1.6190366000519134,20.685478399973363,64.23078617839754,quality,not_promoted,0.0005496469791978597,6.0806970517054045e-05,0.5185409824053446,-0.004605358136662592,0.0007871283315277348,0.008333333333333333,0.9988847454388936,0.24883021252850693,0.1,0.7805723547935486,1.5183809995651245,0.2930041253566742,-0.0009502668399363756,0.008269917219877243,1.5193313360214233,0.29390719532966614,0.9992033839225769,0.0001,-0.30500197410583496,-0.3129185438156128,-0.20955996215343475,-0.20885473489761353,-0.20952282845973969,0.3104816675186157,-0.31167784333229065,-0.3106432259082794,-0.1983441859483719,-0.20801500976085663,-0.21424724161624908,0.01835470460355282,0.12777279317378998,0.01798621006309986,0.12510108947753906
51,500,509,10,10,1859,1859,0,0.0,1859,0,0.0,0,8.78853680001339,6.426103200181387,1.3927008999162354,1.6013997988775373,19.550708800030407,65.59807647092508,quality,not_promoted,0.01636137831956148,5.8562879045590915e-05,0.5454545795917511,0.010936114137681823,0.0008286568646629651,0.010416666666666666,0.9994088162978491,0.2794940865288178,0.06666666666666667,1.6294300556182861,1.5309481620788574,0.2701101303100586,-0.0002719098119996488,0.007784395944327116,1.5312203168869019,0.2704460918903351,0.9991694688796997,0.0001,-0.30497780442237854,-0.3130633234977722,-0.20963944494724274,-0.20895978808403015,-0.2095830887556076,0.3106246590614319,-0.3117653727531433,-0.3105715811252594,-0.19828690588474274,-0.20789246261119843,-0.21475227177143097,0.018368253484368324,0.1278180032968521,0.01798621006309986,0.1255178451538086
52,510,519,10,10,2048,2048,0,0.0,2048,0,0.0,0,9.33249140001135,7.043175200116821,1.4522565999650396,1.740774000005331,23.603220199991483,62.18174438957086,quality,not_promoted,0.0003254401090089232,9.171579000621932e-05,0.5367551590315998,-0.00499625275915605,0.002287971154146362,0.033203125,0.9989259783178568,0.27780792472185567,0.125,0.7579545974731445,1.51992928981781,0.27149254083633423,-0.0009219702915288508,0.007799200713634491,1.5208511352539062,0.2718222737312317,0.9991747736930847,0.0001,-0.3045341968536377,-0.313658207654953,-0.20997211337089539,-0.20939363539218903,-0.20992694795131683,0.31085315346717834,-0.3119153082370758,-0.31073197722435,-0.19821186363697052,-0.20781947672367096,-0.21487213671207428,0.018363885581493378,0.12792889773845673,0.01798621006309986,0.1258050948381424
53,520,529,10,10,1922,1922,0,0.0,1922,0,0.0,0,8.649420699977782,6.350718799920287,1.54497170005925,1.601541500305757,20.441822199965827,66.06799189056737,quality,catastrophic_rolled_back,-0.007055802233216744,7.648613152175512e-05,0.5325631244528678,-0.012343189930693516,0.0035367365851397474,0.05015120967741935,1.0013864761398685,0.32286640304711556,0.16129032258064516,2.082414150238037,1.4691414833068848,0.27833735942840576,-0.0023539855610579252,0.007775404024869204,1.471495509147644,0.27955612540245056,0.9992195963859558,0.0001,-0.3045212924480438,-0.31406939029693604,-0.21009208261966705,-0.2096884846687317,-0.21023592352867126,0.3110707104206085,-0.31214025616645813,-0.310870498418808,-0.19808964431285858,-0.2079702764749527,-0.215200275182724,0.018381580710411072,0.12800969183444977,0.01798621006309986,0.12603090703487396
54,530,539,10,10,2000,2000,0,0.0,2000,0,0.0,0,9.353098799998406,6.932642499974463,1.5544270999380387,1.6586514996597543,21.649029100022744,64.51170082420812,quality,not_promoted,-0.0006622841028729454,6.415793171754558e-05,0.4455226818099618,-0.005085432458145078,0.0009456249899812974,0.013671875,0.9997486593201756,0.3076923270127736,0.125,2.1589009761810303,1.5076097249984741,0.2851368486881256,-0.0016259916592389345,0.008289829827845097,1.5092357397079468,0.2828277349472046,0.9991547465324402,0.0001,-0.3052527606487274,-0.31234151124954224,-0.2090599089860916,-0.20847538113594055,-0.20908068120479584,0.31062763929367065,-0.3100401759147644,-0.3101351261138916,-0.1988459676504135,-0.20692381262779236,-0.2131609320640564,0.01838267780840397,0.12722915410995483,0.01798621006309986,0.12460864335298538
55,540,549,10,10,2331,2331,0,0.0,2331,0,0.0,0,11.525267100019846,8.218094799784012,2.928211999940686,1.830115501245018,26.21526129997801,61.763841123118254,quality,not_promoted,-0.0012038793616198204,9.207642643879219e-05,0.45772934604335475,-0.005735134671291185,0.00096730724318469,0.008657094594594595,1.000909154479568,0.2432295950381337,0.06756756756756757,0.7144386172294617,1.5061312913894653,0.2532547116279602,-0.00015285868721548468,0.00890185683965683,1.5062841176986694,0.25366324186325073,0.9987645149230957,0.0001,-0.30557894706726074,-0.31234240531921387,-0.20925676822662354,-0.20849044620990753,-0.20906253159046173,0.31095090508461,-0.31031444668769836,-0.31000030040740967,-0.198659747838974,-0.20711049437522888,-0.2137914001941681,0.018428785726428032,0.1272839903831482,0.01798621006309986,0.12491181492805481
56,550,559,10,10,1836,1836,0,0.0,1836,0,0.0,0,8.439647299994249,6.295874600240495,1.3107613999745809,1.5399956004694104,19.150959699996747,66.54438592092589,quality,not_promoted,0.001713734393104397,6.895893834709944e-05,0.4682305506591139,-0.0029340920134865002,0.0014159410245062236,0.020596590920768935,1.0005128619999721,0.19027705227249656,0.017241379310344827,0.6045500040054321,1.4658535718917847,0.27143093943595886,0.00023898849030956626,0.008166078478097916,1.4656144380569458,0.27378711104393005,0.9990949034690857,0.0001,-0.3059357702732086,-0.3126642405986786,-0.20930957794189453,-0.2087165266275406,-0.2092735320329666,0.3113221228122711,-0.3106466829776764,-0.31004220247268677,-0.19846738874912262,-0.20734725892543793,-0.21392257511615753,0.018424438312649727,0.1274031698703766,0.01798621006309986,0.12493143230676651
57,560,569,10,10,2118,2118,0,0.0,2118,0,0.0,0,10.656142299994826,7.747539199772291,2.058798599871807,1.85474780050572,24.842967599979602,59.66346778744235,quality,not_promoted,-0.010957080576404491,5.790433790346416e-05,0.530654519358102,-0.016234672724214548,0.002297550850712201,0.03170955882352941,1.0006232244126938,0.23131558047059705,0.058823529411764705,1.0227819681167603,1.4774165153503418,0.26295438408851624,0.00018510593508835882,0.008406243287026882,1.4772312641143799,0.2649576961994171,0.9989780187606812,0.0001,-0.30584779381752014,-0.3129660189151764,-0.2093033343553543,-0.20893681049346924,-0.2094692885875702,0.3113199472427368,-0.3114016056060791,-0.3107851445674896,-0.1983814388513565,-0.20787031948566437,-0.21474520862102509,0.01840859465301037,0.1275351345539093,0.01798621006309986,0.12505735456943512
58,570,579,10,10,2444,2444,0,0.0,2444,0,0.0,0,12.526514200028032,8.927535899798386,3.106275399972219,2.0172885003848933,29.805701699981,57.73380740977178,quality,not_promoted,-0.00294295947951002,0.0001066764252288685,0.48785620550505626,-0.007768183698853812,0.0013165171774309815,0.01422275641025641,1.0004511605470607,0.2812904013464084,0.1282051282051282,0.7398870587348938,1.5092486143112183,0.24384403228759766,0.0013638811651617289,0.008437486365437508,1.5078848600387573,0.2448360025882721,0.9988027215003967,0.0001,-0.3059099614620209,-0.3132687509059906,-0.20938783884048462,-0.20913830399513245,-0.20967517793178558,0.3116414248943329,-0.31176313757896423,-0.31144794821739197,-0.19795307517051697,-0.20808932185173035,-0.2154024839401245,0.018431171774864197,0.1277070790529251,0.01798621006309986,0.12510862946510315
59,580,589,10,10,2089,2089,0,0.0,2089,0,0.0,0,10.769739600014873,7.482961899542715,2.7777191000641324,1.6873050997965038,24.831487100047525,58.67775337068199,quality,not_promoted,-0.000566698300341765,7.021853026813143e-05,0.5050869191234763,-0.005582458480741038,0.0017615253155147939,0.026497828802376083,0.9994250599182013,0.26929006223199947,0.045454545454545456,0.5420036911964417,1.5155689716339111,0.26220715045928955,0.0019590554293245077,0.008138242177665234,1.5136098861694336,0.26248300075531006,0.9990366697311401,0.0001,-0.30589333176612854,-0.3130780756473541,-0.20922067761421204,-0.20901402831077576,-0.20958822965621948,0.3115248680114746,-0.31214016675949097,-0.3115968108177185,-0.19762559235095978,-0.20843833684921265,-0.21589046716690063,0.018447021022439003,0.12759935855865479,0.01798621006309986,0.1252685785293579
60,590,599,10,10,2024,2024,0,0.0,2024,0,0.0,0,9.677485099993646,7.292001600260846,1.837478899920825,1.6250535990693606,23.726222300028894,60.592076674657804,quality,not_promoted,-0.0009640721400501207,5.120720075524332e-05,0.5429409509524703,-0.006367877089360263,0.002423488318527234,0.0361328125,1.0008108522742987,0.26282093685586005,0.078125,0.6306636333465576,1.4765750169754028,0.2528635859489441,0.0016939932247623801,0.00694962777197361,1.4748811721801758,0.25408118963241577,0.9992446303367615,0.0001,-0.30577754974365234,-0.31319132447242737,-0.20923657715320587,-0.20909114181995392,-0.2096436321735382,0.31149590015411377,-0.3122592866420746,-0.31196412444114685,-0.19723571836948395,-0.20851443707942963,-0.2160247266292572,0.018507355824112892,0.12775695323944092,0.01798621006309986,0.1255105882883072
61,600,609,10,10,2387,2387,0,0.0,2387,0,0.0,0,11.376304599980358,8.525712000613566,2.3242404999327846,2.077876101306174,27.83288200001698,60.878590121024395,quality,not_promoted,-0.00289613675130041,7.449334292399918e-05,0.5094351941033414,-0.007953242386544221,0.0011572325678762833,0.01446719183341453,0.9990539088060981,0.2844611623961675,0.06578947368421052,0.8299735188484192,1.5252000093460083,0.25407177209854126,0.0013060313649475574,0.008420133963227272,1.52389395236969,0.25314393639564514,0.9989016652107239,0.0001,-0.3058112859725952,-0.31334465742111206,-0.20962920784950256,-0.2091985046863556,-0.20973250269889832,0.3117469251155853,-0.31264516711235046,-0.31239593029022217,-0.19659273326396942,-0.208784282207489,-0.21683892607688904,0.0185384638607502,0.127850741147995,0.01798621006309986,0.12592732906341553
62,610,619,10,10,2032,2032,0,0.0,2032,0,0.0,0,9.486310100008268,6.8699976992211305,1.7620465000509284,1.7610108006629162,21.59064920002129,65.3860624001933,quality,not_promoted,-0.001977173611521721,7.44570834285696e-05,0.49441919894888997,-0.00688413704483537,0.0012928285268571926,0.01391601565410383,0.9986321674659848,0.21912361832801253,0.046875,0.6037769317626953,1.5099072456359863,0.256908118724823,0.0021028281189501286,0.00819541234523058,1.5078045129776,0.2575911283493042,0.9989823698997498,0.0001,-0.30567026138305664,-0.31379711627960205,-0.20973455905914307,-0.20950756967067719,-0.21003350615501404,0.31195318698883057,-0.3133067488670349,-0.3127715289592743,-0.19647596776485443,-0.2092365324497223,-0.2172132134437561,0.018542438745498657,0.12788119912147522,0.01798621006309986,0.12626776099205017
63,620,629,10,10,2278,2278,0,0.0,2278,0,0.0,0,10.301727499987464,8.018123000161722,1.6303467999678105,1.7611458987812512,25.361000300035812,63.87621308088814,quality,not_promoted,0.001337135837982512,8.13122358320268e-05,0.45663519245054984,-0.00318855956558966,0.0010031908152288655,0.011216191523191001,0.9997247391276889,0.2699193088337779,0.125,0.9358585476875305,1.4957194328308105,0.262273907661438,0.0012941976310685277,0.007361975498497486,1.4944251775741577,0.26325365900993347,0.9992120862007141,0.0001,-0.30589359998703003,-0.31422439217567444,-0.2100951224565506,-0.2098139226436615,-0.2103581428527832,0.3123590648174286,-0.3137037456035614,-0.3131173551082611,-0.19660887122154236,-0.20953376591205597,-0.21754050254821777,0.018571222200989723,0.12810565531253815,0.01798621006309986,0.1261667162179947
64,630,639,10,10,1969,1969,0,0.0,1969,0,0.0,0,8.851897699991241,6.6522088994970545,1.5890032001188956,1.6523313993238844,20.54093220003415,66.98912648755535,quality,not_promoted,-0.00015704763392286917,0.011619659658942011,0.45208432212952643,0.0011319388755627216,0.0021331965859468665,0.03601773371619563,0.999613247571453,0.42051502401309626,0.3709677419354839,0.9570830464363098,1.4938873052597046,0.3304690420627594,-0.01529976911842823,0.12110055238008499,1.50918710231781,0.2789490222930908,0.8657140135765076,0.0001,-0.3055851459503174,-0.3146321773529053,-0.21041953563690186,-0.21010379493236542,-0.2106519490480423,0.3126266300678253,-0.3136269450187683,-0.31302669644355774,-0.1966836005449295,-0.20947888493537903,-0.2174539715051651,0.018570678308606148,0.12828217446804047,0.01798621006309986,0.12603135406970978
65,640,649,10,10,2164,2164,0,0.0,2164,0,0.0,0,10.39650640002219,7.5676473004277796,1.8971091998973861,1.6827399982721545,24.343062400002964,62.292080032911436,quality,not_promoted,-9.913138552185367e-05,0.0012608503427198978,0.48206902163870197,-0.0042893967919928186,0.00116022106821594,0.016102234230321998,0.9995438561720007,0.199932670165949,0.029411764705882353,0.5866683721542358,1.4694932699203491,0.2708838880062103,0.007528170943260193,0.04781961441040039,1.4619653224945068,0.2880304157733917,0.9688365459442139,0.0001,-0.3056910037994385,-0.3150191009044647,-0.21070116758346558,-0.21037635207176208,-0.21090589463710785,0.3128414750099182,-0.3135635554790497,-0.31299838423728943,-0.19670836627483368,-0.20942595601081848,-0.2174612134695053,0.01857169158756733,0.12848205864429474,0.01798621006309986,0.12612158060073853
66,650,659,10,10,1890,1890,0,0.0,1890,0,0.0,0,8.54267350002192,6.410242299665697,1.5976447997963987,1.3577297998708673,19.54335859999992,67.29323648385812,quality,not_promoted,0.0019835324957966803,0.00036601633085714034,0.38247512380282084,-0.0016582108840035895,0.00022037523376639,0.0020833333333333333,0.9997528264919917,0.13081233104070028,0.0,0.3117664158344269,1.3964861631393433,0.2741899788379669,0.007326675113290548,0.02596248686313629,1.3891595602035522,0.28513190150260925,0.991034209728241,0.0001,-0.3057280480861664,-0.31541964411735535,-0.21093249320983887,-0.21065545082092285,-0.21120308339595795,0.3130219578742981,-0.31354400515556335,-0.3130444884300232,-0.19675421714782715,-0.2094121277332306,-0.2175183743238449,0.01856236904859543,0.12866319715976715,0.01798621006309986,0.12609854340553284
67,660,669,10,10,2440,2440,0,0.0,2440,0,0.0,0,11.606069799978286,8.798271500738338,2.3399887001141906,1.7070501011330634,29.125385700026527,59.90456196684922,quality,not_promoted,0.001776960367957751,0.00019028718387021517,0.41437629075386584,-0.0022716580364757623,0.0011648054067523051,0.017027243589743588,0.9981431632469862,0.19853704179135653,0.038461538461538464,0.6981309652328491,1.492641806602478,0.2626335620880127,0.004468285012990236,0.01619681902229786,1.488173484802246,0.2683073878288269,0.9961966872215271,0.0001,-0.30624884366989136,-0.315552681684494,-0.2110365480184555,-0.21075060963630676,-0.21129432320594788,0.31337523460388184,-0.31374332308769226,-0.31389978528022766,-0.1963256597518921,-0.20958782732486725,-0.21802784502506256,0.018553782254457474,0.1287798285484314,0.01798621006309986,0.12632346153259277
68,670,679,10,10,2034,2034,0,0.0,2034,0,0.0,0,9.212234899983741,7.0382580001605675,1.3187981001101434,1.5322501999908127,22.088652800011914,64.98218259798051,quality,not_promoted,-0.0008600213914178312,0.000138064052464415,0.42909735068678856,-0.005081962188342004,0.0011242758555454202,0.015380859375,0.9993981709703803,0.13321228045970201,0.0,0.34137386083602905,1.4619585275650024,0.25541022419929504,0.007278647273778915,0.014060722663998604,1.4546798467636108,0.2607896029949188,0.9969693422317505,0.0001,-0.30601370334625244,-0.31596797704696655,-0.2112206220626831,-0.21103890240192413,-0.2116161584854126,0.31370165944099426,-0.3145126700401306,-0.31430545449256897,-0.1962500661611557,-0.21013426780700684,-0.21826937794685364,0.018552884459495544,0.12890250980854034,0.01798621006309986,0.1264769732952118
69,680,689,10,10,1863,1863,0,0.0,1863,0,0.0,0,8.51805269997567,6.3649209010764025,1.4265906999935396,1.360931902367156,19.93478090001736,65.47678260067765,quality,not_promoted,-0.005101698543876409,0.0001409185860514602,0.4124245782693227,-0.009155485065033038,0.0006204280514490771,0.009375,0.9999884088834127,0.19732639429469903,0.06666666666666667,0.5804826021194458,1.4556374549865723,0.25559142231941223,0.00820923037827015,0.013105791993439198,1.4474281072616577,0.26142898201942444,0.997370719909668,5e-05,-0.30579712986946106,-0.3160490393638611,-0.21125876903533936,-0.2111055999994278,-0.21168051660060883,0.31355947256088257,-0.3145744800567627,-0.31444790959358215,-0.19626754522323608,-0.2101740837097168,-0.2184275984764099,0.01856447011232376,0.1288941651582718,0.01798621006309986,0.1266009509563446
70,690,699,10,10,2055,2055,0,0.0,2055,0,0.0,0,9.508445199986454,7.022810000227764,1.7070992000517435,1.4496402008808218,22.23201679997146,64.74385911593615,quality,not_promoted,0.004151224215148073,0.00015106546401732362,0.38051563704555685,0.0004216009031303904,0.0006434128057056417,0.008759469696969696,1.0000455966501525,0.1388083455914801,0.0,0.3831397593021393,1.4639352560043335,0.2609179615974426,0.006745449732989073,0.014278729446232319,1.457189679145813,0.2616107761859894,0.9970051646232605,5e-05,-0.3058384656906128,-0.3160596489906311,-0.2113276720046997,-0.21111606061458588,-0.21168988943099976,0.31356170773506165,-0.3147132396697998,-0.3145805895328522,-0.19632954895496368,-0.2102826088666916,-0.21851995587348938,0.018569370731711388,0.12890097498893738,0.01798621006309986,0.12662836909294128
71,700,709,10,10,1928,1928,0,0.0,1928,0,0.0,0,9.252371300011873,6.751491300179623,1.377347799949348,1.3829582997132093,20.98242349998327,63.767590048281384,quality,not_promoted,-7.627184893335066e-05,0.00011382010979427685,0.3504839904846684,-0.0035242024328439466,0.00027487605374546784,0.0005040322580645161,0.9991576652373036,0.13711301630903636,0.016129032258064516,0.5478308796882629,1.440893530845642,0.2470909208059311,0.0055959769524633884,0.012482342310249805,1.4352977275848389,0.24440349638462067,0.9974480271339417,5e-05,-0.3059450387954712,-0.31625834107398987,-0.2114691436290741,-0.21125657856464386,-0.21184401214122772,0.31364336609840393,-0.3150060474872589,-0.314709335565567,-0.19630514085292816,-0.21048346161842346,-0.21865268051624298,0.01857045292854309,0.12898686528205872,0.01798621006309986,0.12668366730213165
72,710,719,10,10,2224,2224,0,0.0,2224,0,0.0,0,10.238915300054941,7.800433200201951,1.5542895999969915,1.5766808001790196,26.7854542999994,60.06854469162213,quality,not_promoted,-0.0008828504011034966,8.991011958901904e-05,0.37233881950378417,-0.004561283835209906,0.0002515004902046972,0.0006696428571428571,1.0000491235937392,0.15423142316618135,0.0,0.44074347615242004,1.4770587682724,0.2475956231355667,0.0045769535936415195,0.011123714968562126,1.4724819660186768,0.2455601692199707,0.9979815483093262,5e-05,-0.3060646653175354,-0.3164251744747162,-0.21154969930648804,-0.211373969912529,-0.21199341118335724,0.3137473165988922,-0.3152318596839905,-0.3150821030139923,-0.19633600115776062,-0.2106405645608902,-0.21902687847614288,0.018566671758890152,0.1290595978498459,0.01798621006309986,0.126765176653862
73,720,729,10,10,2453,2453,0,0.0,2453,0,0.0,0,19.476594800013117,9.079160099558067,9.97618249990046,1.9216585993417539,28.59467369999038,51.02840171566976,quality,not_promoted,0.000995193990186239,0.00010553254189569718,0.42665970975007766,-0.0032186368689275323,0.000983254952865163,0.012429410878282327,0.9991992047199836,0.2076539737291825,0.05128205128205128,0.7538964152336121,1.55967378616333,0.24680356681346893,0.003686266951262951,0.01135732140392065,1.5559875965118408,0.24434109032154083,0.9978823661804199,5e-05,-0.3059688210487366,-0.3164631128311157,-0.21166697144508362,-0.21141023933887482,-0.21208994090557098,0.31358712911605835,-0.31520241498947144,-0.31539392471313477,-0.19615279138088226,-0.21061713993549347,-0.21917520463466644,0.018563641235232353,0.1291140764951706,0.01798621006309986,0.12681715190410614
74,730,739,10,10,2461,2461,0,0.0,2461,0,0.0,0,11.898962699982803,8.853298299538437,1.8711160998791456,1.8109447005554102,28.891470600035973,60.332774155622104,quality,not_promoted,0.0027185260700300718,8.10699532452511e-05,0.4282593324016302,-0.0015235315733708632,0.0005730481865705373,0.005408653846153846,0.9996497004460065,0.2249114869687802,0.038461538461538464,0.6893843412399292,1.565483808517456,0.260850191116333,0.002581690438091755,0.010420641861855984,1.5629019737243652,0.2584730088710785,0.9984040856361389,5e-05,-0.3060005307197571,-0.31655871868133545,-0.2117018848657608,-0.21147556602954865,-0.212147057056427,0.31365767121315,-0.31543031334877014,-0.315695583820343,-0.19608941674232483,-0.21077390015125275,-0.21939973533153534,0.018564848229289055,0.12915661931037903,0.01798621006309986,0.12685254216194153
75,740,749,10,10,2263,2263,0,0.0,2263,0,0.0,0,11.58720990002621,8.133733799506444,2.3937340999837033,1.7920111012645066,26.353831799991895,59.64517310548488,quality,not_promoted,-0.0051292602179778945,8.899999657943327e-05,0.39645839461849797,-0.009049344264591733,0.0005065815389065796,0.004340277777777778,0.9999545216560364,0.17303166947224075,0.027777777777777776,0.5459442734718323,1.5192750692367554,0.2493918389081955,0.0020554400980472565,0.010790468193590641,1.5172197818756104,0.24593423306941986,0.9981279373168945,5e-05,-0.30614563822746277,-0.3166029453277588,-0.2117876559495926,-0.21150627732276917,-0.21217350661754608,0.31374841928482056,-0.31561610102653503,-0.3158450424671173,-0.1961238831281662,-0.21089887619018555,-0.21954914927482605,0.018580716103315353,0.1292429268360138,0.01798621006309986,0.12688088417053223
76,750,759,10,10,2018,2018,0,0.0,2018,0,0.0,0,9.436561700014863,7.105173699907027,1.5315004999283701,1.6116810994572006,22.111027600010857,63.96685276989943,quality,not_promoted,0.0003447597555350512,9.79614561060771e-05,0.4187112576328218,-0.0037933715866529383,0.00016389967834129493,0.0,0.9992972472682595,0.16966514679370448,0.0,0.4483705461025238,1.506954312324524,0.26010510325431824,0.0031276263762265444,0.011210079304873943,1.50382661819458,0.2582883834838867,0.9981425404548645,5e-05,-0.3064225912094116,-0.3167194128036499,-0.21192210912704468,-0.21159471571445465,-0.21226608753204346,0.31395119428634644,-0.3156493306159973,-0.31599023938179016,-0.19623760879039764,-0.2109202891588211,-0.21979060769081116,0.01859445497393608,0.129303440451622,0.01798621006309986,0.12697473168373108
77,760,769,10,10,1847,1847,0,0.0,1847,0,0.0,0,9.180666700005531,6.277059199172072,2.2944616000168025,1.4024157998501323,19.495532399974763,64.40881490466668,quality,not_promoted,-0.0009290644866896087,6.414432673723083e-05,0.3760859162129205,-0.004657852013820204,0.0004209727169617164,0.003771551724137931,1.0001961856052792,0.15981927385617947,0.0,0.47070226073265076,1.4958336353302002,0.2672780454158783,0.0021818915847688913,0.008652597665786743,1.4936518669128418,0.2646591067314148,0.9989519715309143,5e-05,-0.3068218231201172,-0.3168365955352783,-0.21198049187660217,-0.21168307960033417,-0.21233730018138885,0.31417277455329895,-0.3157099485397339,-0.3160863518714905,-0.19623863697052002,-0.21099446713924408,-0.21997849643230438,0.01859975978732109,0.12939655780792236,0.01798621006309986,0.12701445817947388
78,770,779,10,10,2089,2089,0,0.0,2089,0,0.0,0,10.431550699984655,7.215044300653972,2.5427321000024676,1.6298245989601128,22.87879669998074,62.7132456745909,quality,not_promoted,-0.0002739103369866357,6.218194498201642e-05,0.3345208664735158,-0.0035880277300197067,0.0006801123750902303,0.010208795242237322,0.998709393270088,0.18299379594849818,0.045454545454545456,0.5181002616882324,1.506113052368164,0.2596195638179779,0.002156365429982543,0.007789624854922295,1.5039565563201904,0.25809457898139954,0.9990997314453125,5e-05,-0.3066810667514801,-0.3169984817504883,-0.21215170621871948,-0.21179960668087006,-0.21245817840099335,0.31429409980773926,-0.3158557713031769,-0.31602129340171814,-0.19608521461486816,-0.2111021727323532,-0.22011800110340118,0.018604442477226257,0.12951770424842834,0.01798621006309986,0.127016082406044
79,780,789,10,10,2115,2115,0,0.0,2115,0,0.0,0,9.590114500024356,7.256497800117359,1.5245989000541158,1.615407601755578,23.406466600019485,64.0975497912173,quality,not_promoted,0.005300055504502619,7.051775382398559e-05,0.4362252880545223,0.0009730607596472563,0.0007963912337813514,0.007352941176470588,1.0001155883073807,0.17516645416617393,0.014705882352941176,0.5346438884735107,1.4883462190628052,0.26433247327804565,0.0017727040685713291,0.008742081001400948,1.486573338508606,0.2653796076774597,0.9989061951637268,5e-05,-0.306680291891098,-0.3171747326850891,-0.2123524397611618,-0.21193835139274597,-0.21257485449314117,0.31450679898262024,-0.31580573320388794,-0.31597304344177246,-0.19593417644500732,-0.21107608079910278,-0.22018757462501526,0.018607689067721367,0.12960702180862427,0.01798621006309986,0.12696540355682373
80,790,799,10,10,2378,2378,0,0.0,2378,0,0.0,0,12.086789400025737,8.671293700346723,2.637223099882249,1.9682440994656645,28.723502900043968,58.269614501044344,quality,not_promoted,-0.006246453678039343,7.847270817843597e-05,0.457999466673324,-0.010787211747619471,0.0007674887548139514,0.004523026315789474,0.9995652264670322,0.27893032123775857,0.10526315789473684,0.8605670928955078,1.553485631942749,0.25167033076286316,0.0009417043766006827,0.008668052963912487,1.5525438785552979,0.25209978222846985,0.9988137483596802,5e-05,-0.30686071515083313,-0.3173356354236603,-0.21251457929611206,-0.212049201130867,-0.21268939971923828,0.3147633671760559,-0.31568461656570435,-0.31623753905296326,-0.1958550065755844,-0.21103303134441376,-0.22055912017822266,0.018622124567627907,0.12971550226211548,0.01798621006309986,0.12700295448303223
81,800,809,10,10,2218,2218,0,0.0,2218,0,0.0,0,11.057143500016537,7.9139563998323865,2.399261800106615,1.6199714987305924,26.433371199993417,59.16163108850066,quality,not_promoted,-0.0008054715448192188,6.385012212766534e-05,0.38344545108931405,-0.0046080002295119426,0.00012028886371159127,0.0008928571428571428,1.0000286204474313,0.18419200160673688,0.014285714285714285,0.5135758519172668,1.508884072303772,0.26521795988082886,-0.00019783114839810878,0.008668643422424793,1.5090817213058472,0.2639632523059845,0.9989317059516907,5e-05,-0.3067992627620697,-0.3175022602081299,-0.21257202327251434,-0.21216237545013428,-0.21277664601802826,0.31487858295440674,-0.3156723380088806,-0.31639179587364197,-0.1958799958229065,-0.21101559698581696,-0.22080478072166443,0.018625706434249878,0.1297621726989746,0.01798621006309986,0.1271030604839325
82,810,819,10,10,2296,2296,0,0.0,2296,0,0.0,0,10.966955100011546,8.28647269931389,2.032827200018801,1.8497633010265417,26.163144599995576,61.83662361670307,quality,not_promoted,-0.00026399088609549735,7.568322618883233e-05,0.4686101708147261,-0.004912250778741307,0.0004641297791749821,0.003689236111111111,1.0003769339786635,0.20426946138549182,0.027777777777777776,0.7038018703460693,1.518319845199585,0.26208168268203735,0.0005442247493192554,0.009010919369757175,1.517775535583496,0.26120519638061523,0.9988178610801697,5e-05,-0.30698922276496887,-0.31774425506591797,-0.2127448171377182,-0.2123246192932129,-0.2129160314798355,0.31506896018981934,-0.31575512886047363,-0.31655314564704895,-0.1958857923746109,-0.21111181378364563,-0.22093118727207184,0.01864960603415966,0.1298869550228119,0.01798621006309986,0.12725208699703217
83,820,829,10,10,2293,2293,0,0.0,2293,0,0.0,0,11.249115800019354,8.450480699946638,1.8579249000176787,1.6385902018519118,27.330831600003876,59.435021417334006,quality,not_promoted,-0.0017398174774522583,6.356155821170735e-05,0.43039435065454906,-0.006011979673833896,0.0010164014117132563,0.01332792846692933,0.9998808801174164,0.16630404276980293,0.0,0.4351537525653839,1.4963157176971436,0.2557733654975891,0.0018586022779345512,0.008753898553550243,1.4944570064544678,0.25789520144462585,0.998828649520874,5e-05,-0.3071451783180237,-0.3178739547729492,-0.21279187500476837,-0.21240617334842682,-0.2130466252565384,0.3152140974998474,-0.31591832637786865,-0.3168344497680664,-0.19578668475151062,-0.2112252414226532,-0.22128230333328247,0.01865236461162567,0.12996907532215118,0.01798621006309986,0.12737786769866943
84,830,839,10,10,2172,2172,0,0.0,2172,0,0.0,0,10.030023100029211,7.7501988002914,1.4326878000283614,1.5976719011669047,24.856467699981295,62.25905644827269,quality,not_promoted,-0.0008283083957126912,5.2933254932320455e-05,0.4382960901540868,-0.005184803007389693,0.0005172441407707726,0.0062040441176470585,1.0007989318931805,0.19253552294171908,0.014705882352941176,0.5556821823120117,1.517539381980896,0.2676147222518921,0.0002343612868571654,0.007667007390409708,1.5173051357269287,0.26594701409339905,0.9991791844367981,2.5e-05,-0.30715593695640564,-0.31802916526794434,-0.21286529302597046,-0.2125169187784195,-0.21314823627471924,0.31534498929977417,-0.31595751643180847,-0.31688880920410156,-0.19573941826820374,-0.21125365793704987,-0.22145605087280273,0.018652744591236115,0.1300271898508072,0.01798621006309986,0.12740963697433472
85,840,849,10,10,2075,2075,0,0.0,2075,0,0.0,0,19.423853199987207,7.335360599332489,11.640225200040732,1.9214308008668013,23.32666830002563,48.537419596141696,quality,not_promoted,0.00079228476776431,4.782799111456949e-05,0.510375332200166,-0.004287554310973395,0.0012581394897124758,0.015002455110802795,1.0016888316833612,0.24781735297856908,0.06060606060606061,0.6409242153167725,1.5469473600387573,0.26412975788116455,0.0006659202044829726,0.007639750838279724,1.5462815761566162,0.26387956738471985,0.9991633892059326,2.5e-05,-0.30726340413093567,-0.3181737959384918,-0.21293802559375763,-0.21261844038963318,-0.21325814723968506,0.3155479431152344,-0.3161313533782959,-0.31705141067504883,-0.19567519426345825,-0.21137794852256775,-0.22162827849388123,0.01865796558558941,0.13009072840213776,0.01798621006309986,0.12748555839061737
86,850,859,10,10,2519,2519,0,0.0,2519,0,0.0,0,12.944746499997564,9.130960099806543,3.9965619000722654,2.246089598746039,29.59591149998596,59.21394069647385,quality,catastrophic_rolled_back,-0.003246835549362004,5.991352345517953e-05,0.5050169344991445,-0.00826704771607183,0.0014109864503552671,0.014453125,0.997153639048338,0.2317876976914704,0.0375,0.7093828916549683,1.5396091938018799,0.25207391381263733,-0.0010213308269158006,0.007986546494066715,1.540630578994751,0.25140687823295593,0.9989961385726929,2.5e-05,-0.30731406807899475,-0.3182685971260071,-0.2130587100982666,-0.2126908302307129,-0.21332022547721863,0.31566229462623596,-0.3162660002708435,-0.31730955839157104,-0.19555406272411346,-0.21146906912326813,-0.22187574207782745,0.018655233085155487,0.1301587074995041,0.01798621006309986,0.12754987180233002
87,860,869,10,10,2490,2490,0,0.0,2490,0,0.0,0,11.668718900007661,9.032574900600594,1.6475403000949882,2.152914000384044,30.695578300044872,58.77590718056128,quality,not_promoted,-0.0014433352372203118,6.173796958673614e-05,0.5303911650792147,-0.006716377818240569,0.0017377372875135057,0.023458222810847636,0.9993305374414493,0.2955816419651875,0.15384615384615385,0.7621958255767822,1.55106520652771,0.2500647306442261,0.0007150689489208162,0.00827488861978054,1.5503500699996948,0.25104835629463196,0.9989050030708313,2.5e-05,-0.30715590715408325,-0.31791627407073975,-0.21276919543743134,-0.2124350368976593,-0.2130940705537796,0.31525421142578125,-0.3160472512245178,-0.3171737492084503,-0.19573228061199188,-0.21131464838981628,-0.22149989008903503,0.01865931786596775,0.1300039142370224,0.01798621006309986,0.12744104862213135
88,870,879,10,10,2137,2137,0,0.0,2137,0,0.0,0,10.12900069996249,7.64924570027506,1.4456899000215344,1.7502854011836462,25.555172199965455,59.88649382439001,quality,not_promoted,0.0017241362263174618,5.706306894674473e-05,0.4858069437391618,-0.0031054000959129017,0.00020084934165505032,0.0,1.0000859884654774,0.25255332722821655,0.07352941176470588,1.086944341659546,1.506468653678894,0.2563910186290741,4.0396324038738385e-05,0.007940157316625118,1.5064281225204468,0.25589293241500854,0.9990409016609192,2.5e-05,-0.3072461187839508,-0.3180772662162781,-0.2128424495458603,-0.21254773437976837,-0.2132139354944229,0.3153519332408905,-0.3161928355693817,-0.31734392046928406,-0.19566158950328827,-0.211407870054245,-0.22170673310756683,0.01865389756858349,0.13007350265979767,0.01798621006309986,0.1275252401828766
89,880,889,10,10,2011,2011,0,0.0,2011,0,0.0,0,9.732088799995836,6.941374399582855,2.2282211999990977,1.482188600464724,21.117921500001103,65.18636397344086,quality,not_promoted,-0.0005980465066386387,5.601114722253442e-05,0.4075714088976383,-0.004645755383535288,0.0007140573165997921,0.007568359375,0.9995453888550401,0.22301662602694705,0.03125,0.5791319012641907,1.503852128982544,0.26143771409988403,-0.00036621198523789644,0.007865812629461288,1.504218339920044,0.25939705967903137,0.9990947842597961,2.5e-05,-0.30730658769607544,-0.3180944323539734,-0.2128371298313141,-0.2125595360994339,-0.21323451399803162,0.31539756059646606,-0.31635966897010803,-0.3175945281982422,-0.19563144445419312,-0.21152451634407043,-0.22189734876155853,0.01865476556122303,0.13009300827980042,0.01798621006309986,0.12756872177124023
90,890,899,10,10,2046,2046,0,0.0,2046,0,0.0,0,9.499670100049116,7.060171199264005,1.8170703999930993,1.6245604972937144,21.693871100025717,65.59050115140796,quality,not_promoted,0.00018294143956154585,5.7380285625185934e-05,0.44668372347950935,-0.004255205076333368,0.00015549748701459976,0.0,1.0001894403249025,0.2536755248438567,0.0625,0.7859634757041931,1.5074539184570312,0.27325937151908875,-0.0003002949233632535,0.00812974851578474,1.5077543258666992,0.2736213803291321,0.9991148710250854,2.5e-05,-0.3073003888130188,-0.3182045519351959,-0.2128755897283554,-0.21263648569583893,-0.21331162750720978,0.31547555327415466,-0.31643715500831604,-0.3176623582839966,-0.19556961953639984,-0.21156448125839233,-0.22206994891166687,0.018656916916370392,0.13012495636940002,0.01798621006309986,0.12762847542762756
91,900,909,10,10,2250,2250,0,0.0,2250,0,0.0,0,10.982793700008187,8.010965099791065,2.5027890999335796,1.895163899695035,27.347194899979513,58.70077404616609,quality,not_promoted,0.0036140145837432807,5.55729721125115e-05,0.47652510760558975,-0.001123449102225196,0.0016616389246135238,0.02417534724291828,0.9979688500364622,0.2755647864606645,0.05555555555555555,0.6344668865203857,1.5614032745361328,0.25227341055870056,0.0008604549802839756,0.007863327860832214,1.5605428218841553,0.2519244849681854,0.9990284442901611,2.5e-05,-0.3072652220726013,-0.3182312548160553,-0.21288399398326874,-0.2126580774784088,-0.21334122121334076,0.315459668636322,-0.31656473875045776,-0.31791308522224426,-0.19548377394676208,-0.21165481209754944,-0.22226756811141968,0.018662627786397934,0.1301356852054596,0.01798621006309986,0.12771406769752502
92,910,919,10,10,2076,2076,0,0.0,2076,0,0.0,0,9.695300099963788,7.260294500447344,1.53899929986801,1.787374599429313,23.105463599960785,63.29120928378792,quality,catastrophic_rolled_back,-0.00014746616679159078,5.436295159046439e-05,0.46340894970026886,-0.0047543739518997345,0.0004871534142280738,0.004261363636363636,1.000227973316655,0.26023150754697394,0.07575757575757576,0.7393022179603577,1.4953081607818604,0.27300116419792175,0.0005914485664106905,0.007376634515821934,1.4947168827056885,0.2734859883785248,0.9992699027061462,2.5e-05,-0.30730077624320984,-0.3183711767196655,-0.2129555642604828,-0.21275676786899567,-0.2134348750114441,0.3155713975429535,-0.31672802567481995,-0.31811612844467163,-0.19552314281463623,-0.21177124977111816,-0.22248636186122894,0.018671860918402672,0.13021013140678406,0.01798621006309986,0.12775516510009766
93,920,929,10,10,2184,2184,0,0.0,2184,0,0.0,0,10.373017699981574,7.621568200003821,2.123774799867533,1.8332788996049203,25.35009009996429,61.13689806135259,quality,not_promoted,0.009716877793627126,5.8168912541337446e-05,0.4348559288041932,0.005397403208605413,0.0008746047138369509,0.0125,1.0008105652672903,0.2503817542323044,0.02857142857142857,0.6648304462432861,1.5345284938812256,0.2653292715549469,-0.00031441496685147285,0.007965056225657463,1.534842848777771,0.26347631216049194,0.9990988373756409,2.5e-05,-0.307330459356308,-0.31825143098831177,-0.2129136472940445,-0.2126474231481552,-0.21331560611724854,0.31548115611076355,-0.3163268566131592,-0.3174659013748169,-0.1956554800271988,-0.21149882674217224,-0.22191742062568665,0.018643829971551895,0.1301392763853073,0.01798621006309986,0.12763239443302155
94,930,939,10,10,2021,2021,0,0.0,2021,0,0.0,0,9.688131600036286,7.074874099169392,1.8576249998877756,1.623743800795637,22.01132960000541,63.75502685191828,quality,not_promoted,0.0013541699154302478,6.278788134750357e-05,0.4563014581799507,-0.0031774498493177816,0.0009443801218367298,0.010610219615045935,0.9999003494158387,0.24933043477358297,0.078125,0.6341379284858704,1.513780117034912,0.25323405861854553,0.0011875145137310028,0.008053569123148918,1.5125924348831177,0.25334906578063965,0.9989885687828064,2.5e-05,-0.3073404133319855,-0.31834375858306885,-0.21293695271015167,-0.21269258856773376,-0.2133643478155136,0.3154771029949188,-0.3164046108722687,-0.3175213932991028,-0.19560344517230988,-0.21155820786952972,-0.22203265130519867,0.01865129917860031,0.1301916539669037,0.01798621006309986,0.12763231992721558
95,940,949,10,10,2261,2261,0,0.0,2261,0,0.0,0,10.90655890002381,8.079882299993187,2.601661900000181,1.7216822995105758,25.257887599989772,62.51996695149616,quality,not_promoted,-0.00013160669348306127,5.387578120361367e-05,0.4203074448224571,-0.004307744681783434,3.600617468338088e-05,0.0,0.9999738178319402,0.26494566516743767,0.05555555555555555,0.8036808371543884,1.5009852647781372,0.2635859251022339,4.333450306148734e-06,0.007533655967563391,1.500981092453003,0.2633278965950012,0.9991831183433533,2.5e-05,-0.30736714601516724,-0.3183654248714447,-0.21293285489082336,-0.21270154416561127,-0.2133849859237671,0.31551581621170044,-0.31653323769569397,-0.3177323043346405,-0.1956072747707367,-0.21163904666900635,-0.22230173647403717,0.018661998212337494,0.13020743429660797,0.01798621006309986,0.1277032196521759
96,950,959,10,10,2294,2294,0,0.0,2294,0,0.0,0,11.358552900026552,8.416572500369512,2.0625304999412037,1.8962524997186847,26.090657399967313,61.25629837381046,quality,catastrophic_rolled_back,-0.00015536178964086704,5.0681028066416424e-05,0.5115432068705559,-0.0052454534646434086,0.0005524481809212981,0.0013020833333333333,0.9995428489314185,0.32012349512014127,0.20833333333333334,1.020571231842041,1.5515161752700806,0.2516946494579315,0.0009048203355632722,0.007357400376349688,1.5506113767623901,0.2504109740257263,0.9991455078125,2.5e-05,-0.30740082263946533,-0.318498432636261,-0.21302999556064606,-0.2127961963415146,-0.2134735882282257,0.31561923027038574,-0.31661495566368103,-0.31789660453796387,-0.19555635750293732,-0.21168501675128937,-0.22245754301548004,0.01867513917386532,0.13027255237102509,0.01798621006309986,0.12781187891960144
97,960,969,10,10,2381,2381,0,0.0,2381,0,0.0,0,11.213106400042307,8.406486000341829,1.8597926999209449,1.8642003001878038,29.090397400024813,59.07674955039603,quality,not_promoted,-0.004552896477674183,5.94672685206445e-05,0.3887944762644015,-0.008411107125299933,0.00033937858935479727,0.0028782894736842104,0.9991753328787653,0.2204284933150599,0.039473684210526314,0.9145466089248657,1.5083086490631104,0.2597852349281311,0.00011858639481943101,0.008193498477339745,1.5081900358200073,0.25732532143592834,0.9990052580833435,2.5e-05,-0.3071620464324951,-0.3180674612522125,-0.21284939348697662,-0.21254092454910278,-0.21321038901805878,0.31531524658203125,-0.31631988286972046,-0.3175050616264343,-0.19571931660175323,-0.2114707976579666,-0.22193002700805664,0.01866721734404564,0.1300986260175705,0.01798621006309986,0.1276082992553711
98,970,979,10,10,2198,2198,0,0.0,2198,0,0.0,0,10.555537899956107,7.737647999892943,2.0976975000230595,1.792811900144443,26.198685900017153,59.802650491604155,quality,not_promoted,0.000572627576600228,5.627822340881851e-05,0.464924179656165,-0.004048475170774119,0.000464261689921841,0.0006696428571428571,1.0004343748092652,0.27395453825592997,0.05714285714285714,1.0713931322097778,1.5310091972351074,0.26220643520355225,0.0013363758334890008,0.008100254461169243,1.5296727418899536,0.26252201199531555,0.9990456700325012,2.5e-05,-0.30717793107032776,-0.3181227743625641,-0.21289102733135223,-0.21258637309074402,-0.21325641870498657,0.31538882851600647,-0.3164254128932953,-0.31761983036994934,-0.1956043243408203,-0.21154184639453888,-0.22208021581172943,0.018677523359656334,0.1301155537366867,0.01798621006309986,0.12763595581054688
99,980,989,10,10,2580,2580,0,0.0,2580,0,0.0,0,12.432943099993281,9.298198300064541,3.1551316998666152,2.179211898939684,31.262337299995124,59.045278491923455,quality,not_promoted,-0.0015436736185376236,5.7372090650904107e-05,0.49565644998375963,-0.00647155110008742,0.0012900636771164277,0.012004573170731708,0.9990918716279472,0.302112669206974,0.17073170731707318,1.10348379611969,1.5811718702316284,0.24959394335746765,0.00017001510423142463,0.007907219231128693,1.58100163936615,0.24914079904556274,0.998996376991272,2.5e-05,-0.30714115500450134,-0.31804513931274414,-0.21282249689102173,-0.21253210306167603,-0.21321646869182587,0.3152669370174408,-0.316497266292572,-0.31777435541152954,-0.19564945995807648,-0.21158063411712646,-0.2222195714712143,0.01869283802807331,0.13013385236263275,0.01798621006309986,0.12770023941993713
100,990,999,10,10,2270,2270,0,0.0,2270,0,0.0,0,11.19766870001331,8.136779100692365,2.316598500008695,1.7334051009383984,26.693388000014238,59.908595792693994,quality,not_promoted,-0.0032939130647314917,5.930842154258345e-05,0.3840302634570334,-0.007104561046516109,0.00044882303579167154,0.004991319444444444,1.0001689104570284,0.20606784243136644,0.06944444444444445,0.6089261770248413,1.531011700630188,0.25115013122558594,-0.0005034460336901248,0.008133678697049618,1.53151535987854,0.25019246339797974,0.9989511370658875,2.5e-05,-0.30721816420555115,-0.3180074691772461,-0.21280202269554138,-0.21251854300498962,-0.2132139801979065,0.31529343128204346,-0.3166705071926117,-0.3179894685745239,-0.19563309848308563,-0.21168167889118195,-0.22246873378753662,0.018697788938879967,0.13014502823352814,0.01798621006309986,0.12776470184326172
101,1000,1009,10,10,2153,2153,0,0.0,2153,0,0.0,0,10.376707799965516,7.526798100327142,2.441052800102625,1.9069406997296028,24.691243699984625,61.3950889034126,quality,not_promoted,-0.0012315349543795867,5.295920410015456e-05,0.4699019894880407,-0.005904075655374019,0.0007492016606299919,0.008171180044026935,0.999367859433679,0.26403837837278843,0.08823529411764706,0.7630844116210938,1.5336054563522339,0.2662842273712158,-0.0008026606519706547,0.007728262338787317,1.5344079732894897,0.2665780782699585,0.9991576671600342,2.5e-05,-0.30726638436317444,-0.3180014491081238,-0.21278458833694458,-0.21252384781837463,-0.21322402358055115,0.31523993611335754,-0.31687384843826294,-0.31808263063430786,-0.19566690921783447,-0.21182304620742798,-0.2225896716117859,0.018698230385780334,0.13016623258590698,0.01798621006309986,0.12777100503444672
102,1010,1019,10,10,2127,2127,0,0.0,2127,0,0.0,0,9.673962400003802,7.2456564992899075,1.785926499927882,1.5689686000696383,23.870275799999945,63.40880324418166,quality,not_promoted,-0.002725555849097231,4.55864399769138e-05,0.37797637481023283,-0.006482526286751689,0.0006407867267090991,0.008042279411764705,0.999484162996797,0.1873594682992381,0.029411764705882353,0.9758656024932861,1.4961751699447632,0.2623453140258789,0.0006491965614259243,0.007001378573477268,1.49552583694458,0.2636556923389435,0.9992877840995789,2.5e-05,-0.30727359652519226,-0.3181632161140442,-0.21286159753799438,-0.21263474225997925,-0.2133435606956482,0.315374493598938,-0.31695201992988586,-0.3182079792022705,-0.19559277594089508,-0.21187825500965118,-0.2227732539176941,0.018694723024964333,0.13023565709590912,0.01798621006309986,0.1277768909931183
103,1020,1029,10,10,2560,2560,0,0.0,2560,0,0.0,0,12.643098700034898,9.33720969967544,2.93234759994084,2.2900286007206887,30.395276100025512,59.48179994929564,quality,not_promoted,-0.00016767341876402497,5.578815121225489e-05,0.4918129023164511,-0.005057909269817173,0.0005261387210339308,0.0048828125,1.000297810137272,0.249006056599319,0.025,0.6353834271430969,1.565920352935791,0.2432413101196289,0.0008641346357762814,0.00785095989704132,1.5650562047958374,0.24243371188640594,0.9989582300186157,2.5e-05,-0.30736449360847473,-0.3183557987213135,-0.21297037601470947,-0.21276797354221344,-0.21344979107379913,0.3155516982078552,-0.31716540455818176,-0.31846097111701965,-0.1956070512533188,-0.2119937390089035,-0.22298458218574524,0.01870102621614933,0.13029666244983673,0.01798621006309986,0.12782540917396545
104,1030,1039,10,10,2389,2389,0,0.0,2389,0,0.0,0,11.421979399980046,8.579766999580897,2.0241845000418834,1.9380426002317108,27.770932799961884,60.954898881016035,quality,catastrophic_rolled_back,9.01476136947933e-06,5.634734110284817e-05,0.46214775937168223,-0.004584289658324499,0.0004951950361972099,0.002261513157894737,0.9999553545525199,0.2637149541099605,0.09210526315789473,0.8653595447540283,1.5431978702545166,0.25813543796539307,0.00015205076488200575,0.007946325466036797,1.5430457592010498,0.2565560042858124,0.9990523457527161,2.5e-05,-0.30740368366241455,-0.31856054067611694,-0.21305564045906067,-0.21291257441043854,-0.2135898470878601,0.31575411558151245,-0.3172924816608429,-0.31850746273994446,-0.19558092951774597,-0.2120591402053833,-0.22312280535697937,0.018708154559135437,0.13038454949855804,0.01798621006309986,0.12782110273838043
105,1040,1049,10,10,2154,2154,0,0.0,2154,0,0.0,0,10.168674000015017,7.533783099846914,2.145117299980484,1.6749790004687384,25.657173099985812,60.12418894066988,quality,not_promoted,-0.00025185314007103443,5.5536558112875995e-05,0.45585650117958293,-0.0047826499041334234,0.0006273154119887348,0.007932860650779569,0.9988701720448101,0.20042412410325863,0.014705882352941176,0.5236011147499084,1.5316450595855713,0.25294265151023865,0.0008177043637260795,0.007816209457814693,1.5308274030685425,0.25275295972824097,0.9990451335906982,2.5e-05,-0.3073790371417999,-0.3182048499584198,-0.21287818253040314,-0.21266114711761475,-0.21336707472801208,0.31547287106513977,-0.3169425129890442,-0.31831347942352295,-0.1954960972070694,-0.21186016499996185,-0.22296112775802612,0.018696127459406853,0.13027295470237732,0.01798621006309986,0.12780393660068512
106,1050,1059,10,10,2253,2253,0,0.0,2253,0,0.0,0,10.551274899975397,8.016697100130841,1.753115699859336,1.9994269983144477,26.31144099996891,61.11866543190335,quality,not_promoted,-0.001931227096873853,0.010127565318220554,0.512975350022316,-0.0019971975157709997,0.00021091798632571427,0.0,0.9997022077441216,0.18704978581000534,0.041666666666666664,0.594393253326416,1.4964354038238525,0.3079844117164612,-0.013380328193306923,0.11022798717021942,1.5098158121109009,0.2599257230758667,0.8719067573547363,2.5e-05,-0.30755406618118286,-0.3183770775794983,-0.2129967212677002,-0.21278159320354462,-0.21348391473293304,0.31566253304481506,-0.31686773896217346,-0.31828561425209045,-0.19549061357975006,-0.21180462837219238,-0.2229260951280594,0.018698224797844887,0.13037797808647156,0.01798621006309986,0.12779110670089722
107,1060,1069,10,10,2178,2178,0,0.0,2178,0,0.0,0,10.329238500038628,7.584667900169734,1.888998799957335,1.892603699292522,24.84112430003006,61.927140541062215,quality,not_promoted,0.010525154854570116,0.00047737792500421555,0.48010742834636144,0.005962770132880125,0.00048014805319585973,0.0017857142857142857,1.0008677448545182,0.1783957033285073,0.02857142857142857,0.6592778563499451,1.4949772357940674,0.2702130973339081,0.002244399394840002,0.029292915016412735,1.4927327632904053,0.2802315950393677,0.9882479906082153,2.5e-05,-0.3076319396495819,-0.31834548711776733,-0.21294787526130676,-0.21275973320007324,-0.21346189081668854,0.3156680464744568,-0.3169460892677307,-0.3183623254299164,-0.19537852704524994,-0.21185006201267242,-0.22300341725349426,0.01869659125804901,0.13035397231578827,0.01798621006309986,0.1278834491968155
108,1070,1079,10,10,2146,2146,0,0.0,2146,0,0.0,0,9.921334600017872,7.495576399436686,1.5753796999924816,1.90302879846422,24.853936599974986,61.71051801892032,quality,catastrophic_rolled_back,0.0019430478706079371,0.00016735939618015168,0.46141769780832176,-0.0025874493876472116,0.00031179550954702254,0.0,0.9996362714206471,0.15445094906231938,0.014705882352941176,0.7307802438735962,1.495466947555542,0.27389058470726013,0.0027330329176038504,0.016406740993261337,1.4927338361740112,0.28045839071273804,0.9964116811752319,2.5e-05,-0.307668536901474,-0.3183991014957428,-0.21297018229961395,-0.2127944678068161,-0.2134821116924286,0.3157605826854706,-0.31695911288261414,-0.31843405961990356,-0.1953601837158203,-0.21186235547065735,-0.22311341762542725,0.018702946603298187,0.1303691267967224,0.01798621006309986,0.1279144436120987
109,1080,1089,10,10,2298,2298,0,0.0,2298,0,0.0,0,11.392408899962902,8.245787599764299,2.305243699986022,1.858047000481747,26.879725500009954,60.043685465361186,quality,not_promoted,-0.0005316184704295463,6.173165946974122e-05,0.49175449419352746,-0.005418298106330137,8.51182390862151e-05,0.0,0.9999185411466492,0.23286595712933275,0.0,0.4871353805065155,1.551958680152893,0.245388463139534,0.0014061216497793794,0.00844182912260294,1.550552487373352,0.2456357628107071,0.9988164901733398,2.5e-05,-0.3072777986526489,-0.31836003065109253,-0.2129645049571991,-0.21277284622192383,-0.21347622573375702,0.3154793679714203,-0.31703147292137146,-0.3184557259082794,-0.19551673531532288,-0.211939737200737,-0.2230049967765808,0.018689392134547234,0.1302832067012787,0.01798621006309986,0.12788107991218567
110,1090,1099,10,10,2389,2389,0,0.0,2389,0,0.0,0,11.24481929995818,8.542130000307225,1.8924941001459956,2.086976100341417,28.176164000004064,60.60224276552452,quality,not_promoted,-0.0022396771053440475,5.594973112908376e-05,0.5059213218720335,-0.00727091496810317,0.0012611540196782076,0.009662828947368422,0.9992686023837641,0.3008379244098538,0.11842105263157894,0.9937433004379272,1.568156123161316,0.249469593167305,0.0005595313850790262,0.007876520976424217,1.5675965547561646,0.2476475089788437,0.9990031123161316,2.5e-05,-0.3071529269218445,-0.3182789087295532,-0.21291644871234894,-0.21272046864032745,-0.2134237289428711,0.3153286278247833,-0.3171924650669098,-0.318676233291626,-0.19548159837722778,-0.21207495033740997,-0.22310906648635864,0.018687834963202477,0.13024936616420746,0.01798621006309986,0.12789379060268402
111,1100,1109,10,10,2554,2554,0,0.0,2554,0,0.0,0,11.951744200021494,9.215655899897683,1.9218812999897636,2.0776664025033824,30.19997409998905,60.59064975292742,quality,not_promoted,0.00017709434032440186,4.9142554871650646e-05,0.4854876920580864,-0.004653211034019477,0.0006084971599563005,0.0048828125,1.0000835314393044,0.30442697945982217,0.1625,0.9658435583114624,1.5761890411376953,0.24227957427501678,0.0008187824278138578,0.00736565887928009,1.575370192527771,0.24195146560668945,0.9990757703781128,2.5e-05,-0.3070964217185974,-0.3183920383453369,-0.21293653547763824,-0.21279901266098022,-0.21351180970668793,0.31531044840812683,-0.31730711460113525,-0.3187168836593628,-0.1954376995563507,-0.212165966629982,-0.22320830821990967,0.018687494099140167,0.13026337325572968,0.01798621006309986,0.12787073850631714
112,1110,1119,10,10,2340,2340,0,0.0,2340,0,0.0,0,11.020835699979216,8.261882999329828,1.9651288000750355,1.8751345022465102,27.0437364000245,61.47448587763769,quality,not_promoted,0.003464832121657359,5.109460825396299e-05,0.46198543825665034,-0.0011294760420364706,0.00022709754183951363,0.0010557432432432433,1.0004824037487443,0.2655014731996768,0.08108108108108109,1.0376039743423462,1.528273582458496,0.2566615045070648,0.00014561986608896405,0.00784275121986866,1.528127908706665,0.2557627558708191,0.9990662932395935,2.5e-05,-0.30706995725631714,-0.3185221254825592,-0.21305300295352936,-0.21289263665676117,-0.21359024941921234,0.31537941098213196,-0.3174075782299042,-0.3188900947570801,-0.19536451995372772,-0.21223311126232147,-0.22339220345020294,0.018694551661610603,0.13031437993049622,0.01798621006309986,0.12796083092689514
113,1120,1129,10,10,2206,2206,0,0.0,2206,0,0.0,0,10.68593310000142,7.765752500097733,2.0591388000757433,1.991884199262131,24.67242450005142,62.389775706004606,quality,not_promoted,-2.815912344626018e-05,3.909101516390885e-05,0.5159171598298209,-0.005167784638303731,0.000644054677364433,0.008735119072454316,0.9996061214378902,0.2727531183511019,0.04285714285714286,0.8460419178009033,1.5687050819396973,0.25329163670539856,0.000606413756031543,0.006901655811816454,1.568098783493042,0.25230658054351807,0.9992575645446777,2.5e-05,-0.3070540428161621,-0.31858348846435547,-0.2130846232175827,-0.21293631196022034,-0.2136428952217102,0.3154177665710449,-0.3175843358039856,-0.3190705478191376,-0.1953728348016739,-0.21235594153404236,-0.22351515293121338,0.01869741827249527,0.13036558032035828,0.01798621006309986,0.12798292934894562
114,1130,1139,10,10,2383,2383,0,0.0,2383,0,0.0,0,11.290900899970438,8.580258199654054,1.7665550000383519,1.8643871003296226,29.093310199968982,59.00820977046583,quality,not_promoted,0.0026810437036482128,4.492077495773341e-05,0.37907564973360613,-0.0010872518239346774,0.00018128915766474644,0.00041118421052631577,0.999595350340793,0.1964024666598753,0.0,0.4434097111225128,1.5115169286727905,0.2635424733161926,0.0006696395576000214,0.007212021853774786,1.5108473300933838,0.2611367106437683,0.999251127243042,2.5e-05,-0.30711308121681213,-0.31874987483024597,-0.21316829323768616,-0.2130540907382965,-0.21377646923065186,0.315530389547348,-0.3177167475223541,-0.31915542483329773,-0.19530746340751648,-0.21244266629219055,-0.22367247939109802,0.01870330236852169,0.13041692972183228,0.01798621006309986,0.12805087864398956
115,1140,1149,10,10,2447,2447,0,0.0,2447,0,0.0,0,11.935091499995906,8.852070800086949,1.841648899950087,1.8871036978671327,28.54707980004605,60.44636247061837,quality,not_promoted,-0.004273456998933584,4.679483253055831e-05,0.4612620247480197,-0.008862679567522345,0.0009205220461202165,0.010069444489020567,0.9974187467342768,0.24672782903489393,0.07692307692307693,0.9286803007125854,1.5509650707244873,0.24791213870048523,0.0003172408905811608,0.007057649549096823,1.5506478548049927,0.24789385497570038,0.999189555644989,2.5e-05,-0.3071361184120178,-0.31884682178497314,-0.21326711773872375,-0.21312204003334045,-0.2138850837945938,0.31564566493034363,-0.3178081810474396,-0.31940340995788574,-0.1952541172504425,-0.21250705420970917,-0.22386042773723602,0.018708430230617523,0.13045313954353333,0.01798621006309986,0.12809163331985474
116,1150,1159,10,10,6829,6829,0,0.0,6829,0,0.0,0,50.4728045000229,31.26979819929693,1.5420435999403708,7.687710199854337,78.98578819999238,52.750457560004,quality,not_promoted,-0.0001471732551597546,0.015566377769267593,0.1543626739495547,0.006092389200696565,2.2258858811357776e-05,0.0,0.9999536011263589,0.1977883938995895,0.02336448598130841,0.6341278553009033,1.6807849407196045,0.21933741867542267,-0.010040105320513248,0.12619183957576752,1.6908249855041504,0.18311011791229248,0.6689931154251099,2.5e-05,-0.30711716413497925,-0.3188488781452179,-0.21326947212219238,-0.21312424540519714,-0.2138897329568863,0.31562840938568115,-0.3178235590457916,-0.3194443881511688,-0.19524694979190826,-0.2125178575515747,-0.223891019821167,0.01870707795023918,0.1304519772529602,0.01798621006309986,0.12809884548187256
117,1160,1169,10,10,2235,2235,0,0.0,2235,0,0.0,0,11.311095499957446,8.174721799965482,2.4345308000338264,1.9436625023954548,25.602473500010092,60.54684119007744,quality,catastrophic_rolled_back,-2.247981194938932e-05,8.587396088322358e-05,0.5029390675680978,-0.005008932755195669,8.297391385505242e-05,0.0,0.9998717146260397,0.17212156690657138,0.014285714285714285,0.5446234345436096,1.5736039876937866,0.25917184352874756,-0.0026218558195978403,0.010969623923301697,1.576225757598877,0.2535676062107086,0.9982085227966309,2.5e-05,-0.3071483075618744,-0.31882426142692566,-0.21327602863311768,-0.21310490369796753,-0.21386633813381195,0.3155953288078308,-0.3178139626979828,-0.31950458884239197,-0.19522792100906372,-0.21251092851161957,-0.223989337682724,0.01871377043426037,0.13047784566879272,0.01798621006309986,0.1280962973833084
118,1170,1179,10,10,2961,2961,0,0.0,2961,0,0.0,0,14.944334700005129,10.885626699542627,3.6073363000759855,2.5989639994804747,36.76259940001182,57.26504677830104,quality,not_promoted,0.00052651352784101,5.022920508286297e-05,0.46409415913389085,-0.004089313569141829,0.0003247619318612356,0.0024933510638297874,1.0011068734716861,0.2954704538780324,0.11702127659574468,1.147129774093628,1.5675259828567505,0.22422245144844055,0.00024451391072943807,0.007328244391828775,1.5672816038131714,0.224246546626091,0.9989318251609802,2.5e-05,-0.3072029948234558,-0.3188623785972595,-0.21330787241458893,-0.21313467621803284,-0.2139037698507309,0.31566986441612244,-0.31800785660743713,-0.3195999264717102,-0.19520801305770874,-0.21263936161994934,-0.22402945160865784,0.018721021711826324,0.13047197461128235,0.01798621006309986,0.12815243005752563
119,1180,1189,10,10,2715,2715,0,0.0,2715,0,0.0,0,13.286953100003302,10.062057699891739,2.2590613000793383,2.3840066010016017,34.081502700049896,57.31662462167388,quality,not_promoted,0.0009156170052064713,5.386590085034313e-05,0.5165675531986148,-0.004223125667289593,0.0011636083187578723,0.008902616279069768,0.9984205302804016,0.28508787723474727,0.09302325581395349,0.8634656667709351,1.5899416208267212,0.23623895645141602,0.000614758173469454,0.007695256732404232,1.5893268585205078,0.23532737791538239,0.9989389181137085,2.5e-05,-0.3073340654373169,-0.3189598619937897,-0.21338918805122375,-0.21320536732673645,-0.2139740288257599,0.31580471992492676,-0.31826433539390564,-0.31997281312942505,-0.19511564075946808,-0.21282681822776794,-0.2242898792028427,0.0187266506254673,0.13051167130470276,0.01798621006309986,0.12820087373256683
120,1190,1199,10,10,2219,2219,0,0.0,2219,0,0.0,0,10.893986799987033,7.958416299603414,1.8909228998818435,1.9028437004308216,25.409057700017,61.12435005278286,quality,not_promoted,0.0005466110871306487,5.007677417389849e-05,0.4579677496637617,-0.004008027724921703,0.0001787069478138749,0.0,0.999792947939464,0.23932744674384593,0.04285714285714286,0.8610672950744629,1.5356100797653198,0.2603277266025543,0.0004283878661226481,0.007217746693640947,1.5351818799972534,0.2607215642929077,0.9992312788963318,2.5e-05,-0.3073514997959137,-0.31909894943237305,-0.2134992480278015,-0.21328315138816833,-0.21405179798603058,0.3159494698047638,-0.3184249699115753,-0.32005465030670166,-0.19509580731391907,-0.21294397115707397,-0.22441701591014862,0.018738288432359695,0.13054616749286652,0.01798621006309986,0.12823604047298431
121,1200,1209,10,10,2401,2401,0,0.0,2401,0,0.0,0,12.409357399970759,8.775038799038157,3.5236979000619613,2.262899400491733,28.25144750002073,59.049495107277195,quality,catastrophic_rolled_back,0.0006169903484222136,5.266347917361265e-05,0.557458909326478,-0.004931267268195944,0.0006643840198720634,0.008018092105263159,1.00015642141041,0.3110879780234475,0.10526315789473684,1.283165454864502,1.5496981143951416,0.24337078630924225,0.0002572133671492338,0.007797697558999062,1.5494409799575806,0.24398738145828247,0.9989734292030334,2.5e-05,-0.3073902726173401,-0.31911972165107727,-0.21349012851715088,-0.21329590678215027,-0.21406029164791107,0.3159054219722748,-0.3184557259082794,-0.32004716992378235,-0.19504709541797638,-0.21295946836471558,-0.22457116842269897,0.018742119893431664,0.13053227961063385,0.01798621006309986,0.12829363346099854
122,1210,1219,10,10,2289,2289,0,0.0,2289,0,0.0,0,11.45259930001339,8.138493999664206,3.621897099947091,1.892226799216587,27.007019000011496,59.51697133714192,quality,not_promoted,0.0004696906932319204,4.3786644154250906e-05,0.4589432064029906,-0.004097847416738255,0.00040332242254711065,0.0013020833333333333,0.9998450560702218,0.2851021977969342,0.08333333333333333,1.0424753427505493,1.5485936403274536,0.24907463788986206,0.0001620774855837226,0.006952780764549971,1.5484315156936646,0.24929042160511017,0.9992207884788513,2.5e-05,-0.30724358558654785,-0.3189545273780823,-0.2133997231721878,-0.21319986879825592,-0.21397294104099274,0.31576699018478394,-0.31810182332992554,-0.3197827637195587,-0.1951494812965393,-0.2126956284046173,-0.22421033680438995,0.018724115565419197,0.13050025701522827,0.01798621006309986,0.12816186249256134
123,1220,1229,10,10,2185,2185,0,0.0,2185,0,0.0,0,18.56973960000323,7.732655399304349,10.81749640009366,1.818245699047111,25.744479299988598,49.30697311693793,quality,not_promoted,-0.003798734410000699,4.5457950467867445e-05,0.43558826680694307,-0.00813188844227365,0.00025063351734258636,0.0013392857142857143,1.0001708013670785,0.2097373990075929,0.05714285714285714,0.5651013851165771,1.5183453559875488,0.25838661193847656,-0.0005275776493363082,0.006970756221562624,1.5188729763031006,0.2581808865070343,0.9992721676826477,2.5e-05,-0.30722954869270325,-0.3188813328742981,-0.21339718997478485,-0.2131500095129013,-0.21392866969108582,0.31574976444244385,-0.318255215883255,-0.31985563039779663,-0.19512653350830078,-0.21280185878276825,-0.22434478998184204,0.018727567046880722,0.13048608601093292,0.01798621006309986,0.12816070020198822
124,1230,1239,10,10,2217,2217,0,0.0,2217,0,0.0,0,19.304316699970514,7.8601991005125456,10.679613400134258,1.648530198377557,26.400679199956357,48.50673228051963,quality,not_promoted,-0.0013827377265053136,4.456600002283397e-05,0.386523691032614,-0.005225690680422953,0.0004182436443183438,0.004241071428571428,1.0002348831721715,0.1930281834942954,0.02857142857142857,0.880064070224762,1.4836026430130005,0.26195281744003296,-0.0005237418226897717,0.007067053113132715,1.4841264486312866,0.2624807059764862,0.9992721676826477,2.5e-05,-0.30734169483184814,-0.31894049048423767,-0.2134578675031662,-0.2131917029619217,-0.21396000683307648,0.31597355008125305,-0.318369060754776,-0.3199687600135803,-0.19493910670280457,-0.21288332343101501,-0.22448013722896576,0.018731331452727318,0.13052621483802795,0.01798621006309986,0.12823109328746796
125,1240,1249,10,10,2397,2397,0,0.0,2397,0,0.0,0,20.84687860001577,8.652799600036815,11.729564500157721,2.1168115990585648,28.048505700018723,49.02303222102519,quality,catastrophic_rolled_back,-0.00238423595989221,4.0147184312158255e-05,0.5142742285602971,-0.0075069046272945245,0.0012403791701408888,0.015093296276111352,0.9991333178783718,0.26668895354592487,0.10526315789473684,0.6073917150497437,1.5752218961715698,0.2523389160633087,-0.00033604836789891124,0.006730624008923769,1.575558066368103,0.25150683522224426,0.9992885589599609,2.5e-05,-0.30741679668426514,-0.31908926367759705,-0.21354126930236816,-0.21329516172409058,-0.2140481024980545,0.31613919138908386,-0.3186320960521698,-0.32022130489349365,-0.19490410387516022,-0.21306829154491425,-0.22471679747104645,0.018732059746980667,0.13054513931274414,0.01798621006309986,0.1283380538225174
126,1250,1259,10,10,2190,2190,0,0.0,2190,0,0.0,0,9.738261400023475,7.562752100464422,1.3845682000392117,1.5391827011480927,25.7117450000369,61.77713976368338,quality,not_promoted,-0.002219153009355068,4.0518764762964565e-05,0.40103098920413427,-0.006209203787147999,4.327548498882347e-05,0.0,1.0003068063940321,0.1734253968511309,0.0,0.363063782453537,1.5030741691589355,0.2678362727165222,0.00019549352873582393,0.006894377525895834,1.5028786659240723,0.2687348425388336,0.999337375164032,2.5e-05,-0.30731794238090515,-0.3189493715763092,-0.21329273283481598,-0.21319910883903503,-0.21394772827625275,0.3157638907432556,-0.3182526230812073,-0.31977999210357666,-0.19524817168712616,-0.21280452609062195,-0.2242453545331955,0.01873028092086315,0.13045485317707062,0.01798621006309986,0.12821629643440247
127,1260,1269,10,10,2139,2139,0,0.0,2139,0,0.0,0,9.858406500017736,7.439462700276636,1.7307794001535513,1.833518099912908,23.45872519997647,64.20120493146689,quality,not_promoted,-3.6291586344732957e-06,5.0436835248119146e-05,0.47056204036754723,-0.004684031625990482,0.00034183111411574134,0.00022977941176470588,1.0001394240295185,0.301745200967964,0.08823529411764706,0.7489643692970276,1.548614263534546,0.26085981726646423,0.00037156129837967455,0.0075607518665492535,1.5482426881790161,0.26013195514678955,0.9991599321365356,2.5e-05,-0.30719834566116333,-0.319143682718277,-0.21343128383159637,-0.2133355438709259,-0.21408513188362122,0.3158482015132904,-0.318442165851593,-0.31989410519599915,-0.19522623717784882,-0.21296092867851257,-0.22434376180171967,0.018725162371993065,0.1305214911699295,0.01798621006309986,0.12824684381484985
128,1270,1279,10,10,2393,2393,0,0.0,2393,0,0.0,0,11.966730799991637,8.59208590030903,2.25627249997342,2.0729444999597035,28.135410299990326,59.672624312846885,quality,not_promoted,-0.0015963669131068808,5.782625267832038e-05,0.47627639260731247,-0.006330217657561757,0.00040478368349508136,0.0012335526315789473,0.9999766914468062,0.35097063930803224,0.19736842105263158,0.976738452911377,1.543962001800537,0.24680276215076447,0.0008465094142593443,0.008163515478372574,1.5431156158447266,0.24825598299503326,0.9989058971405029,2.5e-05,-0.30734720826148987,-0.319217324256897,-0.21344125270843506,-0.21338801085948944,-0.21412041783332825,0.31598126888275146,-0.3185945153236389,-0.3200235366821289,-0.1951611340045929,-0.21304939687252045,-0.22445818781852722,0.018731331452727318,0.13053973019123077,0.01798621006309986,0.1282595843076706
129,1280,1289,10,10,2299,2299,0,0.0,2299,0,0.0,0,10.741766599996481,8.182010200689547,2.0354156998801045,1.8706658972078003,26.778212099976372,61.274021991959806,quality,catastrophic_rolled_back,0.0002681441191169951,4.626841746357968e-05,0.45754437810844845,-0.004284165570020882,0.000617987993854917,0.008029513888888888,0.9997842394643359,0.25130188144329524,0.0,0.49233245849609375,1.5302619934082031,0.2534672021865845,0.0005497647798620164,0.007189563475549221,1.529712200164795,0.2529345154762268,0.9991954565048218,2.5e-05,-0.3073652684688568,-0.31943926215171814,-0.21357649564743042,-0.21354278922080994,-0.21427015960216522,0.3161246180534363,-0.31896650791168213,-0.32028883695602417,-0.19520345330238342,-0.21329626441001892,-0.22468718886375427,0.018736353144049644,0.13065360486507416,0.01798621006309986,0.12837590277194977
130,1290,1299,10,10,2484,2484,0,0.0,2484,0,0.0,0,11.879166900005657,9.131464300095104,1.8797508000279777,2.0599906998686492,30.314766700030304,58.87102216034873,quality,not_promoted,-0.001782857084599061,4.764857828540232e-05,0.49328957880154634,-0.006691928373840757,0.0005992717327526173,0.004407051282051282,0.9998664901806757,0.283254841199288,0.1282051282051282,0.8471841216087341,1.5477007627487183,0.24811115860939026,0.0005436744540929794,0.006986492779105902,1.5471572875976562,0.2475401610136032,0.999207079410553,2.5e-05,-0.3073703348636627,-0.3189433515071869,-0.21330341696739197,-0.21319611370563507,-0.2139449566602707,0.31579411029815674,-0.3184681534767151,-0.3198837339878082,-0.1952284276485443,-0.21294426918029785,-0.22431452572345734,0.0187369454652071,0.13045091927051544,0.01798621006309986,0.12826411426067352
131,1300,1309,10,10,2368,2368,0,0.0,2368,0,0.0,0,11.414312899985816,8.499889500497375,2.2610028000199236,1.9243242991506122,28.53570030000992,59.27407303085078,quality,not_promoted,-0.0003741430873806412,5.933808854417687e-05,0.43759982328157165,-0.004720471264492418,0.0006898213036333185,0.010346283783783784,0.9997605560599147,0.25390223041176796,0.05405405405405406,1.0093224048614502,1.5385466814041138,0.2558274567127228,0.00033794439514167607,0.007634454872459173,1.5382087230682373,0.2567577064037323,0.9991094470024109,2.5e-05,-0.3074457347393036,-0.31914156675338745,-0.21339631080627441,-0.21333448588848114,-0.21408620476722717,0.3159860372543335,-0.31849485635757446,-0.31987401843070984,-0.19523873925209045,-0.21296660602092743,-0.22447265684604645,0.018736323341727257,0.13052448630332947,0.01798621006309986,0.12831123173236847
132,1310,1319,10,10,2516,2516,0,0.0,2516,0,0.0,0,11.550797400006559,9.048000099952333,1.5731220999732614,1.806610801606439,30.14095400000224,60.34766867576278,quality,not_promoted,-0.0060079752118326725,4.540277698197315e-05,0.39260194450616837,-0.009911292273318394,0.000626217126409756,0.0052734375,1.000267606973648,0.21068655801936984,0.025,0.7164844274520874,1.5320967435836792,0.2529369294643402,-0.00029316358268260956,0.0072519113309681416,1.5323899984359741,0.2516867518424988,0.9991779923439026,2.5e-05,-0.3073815703392029,-0.319334477186203,-0.21350666880607605,-0.2134680598974228,-0.21420395374298096,0.31608203053474426,-0.3186193108558655,-0.32000041007995605,-0.1951383352279663,-0.21305318176746368,-0.22478614747524261,0.01874087005853653,0.13062088191509247,0.01798621006309986,0.12838858366012573
133,1320,1329,10,10,2194,2194,0,0.0,2194,0,0.0,0,10.773353299999144,7.830400399514474,2.111780200037174,1.7208250976982526,25.046096400008537,61.25163893848234,quality,not_promoted,0.00015052450554711477,5.051791535411862e-05,0.4210920687232699,-0.00403513661253133,0.00015931921370793134,0.0008928571428571428,0.9996841243335179,0.2588245273700782,0.08571428571428572,1.1525044441223145,1.5147417783737183,0.2643982470035553,0.0008610087097622454,0.007208184339106083,1.5138808488845825,0.2643468379974365,0.9992567300796509,2.5e-05,-0.30738040804862976,-0.3195924460887909,-0.21366605162620544,-0.21364983916282654,-0.214371919631958,0.3162350058555603,-0.31868410110473633,-0.32006531953811646,-0.19510839879512787,-0.21308621764183044,-0.22491814196109772,0.01873692497611046,0.13071614503860474,0.01798621006309986,0.12841272354125977
134,1330,1339,10,10,2641,2641,0,0.0,2641,0,0.0,0,12.808125199982896,9.645082900300622,2.770468200033065,2.1595913990749978,31.98304109997116,58.962519134106785,quality,not_promoted,-0.0058384236458334186,4.81095541458455e-05,0.425534881296612,-0.010069717567170127,0.0005447097416132843,0.00442051820989166,0.9984491126877921,0.2964311257182133,0.07142857142857142,0.8746658563613892,1.5496244430541992,0.250769704580307,0.0008184881880879402,0.007290244568139315,1.548805832862854,0.2507840394973755,0.9991548657417297,2.5e-05,-0.3073820173740387,-0.31982386112213135,-0.21379326283931732,-0.21381445229053497,-0.21453134715557098,0.316379576921463,-0.3187781274318695,-0.3200979232788086,-0.1950276494026184,-0.2131485491991043,-0.2251017540693283,0.01873219572007656,0.13079862296581268,0.01798621006309986,0.1284293383359909
135,1340,1349,10,10,2392,2392,0,0.0,2392,0,0.0,0,11.626537600008305,8.741510599968024,2.174649199936539,2.149728300224524,29.381535099993926,58.32997852639561,quality,catastrophic_rolled_back,-0.006693334183900764,5.0353060918209134e-05,0.5310832301252767,-0.011978989313846748,0.0007465775907372805,0.006784539473684211,1.0003794055236013,0.31407402122491285,0.14473684210526316,0.9185811281204224,1.5492302179336548,0.2374066710472107,0.00037006387719884515,0.007390972692519426,1.5488600730895996,0.2374086230993271,0.9990307688713074,2.5e-05,-0.30734121799468994,-0.31991061568260193,-0.2138291746377945,-0.21387487649917603,-0.2145674079656601,0.3163605034351349,-0.3189156651496887,-0.3200840950012207,-0.19501441717147827,-0.21325212717056274,-0.2251620888710022,0.01874418370425701,0.13084222376346588,0.01798621006309986,0.12844298779964447
136,1350,1359,10,10,2222,2222,0,0.0,2222,0,0.0,0,10.467938199988566,7.880219699931331,1.6901645999751054,1.7845124007435516,25.808625000005122,61.251667853706344,quality,not_promoted,-0.0003157203019197498,4.972445697473761e-05,0.4330913096666336,-0.004621771037844675,0.00033650142140686514,0.0002232142857142857,0.9998082833630698,0.24640488092388427,0.1,0.7838592529296875,1.5273908376693726,0.26293158531188965,0.0002461467811372131,0.00802080612629652,1.5271446704864502,0.26332491636276245,0.9990694522857666,2.5e-05,-0.3072679936885834,-0.3190770447254181,-0.21334722638130188,-0.21327915787696838,-0.21403862535953522,0.31571319699287415,-0.3183848261833191,-0.3198988437652588,-0.19531333446502686,-0.21289175748825073,-0.22439070045948029,0.018734600394964218,0.13048957288265228,0.01798621006309986,0.12822584807872772
137,1360,1369,10,10,2278,2278,0,0.0,2278,0,0.0,0,11.10463700001128,8.325613200489897,1.830926599970553,1.858984299004078,26.00424270000076,61.3869245963591,quality,not_promoted,-4.4398061517212125e-05,4.792814267299642e-05,0.4159269014166461,-0.004179702935895572,0.0004196499058808614,0.004054733189857668,1.000020751522647,0.2277004655657543,0.013888888888888888,0.513602614402771,1.534679889678955,0.2579312324523926,0.00053278828272596,0.007378895301371813,1.5341471433639526,0.25684720277786255,0.9991815686225891,2.5e-05,-0.30721360445022583,-0.31922224164009094,-0.21345962584018707,-0.21337811648845673,-0.21413080394268036,0.3157924711704254,-0.3184463083744049,-0.3199205696582794,-0.19536219537258148,-0.21293532848358154,-0.224455326795578,0.018737830221652985,0.13057447969913483,0.01798621006309986,0.12822063267230988
138,1370,1379,10,10,3220,3220,0,0.0,3220,0,0.0,0,17.061666399997193,12.079263400810305,4.520637500099838,2.634755901002791,41.06639069999801,55.39493595082272,quality,not_promoted,0.0038950094569693595,5.3732869120864836e-05,0.3906954208425447,1.4921958448694032e-05,0.0007469464117985256,0.005392156870049589,0.9987092631704667,0.28502263289456276,0.0784313725490196,1.014629602432251,1.53401517868042,0.2381277084350586,-0.0006546467775478959,0.007679785136133432,1.534670114517212,0.23734977841377258,0.9989598989486694,2.5e-05,-0.30714526772499084,-0.3192656338214874,-0.21350626647472382,-0.2134014517068863,-0.21416160464286804,0.3158687651157379,-0.3185845911502838,-0.320142924785614,-0.1953183263540268,-0.21304412186145782,-0.22461223602294922,0.018761247396469116,0.13063175976276398,0.01798621006309986,0.1282631903886795
139,1380,1389,10,10,2349,2349,0,0.0,2349,0,0.0,0,11.123629900044762,8.487240000220481,1.7498239999986254,1.9818491014302708,28.5941412000102,59.142291597444384,quality,catastrophic_rolled_back,-0.0001266653196433106,4.688108504991318e-05,0.4771340690754555,-0.004874564125202596,0.0004903169392491691,0.005579016523788104,0.9998230998580521,0.3155347372631769,0.12162162162162163,0.9371743202209473,1.549032211303711,0.25989341735839844,0.00030515584512613714,0.006956340745091438,1.5487271547317505,0.2597358226776123,0.9992835521697998,2.5e-05,-0.3071471154689789,-0.31925779581069946,-0.21345257759094238,-0.2133951485157013,-0.21415705978870392,0.31581515073776245,-0.3185228705406189,-0.32021817564964294,-0.19528914988040924,-0.21301423013210297,-0.22476698458194733,0.018761487677693367,0.1306227445602417,0.01798621006309986,0.12828314304351807
140,1390,1399,10,10,2510,2510,0,0.0,2510,0,0.0,0,11.978087299969047,9.144025200454053,2.001285199832637,1.9513163992669433,31.858241499983706,57.258444507394636,quality,not_promoted,0.004375187819823623,5.00436459105913e-05,0.41826979611068965,0.00021751192980445921,0.0010233879900169995,0.0142578125,1.0013247683644295,0.22505811313167215,0.025,0.7068968415260315,1.5556447505950928,0.24428077042102814,0.0007323897443711758,0.007691704202443361,1.5549123287200928,0.24471953511238098,0.9990085363388062,2.5e-05,-0.3071795701980591,-0.3190383315086365,-0.21334491670131683,-0.21325021982192993,-0.2140069603919983,0.31567201018333435,-0.31848716735839844,-0.319975346326828,-0.19533437490463257,-0.21297135949134827,-0.2245418280363083,0.01873861625790596,0.13046586513519287,0.01798621006309986,0.12832193076610565
141,1400,1409,10,10,2178,2178,0,0.0,2178,0,0.0,0,10.227825200010557,7.572644400584977,2.00707470002817,1.7457336005172692,24.357642300019506,62.97442704795321,quality,not_promoted,-0.02082198562898806,5.753062063636857e-05,0.3999486850840705,-0.02479270585546536,0.0012031012397658613,0.018526785714285714,0.9991337733609336,0.22991395837494305,0.04285714285714286,0.8824130892753601,1.5226839780807495,0.26461338996887207,9.74962895270437e-05,0.007760015316307545,1.5225865840911865,0.2644709646701813,0.9991399645805359,2.5e-05,-0.30726003646850586,-0.3190770447254181,-0.2133912891149521,-0.21327757835388184,-0.2140381932258606,0.315744012594223,-0.3185814321041107,-0.3200783133506775,-0.19527435302734375,-0.21303719282150269,-0.2246614545583725,0.01874796859920025,0.13049767911434174,0.01798621006309986,0.12835106253623962
142,1410,1419,10,10,2691,2691,0,0.0,2691,0,0.0,0,13.119310299982317,10.02393489953829,2.497208200104069,2.2950647003017366,32.1600419000024,59.4310622668517,quality,not_promoted,0.0012717767250399257,4.257660393070478e-05,0.47858534891938054,-0.0034927880353575877,0.0006366745431358062,0.005813953488372093,0.9994402181270511,0.30061476019232775,0.10465116279069768,1.120072841644287,1.5738874673843384,0.2506139576435089,-0.0005931610357947648,0.006750658620148897,1.5744805335998535,0.2500747740268707,0.9992744326591492,2.5e-05,-0.30729690194129944,-0.3190934956073761,-0.21348796784877777,-0.21329361200332642,-0.2140449583530426,0.3157699406147003,-0.3188509941101074,-0.3202458918094635,-0.19522523880004883,-0.21324129402637482,-0.22490067780017853,0.018756695091724396,0.1305411010980606,0.01798621006309986,0.1283794790506363
143,1420,1429,10,10,2600,2600,0,0.0,2600,0,0.0,0,12.493503400008194,9.188348800002132,1.9005099000642076,1.9396811988553964,30.10243560001254,61.038682584242,quality,not_promoted,0.0014651994470779488,0.009539911536238633,0.36427149703589884,0.0025924399676846297,0.00019364727516559224,0.0,0.999780864977255,0.16878979017094867,0.0,0.40927720069885254,1.5060296058654785,0.3048648238182068,-0.013526896014809608,0.10698766261339188,1.5195565223693848,0.2632504999637604,0.8768447637557983,2.5e-05,-0.3074321746826172,-0.31920039653778076,-0.21357829868793488,-0.21336959302425385,-0.2141258865594864,0.3158835172653198,-0.3188657760620117,-0.32025378942489624,-0.19527433812618256,-0.21325191855430603,-0.22496934235095978,0.018756357952952385,0.13060833513736725,0.01798621006309986,0.128365159034729
144,1430,1439,10,10,2386,2386,0,0.0,2386,0,0.0,0,11.43777030002093,8.483526000170968,1.891091700119432,1.8661541987676173,27.51650329999393,61.25130260416638,quality,not_promoted,-0.0018963247145477094,0.000576501428823624,0.3865923067848933,-0.005473995860053324,0.0011572787173607043,0.01676717836801943,0.999876817590312,0.12807821271646963,0.0,0.40864646434783936,1.5470046997070312,0.2835233211517334,-0.0007912959554232657,0.02899625152349472,1.5477960109710693,0.2928893268108368,0.9895406365394592,2.5e-05,-0.3073507249355316,-0.31911584734916687,-0.2135501354932785,-0.21331089735031128,-0.21407395601272583,0.3158188462257385,-0.31885868310928345,-0.3202154040336609,-0.19528783857822418,-0.21324658393859863,-0.22501252591609955,0.018751084804534912,0.13058368861675262,0.01798621006309986,0.12838111817836761
145,1440,1449,10,10,2852,2852,0,0.0,2852,0,0.0,0,14.876646699965931,10.691788400174119,2.988346600031946,2.3301065998966806,35.070060099998955,57.10086175295155,quality,not_promoted,0.0003456800555189451,0.00013376849520783354,0.39840971910291245,-0.0035715324053954747,0.0013089047279208899,0.013155864199830426,0.9994433912965986,0.1701904457890325,0.0,0.46656155586242676,1.5565345287322998,0.25300589203834534,-0.001519494573585689,0.014162038452923298,1.558053731918335,0.2571340799331665,0.996866762638092,2.5e-05,-0.30735650658607483,-0.31909796595573425,-0.21354268491268158,-0.2132999747991562,-0.2140859216451645,0.31583747267723083,-0.31882497668266296,-0.32023051381111145,-0.1953170746564865,-0.2132272571325302,-0.2250475287437439,0.018754247575998306,0.13058128952980042,0.01798621006309986,0.12836623191833496
146,1450,1459,10,10,2429,2429,0,0.0,2429,0,0.0,0,11.538001600012649,8.676878400263377,2.0747715000179596,1.9003715976141393,28.674002300016582,60.404848413889525,quality,not_promoted,-0.0005893501158999769,0.00012892811733572192,0.3774228578335361,-0.00429911454097907,0.0005543561829223396,0.004111842105263158,0.999038428068161,0.12891484409766762,0.0,0.38406839966773987,1.5213124752044678,0.25842466950416565,-0.0013625712599605322,0.013875220902264118,1.5226751565933228,0.264731764793396,0.9971172213554382,2.5e-05,-0.30744779109954834,-0.31908050179481506,-0.21349962055683136,-0.2132882922887802,-0.21407638490200043,0.315867155790329,-0.3189460337162018,-0.32028236985206604,-0.19528967142105103,-0.2133031189441681,-0.22518236935138702,0.018752939999103546,0.13057151436805725,0.01798621006309986,0.12839891016483307
147,1460,1469,10,10,2570,2570,0,0.0,2570,0,0.0,0,13.79379979998339,9.500223599665333,3.73005950008519,1.9739805008284748,31.77190289995633,56.4020710253065,quality,not_promoted,-0.003720607631271932,0.00010337484579905299,0.40284969893897454,-0.007697418062357095,0.00039703143698805035,0.003048780487804878,1.0002122296065818,0.20704034402421334,0.012195121951219513,0.5128165483474731,1.5802029371261597,0.25212860107421875,-0.000940758443903178,0.011090847663581371,1.5811437368392944,0.2547784149646759,0.9980649948120117,2.5e-05,-0.3074701428413391,-0.31909623742103577,-0.21348394453525543,-0.2132931500673294,-0.21408690512180328,0.3158795237541199,-0.3190692365169525,-0.32038208842277527,-0.1952158510684967,-0.21336308121681213,-0.2253342717885971,0.01874733716249466,0.1306144744157791,0.01798621006309986,0.12837539613246918
148,1470,1479,10,10,2427,2427,0,0.0,2427,0,0.0,0,11.63258069998119,8.818942499812692,1.9819189999834634,1.9119528006995097,29.495942000008654,59.0101428564221,quality,not_promoted,-0.0002958663543196101,9.58154235042074e-05,0.4355309193855838,-0.0046032676963429706,0.0009164175621423821,0.009046052631578948,0.9991895289797532,0.21145152124135116,0.05263157894736842,0.6577926278114319,1.5534944534301758,0.26838549971580505,-0.00018128493684343994,0.010756461881101131,1.5536757707595825,0.2712040841579437,0.998393714427948,2.5e-05,-0.3075196146965027,-0.3191593885421753,-0.2135167419910431,-0.21336932480335236,-0.2141251415014267,0.31592974066734314,-0.3190245032310486,-0.3204745352268219,-0.19521412253379822,-0.21333539485931396,-0.22543703019618988,0.018746167421340942,0.13065528869628906,0.01798621006309986,0.12837596237659454
149,1480,1489,10,10,2563,2563,0,0.0,2563,0,0.0,0,12.810539099969901,9.612656500190496,2.347767100087367,2.0857516989926808,32.85671680001542,56.123363436006755,quality,not_promoted,0.004203956278904182,7.296370350980774e-05,0.43628922868065717,-0.0001224541366554615,0.00026302024574450606,0.003048780487804878,1.0002485099362164,0.22120237877456153,0.024390243902439025,0.8371176719665527,1.565833330154419,0.2516022026538849,0.0005665937205776572,0.009389500133693218,1.5652668476104736,0.25324851274490356,0.9986072778701782,2.5e-05,-0.3075256943702698,-0.3193311095237732,-0.21362562477588654,-0.2134932428598404,-0.2142275720834732,0.31607431173324585,-0.319192498922348,-0.32069703936576843,-0.1951809823513031,-0.2134636640548706,-0.22563152015209198,0.018739720806479454,0.13072200119495392,0.01798621006309986,0.12843790650367737
150,1490,1499,10,10,2333,2333,0,0.0,2333,0,0.0,0,10.952630500018131,7.962885600223672,2.5768422001274303,1.605089898686856,28.04063619999215,59.83084253875516,quality,not_promoted,-0.001740536476309235,7.382940133833767e-05,0.37930627912282944,-0.005496684361148525,0.0005382949181964521,0.0033783783783783786,0.9999550444048804,0.20959392562508583,0.0,0.4851323962211609,1.5297374725341797,0.24419082701206207,0.0012882549781352282,0.009392553940415382,1.5284491777420044,0.24553261697292328,0.9985204935073853,2.5e-05,-0.3074863851070404,-0.31941285729408264,-0.21372738480567932,-0.21355189383029938,-0.21427693963050842,0.3160620331764221,-0.3193099796772003,-0.32090267539024353,-0.19515879452228546,-0.21354737877845764,-0.22582383453845978,0.018744662404060364,0.1307552009820938,0.01798621006309986,0.12853260338306427
151,1500,1509,10,10,2324,2324,0,0.0,2324,0,0.0,0,11.427272200002335,8.379623999993782,2.4006162000005133,1.8463708995259367,28.062034000002313,58.85137581879639,quality,not_promoted,0.0005517523685419881,8.042191217788747e-05,0.454472546239157,-0.003952760579744102,0.00043451851092253784,0.002533783783783784,0.9998835405787906,0.2128807833871326,0.013513513513513514,0.5805966854095459,1.545867681503296,0.2644352614879608,0.0007000226760283113,0.009797974489629269,1.5451674461364746,0.2653247117996216,0.9986271262168884,2.5e-05,-0.3074692189693451,-0.3194766342639923,-0.21380195021629333,-0.21359746158123016,-0.21433229744434357,0.316123902797699,-0.31952452659606934,-0.32104209065437317,-0.19505828619003296,-0.21369604766368866,-0.22596044838428497,0.018743272870779037,0.1307983100414276,0.01798621006309986,0.12851640582084656
152,1510,1519,10,10,2481,2481,0,0.0,2481,0,0.0,0,11.846941700030584,9.052259099669755,1.8996776000712998,1.8047401995281689,30.695341799990274,58.318449220027965,quality,not_promoted,-0.0009015221506930315,6.346802766552757e-05,0.3537239934771489,-0.004407028491513278,0.00019549279498348298,0.00020032051282051281,0.9999177753925323,0.19685549809573552,0.02564102564102564,0.5700991153717041,1.5247185230255127,0.25718456506729126,0.0005345394019968808,0.008476137183606625,1.524184226989746,0.25718843936920166,0.9989138245582581,2.5e-05,-0.307448148727417,-0.3195425868034363,-0.2138218730688095,-0.21364188194274902,-0.214381605386734,0.31617632508277893,-0.31991538405418396,-0.32142162322998047,-0.19501332938671112,-0.2139640599489212,-0.22626085579395294,0.018740536645054817,0.1308135837316513,0.01798621006309986,0.1285896748304367
153,1520,1529,10,10,2346,2346,0,0.0,2346,0,0.0,0,10.797039900033269,8.26418380078394,1.7383531999075785,1.590064698481001,27.831081699987408,60.732955754150474,quality,not_promoted,-0.0011784023466847233,6.1480327727819e-05,0.34869237969050537,-0.0046345860024008,0.00018939150212080112,0.0016891891891891893,0.9998226141607439,0.17754699460960724,0.013513513513513514,0.6919105648994446,1.5226833820343018,0.2626776695251465,0.0009630565764382482,0.007712921593338251,1.521720290184021,0.262932687997818,0.999137818813324,2.5e-05,-0.30749255418777466,-0.319682240486145,-0.21391259133815765,-0.21373941004276276,-0.21446284651756287,0.3162851929664612,-0.3199519217014313,-0.3215445280075073,-0.19497886300086975,-0.21398098766803741,-0.22642245888710022,0.01874016411602497,0.13088205456733704,0.01798621006309986,0.12862354516983032
154,1530,1539,10,10,2603,2603,0,0.0,2603,0,0.0,0,14.12420610000845,9.512953800032847,4.213171099952888,2.225833898759447,31.002871600037906,57.681554682131036,quality,not_promoted,-0.0007716303055242794,6.05438811517826e-05,0.40187263852212485,-0.004760084514756028,0.00042168411217550404,0.0026632515577281394,1.0007304520141789,0.24234284796729322,0.08536585365853659,0.6882709860801697,1.5985729694366455,0.24545232951641083,-0.00018161979096475989,0.008418121375143528,1.5987547636032104,0.24401934444904327,0.9988237619400024,2.5e-05,-0.30741941928863525,-0.31980249285697937,-0.21400174498558044,-0.2138255089521408,-0.21456755697727203,0.3163069188594818,-0.32007622718811035,-0.32162854075431824,-0.195028156042099,-0.2140662670135498,-0.22646760940551758,0.01874048262834549,0.1309249997138977,0.01798621006309986,0.12867499887943268
155,1540,1549,10,10,2418,2418,0,0.0,2418,0,0.0,0,11.101571900013369,8.58860139985336,1.6478900999063626,1.876240500540007,28.617491699988022,60.877568120712574,quality,not_promoted,-0.0010772234221038065,5.190974197351974e-05,0.4158293961694366,-0.005209562714873372,0.0008696368190852043,0.00916118419876224,1.0004376965133768,0.20509277323358938,0.05263157894736842,0.8457351922988892,1.5345675945281982,0.2644447982311249,0.0009546193177811801,0.0073374975472688675,1.5336130857467651,0.26474782824516296,0.9992300868034363,2.5e-05,-0.3073612153530121,-0.31992995738983154,-0.2141377478837967,-0.2139187455177307,-0.21465741097927094,0.3163204491138458,-0.3202416002750397,-0.3216472864151001,-0.19510413706302643,-0.21418397128582,-0.22662091255187988,0.01874510943889618,0.1309845894575119,0.01798621006309986,0.12865358591079712
156,1550,1559,10,10,2300,2300,0,0.0,2300,0,0.0,0,11.338490800000727,8.320881000778172,1.9394263001158834,1.766694898949936,26.544593499973416,60.71311358356241,quality,not_promoted,-0.0003851780719641182,4.9893234669677135e-05,0.38356127465764683,-0.004195843357592821,0.0003457048329033165,0.003472222222222222,0.9993622692094909,0.1767822248964674,0.027777777777777776,0.5443283915519714,1.5142062902450562,0.27165064215660095,0.0009440408321097493,0.007621439173817635,1.5132622718811035,0.2716384530067444,0.9992128610610962,2.5e-05,-0.3072524070739746,-0.3200606107711792,-0.21428579092025757,-0.214011088013649,-0.21474307775497437,0.31636863946914673,-0.3203172981739044,-0.3216760456562042,-0.19511061906814575,-0.21423782408237457,-0.22669467329978943,0.0187438502907753,0.13102306425571442,0.01798621006309986,0.12866948544979095
157,1560,1569,10,10,2718,2718,0,0.0,2718,0,0.0,0,13.278987500001676,9.910658000328112,2.6749754999764264,2.0702987984986976,33.450440099986736,58.1646328576187,quality,not_promoted,-0.001433423861081517,6.016898306518479e-05,0.4083797058393789,-0.005487136683578408,0.00023655460845898338,0.0010901162790697674,1.000158507463544,0.2088006338927635,0.011627906976744186,0.525825560092926,1.5864602327346802,0.25133681297302246,-0.0003588187100831419,0.008306596428155899,1.586818814277649,0.2506396174430847,0.998907744884491,2.5e-05,-0.30737292766571045,-0.3199578523635864,-0.21424512565135956,-0.2139381468296051,-0.21464654803276062,0.31641486287117004,-0.32044899463653564,-0.3217903673648834,-0.1951025426387787,-0.21432141959667206,-0.22687189280986786,0.01875028945505619,0.1310081034898758,0.01798621006309986,0.12867571413516998
158,1570,1579,10,10,2531,2531,0,0.0,2531,0,0.0,0,14.077088300022297,9.431058600661345,3.738585499988403,1.9917746993596666,31.242054099973757,55.848364862266685,quality,not_promoted,0.0006681158323772251,5.204539188525814e-05,0.33661293275654314,-0.0026719905086793005,0.00043479385967657434,0.005435267859138548,1.0001200430095196,0.15241795727051793,0.0,0.4841906726360321,1.5372717380523682,0.25560373067855835,0.0009425496682524681,0.007378546055406332,1.5363292694091797,0.2543067932128906,0.9991666674613953,2.5e-05,-0.3075404167175293,-0.32015183568000793,-0.2143864631652832,-0.21407456696033478,-0.21477556228637695,0.3166181743144989,-0.3205473721027374,-0.3219369351863861,-0.1950186938047409,-0.21439699828624725,-0.22701045870780945,0.018758954480290413,0.13110071420669556,0.01798621006309986,0.12871113419532776
159,1580,1589,10,10,2574,2574,0,0.0,2574,0,0.0,0,12.527203499979805,9.245002199837472,3.3250945000327192,1.9660537001909688,30.97582200000761,59.16829853594308,quality,not_promoted,-0.00037041418935831,5.229168164078146e-05,0.35926453896412036,-0.003936914375006426,0.00012823206742080113,0.0,0.9997169419032771,0.22487625098083078,0.04878048780487805,0.79395592212677,1.57371985912323,0.25194618105888367,0.00024958039284683764,0.007709290832281113,1.5734703540802002,0.2520163357257843,0.9990637302398682,2.5e-05,-0.3075380325317383,-0.3202005624771118,-0.21440790593624115,-0.21410654485225677,-0.21480771899223328,0.31663575768470764,-0.32062503695487976,-0.32210037112236023,-0.1950722187757492,-0.2144564539194107,-0.22719454765319824,0.01876528561115265,0.1311277151107788,0.01798621006309986,0.12875613570213318
160,1590,1599,10,10,2499,2499,0,0.0,2499,0,0.0,0,12.074242700007744,9.053071600792464,2.0879291001474485,1.8950344006880186,31.336226899991743,57.56675804308806,quality,not_promoted,-0.0002946397522464395,4.5320905076096094e-05,0.464993017911911,-0.004921909252880141,0.0007708749850280583,0.00807291679084301,0.9990399844944478,0.263238631375134,0.0625,0.9193230867385864,1.611863374710083,0.24078992009162903,-0.00037221808452159166,0.007351981475949287,1.6122355461120605,0.2390512377023697,0.9990677237510681,2.5e-05,-0.30757400393486023,-0.3202609717845917,-0.2144932597875595,-0.21414798498153687,-0.21484950184822083,0.3166988492012024,-0.3207348585128784,-0.3223568797111511,-0.1950918436050415,-0.21455112099647522,-0.22741609811782837,0.01877758465707302,0.13119632005691528,0.01798621006309986,0.12885281443595886
161,1600,1609,10,10,2283,2283,0,0.0,2283,0,0.0,0,11.136108200007584,8.062298100441694,2.840565400023479,1.6905347006977536,27.194311600003857,59.56104868956636,quality,not_promoted,-0.0029671786146031488,5.523342489747544e-05,0.40536875815855133,-0.006993248767685145,0.0006671798728348222,0.008569525192595191,1.0001133622394667,0.1864919498976734,0.0,0.46066978573799133,1.5690964460372925,0.24504821002483368,-0.0009639430209062994,0.007734596263617277,1.5700603723526,0.24304305016994476,0.9990037679672241,2.5e-05,-0.3076944649219513,-0.32045379281044006,-0.214606374502182,-0.2142847776412964,-0.21497149765491486,0.3168903589248657,-0.3208666741847992,-0.3224394917488098,-0.19507309794425964,-0.21464690566062927,-0.22757074236869812,0.01878712885081768,0.13128258287906647,0.01798621006309986,0.12888789176940918
162,1610,1619,10,10,2587,2587,0,0.0,2587,0,0.0,0,12.277016400010325,9.46606360055739,2.1040072999312542,2.03435949847335,32.21588609996252,58.144105118823816,quality,not_promoted,-0.0020233766039515415,3.976373986139462e-05,0.4658341604035075,-0.006661836818860072,0.001094063141641616,0.011623475609756097,0.9997296493227888,0.26039375905401824,0.08536585365853659,0.8810659646987915,1.5977377891540527,0.24081774055957794,-0.0010462102945894003,0.006466465536504984,1.5987839698791504,0.2402452677488327,0.9992789626121521,2.5e-05,-0.307735413312912,-0.32061055302619934,-0.21469151973724365,-0.2143898457288742,-0.2150679975748062,0.317083477973938,-0.3210570812225342,-0.32263049483299255,-0.19509734213352203,-0.21476587653160095,-0.22780239582061768,0.018795829266309738,0.13135457038879395,0.01798621006309986,0.1289815604686737
163,1620,1629,10,10,2846,2846,0,0.0,2846,0,0.0,0,14.298158699995838,10.385025399678852,3.21709460002603,2.057615296973381,35.81382179999491,56.792806263175436,quality,not_promoted,-0.0007960981792873806,5.143204206332383e-05,0.3549601195587052,-0.004319983332728346,0.0005627996996028944,0.006944444444444444,0.9996534976694319,0.19982862054473824,0.06666666666666667,0.6744718551635742,1.557724118232727,0.2520350217819214,-0.001066093915142119,0.00728573277592659,1.5587902069091797,0.25140219926834106,0.999164342880249,2.5e-05,-0.3078005015850067,-0.3207300305366516,-0.21481327712535858,-0.21446268260478973,-0.2151365429162979,0.31725096702575684,-0.32122430205345154,-0.32278817892074585,-0.1951359659433365,-0.21486425399780273,-0.22797629237174988,0.018800195306539536,0.13139814138412476,0.01798621006309986,0.1290297508239746
164,1630,1639,10,10,2208,2208,0,0.0,2208,0,0.0,0,9.9848600999685,7.6457833999884315,1.5213603000156581,1.5389972997363657,25.326315200014506,62.52977934724995,quality,not_promoted,0.0007562727401299136,4.562481527890278e-05,0.354301706807954,-0.002763931908910828,5.549612188977855e-05,0.0,0.9999908404690879,0.1620361858180591,0.0,0.43750089406967163,1.5522693395614624,0.2710178792476654,-0.0008013423648662865,0.007260926533490419,1.5530706644058228,0.2711643874645233,0.9992822408676147,2.5e-05,-0.30775687098503113,-0.32092973589897156,-0.21494293212890625,-0.21460221707820892,-0.21526789665222168,0.3173607587814331,-0.32134848833084106,-0.32292619347572327,-0.1952195018529892,-0.21494944393634796,-0.22812536358833313,0.018801355734467506,0.13146564364433289,0.01798621006309986,0.129131481051445
165,1640,1649,10,10,2360,2360,0,0.0,2360,0,0.0,0,10.900232399988454,8.518261699471623,1.576802400057204,1.663679898076225,29.65481420001015,58.19251111401956,quality,not_promoted,-0.00011047613932876973,3.499351965434176e-05,0.3542661936701955,-0.003635641542968114,0.00012153565664964451,0.0,0.9999551773071289,0.19410674460232258,0.013513513513513514,0.5267276167869568,1.5645169019699097,0.2608240842819214,-0.00024929328355938196,0.0064589641988277435,1.5647660493850708,0.26052939891815186,0.9993867874145508,2.5e-05,-0.30772271752357483,-0.3210313320159912,-0.21501711010932922,-0.2146741896867752,-0.21534042060375214,0.3174065351486206,-0.32144415378570557,-0.3230377733707428,-0.1952476054430008,-0.21500897407531738,-0.22824488580226898,0.018803613260388374,0.13151685893535614,0.01798621006309986,0.1291731595993042
166,1650,1659,10,10,2881,2881,0,0.0,2881,0,0.0,0,14.602329100016505,10.8584560995223,2.0983533000107855,2.2046005991869606,35.35381060000509,57.67058898665772,quality,not_promoted,0.00828583800719808,4.296324413604927e-05,0.3744410206766232,0.004562909598462284,0.0004999275197801383,0.004415760869565217,1.0001180275626804,0.23694109758767096,0.06521739130434782,0.8024173378944397,1.570420742034912,0.23862051963806152,-0.0006697708740830421,0.0065804654732346535,1.571090579032898,0.2384444624185562,0.9992395043373108,2.5e-05,-0.3075507581233978,-0.3212004601955414,-0.2151130586862564,-0.214791938662529,-0.21544504165649414,0.31734779477119446,-0.3215818703174591,-0.3232863247394562,-0.19515389204025269,-0.21510611474514008,-0.22843724489212036,0.018791625276207924,0.13157203793525696,0.01798621006309986,0.1292344331741333
167,1660,1669,10,10,2566,2566,0,0.0,2566,0,0.0,0,12.77010349999182,9.39220010000281,2.6778045999235474,1.982912200212013,31.728798599971924,57.66434403787438,quality,not_promoted,-0.0008007087120104854,4.4774180301695796e-05,0.39468666002517794,-0.004725187954424721,0.0001497987398790162,0.00038109756097560977,0.9999993683361426,0.20279861359698018,0.036585365853658534,0.78187495470047,1.566208839416504,0.25387582182884216,5.782072548754513e-05,0.007172349840402603,1.5661511421203613,0.25464892387390137,0.9992018342018127,2.5e-05,-0.30758848786354065,-0.3212856352329254,-0.21519191563129425,-0.21484990417957306,-0.21551239490509033,0.31741639971733093,-0.3216705322265625,-0.32343006134033203,-0.1951666623353958,-0.2151685506105423,-0.22865422070026398,0.01879161223769188,0.13161876797676086,0.01798621006309986,0.1292748749256134
168,1670,1679,10,10,2225,2225,0,0.0,2225,0,0.0,0,10.494768300035503,7.708399498951621,2.485046199930366,1.559198900416959,26.352217699983157,60.384857529429226,quality,not_promoted,0.0003497168654575944,5.135717747180024e-05,0.3379279028092112,-0.0030038830624627214,2.4890951064142948e-05,0.0,0.9999852452959334,0.13710434519286666,0.0,0.43180176615715027,1.5039311647415161,0.26214003562927246,0.0006894241087138653,0.0076512969098985195,1.5032416582107544,0.26302069425582886,0.9991480708122253,2.5e-05,-0.30764755606651306,-0.3213886618614197,-0.21523331105709076,-0.21492604911327362,-0.21558941900730133,0.31754326820373535,-0.32174286246299744,-0.3234490156173706,-0.19520580768585205,-0.21521705389022827,-0.22879691421985626,0.018799306824803352,0.1316717118024826,0.01798621006309986,0.12929485738277435
169,1680,1689,10,10,2188,2188,0,0.0,2188,0,0.0,0,10.057611800031736,7.76793549960712,1.5805851001059636,1.4995425014640205,25.12951569998404,62.1818305571837,quality,not_promoted,0.016227510278778418,4.358430503218967e-05,0.3254655252609934,0.012994646833145192,0.00021870046226207967,0.0008928571428571428,1.0002606800624303,0.1272988260324512,0.0,0.4772118031978607,1.4975422620773315,0.2676738202571869,0.0007057287148199975,0.007059324067085981,1.4968366622924805,0.2685930132865906,0.999304473400116,2.5e-05,-0.30772656202316284,-0.3215062618255615,-0.2153041511774063,-0.2150140404701233,-0.21563942730426788,0.317697137594223,-0.3218531310558319,-0.32349759340286255,-0.19518570601940155,-0.21530281007289886,-0.22900258004665375,0.018801461905241013,0.1317020207643509,0.01798621006309986,0.12934371829032898
170,1690,1699,10,10,2493,2493,0,0.0,2493,0,0.0,0,12.011450300051365,9.096539000107441,1.9383312999270856,1.7409145011333749,29.801730400009546,59.62234774443668,quality,not_promoted,0.00015942135061591098,4.9648002902521955e-05,0.3462674342668973,-0.003278428903565957,0.00017419201583088114,0.0006108133552166132,1.0002159751378572,0.1991514063989505,0.0,0.48365721106529236,1.5209918022155762,0.24472671747207642,0.0005182375316508114,0.007122642360627651,1.5204734802246094,0.24570073187351227,0.9991529583930969,2.5e-05,-0.30776363611221313,-0.32161206007003784,-0.21528375148773193,-0.21508832275867462,-0.21571952104568481,0.31785136461257935,-0.32195860147476196,-0.32356899976730347,-0.1951528638601303,-0.21537838876247406,-0.2291804999113083,0.018801897764205933,0.13173127174377441,0.01798621006309986,0.1294318437576294
171,1700,1709,10,10,2315,2315,0,0.0,2315,0,0.0,0,11.170695200038608,8.263036800723057,2.230872900050599,1.5900860979454592,27.526717600005213,59.82312078489595,quality,not_promoted,0.0019274807560282785,4.0024051560140904e-05,0.3271139191614615,-0.0013236463214648334,0.000357785610680456,0.00316722972972973,1.0001308354171548,0.18223349860793836,0.013513513513513514,0.6774770617485046,1.5251202583312988,0.2611342966556549,0.00014703191118314862,0.00636631902307272,1.5249731540679932,0.26211217045783997,0.9994056224822998,2.5e-05,-0.3078156113624573,-0.32157406210899353,-0.215303435921669,-0.2150612622499466,-0.21570990979671478,0.3178557753562927,-0.32212838530540466,-0.32381218671798706,-0.19510100781917572,-0.21551206707954407,-0.22940196096897125,0.018811140209436417,0.1317366361618042,0.01798621006309986,0.12952928245067596
172,1710,1719,10,10,2533,2533,0,0.0,2533,0,0.0,0,12.073441400018055,9.396234299987555,1.6596704000257887,1.8700014016940258,31.754540900001302,57.79412756582411,quality,not_promoted,-0.0021367812529206275,3.5697936164069687e-05,0.4008655559271574,-0.006127587708760984,0.0002821849335759907,0.002486275346018374,1.0002510719001294,0.22473051184788345,0.0375,0.9633604288101196,1.5342826843261719,0.2688446342945099,0.000503837363794446,0.006326327566057444,1.5337787866592407,0.26950666308403015,0.9994462728500366,2.5e-05,-0.3077346682548523,-0.3218076229095459,-0.21547609567642212,-0.2152300775051117,-0.21590059995651245,0.3179576098918915,-0.3222132623195648,-0.3239489793777466,-0.19505029916763306,-0.21557040512561798,-0.22959885001182556,0.018804511055350304,0.13182830810546875,0.01798621006309986,0.12960176169872284
173,1720,1729,10,10,2527,2527,0,0.0,2527,0,0.0,0,12.714867900009267,8.982526800537016,2.859435499936808,1.8268340991344303,30.675907699973322,58.238184615464995,quality,not_promoted,0.0006903995119500906,4.666380696107808e-05,0.3967620672658086,-0.0032538895029574633,0.0004874981605098583,0.0041015625,1.0009360998868941,0.2391256598290056,0.0625,0.6236174702644348,1.5460923910140991,0.24760091304779053,0.00019997093477286398,0.007277982775121927,1.545892357826233,0.2484687715768814,0.9991359710693359,2.5e-05,-0.30767688155174255,-0.32200267910957336,-0.2156115174293518,-0.2153681516647339,-0.21603702008724213,0.3180971145629883,-0.3224000632762909,-0.32423874735832214,-0.19499017298221588,-0.21569547057151794,-0.22976166009902954,0.01880810037255287,0.13191846013069153,0.01798621006309986,0.12967176735401154
174,1730,1739,10,10,2430,2430,0,0.0,2430,0,0.0,0,12.988510399998631,8.982646699761972,2.3522033000481315,1.8243975008372217,29.004744600038975,57.86643593114713,quality,not_promoted,0.0002479601749464085,4.972107830039213e-05,0.2978161906725482,-0.002705341192746633,0.00012059279792035675,0.00020559210526315788,0.9999798646098689,0.18181740730314663,0.013157894736842105,0.6967387795448303,1.4917389154434204,0.24007602035999298,3.0217188395909034e-05,0.007607749197632074,1.4917086362838745,0.23951470851898193,0.998995840549469,2.5e-05,-0.30762815475463867,-0.32213926315307617,-0.21568435430526733,-0.21546043455600739,-0.21613262593746185,0.31809201836586,-0.32256966829299927,-0.3243844211101532,-0.1949491649866104,-0.2158139944076538,-0.2299102544784546,0.018809344619512558,0.13195884227752686,0.01798621006309986,0.12974147498607635
175,1740,1749,10,10,2649,2649,0,0.0,2649,0,0.0,0,12.850024399987888,9.744438799796626,2.2700205000583082,1.9104318983154371,32.32524719997309,58.638275015977726,quality,not_promoted,-0.002066525730437466,4.314538039450001e-05,0.3786740285300073,-0.0058316944050602615,0.00027313071879710887,0.0012202380845944087,1.000050208398274,0.2283398305908555,0.03571428571428571,1.3263283967971802,1.5535600185394287,0.24149344861507416,-3.149018812109716e-05,0.006748771760612726,1.553591251373291,0.24163950979709625,0.9992190003395081,2.5e-05,-0.30769985914230347,-0.32209575176239014,-0.2156679928302765,-0.2154318243265152,-0.21612337231636047,0.31809142231941223,-0.3226124346256256,-0.3245896100997925,-0.1949032098054886,-0.21584974229335785,-0.23009221255779266,0.01881173998117447,0.1319701373577118,0.01798621006309986,0.12978921830654144
176,1750,1759,10,10,2557,2557,0,0.0,2557,0,0.0,0,12.260202200035565,9.413110499735922,1.7495824999641627,2.080931502976455,32.445291900017764,57.19654936096433,quality,not_promoted,0.0002756946836598217,4.1114411374110205e-05,0.46644708327949047,-0.00436821777257137,0.0006250818412809167,0.0068455430213361975,0.9997451700270176,0.28264552177861335,0.1125,0.758566677570343,1.5745625495910645,0.24131567776203156,0.00047198394895531237,0.0068834153935313225,1.5740904808044434,0.2403775453567505,0.9991863369941711,2.5e-05,-0.3077578544616699,-0.32204198837280273,-0.21560519933700562,-0.2153906524181366,-0.21606063842773438,0.3181358277797699,-0.3225598633289337,-0.324668824672699,-0.19486580789089203,-0.21580708026885986,-0.23019568622112274,0.018819600343704224,0.13196231424808502,0.01798621006309986,0.12981393933296204
177,1760,1769,10,10,2595,2595,0,0.0,2595,0,0.0,0,12.33976189995883,9.173685300629586,2.8784462001058273,1.9929821992409416,30.967749600007664,59.92032121268403,quality,not_promoted,-0.0006656335189756824,4.532532675955558e-05,0.4089031488430209,-0.004732001947647915,0.001240716522727048,0.01753048780487805,0.9995197864567361,0.239489012556832,0.024390243902439025,0.5684307217597961,1.5854710340499878,0.24866512417793274,0.0003580325283110142,0.006953577511012554,1.5851129293441772,0.24875104427337646,0.9992180466651917,2.5e-05,-0.3078283965587616,-0.32210859656333923,-0.21570061147212982,-0.21543721854686737,-0.21614006161689758,0.318246990442276,-0.3228279650211334,-0.32494306564331055,-0.19483891129493713,-0.21596623957157135,-0.2303963601589203,0.018823835998773575,0.13199616968631744,0.01798621006309986,0.1299242377281189
178,1770,1779,10,10,2238,2238,0,0.0,2238,0,0.0,0,11.215759499988053,8.029135300545022,2.488046500075143,1.8400138007709756,26.679239599965513,59.05792461155494,quality,not_promoted,-0.0001279565239591258,4.450223025612234e-05,0.44858477243355344,-0.004591553212542619,0.00036613760088844826,0.002232142857142857,0.9997745113713401,0.2464996034545558,0.014285714285714285,0.8412930369377136,1.534698486328125,0.2590366005897522,0.000566375267226249,0.007099871523678303,1.5341322422027588,0.2597487270832062,0.999248743057251,2.5e-05,-0.30785074830055237,-0.322073757648468,-0.21574440598487854,-0.21541042625904083,-0.21612605452537537,0.3182138204574585,-0.3229089379310608,-0.3250172436237335,-0.1948457658290863,-0.21601255238056183,-0.23051612079143524,0.01882760226726532,0.13199977576732635,0.01798621006309986,0.12997280061244965
179,1780,1789,10,10,2653,2653,0,0.0,2653,0,0.0,0,19.115856599994004,9.776902800076641,8.436887399933767,2.1778132973704487,31.50242899998557,52.41188966702323,quality,not_promoted,-0.00023576412128195877,4.056319890618657e-05,0.41191262219633373,-0.004334608159427132,0.0005778808179976684,0.005394345238095238,1.0002176080431258,0.26443531550467014,0.07142857142857142,0.6206110715866089,1.5480329990386963,0.24950745701789856,-3.868702151521575e-06,0.006592547986656427,1.5480366945266724,0.24883641302585602,0.9993018507957458,2.5e-05,-0.30791616439819336,-0.3220444321632385,-0.21575061976909637,-0.21539229154586792,-0.21611426770687103,0.3182220757007599,-0.32293322682380676,-0.32511016726493835,-0.19479937851428986,-0.2160329520702362,-0.23067571222782135,0.018825992941856384,0.13201232254505157,0.01798621006309986,0.13003985583782196
180,1790,1799,10,10,2309,2309,0,0.0,2309,0,0.0,0,11.115611800050829,8.342471499403473,1.8726751001086086,2.0859055016189814,26.656905599986203,61.12910017476718,quality,catastrophic_rolled_back,-0.008613181464072014,3.981300314252793e-05,0.4777214152587427,-0.013370488210254022,0.00017148329895364341,0.000633445945945946,0.9999587173397476,0.25459379934378573,0.05405405405405406,1.062591314315796,1.5472500324249268,0.25235843658447266,-0.0001116888815886341,0.006551832426339388,1.5473617315292358,0.2521514594554901,0.9993259310722351,2.5e-05,-0.3079756796360016,-0.3221728801727295,-0.21583707630634308,-0.21548399329185486,-0.2162005752325058,0.3183227777481079,-0.32299649715423584,-0.32511618733406067,-0.1946740299463272,-0.2161053568124771,-0.23083330690860748,0.01883258856832981,0.13208456337451935,0.01798621006309986,0.13008499145507812
181,1800,1809,10,10,2352,2352,0,0.0,2352,0,0.0,0,11.405038800032344,8.58057919953717,1.8772312999353744,1.84923459822312,28.173431899980642,59.42624761393897,quality,not_promoted,-0.0002000481141982852,4.3703228264938525e-05,0.41177599212607824,-0.004295955399504384,0.0004991530672791792,0.004856418918918919,1.0009604829388696,0.24427758962721438,0.05405405405405406,0.6809386610984802,1.5388976335525513,0.24864879250526428,0.00018301552336197346,0.006608034484088421,1.5387145280838013,0.24799811840057373,0.9992937445640564,2.5e-05,-0.30783429741859436,-0.32210829854011536,-0.21559956669807434,-0.21543432772159576,-0.21608375012874603,0.31825029850006104,-0.322745144367218,-0.3248767554759979,-0.1947813332080841,-0.2159358710050583,-0.23037683963775635,0.018820278346538544,0.13200269639492035,0.01798621006309986,0.12985578179359436
182,1810,1819,10,10,2703,2703,0,0.0,2703,0,0.0,0,13.01037199998973,9.842944100266322,2.4619001999381,2.043784400098957,33.83026120002614,57.706307864324174,quality,not_promoted,0.006185474708069896,4.161947863183233e-05,0.3976408101098482,0.002229876208476462,0.0005627554901577749,0.002180232558139535,0.999850083922231,0.23100006623670113,0.06976744186046512,0.6261035799980164,1.54689359664917,0.2351563721895218,1.2850198345404351e-06,0.006829177029430866,1.5468922853469849,0.23505832254886627,0.9991565942764282,2.5e-05,-0.3079911768436432,-0.3222421407699585,-0.2157006859779358,-0.21553227305412292,-0.21617956459522247,0.3184668719768524,-0.3228897154331207,-0.32503488659858704,-0.19471797347068787,-0.2160457819700241,-0.23053941130638123,0.018823854625225067,0.13206160068511963,0.01798621006309986,0.12991364300251007
183,1820,1829,10,10,2692,2692,0,0.0,2692,0,0.0,0,12.827241100021638,9.842548500106204,1.9158367000054568,1.9203614993602969,33.90036789997248,57.610480347931755,quality,not_promoted,-0.010962991238853265,3.210736733392899e-05,0.3732688593309979,-0.01467962545169474,9.093961277760045e-05,0.0,1.000135425218316,0.19733094839855683,0.03488372093023256,0.5692798495292664,1.5426815748214722,0.2393735945224762,0.00045372446766123176,0.005822702310979366,1.5422277450561523,0.23854924738407135,0.9994083046913147,2.5e-05,-0.3079516589641571,-0.32241520285606384,-0.2158673107624054,-0.21566347777843475,-0.2162960171699524,0.3185770511627197,-0.32304808497428894,-0.32536545395851135,-0.19465705752372742,-0.21615903079509735,-0.23069633543491364,0.01882730983197689,0.1321582943201065,0.01798621006309986,0.13002853095531464
184,1830,1839,10,10,2716,2716,0,0.0,2716,0,0.0,0,12.991296800028067,9.901390100305434,2.211186600034125,2.1771628006827086,34.52564379997784,57.15856209815962,quality,not_promoted,-0.000572621010157258,4.301520051697924e-05,0.43055045119551727,-0.004856617338847109,0.0004896890046481087,0.004542151162790698,0.9996724426746368,0.2564557354983895,0.08139534883720931,0.7287881970405579,1.570921540260315,0.24571561813354492,0.00039482524152845144,0.006694725248962641,1.5705268383026123,0.2464664876461029,0.9992576837539673,2.5e-05,-0.30805110931396484,-0.3225739896297455,-0.21600204706192017,-0.21577386558055878,-0.21642445027828217,0.318742960691452,-0.32312819361686707,-0.3255060315132141,-0.19464565813541412,-0.2162153571844101,-0.23086129128932953,0.018828855827450752,0.13225391507148743,0.01798621006309986,0.13009126484394073
185,1840,1849,10,10,3443,3443,0,0.0,3443,0,0.0,0,18.97958230000222,12.802440498955548,6.740387100027874,2.8393086993019097,43.30686579999747,55.276871695626795,quality,not_promoted,-8.001794210738606e-05,3.716728709453795e-05,0.38510247154368293,-0.003912458412944236,0.00028963275030104407,0.001880787037037037,0.9991363143479383,0.26182486003057825,0.05555555555555555,0.8459374904632568,1.5541335344314575,0.23710426688194275,0.00033664758666418493,0.006185762584209442,1.5537968873977661,0.23699674010276794,0.9993193745613098,2.5e-05,-0.308072566986084,-0.32271048426628113,-0.21611438691616058,-0.21587152779102325,-0.21652628481388092,0.31885674595832825,-0.3231656551361084,-0.32564592361450195,-0.19469083845615387,-0.2162422388792038,-0.23101946711540222,0.018846726045012474,0.1323322057723999,0.01798621006309986,0.13015301525592804
186,1850,1859,10,10,2649,2649,0,0.0,2649,0,0.0,0,12.870956099999603,9.65525679930579,2.03582460002508,2.0301866999361664,30.69534969999222,60.80387013214458,quality,not_promoted,-0.0014724873693748599,4.6404329146926536e-05,0.3806539365933055,-0.005255824173911519,0.00044345374722286665,0.003720238095238095,1.000237198812621,0.21852245625285877,0.03571428571428571,0.585445761680603,1.542064905166626,0.2522916793823242,0.0007251173374243081,0.007028508465737104,1.5413398742675781,0.2523052990436554,0.9992238879203796,2.5e-05,-0.30816450715065,-0.3228003978729248,-0.21621116995811462,-0.21593697369098663,-0.21657873690128326,0.31896817684173584,-0.323178768157959,-0.3258190453052521,-0.19458463788032532,-0.21627303957939148,-0.2311907559633255,0.018854349851608276,0.132370725274086,0.01798621006309986,0.13020162284374237
187,1860,1869,10,10,2328,2328,0,0.0,2328,0,0.0,0,17.670349599968176,8.34179159993073,8.885704800020903,1.7597204006742686,28.27791269996669,50.665680995803406,quality,not_promoted,0.0004934280531833301,4.057924249807272e-05,0.42129295420002294,-0.00369921192287694,0.00014911463939996965,0.0,1.0002617900435988,0.20011451941084218,0.013513513513513514,0.5675650835037231,1.5484455823898315,0.2535684406757355,0.0007343933102674782,0.0068944301456213,1.5477111339569092,0.2549111843109131,0.9992607235908508,2.5e-05,-0.308273047208786,-0.32280123233795166,-0.21623465418815613,-0.215936541557312,-0.21658232808113098,0.3190242350101471,-0.323312908411026,-0.32601943612098694,-0.19454239308834076,-0.2163650542497635,-0.23136195540428162,0.018863273784518242,0.13239410519599915,0.01798621006309986,0.13028444349765778
188,1870,1879,10,10,2268,2268,0,0.0,2268,0,0.0,0,11.533657899999525,7.961401600274257,2.9551879000500776,1.7854374012094922,25.961453499970958,60.48788536208444,quality,not_promoted,-0.00014307203754368756,3.733087308117117e-05,0.4218488973047998,-0.004342895706132468,4.230515378998866e-05,0.0,0.9998988343609704,0.16541627225362593,0.0,0.4658912420272827,1.5220342874526978,0.2644205689430237,0.001303626922890544,0.006201334297657013,1.5207306146621704,0.2653595209121704,0.9994499683380127,2.5e-05,-0.308146208524704,-0.32283738255500793,-0.2162414789199829,-0.21596214175224304,-0.21661971509456635,0.3189578354358673,-0.32343611121177673,-0.3261774480342865,-0.1945013701915741,-0.2164701223373413,-0.2315548211336136,0.01886390522122383,0.1324097216129303,0.01798621006309986,0.13036410510540009
189,1880,1889,10,10,2316,2316,0,0.0,2316,0,0.0,0,12.011631600034889,8.37559660023544,3.186266600037925,1.6696525001898408,27.85402350005461,58.09511957561687,quality,not_promoted,-0.0025877535997613057,3.4740700357360765e-05,0.40726643760462067,-0.006643048097455018,0.001183912714918119,0.017806869402930543,0.999704864379522,0.27044523668450277,0.12162162162162163,1.6951746940612793,1.5233713388442993,0.2508142292499542,0.001460259547457099,0.006144267041236162,1.5219111442565918,0.25065112113952637,0.9993999004364014,2.5e-05,-0.3080926239490509,-0.32287898659706116,-0.2163165658712387,-0.2159866839647293,-0.21666571497917175,0.31898921728134155,-0.32361939549446106,-0.3263508677482605,-0.1944359838962555,-0.2165941596031189,-0.23175570368766785,0.018872180953621864,0.13243922591209412,0.01798621006309986,0.1304679661989212
190,1890,1899,10,10,2829,2829,0,0.0,2829,0,0.0,0,14.831798000028357,10.51632969948696,2.8985153000685386,2.0642640970181674,33.55285249999724,58.46895597599704,quality,not_promoted,-0.0019533484139376217,2.9270574365606687e-05,0.37033810946676465,-0.005642093971578611,0.0003510458837910038,0.0036324786643187204,1.0007768717077044,0.2501554575645261,0.1,0.77508145570755,1.5254369974136353,0.25744378566741943,0.0010025325464084744,0.00571854505687952,1.5244345664978027,0.25644198060035706,0.9995065927505493,2.5e-05,-0.30796828866004944,-0.3228543698787689,-0.2163790762424469,-0.2159705013036728,-0.21668291091918945,0.31896018981933594,-0.3237830698490143,-0.3265448808670044,-0.19445480406284332,-0.21671104431152344,-0.23193824291229248,0.01887410134077072,0.1324891597032547,0.01798621006309986,0.1306002140045166
191,1900,1909,10,10,2851,2851,0,0.0,2851,0,0.0,0,14.055677100026514,10.518022400385235,3.387414100114256,2.187983197858557,35.779947499977425,57.208071994341466,quality,not_promoted,0.0002377500654094749,4.402829070184251e-05,0.356077034274737,-0.0033010046230629087,0.0007582556352847152,0.008680555555555556,0.999996292591095,0.21683908080061276,0.044444444444444446,0.6797165274620056,1.550154447555542,0.23868533968925476,0.0007414149586111307,0.0070633976720273495,1.5494132041931152,0.23622162640094757,0.9991242289543152,2.5e-05,-0.30796435475349426,-0.3228079378604889,-0.21636809408664703,-0.2159368246793747,-0.21665136516094208,0.31893190741539,-0.32395219802856445,-0.32666879892349243,-0.19442230463027954,-0.21683037281036377,-0.23208937048912048,0.01888107880949974,0.13246609270572662,0.01798621006309986,0.13066408038139343
192,1910,1919,10,10,2302,2302,0,0.0,2302,0,0.0,0,10.921355200000107,8.110025900183246,2.076835999963805,1.6669836997170933,27.593804600008298,59.76867321733136,quality,not_promoted,-0.0003484504672491716,3.718443677927199e-05,0.3648236892703507,-0.003978095689995421,0.00021249062360261127,0.0,0.9997526870833503,0.17420401372429398,0.0,0.46913039684295654,1.513965368270874,0.26159876585006714,0.0012590986443683505,0.0061795213259756565,1.5127062797546387,0.26044318079948425,0.9994419813156128,2.5e-05,-0.30801132321357727,-0.3228258192539215,-0.21640390157699585,-0.21594880521297455,-0.21665984392166138,0.3189699351787567,-0.3241063058376312,-0.32668277621269226,-0.19443461298942566,-0.21694675087928772,-0.23224151134490967,0.018879704177379608,0.13249148428440094,0.01798621006309986,0.130708709359169
193,1920,1929,10,10,2790,2790,0,0.0,2790,0,0.0,0,14.196121799992397,10.294798700429965,3.4642807000200264,2.0610603993409313,34.11255899997195,57.753595291760874,quality,not_promoted,-0.0019754370547492395,3.22568159431698e-05,0.3907635266130621,-0.0058669432447376576,0.00083024779533761,0.013382177037948912,1.0005017173561184,0.21432377567345445,0.045454545454545456,0.6953168511390686,1.554976224899292,0.23960478603839874,0.001233456889167428,0.005757191218435764,1.55374276638031,0.23886524140834808,0.9994226694107056,2.5e-05,-0.30798256397247314,-0.3228571116924286,-0.21640701591968536,-0.21597063541412354,-0.21670937538146973,0.31891778111457825,-0.3243383467197418,-0.32705172896385193,-0.1943484991788864,-0.2171192318201065,-0.23251044750213623,0.018883034586906433,0.13250744342803955,0.01798621006309986,0.13081571459770203
194,1930,1939,10,10,2484,2484,0,0.0,2484,0,0.0,0,11.95753950002836,9.000891300383955,2.36885169998277,1.9639440989703871,30.471918200026266,58.544231641141195,quality,not_promoted,-0.001381868335346763,5.018088202819061e-05,0.42277314838690633,-0.005584509434321752,0.0008810796086133147,0.010355029589472672,0.9993857099459722,0.2176014943382679,0.02564102564102564,0.6322857141494751,1.561851143836975,0.24762462079524994,0.0007941549411043525,0.0068281348794698715,1.5610569715499878,0.24666042625904083,0.9992396235466003,2.5e-05,-0.307954877614975,-0.3229599893093109,-0.21647517383098602,-0.21604345738887787,-0.21679598093032837,0.318954199552536,-0.3243401050567627,-0.32706236839294434,-0.19436277449131012,-0.2171105295419693,-0.23261217772960663,0.018889926373958588,0.13253164291381836,0.01798621006309986,0.13085982203483582
195,1940,1949,10,10,2882,2882,0,0.0,2882,0,0.0,0,15.354323499952443,10.96933260007063,2.270125199982431,2.144570602104068,33.152850900019985,59.41389156655635,quality,not_promoted,0.013299998300878899,3.802345905945043e-05,0.3484038888760235,0.00983497038807558,0.0003136990784222017,0.002717391304347826,1.0001635551452637,0.23536197918102794,0.05434782608695652,0.7046027183532715,1.496152400970459,0.2605327069759369,-0.00028088243561796844,0.006209314335137606,1.4964332580566406,0.2593226730823517,0.9994319677352905,2.5e-05,-0.30784186720848083,-0.3231063783168793,-0.21658256649971008,-0.21615049242973328,-0.21690504252910614,0.3189511299133301,-0.32464513182640076,-0.3273359537124634,-0.194232776761055,-0.21732158958911896,-0.23287473618984222,0.018892154097557068,0.13259471952915192,0.01798621006309986,0.13099150359630585
196,1950,1959,10,10,2441,2441,0,0.0,2441,0,0.0,0,11.987972000031732,8.92964159999974,1.938165699946694,1.9728360995068215,31.294093000004068,56.39749397349644,quality,not_promoted,0.0021108595582728204,3.686244578532821e-05,0.46230603257815045,-0.0024937690020753788,0.00044131617106074464,0.0028044871794871795,1.000076786829875,0.24174684973863456,0.0641025641025641,0.7665078639984131,1.5611529350280762,0.24800725281238556,0.0002874256460927427,0.006253568921238184,1.5608656406402588,0.24740402400493622,0.9993641972541809,2.5e-05,-0.30779996514320374,-0.3232392370700836,-0.21665972471237183,-0.2162461131811142,-0.21699562668800354,0.3190087676048279,-0.32483041286468506,-0.327492356300354,-0.1942082792520523,-0.21747379004955292,-0.23307408392429352,0.01888517290353775,0.13263948261737823,0.01798621006309986,0.1311141401529312
197,1960,1969,10,10,2863,2863,0,0.0,2863,0,0.0,0,17.88766360003501,10.375616700097453,7.569328700075857,2.234985200338997,35.19449090003036,53.93526368633877,quality,not_promoted,-0.0011085362380577459,4.331057316449005e-05,0.3715120984448327,-0.004802001691940758,0.0011823550975855646,0.017076684389677313,0.9998510393831465,0.22139266985985967,0.05555555555555555,0.9338877201080322,1.5430707931518555,0.25393661856651306,-0.000250885117566213,0.0065681226551532745,1.5433214902877808,0.25406113266944885,0.999330997467041,2.5e-05,-0.30779555439949036,-0.32342401146888733,-0.21674740314483643,-0.2163817286491394,-0.21711476147174835,0.31912681460380554,-0.32496514916419983,-0.3275904357433319,-0.19414012134075165,-0.21757608652114868,-0.233146071434021,0.018888171762228012,0.1327093541622162,0.01798621006309986,0.13117137551307678
198,1970,1979,10,10,2849,2849,0,0.0,2849,0,0.0,0,14.668253100011498,10.986634500091895,1.665118899953086,1.963768499379512,33.81510629999684,58.76242973376779,quality,not_promoted,0.0008384276698860857,3.230071029570859e-05,0.36740741282701495,-0.002819496147438056,0.0010703099665180262,0.01681923402680291,0.999681478076511,0.21222680434584618,0.011111111111111112,0.5048485398292542,1.5353505611419678,0.25424736738204956,-0.0008481021504849195,0.005376810673624277,1.536198616027832,0.25495100021362305,0.9995527863502502,2.5e-05,-0.3076784610748291,-0.32350966334342957,-0.2167751044034958,-0.21644219756126404,-0.21717485785484314,0.31910455226898193,-0.3250598609447479,-0.32778626680374146,-0.19407235085964203,-0.21766144037246704,-0.23331904411315918,0.018886445090174675,0.13273711502552032,0.01798621006309986,0.13125255703926086
199,1980,1989,10,10,2242,2242,0,0.0,2242,0,0.0,0,10.300176199991256,7.795665699872188,1.6614410000038333,1.7592132994323038,24.71725129999686,64.0252628494986,quality,not_promoted,-0.00028574570185608335,4.5595469146064715e-05,0.4027233508725961,-0.004290183052136045,0.0004147421390775384,0.004991319444444444,1.0005348126093547,0.24222307331446144,0.09722222222222222,0.7653965353965759,1.5127812623977661,0.25889599323272705,-0.00045596202835440636,0.006384221371263266,1.5132371187210083,0.25981059670448303,0.9993919134140015,2.5e-05,-0.30759763717651367,-0.3235417306423187,-0.21675854921340942,-0.2164650559425354,-0.21720263361930847,0.3191108703613281,-0.3251955211162567,-0.3278470039367676,-0.19400504231452942,-0.2177373170852661,-0.23344489932060242,0.018877342343330383,0.13274678587913513,0.01798621006309986,0.13127224147319794
200,1990,1999,10,10,2720,2720,0,0.0,2720,0,0.0,0,13.383801399962977,9.921983300999273,2.2682404000661336,2.1484245005995035,32.224370300013106,59.638435364016715,quality,not_promoted,-0.0014050917180125104,3.7244476050884346e-05,0.4426146045673725,-0.005812615096612379,9.32688559513799e-05,0.0,1.0001199467237605,0.24161232358147933,0.05813953488372093,0.5899900794029236,1.553688883781433,0.24428437650203705,0.00022298560361377895,0.006177960429340601,1.553465723991394,0.24642232060432434,0.9993604421615601,2.5e-05,-0.30753836035728455,-0.32361337542533875,-0.2168155014514923,-0.21651341021060944,-0.2172318994998932,0.3191225826740265,-0.3252770006656647,-0.32809245586395264,-0.19391851127147675,-0.21773657202720642,-0.2336301952600479,0.018873633816838264,0.13275304436683655,0.01798621006309986,0.13134720921516418
