episode,instance_id,reward,expected_reward,reward_identity_error,terminated,truncated,task_succeeded,task_failed,terminal_reason,completed_order_ratio,completed_operation_ratio,initial_progress,operation_progress,initial_preference_quality_score,preference_quality_score,flow_time_objective,reconfiguration_cost,worker_load_variance,preference_key,step_count,policy_step_count,forced_action_count,forced_action_ratio,reward_flow,reward_cost,reward_variance,reward_operation_progress,reward_quality,reward_feasibility_shaping
1,train_fatigue_bottleneck_1000000,0.34942635839496805,0.34942635839496805,0.0,True,False,True,False,completed,1.0,1.0,0.0,1.0,0.0,0.650573641605032,2234.2000000000016,2376.93209801478,4.1480555555555485,d17fb47064bdfcb2,416,416,0,0.0,-2234.2000000000016,-2376.93209801478,-4.1480555555555485,1.0,-0.650573641605032,0.0
2,train_easy_1000001,0.6881128505074832,0.6881128505074832,0.0,True,False,True,False,completed,1.0,1.0,0.0,1.0,0.0,0.31188714949251684,543.9000000000001,661.5379576364799,42.18916666666669,d17fb47064bdfcb2,190,190,0,0.0,-543.9000000000001,-661.5379576364799,-42.18916666666669,1.0,-0.31188714949251684,0.0
3,train_easy_1000002,0.6911646123718468,0.6911646123718465,0.0,True,False,True,False,completed,1.0,1.0,0.0,1.0,0.0,0.3088353876281535,536.2000000000002,876.9188280396402,41.98222222222223,d17fb47064bdfcb2,207,207,0,0.0,-536.2000000000002,-876.9188280396402,-41.98222222222223,1.0,-0.3088353876281535,0.0
4,train_balanced_1000003,-0.013333333333333308,-0.013333333333333308,0.0,False,True,False,True,unrecoverable_deadlock,0.9333333333333333,0.9841269841269841,0.0,0.9866666666666667,0.0,1.0,1215.8999999999996,1208.84302960724,102.52888888888886,d17fb47064bdfcb2,319,319,0,0.0,-1215.8999999999996,-1208.84302960724,-102.52888888888886,0.9866666666666667,-1.0,0.0
5,train_balanced_1000004,0.6048691970361407,0.6048691970361408,0.0,True,False,True,False,completed,1.0,1.0,0.0,1.0,0.0,0.39513080296385916,783.9000000000002,918.10477405448,38.31555555555558,d17fb47064bdfcb2,237,237,0,0.0,-783.9000000000002,-918.10477405448,-38.31555555555558,1.0,-0.39513080296385916,0.0
6,train_easy_1000005,0.6853618139242676,0.6853618139242675,0.0,True,False,True,False,completed,1.0,1.0,0.0,1.0,0.0,0.31463818607573246,550.9,771.1116848599106,115.23333333333339,d17fb47064bdfcb2,219,219,0,0.0,-550.9,-771.1116848599106,-115.23333333333339,1.0,-0.31463818607573246,0.0
7,train_balanced_1000006,0.6358626536668078,0.6358626536668082,0.0,True,False,True,False,completed,1.0,1.0,0.0,1.0,0.0,0.3641373463331919,687.1999999999997,947.4396158748199,32.3825,d17fb47064bdfcb2,228,228,0,0.0,-687.1999999999997,-947.4396158748199,-32.3825,1.0,-0.3641373463331919,0.0
8,train_balanced_1000007,-0.01666666666666672,-0.016666666666666607,0.0,False,True,False,True,unrecoverable_deadlock,0.9166666666666666,0.9811320754716981,0.0,0.9833333333333334,0.0,1.0,1076.6000000000001,1120.4853821162897,88.32472222222226,d17fb47064bdfcb2,271,271,0,0.0,-1076.6000000000001,-1120.4853821162897,-88.32472222222226,0.9833333333333334,-1.0,0.0
9,train_fatigue_bottleneck_1000008,0.4157139887757223,0.4157139887757223,0.0,True,False,True,False,completed,1.0,1.0,0.0,1.0,0.0,0.5842860112242777,1686.6000000000004,2042.1794616788297,4.291388888888888,d17fb47064bdfcb2,403,403,0,0.0,-1686.6000000000004,-2042.1794616788297,-4.291388888888887,1.0,-0.5842860112242777,0.0
10,train_balanced_1000009,0.5434536479326119,0.5434536479326117,0.0,True,False,True,False,completed,1.0,1.0,0.0,1.0,0.0,0.45654635206738825,1008.1000000000001,1305.1937050747183,101.94472222222218,d17fb47064bdfcb2,335,335,0,0.0,-1008.1000000000001,-1305.1937050747183,-101.94472222222218,1.0,-0.45654635206738825,0.0
11,train_easy_1000010,0.6910054128757341,0.6910054128757341,0.0,True,False,True,False,completed,1.0,1.0,0.0,1.0,0.0,0.30899458712426586,536.6000000000001,1192.9610092959097,29.44555555555556,d17fb47064bdfcb2,228,228,0,0.0,-536.6000000000001,-1192.9610092959097,-29.44555555555556,1.0,-0.30899458712426586,0.0
12,train_balanced_1000011,-0.013333333333333197,-0.013333333333333308,0.0,False,True,False,True,unrecoverable_deadlock,0.9333333333333333,0.9824561403508771,0.0,0.9866666666666667,0.0,1.0,1095.3000000000002,867.2450964392899,112.25583333333334,d17fb47064bdfcb2,259,259,0,0.0,-1095.3000000000002,-867.2450964392899,-112.25583333333334,0.9866666666666667,-1.0,0.0
13,train_balanced_1000012,0.5889281507656063,0.5889281507656066,0.0,True,False,True,False,completed,1.0,1.0,0.0,1.0,0.0,0.41107184923439344,837.6000000000001,987.6094873351502,49.932500000000026,d17fb47064bdfcb2,242,242,0,0.0,-837.6000000000001,-987.6094873351502,-49.932500000000026,1.0,-0.41107184923439344,0.0
14,train_balanced_1000013,0.5799623024503409,0.5799623024503407,0.0,True,False,True,False,completed,1.0,1.0,0.0,1.0,0.0,0.42003769754965925,869.1000000000003,1049.2465355722397,64.30472222222224,d17fb47064bdfcb2,279,279,0,0.0,-869.1000000000003,-1049.2465355722397,-64.30472222222224,1.0,-0.42003769754965925,0.0
15,train_balanced_1000014,0.613967766692249,0.6139677666922487,0.0,True,False,True,False,completed,1.0,1.0,0.0,1.0,0.0,0.38603223330775127,754.4999999999999,896.99958073019,79.87583333333332,d17fb47064bdfcb2,244,244,0,0.0,-754.4999999999999,-896.99958073019,-79.87583333333332,1.0,-0.38603223330775127,0.0
16,train_balanced_1000015,-0.01176470588235301,-0.0117647058823529,0.0,False,True,False,True,unrecoverable_deadlock,0.9411764705882353,0.984375,0.0,0.9882352941176471,0.0,1.0,1179.6999999999998,1162.4834979667799,111.45888888888892,d17fb47064bdfcb2,327,327,0,0.0,-1179.6999999999998,-1162.4834979667799,-111.45888888888892,0.9882352941176471,-1.0,0.0
17,train_balanced_1000016,-0.028571428571428692,-0.02857142857142858,0.0,False,True,False,True,unrecoverable_deadlock,0.9285714285714286,0.9655172413793104,0.0,0.9714285714285714,0.0,1.0,1079.3999999999996,999.1413936635896,72.40249999999999,d17fb47064bdfcb2,254,254,0,0.0,-1079.3999999999996,-999.1413936635896,-72.40249999999999,0.9714285714285714,-1.0,0.0
18,train_balanced_1000017,0.5316085588977981,0.5316085588977981,0.0,True,False,True,False,completed,1.0,1.0,0.0,1.0,0.0,0.4683914411022018,1057.3000000000004,1400.41227186315,38.83583333333336,d17fb47064bdfcb2,324,324,0,0.0,-1057.3000000000004,-1400.41227186315,-38.83583333333336,1.0,-0.4683914411022018,0.0
19,train_balanced_1000018,0.6090443079734051,0.6090443079734051,0.0,True,False,True,False,completed,1.0,1.0,0.0,1.0,0.0,0.39095569202659486,770.3000000000001,933.1254923442301,56.191388888888916,d17fb47064bdfcb2,232,232,0,0.0,-770.3000000000001,-933.1254923442301,-56.191388888888916,1.0,-0.39095569202659486,0.0
20,train_easy_1000019,0.6801949892302461,0.6801949892302461,0.0,True,False,True,False,completed,1.0,1.0,0.0,1.0,0.0,0.31980501076975393,564.1999999999999,1061.8729998180804,51.62805555555556,d17fb47064bdfcb2,196,196,0,0.0,-564.1999999999999,-1061.8729998180804,-51.62805555555556,1.0,-0.31980501076975393,0.0
21,train_fatigue_bottleneck_1000020,-0.06470588235294117,-0.06470588235294117,0.0,False,True,False,True,unrecoverable_deadlock,0.8823529411764706,0.935064935064935,0.0,0.9352941176470588,0.0,1.0,3283.4999999999995,6483.921947655399,4.90222222222221,d17fb47064bdfcb2,499,499,0,0.0,-3283.4999999999995,-6483.921947655399,-4.902222222222209,0.9352941176470588,-1.0,0.0
22,train_balanced_1000021,0.5391319974840506,0.5391319974840507,0.0,True,False,True,False,completed,1.0,1.0,0.0,1.0,0.0,0.4608680025159493,1025.7999999999997,1151.6938016972197,203.69138888888892,d17fb47064bdfcb2,321,321,0,0.0,-1025.7999999999997,-1151.6938016972197,-203.69138888888892,1.0,-0.4608680025159493,0.0
23,train_balanced_1000022,0.5358099660653688,0.5358099660653688,0.0,True,False,True,False,completed,1.0,1.0,0.0,1.0,0.0,0.46419003393463115,1039.5999999999997,1648.9025317160203,74.5213888888889,d17fb47064bdfcb2,349,349,0,0.0,-1039.5999999999997,-1648.9025317160203,-74.5213888888889,1.0,-0.46419003393463115,0.0
24,train_balanced_1000023,0.631745196104238,0.631745196104238,0.0,True,False,True,False,completed,1.0,1.0,0.0,1.0,0.0,0.36825480389576204,699.5,1006.5691255981302,77.25555555555557,d17fb47064bdfcb2,251,251,0,0.0,-699.5,-1006.5691255981302,-77.25555555555557,1.0,-0.36825480389576204,0.0
25,train_balanced_1000024,0.5432568246638598,0.5432568246638598,0.0,True,False,True,False,completed,1.0,1.0,0.0,1.0,0.0,0.4567431753361401,1008.9,1128.6958835464009,88.14472222222224,d17fb47064bdfcb2,297,297,0,0.0,-1008.9,-1128.6958835464009,-88.14472222222224,1.0,-0.4567431753361401,0.0
26,train_balanced_1000025,0.5216937657594991,0.5216937657594991,0.0,True,False,True,False,completed,1.0,1.0,0.0,1.0,0.0,0.47830623424050084,1100.2000000000005,1359.7129977698896,203.08666666666667,d17fb47064bdfcb2,357,357,0,0.0,-1100.2000000000005,-1359.7129977698896,-203.08666666666667,1.0,-0.47830623424050084,0.0
27,train_balanced_1000026,0.5080870522482852,0.5080870522482852,0.0,True,False,True,False,completed,1.0,1.0,0.0,1.0,0.0,0.49191294775171474,1161.8,1393.1191032302509,79.6088888888889,d17fb47064bdfcb2,347,347,0,0.0,-1161.8,-1393.1191032302509,-79.6088888888889,1.0,-0.49191294775171474,0.0
28,train_balanced_1000027,0.6407518154634773,0.6407518154634773,0.0,True,False,True,False,completed,1.0,1.0,0.0,1.0,0.0,0.3592481845365228,672.8,747.4538452452795,25.875555555555554,d17fb47064bdfcb2,218,218,0,0.0,-672.8,-747.4538452452795,-25.875555555555554,1.0,-0.3592481845365228,0.0
29,train_easy_1000028,0.6524575902566332,0.6524575902566333,0.0,True,False,True,False,completed,1.0,1.0,0.0,1.0,0.0,0.3475424097433667,639.2,814.3872934691697,135.33555555555557,d17fb47064bdfcb2,236,236,0,0.0,-639.2,-814.3872934691697,-135.33555555555557,1.0,-0.3475424097433667,0.0
30,train_easy_1000029,0.695974944901984,0.6959749449019836,0.0,True,False,True,False,completed,1.0,1.0,0.0,1.0,0.0,0.3040250550980164,524.1999999999999,643.4029310346403,81.05555555555554,d17fb47064bdfcb2,195,195,0,0.0,-524.1999999999999,-643.4029310346403,-81.05555555555554,1.0,-0.3040250550980164,0.0
31,train_balanced_1000030,0.6215362303827631,0.621536230382763,0.0,True,False,True,False,completed,1.0,1.0,0.0,1.0,0.0,0.3784637696172371,730.6999999999997,850.4359555263404,115.99222222222222,d17fb47064bdfcb2,235,235,0,0.0,-730.6999999999997,-850.4359555263404,-115.99222222222222,1.0,-0.3784637696172371,0.0
32,train_high_arrival_pressure_1000031,0.39242617482586084,0.39242617482586084,0.0,True,False,True,False,completed,1.0,1.0,0.0,1.0,0.0,0.6075738251741392,1857.9,1899.6025110573996,10.453333333333344,d17fb47064bdfcb2,415,415,0,0.0,-1857.9,-1899.6025110573996,-10.453333333333342,1.0,-0.6075738251741392,0.0
33,train_balanced_1000032,-0.014285714285714457,-0.014285714285714235,0.0,False,True,False,True,unrecoverable_deadlock,0.9285714285714286,0.9824561403508771,0.0,0.9857142857142858,0.0,1.0,1043.999999999999,1101.4857274789606,157.89888888888888,d17fb47064bdfcb2,271,271,0,0.0,-1043.999999999999,-1101.4857274789606,-157.89888888888888,0.9857142857142858,-1.0,0.0
34,train_worker_bottleneck_1000033,0.4,0.4,0.0,True,False,True,False,completed,1.0,1.0,0.0,1.0,0.0,0.6,1800.0,2681.789396045068,62.142500000000005,d17fb47064bdfcb2,395,395,0,0.0,-1800.0,-2681.789396045068,-62.142500000000005,1.0,-0.6,0.0
35,train_balanced_1000034,0.6159531875577454,0.6159531875577455,0.0,True,False,True,False,completed,1.0,1.0,0.0,1.0,0.0,0.3840468124422544,748.2,1100.41977127805,81.42222222222222,d17fb47064bdfcb2,249,249,0,0.0,-748.2,-1100.41977127805,-81.42222222222222,1.0,-0.3840468124422544,0.0
36,train_balanced_1000035,0.5386963548213323,0.5386963548213323,0.0,True,False,True,False,completed,1.0,1.0,0.0,1.0,0.0,0.46130364517866773,1027.6000000000004,1169.6940872186606,85.34805555555552,d17fb47064bdfcb2,345,345,0,0.0,-1027.6000000000004,-1169.6940872186606,-85.34805555555552,1.0,-0.46130364517866773,0.0
37,train_balanced_1000036,0.5775061360026952,0.577506136002695,0.0,True,False,True,False,completed,1.0,1.0,0.0,1.0,0.0,0.422493863997305,877.8999999999999,1093.3305344041698,68.35805555555557,d17fb47064bdfcb2,257,257,0,0.0,-877.8999999999999,-1093.3305344041698,-68.35805555555557,1.0,-0.422493863997305,0.0
38,train_easy_1000037,0.7006890108606794,0.7006890108606797,0.0,True,False,True,False,completed,1.0,1.0,0.0,1.0,0.0,0.2993109891393203,512.5999999999999,665.95627619868,88.02805555555561,d17fb47064bdfcb2,183,183,0,0.0,-512.5999999999999,-665.95627619868,-88.02805555555561,1.0,-0.2993109891393203,0.0
39,train_machine_bottleneck_1000038,0.4533091568449683,0.4533091568449683,0.0,True,False,True,False,completed,1.0,1.0,0.0,1.0,0.0,0.5466908431550317,1447.2,1605.0024779431808,37.91138888888887,d17fb47064bdfcb2,375,375,0,0.0,-1447.2,-1605.0024779431808,-37.91138888888887,1.0,-0.5466908431550317,0.0
40,train_balanced_1000039,0.5654243038213258,0.5654243038213258,0.0,True,False,True,False,completed,1.0,1.0,0.0,1.0,0.0,0.43457569617867414,922.3000000000003,1113.6105855608898,131.37222222222215,d17fb47064bdfcb2,319,319,0,0.0,-922.3000000000003,-1113.6105855608898,-131.37222222222215,1.0,-0.43457569617867414,0.0
41,train_worker_bottleneck_1000040,0.34618047542118613,0.34618047542118613,0.0,True,False,True,False,completed,1.0,1.0,0.0,1.0,0.0,0.6538195245788139,2266.4000000000015,1702.8380485848102,4.1280555555555525,d17fb47064bdfcb2,423,423,0,0.0,-2266.4000000000015,-1702.8380485848102,-4.128055555555553,1.0,-0.6538195245788139,0.0
42,train_fatigue_bottleneck_1000041,0.3515041448197077,0.3515041448197077,0.0,True,False,True,False,completed,1.0,1.0,0.0,1.0,0.0,0.6484958551802923,2213.9,2722.0144451911237,4.728888888888894,d17fb47064bdfcb2,428,428,0,0.0,-2213.9,-2722.0144451911237,-4.728888888888893,1.0,-0.6484958551802923,0.0
43,train_balanced_1000042,-0.014285714285714124,-0.014285714285714235,0.0,False,True,False,True,unrecoverable_deadlock,0.9285714285714286,0.9830508474576272,0.0,0.9857142857142858,0.0,1.0,1097.7999999999997,1036.53046440335,64.56333333333333,d17fb47064bdfcb2,288,288,0,0.0,-1097.7999999999997,-1036.53046440335,-64.56333333333333,0.9857142857142858,-1.0,0.0
44,train_balanced_1000043,0.6285355122564424,0.6285355122564424,0.0,True,False,True,False,completed,1.0,1.0,0.0,1.0,0.0,0.3714644877435575,709.2,548.4987922977798,24.712222222222223,d17fb47064bdfcb2,195,195,0,0.0,-709.2,-548.4987922977798,-24.712222222222223,1.0,-0.3714644877435575,0.0
45,train_easy_1000044,0.7111532535261347,0.7111532535261348,0.0,True,False,True,False,completed,1.0,1.0,0.0,1.0,0.0,0.2888467464738652,487.40000000000015,717.0778567149803,25.81666666666666,d17fb47064bdfcb2,188,188,0,0.0,-487.40000000000015,-717.0778567149803,-25.81666666666666,1.0,-0.2888467464738652,0.0
46,train_high_arrival_pressure_1000045,0.3573449271909711,0.3573449271909711,0.0,True,False,True,False,completed,1.0,1.0,0.0,1.0,0.0,0.6426550728090289,2158.0999999999995,2374.7481110197905,12.95222222222223,d17fb47064bdfcb2,458,458,0,0.0,-2158.0999999999995,-2374.7481110197905,-12.95222222222223,1.0,-0.6426550728090289,0.0
47,train_reconfiguration_bottleneck_1000046,-0.05882352941176472,-0.05882352941176472,0.0,False,True,False,True,unrecoverable_deadlock,0.8823529411764706,0.948051948051948,0.0,0.9411764705882353,0.0,1.0,2215.1,3024.04539838112,10.805555555555562,d17fb47064bdfcb2,418,418,0,0.0,-2215.1,-3024.04539838112,-10.805555555555566,0.9411764705882353,-1.0,0.0
48,train_balanced_1000047,0.6312799200378767,0.6312799200378767,0.0,True,False,True,False,completed,1.0,1.0,0.0,1.0,0.0,0.3687200799621233,700.9000000000002,1201.8835169934603,63.48666666666668,d17fb47064bdfcb2,236,236,0,0.0,-700.9000000000002,-1201.8835169934603,-63.48666666666668,1.0,-0.3687200799621233,0.0
49,train_easy_1000048,0.6995452955578871,0.6995452955578874,0.0,True,False,True,False,completed,1.0,1.0,0.0,1.0,0.0,0.3004547044421127,515.4000000000002,798.49324437444,28.134722222222237,d17fb47064bdfcb2,208,208,0,0.0,-515.4000000000002,-798.49324437444,-28.134722222222237,1.0,-0.3004547044421127,0.0
50,train_balanced_1000049,0.6605383387460781,0.6605383387460781,0.0,True,False,True,False,completed,1.0,1.0,0.0,1.0,0.0,0.3394616612539219,616.7,561.0743475229801,112.3913888888889,d17fb47064bdfcb2,178,178,0,0.0,-616.7,-561.0743475229801,-112.3913888888889,1.0,-0.3394616612539219,0.0
51,train_balanced_1000050,0.5590756615728663,0.5590756615728663,0.0,True,False,True,False,completed,1.0,1.0,0.0,1.0,0.0,0.4409243384271338,946.3999999999999,1378.3405941712213,188.20472222222224,d17fb47064bdfcb2,311,311,0,0.0,-946.3999999999999,-1378.3405941712213,-188.20472222222224,1.0,-0.4409243384271338,0.0
52,train_worker_bottleneck_1000051,0.35797386790764274,0.35797386790764274,0.0,True,False,True,False,completed,1.0,1.0,0.0,1.0,0.0,0.6420261320923573,2152.2,1792.5221767939013,5.69805555555557,d17fb47064bdfcb2,445,445,0,0.0,-2152.2,-1792.5221767939013,-5.69805555555557,1.0,-0.6420261320923573,0.0
53,train_balanced_1000052,0.5413696652530904,0.5413696652530904,0.0,True,False,True,False,completed,1.0,1.0,0.0,1.0,0.0,0.4586303347469097,1016.6000000000001,1003.7060455006299,39.29555555555557,d17fb47064bdfcb2,292,292,0,0.0,-1016.6000000000001,-1003.7060455006299,-39.29555555555557,1.0,-0.4586303347469097,0.0
54,train_machine_bottleneck_1000053,0.44701061650214213,0.44701061650214213,0.0,True,False,True,False,completed,1.0,1.0,0.0,1.0,0.0,0.5529893834978579,1484.4999999999995,1671.46330054994,195.3355555555556,d17fb47064bdfcb2,335,335,0,0.0,-1484.4999999999995,-1671.46330054994,-195.3355555555556,1.0,-0.5529893834978579,0.0
55,train_balanced_1000054,0.627844922304191,0.6278449223041909,0.0,True,False,True,False,completed,1.0,1.0,0.0,1.0,0.0,0.37215507769580913,711.3,865.6998867469698,100.28916666666665,d17fb47064bdfcb2,240,240,0,0.0,-711.3,-865.6998867469698,-100.28916666666665,1.0,-0.37215507769580913,0.0
56,train_balanced_1000055,0.5501054368754009,0.550105436875401,0.0,True,False,True,False,completed,1.0,1.0,0.0,1.0,0.0,0.4498945631245989,981.3999999999999,922.2527028221798,56.65916666666669,d17fb47064bdfcb2,283,283,0,0.0,-981.3999999999999,-922.2527028221798,-56.65916666666669,1.0,-0.4498945631245989,0.0
57,train_easy_1000056,0.6857142857142859,0.6857142857142857,0.0,True,False,True,False,completed,1.0,1.0,0.0,1.0,0.0,0.3142857142857143,550.0,680.3421019720105,30.563333333333343,d17fb47064bdfcb2,207,207,0,0.0,-550.0,-680.3421019720105,-30.563333333333343,1.0,-0.3142857142857143,0.0
58,train_easy_1000057,0.6857926620185163,0.6857926620185164,0.0,True,False,True,False,completed,1.0,1.0,0.0,1.0,0.0,0.31420733798148365,549.8000000000002,873.26917808226,60.51138888888889,d17fb47064bdfcb2,196,196,0,0.0,-549.8000000000002,-873.26917808226,-60.51138888888889,1.0,-0.31420733798148365,0.0
59,train_balanced_1000058,0.6216972334473111,0.6216972334473112,0.0,True,False,True,False,completed,1.0,1.0,0.0,1.0,0.0,0.3783027665526888,730.2,1207.22521586439,52.768055555555556,d17fb47064bdfcb2,234,234,0,0.0,-730.2,-1207.22521586439,-52.768055555555556,1.0,-0.3783027665526888,0.0
60,train_easy_1000059,0.6608293408227326,0.6608293408227326,0.0,True,False,True,False,completed,1.0,1.0,0.0,1.0,0.0,0.3391706591772674,615.9,687.80266017793,61.45555555555555,d17fb47064bdfcb2,212,212,0,0.0,-615.9,-687.80266017793,-61.45555555555555,1.0,-0.3391706591772674,0.0
61,train_high_arrival_pressure_1000060,0.43766868480560217,0.43766868480560217,0.0,True,False,True,False,completed,1.0,1.0,0.0,1.0,0.0,0.5623313151943978,1541.8,1416.9555483694598,25.984722222222214,d17fb47064bdfcb2,345,345,0,0.0,-1541.8,-1416.9555483694598,-25.984722222222214,1.0,-0.5623313151943978,0.0
62,train_easy_1000061,0.7121661721068252,0.7121661721068251,0.0,True,False,True,False,completed,1.0,1.0,0.0,1.0,0.0,0.28783382789317496,484.99999999999983,527.2627890770102,32.088888888888896,d17fb47064bdfcb2,169,169,0,0.0,-484.99999999999983,-527.2627890770102,-32.088888888888896,1.0,-0.28783382789317496,0.0
63,train_machine_bottleneck_1000062,0.489296636085627,0.489296636085627,0.0,True,False,True,False,completed,1.0,1.0,0.0,1.0,0.0,0.510703363914373,1252.4999999999993,963.7319248253402,98.72138888888884,d17fb47064bdfcb2,319,319,0,0.0,-1252.4999999999993,-963.7319248253402,-98.72138888888884,1.0,-0.510703363914373,0.0
64,train_balanced_1000063,0.5785084124764979,0.5785084124764979,0.0,True,False,True,False,completed,1.0,1.0,0.0,1.0,0.0,0.4214915875235021,874.3000000000004,1280.1100098352395,51.28472222222223,d17fb47064bdfcb2,306,306,0,0.0,-874.3000000000004,-1280.1100098352395,-51.28472222222223,1.0,-0.4214915875235021,0.0
65,train_balanced_1000064,0.5888703503778586,0.5888703503778584,0.0,True,False,True,False,completed,1.0,1.0,0.0,1.0,0.0,0.4111296496221416,837.8000000000002,887.8081133442898,35.57138888888887,d17fb47064bdfcb2,246,246,0,0.0,-837.8000000000002,-887.8081133442898,-35.57138888888887,1.0,-0.4111296496221416,0.0
66,train_balanced_1000065,0.5982352061418814,0.5982352061418815,0.0,True,False,True,False,completed,1.0,1.0,0.0,1.0,0.0,0.4017647938581185,805.8999999999999,791.0763607241303,107.05583333333334,d17fb47064bdfcb2,249,249,0,0.0,-805.8999999999999,-791.0763607241303,-107.05583333333334,1.0,-0.4017647938581185,0.0
67,train_reconfiguration_bottleneck_1000066,0.43103448275862066,0.43103448275862066,0.0,True,False,True,False,completed,1.0,1.0,0.0,1.0,0.0,0.5689655172413793,1584.0,2771.7519272866693,6.135833333333334,d17fb47064bdfcb2,398,398,0,0.0,-1584.0,-2771.7519272866693,-6.135833333333332,1.0,-0.5689655172413793,0.0
68,train_easy_1000067,0.7041427062551344,0.7041427062551343,0.0,True,False,True,False,completed,1.0,1.0,0.0,1.0,0.0,0.2958572937448657,504.2000000000001,530.5651428154,113.53888888888888,d17fb47064bdfcb2,178,178,0,0.0,-504.2000000000001,-530.5651428154,-113.53888888888888,1.0,-0.2958572937448657,0.0
69,train_balanced_1000068,0.6011421701232342,0.6011421701232341,0.0,True,False,True,False,completed,1.0,1.0,0.0,1.0,0.0,0.3988578298767659,796.1999999999999,556.66788304543,31.44555555555556,d17fb47064bdfcb2,212,212,0,0.0,-796.1999999999999,-556.66788304543,-31.44555555555556,1.0,-0.3988578298767659,0.0
70,train_balanced_1000069,0.624057413282022,0.624057413282022,0.0,True,False,True,False,completed,1.0,1.0,0.0,1.0,0.0,0.375942586717978,722.8999999999997,814.8365890464999,48.03555555555556,d17fb47064bdfcb2,234,234,0,0.0,-722.8999999999997,-814.8365890464999,-48.03555555555556,1.0,-0.375942586717978,0.0
71,train_worker_bottleneck_1000070,0.3668827198238962,0.3668827198238962,0.0,True,False,True,False,completed,1.0,1.0,0.0,1.0,0.0,0.6331172801761038,2070.8000000000015,2153.4228451490403,25.40888888888888,d17fb47064bdfcb2,454,454,0,0.0,-2070.8000000000015,-2153.4228451490403,-25.408888888888868,1.0,-0.6331172801761038,0.0
72,train_balanced_1000071,0.5366486293099593,0.5366486293099593,0.0,True,False,True,False,completed,1.0,1.0,0.0,1.0,0.0,0.46335137069004073,1036.1000000000004,1299.3841907435615,52.4113888888889,d17fb47064bdfcb2,329,329,0,0.0,-1036.1000000000004,-1299.3841907435615,-52.4113888888889,1.0,-0.46335137069004073,0.0
73,train_balanced_1000072,0.5576208178438664,0.5576208178438664,0.0,True,False,True,False,completed,1.0,1.0,0.0,1.0,0.0,0.44237918215613364,951.9999999999994,1466.4133024403907,29.044722222222237,d17fb47064bdfcb2,325,325,0,0.0,-951.9999999999994,-1466.4133024403907,-29.044722222222237,1.0,-0.44237918215613364,0.0
74,train_easy_1000073,0.6964596633778293,0.6964596633778293,0.0,True,False,True,False,completed,1.0,1.0,0.0,1.0,0.0,0.3035403366221707,523.0000000000001,613.2379834377501,36.54222222222224,d17fb47064bdfcb2,214,214,0,0.0,-523.0000000000001,-613.2379834377501,-36.54222222222224,1.0,-0.3035403366221707,0.0
75,train_balanced_1000074,0.5769508149430258,0.576950814943026,0.0,True,False,True,False,completed,1.0,1.0,0.0,1.0,0.0,0.423049185056974,879.9000000000002,1056.2615836405198,24.664722222222235,d17fb47064bdfcb2,280,280,0,0.0,-879.9000000000002,-1056.2615836405198,-24.664722222222235,1.0,-0.423049185056974,0.0
76,train_balanced_1000075,0.6283380458686774,0.6283380458686774,0.0,True,False,True,False,completed,1.0,1.0,0.0,1.0,0.0,0.37166195413132264,709.8,1345.0996181597898,119.99472222222228,d17fb47064bdfcb2,239,239,0,0.0,-709.8,-1345.0996181597898,-119.99472222222228,1.0,-0.37166195413132264,0.0
77,train_balanced_1000076,0.6287660466334821,0.6287660466334817,0.0,True,False,True,False,completed,1.0,1.0,0.0,1.0,0.0,0.37123395336651827,708.5000000000001,804.9042012708201,25.33888888888889,d17fb47064bdfcb2,218,218,0,0.0,-708.5000000000001,-804.9042012708201,-25.33888888888889,1.0,-0.37123395336651827,0.0
78,train_balanced_1000077,0.5720005720005719,0.5720005720005719,0.0,True,False,True,False,completed,1.0,1.0,0.0,1.0,0.0,0.4279994279994281,897.9000000000002,1217.3249271934899,54.73222222222221,d17fb47064bdfcb2,277,277,0,0.0,-897.9000000000002,-1217.3249271934899,-54.73222222222221,1.0,-0.4279994279994281,0.0
79,train_balanced_1000078,0.6368074718743367,0.6368074718743367,0.0,True,False,True,False,completed,1.0,1.0,0.0,1.0,0.0,0.36319252812566327,684.3999999999997,764.5750292599898,52.60472222222224,d17fb47064bdfcb2,214,214,0,0.0,-684.3999999999997,-764.5750292599898,-52.60472222222224,1.0,-0.36319252812566327,0.0
80,train_balanced_1000079,0.6382299755345178,0.6382299755345175,0.0,True,False,True,False,completed,1.0,1.0,0.0,1.0,0.0,0.3617700244654824,680.2000000000002,489.2243987253301,77.21222222222224,d17fb47064bdfcb2,204,204,0,0.0,-680.2000000000002,-489.2243987253301,-77.21222222222224,1.0,-0.3617700244654824,0.0
81,train_balanced_1000080,0.5830337187834032,0.5830337187834029,0.0,True,False,True,False,completed,1.0,1.0,0.0,1.0,0.0,0.41696628121659707,858.2,1036.1038566608397,133.7858333333333,d17fb47064bdfcb2,279,279,0,0.0,-858.2,-1036.1038566608397,-133.7858333333333,1.0,-0.41696628121659707,0.0
82,train_balanced_1000081,0.6023793986245669,0.6023793986245669,0.0,True,False,True,False,completed,1.0,1.0,0.0,1.0,0.0,0.39762060137543304,792.1000000000003,490.87558685522,24.37222222222222,d17fb47064bdfcb2,217,217,0,0.0,-792.1000000000003,-490.87558685522,-24.37222222222222,1.0,-0.39762060137543304,0.0
83,train_easy_1000082,0.7106478739784439,0.7106478739784436,0.0,True,False,True,False,completed,1.0,1.0,0.0,1.0,0.0,0.2893521260215563,488.60000000000014,487.78180944918023,25.344722222222227,d17fb47064bdfcb2,177,177,0,0.0,-488.60000000000014,-487.78180944918023,-25.344722222222227,1.0,-0.2893521260215563,0.0
84,train_easy_1000083,0.7153075822603719,0.7153075822603719,0.0,True,False,True,False,completed,1.0,1.0,0.0,1.0,0.0,0.28469241773962806,477.6000000000001,579.9787875726997,38.21555555555556,d17fb47064bdfcb2,170,170,0,0.0,-477.6000000000001,-579.9787875726997,-38.21555555555556,1.0,-0.28469241773962806,0.0
85,train_balanced_1000084,0.5861378400820596,0.5861378400820594,0.0,True,False,True,False,completed,1.0,1.0,0.0,1.0,0.0,0.41386215991794056,847.2999999999995,669.7871725660405,21.493333333333343,d17fb47064bdfcb2,254,254,0,0.0,-847.2999999999995,-669.7871725660405,-21.493333333333343,1.0,-0.41386215991794056,0.0
86,train_balanced_1000085,0.6223098065653685,0.6223098065653685,0.0,True,False,True,False,completed,1.0,1.0,0.0,1.0,0.0,0.37769019343463145,728.3,805.4690305715399,121.14999999999999,d17fb47064bdfcb2,249,249,0,0.0,-728.3,-805.4690305715399,-121.14999999999999,1.0,-0.37769019343463145,0.0
87,train_high_arrival_pressure_1000086,0.3879853858837984,0.3879853858837984,0.0,True,False,True,False,completed,1.0,1.0,0.0,1.0,0.0,0.6120146141162016,1892.900000000001,1185.7366199668,37.96888888888889,d17fb47064bdfcb2,378,378,0,0.0,-1892.900000000001,-1185.7366199668,-37.96888888888889,1.0,-0.6120146141162016,0.0
88,train_balanced_1000087,0.5644137152532807,0.5644137152532807,0.0,True,False,True,False,completed,1.0,1.0,0.0,1.0,0.0,0.43558628474671934,926.0999999999999,1241.2679611961203,40.07583333333337,d17fb47064bdfcb2,300,300,0,0.0,-926.0999999999999,-1241.2679611961203,-40.07583333333337,1.0,-0.43558628474671934,0.0
89,train_easy_1000088,0.6710658763001901,0.6710658763001902,0.0,True,False,True,False,completed,1.0,1.0,0.0,1.0,0.0,0.32893412369980984,588.1999999999999,548.5788507974002,93.4780555555556,d17fb47064bdfcb2,198,198,0,0.0,-588.1999999999999,-548.5788507974002,-93.4780555555556,1.0,-0.32893412369980984,0.0
90,train_fatigue_bottleneck_1000089,0.39091767925204424,0.39091767925204424,0.0,True,False,True,False,completed,1.0,1.0,0.0,1.0,0.0,0.6090823207479558,1869.6999999999994,1438.5603474755708,6.138055555555557,d17fb47064bdfcb2,347,347,0,0.0,-1869.6999999999994,-1438.5603474755708,-6.138055555555557,1.0,-0.6090823207479558,0.0
91,train_balanced_1000090,0.5818746060224025,0.5818746060224023,0.0,True,False,True,False,completed,1.0,1.0,0.0,1.0,0.0,0.4181253939775977,862.2999999999996,1023.1005298869,112.90583333333335,d17fb47064bdfcb2,275,275,0,0.0,-862.2999999999996,-1023.1005298869,-112.90583333333335,1.0,-0.4181253939775977,0.0
92,train_balanced_1000091,0.577228341911588,0.5772283419115878,0.0,True,False,True,False,completed,1.0,1.0,0.0,1.0,0.0,0.42277165808841216,878.9000000000003,869.6395414662401,43.9913888888889,d17fb47064bdfcb2,272,272,0,0.0,-878.9000000000003,-869.6395414662401,-43.9913888888889,1.0,-0.42277165808841216,0.0
93,train_easy_1000092,0.6988120195667367,0.6988120195667364,0.0,True,False,True,False,completed,1.0,1.0,0.0,1.0,0.0,0.3011879804332635,517.2000000000002,539.5528192789301,57.72222222222225,d17fb47064bdfcb2,197,197,0,0.0,-517.2000000000002,-539.5528192789301,-57.72222222222225,1.0,-0.3011879804332635,0.0
94,train_balanced_1000093,0.6244796003330557,0.6244796003330558,0.0,True,False,True,False,completed,1.0,1.0,0.0,1.0,0.0,0.37552039966694417,721.5999999999999,1049.8371407361308,136.45555555555558,d17fb47064bdfcb2,256,256,0,0.0,-721.5999999999999,-1049.8371407361308,-136.45555555555558,1.0,-0.37552039966694417,0.0
95,train_balanced_1000094,0.5894778208969886,0.5894778208969886,0.0,True,False,True,False,completed,1.0,1.0,0.0,1.0,0.0,0.4105221791030113,835.7000000000004,752.9847478070399,85.62000000000005,d17fb47064bdfcb2,244,244,0,0.0,-835.7000000000004,-752.9847478070399,-85.62000000000005,1.0,-0.4105221791030113,0.0
96,train_balanced_1000095,0.6571381632988338,0.6571381632988337,0.0,True,False,True,False,completed,1.0,1.0,0.0,1.0,0.0,0.3428618367011663,626.0999999999999,442.68172827613995,19.319166666666664,d17fb47064bdfcb2,170,170,0,0.0,-626.0999999999999,-442.68172827613995,-19.319166666666664,1.0,-0.3428618367011663,0.0
97,train_easy_1000096,0.6994229760447629,0.699422976044763,0.0,True,False,True,False,completed,1.0,1.0,0.0,1.0,0.0,0.30057702395523694,515.7,652.9274892184101,22.69916666666666,d17fb47064bdfcb2,182,182,0,0.0,-515.7,-652.9274892184101,-22.69916666666666,1.0,-0.30057702395523694,0.0
98,train_balanced_1000097,0.5567670393912681,0.5567670393912681,0.0,True,False,True,False,completed,1.0,1.0,0.0,1.0,0.0,0.44323296060873185,955.2999999999997,1192.9802478001498,83.62333333333335,d17fb47064bdfcb2,308,308,0,0.0,-955.2999999999997,-1192.9802478001498,-83.62333333333335,1.0,-0.44323296060873185,0.0
99,train_balanced_1000098,0.6010217369528197,0.6010217369528197,0.0,True,False,True,False,completed,1.0,1.0,0.0,1.0,0.0,0.39897826304718026,796.6000000000001,945.1236606227898,28.751388888888897,d17fb47064bdfcb2,264,264,0,0.0,-796.6000000000001,-945.1236606227898,-28.751388888888904,1.0,-0.39897826304718026,0.0
100,train_easy_1000099,0.695934582149278,0.695934582149278,0.0,True,False,True,False,completed,1.0,1.0,0.0,1.0,0.0,0.304065417850722,524.2999999999998,728.7119750285,19.238055555555547,d17fb47064bdfcb2,199,199,0,0.0,-524.2999999999998,-728.7119750285,-19.238055555555547,1.0,-0.304065417850722,0.0
101,train_balanced_1000100,0.6303183107469267,0.630318310746927,0.0,True,False,True,False,completed,1.0,1.0,0.0,1.0,0.0,0.36968168925307293,703.8000000000003,873.5777651468399,82.70916666666669,d17fb47064bdfcb2,210,210,0,0.0,-703.8000000000003,-873.5777651468399,-82.70916666666669,1.0,-0.36968168925307293,0.0
102,train_balanced_1000101,0.6073796629042871,0.6073796629042871,0.0,True,False,True,False,completed,1.0,1.0,0.0,1.0,0.0,0.39262033709571287,775.6999999999998,1130.35889790076,71.78555555555558,d17fb47064bdfcb2,252,252,0,0.0,-775.6999999999998,-1130.35889790076,-71.78555555555558,1.0,-0.39262033709571287,0.0
103,train_worker_bottleneck_1000102,0.41382164287192214,0.41382164287192214,0.0,True,False,True,False,completed,1.0,1.0,0.0,1.0,0.0,0.5861783571280779,1699.8000000000009,1218.1964806443707,12.629166666666663,d17fb47064bdfcb2,346,346,0,0.0,-1699.8000000000009,-1218.1964806443707,-12.629166666666661,1.0,-0.5861783571280779,0.0
104,train_machine_bottleneck_1000103,0.5126671508523091,0.5126671508523091,0.0,True,False,True,False,completed,1.0,1.0,0.0,1.0,0.0,0.48733284914769087,1140.7000000000005,881.2366754581898,37.632222222222204,d17fb47064bdfcb2,288,288,0,0.0,-1140.7000000000005,-881.2366754581898,-37.632222222222204,1.0,-0.48733284914769087,0.0
105,train_balanced_1000104,0.6265664160401001,0.6265664160401001,0.0,True,False,True,False,completed,1.0,1.0,0.0,1.0,0.0,0.37343358395989984,715.2000000000003,929.7771430475802,89.9447222222222,d17fb47064bdfcb2,212,212,0,0.0,-715.2000000000003,-929.7771430475802,-89.9447222222222,1.0,-0.37343358395989984,0.0
106,train_balanced_1000105,0.608426709932566,0.608426709932566,0.0,True,False,True,False,completed,1.0,1.0,0.0,1.0,0.0,0.39157329006743397,772.3000000000001,763.8042857438702,5.763333333333333,d17fb47064bdfcb2,213,213,0,0.0,-772.3000000000001,-763.8042857438702,-5.763333333333333,1.0,-0.39157329006743397,0.0
107,train_balanced_1000106,0.5682087220038826,0.5682087220038827,0.0,True,False,True,False,completed,1.0,1.0,0.0,1.0,0.0,0.43179127799611733,911.9000000000004,813.1345476861301,58.89555555555558,d17fb47064bdfcb2,247,247,0,0.0,-911.9000000000004,-813.1345476861301,-58.89555555555558,1.0,-0.43179127799611733,0.0
108,train_balanced_1000107,0.6378907080586858,0.637890708058686,0.0,True,False,True,False,completed,1.0,1.0,0.0,1.0,0.0,0.362109291941314,681.1999999999999,570.6944715138503,44.77805555555557,d17fb47064bdfcb2,199,199,0,0.0,-681.1999999999999,-570.6944715138503,-44.77805555555557,1.0,-0.362109291941314,0.0
109,train_balanced_1000108,0.5808325266214909,0.5808325266214909,0.0,True,False,True,False,completed,1.0,1.0,0.0,1.0,0.0,0.4191674733785091,866.0,598.6497923877498,86.90666666666665,d17fb47064bdfcb2,231,231,0,0.0,-866.0,-598.6497923877498,-86.90666666666665,1.0,-0.4191674733785091,0.0
110,train_balanced_1000109,0.5732575359480246,0.5732575359480248,0.0,True,False,True,False,completed,1.0,1.0,0.0,1.0,0.0,0.4267424640519753,893.3,617.48709389454,45.105555555555554,d17fb47064bdfcb2,233,233,0,0.0,-893.3,-617.48709389454,-45.105555555555554,1.0,-0.4267424640519753,0.0
111,train_fatigue_bottleneck_1000110,0.3875092840765978,0.3875092840765978,0.0,True,False,True,False,completed,1.0,1.0,0.0,1.0,0.0,0.6124907159234022,1896.7000000000003,1415.5594365108284,3.7355555555555604,d17fb47064bdfcb2,354,354,0,0.0,-1896.7000000000003,-1415.5594365108284,-3.7355555555555586,1.0,-0.6124907159234022,0.0
112,train_machine_bottleneck_1000111,0.49902274712022276,0.49902274712022276,0.0,True,False,True,False,completed,1.0,1.0,0.0,1.0,0.0,0.5009772528797772,1204.7000000000007,1336.6250012365508,115.5533333333333,d17fb47064bdfcb2,307,307,0,0.0,-1204.7000000000007,-1336.6250012365508,-115.5533333333333,1.0,-0.5009772528797772,0.0
113,train_easy_1000112,0.689893066574681,0.689893066574681,0.0,True,False,True,False,completed,1.0,1.0,0.0,1.0,0.0,0.31010693342531903,539.4,518.5717671695801,65.98805555555555,d17fb47064bdfcb2,169,169,0,0.0,-539.4,-518.5717671695801,-65.98805555555555,1.0,-0.31010693342531903,0.0
114,train_reconfiguration_bottleneck_1000113,0.5078720162519046,0.5078720162519046,0.0,True,False,True,False,completed,1.0,1.0,0.0,1.0,0.0,0.4921279837480954,1162.7999999999997,1347.8564942780013,58.972222222222236,d17fb47064bdfcb2,329,329,0,0.0,-1162.7999999999997,-1347.8564942780013,-58.97222222222224,1.0,-0.4921279837480954,0.0
115,train_easy_1000114,0.7082570973263291,0.7082570973263296,0.0,True,False,True,False,completed,1.0,1.0,0.0,1.0,0.0,0.2917429026736705,494.29999999999984,482.1436304330699,33.45666666666666,d17fb47064bdfcb2,171,171,0,0.0,-494.29999999999984,-482.1436304330699,-33.45666666666666,1.0,-0.2917429026736705,0.0
116,train_balanced_1000115,0.57906673744149,0.5790667374414902,0.0,True,False,True,False,completed,1.0,1.0,0.0,1.0,0.0,0.4209332625585099,872.3000000000002,829.7449078392707,36.798055555555536,d17fb47064bdfcb2,283,283,0,0.0,-872.3000000000002,-829.7449078392707,-36.798055555555536,1.0,-0.4209332625585099,0.0
117,train_high_arrival_pressure_1000116,0.41399296211964387,0.41399296211964387,0.0,True,False,True,False,completed,1.0,1.0,0.0,1.0,0.0,0.5860070378803561,1698.6000000000004,812.2090226598198,80.94805555555551,d17fb47064bdfcb2,306,306,0,0.0,-1698.6000000000004,-812.2090226598198,-80.94805555555551,1.0,-0.5860070378803561,0.0
118,train_balanced_1000117,0.6225357958082587,0.6225357958082589,0.0,True,False,True,False,completed,1.0,1.0,0.0,1.0,0.0,0.37746420419174104,727.6,903.2512399576796,55.98138888888891,d17fb47064bdfcb2,238,238,0,0.0,-727.6,-903.2512399576796,-55.98138888888891,1.0,-0.37746420419174104,0.0
119,train_high_arrival_pressure_1000118,0.4564473183720047,0.4564473183720047,0.0,True,False,True,False,completed,1.0,1.0,0.0,1.0,0.0,0.5435526816279953,1428.9999999999993,1623.15406174701,41.64666666666668,d17fb47064bdfcb2,342,342,0,0.0,-1428.9999999999993,-1623.15406174701,-41.64666666666668,1.0,-0.5435526816279953,0.0
120,train_worker_bottleneck_1000119,0.41279669762641913,0.41279669762641913,0.0,True,False,True,False,completed,1.0,1.0,0.0,1.0,0.0,0.5872033023735809,1706.9999999999995,1444.0469828568089,60.578888888888905,d17fb47064bdfcb2,321,321,0,0.0,-1706.9999999999995,-1444.0469828568089,-60.578888888888905,1.0,-0.5872033023735809,0.0
121,train_machine_bottleneck_1000120,0.5250721974271463,0.5250721974271462,0.0,True,False,True,False,completed,1.0,1.0,0.0,1.0,0.0,0.4749278025728538,1085.3999999999999,897.0254148949098,21.768888888888906,d17fb47064bdfcb2,271,271,0,0.0,-1085.3999999999999,-897.0254148949098,-21.76888888888891,1.0,-0.4749278025728538,0.0
122,train_balanced_1000121,0.6358289620092195,0.6358289620092195,0.0,True,False,True,False,completed,1.0,1.0,0.0,1.0,0.0,0.3641710379907805,687.3,483.8604276957897,68.37805555555558,d17fb47064bdfcb2,190,190,0,0.0,-687.3,-483.8604276957897,-68.37805555555558,1.0,-0.3641710379907805,0.0
123,train_fatigue_bottleneck_1000122,-0.0117647058823529,-0.0117647058823529,0.0,False,True,False,True,unrecoverable_deadlock,0.9411764705882353,0.9866666666666667,0.0,0.9882352941176471,0.0,1.0,2236.9,2408.361966282134,12.644722222222207,d17fb47064bdfcb2,421,421,0,0.0,-2236.9,-2408.361966282134,-12.644722222222207,0.9882352941176471,-1.0,0.0
124,train_balanced_1000123,0.5568445475638051,0.5568445475638051,0.0,True,False,True,False,completed,1.0,1.0,0.0,1.0,0.0,0.4431554524361949,955.0000000000002,1119.8589565140499,41.15555555555554,d17fb47064bdfcb2,294,294,0,0.0,-955.0000000000002,-1119.8589565140499,-41.15555555555554,1.0,-0.4431554524361949,0.0
125,train_machine_bottleneck_1000124,0.4459805998439067,0.4459805998439067,0.0,True,False,True,False,completed,1.0,1.0,0.0,1.0,0.0,0.5540194001560933,1490.7,850.9820737629304,66.97666666666667,d17fb47064bdfcb2,308,308,0,0.0,-1490.7,-850.9820737629304,-66.97666666666667,1.0,-0.5540194001560933,0.0
126,train_high_arrival_pressure_1000125,0.4360623569170391,0.4360623569170391,0.0,True,False,True,False,completed,1.0,1.0,0.0,1.0,0.0,0.5639376430829609,1551.9000000000005,1013.3582156008005,68.02222222222225,d17fb47064bdfcb2,292,292,0,0.0,-1551.9000000000005,-1013.3582156008005,-68.02222222222225,1.0,-0.5639376430829609,0.0
127,train_balanced_1000126,0.598175564528189,0.5981755645281891,0.0,True,False,True,False,completed,1.0,1.0,0.0,1.0,0.0,0.4018244354718109,806.0999999999998,631.906151447,50.79666666666668,d17fb47064bdfcb2,230,230,0,0.0,-806.0999999999998,-631.906151447,-50.79666666666668,1.0,-0.4018244354718109,0.0
128,train_balanced_1000127,0.6044122091266242,0.6044122091266244,0.0,True,False,True,False,completed,1.0,1.0,0.0,1.0,0.0,0.39558779087337564,785.4000000000002,788.16727728558,40.713333333333345,d17fb47064bdfcb2,224,224,0,0.0,-785.4000000000002,-788.16727728558,-40.713333333333345,1.0,-0.39558779087337564,0.0
129,train_balanced_1000128,0.6201870897720813,0.6201870897720814,0.0,True,False,True,False,completed,1.0,1.0,0.0,1.0,0.0,0.3798129102279187,734.8999999999999,557.8435659314202,56.79583333333334,d17fb47064bdfcb2,217,217,0,0.0,-734.8999999999999,-557.8435659314202,-56.79583333333334,1.0,-0.3798129102279187,0.0
130,train_balanced_1000129,0.5789549862498189,0.578954986249819,0.0,True,False,True,False,completed,1.0,1.0,0.0,1.0,0.0,0.421045013750181,872.7000000000003,858.3249601657601,24.3688888888889,d17fb47064bdfcb2,238,238,0,0.0,-872.7000000000003,-858.3249601657601,-24.3688888888889,1.0,-0.421045013750181,0.0
131,train_balanced_1000130,0.6000000000000001,0.6,0.0,True,False,True,False,completed,1.0,1.0,0.0,1.0,0.0,0.4,800.0,605.8312306202802,76.35222222222221,d17fb47064bdfcb2,219,219,0,0.0,-800.0,-605.8312306202802,-76.35222222222221,1.0,-0.4,0.0
132,train_balanced_1000131,0.6240898689411274,0.6240898689411276,0.0,True,False,True,False,completed,1.0,1.0,0.0,1.0,0.0,0.37591013105887233,722.7999999999997,742.4371318967503,39.03888888888891,d17fb47064bdfcb2,240,240,0,0.0,-722.7999999999997,-742.4371318967503,-39.03888888888891,1.0,-0.37591013105887233,0.0
133,train_easy_1000132,0.693280952105841,0.693280952105841,0.0,True,False,True,False,completed,1.0,1.0,0.0,1.0,0.0,0.3067190478941591,530.9,430.4854867269699,20.609166666666667,d17fb47064bdfcb2,174,174,0,0.0,-530.9,-430.4854867269699,-20.609166666666667,1.0,-0.3067190478941591,0.0
134,train_balanced_1000133,0.5788991268271504,0.5788991268271504,0.0,True,False,True,False,completed,1.0,1.0,0.0,1.0,0.0,0.42110087317284955,872.8999999999996,715.14581967889,22.05805555555555,d17fb47064bdfcb2,240,240,0,0.0,-872.8999999999996,-715.14581967889,-22.05805555555555,1.0,-0.42110087317284955,0.0
135,train_worker_bottleneck_1000134,0.4727387330601954,0.4727387330601954,0.0,True,False,True,False,completed,1.0,1.0,0.0,1.0,0.0,0.5272612669398046,1338.3999999999996,1336.3148448802806,11.46888888888889,d17fb47064bdfcb2,304,304,0,0.0,-1338.3999999999996,-1336.3148448802806,-11.468888888888893,1.0,-0.5272612669398046,0.0
136,train_balanced_1000135,0.5670541536716757,0.5670541536716756,0.0,True,False,True,False,completed,1.0,1.0,0.0,1.0,0.0,0.4329458463283244,916.2000000000002,785.437598324681,88.60472222222222,d17fb47064bdfcb2,257,257,0,0.0,-916.2000000000002,-785.437598324681,-88.60472222222222,1.0,-0.4329458463283244,0.0
137,train_fatigue_bottleneck_1000136,0.35500857937400165,0.35500857937400165,0.0,True,False,True,False,completed,1.0,1.0,0.0,1.0,0.0,0.6449914206259983,2180.2,3133.4656540335814,12.002499999999989,d17fb47064bdfcb2,410,410,0,0.0,-2180.2,-3133.4656540335814,-12.002499999999989,1.0,-0.6449914206259983,0.0
138,train_balanced_1000137,0.5595709955700627,0.559570995570063,0.0,True,False,True,False,completed,1.0,1.0,0.0,1.0,0.0,0.4404290044299371,944.5000000000003,890.7530077526701,40.85138888888891,d17fb47064bdfcb2,274,274,0,0.0,-944.5000000000003,-890.7530077526701,-40.85138888888891,1.0,-0.4404290044299371,0.0
139,train_easy_1000138,0.6973905968501188,0.6973905968501192,0.0,True,False,True,False,completed,1.0,1.0,0.0,1.0,0.0,0.30260940314988083,520.7,787.1036498027495,25.469166666666677,d17fb47064bdfcb2,200,200,0,0.0,-520.7,-787.1036498027495,-25.469166666666677,1.0,-0.30260940314988083,0.0
140,train_easy_1000139,0.6949672786239648,0.6949672786239648,0.0,True,False,True,False,completed,1.0,1.0,0.0,1.0,0.0,0.3050327213760352,526.7,393.90877075576986,19.004722222222224,d17fb47064bdfcb2,174,174,0,0.0,-526.7,-393.90877075576986,-19.004722222222227,1.0,-0.3050327213760352,0.0
141,train_balanced_1000140,0.6632765863365024,0.6632765863365023,0.0,True,False,True,False,completed,1.0,1.0,0.0,1.0,0.0,0.3367234136634977,609.1999999999999,392.87099333144994,28.336666666666662,d17fb47064bdfcb2,177,177,0,0.0,-609.1999999999999,-392.87099333144994,-28.336666666666662,1.0,-0.3367234136634977,0.0
142,train_high_arrival_pressure_1000141,0.47634169577643704,0.47634169577643704,0.0,True,False,True,False,completed,1.0,1.0,0.0,1.0,0.0,0.523658304223563,1319.2000000000005,1000.7702192748601,69.90250000000005,d17fb47064bdfcb2,258,258,0,0.0,-1319.2000000000005,-1000.7702192748601,-69.90250000000005,1.0,-0.523658304223563,0.0
143,train_easy_1000142,0.7178321469163129,0.7178321469163128,0.0,True,False,True,False,completed,1.0,1.0,0.0,1.0,0.0,0.2821678530836872,471.69999999999993,236.23083976682017,38.095555555555556,d17fb47064bdfcb2,153,153,0,0.0,-471.69999999999993,-236.23083976682017,-38.095555555555556,1.0,-0.2821678530836872,0.0
144,train_balanced_1000143,0.6071645415907709,0.607164541590771,0.0,True,False,True,False,completed,1.0,1.0,0.0,1.0,0.0,0.39283545840922895,776.4000000000002,521.43025042355,10.42888888888889,d17fb47064bdfcb2,211,211,0,0.0,-776.4000000000002,-521.43025042355,-10.42888888888889,1.0,-0.39283545840922895,0.0
145,train_machine_bottleneck_1000144,0.4870129870129871,0.4870129870129871,0.0,True,False,True,False,completed,1.0,1.0,0.0,1.0,0.0,0.5129870129870129,1263.9999999999998,818.6938153185,188.5825,d17fb47064bdfcb2,282,282,0,0.0,-1263.9999999999998,-818.6938153185,-188.5825,1.0,-0.5129870129870129,0.0
146,train_fatigue_bottleneck_1000145,0.43618916069935665,0.43618916069935665,0.0,True,False,True,False,completed,1.0,1.0,0.0,1.0,0.0,0.5638108393006434,1551.1000000000008,1866.6928812277731,11.138055555555546,d17fb47064bdfcb2,337,337,0,0.0,-1551.1000000000008,-1866.6928812277731,-11.138055555555544,1.0,-0.5638108393006434,0.0
147,train_balanced_1000146,0.6644886206323717,0.6644886206323717,0.0,True,False,True,False,completed,1.0,1.0,0.0,1.0,0.0,0.33551137936762826,605.9,354.0479048485698,9.978888888888887,d17fb47064bdfcb2,160,160,0,0.0,-605.9,-354.0479048485698,-9.978888888888887,1.0,-0.33551137936762826,0.0
148,train_balanced_1000147,0.6109979633401221,0.6109979633401224,0.0,True,False,True,False,completed,1.0,1.0,0.0,1.0,0.0,0.3890020366598777,763.9999999999998,625.1713373008598,81.84249999999999,d17fb47064bdfcb2,217,217,0,0.0,-763.9999999999998,-625.1713373008598,-81.84249999999999,1.0,-0.3890020366598777,0.0
149,train_easy_1000148,0.7168458781362007,0.7168458781362008,0.0,True,False,True,False,completed,1.0,1.0,0.0,1.0,0.0,0.28315412186379924,474.0,446.02530135870967,58.918055555555554,d17fb47064bdfcb2,157,157,0,0.0,-474.0,-446.02530135870967,-58.918055555555554,1.0,-0.28315412186379924,0.0
150,train_easy_1000149,0.7289958082741025,0.7289958082741024,0.0,True,False,True,False,completed,1.0,1.0,0.0,1.0,0.0,0.2710041917258976,446.10000000000014,336.8771071109701,28.50916666666667,d17fb47064bdfcb2,146,146,0,0.0,-446.10000000000014,-336.8771071109701,-28.50916666666667,1.0,-0.2710041917258976,0.0
151,train_machine_bottleneck_1000150,0.5200208008320334,0.5200208008320333,0.0,True,False,True,False,completed,1.0,1.0,0.0,1.0,0.0,0.47997919916796666,1107.6,747.8705838234304,46.9988888888889,d17fb47064bdfcb2,262,262,0,0.0,-1107.6,-747.8705838234304,-46.9988888888889,1.0,-0.47997919916796666,0.0
152,train_balanced_1000151,0.5440943096803446,0.5440943096803446,0.0,True,False,True,False,completed,1.0,1.0,0.0,1.0,0.0,0.4559056903196554,1005.5,836.2442696317497,108.34888888888885,d17fb47064bdfcb2,279,279,0,0.0,-1005.5,-836.2442696317497,-108.34888888888885,1.0,-0.4559056903196554,0.0
153,train_balanced_1000152,0.6007810153199158,0.6007810153199158,0.0,True,False,True,False,completed,1.0,1.0,0.0,1.0,0.0,0.39921898468008415,797.4000000000001,755.3002064412901,42.79888888888889,d17fb47064bdfcb2,241,241,0,0.0,-797.4000000000001,-755.3002064412901,-42.79888888888889,1.0,-0.39921898468008415,0.0
154,train_easy_1000153,0.7089265670230991,0.7089265670230993,0.0,True,False,True,False,completed,1.0,1.0,0.0,1.0,0.0,0.29107343297690075,492.70000000000005,450.05912653546017,35.285833333333336,d17fb47064bdfcb2,168,168,0,0.0,-492.70000000000005,-450.05912653546017,-35.285833333333336,1.0,-0.29107343297690075,0.0
155,train_reconfiguration_bottleneck_1000154,0.4515182300485383,0.4515182300485383,0.0,True,False,True,False,completed,1.0,1.0,0.0,1.0,0.0,0.5484817699514617,1457.7000000000003,2295.8535468183,9.548055555555555,d17fb47064bdfcb2,410,410,0,0.0,-1457.7000000000003,-2295.8535468183,-9.548055555555555,1.0,-0.5484817699514617,0.0
156,train_fatigue_bottleneck_1000155,0.4011767852366942,0.4011767852366942,0.0,True,False,True,False,completed,1.0,1.0,0.0,1.0,0.0,0.5988232147633058,1791.2000000000007,1928.6804964129299,46.03805555555555,d17fb47064bdfcb2,398,398,0,0.0,-1791.2000000000007,-1928.6804964129299,-46.03805555555556,1.0,-0.5988232147633058,0.0
157,train_reconfiguration_bottleneck_1000156,0.4642705149533797,0.4642705149533797,0.0,True,False,True,False,completed,1.0,1.0,0.0,1.0,0.0,0.5357294850466203,1384.6999999999996,1638.6948326313004,8.859166666666653,d17fb47064bdfcb2,390,390,0,0.0,-1384.6999999999996,-1638.6948326313004,-8.859166666666653,1.0,-0.5357294850466203,0.0
158,train_balanced_1000157,0.6290626965820926,0.6290626965820927,0.0,True,False,True,False,completed,1.0,1.0,0.0,1.0,0.0,0.37093730341790737,707.6000000000003,483.0021241612498,36.46583333333336,d17fb47064bdfcb2,200,200,0,0.0,-707.6000000000003,-483.0021241612498,-36.46583333333336,1.0,-0.37093730341790737,0.0
159,train_fatigue_bottleneck_1000158,0.41587246577716175,0.41587246577716175,0.0,True,False,True,False,completed,1.0,1.0,0.0,1.0,0.0,0.5841275342228383,1685.499999999999,1868.89148978392,3.60916666666667,d17fb47064bdfcb2,385,385,0,0.0,-1685.499999999999,-1868.89148978392,-3.609166666666667,1.0,-0.5841275342228383,0.0
160,train_easy_1000159,0.7029876977152902,0.70298769771529,0.0,True,False,True,False,completed,1.0,1.0,0.0,1.0,0.0,0.29701230228471004,507.00000000000006,372.17972312630985,13.011388888888888,d17fb47064bdfcb2,161,161,0,0.0,-507.00000000000006,-372.17972312630985,-13.011388888888888,1.0,-0.29701230228471004,0.0
161,train_reconfiguration_bottleneck_1000160,-0.015625,-0.015625,0.0,False,True,False,True,unrecoverable_deadlock,0.9375,0.9857142857142858,0.0,0.984375,0.0,1.0,1675.6999999999998,2311.886254627269,11.858055555555529,d17fb47064bdfcb2,404,404,0,0.0,-1675.6999999999998,-2311.886254627269,-11.858055555555529,0.984375,-1.0,0.0
162,train_machine_bottleneck_1000161,0.50733522174777,0.50733522174777,0.0,True,False,True,False,completed,1.0,1.0,0.0,1.0,0.0,0.49266477825223004,1165.2999999999997,815.0963698054404,168.6488888888889,d17fb47064bdfcb2,276,276,0,0.0,-1165.2999999999997,-815.0963698054404,-168.6488888888889,1.0,-0.49266477825223004,0.0
163,train_reconfiguration_bottleneck_1000162,0.42296711430686296,0.42296711430686296,0.0,True,False,True,False,completed,1.0,1.0,0.0,1.0,0.0,0.577032885693137,1637.0999999999992,3840.1593434079796,10.018055555555542,d17fb47064bdfcb2,434,434,0,0.0,-1637.0999999999992,-3840.1593434079796,-10.018055555555527,1.0,-0.577032885693137,0.0
164,train_reconfiguration_bottleneck_1000163,0.43418481800419717,0.43418481800419717,0.0,True,False,True,False,completed,1.0,1.0,0.0,1.0,0.0,0.5658151819958028,1563.7999999999997,1976.887241437169,10.478888888888866,d17fb47064bdfcb2,393,393,0,0.0,-1563.7999999999997,-1976.887241437169,-10.478888888888866,1.0,-0.5658151819958028,0.0
165,train_balanced_1000164,0.6441223832528181,0.6441223832528181,0.0,True,False,True,False,completed,1.0,1.0,0.0,1.0,0.0,0.3558776167471819,662.9999999999999,703.5832463968802,16.89888888888889,d17fb47064bdfcb2,200,200,0,0.0,-662.9999999999999,-703.5832463968802,-16.89888888888889,1.0,-0.3558776167471819,0.0
166,train_balanced_1000165,0.6206361520558572,0.6206361520558572,0.0,True,False,True,False,completed,1.0,1.0,0.0,1.0,0.0,0.37936384794414274,733.5,599.0836918508304,69.89250000000003,d17fb47064bdfcb2,215,215,0,0.0,-733.5,-599.0836918508304,-69.89250000000003,1.0,-0.37936384794414274,0.0
167,train_balanced_1000166,0.5782017924255567,0.5782017924255566,0.0,True,False,True,False,completed,1.0,1.0,0.0,1.0,0.0,0.4217982075744434,875.3999999999999,691.0218754297198,46.184722222222234,d17fb47064bdfcb2,241,241,0,0.0,-875.3999999999999,-691.0218754297198,-46.184722222222234,1.0,-0.4217982075744434,0.0
168,train_balanced_1000167,0.6199628022318662,0.6199628022318661,0.0,True,False,True,False,completed,1.0,1.0,0.0,1.0,0.0,0.38003719776813394,735.6,321.22226656461,33.62333333333334,d17fb47064bdfcb2,186,186,0,0.0,-735.6,-321.22226656461,-33.62333333333334,1.0,-0.38003719776813394,0.0
169,train_worker_bottleneck_1000168,0.4244031830238728,0.4244031830238728,0.0,True,False,True,False,completed,1.0,1.0,0.0,1.0,0.0,0.5755968169761272,1627.499999999999,1016.1903167879299,77.35222222222221,d17fb47064bdfcb2,297,297,0,0.0,-1627.499999999999,-1016.1903167879299,-77.35222222222221,1.0,-0.5755968169761272,0.0
170,train_balanced_1000169,0.6263701847792043,0.6263701847792046,0.0,True,False,True,False,completed,1.0,1.0,0.0,1.0,0.0,0.3736298152207954,715.8000000000001,724.3760297179995,50.258055555555565,d17fb47064bdfcb2,217,217,0,0.0,-715.8000000000001,-724.3760297179995,-50.258055555555565,1.0,-0.3736298152207954,0.0
171,train_reconfiguration_bottleneck_1000170,0.5027441451254766,0.5027441451254766,0.0,True,False,True,False,completed,1.0,1.0,0.0,1.0,0.0,0.49725585487452345,1186.8999999999999,1854.3212899276114,15.548888888888891,d17fb47064bdfcb2,381,381,0,0.0,-1186.8999999999999,-1854.3212899276114,-15.548888888888891,1.0,-0.49725585487452345,0.0
172,train_balanced_1000171,0.6498429546193002,0.6498429546193003,0.0,True,False,True,False,completed,1.0,1.0,0.0,1.0,0.0,0.3501570453806997,646.6000000000001,763.3193054710798,63.165555555555564,d17fb47064bdfcb2,197,197,0,0.0,-646.6000000000001,-763.3193054710798,-63.165555555555564,1.0,-0.3501570453806997,0.0
173,train_easy_1000172,0.6808124361738339,0.6808124361738341,0.0,True,False,True,False,completed,1.0,1.0,0.0,1.0,0.0,0.31918756382616587,562.6000000000001,525.6629861856702,22.21472222222222,d17fb47064bdfcb2,195,195,0,0.0,-562.6000000000001,-525.6629861856702,-22.21472222222222,1.0,-0.31918756382616587,0.0
174,train_reconfiguration_bottleneck_1000173,-0.012499999999999956,-0.012499999999999956,0.0,False,True,False,True,unrecoverable_deadlock,0.9375,0.9861111111111112,0.0,0.9875,0.0,1.0,1825.6000000000001,2862.443858459979,34.14916666666667,d17fb47064bdfcb2,391,391,0,0.0,-1825.6000000000001,-2862.443858459979,-34.14916666666667,0.9875,-1.0,0.0
175,train_balanced_1000174,0.5646793092089784,0.5646793092089784,0.0,True,False,True,False,completed,1.0,1.0,0.0,1.0,0.0,0.4353206907910216,925.1,665.4371616961802,61.91472222222223,d17fb47064bdfcb2,253,253,0,0.0,-925.1,-665.4371616961802,-61.91472222222223,1.0,-0.4353206907910216,0.0
176,train_balanced_1000175,0.6734384645603009,0.6734384645603009,0.0,True,False,True,False,completed,1.0,1.0,0.0,1.0,0.0,0.3265615354396991,581.8999999999999,412.3240622567601,23.94805555555556,d17fb47064bdfcb2,163,163,0,0.0,-581.8999999999999,-412.3240622567601,-23.94805555555556,1.0,-0.3265615354396991,0.0
177,train_reconfiguration_bottleneck_1000176,0.4244181933932234,0.4244181933932234,0.0,True,False,True,False,completed,1.0,1.0,0.0,1.0,0.0,0.5755818066067766,1627.4,1922.7661024034,4.551388888888899,d17fb47064bdfcb2,379,379,0,0.0,-1627.4,-1922.7661024034,-4.551388888888902,1.0,-0.5755818066067766,0.0
178,train_balanced_1000177,0.5755671734855388,0.575567173485539,0.0,True,False,True,False,completed,1.0,1.0,0.0,1.0,0.0,0.42443282651446107,884.8999999999997,960.6739203301396,51.51138888888889,d17fb47064bdfcb2,248,248,0,0.0,-884.8999999999997,-960.6739203301396,-51.51138888888889,1.0,-0.42443282651446107,0.0
179,train_fatigue_bottleneck_1000178,0.4508058153950185,0.4508058153950185,0.0,True,False,True,False,completed,1.0,1.0,0.0,1.0,0.0,0.5491941846049815,1461.9000000000005,1106.5996685740001,30.194722222222254,d17fb47064bdfcb2,330,330,0,0.0,-1461.9000000000005,-1106.5996685740001,-30.194722222222254,1.0,-0.5491941846049815,0.0
180,train_balanced_1000179,0.644364495516297,0.644364495516297,0.0,True,False,True,False,completed,1.0,1.0,0.0,1.0,0.0,0.35563550448370296,662.3000000000001,256.20616939167,9.708055555555555,d17fb47064bdfcb2,168,168,0,0.0,-662.3000000000001,-256.20616939167,-9.708055555555553,1.0,-0.35563550448370296,0.0
181,train_balanced_1000180,0.6536659766859136,0.6536659766859135,0.0,True,False,True,False,completed,1.0,1.0,0.0,1.0,0.0,0.34633402331408647,635.8,537.7983195874702,20.51,d17fb47064bdfcb2,175,175,0,0.0,-635.8,-537.7983195874702,-20.51,1.0,-0.34633402331408647,0.0
182,train_easy_1000181,0.7074220361964276,0.7074220361964276,0.0,True,False,True,False,completed,1.0,1.0,0.0,1.0,0.0,0.29257796380357237,496.2999999999999,312.75729118201,27.82138888888889,d17fb47064bdfcb2,156,156,0,0.0,-496.2999999999999,-312.75729118201,-27.82138888888889,1.0,-0.29257796380357237,0.0
183,train_worker_bottleneck_1000182,0.4456162501392551,0.4456162501392551,0.0,True,False,True,False,completed,1.0,1.0,0.0,1.0,0.0,0.5543837498607449,1492.8999999999996,999.0892895994696,44.30250000000001,d17fb47064bdfcb2,284,284,0,0.0,-1492.8999999999996,-999.0892895994696,-44.30250000000001,1.0,-0.5543837498607449,0.0
184,train_machine_bottleneck_1000183,0.4674171308378453,0.4674171308378453,0.0,True,False,True,False,completed,1.0,1.0,0.0,1.0,0.0,0.5325828691621547,1367.2999999999997,1069.947655636021,150.56222222222223,d17fb47064bdfcb2,302,302,0,0.0,-1367.2999999999997,-1069.947655636021,-150.56222222222223,1.0,-0.5325828691621547,0.0
185,train_easy_1000184,0.7167602436984832,0.716760243698483,0.0,True,False,True,False,completed,1.0,1.0,0.0,1.0,0.0,0.28323975630151704,474.1999999999999,512.2145421482802,71.34555555555555,d17fb47064bdfcb2,165,165,0,0.0,-474.1999999999999,-512.2145421482802,-71.34555555555555,1.0,-0.28323975630151704,0.0
186,train_easy_1000185,0.7114483903480171,0.7114483903480169,0.0,True,False,True,False,completed,1.0,1.0,0.0,1.0,0.0,0.2885516096519832,486.69999999999993,416.17918898006025,26.28916666666667,d17fb47064bdfcb2,164,164,0,0.0,-486.69999999999993,-416.17918898006025,-26.28916666666667,1.0,-0.2885516096519832,0.0
187,train_balanced_1000186,0.6518904823989571,0.651890482398957,0.0,True,False,True,False,completed,1.0,1.0,0.0,1.0,0.0,0.34810951760104303,640.8,591.4188035431902,63.58138888888888,d17fb47064bdfcb2,197,197,0,0.0,-640.8,-591.4188035431902,-63.58138888888888,1.0,-0.34810951760104303,0.0
188,train_reconfiguration_bottleneck_1000187,0.43741342859225785,0.43741342859225785,0.0,True,False,True,False,completed,1.0,1.0,0.0,1.0,0.0,0.5625865714077422,1543.3999999999996,2302.404405763229,19.381388888888893,d17fb47064bdfcb2,425,425,0,0.0,-1543.3999999999996,-2302.404405763229,-19.381388888888893,1.0,-0.5625865714077422,0.0
189,train_balanced_1000188,0.5716191111322823,0.5716191111322823,0.0,True,False,True,False,completed,1.0,1.0,0.0,1.0,0.0,0.42838088886771775,899.3,775.3878402556797,4.608055555555557,d17fb47064bdfcb2,267,267,0,0.0,-899.3,-775.3878402556797,-4.608055555555558,1.0,-0.42838088886771775,0.0
190,train_balanced_1000189,0.6349206349206349,0.6349206349206349,0.0,True,False,True,False,completed,1.0,1.0,0.0,1.0,0.0,0.3650793650793651,690.0000000000002,564.4804410309299,33.4288888888889,d17fb47064bdfcb2,203,203,0,0.0,-690.0000000000002,-564.4804410309299,-33.4288888888889,1.0,-0.3650793650793651,0.0
191,train_balanced_1000190,0.5780625270966808,0.578062527096681,0.0,True,False,True,False,completed,1.0,1.0,0.0,1.0,0.0,0.42193747290331896,875.8999999999997,790.6422436247606,57.76472222222222,d17fb47064bdfcb2,264,264,0,0.0,-875.8999999999997,-790.6422436247606,-57.76472222222222,1.0,-0.42193747290331896,0.0
192,train_balanced_1000191,0.5836008170411439,0.583600817041144,0.0,True,False,True,False,completed,1.0,1.0,0.0,1.0,0.0,0.41639918295885603,856.1999999999997,505.88937528849016,63.52916666666665,d17fb47064bdfcb2,228,228,0,0.0,-856.1999999999997,-505.88937528849016,-63.52916666666665,1.0,-0.41639918295885603,0.0
193,train_easy_1000192,0.7168887030288553,0.7168887030288548,0.0,True,False,True,False,completed,1.0,1.0,0.0,1.0,0.0,0.28311129697114523,473.90000000000003,404.23406350873,32.2388888888889,d17fb47064bdfcb2,159,159,0,0.0,-473.90000000000003,-404.23406350873,-32.2388888888889,1.0,-0.28311129697114523,0.0
194,train_high_arrival_pressure_1000193,0.4648100089088586,0.4648100089088586,0.0,True,False,True,False,completed,1.0,1.0,0.0,1.0,0.0,0.5351899910911414,1381.6999999999998,715.6106502877003,66.78472222222224,d17fb47064bdfcb2,265,265,0,0.0,-1381.6999999999998,-715.6106502877003,-66.78472222222224,1.0,-0.5351899910911414,0.0
195,train_easy_1000194,0.7171457598756945,0.7171457598756947,0.0,True,False,True,False,completed,1.0,1.0,0.0,1.0,0.0,0.28285424012430527,473.30000000000007,347.52442033519,39.66555555555554,d17fb47064bdfcb2,152,152,0,0.0,-473.30000000000007,-347.52442033519,-39.66555555555554,1.0,-0.28285424012430527,0.0
196,train_balanced_1000195,0.6175380815150269,0.6175380815150269,0.0,True,False,True,False,completed,1.0,1.0,0.0,1.0,0.0,0.3824619184849732,743.1999999999998,797.0774320258205,102.41333333333336,d17fb47064bdfcb2,230,230,0,0.0,-743.1999999999998,-797.0774320258205,-102.41333333333336,1.0,-0.3824619184849732,0.0
197,train_balanced_1000196,0.6235061831029829,0.6235061831029824,0.0,True,False,True,False,completed,1.0,1.0,0.0,1.0,0.0,0.3764938168970175,724.5999999999998,460.28320616899,6.57888888888889,d17fb47064bdfcb2,185,185,0,0.0,-724.5999999999998,-460.28320616899,-6.57888888888889,1.0,-0.3764938168970175,0.0
198,train_balanced_1000197,0.6457167455876022,0.6457167455876023,0.0,True,False,True,False,completed,1.0,1.0,0.0,1.0,0.0,0.3542832544123977,658.4000000000001,447.76637908606,23.099166666666672,d17fb47064bdfcb2,176,176,0,0.0,-658.4000000000001,-447.76637908606,-23.099166666666672,1.0,-0.3542832544123977,0.0
199,train_balanced_1000198,0.6236033882450761,0.6236033882450762,0.0,True,False,True,False,completed,1.0,1.0,0.0,1.0,0.0,0.37639661175492384,724.3,590.9817116728699,64.60222222222221,d17fb47064bdfcb2,223,223,0,0.0,-724.3,-590.9817116728699,-64.60222222222221,1.0,-0.37639661175492384,0.0
200,train_balanced_1000199,0.6186842647968653,0.6186842647968654,0.0,True,False,True,False,completed,1.0,1.0,0.0,1.0,0.0,0.38131573520313455,739.5999999999997,632.3296517720199,85.99222222222221,d17fb47064bdfcb2,208,208,0,0.0,-739.5999999999997,-632.3296517720199,-85.99222222222221,1.0,-0.38131573520313455,0.0
201,train_easy_1000200,0.7231093702922566,0.7231093702922567,0.0,True,False,True,False,completed,1.0,1.0,0.0,1.0,0.0,0.27689062970774325,459.4999999999999,358.33626856001996,17.14916666666667,d17fb47064bdfcb2,136,136,0,0.0,-459.4999999999999,-358.33626856001996,-17.14916666666667,1.0,-0.27689062970774325,0.0
202,train_easy_1000201,0.697147504792889,0.697147504792889,0.0,True,False,True,False,completed,1.0,1.0,0.0,1.0,0.0,0.30285249520711105,521.3000000000003,327.37107709754014,24.9788888888889,d17fb47064bdfcb2,149,149,0,0.0,-521.3000000000003,-327.37107709754014,-24.9788888888889,1.0,-0.30285249520711105,0.0
203,train_balanced_1000202,0.610593802472905,0.6105938024729051,0.0,True,False,True,False,completed,1.0,1.0,0.0,1.0,0.0,0.38940619752709493,765.2999999999997,518.1677508730601,18.931388888888893,d17fb47064bdfcb2,210,210,0,0.0,-765.2999999999997,-518.1677508730601,-18.931388888888893,1.0,-0.38940619752709493,0.0
204,train_fatigue_bottleneck_1000203,0.42002100105005247,0.42002100105005247,0.0,True,False,True,False,completed,1.0,1.0,0.0,1.0,0.0,0.5799789989499475,1657.0000000000005,1786.011424423971,20.128888888888905,d17fb47064bdfcb2,365,365,0,0.0,-1657.0000000000005,-1786.011424423971,-20.128888888888905,1.0,-0.5799789989499475,0.0
205,train_machine_bottleneck_1000204,0.4857906242409522,0.4857906242409522,0.0,True,False,True,False,completed,1.0,1.0,0.0,1.0,0.0,0.5142093757590478,1270.1999999999998,883.4948691923504,85.86888888888889,d17fb47064bdfcb2,303,303,0,0.0,-1270.1999999999998,-883.4948691923504,-85.86888888888889,1.0,-0.5142093757590478,0.0
206,train_easy_1000205,0.685048809727693,0.685048809727693,0.0,True,False,True,False,completed,1.0,1.0,0.0,1.0,0.0,0.31495119027230695,551.7000000000002,502.94312667324004,24.722222222222218,d17fb47064bdfcb2,186,186,0,0.0,-551.7000000000002,-502.94312667324004,-24.722222222222218,1.0,-0.31495119027230695,0.0
207,train_easy_1000206,0.7099751508697194,0.7099751508697195,0.0,True,False,True,False,completed,1.0,1.0,0.0,1.0,0.0,0.2900248491302805,490.2000000000001,277.68449883030996,14.0625,d17fb47064bdfcb2,151,151,0,0.0,-490.2000000000001,-277.68449883030996,-14.0625,1.0,-0.2900248491302805,0.0
208,train_balanced_1000207,0.6161745827984593,0.6161745827984595,0.0,True,False,True,False,completed,1.0,1.0,0.0,1.0,0.0,0.3838254172015405,747.5000000000001,774.1639297263404,56.964722222222235,d17fb47064bdfcb2,239,239,0,0.0,-747.5000000000001,-774.1639297263404,-56.964722222222235,1.0,-0.3838254172015405,0.0
209,train_balanced_1000208,0.6408202499198975,0.6408202499198974,0.0,True,False,True,False,completed,1.0,1.0,0.0,1.0,0.0,0.3591797500801026,672.6000000000003,467.79549644848987,55.71666666666666,d17fb47064bdfcb2,176,176,0,0.0,-672.6000000000003,-467.79549644848987,-55.71666666666666,1.0,-0.3591797500801026,0.0
210,train_balanced_1000209,0.6063362134303472,0.6063362134303472,0.0,True,False,True,False,completed,1.0,1.0,0.0,1.0,0.0,0.39366378656965284,779.1000000000001,653.0274184635997,64.40222222222222,d17fb47064bdfcb2,221,221,0,0.0,-779.1000000000001,-653.0274184635997,-64.40222222222222,1.0,-0.39366378656965284,0.0
211,train_high_arrival_pressure_1000210,0.4751910664079516,0.4751910664079516,0.0,True,False,True,False,completed,1.0,1.0,0.0,1.0,0.0,0.5248089335920484,1325.2999999999995,579.5957214696704,79.05555555555556,d17fb47064bdfcb2,249,249,0,0.0,-1325.2999999999995,-579.5957214696704,-79.05555555555556,1.0,-0.5248089335920484,0.0
212,train_balanced_1000211,-0.013333333333332975,-0.013333333333333308,0.0,False,True,False,True,unrecoverable_deadlock,0.9333333333333333,0.9830508474576272,0.0,0.9866666666666667,0.0,1.0,980.6,466.17499425728994,5.098055555555557,d17fb47064bdfcb2,192,192,0,0.0,-980.6,-466.17499425728994,-5.098055555555558,0.9866666666666667,-1.0,0.0
213,train_balanced_1000212,0.5746025665581305,0.5746025665581306,0.0,True,False,True,False,completed,1.0,1.0,0.0,1.0,0.0,0.4253974334418694,888.4000000000001,1203.2237405351095,109.54555555555554,d17fb47064bdfcb2,272,272,0,0.0,-888.4000000000001,-1203.2237405351095,-109.54555555555554,1.0,-0.4253974334418694,0.0
214,train_balanced_1000213,0.5467717683510276,0.5467717683510276,0.0,True,False,True,False,completed,1.0,1.0,0.0,1.0,0.0,0.45322823164897236,994.6999999999995,1101.51122611709,126.37805555555559,d17fb47064bdfcb2,287,287,0,0.0,-994.6999999999995,-1101.51122611709,-126.37805555555559,1.0,-0.45322823164897236,0.0
215,train_worker_bottleneck_1000214,0.4263180332528067,0.4263180332528067,0.0,True,False,True,False,completed,1.0,1.0,0.0,1.0,0.0,0.5736819667471933,1614.8000000000002,1630.2380356756596,5.438888888888893,d17fb47064bdfcb2,374,374,0,0.0,-1614.8000000000002,-1630.2380356756596,-5.438888888888892,1.0,-0.5736819667471933,0.0
216,train_balanced_1000215,0.6636434022785092,0.663643402278509,0.0,True,False,True,False,completed,1.0,1.0,0.0,1.0,0.0,0.33635659772149096,608.1999999999999,309.45120015142,10.21888888888889,d17fb47064bdfcb2,159,159,0,0.0,-608.1999999999999,-309.45120015142,-10.21888888888889,1.0,-0.33635659772149096,0.0
217,train_balanced_1000216,0.6277792309704422,0.6277792309704421,0.0,True,False,True,False,completed,1.0,1.0,0.0,1.0,0.0,0.3722207690295579,711.5000000000001,567.4138920451301,48.231388888888894,d17fb47064bdfcb2,193,193,0,0.0,-711.5000000000001,-567.4138920451301,-48.231388888888894,1.0,-0.3722207690295579,0.0
218,train_balanced_1000217,0.6177288170493151,0.6177288170493154,0.0,True,False,True,False,completed,1.0,1.0,0.0,1.0,0.0,0.3822711829506847,742.6,705.7938768292497,84.6255555555556,d17fb47064bdfcb2,213,213,0,0.0,-742.6,-705.7938768292497,-84.6255555555556,1.0,-0.3822711829506847,0.0
219,train_machine_bottleneck_1000218,0.4807499699531269,0.4807499699531269,0.0,True,False,True,False,completed,1.0,1.0,0.0,1.0,0.0,0.5192500300468731,1296.1,795.2655459396897,47.978888888888896,d17fb47064bdfcb2,279,279,0,0.0,-1296.1,-795.2655459396897,-47.978888888888896,1.0,-0.5192500300468731,0.0
220,train_easy_1000219,0.6920016146704342,0.6920016146704343,0.0,True,False,True,False,completed,1.0,1.0,0.0,1.0,0.0,0.3079983853295657,534.0999999999999,495.3917938399201,95.12555555555558,d17fb47064bdfcb2,184,184,0,0.0,-534.0999999999999,-495.3917938399201,-95.12555555555558,1.0,-0.3079983853295657,0.0
221,train_reconfiguration_bottleneck_1000220,0.49208562289838453,0.49208562289838453,0.0,True,False,True,False,completed,1.0,1.0,0.0,1.0,0.0,0.5079143771016155,1238.5999999999995,1394.0826125127808,0.32999999999999824,d17fb47064bdfcb2,349,349,0,0.0,-1238.5999999999995,-1394.0826125127808,-0.3299999999999983,1.0,-0.5079143771016155,0.0
222,train_reconfiguration_bottleneck_1000221,-0.06666666666666665,-0.06666666666666665,0.0,False,True,False,True,unrecoverable_deadlock,0.8333333333333334,0.9358974358974359,0.0,0.9333333333333333,0.0,1.0,2445.2999999999993,2720.5910275109018,14.24805555555555,d17fb47064bdfcb2,394,394,0,0.0,-2445.2999999999993,-2720.5910275109018,-14.24805555555555,0.9333333333333333,-1.0,0.0
223,train_high_arrival_pressure_1000222,0.4626595211473956,0.4626595211473956,0.0,True,False,True,False,completed,1.0,1.0,0.0,1.0,0.0,0.5373404788526044,1393.7,574.36172544647,87.77888888888891,d17fb47064bdfcb2,239,239,0,0.0,-1393.7,-574.36172544647,-87.77888888888893,1.0,-0.5373404788526044,0.0
224,train_balanced_1000223,0.6242846738112582,0.624284673811258,0.0,True,False,True,False,completed,1.0,1.0,0.0,1.0,0.0,0.3757153261887421,722.1999999999999,534.8165302378001,54.653333333333364,d17fb47064bdfcb2,210,210,0,0.0,-722.1999999999999,-534.8165302378001,-54.653333333333364,1.0,-0.3757153261887421,0.0
225,train_reconfiguration_bottleneck_1000224,-0.033333333333333326,-0.033333333333333326,0.0,False,True,False,True,unrecoverable_deadlock,0.9333333333333333,0.9692307692307692,0.0,0.9666666666666667,0.0,1.0,1588.1000000000006,2268.29522332704,14.992222222222225,d17fb47064bdfcb2,372,372,0,0.0,-1588.1000000000006,-2268.29522332704,-14.992222222222223,0.9666666666666667,-1.0,0.0
226,train_balanced_1000225,0.6832156684126625,0.6832156684126622,0.0,True,False,True,False,completed,1.0,1.0,0.0,1.0,0.0,0.31678433158733776,556.4000000000001,293.86807230305004,10.289166666666672,d17fb47064bdfcb2,159,159,0,0.0,-556.4000000000001,-293.86807230305004,-10.289166666666672,1.0,-0.31678433158733776,0.0
227,train_machine_bottleneck_1000226,0.4791949524798339,0.4791949524798339,0.0,True,False,True,False,completed,1.0,1.0,0.0,1.0,0.0,0.5208050475201661,1304.2,764.1571959766098,97.80000000000003,d17fb47064bdfcb2,269,269,0,0.0,-1304.2,-764.1571959766098,-97.80000000000003,1.0,-0.5208050475201661,0.0
228,train_balanced_1000227,0.6568504023208717,0.6568504023208714,0.0,True,False,True,False,completed,1.0,1.0,0.0,1.0,0.0,0.3431495976791286,626.9000000000001,640.9104212456997,124.81805555555553,d17fb47064bdfcb2,184,184,0,0.0,-626.9000000000001,-640.9104212456997,-124.81805555555553,1.0,-0.3431495976791286,0.0
229,train_fatigue_bottleneck_1000228,0.38338658146964855,0.38338658146964855,0.0,True,False,True,False,completed,1.0,1.0,0.0,1.0,0.0,0.6166134185303515,1930.0,1698.84805300471,2.321388888888892,d17fb47064bdfcb2,386,386,0,0.0,-1930.0,-1698.84805300471,-2.321388888888892,1.0,-0.6166134185303515,0.0
230,train_fatigue_bottleneck_1000229,0.42553191489361697,0.42553191489361697,0.0,True,False,True,False,completed,1.0,1.0,0.0,1.0,0.0,0.574468085106383,1620.0000000000005,3049.08149584977,4.825833333333335,d17fb47064bdfcb2,360,360,0,0.0,-1620.0000000000005,-3049.08149584977,-4.825833333333335,1.0,-0.574468085106383,0.0
231,train_high_arrival_pressure_1000230,0.43870873395971177,0.43870873395971177,0.0,True,False,True,False,completed,1.0,1.0,0.0,1.0,0.0,0.5612912660402882,1535.3000000000004,866.0819386949398,17.72472222222223,d17fb47064bdfcb2,278,278,0,0.0,-1535.3000000000004,-866.0819386949398,-17.72472222222223,1.0,-0.5612912660402882,0.0
232,train_easy_1000231,0.6867345770859565,0.6867345770859563,0.0,True,False,True,False,completed,1.0,1.0,0.0,1.0,0.0,0.3132654229140437,547.4,557.1051009936901,66.47472222222224,d17fb47064bdfcb2,189,189,0,0.0,-547.4,-557.1051009936901,-66.47472222222224,1.0,-0.3132654229140437,0.0
233,train_fatigue_bottleneck_1000232,0.35567147811138444,0.35567147811138444,0.0,True,False,True,False,completed,1.0,1.0,0.0,1.0,0.0,0.6443285218886156,2173.9,1572.65221915596,25.428888888888874,d17fb47064bdfcb2,376,376,0,0.0,-2173.9,-1572.65221915596,-25.428888888888874,1.0,-0.6443285218886156,0.0
234,train_balanced_1000233,0.6291616421118857,0.629161642111886,0.0,True,False,True,False,completed,1.0,1.0,0.0,1.0,0.0,0.370838357888114,707.2999999999998,692.4805561752697,54.0288888888889,d17fb47064bdfcb2,227,227,0,0.0,-707.2999999999998,-692.4805561752697,-54.0288888888889,1.0,-0.370838357888114,0.0
235,train_easy_1000234,0.7107741515133565,0.7107741515133565,0.0,True,False,True,False,completed,1.0,1.0,0.0,1.0,0.0,0.2892258484866434,488.30000000000007,292.76526298504,25.81555555555556,d17fb47064bdfcb2,152,152,0,0.0,-488.30000000000007,-292.76526298504,-25.81555555555556,1.0,-0.2892258484866434,0.0
236,train_balanced_1000235,0.557232412351985,0.5572324123519851,0.0,True,False,True,False,completed,1.0,1.0,0.0,1.0,0.0,0.44276758764801494,953.5000000000001,881.2864888825603,106.06888888888886,d17fb47064bdfcb2,288,288,0,0.0,-953.5000000000001,-881.2864888825603,-106.06888888888886,1.0,-0.44276758764801494,0.0
237,train_balanced_1000236,0.6395224898742273,0.6395224898742273,0.0,True,False,True,False,completed,1.0,1.0,0.0,1.0,0.0,0.36047751012577267,676.3999999999997,259.48494675571004,2.238055555555555,d17fb47064bdfcb2,167,167,0,0.0,-676.3999999999997,-259.48494675571004,-2.238055555555555,1.0,-0.36047751012577267,0.0
238,train_balanced_1000237,0.6074104069649725,0.6074104069649726,0.0,True,False,True,False,completed,1.0,1.0,0.0,1.0,0.0,0.3925895930350274,775.6,604.91447925833,83.25916666666667,d17fb47064bdfcb2,219,219,0,0.0,-775.6,-604.91447925833,-83.25916666666667,1.0,-0.3925895930350274,0.0
239,train_high_arrival_pressure_1000238,0.4486652209676214,0.4486652209676214,0.0,True,False,True,False,completed,1.0,1.0,0.0,1.0,0.0,0.5513347790323786,1474.6000000000001,502.50064757995995,10.196666666666667,d17fb47064bdfcb2,237,237,0,0.0,-1474.6000000000001,-502.50064757995995,-10.196666666666667,1.0,-0.5513347790323786,0.0
240,train_balanced_1000239,0.6126512482769183,0.6126512482769184,0.0,True,False,True,False,completed,1.0,1.0,0.0,1.0,0.0,0.3873487517230816,758.6999999999999,542.4400946553202,29.932500000000005,d17fb47064bdfcb2,212,212,0,0.0,-758.6999999999999,-542.4400946553202,-29.932500000000005,1.0,-0.3873487517230816,0.0
241,train_balanced_1000240,0.6446067898581864,0.6446067898581865,0.0,True,False,True,False,completed,1.0,1.0,0.0,1.0,0.0,0.35539321014181346,661.5999999999999,439.3858125460198,5.312222222222225,d17fb47064bdfcb2,171,171,0,0.0,-661.5999999999999,-439.3858125460198,-5.312222222222225,1.0,-0.35539321014181346,0.0
242,train_balanced_1000241,0.6365034742481299,0.6365034742481301,0.0,True,False,True,False,completed,1.0,1.0,0.0,1.0,0.0,0.3634965257518698,685.3000000000002,538.85468811751,40.802222222222234,d17fb47064bdfcb2,191,191,0,0.0,-685.3000000000002,-538.85468811751,-40.802222222222234,1.0,-0.3634965257518698,0.0
243,train_easy_1000242,0.7074220361964276,0.7074220361964275,0.0,True,False,True,False,completed,1.0,1.0,0.0,1.0,0.0,0.2925779638035725,496.30000000000007,427.87971378796976,12.829166666666667,d17fb47064bdfcb2,162,162,0,0.0,-496.30000000000007,-427.87971378796976,-12.829166666666667,1.0,-0.2925779638035725,0.0
244,train_worker_bottleneck_1000243,0.47374654559810503,0.47374654559810503,0.0,True,False,True,False,completed,1.0,1.0,0.0,1.0,0.0,0.526253454401895,1333.0,893.2731417326398,18.729166666666675,d17fb47064bdfcb2,300,300,0,0.0,-1333.0,-893.2731417326398,-18.729166666666675,1.0,-0.526253454401895,0.0
245,train_balanced_1000244,-0.014285714285714346,-0.014285714285714235,0.0,False,True,False,True,unrecoverable_deadlock,0.9285714285714286,0.9827586206896551,0.0,0.9857142857142858,0.0,1.0,1015.4,942.14063287393,125.96805555555557,d17fb47064bdfcb2,235,235,0,0.0,-1015.4,-942.14063287393,-125.96805555555557,0.9857142857142858,-1.0,0.0
246,train_balanced_1000245,-0.01538461538461533,-0.01538461538461533,0.0,False,True,False,True,unrecoverable_deadlock,0.9230769230769231,0.9818181818181818,0.0,0.9846153846153847,0.0,1.0,994.5999999999999,597.2253070502,40.46222222222223,d17fb47064bdfcb2,206,206,0,0.0,-994.5999999999999,-597.2253070502,-40.46222222222223,0.9846153846153847,-1.0,0.0
247,train_balanced_1000246,0.5831187132513731,0.5831187132513729,0.0,True,False,True,False,completed,1.0,1.0,0.0,1.0,0.0,0.4168812867486272,857.8999999999997,687.6826556143504,117.42555555555556,d17fb47064bdfcb2,238,238,0,0.0,-857.8999999999997,-687.6826556143504,-117.42555555555556,1.0,-0.4168812867486272,0.0
248,train_worker_bottleneck_1000247,0.4039044092898014,0.4039044092898014,0.0,True,False,True,False,completed,1.0,1.0,0.0,1.0,0.0,0.5960955907101986,1771.0,1901.6983782324326,10.76916666666665,d17fb47064bdfcb2,361,361,0,0.0,-1771.0,-1901.6983782324326,-10.76916666666665,1.0,-0.5960955907101986,0.0
249,train_balanced_1000248,0.5691519635742743,0.5691519635742743,0.0,True,False,True,False,completed,1.0,1.0,0.0,1.0,0.0,0.4308480364257257,908.4000000000003,543.5001049062801,19.608888888888888,d17fb47064bdfcb2,240,240,0,0.0,-908.4000000000003,-543.5001049062801,-19.608888888888888,1.0,-0.4308480364257257,0.0
250,train_worker_bottleneck_1000249,0.45257401470865555,0.45257401470865555,0.0,True,False,True,False,completed,1.0,1.0,0.0,1.0,0.0,0.5474259852913445,1451.4999999999995,1269.7162888891696,0.8547222222222195,d17fb47064bdfcb2,342,342,0,0.0,-1451.4999999999995,-1269.7162888891696,-0.8547222222222195,1.0,-0.5474259852913445,0.0
251,train_machine_bottleneck_1000250,0.5354752342704149,0.535475234270415,0.0,True,False,True,False,completed,1.0,1.0,0.0,1.0,0.0,0.46452476572958507,1041.0000000000002,812.86899918751,55.02000000000002,d17fb47064bdfcb2,242,242,0,0.0,-1041.0000000000002,-812.86899918751,-55.02000000000002,1.0,-0.46452476572958507,0.0
252,train_balanced_1000251,0.6872065055549196,0.6872065055549192,0.0,True,False,True,False,completed,1.0,1.0,0.0,1.0,0.0,0.31279349444508076,546.1999999999999,318.85555495868,2.2588888888888894,d17fb47064bdfcb2,149,149,0,0.0,-546.1999999999999,-318.85555495868,-2.258888888888889,1.0,-0.31279349444508076,0.0
253,train_machine_bottleneck_1000252,0.476549779595727,0.476549779595727,0.0,True,False,True,False,completed,1.0,1.0,0.0,1.0,0.0,0.523450220404273,1318.1,531.1056656125303,10.391388888888894,d17fb47064bdfcb2,272,272,0,0.0,-1318.1,-531.1056656125303,-10.391388888888894,1.0,-0.523450220404273,0.0
254,train_fatigue_bottleneck_1000253,0.41889203057911817,0.41889203057911817,0.0,True,False,True,False,completed,1.0,1.0,0.0,1.0,0.0,0.5811079694208818,1664.7,1244.7514380871894,39.51138888888891,d17fb47064bdfcb2,317,317,0,0.0,-1664.7,-1244.7514380871894,-39.51138888888891,1.0,-0.5811079694208818,0.0
255,train_worker_bottleneck_1000254,0.47658763255093506,0.47658763255093506,0.0,True,False,True,False,completed,1.0,1.0,0.0,1.0,0.0,0.5234123674490649,1317.9000000000008,1838.720791391692,10.07555555555557,d17fb47064bdfcb2,333,333,0,0.0,-1317.9000000000008,-1838.720791391692,-10.07555555555557,1.0,-0.5234123674490649,0.0
256,train_balanced_1000255,0.5986828976252244,0.5986828976252245,0.0,True,False,True,False,completed,1.0,1.0,0.0,1.0,0.0,0.40131710237477547,804.4,469.62729161706005,34.76555555555556,d17fb47064bdfcb2,225,225,0,0.0,-804.4,-469.62729161706005,-34.76555555555556,1.0,-0.40131710237477547,0.0
257,train_balanced_1000256,0.6120887528691659,0.612088752869166,0.0,True,False,True,False,completed,1.0,1.0,0.0,1.0,0.0,0.387911247130834,760.5000000000001,540.5314067782604,82.07222222222225,d17fb47064bdfcb2,227,227,0,0.0,-760.5000000000001,-540.5314067782604,-82.07222222222225,1.0,-0.387911247130834,0.0
258,train_easy_1000257,0.6868918145392102,0.6868918145392102,0.0,True,False,True,False,completed,1.0,1.0,0.0,1.0,0.0,0.31310818546078983,546.9999999999999,689.4942140061801,101.34555555555552,d17fb47064bdfcb2,192,192,0,0.0,-546.9999999999999,-689.4942140061801,-101.34555555555552,1.0,-0.31310818546078983,0.0
259,train_fatigue_bottleneck_1000258,0.35628395831477677,0.35628395831477677,0.0,True,False,True,False,completed,1.0,1.0,0.0,1.0,0.0,0.6437160416852232,2168.1000000000013,2354.3321228399413,7.738888888888893,d17fb47064bdfcb2,388,388,0,0.0,-2168.1000000000013,-2354.3321228399413,-7.7388888888888925,1.0,-0.6437160416852232,0.0
260,train_balanced_1000259,0.640751815463477,0.640751815463477,0.0,True,False,True,False,completed,1.0,1.0,0.0,1.0,0.0,0.35924818453652296,672.8000000000004,360.48127798217996,8.868055555555559,d17fb47064bdfcb2,178,178,0,0.0,-672.8000000000004,-360.48127798217996,-8.868055555555559,1.0,-0.35924818453652296,0.0
261,train_machine_bottleneck_1000260,0.5204493212473436,0.5204493212473436,0.0,True,False,True,False,completed,1.0,1.0,0.0,1.0,0.0,0.4795506787526565,1105.7000000000005,964.7232658591403,66.19666666666667,d17fb47064bdfcb2,265,265,0,0.0,-1105.7000000000005,-964.7232658591403,-66.19666666666667,1.0,-0.4795506787526565,0.0
262,train_balanced_1000261,0.6619228859837829,0.6619228859837829,0.0,True,False,True,False,completed,1.0,1.0,0.0,1.0,0.0,0.3380771140162171,612.9,427.29854657474004,42.6888888888889,d17fb47064bdfcb2,155,155,0,0.0,-612.9,-427.29854657474004,-42.6888888888889,1.0,-0.3380771140162171,0.0
263,train_easy_1000262,0.7308605883427735,0.7308605883427737,0.0,True,False,True,False,completed,1.0,1.0,0.0,1.0,0.0,0.2691394116572264,441.9,383.8385978062399,27.514722222222233,d17fb47064bdfcb2,144,144,0,0.0,-441.9,-383.8385978062399,-27.514722222222233,1.0,-0.2691394116572264,0.0
264,train_easy_1000263,0.6921213519437074,0.6921213519437075,0.0,True,False,True,False,completed,1.0,1.0,0.0,1.0,0.0,0.3078786480562925,533.8,463.3534039344803,32.73555555555555,d17fb47064bdfcb2,184,184,0,0.0,-533.8,-463.3534039344803,-32.73555555555555,1.0,-0.3078786480562925,0.0
265,train_balanced_1000264,0.6087662337662338,0.6087662337662338,0.0,True,False,True,False,completed,1.0,1.0,0.0,1.0,0.0,0.3912337662337661,771.1999999999997,494.3454427582398,20.258888888888887,d17fb47064bdfcb2,218,218,0,0.0,-771.1999999999997,-494.3454427582398,-20.258888888888887,1.0,-0.3912337662337661,0.0
266,train_balanced_1000265,0.5739155387632121,0.5739155387632121,0.0,True,False,True,False,completed,1.0,1.0,0.0,1.0,0.0,0.4260844612367879,890.8999999999997,664.94236349896,64.4313888888889,d17fb47064bdfcb2,261,261,0,0.0,-890.8999999999997,-664.94236349896,-64.4313888888889,1.0,-0.4260844612367879,0.0
267,train_fatigue_bottleneck_1000266,0.42046250875963553,0.42046250875963553,0.0,True,False,True,False,completed,1.0,1.0,0.0,1.0,0.0,0.5795374912403645,1654.0000000000002,2101.389068823208,5.078055555555557,d17fb47064bdfcb2,356,356,0,0.0,-1654.0000000000002,-2101.389068823208,-5.078055555555557,1.0,-0.5795374912403645,0.0
268,train_fatigue_bottleneck_1000267,0.40813550098632745,0.40813550098632745,0.0,True,False,True,False,completed,1.0,1.0,0.0,1.0,0.0,0.5918644990136726,1740.1999999999998,1237.9872602392797,12.884722222222244,d17fb47064bdfcb2,341,341,0,0.0,-1740.1999999999998,-1237.9872602392797,-12.884722222222244,1.0,-0.5918644990136726,0.0
269,train_balanced_1000268,0.5827505827505827,0.5827505827505828,0.0,True,False,True,False,completed,1.0,1.0,0.0,1.0,0.0,0.4172494172494173,859.1999999999999,762.1847094247796,72.24333333333335,d17fb47064bdfcb2,254,254,0,0.0,-859.1999999999999,-762.1847094247796,-72.24333333333335,1.0,-0.4172494172494173,0.0
270,train_balanced_1000269,0.5934424608080708,0.5934424608080708,0.0,True,False,True,False,completed,1.0,1.0,0.0,1.0,0.0,0.4065575391919292,822.1000000000001,626.4913128079698,11.44805555555555,d17fb47064bdfcb2,230,230,0,0.0,-822.1000000000001,-626.4913128079698,-11.44805555555555,1.0,-0.4065575391919292,0.0
271,train_fatigue_bottleneck_1000270,0.40076144674882275,0.40076144674882275,0.0,True,False,True,False,completed,1.0,1.0,0.0,1.0,0.0,0.5992385532511773,1794.3000000000002,2454.559119858991,3.368055555555559,d17fb47064bdfcb2,382,382,0,0.0,-1794.3000000000002,-2454.559119858991,-3.368055555555561,1.0,-0.5992385532511773,0.0
272,train_machine_bottleneck_1000271,0.5216937657594993,0.5216937657594993,0.0,True,False,True,False,completed,1.0,1.0,0.0,1.0,0.0,0.4783062342405007,1100.1999999999998,1143.461348419171,41.72805555555555,d17fb47064bdfcb2,281,281,0,0.0,-1100.1999999999998,-1143.461348419171,-41.72805555555555,1.0,-0.4783062342405007,0.0
273,train_fatigue_bottleneck_1000272,-0.014705882352941124,-0.014705882352941124,0.0,False,True,False,True,unrecoverable_deadlock,0.9411764705882353,0.9871794871794872,0.0,0.9852941176470589,0.0,1.0,2664.6999999999994,3760.9456226802636,3.5388888888888825,d17fb47064bdfcb2,465,465,0,0.0,-2664.6999999999994,-3760.9456226802636,-3.538888888888881,0.9852941176470589,-1.0,0.0
274,train_balanced_1000273,0.637788998139782,0.6377889981397821,0.0,True,False,True,False,completed,1.0,1.0,0.0,1.0,0.0,0.36221100186021793,681.5000000000001,383.33946950726,12.058888888888895,d17fb47064bdfcb2,173,173,0,0.0,-681.5000000000001,-383.33946950726,-12.058888888888895,1.0,-0.36221100186021793,0.0
275,train_balanced_1000274,0.5956517422813463,0.5956517422813463,0.0,True,False,True,False,completed,1.0,1.0,0.0,1.0,0.0,0.40434825771865374,814.5999999999997,766.2627727875301,45.714722222222235,d17fb47064bdfcb2,252,252,0,0.0,-814.5999999999997,-766.2627727875301,-45.714722222222235,1.0,-0.40434825771865374,0.0
276,train_balanced_1000275,0.6508298080052068,0.6508298080052066,0.0,True,False,True,False,completed,1.0,1.0,0.0,1.0,0.0,0.3491701919947933,643.8,234.30747999476992,18.8525,d17fb47064bdfcb2,157,157,0,0.0,-643.8,-234.30747999476992,-18.8525,1.0,-0.3491701919947933,0.0
277,train_balanced_1000276,0.6388755789809933,0.6388755789809935,0.0,True,False,True,False,completed,1.0,1.0,0.0,1.0,0.0,0.36112442101900655,678.3,570.8069878472401,67.70472222222223,d17fb47064bdfcb2,189,189,0,0.0,-678.3,-570.8069878472401,-67.70472222222223,1.0,-0.36112442101900655,0.0
278,train_machine_bottleneck_1000277,0.48529947021474495,0.48529947021474495,0.0,True,False,True,False,completed,1.0,1.0,0.0,1.0,0.0,0.514700529785255,1272.7,997.2571563007598,38.32472222222222,d17fb47064bdfcb2,282,282,0,0.0,-1272.7,-997.2571563007598,-38.32472222222222,1.0,-0.514700529785255,0.0
279,train_balanced_1000278,0.6475635421725756,0.6475635421725756,0.0,True,False,True,False,completed,1.0,1.0,0.0,1.0,0.0,0.35243645782742433,653.1,627.15167353273,15.778888888888886,d17fb47064bdfcb2,190,190,0,0.0,-653.1,-627.15167353273,-15.778888888888886,1.0,-0.35243645782742433,0.0
280,train_high_arrival_pressure_1000279,0.46310589688175363,0.46310589688175363,0.0,True,False,True,False,completed,1.0,1.0,0.0,1.0,0.0,0.5368941031182464,1391.2000000000003,1256.906508932,49.882222222222225,d17fb47064bdfcb2,298,298,0,0.0,-1391.2000000000003,-1256.906508932,-49.882222222222225,1.0,-0.5368941031182464,0.0
281,train_high_arrival_pressure_1000280,0.49786333651412673,0.49786333651412673,0.0,True,False,True,False,completed,1.0,1.0,0.0,1.0,0.0,0.5021366634858733,1210.3000000000004,587.3606073319097,59.39333333333334,d17fb47064bdfcb2,234,234,0,0.0,-1210.3000000000004,-587.3606073319097,-59.39333333333334,1.0,-0.5021366634858733,0.0
282,train_balanced_1000281,0.640546599765133,0.640546599765133,0.0,True,False,True,False,completed,1.0,1.0,0.0,1.0,0.0,0.35945340023486705,673.3999999999999,758.40331657366,60.580000000000005,d17fb47064bdfcb2,203,203,0,0.0,-673.3999999999999,-758.40331657366,-60.580000000000005,1.0,-0.35945340023486705,0.0
283,train_balanced_1000282,0.582807187955318,0.582807187955318,0.0,True,False,True,False,completed,1.0,1.0,0.0,1.0,0.0,0.41719281204468195,859.0000000000001,407.2305895769598,23.038888888888888,d17fb47064bdfcb2,211,211,0,0.0,-859.0000000000001,-407.2305895769598,-23.038888888888888,1.0,-0.41719281204468195,0.0
284,train_fatigue_bottleneck_1000283,0.38160656363289447,0.38160656363289447,0.0,True,False,True,False,completed,1.0,1.0,0.0,1.0,0.0,0.6183934363671055,1944.5999999999997,2189.898982550592,4.3613888888888885,d17fb47064bdfcb2,370,370,0,0.0,-1944.5999999999997,-2189.898982550592,-4.3613888888888885,1.0,-0.6183934363671055,0.0
285,train_balanced_1000284,0.5825525510947132,0.5825525510947134,0.0,True,False,True,False,completed,1.0,1.0,0.0,1.0,0.0,0.4174474489052867,859.8999999999999,810.9122788989899,150.96916666666667,d17fb47064bdfcb2,256,256,0,0.0,-859.8999999999999,-810.9122788989899,-150.96916666666667,1.0,-0.4174474489052867,0.0
286,train_balanced_1000285,0.6549860815457671,0.6549860815457671,0.0,True,False,True,False,completed,1.0,1.0,0.0,1.0,0.0,0.3450139184542329,632.1000000000003,637.1335485618999,27.44805555555557,d17fb47064bdfcb2,192,192,0,0.0,-632.1000000000003,-637.1335485618999,-27.44805555555557,1.0,-0.3450139184542329,0.0
287,train_easy_1000286,0.7200288011520459,0.7200288011520461,0.0,True,False,True,False,completed,1.0,1.0,0.0,1.0,0.0,0.2799711988479539,466.59999999999997,339.71412327976003,16.825555555555557,d17fb47064bdfcb2,157,157,0,0.0,-466.59999999999997,-339.71412327976003,-16.825555555555557,1.0,-0.2799711988479539,0.0
288,train_worker_bottleneck_1000287,0.4923480900997006,0.4923480900997006,0.0,True,False,True,False,completed,1.0,1.0,0.0,1.0,0.0,0.5076519099002994,1237.2999999999995,1053.1179714333296,73.65583333333333,d17fb47064bdfcb2,270,270,0,0.0,-1237.2999999999995,-1053.1179714333296,-73.65583333333333,1.0,-0.5076519099002994,0.0
289,train_high_arrival_pressure_1000288,0.44360652101585885,0.44360652101585885,0.0,True,False,True,False,completed,1.0,1.0,0.0,1.0,0.0,0.5563934789841412,1505.1000000000004,914.2831773949898,46.634722222222216,d17fb47064bdfcb2,310,310,0,0.0,-1505.1000000000004,-914.2831773949898,-46.634722222222216,1.0,-0.5563934789841412,0.0
290,train_high_arrival_pressure_1000289,0.4657300318248855,0.4657300318248855,0.0,True,False,True,False,completed,1.0,1.0,0.0,1.0,0.0,0.5342699681751145,1376.6000000000001,801.0476604767803,59.698888888888895,d17fb47064bdfcb2,268,268,0,0.0,-1376.6000000000001,-801.0476604767803,-59.698888888888895,1.0,-0.5342699681751145,0.0
291,train_reconfiguration_bottleneck_1000290,0.5035458016868783,0.5035458016868783,0.0,True,False,True,False,completed,1.0,1.0,0.0,1.0,0.0,0.4964541983131216,1183.1000000000004,2373.51678570167,31.942222222222224,d17fb47064bdfcb2,312,312,0,0.0,-1183.1000000000004,-2373.51678570167,-31.942222222222224,1.0,-0.4964541983131216,0.0
292,train_balanced_1000291,0.5758157389635317,0.5758157389635317,0.0,True,False,True,False,completed,1.0,1.0,0.0,1.0,0.0,0.42418426103646834,884.0,804.0763668231299,113.66250000000004,d17fb47064bdfcb2,252,252,0,0.0,-884.0,-804.0763668231299,-113.66250000000004,1.0,-0.42418426103646834,0.0
293,train_balanced_1000292,0.5663315871442733,0.5663315871442731,0.0,True,False,True,False,completed,1.0,1.0,0.0,1.0,0.0,0.43366841285572694,918.8999999999997,648.0505035359203,56.578055555555586,d17fb47064bdfcb2,241,241,0,0.0,-918.8999999999997,-648.0505035359203,-56.578055555555586,1.0,-0.43366841285572694,0.0
294,train_high_arrival_pressure_1000293,0.4846135207172281,0.4846135207172281,0.0,True,False,True,False,completed,1.0,1.0,0.0,1.0,0.0,0.5153864792827719,1276.2000000000003,856.8472433790802,77.3280555555556,d17fb47064bdfcb2,258,258,0,0.0,-1276.2000000000003,-856.8472433790802,-77.3280555555556,1.0,-0.5153864792827719,0.0
295,train_machine_bottleneck_1000294,0.45677743519470126,0.45677743519470126,0.0,True,False,True,False,completed,1.0,1.0,0.0,1.0,0.0,0.5432225648052987,1427.1000000000006,874.78526370358,57.7113888888889,d17fb47064bdfcb2,303,303,0,0.0,-1427.1000000000006,-874.78526370358,-57.7113888888889,1.0,-0.5432225648052987,0.0
296,train_high_arrival_pressure_1000295,0.40922111580957576,0.40922111580957576,0.0,True,False,True,False,completed,1.0,1.0,0.0,1.0,0.0,0.5907788841904242,1732.3999999999999,1275.5560385192402,36.23472222222221,d17fb47064bdfcb2,301,301,0,0.0,-1732.3999999999999,-1275.5560385192402,-36.23472222222221,1.0,-0.5907788841904242,0.0
297,train_machine_bottleneck_1000296,0.4542357483533954,0.4542357483533954,0.0,True,False,True,False,completed,1.0,1.0,0.0,1.0,0.0,0.5457642516466046,1441.7999999999995,1064.3805436208602,53.71888888888892,d17fb47064bdfcb2,293,293,0,0.0,-1441.7999999999995,-1064.3805436208602,-53.71888888888892,1.0,-0.5457642516466046,0.0
298,train_machine_bottleneck_1000297,0.4723479629994096,0.4723479629994096,0.0,True,False,True,False,completed,1.0,1.0,0.0,1.0,0.0,0.5276520370005904,1340.4999999999998,1276.2359623498205,101.98138888888884,d17fb47064bdfcb2,334,334,0,0.0,-1340.4999999999998,-1276.2359623498205,-101.98138888888884,1.0,-0.5276520370005904,0.0
299,train_machine_bottleneck_1000298,0.5133909472062976,0.5133909472062976,0.0,True,False,True,False,completed,1.0,1.0,0.0,1.0,0.0,0.48660905279370237,1137.4,869.5979606357197,89.96472222222224,d17fb47064bdfcb2,274,274,0,0.0,-1137.4,-869.5979606357197,-89.96472222222224,1.0,-0.48660905279370237,0.0
300,train_balanced_1000299,0.6347862886161659,0.6347862886161659,0.0,True,False,True,False,completed,1.0,1.0,0.0,1.0,0.0,0.36521371138383407,690.3999999999999,495.7661011425599,58.19222222222222,d17fb47064bdfcb2,196,196,0,0.0,-690.3999999999999,-495.7661011425599,-58.19222222222222,1.0,-0.36521371138383407,0.0
301,train_easy_1000300,0.697755552971276,0.6977555529712758,0.0,True,False,True,False,completed,1.0,1.0,0.0,1.0,0.0,0.3022444470287243,519.8,473.72431376871975,15.74472222222222,d17fb47064bdfcb2,178,178,0,0.0,-519.8,-473.72431376871975,-15.74472222222222,1.0,-0.3022444470287243,0.0
302,train_balanced_1000301,0.5949724825226831,0.5949724825226833,0.0,True,False,True,False,completed,1.0,1.0,0.0,1.0,0.0,0.4050275174773167,816.9000000000001,850.4973911559904,22.264722222222222,d17fb47064bdfcb2,251,251,0,0.0,-816.9000000000001,-850.4973911559904,-22.264722222222222,1.0,-0.4050275174773167,0.0
303,train_fatigue_bottleneck_1000302,0.3861252332839953,0.3861252332839953,0.0,True,False,True,False,completed,1.0,1.0,0.0,1.0,0.0,0.6138747667160047,1907.799999999999,1802.9816927126096,8.94555555555557,d17fb47064bdfcb2,409,409,0,0.0,-1907.799999999999,-1802.9816927126096,-8.945555555555574,1.0,-0.6138747667160047,0.0
304,train_machine_bottleneck_1000303,0.5024704798593083,0.5024704798593083,0.0,True,False,True,False,completed,1.0,1.0,0.0,1.0,0.0,0.4975295201406918,1188.2,794.0971446143301,70.72888888888892,d17fb47064bdfcb2,290,290,0,0.0,-1188.2,-794.0971446143301,-70.72888888888892,1.0,-0.4975295201406918,0.0
305,train_machine_bottleneck_1000304,0.5352363960749332,0.5352363960749331,0.0,True,False,True,False,completed,1.0,1.0,0.0,1.0,0.0,0.4647636039250669,1042.0,661.67315549122,34.38888888888889,d17fb47064bdfcb2,251,251,0,0.0,-1042.0,-661.67315549122,-34.38888888888889,1.0,-0.4647636039250669,0.0
306,train_fatigue_bottleneck_1000305,0.3971405877680697,0.3971405877680697,0.0,True,False,True,False,completed,1.0,1.0,0.0,1.0,0.0,0.6028594122319303,1821.6000000000015,2681.4751647508397,12.073333333333323,d17fb47064bdfcb2,399,399,0,0.0,-1821.6000000000015,-2681.4751647508397,-12.073333333333323,1.0,-0.6028594122319303,0.0
307,train_balanced_1000306,-0.014705882352941013,-0.014705882352941124,0.0,False,True,False,True,unrecoverable_deadlock,0.9411764705882353,0.9852941176470589,0.0,0.9852941176470589,0.0,1.0,1171.7000000000003,733.6397867195902,104.71805555555557,d17fb47064bdfcb2,260,260,0,0.0,-1171.7000000000003,-733.6397867195902,-104.71805555555557,0.9852941176470589,-1.0,0.0
308,train_balanced_1000307,0.620219144097581,0.6202191440975813,0.0,True,False,True,False,completed,1.0,1.0,0.0,1.0,0.0,0.3797808559024188,734.8000000000001,776.7460506905899,56.70555555555558,d17fb47064bdfcb2,212,212,0,0.0,-734.8000000000001,-776.7460506905899,-56.70555555555558,1.0,-0.3797808559024188,0.0
309,train_high_arrival_pressure_1000308,0.4591016910245621,0.4591016910245621,0.0,True,False,True,False,completed,1.0,1.0,0.0,1.0,0.0,0.5408983089754379,1413.8,977.7124783027302,128.36916666666664,d17fb47064bdfcb2,290,290,0,0.0,-1413.8,-977.7124783027302,-128.36916666666664,1.0,-0.5408983089754379,0.0
310,train_high_arrival_pressure_1000309,0.5203816131830009,0.5203816131830009,0.0,True,False,True,False,completed,1.0,1.0,0.0,1.0,0.0,0.4796183868169991,1106.0,425.70536213633017,16.63138888888889,d17fb47064bdfcb2,219,219,0,0.0,-1106.0,-425.70536213633017,-16.63138888888889,1.0,-0.4796183868169991,0.0
311,train_high_arrival_pressure_1000310,0.4446750166753132,0.4446750166753132,0.0,True,False,True,False,completed,1.0,1.0,0.0,1.0,0.0,0.5553249833246868,1498.6000000000001,1026.2323327934,126.14888888888889,d17fb47064bdfcb2,286,286,0,0.0,-1498.6000000000001,-1026.2323327934,-126.14888888888889,1.0,-0.5553249833246868,0.0
312,train_high_arrival_pressure_1000311,0.5011693952555965,0.5011693952555965,0.0,True,False,True,False,completed,1.0,1.0,0.0,1.0,0.0,0.4988306047444036,1194.3999999999999,820.2129031208098,34.11472222222222,d17fb47064bdfcb2,267,267,0,0.0,-1194.3999999999999,-820.2129031208098,-34.11472222222222,1.0,-0.4988306047444036,0.0
313,train_high_arrival_pressure_1000312,0.46574810789831156,0.46574810789831156,0.0,True,False,True,False,completed,1.0,1.0,0.0,1.0,0.0,0.5342518921016884,1376.5000000000005,657.404184844,76.89333333333335,d17fb47064bdfcb2,244,244,0,0.0,-1376.5000000000005,-657.404184844,-76.89333333333335,1.0,-0.5342518921016884,0.0
314,train_high_arrival_pressure_1000313,0.43549265106151336,0.43549265106151336,0.0,True,False,True,False,completed,1.0,1.0,0.0,1.0,0.0,0.5645073489384866,1555.5,660.2015556572397,74.99138888888892,d17fb47064bdfcb2,281,281,0,0.0,-1555.5,-660.2015556572397,-74.99138888888892,1.0,-0.5645073489384866,0.0
315,train_balanced_1000314,0.6529901507318931,0.6529901507318931,0.0,True,False,True,False,completed,1.0,1.0,0.0,1.0,0.0,0.3470098492681069,637.7000000000002,433.67962403565,27.102500000000006,d17fb47064bdfcb2,178,178,0,0.0,-637.7000000000002,-433.67962403565,-27.102500000000006,1.0,-0.3470098492681069,0.0
316,train_reconfiguration_bottleneck_1000315,0.44378698224852087,0.44378698224852087,0.0,True,False,True,False,completed,1.0,1.0,0.0,1.0,0.0,0.5562130177514791,1503.999999999999,1778.7795759846201,7.834722222222229,d17fb47064bdfcb2,391,391,0,0.0,-1503.999999999999,-1778.7795759846201,-7.834722222222229,1.0,-0.5562130177514791,0.0
317,train_fatigue_bottleneck_1000316,0.40827436037016873,0.40827436037016873,0.0,True,False,True,False,completed,1.0,1.0,0.0,1.0,0.0,0.5917256396298313,1739.1999999999998,1697.8116837003104,12.115833333333315,d17fb47064bdfcb2,377,377,0,0.0,-1739.1999999999998,-1697.8116837003104,-12.115833333333315,1.0,-0.5917256396298313,0.0
318,train_balanced_1000317,0.6039255158530448,0.6039255158530448,0.0,True,False,True,False,completed,1.0,1.0,0.0,1.0,0.0,0.3960744841469553,787.0000000000001,684.0428220603795,15.645833333333336,d17fb47064bdfcb2,219,219,0,0.0,-787.0000000000001,-684.0428220603795,-15.645833333333336,1.0,-0.3960744841469553,0.0
319,train_high_arrival_pressure_1000318,0.4832085044696788,0.4832085044696788,0.0,True,False,True,False,completed,1.0,1.0,0.0,1.0,0.0,0.5167914955303212,1283.3999999999994,694.9471827257303,30.08916666666667,d17fb47064bdfcb2,260,260,0,0.0,-1283.3999999999994,-694.9471827257303,-30.08916666666667,1.0,-0.5167914955303212,0.0
320,train_easy_1000319,0.7031936712569589,0.7031936712569586,0.0,True,False,True,False,completed,1.0,1.0,0.0,1.0,0.0,0.2968063287430413,506.49999999999994,320.4743670812701,28.771388888888893,d17fb47064bdfcb2,150,150,0,0.0,-506.49999999999994,-320.4743670812701,-28.771388888888886,1.0,-0.2968063287430413,0.0
321,train_balanced_1000320,0.6107181027024273,0.6107181027024275,0.0,True,False,True,False,completed,1.0,1.0,0.0,1.0,0.0,0.38928189729757245,764.9000000000003,745.9921890672201,36.646666666666675,d17fb47064bdfcb2,215,215,0,0.0,-764.9000000000003,-745.9921890672201,-36.646666666666675,1.0,-0.38928189729757245,0.0
322,train_balanced_1000321,0.6287989939216098,0.6287989939216099,0.0,True,False,True,False,completed,1.0,1.0,0.0,1.0,0.0,0.3712010060783902,708.4,827.11958175392,64.70333333333333,d17fb47064bdfcb2,232,232,0,0.0,-708.4,-827.11958175392,-64.70333333333333,1.0,-0.3712010060783902,0.0
323,train_fatigue_bottleneck_1000322,0.43321299638989164,0.43321299638989164,0.0,True,False,True,False,completed,1.0,1.0,0.0,1.0,0.0,0.5667870036101084,1570.000000000001,1554.7676962539092,11.012222222222233,d17fb47064bdfcb2,359,359,0,0.0,-1570.000000000001,-1554.7676962539092,-11.012222222222235,1.0,-0.5667870036101084,0.0
324,train_fatigue_bottleneck_1000323,0.43848430591588416,0.43848430591588416,0.0,True,False,True,False,completed,1.0,1.0,0.0,1.0,0.0,0.5615156940841158,1536.6999999999996,1133.2314316430407,36.1588888888889,d17fb47064bdfcb2,306,306,0,0.0,-1536.6999999999996,-1133.2314316430407,-36.1588888888889,1.0,-0.5615156940841158,0.0
325,train_easy_1000324,0.7010574282876674,0.7010574282876673,0.0,True,False,True,False,completed,1.0,1.0,0.0,1.0,0.0,0.29894257171233274,511.6999999999999,524.8351900133501,15.678888888888887,d17fb47064bdfcb2,166,166,0,0.0,-511.6999999999999,-524.8351900133501,-15.678888888888887,1.0,-0.29894257171233274,0.0
326,train_high_arrival_pressure_1000325,0.4639832966013223,0.4639832966013223,0.0,True,False,True,False,completed,1.0,1.0,0.0,1.0,0.0,0.5360167033986777,1386.3000000000002,766.54446431288,34.63222222222222,d17fb47064bdfcb2,271,271,0,0.0,-1386.3000000000002,-766.54446431288,-34.63222222222222,1.0,-0.5360167033986777,0.0
327,train_balanced_1000326,0.6384676775738227,0.638467677573823,0.0,True,False,True,False,completed,1.0,1.0,0.0,1.0,0.0,0.3615323224261771,679.5,471.37838469196004,6.313333333333335,d17fb47064bdfcb2,193,193,0,0.0,-679.5,-471.37838469196004,-6.313333333333335,1.0,-0.3615323224261771,0.0
328,train_easy_1000327,0.7138183332341919,0.7138183332341919,0.0,True,False,True,False,completed,1.0,1.0,0.0,1.0,0.0,0.2861816667658081,481.0999999999999,319.3772310026399,8.414722222222222,d17fb47064bdfcb2,154,154,0,0.0,-481.0999999999999,-319.3772310026399,-8.414722222222222,1.0,-0.2861816667658081,0.0
329,train_high_arrival_pressure_1000328,0.48758685140790703,0.48758685140790703,0.0,True,False,True,False,completed,1.0,1.0,0.0,1.0,0.0,0.512413148592093,1261.1000000000001,564.7944892034802,10.424722222222224,d17fb47064bdfcb2,239,239,0,0.0,-1261.1000000000001,-564.7944892034802,-10.424722222222224,1.0,-0.512413148592093,0.0
330,train_machine_bottleneck_1000329,0.44508734839212205,0.44508734839212205,0.0,True,False,True,False,completed,1.0,1.0,0.0,1.0,0.0,0.554912651607878,1496.1,883.6750803385298,49.82805555555557,d17fb47064bdfcb2,289,289,0,0.0,-1496.1,-883.6750803385298,-49.82805555555557,1.0,-0.554912651607878,0.0
331,train_machine_bottleneck_1000330,0.45470046606797754,0.45470046606797754,0.0,True,False,True,False,completed,1.0,1.0,0.0,1.0,0.0,0.5452995339320225,1439.1000000000008,558.2605639544299,103.07583333333338,d17fb47064bdfcb2,268,268,0,0.0,-1439.1000000000008,-558.2605639544299,-103.07583333333338,1.0,-0.5452995339320225,0.0
332,train_balanced_1000331,0.6545573555882838,0.6545573555882834,0.0,True,False,True,False,completed,1.0,1.0,0.0,1.0,0.0,0.34544264441171657,633.3000000000001,350.2269039568099,4.352222222222221,d17fb47064bdfcb2,162,162,0,0.0,-633.3000000000001,-350.2269039568099,-4.352222222222221,1.0,-0.34544264441171657,0.0
333,train_machine_bottleneck_1000332,0.49364432926076773,0.49364432926076773,0.0,True,False,True,False,completed,1.0,1.0,0.0,1.0,0.0,0.5063556707392323,1230.8999999999999,865.37990453769,36.168055555555554,d17fb47064bdfcb2,294,294,0,0.0,-1230.8999999999999,-865.37990453769,-36.168055555555554,1.0,-0.5063556707392323,0.0
334,train_balanced_1000333,0.5765350245027386,0.5765350245027385,0.0,True,False,True,False,completed,1.0,1.0,0.0,1.0,0.0,0.4234649754972615,881.4000000000003,760.0792644143097,73.42000000000002,d17fb47064bdfcb2,243,243,0,0.0,-881.4000000000003,-760.0792644143097,-73.42000000000002,1.0,-0.4234649754972615,0.0
335,train_machine_bottleneck_1000334,0.4678727386150967,0.4678727386150967,0.0,True,False,True,False,completed,1.0,1.0,0.0,1.0,0.0,0.5321272613849033,1364.8000000000002,804.6151040466403,91.09666666666665,d17fb47064bdfcb2,302,302,0,0.0,-1364.8000000000002,-804.6151040466403,-91.09666666666665,1.0,-0.5321272613849033,0.0
336,train_machine_bottleneck_1000335,0.49823541623417067,0.49823541623417067,0.0,True,False,True,False,completed,1.0,1.0,0.0,1.0,0.0,0.5017645837658293,1208.5,718.1493599996703,72.02805555555557,d17fb47064bdfcb2,249,249,0,0.0,-1208.5,-718.1493599996703,-72.02805555555557,1.0,-0.5017645837658293,0.0
337,train_fatigue_bottleneck_1000336,-0.025000000000000022,-0.025000000000000022,0.0,False,True,False,True,unrecoverable_deadlock,0.9375,0.9722222222222222,0.0,0.975,0.0,1.0,2002.1000000000001,2124.849591954419,9.488888888888892,d17fb47064bdfcb2,413,413,0,0.0,-2002.1000000000001,-2124.849591954419,-9.48888888888889,0.975,-1.0,0.0
338,train_machine_bottleneck_1000337,0.4895761086858962,0.4895761086858962,0.0,True,False,True,False,completed,1.0,1.0,0.0,1.0,0.0,0.5104238913141038,1251.0999999999997,858.3064924030607,25.974722222222226,d17fb47064bdfcb2,275,275,0,0.0,-1251.0999999999997,-858.3064924030607,-25.974722222222226,1.0,-0.5104238913141038,0.0
339,train_balanced_1000338,0.5694220366328178,0.5694220366328178,0.0,True,False,True,False,completed,1.0,1.0,0.0,1.0,0.0,0.4305779633671823,907.4,727.2488550049201,30.81805555555556,d17fb47064bdfcb2,251,251,0,0.0,-907.4,-727.2488550049201,-30.81805555555556,1.0,-0.4305779633671823,0.0
340,train_easy_1000339,0.7120816520294329,0.7120816520294326,0.0,True,False,True,False,completed,1.0,1.0,0.0,1.0,0.0,0.2879183479705673,485.20000000000005,565.3784836337098,11.45916666666667,d17fb47064bdfcb2,163,163,0,0.0,-485.20000000000005,-565.3784836337098,-11.45916666666667,1.0,-0.2879183479705673,0.0
341,train_balanced_1000340,0.6737787759685567,0.673778775968557,0.0,True,False,True,False,completed,1.0,1.0,0.0,1.0,0.0,0.326221224031443,581.0,552.3928546743101,15.735555555555555,d17fb47064bdfcb2,158,158,0,0.0,-581.0,-552.3928546743101,-15.735555555555555,1.0,-0.326221224031443,0.0
342,train_fatigue_bottleneck_1000341,0.4384522635098105,0.4384522635098105,0.0,True,False,True,False,completed,1.0,1.0,0.0,1.0,0.0,0.5615477364901895,1536.9000000000003,1378.236042819819,2.600000000000004,d17fb47064bdfcb2,339,339,0,0.0,-1536.9000000000003,-1378.236042819819,-2.600000000000004,1.0,-0.5615477364901895,0.0
343,train_easy_1000342,0.6952088523260531,0.6952088523260529,0.0,True,False,True,False,completed,1.0,1.0,0.0,1.0,0.0,0.3047911476739471,526.1000000000001,353.80676872671006,2.351388888888889,d17fb47064bdfcb2,164,164,0,0.0,-526.1000000000001,-353.80676872671006,-2.351388888888889,1.0,-0.3047911476739471,0.0
344,train_worker_bottleneck_1000343,0.3971405877680698,0.3971405877680698,0.0,True,False,True,False,completed,1.0,1.0,0.0,1.0,0.0,0.6028594122319302,1821.6000000000004,1541.5951239795108,6.081388888888899,d17fb47064bdfcb2,372,372,0,0.0,-1821.6000000000004,-1541.5951239795108,-6.0813888888889,1.0,-0.6028594122319302,0.0
345,train_balanced_1000344,0.546075085324232,0.546075085324232,0.0,True,False,True,False,completed,1.0,1.0,0.0,1.0,0.0,0.45392491467576795,997.5000000000001,832.5480146893101,42.45555555555553,d17fb47064bdfcb2,267,267,0,0.0,-997.5000000000001,-832.5480146893101,-42.45555555555553,1.0,-0.45392491467576795,0.0
346,train_balanced_1000345,0.6374840628984275,0.6374840628984275,0.0,True,False,True,False,completed,1.0,1.0,0.0,1.0,0.0,0.3625159371015725,682.4000000000001,552.6416506478002,65.9188888888889,d17fb47064bdfcb2,199,199,0,0.0,-682.4000000000001,-552.6416506478002,-65.9188888888889,1.0,-0.3625159371015725,0.0
347,train_balanced_1000346,0.5746300818847868,0.5746300818847867,0.0,True,False,True,False,completed,1.0,1.0,0.0,1.0,0.0,0.4253699181152133,888.3,482.8356159644502,49.918055555555554,d17fb47064bdfcb2,240,240,0,0.0,-888.3,-482.8356159644502,-49.918055555555554,1.0,-0.4253699181152133,0.0
348,train_fatigue_bottleneck_1000347,0.38278732973938556,0.38278732973938556,0.0,True,False,True,False,completed,1.0,1.0,0.0,1.0,0.0,0.6172126702606144,1934.8999999999999,1326.10794622462,7.288055555555551,d17fb47064bdfcb2,331,331,0,0.0,-1934.8999999999999,-1326.10794622462,-7.288055555555549,1.0,-0.6172126702606144,0.0
349,train_worker_bottleneck_1000348,0.4492699363534257,0.4492699363534257,0.0,True,False,True,False,completed,1.0,1.0,0.0,1.0,0.0,0.5507300636465743,1470.9999999999998,990.9787533634392,57.155555555555566,d17fb47064bdfcb2,288,288,0,0.0,-1470.9999999999998,-990.9787533634392,-57.155555555555566,1.0,-0.5507300636465743,0.0
350,train_balanced_1000349,0.5699629524080936,0.5699629524080935,0.0,True,False,True,False,completed,1.0,1.0,0.0,1.0,0.0,0.43003704759190653,905.4000000000001,829.3421456437904,88.65916666666669,d17fb47064bdfcb2,268,268,0,0.0,-905.4000000000001,-829.3421456437904,-88.65916666666669,1.0,-0.43003704759190653,0.0
351,train_fatigue_bottleneck_1000350,0.42640892616018755,0.42640892616018755,0.0,True,False,True,False,completed,1.0,1.0,0.0,1.0,0.0,0.5735910738398124,1614.2000000000007,2229.3452017136706,2.0155555555555567,d17fb47064bdfcb2,350,350,0,0.0,-1614.2000000000007,-2229.3452017136706,-2.0155555555555558,1.0,-0.5735910738398124,0.0
352,train_high_arrival_pressure_1000351,0.49831817615547525,0.49831817615547525,0.0,True,False,True,False,completed,1.0,1.0,0.0,1.0,0.0,0.5016818238445248,1208.1,559.8146585375999,50.28222222222223,d17fb47064bdfcb2,244,244,0,0.0,-1208.1,-559.8146585375999,-50.28222222222223,1.0,-0.5016818238445248,0.0
353,train_reconfiguration_bottleneck_1000352,0.41300980898296336,0.41300980898296336,0.0,True,False,True,False,completed,1.0,1.0,0.0,1.0,0.0,0.5869901910170366,1705.5000000000007,2624.3607394446976,9.824722222222208,d17fb47064bdfcb2,408,408,0,0.0,-1705.5000000000007,-2624.3607394446976,-9.824722222222206,1.0,-0.5869901910170366,0.0
354,train_fatigue_bottleneck_1000353,0.4142216085605799,0.4142216085605799,0.0,True,False,True,False,completed,1.0,1.0,0.0,1.0,0.0,0.5857783914394201,1697.0,1736.7808250846206,2.998888888888889,d17fb47064bdfcb2,351,351,0,0.0,-1697.0,-1736.7808250846206,-2.998888888888889,1.0,-0.5857783914394201,0.0
355,train_easy_1000354,0.6894174422612892,0.6894174422612891,0.0,True,False,True,False,completed,1.0,1.0,0.0,1.0,0.0,0.31058255773871085,540.6000000000003,377.53742677350016,24.12888888888889,d17fb47064bdfcb2,168,168,0,0.0,-540.6000000000003,-377.53742677350016,-24.12888888888889,1.0,-0.31058255773871085,0.0
356,train_balanced_1000355,0.6369426751592357,0.6369426751592355,0.0,True,False,True,False,completed,1.0,1.0,0.0,1.0,0.0,0.3630573248407644,684.0000000000002,584.86703457969,55.632222222222225,d17fb47064bdfcb2,196,196,0,0.0,-684.0000000000002,-584.86703457969,-55.63222222222223,1.0,-0.3630573248407644,0.0
357,train_worker_bottleneck_1000356,0.4413387274733357,0.4413387274733357,0.0,True,False,True,False,completed,1.0,1.0,0.0,1.0,0.0,0.5586612725266643,1519.0000000000002,1014.5191327562809,6.015555555555555,d17fb47064bdfcb2,291,291,0,0.0,-1519.0000000000002,-1014.5191327562809,-6.015555555555555,1.0,-0.5586612725266643,0.0
358,train_worker_bottleneck_1000357,0.47097609796302853,0.47097609796302853,0.0,True,False,True,False,completed,1.0,1.0,0.0,1.0,0.0,0.5290239020369715,1347.8999999999994,961.4185155000997,54.07888888888891,d17fb47064bdfcb2,276,276,0,0.0,-1347.8999999999994,-961.4185155000997,-54.07888888888891,1.0,-0.5290239020369715,0.0
359,train_machine_bottleneck_1000358,0.46690790241624824,0.46690790241624824,0.0,True,False,True,False,completed,1.0,1.0,0.0,1.0,0.0,0.5330920975837518,1370.1000000000008,750.8999673942099,58.682222222222244,d17fb47064bdfcb2,286,286,0,0.0,-1370.1000000000008,-750.8999673942099,-58.682222222222244,1.0,-0.5330920975837518,0.0
360,train_balanced_1000359,0.5878894767783656,0.5878894767783658,0.0,True,False,True,False,completed,1.0,1.0,0.0,1.0,0.0,0.4121105232216343,841.1999999999999,682.7677466002299,122.75472222222221,d17fb47064bdfcb2,246,246,0,0.0,-841.1999999999999,-682.7677466002299,-122.75472222222221,1.0,-0.4121105232216343,0.0
361,train_fatigue_bottleneck_1000360,0.46745354680378626,0.46745354680378626,0.0,True,False,True,False,completed,1.0,1.0,0.0,1.0,0.0,0.5325464531962137,1367.1000000000004,924.5782329138996,21.273333333333344,d17fb47064bdfcb2,277,277,0,0.0,-1367.1000000000004,-924.5782329138996,-21.273333333333344,1.0,-0.5325464531962137,0.0
362,train_easy_1000361,0.7057578074457447,0.7057578074457449,0.0,True,False,True,False,completed,1.0,1.0,0.0,1.0,0.0,0.2942421925542551,500.29999999999995,488.83584179770025,15.728888888888896,d17fb47064bdfcb2,175,175,0,0.0,-500.29999999999995,-488.83584179770025,-15.728888888888896,1.0,-0.2942421925542551,0.0
363,train_fatigue_bottleneck_1000362,0.34626038781163426,0.34626038781163426,0.0,True,False,True,False,completed,1.0,1.0,0.0,1.0,0.0,0.6537396121883657,2265.600000000001,2598.8385777288127,5.138888888888897,d17fb47064bdfcb2,415,415,0,0.0,-2265.600000000001,-2598.8385777288127,-5.138888888888898,1.0,-0.6537396121883657,0.0
364,train_worker_bottleneck_1000363,0.44802867383512535,0.44802867383512535,0.0,True,False,True,False,completed,1.0,1.0,0.0,1.0,0.0,0.5519713261648747,1478.4000000000005,927.5944554276103,30.151388888888903,d17fb47064bdfcb2,280,280,0,0.0,-1478.4000000000005,-927.5944554276103,-30.151388888888903,1.0,-0.5519713261648747,0.0
365,train_worker_bottleneck_1000364,0.39095588714406737,0.39095588714406737,0.0,True,False,True,False,completed,1.0,1.0,0.0,1.0,0.0,0.6090441128559326,1869.4,1057.67887291525,68.22472222222224,d17fb47064bdfcb2,333,333,0,0.0,-1869.4,-1057.67887291525,-68.22472222222224,1.0,-0.6090441128559326,0.0
366,train_reconfiguration_bottleneck_1000365,-0.012500000000000067,-0.012499999999999956,0.0,False,True,False,True,unrecoverable_deadlock,0.9375,0.9859154929577465,0.0,0.9875,0.0,1.0,1393.8999999999996,1264.44448591431,39.31333333333334,d17fb47064bdfcb2,296,296,0,0.0,-1393.8999999999996,-1264.44448591431,-39.313333333333325,0.9875,-1.0,0.0
367,train_balanced_1000366,0.6433626420759169,0.6433626420759169,0.0,True,False,True,False,completed,1.0,1.0,0.0,1.0,0.0,0.35663735792408313,665.1999999999998,527.9146255559499,26.986666666666682,d17fb47064bdfcb2,196,196,0,0.0,-665.1999999999998,-527.9146255559499,-26.986666666666682,1.0,-0.35663735792408313,0.0
368,train_machine_bottleneck_1000367,0.4795204795204795,0.4795204795204795,0.0,True,False,True,False,completed,1.0,1.0,0.0,1.0,0.0,0.5204795204795205,1302.5000000000005,1049.13782784867,102.38583333333338,d17fb47064bdfcb2,316,316,0,0.0,-1302.5000000000005,-1049.13782784867,-102.38583333333338,1.0,-0.5204795204795205,0.0
369,train_high_arrival_pressure_1000368,0.42690953075527416,0.42690953075527416,0.0,True,False,True,False,completed,1.0,1.0,0.0,1.0,0.0,0.5730904692447258,1610.8999999999996,636.2224826532705,84.10555555555557,d17fb47064bdfcb2,267,267,0,0.0,-1610.8999999999996,-636.2224826532705,-84.10555555555557,1.0,-0.5730904692447258,0.0
370,train_machine_bottleneck_1000369,0.43604651162790686,0.43604651162790686,0.0,True,False,True,False,completed,1.0,1.0,0.0,1.0,0.0,0.5639534883720931,1552.0000000000002,1585.5235650247798,29.552222222222213,d17fb47064bdfcb2,321,321,0,0.0,-1552.0000000000002,-1585.5235650247798,-29.552222222222213,1.0,-0.5639534883720931,0.0
371,train_worker_bottleneck_1000370,0.4420866489832007,0.4420866489832007,0.0,True,False,True,False,completed,1.0,1.0,0.0,1.0,0.0,0.5579133510167993,1514.4000000000003,1224.9399118998097,8.499166666666666,d17fb47064bdfcb2,306,306,0,0.0,-1514.4000000000003,-1224.9399118998097,-8.499166666666666,1.0,-0.5579133510167993,0.0
372,train_fatigue_bottleneck_1000371,0.4571951080123443,0.4571951080123443,0.0,True,False,True,False,completed,1.0,1.0,0.0,1.0,0.0,0.5428048919876557,1424.6999999999998,905.3079688380298,47.76888888888891,d17fb47064bdfcb2,281,281,0,0.0,-1424.6999999999998,-905.3079688380298,-47.76888888888891,1.0,-0.5428048919876557,0.0
373,train_reconfiguration_bottleneck_1000372,0.47873613659937764,0.47873613659937764,0.0,True,False,True,False,completed,1.0,1.0,0.0,1.0,0.0,0.5212638634006224,1306.6000000000001,1958.0709856452588,18.49805555555557,d17fb47064bdfcb2,391,391,0,0.0,-1306.6000000000001,-1958.0709856452588,-18.49805555555557,1.0,-0.5212638634006224,0.0
374,train_balanced_1000373,0.5990415335463259,0.599041533546326,0.0,True,False,True,False,completed,1.0,1.0,0.0,1.0,0.0,0.40095846645367395,803.1999999999996,616.3557717176898,43.37888888888889,d17fb47064bdfcb2,243,243,0,0.0,-803.1999999999996,-616.3557717176898,-43.37888888888889,1.0,-0.40095846645367395,0.0
375,train_balanced_1000374,0.6222130042517888,0.6222130042517888,0.0,True,False,True,False,completed,1.0,1.0,0.0,1.0,0.0,0.3777869957482112,728.6,698.6181190481105,93.90555555555557,d17fb47064bdfcb2,215,215,0,0.0,-728.6,-698.6181190481105,-93.90555555555557,1.0,-0.3777869957482112,0.0
376,train_fatigue_bottleneck_1000375,0.4180602006688964,0.4180602006688964,0.0,True,False,True,False,completed,1.0,1.0,0.0,1.0,0.0,0.5819397993311036,1670.4000000000003,937.55883707547,31.175555555555547,d17fb47064bdfcb2,307,307,0,0.0,-1670.4000000000003,-937.55883707547,-31.175555555555547,1.0,-0.5819397993311036,0.0
377,train_fatigue_bottleneck_1000376,0.4850052542235873,0.4850052542235873,0.0,True,False,True,False,completed,1.0,1.0,0.0,1.0,0.0,0.5149947457764127,1274.2,1216.1168554628193,11.05805555555556,d17fb47064bdfcb2,309,309,0,0.0,-1274.2,-1216.1168554628193,-11.058055555555558,1.0,-0.5149947457764127,0.0
378,train_machine_bottleneck_1000377,0.45490731263505046,0.45490731263505046,0.0,True,False,True,False,completed,1.0,1.0,0.0,1.0,0.0,0.5450926873649495,1437.9000000000005,999.3808562890398,133.24888888888896,d17fb47064bdfcb2,324,324,0,0.0,-1437.9000000000005,-999.3808562890398,-133.24888888888896,1.0,-0.5450926873649495,0.0
379,train_balanced_1000378,0.5959179619605703,0.5959179619605703,0.0,True,False,True,False,completed,1.0,1.0,0.0,1.0,0.0,0.4040820380394297,813.6999999999997,964.3876270167103,58.04666666666668,d17fb47064bdfcb2,254,254,0,0.0,-813.6999999999997,-964.3876270167103,-58.04666666666668,1.0,-0.4040820380394297,0.0
380,train_fatigue_bottleneck_1000379,0.4263331793796852,0.4263331793796852,0.0,True,False,True,False,completed,1.0,1.0,0.0,1.0,0.0,0.5736668206203148,1614.7,1797.964065813472,19.599166666666676,d17fb47064bdfcb2,342,342,0,0.0,-1614.7,-1797.964065813472,-19.599166666666676,1.0,-0.5736668206203148,0.0
381,train_balanced_1000380,0.5538120731031937,0.5538120731031937,0.0,True,False,True,False,completed,1.0,1.0,0.0,1.0,0.0,0.44618792689680636,966.8000000000002,850.8240834491104,17.41,d17fb47064bdfcb2,267,267,0,0.0,-966.8000000000002,-850.8240834491104,-17.41,1.0,-0.44618792689680636,0.0
382,train_balanced_1000381,0.5485463521667582,0.5485463521667582,0.0,True,False,True,False,completed,1.0,1.0,0.0,1.0,0.0,0.4514536478332419,987.5999999999997,1165.41526435483,110.52888888888884,d17fb47064bdfcb2,309,309,0,0.0,-987.5999999999997,-1165.41526435483,-110.52888888888884,1.0,-0.4514536478332419,0.0
383,train_balanced_1000382,0.6079643327591449,0.6079643327591449,0.0,True,False,True,False,completed,1.0,1.0,0.0,1.0,0.0,0.3920356672408552,773.8,627.7965806646804,85.48666666666668,d17fb47064bdfcb2,216,216,0,0.0,-773.8,-627.7965806646804,-85.48666666666668,1.0,-0.3920356672408552,0.0
384,train_easy_1000383,0.724375226367258,0.7243752263672583,0.0,True,False,True,False,completed,1.0,1.0,0.0,1.0,0.0,0.2756247736327418,456.60000000000014,398.55223887922995,21.94333333333334,d17fb47064bdfcb2,143,143,0,0.0,-456.60000000000014,-398.55223887922995,-21.94333333333334,1.0,-0.2756247736327418,0.0
385,train_fatigue_bottleneck_1000384,0.44023772837332154,0.44023772837332154,0.0,True,False,True,False,completed,1.0,1.0,0.0,1.0,0.0,0.5597622716266785,1525.8000000000004,1361.6075536514195,9.241388888888876,d17fb47064bdfcb2,281,281,0,0.0,-1525.8000000000004,-1361.6075536514195,-9.241388888888876,1.0,-0.5597622716266785,0.0
386,train_balanced_1000385,0.5770617937004091,0.5770617937004089,0.0,True,False,True,False,completed,1.0,1.0,0.0,1.0,0.0,0.4229382062995911,879.4999999999998,622.1858147986,158.21472222222226,d17fb47064bdfcb2,253,253,0,0.0,-879.4999999999998,-622.1858147986,-158.21472222222226,1.0,-0.4229382062995911,0.0
387,train_high_arrival_pressure_1000386,0.41268312813811137,0.41268312813811137,0.0,True,False,True,False,completed,1.0,1.0,0.0,1.0,0.0,0.5873168718618886,1707.7999999999995,1041.6128418366793,60.15805555555554,d17fb47064bdfcb2,293,293,0,0.0,-1707.7999999999995,-1041.6128418366793,-60.15805555555554,1.0,-0.5873168718618886,0.0
388,train_machine_bottleneck_1000387,0.4730741938027281,0.4730741938027281,0.0,True,False,True,False,completed,1.0,1.0,0.0,1.0,0.0,0.5269258061972719,1336.6,737.2089005515796,99.75805555555559,d17fb47064bdfcb2,269,269,0,0.0,-1336.6,-737.2089005515796,-99.75805555555559,1.0,-0.5269258061972719,0.0
389,train_balanced_1000388,0.667853962600178,0.667853962600178,0.0,True,False,True,False,completed,1.0,1.0,0.0,1.0,0.0,0.3321460373998219,596.8000000000001,334.31108359725,21.838055555555556,d17fb47064bdfcb2,161,161,0,0.0,-596.8000000000001,-334.31108359725,-21.838055555555556,1.0,-0.3321460373998219,0.0
390,train_reconfiguration_bottleneck_1000389,0.4740459824602985,0.4740459824602985,0.0,True,False,True,False,completed,1.0,1.0,0.0,1.0,0.0,0.5259540175397015,1331.4000000000005,1597.9488067442514,11.540000000000012,d17fb47064bdfcb2,345,345,0,0.0,-1331.4000000000005,-1597.9488067442514,-11.540000000000015,1.0,-0.5259540175397015,0.0
391,train_balanced_1000390,0.6455430631018344,0.6455430631018344,0.0,True,False,True,False,completed,1.0,1.0,0.0,1.0,0.0,0.35445693689816554,658.9,663.2233742317401,35.60916666666667,d17fb47064bdfcb2,210,210,0,0.0,-658.9,-663.2233742317401,-35.60916666666667,1.0,-0.35445693689816554,0.0
392,train_balanced_1000391,0.651112316874661,0.6511123168746608,0.0,True,False,True,False,completed,1.0,1.0,0.0,1.0,0.0,0.34888768312533924,643.0000000000003,508.52276341770005,46.10583333333335,d17fb47064bdfcb2,195,195,0,0.0,-643.0000000000003,-508.52276341770005,-46.10583333333335,1.0,-0.34888768312533924,0.0
393,train_balanced_1000392,0.6808510638297874,0.6808510638297873,0.0,True,False,True,False,completed,1.0,1.0,0.0,1.0,0.0,0.31914893617021267,562.4999999999998,506.4099937838198,28.509166666666676,d17fb47064bdfcb2,171,171,0,0.0,-562.4999999999998,-506.4099937838198,-28.509166666666676,1.0,-0.31914893617021267,0.0
394,train_balanced_1000393,0.5553241704845202,0.5553241704845204,0.0,True,False,True,False,completed,1.0,1.0,0.0,1.0,0.0,0.4446758295154796,960.9,998.5887334684207,79.94000000000001,d17fb47064bdfcb2,292,292,0,0.0,-960.9,-998.5887334684207,-79.94000000000001,1.0,-0.4446758295154796,0.0
395,train_high_arrival_pressure_1000394,0.4713460858635453,0.4713460858635453,1.1102230246251565e-16,True,False,True,False,completed,1.0,1.0,0.0,1.0,0.0,0.5286539141364547,1345.9000000000003,1168.8562403051296,66.09583333333335,d17fb47064bdfcb2,290,290,0,0.0,-1345.9000000000003,-1168.8562403051296,-66.09583333333335,1.0,-0.5286539141364546,0.0
396,train_balanced_1000395,0.5639627784566217,0.5639627784566217,0.0,True,False,True,False,completed,1.0,1.0,0.0,1.0,0.0,0.43603722154337826,927.8000000000003,954.9757025716802,35.94333333333334,d17fb47064bdfcb2,277,277,0,0.0,-927.8000000000003,-954.9757025716802,-35.94333333333334,1.0,-0.43603722154337826,0.0
397,train_machine_bottleneck_1000396,0.4785261394903696,0.4785261394903696,0.0,True,False,True,False,completed,1.0,1.0,0.0,1.0,0.0,0.5214738605096304,1307.7,572.6815009438501,132.07555555555558,d17fb47064bdfcb2,249,249,0,0.0,-1307.7,-572.6815009438501,-132.07555555555558,1.0,-0.5214738605096304,0.0
398,train_balanced_1000397,0.6592319947261439,0.659231994726144,0.0,True,False,True,False,completed,1.0,1.0,0.0,1.0,0.0,0.34076800527385603,620.3000000000002,395.6065332748998,18.80888888888889,d17fb47064bdfcb2,165,165,0,0.0,-620.3000000000002,-395.6065332748998,-18.80888888888889,1.0,-0.34076800527385603,0.0
399,train_reconfiguration_bottleneck_1000398,-0.1972222222222223,-0.1972222222222223,0.0,False,True,False,True,unrecoverable_deadlock,0.6666666666666666,0.8024691358024691,0.0,0.8027777777777777,0.0,1.0,3369.3,4221.9918538213515,3.958055555555566,d17fb47064bdfcb2,410,410,0,0.0,-3369.3,-4221.9918538213515,-3.9580555555555668,0.8027777777777777,-1.0,0.0
400,train_reconfiguration_bottleneck_1000399,0.4967915545435727,0.4967915545435727,0.0,True,False,True,False,completed,1.0,1.0,0.0,1.0,0.0,0.5032084454564273,1215.5,1901.1068240679804,45.98888888888889,d17fb47064bdfcb2,328,328,0,0.0,-1215.5,-1901.1068240679804,-45.98888888888889,1.0,-0.5032084454564273,0.0
401,train_fatigue_bottleneck_1000400,0.4507888805409469,0.4507888805409469,0.0,True,False,True,False,completed,1.0,1.0,0.0,1.0,0.0,0.5492111194590531,1461.9999999999998,2270.176701739552,8.568888888888893,d17fb47064bdfcb2,337,337,0,0.0,-1461.9999999999998,-2270.176701739552,-8.568888888888893,1.0,-0.5492111194590531,0.0
402,train_easy_1000401,0.6805421652583223,0.6805421652583226,0.0,True,False,True,False,completed,1.0,1.0,0.0,1.0,0.0,0.3194578347416775,563.2999999999998,449.0519934396101,38.52555555555556,d17fb47064bdfcb2,182,182,0,0.0,-563.2999999999998,-449.0519934396101,-38.52555555555556,1.0,-0.3194578347416775,0.0
403,train_easy_1000402,0.7349338559529643,0.7349338559529642,0.0,True,False,True,False,completed,1.0,1.0,0.0,1.0,0.0,0.26506614404703577,432.80000000000007,327.20644876256,15.794722222222227,d17fb47064bdfcb2,129,129,0,0.0,-432.80000000000007,-327.20644876256,-15.794722222222227,1.0,-0.26506614404703577,0.0
404,train_balanced_1000403,0.6398293788323117,0.6398293788323113,0.0,True,False,True,False,completed,1.0,1.0,0.0,1.0,0.0,0.36017062116768866,675.5000000000001,601.4745799592304,28.305555555555557,d17fb47064bdfcb2,193,193,0,0.0,-675.5000000000001,-601.4745799592304,-28.305555555555557,1.0,-0.36017062116768866,0.0
405,train_machine_bottleneck_1000404,0.4848680754777971,0.4848680754777971,0.0,True,False,True,False,completed,1.0,1.0,0.0,1.0,0.0,0.5151319245222029,1274.9,797.2427039884296,35.69583333333332,d17fb47064bdfcb2,259,259,0,0.0,-1274.9,-797.2427039884296,-35.69583333333332,1.0,-0.5151319245222029,0.0
406,train_reconfiguration_bottleneck_1000405,0.47225501770956313,0.47225501770956313,0.0,True,False,True,False,completed,1.0,1.0,0.0,1.0,0.0,0.5277449822904369,1341.0,1628.8667806674587,17.31,d17fb47064bdfcb2,373,373,0,0.0,-1341.0,-1628.8667806674587,-17.309999999999995,1.0,-0.5277449822904369,0.0
407,train_machine_bottleneck_1000406,0.5066497783407219,0.5066497783407219,0.0,True,False,True,False,completed,1.0,1.0,0.0,1.0,0.0,0.4933502216592781,1168.5000000000005,1222.0410867878302,92.11472222222221,d17fb47064bdfcb2,295,295,0,0.0,-1168.5000000000005,-1222.0410867878302,-92.11472222222221,1.0,-0.4933502216592781,0.0
408,train_balanced_1000407,0.6344842172050972,0.6344842172050971,0.0,True,False,True,False,completed,1.0,1.0,0.0,1.0,0.0,0.365515782794903,691.3,479.60131305875,46.745833333333316,d17fb47064bdfcb2,198,198,0,0.0,-691.3,-479.60131305875,-46.745833333333316,1.0,-0.365515782794903,0.0
409,train_high_arrival_pressure_1000408,0.4665448466233817,0.4665448466233817,0.0,True,False,True,False,completed,1.0,1.0,0.0,1.0,0.0,0.5334551533766183,1372.0999999999997,882.6598663366609,76.08472222222225,d17fb47064bdfcb2,281,281,0,0.0,-1372.0999999999997,-882.6598663366609,-76.08472222222225,1.0,-0.5334551533766183,0.0
410,train_reconfiguration_bottleneck_1000409,0.46639978234676827,0.46639978234676827,0.0,True,False,True,False,completed,1.0,1.0,0.0,1.0,0.0,0.5336002176532317,1372.8999999999999,967.8690683253305,47.43583333333333,d17fb47064bdfcb2,294,294,0,0.0,-1372.8999999999999,-967.8690683253305,-47.43583333333333,1.0,-0.5336002176532317,0.0
411,train_reconfiguration_bottleneck_1000410,0.4956424765602413,0.4956424765602413,0.0,True,False,True,False,completed,1.0,1.0,0.0,1.0,0.0,0.5043575234397587,1221.1000000000001,1698.4506091888315,4.605833333333323,d17fb47064bdfcb2,340,340,0,0.0,-1221.1000000000001,-1698.4506091888315,-4.605833333333323,1.0,-0.5043575234397587,0.0
412,train_balanced_1000411,0.5432076411208184,0.5432076411208184,0.0,True,False,True,False,completed,1.0,1.0,0.0,1.0,0.0,0.4567923588791815,1009.1,944.7187725791201,75.1655555555556,d17fb47064bdfcb2,290,290,0,0.0,-1009.1,-944.7187725791201,-75.1655555555556,1.0,-0.4567923588791815,0.0
413,train_balanced_1000412,0.68259385665529,0.68259385665529,0.0,True,False,True,False,completed,1.0,1.0,0.0,1.0,0.0,0.3174061433447099,558.0000000000001,320.22220059209,24.92555555555556,d17fb47064bdfcb2,147,147,0,0.0,-558.0000000000001,-320.22220059209,-24.92555555555556,1.0,-0.3174061433447099,0.0
414,train_balanced_1000413,0.5631951940676772,0.5631951940676772,0.0,True,False,True,False,completed,1.0,1.0,0.0,1.0,0.0,0.4368048059323228,930.7000000000003,916.2491837762796,96.63805555555554,d17fb47064bdfcb2,270,270,0,0.0,-930.7000000000003,-916.2491837762796,-96.63805555555554,1.0,-0.4368048059323228,0.0
415,train_easy_1000414,0.6798866855524075,0.6798866855524079,0.0,True,False,True,False,completed,1.0,1.0,0.0,1.0,0.0,0.320113314447592,564.9999999999999,392.275913152,10.44805555555556,d17fb47064bdfcb2,172,172,0,0.0,-564.9999999999999,-392.275913152,-10.44805555555556,1.0,-0.320113314447592,0.0
416,train_high_arrival_pressure_1000415,0.4037277529186154,0.4037277529186154,0.0,True,False,True,False,completed,1.0,1.0,0.0,1.0,0.0,0.5962722470813846,1772.2999999999986,777.6501909943603,119.7291666666667,d17fb47064bdfcb2,280,280,0,0.0,-1772.2999999999986,-777.6501909943603,-119.7291666666667,1.0,-0.5962722470813846,0.0
417,train_balanced_1000416,0.5527152134862512,0.5527152134862512,0.0,True,False,True,False,completed,1.0,1.0,0.0,1.0,0.0,0.44728478651374876,971.1,864.68508439434,187.2347222222222,d17fb47064bdfcb2,290,290,0,0.0,-971.1,-864.68508439434,-187.2347222222222,1.0,-0.44728478651374876,0.0
418,train_machine_bottleneck_1000417,0.48715138229204713,0.48715138229204713,0.0,True,False,True,False,completed,1.0,1.0,0.0,1.0,0.0,0.5128486177079529,1263.3000000000004,1000.5423352215397,88.18805555555555,d17fb47064bdfcb2,305,305,0,0.0,-1263.3000000000004,-1000.5423352215397,-88.18805555555555,1.0,-0.5128486177079529,0.0
419,train_worker_bottleneck_1000418,0.44717719396310784,0.44717719396310784,0.0,True,False,True,False,completed,1.0,1.0,0.0,1.0,0.0,0.5528228060368922,1483.5000000000002,1034.6299362482798,35.924722222222215,d17fb47064bdfcb2,294,294,0,0.0,-1483.5000000000002,-1034.6299362482798,-35.924722222222215,1.0,-0.5528228060368922,0.0
420,train_balanced_1000419,0.5908419497784343,0.5908419497784344,0.0,True,False,True,False,completed,1.0,1.0,0.0,1.0,0.0,0.4091580502215656,830.9999999999998,855.8879450589599,39.61805555555557,d17fb47064bdfcb2,241,241,0,0.0,-830.9999999999998,-855.8879450589599,-39.61805555555557,1.0,-0.4091580502215656,0.0
421,train_reconfiguration_bottleneck_1000420,0.4881025015253203,0.4881025015253203,0.0,True,False,True,False,completed,1.0,1.0,0.0,1.0,0.0,0.5118974984746797,1258.5,2090.5693984993227,11.158888888888876,d17fb47064bdfcb2,364,364,0,0.0,-1258.5,-2090.5693984993227,-11.158888888888876,1.0,-0.5118974984746797,0.0
422,train_easy_1000421,0.7081735025081145,0.7081735025081146,0.0,True,False,True,False,completed,1.0,1.0,0.0,1.0,0.0,0.29182649749188544,494.5,398.8084767508,24.538888888888895,d17fb47064bdfcb2,156,156,0,0.0,-494.5,-398.8084767508,-24.538888888888895,1.0,-0.29182649749188544,0.0
423,train_worker_bottleneck_1000422,0.4790992933285424,0.4790992933285424,0.0,True,False,True,False,completed,1.0,1.0,0.0,1.0,0.0,0.5209007066714576,1304.7,766.15728780462,47.54666666666669,d17fb47064bdfcb2,268,268,0,0.0,-1304.7,-766.15728780462,-47.54666666666669,1.0,-0.5209007066714576,0.0
424,train_machine_bottleneck_1000423,0.5022601707684581,0.5022601707684581,0.0,True,False,True,False,completed,1.0,1.0,0.0,1.0,0.0,0.4977398292315419,1189.2,1182.3125748181808,88.87472222222222,d17fb47064bdfcb2,294,294,0,0.0,-1189.2,-1182.3125748181808,-88.87472222222222,1.0,-0.4977398292315419,0.0
425,train_balanced_1000424,0.6286342920006285,0.6286342920006286,0.0,True,False,True,False,completed,1.0,1.0,0.0,1.0,0.0,0.3713657079993714,708.9000000000001,462.16625687987,7.7655555555555535,d17fb47064bdfcb2,197,197,0,0.0,-708.9000000000001,-462.16625687987,-7.7655555555555535,1.0,-0.3713657079993714,0.0
426,train_easy_1000425,0.7176604270079542,0.7176604270079541,0.0,True,False,True,False,completed,1.0,1.0,0.0,1.0,0.0,0.28233957299204593,472.09999999999997,381.17681948958995,16.28888888888889,d17fb47064bdfcb2,155,155,0,0.0,-472.09999999999997,-381.17681948958995,-16.28888888888889,1.0,-0.28233957299204593,0.0
427,train_fatigue_bottleneck_1000426,0.43506634761801166,0.43506634761801166,0.0,True,False,True,False,completed,1.0,1.0,0.0,1.0,0.0,0.5649336523819883,1558.2,1069.2889789504407,9.7613888888889,d17fb47064bdfcb2,305,305,0,0.0,-1558.2,-1069.2889789504407,-9.7613888888889,1.0,-0.5649336523819883,0.0
428,train_balanced_1000427,0.6581112207963145,0.6581112207963147,0.0,True,False,True,False,completed,1.0,1.0,0.0,1.0,0.0,0.3418887792036854,623.4,508.5957019633899,67.19805555555558,d17fb47064bdfcb2,168,168,0,0.0,-623.4,-508.5957019633899,-67.19805555555558,1.0,-0.3418887792036854,0.0
429,train_worker_bottleneck_1000428,0.4351610095735422,0.4351610095735422,0.0,True,False,True,False,completed,1.0,1.0,0.0,1.0,0.0,0.5648389904264578,1557.6000000000004,1058.2040448355797,14.425555555555556,d17fb47064bdfcb2,308,308,0,0.0,-1557.6000000000004,-1058.2040448355797,-14.425555555555556,1.0,-0.5648389904264578,0.0
430,train_machine_bottleneck_1000429,0.5336653917993419,0.5336653917993419,0.0,True,False,True,False,completed,1.0,1.0,0.0,1.0,0.0,0.46633460820065814,1048.6,706.8641125049703,47.182222222222215,d17fb47064bdfcb2,272,272,0,0.0,-1048.6,-706.8641125049703,-47.182222222222215,1.0,-0.46633460820065814,0.0
431,train_balanced_1000430,0.5803269174968566,0.5803269174968566,0.0,True,False,True,False,completed,1.0,1.0,0.0,1.0,0.0,0.41967308250314345,867.8000000000001,840.25165459985,78.77138888888891,d17fb47064bdfcb2,267,267,0,0.0,-867.8000000000001,-840.25165459985,-78.77138888888891,1.0,-0.41967308250314345,0.0
432,train_machine_bottleneck_1000431,0.47986563762146606,0.47986563762146606,0.0,True,False,True,False,completed,1.0,1.0,0.0,1.0,0.0,0.5201343623785339,1300.6999999999998,850.64842670049,30.418055555555554,d17fb47064bdfcb2,280,280,0,0.0,-1300.6999999999998,-850.64842670049,-30.418055555555554,1.0,-0.5201343623785339,0.0
433,train_worker_bottleneck_1000432,0.4651884013025276,0.4651884013025276,0.0,True,False,True,False,completed,1.0,1.0,0.0,1.0,0.0,0.5348115986974724,1379.6000000000001,1226.9703672409096,37.738888888888894,d17fb47064bdfcb2,325,325,0,0.0,-1379.6000000000001,-1226.9703672409096,-37.738888888888894,1.0,-0.5348115986974724,0.0
434,train_easy_1000433,0.6993414534646545,0.6993414534646542,0.0,True,False,True,False,completed,1.0,1.0,0.0,1.0,0.0,0.30065854653534585,515.9,433.29044949086017,17.2,d17fb47064bdfcb2,174,174,0,0.0,-515.9,-433.29044949086017,-17.2,1.0,-0.30065854653534585,0.0
435,train_machine_bottleneck_1000434,0.49210580274759086,0.49210580274759086,0.0,True,False,True,False,completed,1.0,1.0,0.0,1.0,0.0,0.5078941972524091,1238.4999999999998,1215.0062528686203,67.51666666666665,d17fb47064bdfcb2,286,286,0,0.0,-1238.4999999999998,-1215.0062528686203,-67.51666666666665,1.0,-0.5078941972524091,0.0
436,train_machine_bottleneck_1000435,0.5083668714255454,0.5083668714255454,0.0,True,False,True,False,completed,1.0,1.0,0.0,1.0,0.0,0.49163312857445457,1160.5,642.4148670204604,51.952222222222225,d17fb47064bdfcb2,257,257,0,0.0,-1160.5,-642.4148670204604,-51.952222222222225,1.0,-0.49163312857445457,0.0
437,train_machine_bottleneck_1000436,0.5282852740479859,0.5282852740479859,0.0,True,False,True,False,completed,1.0,1.0,0.0,1.0,0.0,0.47171472595201414,1071.5000000000002,682.1997732758504,2.3922222222222214,d17fb47064bdfcb2,257,257,0,0.0,-1071.5000000000002,-682.1997732758504,-2.3922222222222214,1.0,-0.47171472595201414,0.0
438,train_balanced_1000437,0.6294586655476289,0.629458665547629,0.0,True,False,True,False,completed,1.0,1.0,0.0,1.0,0.0,0.37054133445237103,706.4000000000002,612.0128901629502,37.27666666666667,d17fb47064bdfcb2,194,194,0,0.0,-706.4000000000002,-612.0128901629502,-37.27666666666667,1.0,-0.37054133445237103,0.0
439,train_balanced_1000438,0.6052658125693533,0.6052658125693534,0.0,True,False,True,False,completed,1.0,1.0,0.0,1.0,0.0,0.3947341874306466,782.5999999999999,553.6137846880299,66.03888888888892,d17fb47064bdfcb2,214,214,0,0.0,-782.5999999999999,-553.6137846880299,-66.03888888888892,1.0,-0.3947341874306466,0.0
440,train_balanced_1000439,0.6749535969402104,0.6749535969402105,0.0,True,False,True,False,completed,1.0,1.0,0.0,1.0,0.0,0.3250464030597895,577.8999999999996,385.25301061356015,16.72555555555556,d17fb47064bdfcb2,163,163,0,0.0,-577.8999999999996,-385.25301061356015,-16.72555555555556,1.0,-0.3250464030597895,0.0
441,train_balanced_1000440,0.6397611558351551,0.639761155835155,0.0,True,False,True,False,completed,1.0,1.0,0.0,1.0,0.0,0.36023884416484503,675.6999999999997,585.7636602141802,68.35472222222224,d17fb47064bdfcb2,197,197,0,0.0,-675.6999999999997,-585.7636602141802,-68.35472222222224,1.0,-0.36023884416484503,0.0
442,train_balanced_1000441,0.600120024004801,0.600120024004801,0.0,True,False,True,False,completed,1.0,1.0,0.0,1.0,0.0,0.39987997599519903,799.6000000000003,696.4140672694597,156.83888888888887,d17fb47064bdfcb2,241,241,0,0.0,-799.6000000000003,-696.4140672694597,-156.83888888888887,1.0,-0.39987997599519903,0.0
443,train_worker_bottleneck_1000442,0.47806860284450825,0.47806860284450825,0.0,True,False,True,False,completed,1.0,1.0,0.0,1.0,0.0,0.5219313971554917,1310.1,1076.0871473073503,59.26333333333336,d17fb47064bdfcb2,261,261,0,0.0,-1310.1,-1076.0871473073503,-59.26333333333336,1.0,-0.5219313971554917,0.0
444,train_easy_1000443,0.6887842957180579,0.6887842957180577,0.0,True,False,True,False,completed,1.0,1.0,0.0,1.0,0.0,0.3112157042819423,542.1999999999999,503.4135456352802,15.284722222222229,d17fb47064bdfcb2,185,185,0,0.0,-542.1999999999999,-503.4135456352802,-15.284722222222229,1.0,-0.3112157042819423,0.0
445,train_reconfiguration_bottleneck_1000444,0.47365304914150386,0.47365304914150386,0.0,True,False,True,False,completed,1.0,1.0,0.0,1.0,0.0,0.5263469508584961,1333.5,1012.0400140608299,56.491388888888885,d17fb47064bdfcb2,301,301,0,0.0,-1333.5,-1012.0400140608299,-56.491388888888885,1.0,-0.5263469508584961,0.0
446,train_balanced_1000445,0.6409229290177857,0.6409229290177856,0.0,True,False,True,False,completed,1.0,1.0,0.0,1.0,0.0,0.35907707098221436,672.3000000000001,392.1717333159799,20.878055555555548,d17fb47064bdfcb2,165,165,0,0.0,-672.3000000000001,-392.1717333159799,-20.878055555555548,1.0,-0.35907707098221436,0.0
447,train_fatigue_bottleneck_1000446,0.4451203679661708,0.4451203679661708,0.0,True,False,True,False,completed,1.0,1.0,0.0,1.0,0.0,0.5548796320338292,1495.8999999999999,1613.9651126138897,11.184722222222225,d17fb47064bdfcb2,329,329,0,0.0,-1495.8999999999999,-1613.9651126138897,-11.184722222222222,1.0,-0.5548796320338292,0.0
448,train_fatigue_bottleneck_1000447,0.3782029058589933,0.3782029058589933,0.0,True,False,True,False,completed,1.0,1.0,0.0,1.0,0.0,0.6217970941410067,1972.9,1389.0587761179397,1.2958333333333372,d17fb47064bdfcb2,339,339,0,0.0,-1972.9,-1389.0587761179397,-1.2958333333333372,1.0,-0.6217970941410067,0.0
449,train_machine_bottleneck_1000448,0.45087356753710306,0.45087356753710306,0.0,True,False,True,False,completed,1.0,1.0,0.0,1.0,0.0,0.5491264324628969,1461.5000000000002,844.71026487466,34.05333333333334,d17fb47064bdfcb2,283,283,0,0.0,-1461.5000000000002,-844.71026487466,-34.05333333333334,1.0,-0.5491264324628969,0.0
450,train_machine_bottleneck_1000449,0.4701273261508324,0.4701273261508324,0.0,True,False,True,False,completed,1.0,1.0,0.0,1.0,0.0,0.5298726738491676,1352.5000000000005,807.2946594662201,91.42249999999997,d17fb47064bdfcb2,282,282,0,0.0,-1352.5000000000005,-807.2946594662201,-91.42249999999997,1.0,-0.5298726738491676,0.0
451,train_balanced_1000450,0.6240249609984396,0.6240249609984398,0.0,True,False,True,False,completed,1.0,1.0,0.0,1.0,0.0,0.3759750390015601,723.0000000000001,492.1496438294999,38.53555555555554,d17fb47064bdfcb2,198,198,0,0.0,-723.0000000000001,-492.1496438294999,-38.53555555555554,1.0,-0.3759750390015601,0.0
452,train_balanced_1000451,0.5800183672482963,0.5800183672482963,0.0,True,False,True,False,completed,1.0,1.0,0.0,1.0,0.0,0.41998163275170375,868.9,549.1297254188901,43.15583333333334,d17fb47064bdfcb2,226,226,0,0.0,-868.9,-549.1297254188901,-43.15583333333334,1.0,-0.41998163275170375,0.0
453,train_fatigue_bottleneck_1000452,0.42973785990545765,0.42973785990545765,0.0,True,False,True,False,completed,1.0,1.0,0.0,1.0,0.0,0.5702621400945423,1592.3999999999999,1360.4781588250996,44.664722222222245,d17fb47064bdfcb2,321,321,0,0.0,-1592.3999999999999,-1360.4781588250996,-44.66472222222225,1.0,-0.5702621400945423,0.0
454,train_easy_1000453,0.6920415224913492,0.6920415224913494,0.0,True,False,True,False,completed,1.0,1.0,0.0,1.0,0.0,0.3079584775086505,534.0,417.8011530544699,21.105833333333337,d17fb47064bdfcb2,166,166,0,0.0,-534.0,-417.8011530544699,-21.105833333333337,1.0,-0.3079584775086505,0.0
455,train_fatigue_bottleneck_1000454,0.3397123768542635,0.3397123768542635,0.0,True,False,True,False,completed,1.0,1.0,0.0,1.0,0.0,0.6602876231457365,2332.3999999999987,1940.063081990888,15.139166666666673,d17fb47064bdfcb2,441,441,0,0.0,-2332.3999999999987,-1940.063081990888,-15.139166666666673,1.0,-0.6602876231457365,0.0
456,train_worker_bottleneck_1000455,0.45039972976016207,0.45039972976016207,0.0,True,False,True,False,completed,1.0,1.0,0.0,1.0,0.0,0.5496002702398379,1464.3000000000004,856.35347562466,23.120000000000005,d17fb47064bdfcb2,279,279,0,0.0,-1464.3000000000004,-856.35347562466,-23.120000000000005,1.0,-0.5496002702398379,0.0
457,train_balanced_1000456,0.6144707870346666,0.6144707870346665,0.0,True,False,True,False,completed,1.0,1.0,0.0,1.0,0.0,0.3855292129653335,752.8999999999997,1083.8448875224003,40.394722222222235,d17fb47064bdfcb2,235,235,0,0.0,-752.8999999999997,-1083.8448875224003,-40.394722222222235,1.0,-0.3855292129653335,0.0
458,train_reconfiguration_bottleneck_1000457,0.46583850931677007,0.46583850931677007,0.0,True,False,True,False,completed,1.0,1.0,0.0,1.0,0.0,0.5341614906832299,1376.0000000000002,1893.8317043245995,23.568888888888882,d17fb47064bdfcb2,380,380,0,0.0,-1376.0000000000002,-1893.8317043245995,-23.568888888888882,1.0,-0.5341614906832299,0.0
459,train_fatigue_bottleneck_1000458,0.45004500450045015,0.45004500450045015,0.0,True,False,True,False,completed,1.0,1.0,0.0,1.0,0.0,0.5499549954995498,1466.3999999999996,1031.1133024345493,21.50555555555555,d17fb47064bdfcb2,295,295,0,0.0,-1466.3999999999996,-1031.1133024345493,-21.505555555555546,1.0,-0.5499549954995498,0.0
460,train_balanced_1000459,0.6462035541195474,0.6462035541195477,0.0,True,False,True,False,completed,1.0,1.0,0.0,1.0,0.0,0.3537964458804523,656.9999999999998,680.9981857544602,41.81888888888891,d17fb47064bdfcb2,186,186,0,0.0,-656.9999999999998,-680.9981857544602,-41.8188888888889,1.0,-0.3537964458804523,0.0
461,train_high_arrival_pressure_1000460,0.4245533345126481,0.4245533345126481,0.0,True,False,True,False,completed,1.0,1.0,0.0,1.0,0.0,0.5754466654873519,1626.5000000000002,541.2045200174601,33.47805555555557,d17fb47064bdfcb2,260,260,0,0.0,-1626.5000000000002,-541.2045200174601,-33.47805555555557,1.0,-0.5754466654873519,0.0
462,train_fatigue_bottleneck_1000461,0.475040576382566,0.475040576382566,0.0,True,False,True,False,completed,1.0,1.0,0.0,1.0,0.0,0.524959423617434,1326.1000000000001,991.6470235711597,21.79222222222222,d17fb47064bdfcb2,254,254,0,0.0,-1326.1000000000001,-991.6470235711597,-21.79222222222222,1.0,-0.524959423617434,0.0
463,train_fatigue_bottleneck_1000462,0.37481259370314834,0.37481259370314834,0.0,True,False,True,False,completed,1.0,1.0,0.0,1.0,0.0,0.6251874062968517,2001.6000000000004,2896.433646036948,17.915555555555542,d17fb47064bdfcb2,416,416,0,0.0,-2001.6000000000004,-2896.433646036948,-17.915555555555542,1.0,-0.6251874062968517,0.0
464,train_balanced_1000463,0.6603929337956083,0.6603929337956084,0.0,True,False,True,False,completed,1.0,1.0,0.0,1.0,0.0,0.3396070662043916,617.1,295.98043968608005,26.263333333333335,d17fb47064bdfcb2,165,165,0,0.0,-617.1,-295.98043968608005,-26.263333333333335,1.0,-0.3396070662043916,0.0
465,train_balanced_1000464,0.6510063473118861,0.6510063473118863,0.0,True,False,True,False,completed,1.0,1.0,0.0,1.0,0.0,0.34899365268811366,643.3,686.6432944819801,14.240000000000002,d17fb47064bdfcb2,184,184,0,0.0,-643.3,-686.6432944819801,-14.240000000000006,1.0,-0.34899365268811366,0.0
466,train_balanced_1000465,-0.011764705882352566,-0.0117647058823529,0.0,False,True,False,True,unrecoverable_deadlock,0.9411764705882353,0.9852941176470589,0.0,0.9882352941176471,0.0,1.0,1146.0000000000005,961.66675934381,59.11555555555555,d17fb47064bdfcb2,252,252,0,0.0,-1146.0000000000005,-961.66675934381,-59.11555555555555,0.9882352941176471,-1.0,0.0
467,train_high_arrival_pressure_1000466,0.43776448270830304,0.43776448270830304,0.0,True,False,True,False,completed,1.0,1.0,0.0,1.0,0.0,0.562235517291697,1541.2000000000005,892.0956354166694,99.86222222222223,d17fb47064bdfcb2,313,313,0,0.0,-1541.2000000000005,-892.0956354166694,-99.86222222222223,1.0,-0.562235517291697,0.0
468,train_reconfiguration_bottleneck_1000467,-0.01388888888888884,-0.01388888888888884,0.0,False,True,False,True,unrecoverable_deadlock,0.9444444444444444,0.9876543209876543,0.0,0.9861111111111112,0.0,1.0,1783.199999999999,3300.642369412211,20.538888888888902,d17fb47064bdfcb2,417,417,0,0.0,-1783.199999999999,-3300.642369412211,-20.5388888888889,0.9861111111111112,-1.0,0.0
469,train_high_arrival_pressure_1000468,0.45943565986446655,0.45943565986446655,0.0,True,False,True,False,completed,1.0,1.0,0.0,1.0,0.0,0.5405643401355334,1411.8999999999996,1283.5001047591004,34.315555555555555,d17fb47064bdfcb2,291,291,0,0.0,-1411.8999999999996,-1283.5001047591004,-34.315555555555555,1.0,-0.5405643401355334,0.0
470,train_worker_bottleneck_1000469,0.42791427450700714,0.42791427450700714,0.0,True,False,True,False,completed,1.0,1.0,0.0,1.0,0.0,0.5720857254929929,1604.3,1297.8575088383502,3.692222222222227,d17fb47064bdfcb2,339,339,0,0.0,-1604.3,-1297.8575088383502,-3.6922222222222256,1.0,-0.5720857254929929,0.0
471,train_balanced_1000470,0.5712381587090019,0.5712381587090019,0.0,True,False,True,False,completed,1.0,1.0,0.0,1.0,0.0,0.4287618412909981,900.6999999999997,791.0429079067403,93.41138888888891,d17fb47064bdfcb2,246,246,0,0.0,-900.6999999999997,-791.0429079067403,-93.41138888888891,1.0,-0.4287618412909981,0.0
472,train_balanced_1000471,0.6137479541734864,0.6137479541734863,0.0,True,False,True,False,completed,1.0,1.0,0.0,1.0,0.0,0.3862520458265138,755.1999999999997,543.7145595352799,88.19888888888887,d17fb47064bdfcb2,223,223,0,0.0,-755.1999999999997,-543.7145595352799,-88.19888888888887,1.0,-0.3862520458265138,0.0
473,train_reconfiguration_bottleneck_1000472,0.45597902496485154,0.45597902496485154,0.0,True,False,True,False,completed,1.0,1.0,0.0,1.0,0.0,0.5440209750351485,1431.7000000000005,1640.7527181959792,12.118055555555571,d17fb47064bdfcb2,326,326,0,0.0,-1431.7000000000005,-1640.7527181959792,-12.118055555555571,1.0,-0.5440209750351485,0.0
474,train_worker_bottleneck_1000473,0.4441647851352851,0.4441647851352851,0.0,True,False,True,False,completed,1.0,1.0,0.0,1.0,0.0,0.5558352148647149,1501.7,941.1396569884299,22.944722222222214,d17fb47064bdfcb2,290,290,0,0.0,-1501.7,-941.1396569884299,-22.944722222222214,1.0,-0.5558352148647149,0.0
475,train_fatigue_bottleneck_1000474,0.4961753152780649,0.4961753152780649,0.0,True,False,True,False,completed,1.0,1.0,0.0,1.0,0.0,0.5038246847219351,1218.5000000000007,1181.5780515541699,21.038888888888895,d17fb47064bdfcb2,256,256,0,0.0,-1218.5000000000007,-1181.5780515541699,-21.038888888888895,1.0,-0.5038246847219351,0.0
476,train_fatigue_bottleneck_1000475,0.4349717268377554,0.4349717268377554,0.0,True,False,True,False,completed,1.0,1.0,0.0,1.0,0.0,0.5650282731622446,1558.800000000001,1081.0903693348205,19.44916666666667,d17fb47064bdfcb2,258,258,0,0.0,-1558.800000000001,-1081.0903693348205,-19.44916666666667,1.0,-0.5650282731622446,0.0
477,train_balanced_1000476,0.5433552184740775,0.5433552184740774,0.0,True,False,True,False,completed,1.0,1.0,0.0,1.0,0.0,0.4566447815259226,1008.5000000000003,864.7522721480603,35.024722222222245,d17fb47064bdfcb2,277,277,0,0.0,-1008.5000000000003,-864.7522721480603,-35.024722222222245,1.0,-0.4566447815259226,0.0
478,train_machine_bottleneck_1000477,0.4327131112072695,0.4327131112072695,0.0,True,False,True,False,completed,1.0,1.0,0.0,1.0,0.0,0.5672868887927305,1573.2,823.7184021225797,3.158888888888891,d17fb47064bdfcb2,297,297,0,0.0,-1573.2,-823.7184021225797,-3.158888888888891,1.0,-0.5672868887927305,0.0
479,train_reconfiguration_bottleneck_1000478,0.45945325063174813,0.45945325063174813,0.0,True,False,True,False,completed,1.0,1.0,0.0,1.0,0.0,0.5405467493682519,1411.8000000000004,1231.3219695728499,13.195555555555543,d17fb47064bdfcb2,339,339,0,0.0,-1411.8000000000004,-1231.3219695728499,-13.195555555555543,1.0,-0.5405467493682519,0.0
480,train_high_arrival_pressure_1000479,0.42240135168432547,0.42240135168432547,0.0,True,False,True,False,completed,1.0,1.0,0.0,1.0,0.0,0.5775986483156745,1640.9000000000003,727.88804184534,57.33333333333337,d17fb47064bdfcb2,263,263,0,0.0,-1640.9000000000003,-727.88804184534,-57.33333333333337,1.0,-0.5775986483156745,0.0
481,train_machine_bottleneck_1000480,0.49972931328863546,0.49972931328863546,0.0,True,False,True,False,completed,1.0,1.0,0.0,1.0,0.0,0.5002706867113645,1201.3,852.3666414533005,17.22888888888888,d17fb47064bdfcb2,287,287,0,0.0,-1201.3,-852.3666414533005,-17.22888888888888,1.0,-0.5002706867113645,0.0
482,train_machine_bottleneck_1000481,0.4628022677311119,0.4628022677311119,0.0,True,False,True,False,completed,1.0,1.0,0.0,1.0,0.0,0.5371977322688881,1392.9,932.5105680782897,23.8,d17fb47064bdfcb2,309,309,0,0.0,-1392.9,-932.5105680782897,-23.8,1.0,-0.5371977322688881,0.0
483,train_high_arrival_pressure_1000482,0.4508058153950184,0.4508058153950184,0.0,True,False,True,False,completed,1.0,1.0,0.0,1.0,0.0,0.5491941846049816,1461.9000000000008,635.6718315857999,97.8480555555556,d17fb47064bdfcb2,253,253,0,0.0,-1461.9000000000008,-635.6718315857999,-97.8480555555556,1.0,-0.5491941846049816,0.0
484,train_fatigue_bottleneck_1000483,0.3564215278602829,0.3564215278602829,0.0,True,False,True,False,completed,1.0,1.0,0.0,1.0,0.0,0.6435784721397171,2166.7999999999997,1629.7309782768905,17.334722222222243,d17fb47064bdfcb2,375,375,0,0.0,-2166.7999999999997,-1629.7309782768905,-17.334722222222243,1.0,-0.6435784721397171,0.0
485,train_balanced_1000484,0.6329113924050636,0.6329113924050633,0.0,True,False,True,False,completed,1.0,1.0,0.0,1.0,0.0,0.36708860759493667,696.0,593.57089377202,51.73666666666666,d17fb47064bdfcb2,196,196,0,0.0,-696.0,-593.57089377202,-51.73666666666666,1.0,-0.36708860759493667,0.0
486,train_high_arrival_pressure_1000485,0.4217185028993148,0.4217185028993148,0.0,True,False,True,False,completed,1.0,1.0,0.0,1.0,0.0,0.5782814971006852,1645.4999999999995,718.0849070868401,95.33,d17fb47064bdfcb2,283,283,0,0.0,-1645.4999999999995,-718.0849070868401,-95.33,1.0,-0.5782814971006852,0.0
487,train_reconfiguration_bottleneck_1000486,0.43763676148796504,0.43763676148796504,0.0,True,False,True,False,completed,1.0,1.0,0.0,1.0,0.0,0.562363238512035,1542.0,2838.8387800011615,6.563333333333336,d17fb47064bdfcb2,422,422,0,0.0,-1542.0,-2838.8387800011615,-6.563333333333337,1.0,-0.562363238512035,0.0
488,train_worker_bottleneck_1000487,0.4545454545454547,0.4545454545454547,0.0,True,False,True,False,completed,1.0,1.0,0.0,1.0,0.0,0.5454545454545453,1439.9999999999998,1218.56649148859,36.401388888888896,d17fb47064bdfcb2,309,309,0,0.0,-1439.9999999999998,-1218.56649148859,-36.4013888888889,1.0,-0.5454545454545453,0.0
489,train_reconfiguration_bottleneck_1000488,0.504646957399386,0.504646957399386,0.0,True,False,True,False,completed,1.0,1.0,0.0,1.0,0.0,0.49535304260061397,1177.9,1092.4684906808407,46.76888888888889,d17fb47064bdfcb2,310,310,0,0.0,-1177.9,-1092.4684906808407,-46.76888888888889,1.0,-0.49535304260061397,0.0
490,train_balanced_1000489,0.6761706203865439,0.6761706203865441,0.0,True,False,True,False,completed,1.0,1.0,0.0,1.0,0.0,0.3238293796134559,574.7000000000003,368.1234235234201,5.518055555555555,d17fb47064bdfcb2,147,147,0,0.0,-574.7000000000003,-368.1234235234201,-5.518055555555557,1.0,-0.3238293796134559,0.0
491,train_machine_bottleneck_1000490,0.4836759371221283,0.4836759371221283,0.0,True,False,True,False,completed,1.0,1.0,0.0,1.0,0.0,0.5163240628778717,1281.0,1119.8154264882692,108.91888888888889,d17fb47064bdfcb2,314,314,0,0.0,-1281.0,-1119.8154264882692,-108.91888888888889,1.0,-0.5163240628778717,0.0
492,train_easy_1000491,0.7204178423485621,0.7204178423485621,0.0,True,False,True,False,completed,1.0,1.0,0.0,1.0,0.0,0.27958215765143785,465.7,444.9919824387299,38.40916666666668,d17fb47064bdfcb2,150,150,0,0.0,-465.7,-444.9919824387299,-38.40916666666668,1.0,-0.27958215765143785,0.0
493,train_worker_bottleneck_1000492,0.45167118337850043,0.45167118337850043,0.0,True,False,True,False,completed,1.0,1.0,0.0,1.0,0.0,0.5483288166214996,1456.8000000000002,1613.4618964869799,7.088888888888872,d17fb47064bdfcb2,373,373,0,0.0,-1456.8000000000002,-1613.4618964869799,-7.088888888888873,1.0,-0.5483288166214996,0.0
494,train_machine_bottleneck_1000493,0.4903162539838195,0.4903162539838195,0.0,True,False,True,False,completed,1.0,1.0,0.0,1.0,0.0,0.5096837460161805,1247.3999999999999,818.0391295823204,88.15805555555558,d17fb47064bdfcb2,276,276,0,0.0,-1247.3999999999999,-818.0391295823204,-88.15805555555558,1.0,-0.5096837460161805,0.0
495,train_reconfiguration_bottleneck_1000494,0.49705906718581727,0.49705906718581727,0.0,True,False,True,False,completed,1.0,1.0,0.0,1.0,0.0,0.5029409328141827,1214.1999999999998,1127.5638824504697,50.25222222222224,d17fb47064bdfcb2,306,306,0,0.0,-1214.1999999999998,-1127.5638824504697,-50.25222222222224,1.0,-0.5029409328141827,0.0
496,train_balanced_1000495,0.7143707584236219,0.7143707584236219,0.0,True,False,True,False,completed,1.0,1.0,0.0,1.0,0.0,0.28562924157637815,479.80000000000007,204.74556566965,6.645555555555554,d17fb47064bdfcb2,132,132,0,0.0,-479.80000000000007,-204.74556566965,-6.645555555555554,1.0,-0.28562924157637815,0.0
497,train_balanced_1000496,-0.013333333333333197,-0.013333333333333308,0.0,False,True,False,True,unrecoverable_deadlock,0.9333333333333333,0.9838709677419355,0.0,0.9866666666666667,0.0,1.0,1052.4,589.9542419069901,63.59222222222223,d17fb47064bdfcb2,209,209,0,0.0,-1052.4,-589.9542419069901,-63.59222222222223,0.9866666666666667,-1.0,0.0
498,train_fatigue_bottleneck_1000497,0.43497172683775553,0.43497172683775553,0.0,True,False,True,False,completed,1.0,1.0,0.0,1.0,0.0,0.5650282731622445,1558.7999999999995,1171.8527318297292,13.598888888888887,d17fb47064bdfcb2,292,292,0,0.0,-1558.7999999999995,-1171.8527318297292,-13.598888888888887,1.0,-0.5650282731622445,0.0
499,train_high_arrival_pressure_1000498,0.45868052901154344,0.45868052901154344,0.0,True,False,True,False,completed,1.0,1.0,0.0,1.0,0.0,0.5413194709884566,1416.2000000000003,749.4240858875199,48.19555555555556,d17fb47064bdfcb2,273,273,0,0.0,-1416.2000000000003,-749.4240858875199,-48.19555555555556,1.0,-0.5413194709884566,0.0
500,train_balanced_1000499,0.5788712011577424,0.5788712011577424,0.0,True,False,True,False,completed,1.0,1.0,0.0,1.0,0.0,0.42112879884225757,873.0,729.3000531488599,51.37916666666667,d17fb47064bdfcb2,249,249,0,0.0,-873.0,-729.3000531488599,-51.37916666666667,1.0,-0.42112879884225757,0.0
