update_id,episode_start,episode_end,episode_count,parallel_envs,transition_count,environment_step_count,forced_action_count,forced_action_ratio,worker_step_command_count,worker_local_physical_forced_action_count,worker_local_physical_forced_share,estimated_worker_step_round_trips_avoided,sampling_wall_time_seconds,policy_inference_time_seconds,generation_time_seconds,environment_step_time_seconds,ppo_update_time_seconds,transitions_per_second,reward_phase,candidate_status,policy_loss,value_loss,entropy,loss,approx_kl,clip_fraction,ratio_mean,gradient_norm,gradient_clipped_fraction,gradient_norm_max,return_mean,return_std,advantage_mean,advantage_std,value_prediction_mean,value_prediction_std,pre_update_explained_variance,learning_rate,policy_head_weight_production_processing_time_norm,policy_head_weight_production_reconfiguration_time_norm,policy_head_weight_production_fixed_reconfiguration_cost_norm,policy_head_weight_production_estimated_labor_cost_norm,policy_head_weight_production_estimated_downtime_cost_norm,policy_head_weight_production_horizon_slack_norm,policy_head_weight_worker_stage_duration_norm,policy_head_weight_worker_projected_fatigue_ratio,policy_head_weight_worker_incremental_labor_cost_norm,policy_head_weight_worker_incremental_downtime_cost_norm,policy_head_weight_worker_incremental_load_variance_norm,policy_head_gate_production_common,policy_head_gate_production_residual,policy_head_gate_worker_common,policy_head_gate_worker_residual
1,0,9,10,10,2199,2199,0,0.0,2199,0,0.0,0,12.836054200000945,7.464523200207623,4.160659099987242,1.6418462000146974,23.498835300008068,60.52034367682485,feasibility,feasibility_best,-0.005996520564492259,0.01148238382967455,0.4472016768796103,-0.004727345525420138,0.0027448285327409394,0.029415760881134442,0.9989880170140948,0.36051553966743605,0.11428571428571428,1.931839108467102,0.21315667033195496,0.20522305369377136,0.17132557928562164,0.18263597786426544,0.04183107614517212,0.04155316576361656,0.20800882577896118,0.0001,-0.30038031935691833,-0.2999177873134613,-0.19965611398220062,-0.1999548375606537,-0.19992077350616455,0.2996425926685333,-0.29993924498558044,-0.29990342259407043,-0.19996771216392517,-0.19996272027492523,-0.19991599023342133,0.01799432747066021,0.11938872188329697,0.01798621006309986,0.11910010129213333
2,10,19,10,10,1892,1892,0,0.0,1892,0,0.0,0,8.299914399991394,6.188838499991107,1.45507290000387,1.6253764000284718,17.732386599993333,72.67893836972421,feasibility,not_applicable,-0.0027139433504392704,0.006291882961522788,0.5396707321206728,-0.00496470887446776,0.0012928620303985856,0.01895254629974564,1.0013967514038087,0.5549765215565761,0.4666666666666667,2.09430193901062,0.4350224435329437,0.2321329116821289,0.19176027178764343,0.08910822123289108,0.2432621866464615,0.16671809554100037,0.8526459336280823,0.0001,-0.30052754282951355,-0.3004465401172638,-0.1999954879283905,-0.2003340721130371,-0.20030054450035095,0.300042986869812,-0.3000597059726715,-0.3000187575817108,-0.1996099352836609,-0.2000405341386795,-0.19993087649345398,0.018011847510933876,0.11939530074596405,0.01798621006309986,0.11914528906345367
3,20,29,10,10,2153,2153,0,0.0,2153,0,0.0,0,9.524552000002586,7.270447399991099,1.4293668999889633,1.6033632002654485,21.678391200010083,68.99990126569618,feasibility,phase_transition,-0.0011996171464595724,0.004423034409923917,0.5494354183182997,-0.004482454325839439,0.0009909296996364206,0.009376120917937335,0.9997238990138558,0.43467628758619814,0.23529411764705882,1.814191222190857,0.5637649893760681,0.271173357963562,0.16370025277137756,0.07064344733953476,0.4000647962093353,0.23323580622673035,0.9321343898773193,0.0001,-0.30036869645118713,-0.3005664050579071,-0.20028342306613922,-0.20042243599891663,-0.20039576292037964,0.3000966012477875,-0.3002428412437439,-0.299894779920578,-0.19981785118579865,-0.2001732587814331,-0.19970761239528656,0.018008707091212273,0.1194629892706871,0.01798621006309986,0.11930039525032043
4,30,39,10,10,2398,2398,0,0.0,2398,0,0.0,0,10.85638490000565,8.342632400090224,1.5576051999814808,1.836601000119117,25.88154219998978,65.27314384050531,quality,not_promoted,-0.0017613431708397049,0.0035240586638744724,0.510488597578124,-0.005104200289535679,0.0016932355616805389,0.018558114080836897,1.0007409782786119,0.40491101341812236,0.2894736842105263,1.4296939373016357,0.6784669160842896,0.30629003047943115,0.13119573891162872,0.06658298522233963,0.5472710728645325,0.286620557308197,0.9527435898780823,0.0001,-0.30023252964019775,-0.30100247263908386,-0.20067249238491058,-0.20072945952415466,-0.2006547749042511,0.3004739582538605,-0.300185889005661,-0.3003029227256775,-0.19987373054027557,-0.2001577764749527,-0.19974565505981445,0.01803286001086235,0.11980165541172028,0.01798621006309986,0.11910580098628998
5,40,49,10,10,2785,2785,0,0.0,2785,0,0.0,0,13.84791129999212,9.993377700375277,2.021604000008665,2.147576499643037,29.844268600005307,63.741383615427345,quality,not_promoted,-0.0003141649914058772,0.0025906312379943715,0.38971985233100975,-0.0029160472516774794,0.0005951649568900889,0.0023082386363636365,1.0002525394613093,0.2848035407421941,0.125,1.0482239723205566,0.772647500038147,0.3099372386932373,0.10507064312696457,0.07365332543849945,0.6675769686698914,0.2921218276023865,0.9435274600982666,0.0001,-0.2998461425304413,-0.30151936411857605,-0.20121821761131287,-0.20110270380973816,-0.20096157491207123,0.300619512796402,-0.29956507682800293,-0.29966801404953003,-0.19985844194889069,-0.1997457593679428,-0.19949564337730408,0.01802145689725876,0.12012962996959686,0.01798621006309986,0.11921044439077377
6,50,59,10,10,2170,2170,0,0.0,2170,0,0.0,0,9.724990700007766,7.385900999972364,1.4590766999754123,1.5163437000155682,22.766968500000075,66.785754181283,quality,not_promoted,9.022818823509356e-05,0.002462927549084484,0.4596538359628004,-0.0032748469452866737,0.0017579778511443531,0.02734375,0.9998451234663234,0.37045554055229707,0.20588235294117646,1.1617097854614258,0.948176383972168,0.2514931857585907,0.11813481152057648,0.06360441446304321,0.8300415277481079,0.2635985016822815,0.9360380172729492,0.0001,-0.3003527522087097,-0.3016502261161804,-0.20130892097949982,-0.2011914849281311,-0.2010592222213745,0.301430881023407,-0.29973629117012024,-0.29972702264785767,-0.19975270330905914,-0.1998615264892578,-0.19939354062080383,0.018027495592832565,0.1203678771853447,0.01798621006309986,0.11933109909296036
7,60,69,10,10,2335,2335,0,0.0,2335,0,0.0,0,10.938921799999662,8.114057500220952,1.7956130000093253,1.6810008000175003,24.295091300009517,66.27119066375643,quality,not_promoted,0.0003276247266881369,0.0020868059651252837,0.45392720240193446,-0.0031682449783123024,0.0009220574034230054,0.012696163879858481,1.0003029067774076,0.37718493692778254,0.2702702702702703,1.0245989561080933,1.0102708339691162,0.2710554897785187,0.1027136892080307,0.06394226849079132,0.9075573682785034,0.28432467579841614,0.9443507194519043,0.0001,-0.3008313477039337,-0.30208688974380493,-0.2016463726758957,-0.20150013267993927,-0.20130814611911774,0.3020796775817871,-0.3000301420688629,-0.30010879039764404,-0.1997557282447815,-0.20005306601524353,-0.19958139955997467,0.018056970089673996,0.12074174731969833,0.01798621006309986,0.1191510409116745
8,70,79,10,10,2014,2014,0,0.0,2014,0,0.0,0,16.645795200005523,6.681945000222186,9.183578099997249,1.5482797001750441,18.57492529999581,57.182248727703445,quality,not_promoted,0.0015158307796809822,0.0019918557768505707,0.44822540041059256,-0.001970495140994899,0.0009306054857631807,0.013427734375,0.9997852789238095,0.3698520114412531,0.296875,0.8197309970855713,1.1810228824615479,0.20607157051563263,0.08937432616949081,0.05968881770968437,1.0916484594345093,0.20739035308361053,0.9161023497581482,0.0001,-0.3004556894302368,-0.30221182107925415,-0.20172251760959625,-0.201590895652771,-0.2014094591140747,0.3020693063735962,-0.300144761800766,-0.3001650869846344,-0.19978776574134827,-0.2001781016588211,-0.19964182376861572,0.018058940768241882,0.1209346130490303,0.01798621006309986,0.11907971650362015
9,80,89,10,10,2100,2100,0,0.0,2100,0,0.0,0,9.532562599997618,7.092237799864961,1.6232502999919234,1.6266631999751553,21.061022200010484,68.6418415405652,quality,not_promoted,-0.0013257228825805764,0.0013896475711865633,0.4510202141422214,-0.005141101199004686,0.0017187953609126535,0.021051864817061207,1.001996830557332,0.28706578741019423,0.12121212121212122,1.0327016115188599,1.1800217628479004,0.24459756910800934,0.08061559498310089,0.061590541154146194,1.099406123161316,0.24926848709583282,0.9365949630737305,0.0001,-0.3001171052455902,-0.3024546504020691,-0.2020300030708313,-0.20175014436244965,-0.20155256986618042,0.30203741788864136,-0.30058684945106506,-0.3005043864250183,-0.20011165738105774,-0.20052683353424072,-0.19978968799114227,0.01803739182651043,0.12147743999958038,0.01798621006309986,0.1192350834608078
10,90,99,10,10,2056,2056,0,0.0,2056,0,0.0,0,8.958878600009484,6.904346199982683,1.2800442000152543,1.43003720031993,19.698722400004044,71.74361873483511,quality,not_promoted,0.0010375184373873653,0.001194763854128365,0.40251845031073596,-0.0023902847121159234,0.0006584762560316559,0.009706439393939394,0.9992150266965231,0.2679607934233817,0.10606060606060606,0.7528955936431885,1.2626874446868896,0.18911273777484894,0.0624837689101696,0.05894698575139046,1.200203776359558,0.1890193670988083,0.902841329574585,0.0001,-0.3000548779964447,-0.3031603693962097,-0.2024952918291092,-0.20223882794380188,-0.2020324468612671,0.30260252952575684,-0.300825834274292,-0.3006388545036316,-0.2005523443222046,-0.20066353678703308,-0.19969193637371063,0.01801741123199463,0.12199066579341888,0.01798621006309986,0.11925213038921356
11,100,109,10,10,2102,2102,0,0.0,2102,0,0.0,0,9.866310500001418,7.199302799781435,2.0272562999889487,1.466450699736015,20.296744399995077,69.68790153945064,quality,not_promoted,0.0002584912052208727,0.0008322152628379902,0.3885185086365902,-0.0032105861923121142,0.0006865695705652219,0.011644219979643822,1.0004447102546692,0.23185460145274797,0.09090909090909091,0.6186338067054749,1.3079732656478882,0.22160407900810242,0.05542343109846115,0.04996870830655098,1.2525500059127808,0.21361546218395233,0.949155867099762,0.0001,-0.29988235235214233,-0.3034180998802185,-0.20271770656108856,-0.20239514112472534,-0.20215272903442383,0.30277711153030396,-0.3008314371109009,-0.3010806143283844,-0.2007419466972351,-0.20066842436790466,-0.19979700446128845,0.01801154389977455,0.12241396307945251,0.01798621006309986,0.11950789391994476
12,110,119,10,10,2467,2467,0,0.0,2467,0,0.0,0,11.238626100006513,8.692351299934671,1.812345100013772,1.7016774002840975,25.935834799995064,66.36276465813914,quality,not_promoted,0.002985819027974055,0.0007758256354300568,0.3823004464308421,-0.00044927247561132297,0.001265846257201002,0.016191620881167743,1.000136143121964,0.21654594799455923,0.05128205128205128,0.6537703275680542,1.3751150369644165,0.2497531622648239,0.050675973296165466,0.05232851579785347,1.324439287185669,0.25008687376976013,0.9561010003089905,0.0001,-0.29993000626564026,-0.3031509518623352,-0.20291733741760254,-0.20219412446022034,-0.20195335149765015,0.3026266098022461,-0.3017578721046448,-0.30187779664993286,-0.2008923888206482,-0.2014206051826477,-0.20003511011600494,0.017990076914429665,0.12233676016330719,0.01798621006309986,0.11997700482606888
13,120,129,10,10,2288,2288,0,0.0,2288,0,0.0,0,10.110239400004502,7.782981299911626,1.5419863999995869,1.6002821001020493,22.340526699990733,70.50681000718612,quality,not_promoted,-0.0007313959973139896,0.0006066869308496178,0.4055245713227325,-0.004483298663722558,0.00035383570421901014,0.004991319444444444,1.000079319708877,0.20967487468280727,0.027777777777777776,0.6643437147140503,1.415295958518982,0.2310977280139923,0.037935610860586166,0.04573344439268112,1.3773605823516846,0.22134096920490265,0.9608369469642639,0.0001,-0.2997080981731415,-0.30329629778862,-0.20323322713375092,-0.20230674743652344,-0.2020260989665985,0.30282828211784363,-0.3018813133239746,-0.3019254803657532,-0.20121023058891296,-0.20152124762535095,-0.20007744431495667,0.017943475395441055,0.12247973680496216,0.01798621006309986,0.11986255645751953
14,130,139,10,10,2332,2332,0,0.0,2332,0,0.0,0,11.986747400005697,8.418078099930426,2.0999424000183353,1.637460700047086,25.235343599997577,62.65096713668759,quality,not_promoted,-0.0014882679852480825,0.00042448146357216773,0.3260599300265312,-0.004536626992646504,0.00021608735912466087,0.0016891891891891893,0.999897459874282,0.17628357589647575,0.0,0.4134606122970581,1.4329795837402344,0.23837414383888245,0.02581038884818554,0.04015812650322914,1.4071693420410156,0.22996114194393158,0.9716189503669739,0.0001,-0.29957759380340576,-0.3036995828151703,-0.2034129500389099,-0.20259122550487518,-0.20237699151039124,0.30305030941963196,-0.3016682267189026,-0.30184972286224365,-0.20140597224235535,-0.20135872066020966,-0.20008549094200134,0.017972275614738464,0.12274285405874252,0.01798621006309986,0.11963555961847305
15,140,149,10,10,2169,2169,0,0.0,2169,0,0.0,0,9.544943500004592,7.3031980002706405,1.4309260999580147,1.470344699715497,21.2204858000041,70.50121026588072,quality,not_promoted,-6.413419374867397e-05,0.00042649145496611977,0.4041684296201257,-0.0038925719255691067,0.0005377106995852313,0.009763609398813808,1.000129438498441,0.189953500569305,0.029411764705882353,0.6168289184570312,1.4566057920455933,0.2531825006008148,0.022130422294139862,0.039114709943532944,1.4344754219055176,0.2479698807001114,0.9761321544647217,0.0001,-0.3003006875514984,-0.30387645959854126,-0.2035784274339676,-0.20271798968315125,-0.20246641337871552,0.3033474385738373,-0.3014224171638489,-0.30144187808036804,-0.2011503428220749,-0.20118682086467743,-0.19996266067028046,0.017962390556931496,0.12310570478439331,0.01798621006309986,0.11953000724315643
16,150,159,10,10,2334,2334,0,0.0,2334,0,0.0,0,19.358698800002458,8.029380699881585,10.4754699000041,1.7131271999824094,24.310903500008862,53.446788545619405,quality,not_promoted,-0.0009107796878025338,0.0004101186920731404,0.4498380346072687,-0.005204100747013817,0.0011125970682966196,0.016948198245183843,1.0012007428182137,0.2036868159634036,0.013513513513513514,0.5226514935493469,1.4750950336456299,0.24383734166622162,0.02150581032037735,0.03598720580339432,1.4535892009735107,0.23929448425769806,0.9782180786132812,0.0001,-0.3002147376537323,-0.3039490282535553,-0.20349963009357452,-0.20276299118995667,-0.20245371758937836,0.30300524830818176,-0.30149149894714355,-0.3012058436870575,-0.20106379687786102,-0.20123089849948883,-0.20002582669258118,0.017978893592953682,0.12312358617782593,0.01798621006309986,0.11974376440048218
17,160,169,10,10,2173,2173,0,0.0,2173,0,0.0,0,10.407600000005914,7.527890400029719,1.9336661999841454,1.679894999746466,20.938782500001253,69.32219371723366,quality,not_promoted,-0.0001717271310660769,0.00025921231473844005,0.4178524788688211,-0.004220645100919201,0.0010092739745125394,0.012430689461967525,0.9991553048877155,0.1658433287349694,0.0,0.47746527194976807,1.4664628505706787,0.24235841631889343,0.011015255935490131,0.023129645735025406,1.4554476737976074,0.2366531789302826,0.9908920526504517,0.0001,-0.30037403106689453,-0.3043251931667328,-0.20379427075386047,-0.20303082466125488,-0.20265509188175201,0.30304285883903503,-0.3018687665462494,-0.3020680546760559,-0.2005283087491989,-0.20155620574951172,-0.20057129859924316,0.018002580851316452,0.12341970205307007,0.01798621006309986,0.12003479897975922
18,170,179,10,10,1909,1909,0,0.0,1909,0,0.0,0,8.389676799997687,6.298739499936346,1.3379196999740088,1.3183707001880975,18.086705900001107,72.1019945069795,quality,not_promoted,0.000327837032576402,0.00020025047791326264,0.4104167838891347,-0.0036762047481412687,0.00032647977083494575,0.004166666666666667,1.0001567234595616,0.12826354826490086,0.0,0.38905805349349976,1.490734338760376,0.2685052454471588,0.005597607232630253,0.022039314731955528,1.4851367473602295,0.2688762843608856,0.9932626485824585,0.0001,-0.3003048002719879,-0.30460140109062195,-0.204121932387352,-0.20322102308273315,-0.20277614891529083,0.30322039127349854,-0.3018265664577484,-0.3021632134914398,-0.20030833780765533,-0.20152314007282257,-0.20064915716648102,0.018007759004831314,0.12366706132888794,0.01798621006309986,0.12027042359113693
19,180,189,10,10,1871,1871,0,0.0,1871,0,0.0,0,8.249153799988562,6.091997600131435,1.4135697000019718,1.3566749001765857,17.357018900002004,73.06831918698609,quality,not_promoted,-0.006717193964868784,0.00019003331763087772,0.3936515291531881,-0.010558691690675914,0.00011945959788685437,0.0,0.9998084177573522,0.13653592641154924,0.016666666666666666,0.6241567134857178,1.452106237411499,0.2595554292201996,0.0049589090049266815,0.01832498051226139,1.4471473693847656,0.2610405385494232,0.9950154423713684,5e-05,-0.3003406524658203,-0.30476269125938416,-0.2042003571987152,-0.20332729816436768,-0.20290619134902954,0.30337390303611755,-0.3017973005771637,-0.3020852208137512,-0.20033258199691772,-0.20148760080337524,-0.20065198838710785,0.018016740679740906,0.12380141764879227,0.01798621006309986,0.1201227530837059
20,190,199,10,10,1820,1820,0,0.0,1820,0,0.0,0,7.919612500001676,5.951193899920327,1.366007000033278,1.3775533004372846,16.89521750000131,73.34323870039735,quality,not_promoted,0.0033570086294464,0.00018469783402718444,0.40323353250478877,-0.000582978884079333,0.0007475845963324837,0.010660406458994439,0.9992160910162432,0.15829657988044724,0.05172413793103448,0.7218989133834839,1.444383144378662,0.2718711197376251,0.000606255023740232,0.01569647341966629,1.4437768459320068,0.2734956443309784,0.996666669845581,5e-05,-0.30046185851097107,-0.30466046929359436,-0.2041841745376587,-0.20325909554958344,-0.2028639316558838,0.3034207820892334,-0.3018612563610077,-0.30229291319847107,-0.20030860602855682,-0.20152954757213593,-0.20088520646095276,0.01802511140704155,0.12380810081958771,0.01798621006309986,0.12005838751792908
21,200,209,10,10,2062,2062,0,0.0,2062,0,0.0,0,9.740175700004329,7.048139500024263,1.4420344000100158,1.4504037000588141,20.019481900002575,69.2884315980679,quality,not_promoted,-0.0033412371959650154,0.0001805022452158896,0.3518238006667657,-0.006769223681961496,0.0001046808151270518,0.0007102272727272727,1.0000557158932541,0.14595542213117535,0.015151515151515152,0.679317057132721,1.509178876876831,0.28476008772850037,0.0033277287147939205,0.01569269225001335,1.505851149559021,0.2881453335285187,0.9969630837440491,5e-05,-0.3005877435207367,-0.30477821826934814,-0.2042512446641922,-0.2033417522907257,-0.20295071601867676,0.3035888969898224,-0.30203208327293396,-0.3024948835372925,-0.20019732415676117,-0.20165055990219116,-0.20122742652893066,0.01802126318216324,0.12393724173307419,0.01798621006309986,0.11998587846755981
22,210,219,10,10,1796,1796,0,0.0,1796,0,0.0,0,8.237980899997638,5.918478699881234,1.7832135000062408,1.3339140004245564,16.32039250001253,73.13187932875296,quality,not_promoted,0.004848581642426294,0.00020543455126432396,0.40041046769454564,0.0009471931342228219,0.0002610776011414569,0.0024245689655172415,1.000299299585408,0.2073831983745612,0.034482758620689655,0.6779342293739319,1.4858026504516602,0.27473995089530945,0.004422421101480722,0.014400599524378777,1.4813801050186157,0.27665039896965027,0.9972526431083679,5e-05,-0.30041974782943726,-0.30461475253105164,-0.20427702367305756,-0.20322048664093018,-0.2028125375509262,0.30347728729248047,-0.30215775966644287,-0.3026750087738037,-0.20020951330661774,-0.20174115896224976,-0.20145590603351593,0.018024642020463943,0.12390853464603424,0.01798621006309986,0.1200057864189148
23,220,229,10,10,2342,2342,0,0.0,2342,0,0.0,0,10.362805600001593,8.006747700026608,1.509949500017683,1.6312617997900816,23.17688939999789,69.82770713925801,quality,not_promoted,-0.0015446545833067314,0.0001566240492605642,0.38359544567159704,-0.005302296624191709,0.001208999934386009,0.020559210531614924,1.0005562804840706,0.09679294875948816,0.0,0.3409232199192047,1.5135623216629028,0.2626880407333374,0.004454129841178656,0.013931343331933022,1.509108066558838,0.2645760178565979,0.9971874356269836,5e-05,-0.30044519901275635,-0.3044154942035675,-0.2042199820280075,-0.20308144390583038,-0.2026752233505249,0.3033336400985718,-0.30229008197784424,-0.30282464623451233,-0.20018784701824188,-0.20181551575660706,-0.2017131894826889,0.018028635531663895,0.12383298575878143,0.01798621006309986,0.12000537663698196
24,230,239,10,10,6358,6358,0,0.0,6358,0,0.0,0,47.23804499999096,27.589288699717144,1.600999700036482,9.311573200509883,60.971859899989795,58.75617399236002,quality,not_promoted,0.0012087291246280073,0.014000789180245192,0.1108540565893054,0.007100583000574261,9.19989752856054e-05,0.000703125,0.9999448639154435,0.26985731299500915,0.14,0.9142612218856812,1.5910444259643555,0.19865083694458008,-0.008613808080554008,0.11749431490898132,1.5996582508087158,0.15941859781742096,0.6501733064651489,5e-05,-0.30048447847366333,-0.3043639659881592,-0.20420122146606445,-0.2030458301305771,-0.2026432305574417,0.30332911014556885,-0.3022920489311218,-0.30285999178886414,-0.2002284973859787,-0.20181384682655334,-0.20176595449447632,0.018028339371085167,0.12382326275110245,0.01798621006309986,0.12002044171094894
25,240,249,10,10,1699,1699,0,0.0,1699,0,0.0,0,7.286529699995299,5.374219299963443,1.4087324000283843,1.286743299846421,15.090005099991686,75.92775267424285,quality,not_promoted,-0.0035049498633102135,0.00016852783233776723,0.41684451036983067,-0.007589130360564148,0.0005137630869958903,0.011284722222222222,1.0013026341244027,0.20608950075176027,0.07407407407407407,0.6280678510665894,1.4722505807876587,0.2698252499103546,-0.0009801248088479042,0.013797306455671787,1.4732308387756348,0.2650344967842102,0.9973852634429932,5e-05,-0.30040061473846436,-0.30457454919815063,-0.20435376465320587,-0.20319728553295135,-0.20280025899410248,0.3034851849079132,-0.30244380235671997,-0.3030870854854584,-0.2002124786376953,-0.20191597938537598,-0.20205490291118622,0.018029868602752686,0.12390974164009094,0.01798621006309986,0.12002313882112503
26,250,259,10,10,2176,2176,0,0.0,2176,0,0.0,0,10.356595700010075,7.498478000241448,2.2072975000337465,1.5467969003948383,23.0067154999997,65.22134409726581,quality,not_promoted,0.0004275966202840209,0.00012285390146323205,0.38255949603284106,-0.0033365728244568933,0.00040163795004927497,0.0057444852941176475,1.0005611523109323,0.165007428101757,0.04411764705882353,0.799495279788971,1.5216587781906128,0.2655249238014221,0.0015660597709938884,0.012869920581579208,1.5200928449630737,0.2599157989025116,0.997650682926178,5e-05,-0.30064597725868225,-0.30480054020881653,-0.20457300543785095,-0.203371062874794,-0.20296525955200195,0.3038046658039093,-0.30276983976364136,-0.30318260192871094,-0.20049795508384705,-0.20213976502418518,-0.20225076377391815,0.018029285594820976,0.12406286597251892,0.01798621006309986,0.1200883686542511
27,260,269,10,10,2056,2056,0,0.0,2056,0,0.0,0,10.313155700001516,6.948819300276227,2.4052546999737388,1.5719257997116074,19.128836499992758,69.83223098606757,quality,not_promoted,-0.00021569169775554627,0.00012843950720376927,0.37703419544480066,-0.003921812957604275,0.0005544756987188575,0.008049242424242424,0.999748127930092,0.14773268145367954,0.0,0.44850221276283264,1.5434463024139404,0.2791593670845032,0.0008547921315766871,0.012147963047027588,1.5425914525985718,0.2775084674358368,0.9981063604354858,5e-05,-0.3005107045173645,-0.30503854155540466,-0.20479127764701843,-0.20354008674621582,-0.20313607156276703,0.30384042859077454,-0.303029865026474,-0.3033199608325958,-0.20018333196640015,-0.20230883359909058,-0.20247352123260498,0.018034785985946655,0.12424221634864807,0.01798621006309986,0.1203097403049469
28,270,279,10,10,2078,2078,0,0.0,2078,0,0.0,0,17.934901800006628,6.8661718999937875,10.134394099979545,1.4557869997806847,20.181310600004508,54.51748400896708,quality,not_promoted,-0.00033806494408936214,9.347806967112278e-05,0.3724239491152041,-0.004015565659342842,0.0002999654963346212,0.003077651515151515,1.0000229080518086,0.11440274058700059,0.0,0.29455801844596863,1.5337384939193726,0.2788984775543213,0.0001229260378750041,0.011721703223884106,1.5336154699325562,0.27612483501434326,0.9982336163520813,5e-05,-0.3006650507450104,-0.3049679100513458,-0.2047894150018692,-0.2035122513771057,-0.20302192866802216,0.30390772223472595,-0.3030502200126648,-0.3034473657608032,-0.20010140538215637,-0.2023751139640808,-0.2026788592338562,0.01802709512412548,0.12424591183662415,0.01798621006309986,0.12031568586826324
29,280,289,10,10,2265,2265,0,0.0,2265,0,0.0,0,10.808381499999086,7.784875199911767,2.1710076999879675,1.4520466997928452,23.321056400003727,66.36499571532097,quality,not_promoted,-0.00021147968557973704,0.00010416417464714161,0.34454499785270953,-0.0036048470873437407,0.00019931219806797648,0.0,1.0000178093711536,0.13660060847178102,0.0,0.3542831540107727,1.56986665725708,0.273978590965271,-0.0005664770724251866,0.011753646656870842,1.570433259010315,0.27054598927497864,0.9981595873832703,5e-05,-0.30058690905570984,-0.3049467206001282,-0.20478613674640656,-0.2035280019044876,-0.20299649238586426,0.303841233253479,-0.3032335340976715,-0.3032258450984955,-0.2000025063753128,-0.20249630510807037,-0.2027948647737503,0.018040494993329048,0.12423806637525558,0.01798621006309986,0.12021808326244354
30,290,299,10,10,2340,2340,0,0.0,2340,0,0.0,0,10.509370099985972,8.075815900141606,1.5357675999839557,1.6023021002911264,25.696185499997227,64.63096508871378,quality,not_promoted,-0.004129102529102081,9.302100526740007e-05,0.349892776560139,-0.007581519853399211,0.0006406959585768385,0.011472409943471084,1.0002503701158472,0.11034660829180801,0.0,0.49891242384910583,1.5368777513504028,0.2728588283061981,-0.0006292985053732991,0.009880886413156986,1.5375069379806519,0.2736845016479492,0.9986886382102966,5e-05,-0.3005319833755493,-0.30504360795021057,-0.20481033623218536,-0.2035779058933258,-0.20309726893901825,0.30384841561317444,-0.30343687534332275,-0.30357638001441956,-0.2000817209482193,-0.2026163637638092,-0.2030692994594574,0.01803545281291008,0.12432615458965302,0.01798621006309986,0.12029457092285156
31,300,309,10,10,2274,2274,0,0.0,2274,0,0.0,0,10.146461100011948,7.74708109999483,1.5911106999701587,1.535536499810405,24.774986900010845,65.11757473511739,quality,not_promoted,0.00032334562598003284,8.39653204012494e-05,0.3573775469428963,-0.003208446980958494,0.000128346659140435,0.0026041666666666665,0.9999690171745088,0.11245227405904895,0.0,0.4854922890663147,1.5518113374710083,0.2768993377685547,0.00029593377257697284,0.010025649331510067,1.5515153408050537,0.27739015221595764,0.9986890554428101,5e-05,-0.3004800081253052,-0.3053237199783325,-0.20495116710662842,-0.20377720892429352,-0.2032964527606964,0.3041030466556549,-0.30357566475868225,-0.3038528859615326,-0.20007869601249695,-0.20268169045448303,-0.20338964462280273,0.018025418743491173,0.12444470077753067,0.01798621006309986,0.12043079733848572
32,310,319,10,10,2488,2488,0,0.0,2488,0,0.0,0,20.29458399998839,8.860944799977005,10.994736200009356,1.6296749001630815,27.021632399992086,52.582395408966526,quality,not_promoted,0.00017624682722947537,7.925354461454284e-05,0.3786269942155251,-0.003570396817313173,0.00033518756409205543,0.005837912098146402,0.9990341097880633,0.10401206633123831,0.01282051282051282,0.529212236404419,1.595215916633606,0.2673192024230957,-4.6307770389830694e-05,0.011048571206629276,1.5952622890472412,0.26748836040496826,0.9982917308807373,5e-05,-0.3006006181240082,-0.3054935336112976,-0.20487847924232483,-0.20390263199806213,-0.20341408252716064,0.30443674325942993,-0.3038148581981659,-0.30425122380256653,-0.19994942843914032,-0.20287588238716125,-0.2035956233739853,0.018024224787950516,0.12447506934404373,0.01798621006309986,0.12047908455133438
33,320,329,10,10,2229,2229,0,0.0,2229,0,0.0,0,20.774953700005426,7.620278600079473,12.43701679998776,1.4896580997447018,21.863808800000697,52.27637645439827,quality,not_promoted,-8.17758430327688e-06,9.496227004482144e-05,0.3710051357746124,-0.0036707492578508596,0.0003607775939599378,0.005803571428571429,0.9996081743921552,0.14217498736189946,0.0,0.46999868750572205,1.5591663122177124,0.28339704871177673,-0.0015594081487506628,0.010145308449864388,1.5607255697250366,0.2839606702327728,0.9987184405326843,5e-05,-0.3005935847759247,-0.3056243360042572,-0.20495598018169403,-0.20399366319179535,-0.20348958671092987,0.30458852648735046,-0.304277628660202,-0.3046574890613556,-0.19980035722255707,-0.20328176021575928,-0.20394514501094818,0.018025537952780724,0.12457968294620514,0.01798621006309986,0.12076308578252792
34,330,339,10,10,1988,1988,0,0.0,1988,0,0.0,0,8.77524750000157,6.6031648999487516,1.4664270999928704,1.389053099861485,18.876813399998355,71.89337558561523,quality,not_promoted,0.011294257128611207,7.399790456474875e-05,0.33987203310243785,0.007932534965220839,0.0003075182885368122,0.00634765625,0.9998919330537319,0.11180192374740727,0.015625,0.5243785977363586,1.4862158298492432,0.26999276876449585,-0.0015766234137117863,0.008749779313802719,1.4877924919128418,0.27115532755851746,0.9989497661590576,2.5e-05,-0.3005521297454834,-0.30569422245025635,-0.20497307181358337,-0.20404188334941864,-0.20353995263576508,0.30464455485343933,-0.3045806884765625,-0.30490124225616455,-0.19971294701099396,-0.2034962773323059,-0.20416782796382904,0.018024567514657974,0.12461338192224503,0.01798621006309986,0.12093695253133774
35,340,349,10,10,2263,2263,0,0.0,2263,0,0.0,0,9.996241799992276,7.502222300041467,1.4256079000042519,1.4990015005023452,23.155239200001233,68.26241035809058,quality,not_promoted,0.0023723863220463195,9.453410034944277e-05,0.2972534474813276,-0.000552880813807456,6.344131501615873e-05,0.0,1.0000300630927086,0.0886676592959298,0.0,0.3195232152938843,1.4906514883041382,0.2778618037700653,-0.0014564397279173136,0.010144868865609169,1.4921077489852905,0.2793417274951935,0.9986670017242432,2.5e-05,-0.30055585503578186,-0.3057546317577362,-0.20498938858509064,-0.20408636331558228,-0.20361880958080292,0.3046972453594208,-0.3047143518924713,-0.30500563979148865,-0.19976501166820526,-0.203588604927063,-0.20434695482254028,0.018024878576397896,0.12465367466211319,0.01798621006309986,0.12112921476364136
36,350,359,10,10,2338,2338,0,0.0,2338,0,0.0,0,10.458392400003504,8.027641199834761,1.3059154999937164,1.515563099688734,25.5489222999895,64.93125131601259,quality,not_promoted,-2.367600697923351e-05,8.297924909424478e-05,0.3208487241252049,-0.0031906725914293043,8.475003224899606e-05,0.0014780405405405406,1.0001347121354696,0.09847823079876802,0.013513513513513514,0.5563526153564453,1.512479543685913,0.27185186743736267,-0.0016710752388462424,0.009190472774207592,1.5141505002975464,0.2712714374065399,0.9988570809364319,2.5e-05,-0.30060893297195435,-0.30583807826042175,-0.2050451934337616,-0.2041526734828949,-0.2036723643541336,0.30478864908218384,-0.30479586124420166,-0.3050983250141144,-0.19979983568191528,-0.20364564657211304,-0.20447902381420135,0.01802719570696354,0.12466645240783691,0.01798621006309986,0.12120595574378967
37,360,369,10,10,2455,2455,0,0.0,2455,0,0.0,0,11.548202699996182,8.498409899912076,1.7109878999908688,1.78134909941582,24.96211670000048,67.2412633015811,quality,not_promoted,0.0038126131567435386,6.985135139704932e-05,0.3088866306039003,0.0007586730494856453,3.7355921929742974e-05,0.0,0.9999834253237798,0.10598789585324433,0.0,0.48943156003952026,1.503656268119812,0.2732759416103363,-0.0011133201187476516,0.00846365187317133,1.5047695636749268,0.2734399437904358,0.9990407824516296,2.5e-05,-0.3005726933479309,-0.30599215626716614,-0.20517297089099884,-0.20426177978515625,-0.20377711951732635,0.30485591292381287,-0.3049086630344391,-0.3051414489746094,-0.19976423680782318,-0.20373456180095673,-0.20458845794200897,0.018013644963502884,0.12476703524589539,0.01798621006309986,0.12120186537504196
38,370,379,10,10,2214,2214,0,0.0,2214,0,0.0,0,9.918768399991677,7.433000000091852,2.007145900002797,1.4256497997557744,23.803538899999694,65.65387060572117,quality,not_promoted,0.0014979203497724875,8.552253093512263e-05,0.3098260881645339,-0.001557578715229673,0.00029134666139205885,0.005803571428571429,1.000253425325666,0.0906887057104281,0.0,0.4880692958831787,1.5315847396850586,0.2606727182865143,-0.0005759693449363112,0.00949921552091837,1.5321606397628784,0.26130953431129456,0.9986720681190491,2.5e-05,-0.3004874289035797,-0.306083083152771,-0.20528125762939453,-0.204326331615448,-0.20383881032466888,0.30483490228652954,-0.30491411685943604,-0.3052738308906555,-0.19972747564315796,-0.20374669134616852,-0.20474651455879211,0.01801639422774315,0.12483808398246765,0.01798621006309986,0.12133537977933884
39,380,389,10,10,2016,2016,0,0.0,2016,0,0.0,0,9.045395800014376,6.766268300023512,1.6221993999934057,1.379424100072356,21.301898000005167,66.43096459555487,quality,not_promoted,-0.0059616981307044625,5.999968857395288e-05,0.3374564331024885,-0.00930626323679462,8.07368496680283e-05,0.001220703125,1.0002074055373669,0.13358580722706392,0.0,0.4336644411087036,1.4840707778930664,0.26889118552207947,0.00026341911870986223,0.00808209553360939,1.4838074445724487,0.26933473348617554,0.9990965723991394,2.5e-05,-0.300468385219574,-0.306167334318161,-0.20533840358257294,-0.20439095795154572,-0.20389099419116974,0.30489611625671387,-0.3049180209636688,-0.305436909198761,-0.19972600042819977,-0.20375193655490875,-0.20492607355117798,0.018023166805505753,0.12487207353115082,0.01798621006309986,0.12139155715703964
40,390,399,10,10,1912,1912,0,0.0,1912,0,0.0,0,8.235525100011728,6.2446004000958055,1.4301234999875305,1.2813444001221796,19.05072289999225,70.07192780772648,quality,not_promoted,-7.7053252607584e-05,6.493429846159416e-05,0.3315162604053815,-0.003359748888760805,8.63587905617654e-05,0.0,1.0000873804092407,0.10745231684607764,0.0,0.30549830198287964,1.4855810403823853,0.2692893147468567,-0.0002807914570439607,0.008398359641432762,1.4858617782592773,0.2696243226528168,0.9990273714065552,2.5e-05,-0.3005758225917816,-0.30632928013801575,-0.20547367632389069,-0.20450173318386078,-0.20398160815238953,0.3049926161766052,-0.3050784170627594,-0.3056296706199646,-0.1997586339712143,-0.20386378467082977,-0.2051142156124115,0.018022794276475906,0.12494834512472153,0.01798621006309986,0.12151721864938736
41,400,409,10,10,2175,2175,0,0.0,2175,0,0.0,0,9.749693599995226,7.2688042001391295,1.4356468999903882,1.35543309962668,22.6256255999906,67.18080481507506,quality,not_promoted,-0.00022744558587232058,6.0006230582717655e-05,0.30240828653468804,-0.0032215252285823226,0.00015860902291987098,0.002297794117647059,0.9998909419073778,0.10628828877473578,0.0,0.3308217525482178,1.531409502029419,0.28177446126937866,-0.0002447512815706432,0.007813975214958191,1.5316541194915771,0.281387597322464,0.9992309808731079,2.5e-05,-0.3005869686603546,-0.30643776059150696,-0.2055778205394745,-0.20457592606544495,-0.20405982434749603,0.3050691485404968,-0.30524301528930664,-0.3057171702384949,-0.19970986247062683,-0.2039765566587448,-0.20521286129951477,0.018017221242189407,0.1250123530626297,0.01798621006309986,0.12158842384815216
42,410,419,10,10,1733,1733,0,0.0,1733,0,0.0,0,7.616900300010457,5.726388499911991,1.4985472000262234,1.2312790000141831,15.688752900008694,74.35964077585159,quality,not_promoted,-0.011853384818615658,7.313223860754598e-05,0.34767669519143446,-0.015293583793598893,4.1428136421067e-06,0.0,0.9999714536326272,0.1071396147100521,0.0,0.4040687680244446,1.484657645225525,0.28258782625198364,-0.00041926081757992506,0.008822150528430939,1.4850770235061646,0.28277114033699036,0.9990253448486328,2.5e-05,-0.3006862699985504,-0.30653831362724304,-0.20561198890209198,-0.20464716851711273,-0.2041325867176056,0.3052569329738617,-0.3053402602672577,-0.3058393895626068,-0.19969752430915833,-0.20404183864593506,-0.20530396699905396,0.018020469695329666,0.12507264316082,0.01798621006309986,0.12160126864910126
43,420,429,10,10,1896,1896,0,0.0,1896,0,0.0,0,8.317644599999767,6.147969999947236,1.4145314000197686,1.2964907998830313,18.406603099996573,70.94680536134454,quality,not_promoted,0.0007822309775898854,6.859756461684204e-05,0.3333068365852038,-0.002516538572187225,9.57891257750513e-06,0.0,0.9999662866195043,0.11669531154135863,0.016666666666666666,0.5116197466850281,1.447845697402954,0.27539148926734924,0.0008679793099872768,0.008603577502071857,1.4469778537750244,0.275422602891922,0.999023973941803,2.5e-05,-0.3006064295768738,-0.30666181445121765,-0.2057182937860489,-0.20473335683345795,-0.20422245562076569,0.3053314685821533,-0.3053101599216461,-0.305919349193573,-0.1996743083000183,-0.20401106774806976,-0.20540869235992432,0.018030572682619095,0.12515857815742493,0.01798621006309986,0.12157829850912094
44,430,439,10,10,1907,1907,0,0.0,1907,0,0.0,0,8.27697989999433,6.22952300022007,1.6235177000053227,1.310072300635511,18.328431599991745,71.67714733527042,quality,not_promoted,-0.0013677788898348807,5.7447853881361276e-05,0.3023919850587845,-0.0043629741917053854,0.00010667240026123182,0.0026041666666666665,0.9999849398930868,0.07009646429990729,0.0,0.28591567277908325,1.4894959926605225,0.27769532799720764,0.0017308867536485195,0.007845364511013031,1.4877651929855347,0.27964910864830017,0.9992018342018127,2.5e-05,-0.30062443017959595,-0.3067488372325897,-0.205795019865036,-0.20478779077529907,-0.2042943239212036,0.30542364716529846,-0.30539414286613464,-0.3060166835784912,-0.19962960481643677,-0.2040693312883377,-0.20550186932086945,0.018028201535344124,0.12521612644195557,0.01798621006309986,0.12163441628217697
45,440,449,10,10,2042,2042,0,0.0,2042,0,0.0,0,9.222905400005402,6.772331900137942,1.625988400017377,1.4295647001708858,21.623043300001882,66.19994151775003,quality,not_promoted,-0.0002089385816361755,7.038708548634531e-05,0.30699644261039793,-0.0032437090812891256,8.985189577259689e-06,0.0,1.000113220885396,0.07381082398933358,0.0,0.28503289818763733,1.4912865161895752,0.2743561565876007,0.0005238188896328211,0.00861686933785677,1.4907625913619995,0.27323824167251587,0.9990135431289673,2.5e-05,-0.30057400465011597,-0.3069661259651184,-0.20591403543949127,-0.20493394136428833,-0.2044343650341034,0.30557894706726074,-0.30553138256073,-0.3061370551586151,-0.19958272576332092,-0.20418262481689453,-0.20568108558654785,0.018027018755674362,0.1253269910812378,0.01798621006309986,0.12177436053752899
46,450,459,10,10,6654,6654,0,0.0,6654,0,0.0,0,49.448227499990026,30.270986000119592,1.6564807999675395,7.98298200123827,74.64606840000488,53.620514559044075,quality,not_promoted,-1.6231080875373802e-05,0.010462734301199816,0.10284054360370366,0.004186730849211857,6.862995751870488e-07,0.0,1.0000057802177393,0.20025336886577022,0.04326923076923077,0.8403173089027405,1.6285189390182495,0.22065626084804535,-0.008640703745186329,0.10493936389684677,1.6371595859527588,0.1852901428937912,0.7738251090049744,2.5e-05,-0.3005567491054535,-0.3069760501384735,-0.2059294432401657,-0.20493976771831512,-0.20444051921367645,0.3055729568004608,-0.3055480122566223,-0.30616089701652527,-0.1995699107646942,-0.2041976898908615,-0.20572078227996826,0.018027039244771004,0.1253369301557541,0.01798621006309986,0.1218067929148674
47,460,469,10,10,2485,2485,0,0.0,2485,0,0.0,0,11.72135980000894,8.71442170010414,2.6305986999941524,1.5631335001380648,27.92868250000174,62.67332531948725,quality,not_promoted,0.0008230012459441638,0.00017426944619868524,0.31845417618751526,-0.0022744046500286995,3.819150959735942e-05,0.0,0.9999702878487415,0.14630724938634115,0.038461538461538464,0.7656011581420898,1.584205985069275,0.2605651319026947,-6.032793407939607e-06,0.014337636530399323,1.5842119455337524,0.2573097050189972,0.9969722032546997,2.5e-05,-0.300534725189209,-0.30706357955932617,-0.2059318721294403,-0.20500056445598602,-0.20450477302074432,0.30560147762298584,-0.30565857887268066,-0.30629563331604004,-0.19954760372638702,-0.20426391065120697,-0.20582503080368042,0.018024004995822906,0.1253446340560913,0.01798621006309986,0.12193693965673447
48,470,479,10,10,2220,2220,0,0.0,2220,0,0.0,0,10.213097500003641,7.461899200177868,1.7426080999866826,1.4871002002473688,22.022594200010644,68.86776374024622,quality,not_promoted,-0.0003374398153807436,0.00011415860343341982,0.32201320230960845,-0.0035004936291703156,0.0002135866928646075,0.004342532477208547,1.0000650405883789,0.10189643571419375,0.014285714285714285,0.5116223692893982,1.548877239227295,0.275937020778656,0.0005348827689886093,0.011813969351351261,1.548342227935791,0.27496954798698425,0.9981669783592224,2.5e-05,-0.3004460632801056,-0.30729085206985474,-0.20606078207492828,-0.20515885949134827,-0.20466867089271545,0.305694043636322,-0.30570125579833984,-0.3063230812549591,-0.19945579767227173,-0.20429018139839172,-0.20597228407859802,0.01801995187997818,0.12540240585803986,0.01798621006309986,0.12200813740491867
49,480,489,10,10,2234,2234,0,0.0,2234,0,0.0,0,10.026422599999933,7.685705400042934,1.6008963999920525,1.5075909999141004,24.533351299993228,64.64162660509889,quality,not_promoted,-0.00041530201477663856,0.00010130689032458967,0.33598635111536296,-0.003724511872444834,7.448581714665384e-05,0.0004695197035159383,0.9998781766210284,0.10812291723809071,0.014285714285714285,0.5492356419563293,1.574755311012268,0.27816954255104065,0.00010430367547087371,0.011091021820902824,1.574650764465332,0.2778726816177368,0.9984102845191956,2.5e-05,-0.30033183097839355,-0.30739903450012207,-0.20612692832946777,-0.20523279905319214,-0.20475929975509644,0.3057295083999634,-0.3057510554790497,-0.3063250780105591,-0.1994306445121765,-0.20431897044181824,-0.20612293481826782,0.018021706491708755,0.12544132769107819,0.01798621006309986,0.12198883295059204
50,490,499,10,10,2027,2027,0,0.0,2027,0,0.0,0,9.202831200003857,6.937505800073268,1.522553200033144,1.3964934998512035,20.459052299993346,68.33686067171665,quality,not_promoted,-0.0014371260622283444,8.449593758541596e-05,0.34306530677713454,-0.004825531112146564,1.595952745070406e-05,0.0,1.0000199088826776,0.1381074209639337,0.015625,0.5072633028030396,1.5188579559326172,0.28940874338150024,-0.0015597859164699912,0.010002951137721539,1.5204179286956787,0.2895199954509735,0.9988053441047668,2.5e-05,-0.3003396689891815,-0.30760034918785095,-0.2062811702489853,-0.20537656545639038,-0.20491768419742584,0.3059045970439911,-0.305915892124176,-0.30643728375434875,-0.1993703544139862,-0.20443305373191833,-0.20625731348991394,0.018020085990428925,0.12554150819778442,0.01798621006309986,0.1220313087105751
51,500,509,10,10,1955,1955,0,0.0,1955,0,0.0,0,8.757326100007049,6.533371599929524,1.4289768000307959,1.299600500089582,19.187387700003455,69.959564230687,quality,not_promoted,0.0002441536034307172,7.801040456181528e-05,0.33689289491984153,-0.0030857701936075764,5.9855293172052285e-06,0.0,1.000031917325912,0.09524261170337277,0.0,0.3565891981124878,1.5482838153839111,0.26828449964523315,-0.00037951700505800545,0.00921823550015688,1.5486632585525513,0.26805955171585083,0.9988194108009338,2.5e-05,-0.30034008622169495,-0.30777445435523987,-0.2063748687505722,-0.20550191402435303,-0.20503520965576172,0.30604088306427,-0.3059918284416199,-0.3065537214279175,-0.19929645955562592,-0.20449894666671753,-0.20641405880451202,0.018027005717158318,0.1255907118320465,0.01798621006309986,0.122064009308815
52,510,519,10,10,2114,2114,0,0.0,2114,0,0.0,0,9.46310860000085,7.290039200015599,1.3886279999860562,1.372673599733389,22.94533240000601,65.22991957556837,quality,not_promoted,-0.0026403299998492002,7.026685172123132e-05,0.32902545328525934,-0.005895451293326914,0.0001243291309733382,0.001608455882352941,1.0005100667476654,0.08336792106959312,0.0,0.33516237139701843,1.5295493602752686,0.2707250714302063,-0.0011047041043639183,0.008645407855510712,1.530653953552246,0.2702123522758484,0.9989802241325378,2.5e-05,-0.3002696633338928,-0.3078514337539673,-0.20641757547855377,-0.2055550068616867,-0.20508092641830444,0.3060920834541321,-0.3062518835067749,-0.30682650208473206,-0.19920875132083893,-0.2046804279088974,-0.20663981139659882,0.018027201294898987,0.1256295144557953,0.01798621006309986,0.12216461449861526
53,520,529,10,10,1958,1958,0,0.0,1958,0,0.0,0,8.702231099989149,6.52482369999052,1.478039900001022,1.2556840001343517,19.842043900003773,68.59519115481075,quality,not_promoted,0.0019523236720312026,6.006726459506148e-05,0.3116340730940142,-0.001133983398997976,3.794813874851717e-05,0.0,1.0001025709413713,0.09927394295171384,0.0,0.3484618663787842,1.463097095489502,0.28700995445251465,-0.000502651440910995,0.00797166209667921,1.4635998010635376,0.28721731901168823,0.9992285370826721,2.5e-05,-0.30015838146209717,-0.3079147934913635,-0.20643088221549988,-0.20559734106063843,-0.2051428109407425,0.30612194538116455,-0.3063504099845886,-0.30694547295570374,-0.19917140901088715,-0.20476123690605164,-0.20678725838661194,0.018019692972302437,0.12562687695026398,0.01798621006309986,0.12221011519432068
54,530,539,10,10,1949,1949,0,0.0,1949,0,0.0,0,8.798078500010888,6.69406460011669,1.4053881999861915,1.3610979009245057,20.766528200008906,65.92342052020922,quality,not_promoted,0.0027814626152957637,5.901450053751168e-05,0.31935580507401495,-0.0003825887707212279,1.0287612404395517e-05,0.0,1.000219456611141,0.07191787891450428,0.0,0.36577296257019043,1.5009815692901611,0.2807965874671936,0.00040234506013803184,0.00798510480672121,1.5005791187286377,0.2813272774219513,0.9991913437843323,2.5e-05,-0.3001517653465271,-0.3079965114593506,-0.20640362799167633,-0.20565469563007355,-0.20517325401306152,0.3062326908111572,-0.3063855469226837,-0.3069498836994171,-0.19915156066417694,-0.20478668808937073,-0.20687349140644073,0.018025942146778107,0.1256447434425354,0.01798621006309986,0.12222037464380264
55,540,549,10,10,2701,2701,0,0.0,2701,0,0.0,0,13.63758229999803,9.365764399815816,2.892777000015485,1.7649304996302817,27.65797929999826,65.40654480408477,quality,not_promoted,0.001398811311742594,6.809667557231584e-05,0.23983061989379484,-0.0009654464557507011,7.846128179407124e-05,0.001816860465116279,0.9998317561870398,0.0925214185357787,0.0,0.4030602276325226,1.521207571029663,0.2515993118286133,-0.0001790996757335961,0.008665652945637703,1.5213866233825684,0.25348562002182007,0.9988137483596802,2.5e-05,-0.30019840598106384,-0.308101624250412,-0.2064380943775177,-0.2057124823331833,-0.20522379875183105,0.3063323497772217,-0.3065832555294037,-0.3071182072162628,-0.1991383284330368,-0.2049444168806076,-0.20698797702789307,0.018033545464277267,0.12567998468875885,0.01798621006309986,0.12231098860502243
56,550,559,10,10,1950,1950,0,0.0,1950,0,0.0,0,8.593089399990276,6.452864399863756,1.4110632999945665,1.3187765998591203,18.63219940000272,71.62458456640877,quality,not_promoted,0.001500434497551572,6.402266855377914e-05,0.3273169109898229,-0.0017407227818283342,1.7022931890477915e-05,0.0,1.0001016316875335,0.09125916410477893,0.016129032258064516,0.5860812067985535,1.479127287864685,0.2571883797645569,0.00025525951059535146,0.00815660785883665,1.4788719415664673,0.25745096802711487,0.9989941716194153,2.5e-05,-0.30017802119255066,-0.3082015812397003,-0.2064787745475769,-0.20578309893608093,-0.20529089868068695,0.3063710331916809,-0.30680322647094727,-0.30736374855041504,-0.1991201788187027,-0.2051047533750534,-0.2072025090456009,0.018030282109975815,0.12571574747562408,0.01798621006309986,0.12242354452610016
57,560,569,10,10,2218,2218,0,0.0,2218,0,0.0,0,10.294354700003169,7.5112946999579435,2.062613900008728,1.5023730999819236,22.37888699999894,67.88429566815394,quality,not_promoted,-0.0006826351795877729,7.087813506326971e-05,0.32189022877386636,-0.003866097839948322,5.2152176795061675e-05,0.0006696428571428571,0.9998297342232295,0.07711449137755803,0.0,0.3184496760368347,1.5168507099151611,0.2699594497680664,-0.0005931580672040582,0.008826152421534061,1.5174440145492554,0.2697894275188446,0.9989310503005981,2.5e-05,-0.3002845048904419,-0.308267205953598,-0.20653757452964783,-0.20583024621009827,-0.20534521341323853,0.3064926266670227,-0.30702194571495056,-0.3076033592224121,-0.1990855634212494,-0.2052524983882904,-0.20738595724105835,0.018025308847427368,0.12575705349445343,0.01798621006309986,0.12260312587022781
58,570,579,10,10,2460,2460,0,0.0,2460,0,0.0,0,11.90482759999577,8.51291779987514,2.9516029999940656,1.6908031999191735,25.858566900002188,65.14244899250603,quality,not_promoted,0.0007755857749054065,8.452590191154741e-05,0.2924796835734294,-0.0021069478303289567,2.340093730405594e-05,0.0,1.0000520707705083,0.1102281889328972,0.0,0.43222466111183167,1.5367285013198853,0.25415363907814026,0.0004458483599592,0.009381811134517193,1.5362826585769653,0.2539118826389313,0.9986373782157898,2.5e-05,-0.30034536123275757,-0.3083479702472687,-0.20664164423942566,-0.20589205622673035,-0.20540276169776917,0.3066166341304779,-0.30728036165237427,-0.3078957796096802,-0.19903990626335144,-0.20543189346790314,-0.2075476348400116,0.018039807677268982,0.1258193403482437,0.01798621006309986,0.12265604734420776
59,580,589,10,10,2211,2211,0,0.0,2211,0,0.0,0,10.564485199996852,7.374907100020209,2.5863894000212895,1.4811319000727963,22.800412700002198,66.2672490899504,quality,not_promoted,0.0012269432523420879,6.237668349058367e-05,0.34173594947372166,-0.00215922735764512,2.476402934397421e-05,0.0,1.0000065454414913,0.13639286083302327,0.0,0.4553256332874298,1.530860185623169,0.2765524089336395,-0.00061870674835518,0.008440347388386726,1.531479001045227,0.27719444036483765,0.999068558216095,2.5e-05,-0.300374299287796,-0.308409184217453,-0.20665451884269714,-0.20593445003032684,-0.2054673284292221,0.3066786825656891,-0.30738338828086853,-0.3080000579357147,-0.19897735118865967,-0.20548750460147858,-0.20763568580150604,0.01804032176733017,0.12585170567035675,0.01798621006309986,0.12264533340930939
60,590,599,10,10,2058,2058,0,0.0,2058,0,0.0,0,9.659954500006279,7.301850699950592,1.6993937000224832,1.361262300342787,21.248171600003843,66.58443133501147,quality,not_promoted,-0.004239656849566734,5.145973117385328e-05,0.34569517184387555,-0.007670876813459803,0.00011724818261537814,0.0016571969696969697,1.000197686029203,0.08279175178684069,0.0,0.28855136036872864,1.4988350868225098,0.2619839012622833,-0.00024730866425670683,0.007360826712101698,1.499082326889038,0.26296138763427734,0.9992105960845947,2.5e-05,-0.30039218068122864,-0.3086494505405426,-0.20678439736366272,-0.20610329508781433,-0.2056398242712021,0.30683696269989014,-0.3075379431247711,-0.30809301137924194,-0.1990050971508026,-0.20559099316596985,-0.2077380269765854,0.018038777634501457,0.1259497106075287,0.01798621006309986,0.12271401286125183
61,600,609,10,10,3125,3125,0,0.0,3125,0,0.0,0,15.322565599999507,11.104623500374146,2.2231587000278523,2.1209499000542564,32.98262120000436,64.6928457794464,quality,not_promoted,-0.00042740654732499806,6.605921812386404e-05,0.2218517426933561,-0.002612894068339041,4.065094720964894e-05,0.00031887755102040814,1.0000962663669974,0.06914664669988715,0.0,0.3615914583206177,1.58439302444458,0.25904223322868347,-0.0008035041973926127,0.008443891070783138,1.585196614265442,0.2585018575191498,0.9989374876022339,2.5e-05,-0.300470232963562,-0.3088795840740204,-0.20695380866527557,-0.20627152919769287,-0.205805703997612,0.30701425671577454,-0.3076832592487335,-0.30823129415512085,-0.19894953072071075,-0.20569373667240143,-0.20793190598487854,0.01804015412926674,0.12601399421691895,0.01798621006309986,0.12281161546707153
62,610,619,10,10,2245,2245,0,0.0,2245,0,0.0,0,10.498409699997865,7.533757100129151,1.6768337999819778,1.5261100001080194,22.723839500002214,67.57519596234907,quality,not_promoted,0.0066838861675933,6.311855001210158e-05,0.29150867089629173,0.0038003584421757194,2.270793224173278e-06,0.0,1.0000834407077894,0.059905487630102366,0.0,0.19647200405597687,1.5721964836120605,0.2772654592990875,-0.0005972035578452051,0.008017601445317268,1.57279372215271,0.2784205377101898,0.999163806438446,2.5e-05,-0.30051708221435547,-0.3089861273765564,-0.20698921382427216,-0.20634667575359344,-0.20588107407093048,0.30709025263786316,-0.30776843428611755,-0.30827200412750244,-0.19888946413993835,-0.2057528793811798,-0.20801924169063568,0.01804269663989544,0.12606428563594818,0.01798621006309986,0.12281212955713272
63,620,629,10,10,2318,2318,0,0.0,2318,0,0.0,0,10.352505000002566,7.94760029995814,1.604885100023239,1.544493200170109,24.034878599995864,67.40844336875068,quality,not_promoted,-0.0073392080973733115,5.7053851697993514e-05,0.286964700028703,-0.01018032814829132,2.13341639753683e-06,0.0,0.9998571590797322,0.055443752909431585,0.0,0.3394027650356293,1.5238925218582153,0.2808077037334442,-0.0005669279489666224,0.007545733358711004,1.5244596004486084,0.28193041682243347,0.9992779493331909,2.5e-05,-0.3004034161567688,-0.3091570734977722,-0.20706383883953094,-0.20646768808364868,-0.20599426329135895,0.30713245272636414,-0.30792537331581116,-0.30854636430740356,-0.198930025100708,-0.20586274564266205,-0.20825821161270142,0.018043413758277893,0.1261264979839325,0.01798621006309986,0.12289323657751083
64,630,639,10,10,2030,2030,0,0.0,2030,0,0.0,0,8.852673200002755,6.6779240999458125,1.4537356000073487,1.4412558996555163,19.19037070000195,72.38871811628336,quality,not_promoted,-0.0011370832799002528,4.4901427145305206e-05,0.3018807149492204,-0.004133439890210866,3.8187030497738306e-05,0.0009765625,0.999917228706181,0.06685008831846062,0.0,0.33861836791038513,1.5349408388137817,0.29338589310646057,-0.0005440786480903625,0.006947553716599941,1.535484790802002,0.29332685470581055,0.9994392395019531,2.5e-05,-0.3005586266517639,-0.30919307470321655,-0.2071252465248108,-0.2064915895462036,-0.2060207724571228,0.3072353005409241,-0.3080219030380249,-0.308694988489151,-0.19894351065158844,-0.20593036711215973,-0.20839102566242218,0.01804240792989731,0.1261414885520935,0.01798621006309986,0.12296682596206665
65,640,649,10,10,2238,2238,0,0.0,2238,0,0.0,0,10.307991299996502,7.480300899929716,1.9280186999822035,1.6103408999770181,22.854076599993277,67.48674439571634,quality,not_promoted,-0.0005927493396614279,6.934896285071902e-05,0.33728502201182503,-0.003930924540119511,0.0001540373804281054,0.003125,0.9997589417866298,0.07321712060698442,0.0,0.29778537154197693,1.5470995903015137,0.27654963731765747,-0.0008557987748645246,0.008529119193553925,1.5479553937911987,0.2764459550380707,0.9990488290786743,2.5e-05,-0.3006414771080017,-0.30930352210998535,-0.20722772181034088,-0.206572487950325,-0.20609553158283234,0.3073851466178894,-0.3081183135509491,-0.30873745679855347,-0.19890736043453217,-0.20599858462810516,-0.2084510773420334,0.018042143434286118,0.126224547624588,0.01798621006309986,0.1229977235198021
66,650,659,10,10,1868,1868,0,0.0,1868,0,0.0,0,8.16868259999319,6.149413899926003,1.4331164000032004,1.22305470010906,17.920298099998035,71.60111088589322,quality,not_promoted,-0.0008810451409469049,6.144072788932438e-05,0.3107738956809044,-0.00395806326608484,4.4377861854627556e-06,0.0,0.9999943614006043,0.06908764056861401,0.0,0.26736384630203247,1.4602186679840088,0.27350255846977234,-0.00023968938330654055,0.008417047560214996,1.460458517074585,0.274940550327301,0.999052882194519,2.5e-05,-0.3006070852279663,-0.30947473645210266,-0.20730172097682953,-0.20669619739055634,-0.20619894564151764,0.307483047246933,-0.3080897927284241,-0.30876338481903076,-0.19891491532325745,-0.20597849786281586,-0.20851600170135498,0.018042083829641342,0.12629243731498718,0.01798621006309986,0.12308098375797272
67,660,669,10,10,2543,2543,0,0.0,2543,0,0.0,0,11.724808699989808,8.984148300020024,2.154714900039835,1.5892520997877,27.773371300005238,64.38271333009062,quality,not_promoted,0.00037150706630200147,5.221955050274119e-05,0.2817523803561926,-0.00241990631329827,2.221171002680933e-06,0.0,1.0000136360526084,0.05450126281939447,0.0,0.29085469245910645,1.5484150648117065,0.2585587501525879,0.00037527625681832433,0.007970711216330528,1.5480397939682007,0.2609289586544037,0.9990496635437012,2.5e-05,-0.300595223903656,-0.30956965684890747,-0.20737911760807037,-0.20676232874393463,-0.20628421008586884,0.30753442645072937,-0.3082211911678314,-0.30887940526008606,-0.19895170629024506,-0.20607085525989532,-0.20864295959472656,0.018046511337161064,0.12634824216365814,0.01798621006309986,0.12316817790269852
68,670,679,10,10,2107,2107,0,0.0,2107,0,0.0,0,9.425531999993837,7.231031399889616,1.3910549000138417,1.332783899808419,21.47963490000984,68.17630226095784,quality,not_promoted,-1.7410934422955369e-06,4.901444922187225e-05,0.31572628630833194,-0.0031344967393317456,6.151791779812453e-05,0.0,1.0005212986108027,0.10148380849171769,0.015151515151515152,0.5579392313957214,1.526879072189331,0.26558756828308105,-0.00024313924950547516,0.007535126525908709,1.5271223783493042,0.2651991546154022,0.9991950392723083,2.5e-05,-0.30054089426994324,-0.3095761835575104,-0.20738457143306732,-0.20676589012145996,-0.20628948509693146,0.3074936270713806,-0.3083632290363312,-0.3089766204357147,-0.19891293346881866,-0.2061682939529419,-0.2087290734052658,0.01804392598569393,0.1263488233089447,0.01798621006309986,0.12320774048566818
69,680,689,10,10,1872,1872,0,0.0,1872,0,0.0,0,8.288165300007677,6.186976799959666,1.3979590999806533,1.2693618997145677,18.192806299994118,70.69227021866045,quality,not_promoted,0.004939841603239377,4.9049767130782127e-05,0.33570098827282585,0.0016073564843585094,2.0906009012833238e-06,0.0,0.9999009748299916,0.05364028187468648,0.0,0.1465977281332016,1.5008879899978638,0.27752476930618286,-0.0006041750311851501,0.007262331433594227,1.5014920234680176,0.2765185236930847,0.9993152022361755,2.5e-05,-0.30051979422569275,-0.3096982538700104,-0.207462340593338,-0.2068529725074768,-0.20637910068035126,0.30753380060195923,-0.3084661662578583,-0.3091239631175995,-0.1988057643175125,-0.2062411904335022,-0.20885738730430603,0.018048269674181938,0.12641578912734985,0.01798621006309986,0.12318811565637589
70,690,699,10,10,2054,2054,0,0.0,2054,0,0.0,0,9.521784999989904,6.93080849981925,1.7459296000160975,1.3519271001714515,19.89484490000177,69.82444987692425,quality,not_promoted,-0.006240347654304721,5.1330581382816575e-05,0.2915705365665031,-0.009130387947979298,5.263964924255781e-05,0.0014204545454545455,0.9999979463490573,0.06579785641621459,0.0,0.26191994547843933,1.5091297626495361,0.27859944105148315,-0.0005857173237018287,0.007356451358646154,1.5097154378890991,0.2791907489299774,0.9993027448654175,2.5e-05,-0.3004928231239319,-0.30976346135139465,-0.20746967196464539,-0.20690414309501648,-0.2064145803451538,0.3075774013996124,-0.30864953994750977,-0.30919793248176575,-0.19871951639652252,-0.20637431740760803,-0.2089717835187912,0.018054382875561714,0.12643153965473175,0.01798621006309986,0.1232052817940712
71,700,709,10,10,1792,1792,0,0.0,1792,0,0.0,0,8.177551699991454,6.050343699855148,1.3017901000130223,1.2157510995457415,16.691274699987844,72.05808473541364,quality,not_promoted,-6.938775602195944e-05,5.85168488344477e-05,0.30390293071312563,-0.003079158320490803,2.42604167267148e-05,0.0,0.9999497681856155,0.07728182790534836,0.0,0.2754250764846802,1.4849274158477783,0.28098583221435547,-0.0004291394434403628,0.00790875218808651,1.4853564500808716,0.2797727584838867,0.9992077946662903,2.5e-05,-0.30048710107803345,-0.30987802147865295,-0.2074885368347168,-0.2069852352142334,-0.20649251341819763,0.30769580602645874,-0.30872228741645813,-0.3092860281467438,-0.19868125021457672,-0.20642559230327606,-0.20909902453422546,0.01806030236184597,0.1264784187078476,0.01798621006309986,0.12323812395334244
72,710,719,10,10,2297,2297,0,0.0,2297,0,0.0,0,10.134265800006688,7.84075110014237,1.5591692000016337,1.5222425999090774,23.680825400006142,67.92825092244993,quality,not_promoted,1.4784099120232795e-06,5.1244834594399435e-05,0.30583783156341976,-0.003031277246514542,6.501042076302433e-05,0.0006776924969421492,1.0000535514619615,0.0859904940912707,0.0,0.39371010661125183,1.5002425909042358,0.26008322834968567,-0.00013898569159209728,0.007412322331219912,1.5003814697265625,0.261250764131546,0.9991877675056458,2.5e-05,-0.300464004278183,-0.30983152985572815,-0.20745322108268738,-0.20695151388645172,-0.20648245513439178,0.307684987783432,-0.30875423550605774,-0.3093952536582947,-0.19862376153469086,-0.20646017789840698,-0.2092411369085312,0.018066823482513428,0.1264808624982834,0.01798621006309986,0.12323060631752014
73,720,729,10,10,2702,2702,0,0.0,2702,0,0.0,0,20.35077099999762,9.596687499870313,9.799314800009597,1.8919401997409295,27.466927500005113,56.506274554385875,quality,not_promoted,-0.0027191760235054548,5.742232824982344e-05,0.2786143834507743,-0.005476608301166358,0.0001287899570628682,0.002543604651162791,1.000278327354165,0.11392454472695325,0.011627906976744186,0.5817890763282776,1.570559024810791,0.2524217665195465,-0.0010576308704912663,0.007965434342622757,1.571616530418396,0.2539750337600708,0.9990042448043823,2.5e-05,-0.30042046308517456,-0.3098154664039612,-0.2074483186006546,-0.20694729685783386,-0.20646773278713226,0.3077090382575989,-0.30887073278427124,-0.3095702826976776,-0.19850492477416992,-0.20654188096523285,-0.209381103515625,0.018078893423080444,0.1264759749174118,0.01798621006309986,0.12325769662857056
74,730,739,10,10,2403,2403,0,0.0,2403,0,0.0,0,10.803231100013363,8.183054399880348,1.786193700012518,1.5440280995971989,24.606430799991358,67.86283378773746,quality,not_promoted,-0.0006001607612951806,5.4609045898694986e-05,0.32768350172983973,-0.0038496906758825247,0.00011319571852877026,0.0006167763157894736,0.9997042597908723,0.10974939804720252,0.013157894736842105,0.6725460290908813,1.5530235767364502,0.27365073561668396,-0.0007152656908147037,0.008129467256367207,1.5537387132644653,0.2762213349342346,0.9991174936294556,2.5e-05,-0.3003307580947876,-0.3098495602607727,-0.2074807733297348,-0.2069726586341858,-0.20647995173931122,0.30758243799209595,-0.30903205275535583,-0.30976852774620056,-0.19837898015975952,-0.2066550850868225,-0.20949015021324158,0.01806178316473961,0.1264926642179489,0.01798621006309986,0.12334005534648895
75,740,749,10,10,2280,2280,0,0.0,2280,0,0.0,0,10.930407099993317,7.81706810000469,2.400491199994576,1.550308500067331,23.013259400002426,67.17011552067558,quality,not_promoted,0.0018480115751218465,5.061578046176388e-05,0.3182307970192697,-0.0013089892874834025,1.9491218133617218e-05,0.0,1.000178673201137,0.08718814233887112,0.0,0.3042871952056885,1.5013816356658936,0.2649436593055725,-0.0002610910451039672,0.007676130160689354,1.5016428232192993,0.2675958573818207,0.9991605877876282,2.5e-05,-0.300247460603714,-0.3100165128707886,-0.20762228965759277,-0.20709294080734253,-0.2065829634666443,0.30763593316078186,-0.30919164419174194,-0.3098456561565399,-0.198381245136261,-0.20676155388355255,-0.20958353579044342,0.018057478591799736,0.12656044960021973,0.01798621006309986,0.12343062460422516
76,750,759,10,10,1956,1956,0,0.0,1956,0,0.0,0,8.780119799994281,6.559718100092141,1.5039715000166325,1.4262333000951912,19.40925120000611,69.38785544381153,quality,not_promoted,0.0008711636877588687,6.0079393205664784e-05,0.34099450827606265,-0.0025087425244912026,0.0001738431329290653,0.002772177419354839,1.000717008306134,0.12488710486720647,0.03225806451612903,0.5464874505996704,1.4883453845977783,0.2688941955566406,0.0009934611152857542,0.008070413954555988,1.487351894378662,0.26888883113861084,0.9990991950035095,2.5e-05,-0.30030515789985657,-0.310162216424942,-0.2076888084411621,-0.20718923211097717,-0.2066687047481537,0.3076460361480713,-0.30927714705467224,-0.30990317463874817,-0.19835218787193298,-0.20681802928447723,-0.20967185497283936,0.018058475106954575,0.12662196159362793,0.01798621006309986,0.1234893649816513
77,760,769,10,10,1867,1867,0,0.0,1867,0,0.0,0,9.150394199998118,6.294214399997145,2.2627034000179265,1.3000066999375122,17.55444069999794,69.9124337218904,quality,not_promoted,-0.0029502495812873046,4.2085082804987904e-05,0.34136122117439904,-0.006342818491005649,2.2833790129025053e-05,0.0,1.0001371542612711,0.09331860750292738,0.0,0.363576740026474,1.4874080419540405,0.2775472104549408,3.152491262881085e-05,0.006453784182667732,1.4873765707015991,0.2781633138656616,0.9994593262672424,2.5e-05,-0.30045947432518005,-0.3102012872695923,-0.2077581137418747,-0.20721593499183655,-0.20670203864574432,0.3077767789363861,-0.3093481957912445,-0.30997321009635925,-0.19841672480106354,-0.2068677544593811,-0.2097911238670349,0.018057946115732193,0.12667164206504822,0.01798621006309986,0.12355619668960571
78,770,779,10,10,2108,2108,0,0.0,2108,0,0.0,0,9.920702400006121,6.980078800101182,2.4794572000100743,1.4364186995953787,20.763109799998347,68.7007203100954,quality,not_promoted,-0.00027224402451379734,5.1357063829059235e-05,0.30000994851191837,-0.0032466660468895552,0.00018795747932513635,0.002383207083877289,0.9995830926028165,0.11555202878221418,0.0,0.4581926465034485,1.5147075653076172,0.25945138931274414,0.0003290099266450852,0.007893777452409267,1.5143787860870361,0.258549302816391,0.9990743398666382,2.5e-05,-0.30049267411231995,-0.3103155493736267,-0.2078128308057785,-0.20729295909404755,-0.20679430663585663,0.3078608810901642,-0.3094489276409149,-0.31013232469558716,-0.19843219220638275,-0.2069375216960907,-0.20990970730781555,0.018063748255372047,0.12673556804656982,0.01798621006309986,0.12358541041612625
79,780,789,10,10,2120,2120,0,0.0,2120,0,0.0,0,9.538065200002166,7.227464199837414,1.4149806999921566,1.4270886997401249,21.725805900001433,67.80990086668301,quality,not_promoted,-0.00195538839462268,5.296117181869169e-05,0.3330824022345683,-0.0052597317707670085,0.00013794466897653525,0.0013786764705882354,0.9994597522651448,0.08947482784552609,0.0,0.4014495313167572,1.517412781715393,0.2648559808731079,0.0001943623210536316,0.007599692791700363,1.5172183513641357,0.26298651099205017,0.9991766810417175,2.5e-05,-0.30051189661026,-0.3104867935180664,-0.20794276893138885,-0.2074074000120163,-0.20690865814685822,0.30802351236343384,-0.3095153570175171,-0.3101998567581177,-0.19840773940086365,-0.20698373019695282,-0.2100551426410675,0.018059493973851204,0.12682154774665833,0.01798621006309986,0.12363416701555252
80,790,799,10,10,2540,2540,0,0.0,2540,0,0.0,0,12.137516099988716,8.929442199776531,2.5575778000056744,1.6051558001490775,27.283083499991335,64.43331724465412,quality,not_promoted,0.0012392787612043321,5.450400972222269e-05,0.31481164079159496,-0.0018815851130057127,0.00020232185620443487,0.006036931835114956,1.0001535005867481,0.10140276027377695,0.0,0.4629649817943573,1.5887724161148071,0.2516675293445587,8.429538138443604e-05,0.007767719682306051,1.5886881351470947,0.24999858438968658,0.9990473389625549,2.5e-05,-0.3004588186740875,-0.3105693459510803,-0.20798060297966003,-0.2074642777442932,-0.20697946846485138,0.3080112636089325,-0.3095346689224243,-0.3102720081806183,-0.1984056681394577,-0.20699791610240936,-0.21012815833091736,0.018060408532619476,0.12685857713222504,0.01798621006309986,0.12367530167102814
81,800,809,10,10,2188,2188,0,0.0,2188,0,0.0,0,10.541056100002606,7.523306899951422,2.3400994999537943,1.3969837003096472,23.17694269999629,64.89115836851123,quality,not_promoted,0.004128209727683237,4.766566674204244e-05,0.3122822914804731,0.0010292192521904196,0.00019332672070179667,0.0020089285714285712,0.9998327093464988,0.10781698769756726,0.0,0.40518495440483093,1.5082522630691528,0.2758747935295105,0.00034248860902152956,0.007085909601300955,1.5079096555709839,0.27546313405036926,0.999340295791626,2.5e-05,-0.3005339801311493,-0.31068864464759827,-0.20800663530826569,-0.20755957067012787,-0.2070876806974411,0.30812934041023254,-0.309668630361557,-0.31045103073120117,-0.19843335449695587,-0.20709125697612762,-0.2102934867143631,0.018057096749544144,0.12690071761608124,0.01798621006309986,0.12373251467943192
82,810,819,10,10,2598,2598,0,0.0,2598,0,0.0,0,12.295328299995163,9.114377600199077,2.008784800025751,1.6161770004109712,26.29060200000822,67.33024135483322,quality,not_promoted,0.0004293384575625745,4.8106919831941304e-05,0.28815320370400826,-0.00242814088876291,0.00018829595181869526,0.004131899874021367,0.9999559492599673,0.07552584849025418,0.012195121951219513,0.5060436129570007,1.5541003942489624,0.26477721333503723,-5.812586095998995e-05,0.007538984064012766,1.5541585683822632,0.264313668012619,0.9991893172264099,2.5e-05,-0.30036425590515137,-0.31067126989364624,-0.20800338685512543,-0.20754598081111908,-0.20711949467658997,0.30796337127685547,-0.30989131331443787,-0.3108343183994293,-0.19842757284641266,-0.20724713802337646,-0.2105659544467926,0.018056819215416908,0.12692353129386902,0.01798621006309986,0.12380235642194748
83,820,829,10,10,2743,2743,0,0.0,2743,0,0.0,0,13.657654999988154,10.014969399868278,1.6965926999837393,1.7076455003843876,28.42057570000179,65.18810212237976,quality,not_promoted,-0.00023544575412606084,5.33684399902826e-05,0.27162569388747215,-0.0029250183305161636,0.0001874906316769802,0.002543604651162791,1.0000999507515929,0.08137487869189922,0.0,0.3954954147338867,1.5204579830169678,0.24654848873615265,0.00040059792809188366,0.00738275283947587,1.5200573205947876,0.2458828240633011,0.999103307723999,2.5e-05,-0.30034562945365906,-0.3108133375644684,-0.20802642405033112,-0.20764495432376862,-0.20721928775310516,0.3080683648586273,-0.30995261669158936,-0.3109530508518219,-0.1983759105205536,-0.20729222893714905,-0.21068048477172852,0.018057942390441895,0.12696892023086548,0.01798621006309986,0.1238379180431366
84,830,839,10,10,2237,2237,0,0.0,2237,0,0.0,0,9.923664800007828,7.67057639991981,1.3676438999827951,1.4215116998384474,22.863804900000105,68.22728379065673,quality,not_promoted,-0.00019954041178737368,5.056593223084097e-05,0.3261079158101763,-0.0034353364225743073,0.00017675882709227152,0.004028834881527083,0.9999601151262011,0.09293354502213853,0.0,0.3714018762111664,1.5143674612045288,0.2679031789302826,2.067842251562979e-05,0.007718305103480816,1.5143468379974365,0.265318900346756,0.9991700053215027,2.5e-05,-0.3003227114677429,-0.31090426445007324,-0.20809845626354218,-0.20770712196826935,-0.20727261900901794,0.3081776797771454,-0.3098819851875305,-0.3109978139400482,-0.19830825924873352,-0.20724385976791382,-0.2108353078365326,0.018058598041534424,0.12699909508228302,0.01798621006309986,0.12389285862445831
85,840,849,10,10,2216,2216,0,0.0,2216,0,0.0,0,19.787757499987492,7.5745645998977125,11.645776200020919,1.4957873997918796,23.358030100003816,51.360749757189424,quality,not_promoted,0.0014121509024075099,4.8600698314008434e-05,0.34909655026027137,-0.0020545138445283687,9.709805651384938e-05,0.001473214291036129,1.0003285901887076,0.1152678978230272,0.02857142857142857,0.6556397080421448,1.5635064840316772,0.27453431487083435,0.00027244605007581413,0.007294507697224617,1.5632339715957642,0.27342256903648376,0.9992939829826355,2.5e-05,-0.3003012239933014,-0.31089696288108826,-0.20811356604099274,-0.20770244300365448,-0.20729193091392517,0.3082134425640106,-0.3100857138633728,-0.3111594319343567,-0.19824133813381195,-0.20740407705307007,-0.21095608174800873,0.01806054636836052,0.1270199716091156,0.01798621006309986,0.12393645197153091
86,850,859,10,10,3078,3078,0,0.0,3078,0,0.0,0,16.55654950000462,11.57097200008866,3.982286099999328,2.0398399998812238,35.57552340000984,59.042348189441476,quality,not_promoted,-0.0037813345920674653,5.0863288991849356e-05,0.27520072384148225,-0.006507910172721105,8.92447566678369e-05,0.00015943877551020407,1.0000484804717862,0.10385823618544608,0.0,0.3130435347557068,1.603437900543213,0.2559739053249359,-0.0005670920363627374,0.0068978797644376755,1.604004979133606,0.25623154640197754,0.9992738366127014,2.5e-05,-0.3002096116542816,-0.3109968602657318,-0.20813734829425812,-0.20776724815368652,-0.20740832388401031,0.3082866668701172,-0.3101557493209839,-0.31108763813972473,-0.19819407165050507,-0.20744751393795013,-0.2110074758529663,0.01806706376373768,0.1270623505115509,0.01798621006309986,0.12392646074295044
87,860,869,10,10,2564,2564,0,0.0,2564,0,0.0,0,11.787819799996214,9.184616700047627,1.7199088999914238,1.6955284998985007,27.929300799994962,64.55654290307666,quality,not_promoted,0.0037188303838597567,5.55134838356114e-05,0.36978083176583776,4.877945658092092e-05,0.00014581978917349039,0.0013338414634146342,0.9997292815185175,0.11608830008019762,0.0,0.4690605103969574,1.5677376985549927,0.2614424526691437,-6.559206667589024e-05,0.007142025511711836,1.567803144454956,0.2612142264842987,0.9992537498474121,2.5e-05,-0.3002297282218933,-0.31098583340644836,-0.2081393301486969,-0.207757830619812,-0.20740459859371185,0.3082822263240814,-0.3101862370967865,-0.31133395433425903,-0.19811244308948517,-0.20746861398220062,-0.21115469932556152,0.018064962700009346,0.12705664336681366,0.01798621006309986,0.1239713728427887
88,870,879,10,10,2175,2175,0,0.0,2175,0,0.0,0,9.890875700002653,7.424159300120664,1.3832311000296613,1.502893300188589,23.609112299993285,64.92539639119464,quality,not_promoted,-0.0001571628073339953,5.551329591338906e-05,0.369014429695466,-0.003819550692295546,9.108937600852668e-05,0.0,0.9998490959405899,0.11729136262746419,0.0,0.3628549575805664,1.529891848564148,0.2752732038497925,-0.0011186911724507809,0.00746652577072382,1.531010627746582,0.2748105525970459,0.9992642998695374,2.5e-05,-0.30032962560653687,-0.3110850751399994,-0.2081746608018875,-0.20782460272312164,-0.2074642777442932,0.3084007799625397,-0.3102714717388153,-0.31145554780960083,-0.19801868498325348,-0.20752322673797607,-0.21128742396831512,0.018074560910463333,0.12708419561386108,0.01798621006309986,0.12399337440729141
89,880,889,10,10,2332,2332,0,0.0,2332,0,0.0,0,11.915414100003545,8.322197600107756,2.132319499971345,1.475144899697625,22.55394699999306,67.65428559104421,quality,not_promoted,-0.0003237706432874138,4.9049899078798604e-05,0.2939347717407587,-0.0032385929386962104,7.896144801314811e-05,0.00021114864864864866,1.0001308064203005,0.08258254949406192,0.0,0.2846025228500366,1.463758945465088,0.28935298323631287,-0.0013406084617599845,0.007135874126106501,1.4650994539260864,0.28884726762771606,0.9993917942047119,2.5e-05,-0.3003758192062378,-0.3111756145954132,-0.20822907984256744,-0.2078876793384552,-0.20750339329242706,0.3084344267845154,-0.31040292978286743,-0.31153765320777893,-0.19795779883861542,-0.20761404931545258,-0.2113804966211319,0.018074285238981247,0.1271204948425293,0.01798621006309986,0.12407506257295609
90,890,899,10,10,2150,2150,0,0.0,2150,0,0.0,0,9.738073999993503,7.122462500017718,1.8202396999695338,1.524736599996686,22.53520359999675,66.61858230354171,quality,not_promoted,0.0009172693278421374,5.4919040795699833e-05,0.33250552372020836,-0.0023803264450500995,0.00016903313166949374,0.004595588235294118,1.00063456594944,0.1019107028568054,0.014705882352941176,0.5731633305549622,1.5411596298217773,0.2817327082157135,-0.0017273587873205543,0.007557375356554985,1.5428869724273682,0.2820839285850525,0.9992804527282715,2.5e-05,-0.3004786968231201,-0.3111935257911682,-0.20828492939472198,-0.20789910852909088,-0.20750008523464203,0.30851855874061584,-0.3104800283908844,-0.31167006492614746,-0.1979520171880722,-0.20766377449035645,-0.21159830689430237,0.01807469129562378,0.12713928520679474,0.01798621006309986,0.12415078282356262
91,900,909,10,10,2547,2547,0,0.0,2547,0,0.0,0,12.207529799998156,8.858658700148226,2.42586780001875,1.651572700124234,26.080139099998632,66.52272319457437,quality,not_promoted,-0.0017974766087718308,5.341906178273348e-05,0.3036075225099921,-0.004806843350525014,0.00013823704612150322,0.001026348047889769,1.0003521226346492,0.07679324876517057,0.0,0.2572602331638336,1.5592974424362183,0.2710915803909302,-0.0014314096188172698,0.0073411911725997925,1.560728669166565,0.27062302827835083,0.9992666840553284,2.5e-05,-0.3004823923110962,-0.31115686893463135,-0.20825478434562683,-0.20786039531230927,-0.20750731229782104,0.3084547221660614,-0.31048446893692017,-0.3117157816886902,-0.19792991876602173,-0.20768101513385773,-0.2117508500814438,0.018075183033943176,0.12712223827838898,0.01798621006309986,0.12421387434005737
92,910,919,10,10,2259,2259,0,0.0,2259,0,0.0,0,10.788304000001517,7.98959519994969,1.5620387999952072,1.5013352002715692,24.266298999995342,64.4423215975432,quality,not_promoted,0.001272674391253127,3.538791831185032e-05,0.30094309006300235,-0.0017190627727864517,0.00014133427761306748,0.002170138888888889,0.9999408167269495,0.07800128194503486,0.0,0.39968934655189514,1.539090871810913,0.28760039806365967,-0.0015836873790249228,0.0061010196805000305,1.5406745672225952,0.2879104018211365,0.9995499849319458,2.5e-05,-0.30048680305480957,-0.311363160610199,-0.20844225585460663,-0.2080136239528656,-0.20767927169799805,0.30865567922592163,-0.31053778529167175,-0.311848908662796,-0.19789330661296844,-0.20771685242652893,-0.21189527213573456,0.018076786771416664,0.1272399127483368,0.01798621006309986,0.12423095852136612
93,920,929,10,10,2690,2690,0,0.0,2690,0,0.0,0,13.79543779999949,9.79950899987307,1.9822878999693785,1.7974931001517689,27.60225700000592,64.97946354248808,quality,not_promoted,-0.011898488326128139,5.080423043605257e-05,0.2609815060399299,-0.014482901052593491,2.6763249648908196e-05,0.0,0.9998963426711948,0.07494971883851428,0.011627906976744186,0.5241878032684326,1.5155454874038696,0.26954197883605957,-0.0011262974003329873,0.007383446674793959,1.5166716575622559,0.2681819498538971,0.9992496371269226,2.5e-05,-0.3005271852016449,-0.31141427159309387,-0.20849378407001495,-0.20803767442703247,-0.20771454274654388,0.3087237775325775,-0.31065431237220764,-0.3119429349899292,-0.19790451228618622,-0.20780055224895477,-0.21206647157669067,0.01807324029505253,0.12726914882659912,0.01798621006309986,0.12424414604902267
94,930,939,10,10,2230,2230,0,0.0,2230,0,0.0,0,10.61771520000184,7.739776500093285,1.7859423000190873,1.5264405999769224,22.502247000011266,67.33099471952652,quality,not_promoted,6.653502849595887e-05,4.974045550625306e-05,0.30216821751424244,-0.0029302767744021755,7.326022115096618e-06,0.0,0.9998308037008558,0.0591890492609569,0.0,0.20003847777843475,1.516544222831726,0.2676621377468109,-0.002046633744612336,0.007349693216383457,1.5185908079147339,0.2662178575992584,0.9992460012435913,2.5e-05,-0.3004699945449829,-0.3114642798900604,-0.20853617787361145,-0.20807772874832153,-0.207755446434021,0.3086807131767273,-0.3107868432998657,-0.31214362382888794,-0.1978570520877838,-0.20793890953063965,-0.21221143007278442,0.018073666840791702,0.127305805683136,0.01798621006309986,0.12431059032678604
95,940,949,10,10,2510,2510,0,0.0,2510,0,0.0,0,11.65599650000513,8.67105360009009,2.397937699977774,1.6380320999596734,26.182280799999717,66.33494384797689,quality,not_promoted,0.00682159592397511,5.0285982501918626e-05,0.26405023727566,0.004206235631136224,1.0995369561950241e-05,0.0,0.9999007925391197,0.09615362721960992,0.0,0.3903903067111969,1.5352251529693604,0.26179027557373047,-0.0013623263221234083,0.006833837367594242,1.5365874767303467,0.2618088722229004,0.999318540096283,2.5e-05,-0.3004387617111206,-0.31154534220695496,-0.2085595726966858,-0.20812995731830597,-0.20781651139259338,0.3087395131587982,-0.3110092580318451,-0.3123182952404022,-0.19773457944393158,-0.2080841213464737,-0.21234528720378876,0.018083127215504646,0.12733235955238342,0.01798621006309986,0.12436853349208832
96,950,959,10,10,2378,2378,0,0.0,2378,0,0.0,0,10.888920800003689,8.183560299759847,1.9591007999842986,1.5519734002446057,24.205390000002808,67.76027070460549,quality,not_promoted,-0.0031205310584291033,4.9448788152068645e-05,0.30255397918977234,-0.00612134587074826,3.4697295639692752e-06,0.0,1.0000034837346328,0.08542142595213495,0.0,0.32725465297698975,1.5599526166915894,0.2641848623752594,-0.00041751362732611597,0.007380281109362841,1.5603700876235962,0.265683650970459,0.9992195963859558,2.5e-05,-0.3004165589809418,-0.3116849362850189,-0.2086680829524994,-0.2082274854183197,-0.207915261387825,0.3088013827800751,-0.31126534938812256,-0.312557578086853,-0.19765593111515045,-0.20826983451843262,-0.21252939105033875,0.018083596602082253,0.12739458680152893,0.01798621006309986,0.12443607300519943
97,960,969,10,10,2306,2306,0,0.0,2306,0,0.0,0,10.525901799992425,7.831284300060361,1.712515399995027,1.633575200175983,25.547617599993828,63.92500755002238,quality,not_promoted,-0.013701082836534526,5.540886679620992e-05,0.3062099039151862,-0.0167354761805335,9.124236798064935e-05,0.0010557432432432433,1.000257960042438,0.09504547189115672,0.0,0.42219603061676025,1.5184792280197144,0.2658565938472748,-0.00010198796371696517,0.00756355794146657,1.5185811519622803,0.267324298620224,0.999190628528595,2.5e-05,-0.3005308508872986,-0.31182458996772766,-0.2087317705154419,-0.20832225680351257,-0.2079731971025467,0.3089413344860077,-0.3114476501941681,-0.312763512134552,-0.19757582247257233,-0.20839598774909973,-0.21265017986297607,0.018085062503814697,0.12745784223079681,0.01798621006309986,0.12448550015687943
98,970,979,10,10,2323,2323,0,0.0,2323,0,0.0,0,10.75980850000633,7.936249099919223,1.8643856999842683,1.6102917998214252,25.46078179999313,64.13479130957275,quality,not_promoted,0.0011209273408796336,5.3140924629170094e-05,0.32861029497674993,-0.0021386044131390548,4.297825239672346e-06,0.0,1.0000023994896863,0.08678205938053292,0.0,0.37338075041770935,1.5706039667129517,0.2659370005130768,-0.0007896429160609841,0.007136444561183453,1.571393609046936,0.26500943303108215,0.9992798566818237,2.5e-05,-0.3006714880466461,-0.31196627020835876,-0.20878252387046814,-0.20842291414737701,-0.20806796848773956,0.30912652611732483,-0.31148168444633484,-0.3129049241542816,-0.1974795162677765,-0.20843595266342163,-0.21283979713916779,0.018091367557644844,0.1275314837694168,0.01798621006309986,0.12452588975429535
99,980,989,10,10,2939,2939,0,0.0,2939,0,0.0,0,14.11360810000042,10.494643999947584,3.017456300003687,2.0711642003007,33.86457020000671,61.257015254361235,quality,not_promoted,6.33285988284194e-05,4.6794660133657644e-05,0.28529762590061064,-0.0027662501164266596,2.745775695391627e-05,0.0,1.00005899110566,0.09733054347579247,0.0,0.3970572054386139,1.6068360805511475,0.24585871398448944,-0.0008622039458714426,0.007083652541041374,1.6076982021331787,0.24528510868549347,0.9991698861122131,2.5e-05,-0.30064910650253296,-0.3119831383228302,-0.20882010459899902,-0.20843257009983063,-0.20808370411396027,0.3090701103210449,-0.3115658462047577,-0.3130311667919159,-0.19752317667007446,-0.2084946185350418,-0.21294426918029785,0.01808302104473114,0.12754112482070923,0.01798621006309986,0.12453991174697876
100,990,999,10,10,2479,2479,0,0.0,2479,0,0.0,0,12.19099480001023,8.768891299914685,2.329446099989582,1.6544003997405525,26.757511200004956,63.648140958193196,quality,not_promoted,-0.0009988137305929111,5.214600577556457e-05,0.2691133948854911,-0.003663874298441582,4.244915317179002e-05,0.0008012820512820513,1.0000107563458955,0.07345947659072968,0.01282051282051282,0.5090333819389343,1.5150152444839478,0.26572534441947937,-0.0016301898285746574,0.006981413345783949,1.5166453123092651,0.26618990302085876,0.9993097186088562,2.5e-05,-0.30078399181365967,-0.31195133924484253,-0.2088342159986496,-0.20841020345687866,-0.20807412266731262,0.3091176748275757,-0.31167903542518616,-0.313132107257843,-0.1973913460969925,-0.208573117852211,-0.21311511099338531,0.018078407272696495,0.12754398584365845,0.01798621006309986,0.12459493428468704
101,1000,1009,10,10,2242,2242,0,0.0,2242,0,0.0,0,10.22235229999933,7.412946800031932,2.3531646999763325,1.5738280998921255,21.676027099994826,70.28570235139942,quality,not_promoted,0.0012677347597976525,4.8490149841503204e-05,0.3204651147954994,-0.0019126710281448646,0.00027813016236501024,0.007161458333333333,0.9997628107666969,0.06871270949745344,0.013888888888888888,0.509437620639801,1.5444015264511108,0.2756112813949585,-0.0008698558085598052,0.006935025565326214,1.545271396636963,0.2760039269924164,0.9993668794631958,2.5e-05,-0.3008576035499573,-0.3121241331100464,-0.20896588265895844,-0.20853368937969208,-0.20818662643432617,0.3093104660511017,-0.3117169439792633,-0.31321844458580017,-0.19741743803024292,-0.20859460532665253,-0.2132396548986435,0.018078334629535675,0.12763634324073792,0.01798621006309986,0.12458711862564087
102,1010,1019,10,10,2479,2479,0,0.0,2479,0,0.0,0,12.36815260000003,8.859019900017302,1.728782800011686,1.780892300303094,24.836878300004173,66.63077385052569,quality,not_promoted,-0.0005539070982008409,4.239690359752739e-05,0.26886264177469105,-0.003221335331312357,7.046297403762881e-05,0.001001602564102564,1.0000309371031249,0.07528367309043041,0.0,0.3726518154144287,1.4944103956222534,0.2583842873573303,0.0005612928071059287,0.006784661673009396,1.4938491582870483,0.2607707679271698,0.9993104934692383,2.5e-05,-0.30092814564704895,-0.31230613589286804,-0.20906110107898712,-0.20866113901138306,-0.2082962989807129,0.3093821704387665,-0.31172916293144226,-0.31324344873428345,-0.19746652245521545,-0.20860111713409424,-0.21330726146697998,0.018085243180394173,0.12768316268920898,0.01798621006309986,0.1246405765414238
103,1020,1029,10,10,3073,3073,0,0.0,3073,0,0.0,0,14.95201690000249,11.091128600208322,2.8901214000070468,2.187150399739039,34.072649900001124,62.682730971662075,quality,not_promoted,0.015409942678346927,4.814630646789589e-05,0.27131815650025193,0.012720835202715683,0.00010452473806977576,0.00047831632653061223,1.0001097613451433,0.08082846470405253,0.01020408163265306,0.7687460780143738,1.5721839666366577,0.23711341619491577,-0.00033618195448070765,0.007059542462229729,1.5725200176239014,0.23788492381572723,0.9991135597229004,2.5e-05,-0.3010678291320801,-0.312526673078537,-0.20911164581775665,-0.20881666243076324,-0.20840252935886383,0.3096126616001129,-0.31188467144966125,-0.3134869933128357,-0.19745533168315887,-0.20873738825321198,-0.21351070702075958,0.018088551238179207,0.12775516510009766,0.01798621006309986,0.12470247596502304
104,1030,1039,10,10,2499,2499,0,0.0,2499,0,0.0,0,11.321434400000726,8.70357589997002,1.9943606999877375,1.5845787001453573,27.64825449998898,64.12676289034117,quality,not_promoted,0.01984306835802272,5.979221195957507e-05,0.29682195875793693,0.016904745443025605,6.325269592366567e-06,0.0,0.9999318562448025,0.10065658534877002,0.0125,0.6419184803962708,1.5540533065795898,0.25499600172042847,0.00033546981285326183,0.007769652176648378,1.5537179708480835,0.2560562193393707,0.9990715980529785,2.5e-05,-0.30114540457725525,-0.312712162733078,-0.20906858146190643,-0.20894783735275269,-0.20852477848529816,0.3097608983516693,-0.31190353631973267,-0.3136456608772278,-0.19742418825626373,-0.208757683634758,-0.21371470391750336,0.01807958446443081,0.1278083324432373,0.01798621006309986,0.12475539743900299
105,1040,1049,10,10,2211,2211,0,0.0,2211,0,0.0,0,10.181812299997546,7.58012960004271,2.082970999996178,1.4385412994306535,24.02313879999565,64.63976497251709,quality,not_promoted,-0.0027586329595318862,5.446894150996481e-05,0.3249058725578444,-0.005980457711432662,6.949935581803044e-06,0.0,1.0000818525041852,0.06414452251046895,0.0,0.20600904524326324,1.5271408557891846,0.2612704634666443,0.0030124604236334562,0.008034785278141499,1.5241283178329468,0.26555877923965454,0.9990542531013489,2.5e-05,-0.30116528272628784,-0.31276047229766846,-0.20907722413539886,-0.20898348093032837,-0.20855987071990967,0.3098343312740326,-0.3119325041770935,-0.31371572613716125,-0.19741907715797424,-0.208778515458107,-0.21382053196430206,0.018084587529301643,0.12783858180046082,0.01798621006309986,0.12476809322834015
106,1050,1059,10,10,2288,2288,0,0.0,2288,0,0.0,0,10.318041599995922,7.959916400141083,1.6120427000132622,1.5265166002645856,25.0441206000105,64.70192594726531,quality,not_promoted,0.0003390782383374042,4.972357217209517e-05,0.32559710720347035,-0.0028920307910690704,1.4325959557797634e-05,0.0,1.0000662613246176,0.09111210747828914,0.0,0.3088614046573639,1.5179768800735474,0.25676506757736206,0.002033879980444908,0.007520097307860851,1.515943169593811,0.2584999203681946,0.9991422295570374,2.5e-05,-0.3012690246105194,-0.3128291666507721,-0.20911453664302826,-0.2090320885181427,-0.2086295485496521,0.3099566698074341,-0.31199029088020325,-0.31381261348724365,-0.19740191102027893,-0.20879848301410675,-0.21391668915748596,0.018087031319737434,0.12788143754005432,0.01798621006309986,0.12475211918354034
107,1060,1069,10,10,2297,2297,0,0.0,2297,0,0.0,0,10.059691499991459,7.538621800151304,1.907454999993206,1.4885184000304434,23.293113699997775,68.86976931106057,quality,not_promoted,0.00031723128631711006,4.277443215667315e-05,0.30604371014568543,-0.002721817501070392,1.6162618026764147e-05,0.0,0.9999902356002066,0.0965265304936717,0.0,0.31565627455711365,1.5153616666793823,0.2524814307689667,0.0015180633636191487,0.006639497354626656,1.5138434171676636,0.2541162371635437,0.9993084669113159,2.5e-05,-0.3012925088405609,-0.31308335065841675,-0.20923000574111938,-0.20921559631824493,-0.2087964415550232,0.31013402342796326,-0.31204381585121155,-0.31400027871131897,-0.19733867049217224,-0.20884278416633606,-0.21405193209648132,0.018087387084960938,0.1279926300048828,0.01798621006309986,0.12477316707372665
108,1070,1079,10,10,2277,2277,0,0.0,2277,0,0.0,0,10.401756799998111,7.83477459999267,1.4056601999764098,1.576220200091484,23.828776900001685,66.51955882300526,quality,not_promoted,-0.0012115471116784546,6.276113728947368e-05,0.31616690134008724,-0.004341835039667785,8.215550894874468e-05,0.00043402777777777775,0.999963161846002,0.09542786182525258,0.0,0.35177016258239746,1.5101553201675415,0.2611558139324188,0.0019948575645685196,0.008185766637325287,1.5081603527069092,0.2619285583496094,0.9990175366401672,2.5e-05,-0.30128905177116394,-0.31324297189712524,-0.20929713547229767,-0.20929890871047974,-0.20890529453754425,0.3101964294910431,-0.3120616376399994,-0.3140193819999695,-0.19734486937522888,-0.20885419845581055,-0.2141866832971573,0.018095459789037704,0.12803815305233002,0.01798621006309986,0.12480051070451736
109,1080,1089,10,10,2400,2400,0,0.0,2400,0,0.0,0,11.342709600008675,8.311614500111318,2.26076470001135,1.5601242998527596,26.118819800001802,64.06572391567464,quality,not_promoted,-0.0009537758428211275,6.731198640122067e-05,0.3034302282490228,-0.003954422736761013,0.00012737029847860533,0.003700657894736842,0.9999224982763592,0.0759874533886384,0.0,0.2834431827068329,1.5487881898880005,0.24953536689281464,0.0023699565790593624,0.008597197942435741,1.5464181900024414,0.24844753742218018,0.9988129734992981,2.5e-05,-0.301223486661911,-0.3133121430873871,-0.20937471091747284,-0.20934689044952393,-0.20895613729953766,0.31018346548080444,-0.3121775686740875,-0.3141074776649475,-0.1973360925912857,-0.20893338322639465,-0.21431301534175873,0.0180925615131855,0.12806566059589386,0.01798621006309986,0.12480756640434265
110,1090,1099,10,10,2522,2522,0,0.0,2522,0,0.0,0,11.498331100010546,8.866337499945075,1.8330291000456782,1.6369383005221607,28.59926629999245,62.89653653911472,quality,not_promoted,-0.0032220294931903483,4.537707786766987e-05,0.2980581000447273,-0.006179921483271756,0.0001948335004328783,0.0041015625,1.0001640379428864,0.06969238305464387,0.0,0.4403875768184662,1.5725189447402954,0.23982371389865875,0.001380151603370905,0.007044062949717045,1.5711389780044556,0.2390400916337967,0.999137282371521,2.5e-05,-0.30123916268348694,-0.31353357434272766,-0.20948727428913116,-0.20950894057750702,-0.209098681807518,0.31037935614585876,-0.31225302815437317,-0.3141298294067383,-0.19730991125106812,-0.20899125933647156,-0.21437819302082062,0.0180946197360754,0.12816444039344788,0.01798621006309986,0.12479514628648758
111,1100,1109,10,10,2579,2579,0,0.0,2579,0,0.0,0,11.849035899998853,9.112868299736874,1.8066242999921087,1.671434799733106,28.480144699991797,63.94873294302929,quality,not_promoted,-0.000853117203294504,5.189181650543682e-05,0.2960345617881635,-0.0037875174027981193,0.00014701709344729728,0.003620426829268293,0.9998352084218002,0.07732272370741135,0.0,0.3214643895626068,1.5711032152175903,0.2547638714313507,0.002272301819175482,0.0073249745182693005,1.5688308477401733,0.2542820870876312,0.9991733431816101,2.5e-05,-0.3011692762374878,-0.31368812918663025,-0.20954054594039917,-0.2096245437860489,-0.20921604335308075,0.3103681206703186,-0.3123408555984497,-0.3143453001976013,-0.1972159594297409,-0.20900312066078186,-0.21450398862361908,0.018096011132001877,0.12822325527668,0.01798621006309986,0.12483291327953339
112,1110,1119,10,10,2395,2395,0,0.0,2395,0,0.0,0,10.773267299999134,8.27089210007398,1.8697566000337247,1.5432278999505797,26.593574700003956,64.09425768438773,quality,not_promoted,-0.0016441457953892257,4.9631197510423496e-05,0.31407163958800466,-0.004760046186244213,8.773024767019946e-05,0.0012335526315789473,1.0000297058569758,0.08780646083974525,0.0,0.39529237151145935,1.5433406829833984,0.24939841032028198,0.0018397271633148193,0.007109911181032658,1.5415008068084717,0.24911457300186157,0.9991872906684875,2.5e-05,-0.30113112926483154,-0.3137591481208801,-0.20950624346733093,-0.20967397093772888,-0.2092609703540802,0.3103882074356079,-0.3125012218952179,-0.3145769536495209,-0.19712123274803162,-0.20910848677158356,-0.2147262543439865,0.01809054985642433,0.1282237023115158,0.01798621006309986,0.12493586540222168
113,1120,1129,10,10,2693,2693,0,0.0,2693,0,0.0,0,12.481871500000125,9.356520400047884,1.989030900018406,1.7462273004057351,29.19876459999068,64.61033832448142,quality,not_promoted,0.00954313982321426,4.731393985207962e-05,0.3001394517893015,0.0065654022267174926,0.00022074871962696454,0.0032703488372093025,0.9989674285400746,0.06781146287658187,0.0,0.29534026980400085,1.560075044631958,0.25102075934410095,0.0009768962627276778,0.007058047689497471,1.5590983629226685,0.25082793831825256,0.9992094039916992,2.5e-05,-0.3012540936470032,-0.313760906457901,-0.20945169031620026,-0.20967340469360352,-0.20927412807941437,0.3104614317417145,-0.31254544854164124,-0.31467512249946594,-0.19708339869976044,-0.20913133025169373,-0.21486778557300568,0.018096784129738808,0.1282157152891159,0.01798621006309986,0.12498272955417633
114,1130,1139,10,10,2435,2435,0,0.0,2435,0,0.0,0,11.215860299998894,8.511959200026467,1.7954862999613397,1.7053804000315722,27.412123399990378,63.037201706199234,quality,not_promoted,0.006137747341432633,4.910294473330186e-05,0.3426184377227074,0.0027361150102642104,3.866147365454545e-05,0.0,0.9999560522727478,0.11256699156589232,0.0,0.47020769119262695,1.509756088256836,0.2606043517589569,0.0018387441523373127,0.007227208930999041,1.5079172849655151,0.2589033246040344,0.9992309212684631,2.5e-05,-0.3012036085128784,-0.3138790726661682,-0.20947878062725067,-0.20976169407367706,-0.20935840904712677,0.31050392985343933,-0.3127143085002899,-0.31489303708076477,-0.19705834984779358,-0.20924684405326843,-0.2150627076625824,0.018110986799001694,0.12826408445835114,0.01798621006309986,0.12503227591514587
115,1140,1149,10,10,2422,2422,0,0.0,2422,0,0.0,0,11.699678400007542,8.66828660009196,1.7972159999917494,1.660457499732729,25.494445699994685,65.11781252028072,quality,not_promoted,-0.0004082385597652511,4.6316104712068885e-05,0.3325255058313671,-0.003710335607664954,0.00038807251343984575,0.004523026315789474,0.999385510620318,0.09536975073186975,0.0,0.33245036005973816,1.5524638891220093,0.2507714331150055,0.002983679762110114,0.007545238360762596,1.5494804382324219,0.24861371517181396,0.9990947246551514,2.5e-05,-0.30107903480529785,-0.31397590041160583,-0.2095249593257904,-0.20982982218265533,-0.20942804217338562,0.3104773163795471,-0.31278955936431885,-0.3151226341724396,-0.19698220491409302,-0.20931196212768555,-0.21526271104812622,0.018109647557139397,0.12830281257629395,0.01798621006309986,0.12510927021503448
116,1150,1159,10,10,2559,2559,0,0.0,2559,0,0.0,0,11.553149700004724,8.893928100122139,1.4196088999742642,1.718693699571304,27.75005499999679,65.10919451817377,quality,not_promoted,-6.656482582911849e-05,5.051638786426338e-05,0.3463828437030315,-0.0035051344020757824,0.00010091832833154512,0.0015625,1.0001437462866307,0.1225538752740249,0.0125,0.7230216860771179,1.5514646768569946,0.269370436668396,0.002446739701554179,0.00735681876540184,1.5490180253982544,0.26947200298309326,0.9992541074752808,2.5e-05,-0.30113840103149414,-0.31407275795936584,-0.20955972373485565,-0.20989647507667542,-0.20948755741119385,0.31065183877944946,-0.31286439299583435,-0.31522923707962036,-0.1969759464263916,-0.20937003195285797,-0.21535824239253998,0.018116407096385956,0.12833447754383087,0.01798621006309986,0.12517572939395905
117,1160,1169,10,10,2286,2286,0,0.0,2286,0,0.0,0,10.66747060000489,7.630980699861539,2.4682070999988355,1.50461700046435,24.559888300005696,64.89274448557406,quality,not_promoted,-0.0009160130931478408,4.779306014926179e-05,0.337728014215827,-0.004269395906400557,2.033584648902181e-05,0.0,0.999840629597505,0.09551833686418831,0.0,0.27597811818122864,1.5482847690582275,0.2662447392940521,0.0021042032167315483,0.006835807580500841,1.5461807250976562,0.2658897936344147,0.9993407726287842,2.5e-05,-0.30119019746780396,-0.3141058385372162,-0.20959913730621338,-0.20991560816764832,-0.20951935648918152,0.3107277750968933,-0.31290683150291443,-0.3152849078178406,-0.19687490165233612,-0.2093968540430069,-0.21549202501773834,0.018116071820259094,0.12835335731506348,0.01798621006309986,0.12520737946033478
118,1170,1179,10,10,2994,2994,0,0.0,2994,0,0.0,0,14.313136099997791,10.702025699938531,3.4301319000223884,2.0463994995807298,34.75076660000195,61.02245918566147,quality,not_promoted,-1.2405172109286836e-05,5.9021260390278603e-05,0.31575074411453086,-0.003140401815936128,7.830554371120092e-05,0.0,0.9995561127967023,0.13232055274730034,0.010638297872340425,0.5695198774337769,1.5884170532226562,0.22985240817070007,0.000993149820715189,0.007983086630702019,1.5874240398406982,0.22722826898097992,0.9987937211990356,2.5e-05,-0.30126693844795227,-0.31420332193374634,-0.20965754985809326,-0.20998376607894897,-0.209605410695076,0.31087133288383484,-0.3130826950073242,-0.3156214952468872,-0.1966959834098816,-0.20953090488910675,-0.21573132276535034,0.018116436898708344,0.1283930242061615,0.01798621006309986,0.12532538175582886
119,1180,1189,10,10,2824,2824,0,0.0,2824,0,0.0,0,13.05749229999492,10.084548399900086,2.171020799985854,1.8803156000358285,33.42230830001063,60.75757562522037,quality,not_promoted,0.004654698994838529,4.9773999024991e-05,0.3439638939168718,0.0012399472761899233,5.7407907055070005e-05,0.0,0.9998079339663187,0.12600660133692954,0.0,0.37971797585487366,1.6080299615859985,0.2376302182674408,0.001307918457314372,0.006951969116926193,1.606722116470337,0.23607252538204193,0.9991441369056702,2.5e-05,-0.30128005146980286,-0.3143705725669861,-0.20975981652736664,-0.21010221540927887,-0.20972594618797302,0.3109551668167114,-0.31328171491622925,-0.31595659255981445,-0.19660551846027374,-0.20967034995555878,-0.21601632237434387,0.018116716295480728,0.12845541536808014,0.01798621006309986,0.12533116340637207
120,1190,1199,10,10,2299,2299,0,0.0,2299,0,0.0,0,10.613421199988807,7.871804000096745,1.822078400015016,1.5467914000328165,24.05778279999504,66.30862891294665,quality,not_promoted,-0.00020795121478537718,4.4343124828729844e-05,0.3299261321210199,-0.0034850410997427795,6.0457041071357606e-05,0.00021701388888888888,1.0000520712799497,0.10467752033016747,0.0,0.29330524802207947,1.5670876502990723,0.2593008875846863,0.0007250938797369599,0.006946173962205648,1.5663625001907349,0.25771626830101013,0.9992824196815491,2.5e-05,-0.3013606667518616,-0.3144831359386444,-0.20983320474624634,-0.2101813405752182,-0.20980247855186462,0.311046838760376,-0.3133833110332489,-0.31599515676498413,-0.19653552770614624,-0.20973455905914307,-0.21612684428691864,0.018126456066966057,0.12852038443088531,0.01798621006309986,0.12533029913902283
121,1200,1209,10,10,2576,2576,0,0.0,2576,0,0.0,0,12.871834500008845,9.1671778998425,3.4287680000270484,1.7206562002684223,28.88009210000746,61.69775169127151,quality,not_promoted,-9.737622628851635e-05,4.955024240455425e-05,0.34067202668364455,-0.003479321277132485,5.60530887280659e-05,0.0,0.9997785592951426,0.13499624418412767,0.024390243902439025,1.154197335243225,1.580275535583496,0.2542201280593872,7.708260818617418e-05,0.007547837682068348,1.5801985263824463,0.2535172700881958,0.9991185069084167,2.5e-05,-0.30138078331947327,-0.3145100474357605,-0.20985835790634155,-0.21020682156085968,-0.20983277261257172,0.3110997974872589,-0.3136386275291443,-0.3162536025047302,-0.19637423753738403,-0.2099049836397171,-0.21642154455184937,0.01812366023659706,0.12855590879917145,0.01798621006309986,0.12540578842163086
122,1210,1219,10,10,2556,2556,0,0.0,2556,0,0.0,0,12.343276100000367,8.749255600036122,3.5746920999663416,1.8513370996224694,28.006118299992522,63.34667565668471,quality,not_promoted,0.0002610240364447236,4.2410833043504684e-05,0.32216784320771696,-0.0029394485856755635,9.379254636314727e-05,0.00078125,0.9998711504042148,0.09865806554444134,0.0,0.42317405343055725,1.585146427154541,0.25678589940071106,1.8328248188481666e-05,0.006442870479077101,1.5851283073425293,0.2571697533130646,0.9993704557418823,2.5e-05,-0.3014022409915924,-0.314565509557724,-0.20990043878555298,-0.2102465033531189,-0.20987282693386078,0.3111388683319092,-0.31384995579719543,-0.31649190187454224,-0.19632866978645325,-0.210057333111763,-0.2166275680065155,0.018126221373677254,0.1285584568977356,0.01798621006309986,0.1254894733428955
123,1220,1229,10,10,2448,2448,0,0.0,2448,0,0.0,0,19.683767499998794,8.729920800135005,10.4261325999978,1.6938035995117389,25.507910800006357,54.16926505249355,quality,not_promoted,-0.0013383112979145385,4.134413551909324e-05,0.3368477809887666,-0.004686116112563281,0.00032966465163880435,0.006610576923076923,1.00012050760098,0.12556882307697564,0.01282051282051282,0.6236344575881958,1.5588725805282593,0.2669047713279724,-0.0003746756410691887,0.006449291482567787,1.5592472553253174,0.268079936504364,0.9994161128997803,2.5e-05,-0.30149275064468384,-0.3148057758808136,-0.21006730198860168,-0.21042181551456451,-0.21003340184688568,0.3113286793231964,-0.3140524923801422,-0.31670376658439636,-0.19636039435863495,-0.21020574867725372,-0.21689406037330627,0.018119435757398605,0.12868231534957886,0.01798621006309986,0.125594362616539
124,1230,1239,10,10,2423,2423,0,0.0,2423,0,0.0,0,20.70554510000511,8.534760700000334,10.840012499975273,1.5373029993497767,25.724750699999277,52.18575411272248,quality,not_promoted,-0.0001410378976479957,3.957954037870973e-05,0.3384771127449839,-0.0035060187219642103,9.647908217103625e-05,0.0006167763157894736,0.9997731988367281,0.14539512374291294,0.0,0.42309698462486267,1.4969234466552734,0.26613709330558777,-0.0009170135599561036,0.006208380218595266,1.497840404510498,0.26677006483078003,0.9994558095932007,2.5e-05,-0.30137908458709717,-0.31493520736694336,-0.21017636358737946,-0.2105134129524231,-0.21010613441467285,0.31132790446281433,-0.3141765296459198,-0.3168451189994812,-0.19628015160560608,-0.21029703319072723,-0.21705345809459686,0.01812097430229187,0.12874893844127655,0.01798621006309986,0.12559187412261963
125,1240,1249,10,10,6919,6919,0,0.0,6919,0,0.0,0,59.974628199997824,31.024374600005103,11.474155499963672,8.680845400114777,72.66219699999783,52.16500010134611,quality,not_promoted,-0.0005138971877002388,0.01138361282602266,0.13057860621003384,0.0038721228270458246,5.899672686017424e-05,0.0,1.000028239477665,0.18520255809342231,0.04128440366972477,0.8461325168609619,1.6169482469558716,0.20513246953487396,-0.008881613612174988,0.10815756022930145,1.625830054283142,0.16876961290836334,0.7219998836517334,2.5e-05,-0.3013651967048645,-0.314927875995636,-0.21018190681934357,-0.21050871908664703,-0.21010327339172363,0.31131216883659363,-0.3141850233078003,-0.31687772274017334,-0.19626203179359436,-0.21030189096927643,-0.21707552671432495,0.018119772896170616,0.12875108420848846,0.01798621006309986,0.12559162080287933
126,1250,1259,10,10,2243,2243,0,0.0,2243,0,0.0,0,9.837009699986083,7.57694150005409,1.3350059000222245,1.4567259996547364,23.389817599992966,67.50569290741203,quality,not_promoted,0.00033671539535539015,5.820431567826745e-05,0.3758887683765756,-0.0033930703583690855,0.00017857897694708826,0.0,0.9998775182498826,0.1516831925449272,0.0,0.4559435248374939,1.5061900615692139,0.2655225396156311,0.0010992371244356036,0.008158095180988312,1.5050907135009766,0.2643171548843384,0.9990559816360474,2.5e-05,-0.30136552453041077,-0.3150039613246918,-0.21014516055583954,-0.21056002378463745,-0.21018147468566895,0.31139567494392395,-0.3142932057380676,-0.3171140253543854,-0.19618919491767883,-0.21037882566452026,-0.21726223826408386,0.018125973641872406,0.12879039347171783,0.01798621006309986,0.12562799453735352
127,1260,1269,10,10,2264,2264,0,0.0,2264,0,0.0,0,9.914729099997203,7.494040300021879,1.5897465000161901,1.5629879997868557,21.45372820000921,72.17441324408189,quality,not_promoted,-0.0011430884996015164,4.940051828978337e-05,0.37631550927956897,-0.0048815434921481125,0.00040390236030260794,0.006293402777777778,1.0005916663342052,0.1574359621024794,0.013888888888888888,0.7148626446723938,1.5691696405410767,0.26561444997787476,0.000381891499273479,0.007463757414370775,1.568787693977356,0.26560014486312866,0.9992104172706604,2.5e-05,-0.301359623670578,-0.31508004665374756,-0.21019971370697021,-0.21060317754745483,-0.2102258950471878,0.3114885687828064,-0.3144790530204773,-0.31727755069732666,-0.19607530534267426,-0.2104986310005188,-0.21740810573101044,0.018142133951187134,0.12883611023426056,0.01798621006309986,0.12568727135658264
128,1270,1279,10,10,2596,2596,0,0.0,2596,0,0.0,0,12.676369299995713,9.297999899936258,2.302151700045215,1.847557900036918,28.17650980000326,63.545092957721685,quality,not_promoted,-0.00019022917783841854,4.1555705848157054e-05,0.3489922390478413,-0.003659373430376191,0.00044573921562604063,0.0037686314388382727,1.0000485828736934,0.1407553279181806,0.024390243902439025,0.5637658834457397,1.5556249618530273,0.25740212202072144,0.0009552646079100668,0.006627076771110296,1.554669737815857,0.2569756805896759,0.9993371367454529,2.5e-05,-0.3013811409473419,-0.3152477443218231,-0.21033230423927307,-0.21071293950080872,-0.21034830808639526,0.31160303950309753,-0.3145829737186432,-0.3173641860485077,-0.19603006541728973,-0.21058298647403717,-0.21753716468811035,0.018153922632336617,0.12889604270458221,0.01798621006309986,0.12569276988506317
129,1280,1289,10,10,2912,2912,0,0.0,2912,0,0.0,0,14.58583440000075,10.5192569000792,1.9981936999975005,2.30320359992038,30.247243600009824,64.95204277518741,quality,not_promoted,0.0016405940885939028,4.191356775545105e-05,0.30676876154282817,-0.0014061366648251271,0.00017379744373180944,0.002377717391304348,1.0003249191719552,0.16017079341184834,0.03260869565217391,0.6297603845596313,1.5849329233169556,0.2458115965127945,-0.0006472454406321049,0.006670327391475439,1.5855802297592163,0.24491223692893982,0.9992636442184448,2.5e-05,-0.301338791847229,-0.3154527544975281,-0.21047896146774292,-0.2108566015958786,-0.210441455245018,0.3117339313030243,-0.3145866394042969,-0.3173125386238098,-0.19606851041316986,-0.21056285500526428,-0.21759213507175446,0.018151406198740005,0.1289803385734558,0.01798621006309986,0.12569177150726318
130,1290,1299,10,10,2580,2580,0,0.0,2580,0,0.0,0,11.69466010000906,9.022169299976667,1.8957086999871535,1.6926844999979949,27.562796600002912,65.7199986161919,quality,not_promoted,0.002096523837436263,4.336102545760407e-05,0.39459696939078776,-0.001827765559982054,0.0002480988197831033,0.0022865853658536584,0.9998751319036251,0.16880215477289223,0.04878048780487805,1.0830663442611694,1.5730180740356445,0.25541073083877563,0.0008805588004179299,0.006891390774399042,1.5721375942230225,0.25594690442085266,0.9992719888687134,2.5e-05,-0.3013704717159271,-0.3154458701610565,-0.21045438945293427,-0.2108408510684967,-0.21043530106544495,0.3117429316043854,-0.3147416412830353,-0.3175621032714844,-0.19592830538749695,-0.2106824368238449,-0.21779194474220276,0.018150998279452324,0.1289650797843933,0.01798621006309986,0.12576033174991608
131,1300,1309,10,10,2725,2725,0,0.0,2725,0,0.0,0,13.513259500003187,9.827589500069735,2.363120499983779,1.9698954998893896,27.57885959999112,66.31441891251545,quality,not_promoted,-0.001541284346130005,4.229626234138228e-05,0.32603406126416007,-0.004780476601512799,0.0006544585294038772,0.012899709302325582,1.0006587928117707,0.10115046643240508,0.0,0.3642900288105011,1.5321186780929565,0.25932982563972473,0.0002705657097976655,0.006693230476230383,1.5318479537963867,0.2600211203098297,0.9993338584899902,2.5e-05,-0.3015936017036438,-0.315524160861969,-0.21038374304771423,-0.21089743077754974,-0.2104928344488144,0.3119052052497864,-0.31475958228111267,-0.3175983726978302,-0.195969358086586,-0.21070417761802673,-0.21782533824443817,0.018152642995119095,0.12899662554264069,0.01798621006309986,0.12576064467430115
132,1310,1319,10,10,2482,2482,0,0.0,2482,0,0.0,0,11.243004699994344,8.839444600016577,1.450710400022217,1.6341845000715693,26.114027300005546,66.43996771478011,quality,not_promoted,0.0003532310589574851,4.359641689706432e-05,0.3473934080356207,-0.003098903970124248,0.0001571945003189075,0.0006009615384615385,1.0001798616005824,0.19168544455598563,0.0641025641025641,0.6679093241691589,1.5348550081253052,0.25662368535995483,0.0006631325231865048,0.006573277059942484,1.5341918468475342,0.2555294632911682,0.9993438720703125,2.5e-05,-0.3017027676105499,-0.31552863121032715,-0.210345059633255,-0.21090269088745117,-0.2104942798614502,0.31197062134742737,-0.3148931562900543,-0.3178121745586395,-0.1959029883146286,-0.21079547703266144,-0.2180057317018509,0.018149111419916153,0.1289922297000885,0.01798621006309986,0.12583056092262268
133,1320,1329,10,10,2246,2246,0,0.0,2246,0,0.0,0,10.372589799997513,7.589272000041092,1.90469059998577,1.6268275005422765,22.42143839999335,68.48807918024008,quality,not_promoted,-0.009657540953614645,3.876385268439561e-05,0.3524300352566772,-0.013162458651802607,0.0002378724877619081,0.004050925994912784,0.9992427436841859,0.11821610907403131,0.0,0.401167631149292,1.5426874160766602,0.257242351770401,0.000741660303901881,0.006422062870115042,1.5419458150863647,0.25688377022743225,0.9993767738342285,2.5e-05,-0.30167311429977417,-0.3157614767551422,-0.21053031086921692,-0.21106262505054474,-0.21059656143188477,0.3120998442173004,-0.3149557411670685,-0.3179447054862976,-0.19592228531837463,-0.2108461707830429,-0.21817542612552643,0.01815164089202881,0.12907303869724274,0.01798621006309986,0.12585312128067017
134,1330,1339,10,10,2764,2764,0,0.0,2764,0,0.0,0,12.962765400006901,9.857719299950986,2.739015900020604,1.9689378001785371,29.670970999999554,64.83128698988676,quality,not_promoted,0.0012070960788564248,4.873007760993046e-05,0.3353275487368757,-0.002121813611169769,0.00021602966932153902,0.0017755681818181818,1.0004439970309085,0.15783269752070986,0.0,0.480980783700943,1.5633347034454346,0.26453569531440735,0.0005739150801673532,0.00712746474891901,1.5627609491348267,0.2648223042488098,0.9992740750312805,2.5e-05,-0.30175861716270447,-0.31571292877197266,-0.21050699055194855,-0.2110227793455124,-0.2105645090341568,0.31214380264282227,-0.3150189220905304,-0.3181658685207367,-0.19579219818115234,-0.21089255809783936,-0.2183660864830017,0.018160881474614143,0.12905047833919525,0.01798621006309986,0.12588699162006378
135,1340,1349,10,10,2428,2428,0,0.0,2428,0,0.0,0,11.28299189999234,8.461791499968967,2.187911399989389,1.7036859004438156,25.00461930000165,66.90988796750563,quality,not_promoted,0.00023655951831881938,3.728355920286145e-05,0.37304057808298813,-0.0034752042755778682,7.563037697285548e-05,0.0,0.9998444130546168,0.11384539661536876,0.0,0.4758264124393463,1.5955232381820679,0.2469012439250946,9.063620382221416e-05,0.0062856366857886314,1.5954325199127197,0.2465200275182724,0.9993518590927124,2.5e-05,-0.3017556667327881,-0.31570732593536377,-0.21053482592105865,-0.21103107929229736,-0.21055246889591217,0.3121464252471924,-0.31514135003089905,-0.31842169165611267,-0.19580931961536407,-0.2109692543745041,-0.21853268146514893,0.0181601420044899,0.1290302872657776,0.01798621006309986,0.1259596347808838
136,1350,1359,10,10,2533,2533,0,0.0,2533,0,0.0,0,11.64772210000956,8.728997400205117,1.776278800010914,1.7816575994365849,25.81085389999498,67.62136393011023,quality,not_promoted,0.0016342074290150777,4.0752981226432895e-05,0.3298676697537303,-0.001644093234790489,0.00013189300225349143,0.0,0.9997050106525421,0.11924333604983986,0.0,0.4209471046924591,1.572100281715393,0.27149826288223267,-0.0011008201399818063,0.006809977814555168,1.5732011795043945,0.2718469500541687,0.9993708729743958,2.5e-05,-0.3017715513706207,-0.3156973719596863,-0.21056289970874786,-0.21102872490882874,-0.21054625511169434,0.31214967370033264,-0.3152586817741394,-0.3186396062374115,-0.19576677680015564,-0.21107260882854462,-0.2187248021364212,0.018160272389650345,0.12905091047286987,0.01798621006309986,0.12602567672729492
137,1360,1369,10,10,2306,2306,0,0.0,2306,0,0.0,0,10.455574599996908,7.871022799910861,1.777466799991089,1.5856898998463294,24.18633980001323,66.56675994786607,quality,not_promoted,-0.004868138719954201,4.2544555041073376e-05,0.3215848388704094,-0.008062715662605557,3.6897339128159185e-05,0.0,0.9998883903026581,0.12330304549352543,0.013513513513513514,0.5168641209602356,1.5347143411636353,0.2615589201450348,0.0006385545711964369,0.006867458112537861,1.5340758562088013,0.2612117528915405,0.9993106126785278,2.5e-05,-0.30183225870132446,-0.3158593475818634,-0.2106037586927414,-0.21113330125808716,-0.2106470912694931,0.3122800290584564,-0.31539425253868103,-0.31884390115737915,-0.19577567279338837,-0.21113832294940948,-0.2188948541879654,0.01816655695438385,0.12911415100097656,0.01798621006309986,0.12604717910289764
138,1370,1379,10,10,7052,7052,0,0.0,7052,0,0.0,0,45.10705890000099,29.514402299697394,4.3672417999914614,4.40437069949985,74.00036259999615,59.20705789101621,quality,not_promoted,-0.0005571857380034687,0.01085167092153554,0.12151026505943355,0.0036535470060551087,7.214299445082476e-07,0.0,1.000007900568816,0.20068172769000134,0.04054054054054054,1.3326412439346313,1.6539499759674072,0.22714926302433014,-0.008507192134857178,0.10616236180067062,1.6624571084976196,0.1927395612001419,0.781566858291626,2.5e-05,-0.30184051394462585,-0.31591910123825073,-0.2106456607580185,-0.21117499470710754,-0.2106909602880478,0.3123156726360321,-0.31539902091026306,-0.3188518285751343,-0.19576986134052277,-0.21113912761211395,-0.2189183384180069,0.01816788874566555,0.12914025783538818,0.01798621006309986,0.1260458528995514
139,1380,1389,10,10,2358,2358,0,0.0,2358,0,0.0,0,10.560547800007043,8.127242599934107,1.663377200035029,1.6119212001940468,24.522546399995917,67.21185955142465,quality,not_promoted,-0.00014596253734182668,0.00011263985396834796,0.34599697871788127,-0.0035496134046666527,0.00011444238388063437,0.001266891891891892,1.0003093255532753,0.14879524614661932,0.0,0.45982682704925537,1.5880485773086548,0.2716860771179199,-0.0021355287171900272,0.010625659488141537,1.5901840925216675,0.265727698802948,0.9984704256057739,2.5e-05,-0.3018258810043335,-0.31607502698898315,-0.21076859533786774,-0.21128804981708527,-0.21079696714878082,0.31246453523635864,-0.3155721127986908,-0.31898900866508484,-0.19579541683197021,-0.2112593948841095,-0.21906915307044983,0.018163418397307396,0.12919315695762634,0.01798621006309986,0.12612593173980713
140,1390,1399,10,10,2555,2555,0,0.0,2555,0,0.0,0,11.809016700004577,9.052987499992014,1.939847000016016,1.7351245998142986,29.49576919998799,61.85723867897981,quality,not_promoted,-0.00020787648390978574,8.838884873512143e-05,0.33164245169609785,-0.003480106926872395,0.0004398982834572962,0.0052734375,0.999638494104147,0.11358056394383312,0.0,0.3358834683895111,1.5857802629470825,0.2587546706199646,-0.0024501834996044636,0.010762167163193226,1.5882303714752197,0.2552240788936615,0.9982700943946838,2.5e-05,-0.30184879899024963,-0.3160771429538727,-0.21083232760429382,-0.21129110455513,-0.21080753207206726,0.31242701411247253,-0.3157612979412079,-0.3192528486251831,-0.1957225501537323,-0.21139854192733765,-0.21924521028995514,0.01815946400165558,0.1292005479335785,0.01798621006309986,0.12618981301784515
141,1400,1409,10,10,2348,2348,0,0.0,2348,0,0.0,0,11.236015299989958,8.093032400211086,1.9183861000055913,1.6912573995505227,24.95945299998857,64.86999920930414,quality,not_promoted,-7.074562883054889e-05,5.690677858797859e-05,0.30482888000236974,-0.0030905808576986798,6.55118532253058e-05,0.0004222972972972973,1.0000067393522005,0.10422825657233999,0.013513513513513514,0.5072248578071594,1.5583003759384155,0.2894589304924011,-0.0031246833968907595,0.008416837081313133,1.5614248514175415,0.28633809089660645,0.9991545081138611,2.5e-05,-0.3018886148929596,-0.31611835956573486,-0.21084962785243988,-0.21131819486618042,-0.21082928776741028,0.3124421536922455,-0.31592363119125366,-0.31936880946159363,-0.19568811357021332,-0.21150845289230347,-0.21939048171043396,0.0181567519903183,0.12921443581581116,0.01798621006309986,0.12624306976795197
142,1410,1419,10,10,2872,2872,0,0.0,2872,0,0.0,0,13.168988399993395,10.10631880008441,2.44447949998721,1.909843199828174,30.89268119999906,65.18137024931283,quality,not_promoted,-0.0005359590157038636,5.6592527026724484e-05,0.3269435283210542,-0.00377709805034101,0.00020476885709083743,0.002802579373949104,1.0001623855696784,0.1032669876391689,0.0,0.3081176280975342,1.6063798666000366,0.2731766104698181,-0.0029946337454020977,0.008376182056963444,1.6093745231628418,0.2725106179714203,0.9990598559379578,2.5e-05,-0.30191466212272644,-0.31593504548072815,-0.21075209975242615,-0.21119238436222076,-0.21067430078983307,0.31219950318336487,-0.31607621908187866,-0.31944751739501953,-0.1956428587436676,-0.21161474287509918,-0.21955610811710358,0.018168462440371513,0.12912969291210175,0.01798621006309986,0.12631389498710632
143,1420,1429,10,10,2621,2621,0,0.0,2621,0,0.0,0,12.123567800008459,8.956019999677665,1.7098974000109592,1.7780063000827795,26.6066562999913,67.67324643494682,quality,not_promoted,0.00016072432783137007,6.442360289639043e-05,0.3034666753033312,-0.0028417319735148695,0.0001804605258091281,0.0024771341463414634,1.000002632053887,0.14595267078952817,0.012195121951219513,0.5719583630561829,1.553476333618164,0.26112234592437744,-0.0031741696875542402,0.008281164802610874,1.5566505193710327,0.26207318902015686,0.9989942312240601,2.5e-05,-0.3019195795059204,-0.3162460923194885,-0.21090883016586304,-0.21140921115875244,-0.21091876924037933,0.31238362193107605,-0.31615114212036133,-0.3193906247615814,-0.1956181526184082,-0.21166041493415833,-0.21971583366394043,0.018171682953834534,0.12923938035964966,0.01798621006309986,0.12636734545230865
144,1430,1439,10,10,2420,2420,0,0.0,2420,0,0.0,0,10.90935790000367,8.123976299946662,1.7713891999883344,1.61790499946801,24.179508600005647,68.96774508231428,quality,not_promoted,0.0004177979365187256,6.233715071414879e-05,0.32631809636950493,-0.0028142146613007704,5.8157751290740346e-05,0.0,0.9998777595005537,0.11209197876680839,0.0,0.4374755918979645,1.5896002054214478,0.2690486013889313,-0.003710614051669836,0.00810229405760765,1.593310832977295,0.27061688899993896,0.9990931153297424,2.5e-05,-0.3019005358219147,-0.31637099385261536,-0.21103298664093018,-0.21149419248104095,-0.21102288365364075,0.3124496340751648,-0.31624263525009155,-0.31941357254981995,-0.19551393389701843,-0.21172383427619934,-0.21987533569335938,0.018173184245824814,0.1293007880449295,0.01798621006309986,0.12642738223075867
145,1440,1449,10,10,3041,3041,0,0.0,3041,0,0.0,0,14.666731299992534,10.622619599947939,2.9555042999854777,2.0725557998521253,32.67034900000726,64.241393443102,quality,not_promoted,-0.00034627980494406074,4.872675295549319e-05,0.3060703077353537,-0.003382619887512798,0.000410674416495264,0.00732421875,1.0001720606038969,0.15321224792084345,0.010416666666666666,0.5991489887237549,1.5899271965026855,0.27340903878211975,-0.002294030971825123,0.00709926662966609,1.5922212600708008,0.27462038397789,0.9993257522583008,2.5e-05,-0.30181318521499634,-0.3165958523750305,-0.21122972667217255,-0.21164898574352264,-0.21114672720432281,0.31250208616256714,-0.31641995906829834,-0.31946468353271484,-0.19546465575695038,-0.2118244171142578,-0.22007733583450317,0.01817360892891884,0.1293884813785553,0.01798621006309986,0.12646806240081787
146,1450,1459,10,10,6837,6837,0,0.0,6837,0,0.0,0,49.336089000003994,29.935255799704464,1.9264392999903066,8.454719800167368,70.59822709999571,57.00620324794612,quality,not_promoted,0.0001014211458789411,0.011550613187354659,0.10866273254608717,0.004790100979479465,1.0066589836335701e-05,0.0,1.0000102297167912,0.17463765160189332,0.028037383177570093,0.80521160364151,1.6598427295684814,0.23184077441692352,-0.010061826556921005,0.10947833210229874,1.6699044704437256,0.19544334709644318,0.777014434337616,2.5e-05,-0.30181601643562317,-0.31660470366477966,-0.21121685206890106,-0.211654394865036,-0.21115313470363617,0.31250572204589844,-0.31643396615982056,-0.31948938965797424,-0.195449560880661,-0.21183176338672638,-0.2200823724269867,0.018172230571508408,0.1293868124485016,0.01798621006309986,0.12647542357444763
147,1460,1469,10,10,3412,3412,0,0.0,3412,0,0.0,0,17.933532600000035,12.279932599863969,3.7385896000050707,2.317875900029321,38.95418549999886,59.97779685946072,quality,not_promoted,0.0016512657360484202,6.764303968035772e-05,0.28059790973310117,-0.0011208906416194859,5.6446481203743635e-05,0.0,0.9999811345780337,0.1263983658756371,0.037037037037037035,0.7279542088508606,1.611999273300171,0.2417002022266388,-0.0006938822916708887,0.008432123810052872,1.6126930713653564,0.24397262930870056,0.9987829327583313,2.5e-05,-0.3017452657222748,-0.316697895526886,-0.21127060055732727,-0.21171829104423523,-0.21121414005756378,0.312484472990036,-0.31657999753952026,-0.3195258378982544,-0.1954546421766281,-0.211893692612648,-0.22012044489383698,0.01817058026790619,0.12940841913223267,0.01798621006309986,0.1264730840921402
148,1470,1479,10,10,2368,2368,0,0.0,2368,0,0.0,0,10.810495699988678,8.21386190004705,1.805057300021872,1.661438500173972,25.227341199992225,65.70871627429045,quality,not_promoted,-0.00013570318854338415,6.243754951601904e-05,0.39038471998395147,-0.004008331905572197,0.0002683884136982866,0.0014780405405405406,1.0005433503034953,0.13835396184711843,0.0,0.44837504625320435,1.5673030614852905,0.26536235213279724,-0.0002453399065416306,0.008850104175508022,1.5675482749938965,0.2678218185901642,0.9988877177238464,2.5e-05,-0.3017558455467224,-0.316761314868927,-0.21135064959526062,-0.21176332235336304,-0.21127797663211823,0.3125341236591339,-0.3166404962539673,-0.3196684718132019,-0.1953469216823578,-0.21195372939109802,-0.22026944160461426,0.018176941201090813,0.1294456571340561,0.01798621006309986,0.12645672261714935
149,1480,1489,10,10,2687,2687,0,0.0,2687,0,0.0,0,12.907598500009044,9.700222899962682,2.108829200020409,1.898995599418413,31.906925400006003,59.95824045782394,quality,not_promoted,-4.7394118848301115e-05,5.0883814072308486e-05,0.39209115132689476,-0.0039428634890576915,0.0002453904933298916,0.0018601190476190475,1.0001755356788635,0.15601717121899128,0.0,0.4397227466106415,1.579149842262268,0.25781649351119995,-6.0707337979692966e-05,0.007718641310930252,1.5792107582092285,0.25996872782707214,0.9991036653518677,2.5e-05,-0.30189794301986694,-0.31690454483032227,-0.21136945486068726,-0.21186532080173492,-0.21136169135570526,0.31265971064567566,-0.31674832105636597,-0.31979042291641235,-0.19533436000347137,-0.21203123033046722,-0.22039341926574707,0.018173208460211754,0.1295281946659088,0.01798621006309986,0.1265057772397995
150,1490,1499,10,10,2371,2371,0,0.0,2371,0,0.0,0,11.21640629999456,8.191817100087064,2.4366416999691864,1.5680282998800976,26.20327250000264,63.362382469199,quality,not_promoted,-0.01095475296269318,5.1085648919979576e-05,0.3623840259878259,-0.014553050865958395,0.0002049921507326343,0.0024671052631578946,0.9999918820042359,0.13976006905891394,0.02631578947368421,0.5702047348022461,1.5360175371170044,0.25473707914352417,0.0003797863028012216,0.00743918726220727,1.5356374979019165,0.25618231296539307,0.9991471767425537,2.5e-05,-0.30188676714897156,-0.31690895557403564,-0.21132053434848785,-0.21186895668506622,-0.21137048304080963,0.31266066431999207,-0.3168230950832367,-0.3197748363018036,-0.19534315168857574,-0.2120857536792755,-0.22038634121418,0.0181739442050457,0.12952880561351776,0.01798621006309986,0.12646865844726562
151,1500,1509,10,10,2348,2348,0,0.0,2348,0,0.0,0,11.27917300000263,8.200854800117668,2.458565199995064,1.6345769993058639,26.848188799995114,61.58307024537268,quality,not_promoted,-8.14996609413946e-06,6.161245909351164e-05,0.3864836755233842,-0.00384218039658122,4.5530875050226804e-05,0.0,0.9996610388562486,0.14728740451706424,0.0,0.4669540524482727,1.5646255016326904,0.26011359691619873,0.0008186111226677895,0.008235850371420383,1.5638067722320557,0.26210829615592957,0.9989975094795227,2.5e-05,-0.3019731342792511,-0.31708642840385437,-0.211398184299469,-0.211991548538208,-0.21152299642562866,0.312872052192688,-0.3170432448387146,-0.3199309706687927,-0.19534438848495483,-0.21223479509353638,-0.2204032987356186,0.018182391300797462,0.12957708537578583,0.01798621006309986,0.12650910019874573
152,1510,1519,10,10,2983,2983,0,0.0,2983,0,0.0,0,14.212368699998478,10.503750699877855,1.7240222999971593,2.0787907003832515,33.47231060000195,62.55678016062432,quality,not_promoted,-0.001162646036159168,5.423290254607019e-05,0.33731228572891114,-0.004508653103294683,0.0003396478948954919,0.0036569148936170214,1.0005031652907108,0.19167375647799767,0.0425531914893617,0.5793912410736084,1.4790546894073486,0.2676944136619568,0.0004759852308779955,0.00777482520788908,1.4785786867141724,0.2691400647163391,0.9991564750671387,2.5e-05,-0.3020245134830475,-0.3170824646949768,-0.2114252895116806,-0.21199297904968262,-0.21152780950069427,0.3129130005836487,-0.31733399629592896,-0.3201487064361572,-0.19530043005943298,-0.21243789792060852,-0.22061727941036224,0.018199793994426727,0.12960156798362732,0.01798621006309986,0.12661658227443695
153,1520,1529,10,10,2224,2224,0,0.0,2224,0,0.0,0,10.169366300004185,7.801768100034678,1.7036255999992136,1.5471803003165405,24.428675100003602,64.28109540326463,quality,not_promoted,0.0006649910738425595,5.475638847981048e-05,0.40874231840882985,-0.003395054199998932,8.222656075044403e-05,0.0,0.9999236209051949,0.14498722361666816,0.0,0.3759901821613312,1.5248744487762451,0.2556183338165283,0.0006803545402362943,0.007764352951198816,1.5241941213607788,0.25602981448173523,0.9990773797035217,2.5e-05,-0.30215564370155334,-0.31719648838043213,-0.21153420209884644,-0.21206900477409363,-0.21162840723991394,0.3130843937397003,-0.31776362657546997,-0.3204655647277832,-0.19522351026535034,-0.21274389326572418,-0.22086386382579803,0.018210802227258682,0.12966160476207733,0.01798621006309986,0.12677285075187683
154,1530,1539,10,10,2827,2827,0,0.0,2827,0,0.0,0,14.743825500001549,10.130468399933307,4.124385700022685,2.0427994999918155,31.027236599999014,61.76391524023571,quality,not_promoted,0.0020161597265137567,4.6643077843732e-05,0.33215528511338765,-0.001282072390636636,0.0001726085934529288,0.0005208333333333333,1.0004268983999889,0.1858263900089595,0.05555555555555555,0.9271038174629211,1.6277892589569092,0.23938268423080444,0.00032419635681435466,0.007546433713287115,1.627464771270752,0.2400081604719162,0.9990062117576599,2.5e-05,-0.30232396721839905,-0.3173142373561859,-0.211619034409523,-0.21216143667697906,-0.21171510219573975,0.3133155405521393,-0.3179054260253906,-0.320637583732605,-0.19514113664627075,-0.21286541223526,-0.22103172540664673,0.01821550354361534,0.1297050565481186,0.01798621006309986,0.12684126198291779
155,1540,1549,10,10,2599,2599,0,0.0,2599,0,0.0,0,12.874775800009957,9.488583100071992,1.547271300034481,1.8306026997452136,27.80356089999259,63.89150124714507,quality,not_promoted,0.0010676198218744703,4.063342844236148e-05,0.3514952784994753,-0.00242701716857349,0.00025316709656092315,0.0007621951219512195,0.9992711558574583,0.1560923616379136,0.012195121951219513,0.5354135036468506,1.5656219720840454,0.2617431581020355,0.0010309441713616252,0.0066291834227740765,1.5645910501480103,0.2621282637119293,0.9993585348129272,2.5e-05,-0.3022419214248657,-0.3175243139266968,-0.21172639727592468,-0.21231479942798615,-0.2118741124868393,0.31339606642723083,-0.31797847151756287,-0.3207002282142639,-0.19501687586307526,-0.21292099356651306,-0.2212267965078354,0.018225446343421936,0.12980666756629944,0.01798621006309986,0.12677858769893646
156,1550,1559,10,10,2296,2296,0,0.0,2296,0,0.0,0,10.627767899990431,7.953367399779381,1.9605497000156902,1.5882245998072904,25.524218399994425,63.50965009081567,quality,not_promoted,-0.0011004864677993788,4.4477407856094134e-05,0.39953694575362736,-0.005073617248045694,0.0006046337168502052,0.009827628990428315,1.0007046105133162,0.18233016992194784,0.041666666666666664,0.601344108581543,1.5303350687026978,0.26394927501678467,0.00016729964409023523,0.006956205237656832,1.5301676988601685,0.2622201144695282,0.9993054270744324,2.5e-05,-0.3022265136241913,-0.31785184144973755,-0.21188420057296753,-0.21253831684589386,-0.21209385991096497,0.31353458762168884,-0.31817975640296936,-0.3208375871181488,-0.19485755264759064,-0.2130553126335144,-0.22145745158195496,0.018237587064504623,0.1299099624156952,0.01798621006309986,0.12686023116111755
157,1560,1569,10,10,2881,2881,0,0.0,2881,0,0.0,0,13.305374599993229,10.092447500108392,2.53921740000078,1.978109599891468,30.243601900001522,66.15540091970583,quality,not_promoted,0.009587226010373106,5.5154668011116726e-05,0.376756042080081,0.005847241931959339,0.000623276788721104,0.0022078804347826085,0.9988708969043649,0.26058849734861567,0.03260869565217391,8.12203598022461,1.5878335237503052,0.24793148040771484,-0.00041770515963435173,0.007281409576535225,1.5882511138916016,0.24735814332962036,0.9991374611854553,2.5e-05,-0.3021830916404724,-0.31798169016838074,-0.21197117865085602,-0.21262405812740326,-0.2121913731098175,0.31355613470077515,-0.31833386421203613,-0.3209124207496643,-0.19482828676700592,-0.21318092942237854,-0.2216918021440506,0.018238402903079987,0.12996266782283783,0.01798621006309986,0.1269020140171051
158,1570,1579,10,10,2473,2473,0,0.0,2473,0,0.0,0,12.82365760000539,8.560303200007183,3.6401877000025706,1.718591800206923,25.691317000004346,64.20879218233665,quality,not_promoted,-0.0004304529000551273,4.7864848779565175e-05,0.35616924938483113,-0.0039682131714354725,4.648701810648886e-05,0.0,0.9999129344255496,0.1575638578297236,0.02564102564102564,0.6492711305618286,1.527693271636963,0.25426191091537476,0.00028131520957686007,0.006957642734050751,1.5274118185043335,0.2540566623210907,0.9992511868476868,2.5e-05,-0.30214473605155945,-0.31812161207199097,-0.2121000587940216,-0.2126903235912323,-0.2122480273246765,0.31364211440086365,-0.3182697892189026,-0.3208549916744232,-0.19482825696468353,-0.2131122648715973,-0.22177956998348236,0.0182427279651165,0.13001218438148499,0.01798621006309986,0.12693797051906586
159,1580,1589,10,10,2646,2646,0,0.0,2646,0,0.0,0,12.723902800003998,9.094684199852054,3.295566399989184,1.951118300043163,27.472070999996504,65.82748842372783,quality,not_promoted,0.0008422799818661241,4.7284102124866055e-05,0.35858275599422906,-0.002719905224650921,0.001008970170958145,0.016893263019266583,0.9995965453840437,0.17042448243037575,0.011904761904761904,0.6870009899139404,1.5583438873291016,0.24642372131347656,0.00040188306593336165,0.007044578902423382,1.5579419136047363,0.24591687321662903,0.9991827607154846,2.5e-05,-0.3021050989627838,-0.31833845376968384,-0.2121671885251999,-0.21284380555152893,-0.21241186559200287,0.313801646232605,-0.3183727562427521,-0.3210076093673706,-0.19473111629486084,-0.2131834179162979,-0.2218904048204422,0.01825394108891487,0.13008342683315277,0.01798621006309986,0.1269482523202896
160,1590,1599,10,10,6954,6954,0,0.0,6954,0,0.0,0,49.22446490000584,30.18340849991364,2.074841199981165,7.917554200801533,69.66225240001222,58.49265719442102,quality,not_promoted,-0.00024173479450336838,0.008428668713758762,0.15212900121482686,0.002451310219422598,1.2338483305252714e-05,0.0,1.0000509690800938,0.15102893110885873,0.01834862385321101,0.7760003209114075,1.5773266553878784,0.23860108852386475,-0.0083274831995368,0.09367884695529938,1.5856542587280273,0.2059302181005478,0.8458518981933594,2.5e-05,-0.302126407623291,-0.3183530271053314,-0.21217109262943268,-0.21285417675971985,-0.21242277324199677,0.313827246427536,-0.3183682858943939,-0.32099273800849915,-0.19472315907478333,-0.2131803333759308,-0.22188708186149597,0.018255507573485374,0.13008874654769897,0.01798621006309986,0.1269388198852539
161,1600,1609,10,10,2272,2272,0,0.0,2272,0,0.0,0,10.60925860000134,7.742967999947723,2.7891724000073737,1.6897626000863966,23.770448700000998,66.08549573078668,quality,not_promoted,0.0016152151187674867,7.792226167819333e-05,0.41866373125877643,-0.0025324616645876733,0.00010453570090855162,0.0,0.999759876065784,0.17884967455433476,0.027777777777777776,0.6758499145507812,1.5645991563796997,0.25200244784355164,0.0012800542172044516,0.00908601749688387,1.5633190870285034,0.24852316081523895,0.9987000226974487,2.5e-05,-0.30224066972732544,-0.31853237748146057,-0.21229806542396545,-0.21298016607761383,-0.2125643491744995,0.3140462040901184,-0.31849992275238037,-0.3211457133293152,-0.1946561634540558,-0.2132926732301712,-0.22210457921028137,0.018261179327964783,0.13016380369663239,0.01798621006309986,0.12703445553779602
162,1610,1619,10,10,2960,2960,0,0.0,2960,0,0.0,0,14.375615299999481,10.61763010006689,1.9671011999598704,2.161803399823839,31.459159799996996,64.57978671308518,quality,not_promoted,-0.0003689433933493305,4.753237775962879e-05,0.3830561317661975,-0.004175737579452231,0.00018534740492543009,0.0004986702127659574,0.9999996360312117,0.18044233072469842,0.031914893617021274,0.7021602392196655,1.607612133026123,0.25129207968711853,0.0005091727944090962,0.00758196460083127,1.6071029901504517,0.24935612082481384,0.9990896582603455,2.5e-05,-0.3023039698600769,-0.3187096416950226,-0.2124527245759964,-0.21310517191886902,-0.21269506216049194,0.31425410509109497,-0.31856825947761536,-0.32128390669822693,-0.19472405314445496,-0.21331414580345154,-0.2223149985074997,0.018265394493937492,0.13022750616073608,0.01798621006309986,0.12712331116199493
163,1620,1629,10,10,2972,2972,0,0.0,2972,0,0.0,0,15.149961999995867,10.78068900006474,3.1008372000069357,2.217139899934409,32.874122099994565,61.88561543020853,quality,not_promoted,-8.345263554377758e-05,4.274516361468333e-05,0.35920793388752226,-0.003654158689042038,0.0005011352147855004,0.003989361702127659,0.9997278496305994,0.18693703436788092,0.02127659574468085,0.6461905837059021,1.5588805675506592,0.2451789379119873,-0.00011168430501129478,0.007203276269137859,1.5589923858642578,0.24396242201328278,0.9991368055343628,2.5e-05,-0.3023756742477417,-0.3186998963356018,-0.2123918980360031,-0.213091179728508,-0.21268537640571594,0.3143041431903839,-0.3188016414642334,-0.3215635418891907,-0.1947157233953476,-0.21348053216934204,-0.2224912941455841,0.018254101276397705,0.13020077347755432,0.01798621006309986,0.1272135227918625
164,1630,1639,10,10,2198,2198,0,0.0,2198,0,0.0,0,9.591853600009927,7.370913199862116,1.4520870999986073,1.5392905001790496,22.38815950001299,68.73042838116989,quality,not_promoted,-0.0004072832209723336,4.4633245436541206e-05,0.3923578751938684,-0.004308545256831817,0.00026116782628378133,0.0017857142857142857,1.0000814889158522,0.15752437263727187,0.02857142857142857,0.6792222857475281,1.5604695081710815,0.2736301124095917,0.00022993810125626624,0.007037638686597347,1.5602396726608276,0.27350735664367676,0.9993385076522827,2.5e-05,-0.3024352788925171,-0.31872814893722534,-0.2123694121837616,-0.21311472356319427,-0.21270939707756042,0.31440743803977966,-0.31898143887519836,-0.32170164585113525,-0.19472119212150574,-0.2136092185974121,-0.2225634753704071,0.01825890876352787,0.13022032380104065,0.01798621006309986,0.12727731466293335
165,1640,1649,10,10,2651,2651,0,0.0,2651,0,0.0,0,12.449484500000835,9.46555899977102,1.5701722000085283,1.7854275998688536,29.384890699991956,63.36893971349324,quality,not_promoted,-0.0010629948782956316,4.6606797024564695e-05,0.36079111819465953,-0.004647602551683251,0.0002021924013942702,0.0011160714285714285,0.9996880519957769,0.15186151831100383,0.0,0.48951804637908936,1.5522856712341309,0.26330772042274475,-0.00037251602043397725,0.007096445187926292,1.5526580810546875,0.2632013261318207,0.9992736577987671,2.5e-05,-0.302590548992157,-0.31894221901893616,-0.21244296431541443,-0.21326802670955658,-0.2128812074661255,0.3145912289619446,-0.3191484212875366,-0.3218892216682434,-0.19481167197227478,-0.21376852691173553,-0.22271549701690674,0.018260816112160683,0.1303166300058365,0.01798621006309986,0.12736676633358002
166,1650,1659,10,10,2705,2705,0,0.0,2705,0,0.0,0,12.513993000000482,9.506265099989832,2.0453339999803575,1.8660835998889524,29.45395130000543,64.45395515833305,quality,not_promoted,0.0010779234147522338,4.740736678582454e-05,0.3742957811715991,-0.002641331286678567,9.448681578570084e-05,0.0,0.9997015221174373,0.16903174820161143,0.03488372093023256,0.5940659642219543,1.5786266326904297,0.2573276162147522,-0.0008149405475705862,0.0069305915385484695,1.5794416666030884,0.2566413879394531,0.9992746114730835,2.5e-05,-0.30253520607948303,-0.31899183988571167,-0.2124779373407364,-0.21330399811267853,-0.21291618049144745,0.31458181142807007,-0.31934598088264465,-0.3220973610877991,-0.19485284388065338,-0.21390311419963837,-0.22286881506443024,0.018260307610034943,0.13037090003490448,0.01798621006309986,0.12748819589614868
167,1660,1669,10,10,2534,2534,0,0.0,2534,0,0.0,0,11.918444099996123,8.837060000165366,2.5683677999622887,1.8429321005096426,27.23810049999156,64.71459690548888,quality,promoted,-0.0007461380126187577,5.391079175751656e-05,0.39071687795221804,-0.004626351638580673,0.000723715501044353,0.009765625,0.998413946479559,0.17873815996572376,0.0125,0.5491681098937988,1.5794157981872559,0.2628864347934723,-0.00036435818765312433,0.007393540348857641,1.5797802209854126,0.2634233236312866,0.9992089867591858,2.5e-05,-0.30253836512565613,-0.3190075755119324,-0.21243980526924133,-0.21331782639026642,-0.21294640004634857,0.31453409790992737,-0.3194767236709595,-0.3221615254878998,-0.1948862224817276,-0.21399953961372375,-0.2229420244693756,0.018273353576660156,0.1303579956293106,0.01798621006309986,0.12753096222877502
168,1670,1679,10,10,2337,2337,0,0.0,2337,0,0.0,0,10.588758199999575,7.812888500004192,2.346407899982296,1.6440375002712244,23.65440139999555,68.24720695459226,quality,not_promoted,-0.0001154619243902129,5.2443812721223266e-05,0.3747312084243104,-0.0038365523623478774,0.0006371537910544666,0.00316722972972973,1.0003482941034678,0.1721656083859302,0.02702702702702703,0.7337946891784668,1.5200499296188354,0.26190271973609924,9.241999941878021e-05,0.007314389571547508,1.519957423210144,0.26229164004325867,0.9992200136184692,2.5e-05,-0.3024680018424988,-0.3192419409751892,-0.21262843906879425,-0.21348555386066437,-0.21312455832958221,0.31461483240127563,-0.3196050822734833,-0.3222651779651642,-0.19485372304916382,-0.21409063041210175,-0.22306789457798004,0.01828588731586933,0.13046881556510925,0.01798621006309986,0.12755824625492096
169,1680,1689,10,10,2130,2130,0,0.0,2130,0,0.0,0,9.694974199999706,7.33098580026126,1.566042499995092,1.5125158003211254,21.707329800003208,67.82941786691201,quality,not_promoted,0.003991803866537178,4.7458055151390215e-05,0.39447615186081214,7.077107918174828e-05,6.503269554848564e-05,0.0,1.0002048252259983,0.14261437026674256,0.0,0.39504730701446533,1.5067880153656006,0.27841368317604065,0.00017360433412250131,0.0072278655134141445,1.5066144466400146,0.2781595289707184,0.9993260502815247,2.5e-05,-0.3023470640182495,-0.3194066882133484,-0.21273396909236908,-0.21360284090042114,-0.21323920786380768,0.31467321515083313,-0.31964805722236633,-0.3223467767238617,-0.1947934925556183,-0.2141093611717224,-0.22316639125347137,0.018287446349859238,0.13054323196411133,0.01798621006309986,0.12760379910469055
170,1690,1699,10,10,2743,2743,0,0.0,2743,0,0.0,0,13.890907499997411,10.003132800018648,1.8468319999810774,1.9986132998892572,29.134512400007225,63.753009415712974,quality,not_promoted,-0.0008960159083958282,4.1292162021881965e-05,0.35669341839330143,-0.0044423036932468764,0.0006551699892910154,0.009477404855884785,0.9999572142612102,0.18623331375420094,0.011627906976744186,0.5868497490882874,1.512795329093933,0.26203298568725586,-0.0004912563017569482,0.0065768565982580185,1.5132867097854614,0.26201361417770386,0.9993700385093689,2.5e-05,-0.30228757858276367,-0.3195092976093292,-0.21274332702159882,-0.21367570757865906,-0.21331429481506348,0.31467318534851074,-0.3196031153202057,-0.32246097922325134,-0.1946960985660553,-0.2140888273715973,-0.22335565090179443,0.01829143613576889,0.1305762082338333,0.01798621006309986,0.1276579648256302
171,1700,1709,10,10,2362,2362,0,0.0,2362,0,0.0,0,10.729024799991748,8.03965719990083,2.06994010003109,1.5983868999028346,23.80589940000209,68.39453262794251,quality,not_promoted,-0.0003300782645473609,5.3674391057103164e-05,0.4061985390411841,-0.004365226408038792,0.0004785643800828807,0.001266891891891892,0.9993390650362581,0.21295100646848614,0.04054054054054054,0.7326249480247498,1.520858645439148,0.2684316039085388,-0.0014965921873226762,0.007511988747864962,1.522355079650879,0.26838237047195435,0.9992168545722961,2.5e-05,-0.3023132383823395,-0.31936949491500854,-0.2126462608575821,-0.21357767283916473,-0.21321453154087067,0.31458818912506104,-0.3196301758289337,-0.3226110637187958,-0.19463810324668884,-0.21410860121250153,-0.22351878881454468,0.01829320378601551,0.1305377036333084,0.01798621006309986,0.1277356594800949
172,1710,1719,10,10,2540,2540,0,0.0,2540,0,0.0,0,11.68627330000163,9.11509159997513,1.6607014999754028,1.8956324998289347,27.11293289999594,65.46525686394479,quality,not_promoted,-0.0010162369115278124,4.3190303267692796e-05,0.4627038285136223,-0.005621679656906053,0.0011405574332457036,0.01645951708778739,1.0008949905633926,0.20921441847458483,0.05,0.8133164644241333,1.5463318824768066,0.2703065872192383,-0.0002379979268880561,0.006857673171907663,1.5465699434280396,0.2722192108631134,0.9993563890457153,2.5e-05,-0.3021835386753082,-0.3196200132369995,-0.21277545392513275,-0.21375691890716553,-0.21340003609657288,0.31467267870903015,-0.31984442472457886,-0.322865754365921,-0.19458411633968353,-0.2142506241798401,-0.2237497866153717,0.01829156093299389,0.13061806559562683,0.01798621006309986,0.12781070172786713
173,1720,1729,10,10,2510,2510,0,0.0,2510,0,0.0,0,12.731457100002444,8.945736100067734,2.8913480999908643,1.9227163996984018,27.2138178999885,62.835967457992695,quality,not_promoted,0.005547898879740387,5.096599170428817e-05,0.46260353494435547,0.0009473459853325039,0.00020625644415304124,0.0,0.9992905184626579,0.2033752896822989,0.025,0.6295954585075378,1.541754126548767,0.2565266489982605,-0.00042245801887474954,0.0072980718687176704,1.5421764850616455,0.2575545608997345,0.999190628528595,2.5e-05,-0.3020731210708618,-0.31974056363105774,-0.21287314593791962,-0.21384012699127197,-0.21347036957740784,0.31470587849617004,-0.31997963786125183,-0.3230380415916443,-0.1946616768836975,-0.21434637904167175,-0.22388996183872223,0.018301011994481087,0.13068127632141113,0.01798621006309986,0.12786543369293213
174,1730,1739,10,10,2186,2186,0,0.0,2186,0,0.0,0,10.12829240001156,7.278215100275702,2.330807399994228,1.6440518999879714,21.810567800013814,68.44326899299504,quality,not_promoted,0.005024524831346103,5.499603747531572e-05,0.4131710056747709,0.000920313420439405,3.945512300041238e-05,0.0,0.9997647379125868,0.2048010487641607,0.05714285714285714,0.6290945410728455,1.4975630044937134,0.24902117252349854,0.0007501881336793303,0.0076148114167153835,1.4968129396438599,0.24966609477996826,0.9990649223327637,2.5e-05,-0.3021257221698761,-0.3197851777076721,-0.2129291445016861,-0.2138722538948059,-0.21348750591278076,0.3147967755794525,-0.32008808851242065,-0.3231939673423767,-0.19465380907058716,-0.21442389488220215,-0.22401116788387299,0.01831073686480522,0.13072139024734497,0.01798621006309986,0.1279267966747284
175,1740,1749,10,10,2564,2564,0,0.0,2564,0,0.0,0,12.108889000010095,9.214351300062845,2.239723199978471,1.837902600178495,29.250775900000008,61.99276532338089,quality,not_promoted,0.008099489436462158,4.714238144604279e-05,0.44024406191779347,0.0037206199599384535,8.12344014553762e-05,0.0,0.9997160892661024,0.24103814813240274,0.036585365853658534,3.8500185012817383,1.5601041316986084,0.2624208331108093,-0.0006261702510528266,0.007283377461135387,1.5607303380966187,0.26465028524398804,0.9992296695709229,2.5e-05,-0.3022066056728363,-0.31984415650367737,-0.21291890740394592,-0.21391871571540833,-0.21350188553333282,0.3148984909057617,-0.3202575147151947,-0.32340148091316223,-0.19460397958755493,-0.21454587578773499,-0.22415517270565033,0.018318092450499535,0.1307424008846283,0.01798621006309986,0.12804707884788513
176,1750,1759,10,10,2664,2664,0,0.0,2664,0,0.0,0,12.382574899995234,9.451186199861695,1.7380806999717606,1.9024203994340496,29.173234000001685,64.10656104447042,quality,not_promoted,-0.0006841600406914949,4.352354056079223e-05,0.4431888883312543,-0.005094286833246727,4.776795841670329e-05,0.0,0.9997856042214802,0.20094422144549234,0.023809523809523808,0.5392065644264221,1.5807524919509888,0.24755136668682098,-9.424506424693391e-05,0.006915888749063015,1.5808466672897339,0.24851186573505402,0.999219536781311,2.5e-05,-0.3022712171077728,-0.31981682777404785,-0.2129017859697342,-0.21388649940490723,-0.2134682685136795,0.31496188044548035,-0.3204941749572754,-0.32365092635154724,-0.194565549492836,-0.21472294628620148,-0.22440537810325623,0.01833411306142807,0.13074548542499542,0.01798621006309986,0.1280854195356369
177,1760,1769,10,10,2775,2775,0,0.0,2775,0,0.0,0,12.893169100003433,9.55073590001848,2.7346005999716,1.8919047005620087,29.99576679999882,64.70200161808758,quality,not_promoted,0.002026703483848409,4.5557643158066306e-05,0.4037457177923484,-0.0019879751886368135,0.0007406777760727643,0.006036931818181818,0.9990515458312902,0.23749266704544425,0.045454545454545456,0.5932111740112305,1.6092430353164673,0.2429049164056778,-0.00010411108087282628,0.007365374825894833,1.6093472242355347,0.24453617632389069,0.9990805983543396,2.5e-05,-0.30220848321914673,-0.31969180703163147,-0.21288514137268066,-0.21379642188549042,-0.2134028971195221,0.3148312568664551,-0.3205893635749817,-0.32385432720184326,-0.19449999928474426,-0.21480229496955872,-0.22461748123168945,0.018344668671488762,0.13069717586040497,0.01798621006309986,0.12818442285060883
178,1770,1779,10,10,2275,2275,0,0.0,2275,0,0.0,0,11.099627200004761,8.1008214999747,2.4266781999904197,1.7156006999284727,23.82259699999122,65.14476245760606,quality,not_promoted,0.00019117863525429534,0.009193615414713148,0.4683908729089631,0.00010407689519019591,0.00025958028264641244,0.0,0.9998616543081071,0.17902502153689662,0.013888888888888888,0.6131771206855774,1.49849271774292,0.31570979952812195,-0.013091077096760273,0.10759366303682327,1.511583685874939,0.27150505781173706,0.8838558793067932,2.5e-05,-0.3022180199623108,-0.3198240399360657,-0.21299099922180176,-0.21388812363147736,-0.2134934663772583,0.31487810611724854,-0.32063010334968567,-0.3238513469696045,-0.19449597597122192,-0.21483339369297028,-0.22463932633399963,0.018348442390561104,0.13075324892997742,0.01798621006309986,0.1282142996788025
179,1780,1789,10,10,2791,2791,0,0.0,2791,0,0.0,0,19.324887099995976,9.892358000142849,8.359034299995983,2.0978993997123325,31.34997039999871,55.07662256376928,quality,not_promoted,-0.0005316265160217881,0.000251018952688107,0.4451940208673477,-0.004858057355952703,0.0010649408147649162,0.013608136658810756,0.9997501915151422,0.19398630732162433,0.0,0.4905463755130768,1.5588605403900146,0.2587081789970398,0.0010993625037372112,0.018232308328151703,1.5577611923217773,0.2596447467803955,0.9950333833694458,2.5e-05,-0.3022646903991699,-0.32001033425331116,-0.21312807500362396,-0.21401727199554443,-0.21359077095985413,0.3149533271789551,-0.3206373155117035,-0.323925256729126,-0.1944972723722458,-0.21484294533729553,-0.22474725544452667,0.01834714598953724,0.1307847946882248,0.01798621006309986,0.12822921574115753
180,1790,1799,10,10,2356,2356,0,0.0,2356,0,0.0,0,10.814735199994175,8.223046100145439,1.7287463999673491,1.746842200300307,26.138206200004788,63.75676497568516,quality,not_promoted,0.000917280583667594,0.00017490362556969017,0.48635800343913,-0.0038588465996892067,0.00042464761055590634,0.0010557432432432433,0.9996935362751419,0.22001373395323753,0.08108108108108109,0.6092417240142822,1.5437419414520264,0.27501630783081055,0.0013241915730759501,0.015462948009371758,1.5424176454544067,0.27661973237991333,0.9968386888504028,2.5e-05,-0.30225950479507446,-0.3200293183326721,-0.21317699551582336,-0.2140377014875412,-0.2136109322309494,0.3149641156196594,-0.32070374488830566,-0.3241092264652252,-0.19444577395915985,-0.21489161252975464,-0.2249060571193695,0.018349409103393555,0.13081097602844238,0.01798621006309986,0.1282740980386734
181,1800,1809,10,10,2365,2365,0,0.0,2365,0,0.0,0,11.220109299989417,8.438956599973608,1.7283447999798227,1.8564618999807863,26.362325300011435,62.92833407870672,quality,not_promoted,-7.595756166690105e-05,0.00017904666113994412,0.5235574483065992,-0.00522200862650533,6.857370639458217e-05,0.0,0.9997706743510993,0.22389879002160318,0.04054054054054054,0.8949578404426575,1.5373109579086304,0.27169615030288696,-0.000346833054209128,0.01631849631667137,1.5376577377319336,0.2749808132648468,0.9963926076889038,2.5e-05,-0.30210229754447937,-0.32001787424087524,-0.2132146954536438,-0.21402673423290253,-0.21358267962932587,0.3149055540561676,-0.3208009600639343,-0.3241434097290039,-0.1943853199481964,-0.21496263146400452,-0.22504286468029022,0.018345465883612633,0.13083428144454956,0.01798621006309986,0.12829038500785828
182,1810,1819,10,10,2449,2449,0,0.0,2449,0,0.0,0,11.663090999994893,8.77057190000778,2.3826624999783235,1.9688957994949305,28.728625099989586,60.63124413772905,quality,promoted,0.002364796120673418,0.0001584280259218455,0.5225393023246374,-0.0027813823320544683,0.00031338312113896396,0.00020032051282051281,1.000294260489635,0.2506082203621284,0.07692307692307693,0.8813458681106567,1.5221489667892456,0.25820934772491455,0.0007617837400175631,0.015446968376636505,1.5213873386383057,0.26333120465278625,0.9964211583137512,2.5e-05,-0.3020574450492859,-0.32005712389945984,-0.21326029300689697,-0.21406029164791107,-0.21360446512699127,0.3149941861629486,-0.32070186734199524,-0.32415035367012024,-0.1943478286266327,-0.21488246321678162,-0.2251509726047516,0.01835443265736103,0.13085128366947174,0.01798621006309986,0.12828756868839264
183,1820,1829,10,10,2547,2547,0,0.0,2547,0,0.0,0,12.153561399987666,9.207934699981706,1.885604399984004,2.1732328997459263,29.656947900002706,60.91769850793438,quality,not_promoted,0.0006648308131843806,8.599206094004331e-05,0.525290435925126,-0.004545076278736815,0.001002112080459483,0.010791973047889768,1.000044772028923,0.2692230885848403,0.0875,0.7394158840179443,1.541129231452942,0.24919036030769348,-1.3289206435729284e-05,0.010097180493175983,1.5411425828933716,0.2526881694793701,0.9983581304550171,2.5e-05,-0.3020567297935486,-0.32000792026519775,-0.21326665580272675,-0.2140282392501831,-0.21358148753643036,0.31496843695640564,-0.3207565248012543,-0.32421430945396423,-0.19434165954589844,-0.21490931510925293,-0.2253153771162033,0.01836267113685608,0.13085034489631653,0.01798621006309986,0.1283547729253769
184,1830,1839,10,10,2936,2936,0,0.0,2936,0,0.0,0,15.037281900004018,11.00575189999654,2.206753300008131,2.5752791999839246,34.38197339999897,59.41004133261034,quality,not_promoted,-0.00041304112654989183,6.643478896559985e-05,0.5427772597126339,-0.005807595448973386,0.0013588625398646716,0.008831521739130434,0.998439411106317,0.2573507965096961,0.14130434782608695,0.8045179843902588,1.5933750867843628,0.25311699509620667,0.0001503936800872907,0.009341418743133545,1.5932246446609497,0.2567751407623291,0.9986379742622375,2.5e-05,-0.3020976185798645,-0.3201867341995239,-0.21340006589889526,-0.21414361894130707,-0.21369323134422302,0.3152427077293396,-0.3209870159626007,-0.3244917392730713,-0.19430461525917053,-0.21504180133342743,-0.2255256175994873,0.018373748287558556,0.13094812631607056,0.01798621006309986,0.12844914197921753
185,1840,1849,10,10,2899,2899,0,0.0,2899,0,0.0,0,15.972238700007438,10.642479000031017,6.721603199999663,2.3857055994012626,34.85356409999076,57.0379578933105,quality,not_promoted,-0.003798409648563551,6.978969739303348e-05,0.5145527399752451,-0.008909042469104346,0.0008784494610786762,0.002547554347826087,1.000508761924246,0.2712476765332015,0.10869565217391304,0.9558746218681335,1.5785627365112305,0.2377849966287613,-0.0006232012528926134,0.009114121086895466,1.5791857242584229,0.23823495209217072,0.9985308647155762,2.5e-05,-0.30200809240341187,-0.3202494978904724,-0.21346767246723175,-0.21418635547161102,-0.2137628048658371,0.31524112820625305,-0.32105377316474915,-0.3244820237159729,-0.19424381852149963,-0.21514512598514557,-0.22562289237976074,0.018385237082839012,0.13098734617233276,0.01798621006309986,0.12848927080631256
186,1850,1859,10,10,6878,6878,0,0.0,6878,0,0.0,0,50.787626499994076,30.619500099986908,1.9272325000347337,9.564152099803323,78.62487459999102,53.147879389843524,quality,not_promoted,-0.000362944226556768,0.011036853284234961,0.1719944909542661,0.0034355374605015473,1.228236561911655e-05,0.0,0.9999431106779311,0.23220560839399695,0.08796296296296297,0.9627264738082886,1.623484492301941,0.23336704075336456,-0.009669501334428787,0.10654670745134354,1.6331541538238525,0.19412611424922943,0.7915503978729248,2.5e-05,-0.30200687050819397,-0.3202660083770752,-0.21348243951797485,-0.21419832110404968,-0.21377608180046082,0.31523749232292175,-0.32108673453330994,-0.32453417778015137,-0.1942228078842163,-0.21516504883766174,-0.225655198097229,0.01838403381407261,0.13099609315395355,0.01798621006309986,0.12850971519947052
187,1860,1869,10,10,2322,2322,0,0.0,2322,0,0.0,0,17.035668099997565,8.17770659996313,8.40763600000355,1.7869752996048192,23.89452440000605,56.73073734016264,quality,not_promoted,-0.004062471005159455,8.676008916596845e-05,0.5068154798166172,-0.009087245810676265,0.00025647418368788676,0.0,1.0004916787147522,0.29513721359339923,0.1891891891891892,0.8702190518379211,1.5544418096542358,0.251608669757843,0.0005246189539320767,0.009698241949081421,1.5539171695709229,0.25266996026039124,0.9985142946243286,2.5e-05,-0.3019818365573883,-0.3203241527080536,-0.21348169445991516,-0.21423465013504028,-0.21381691098213196,0.3152025043964386,-0.3211601972579956,-0.32459262013435364,-0.19418920576572418,-0.21525052189826965,-0.22581487894058228,0.018385538831353188,0.13101254403591156,0.01798621006309986,0.1285916417837143
188,1870,1879,10,10,2197,2197,0,0.0,2197,0,0.0,0,10.842448800001875,7.535571700063883,2.794022700021742,1.775954600336263,23.09639259999676,64.7340895968266,quality,not_promoted,-0.00021831875700237496,0.00010246725266499977,0.4892649633543832,-0.005059734558952706,0.0016888851507766438,0.025457057835800306,1.000291906935828,0.14708694203623704,0.0,0.4717960059642792,1.5313410758972168,0.2672225832939148,0.0017258983571082354,0.011781708337366581,1.5296154022216797,0.2708798944950104,0.9980561137199402,2.5e-05,-0.30187082290649414,-0.32040494680404663,-0.21345995366573334,-0.21429309248924255,-0.2138851284980774,0.3152215778827667,-0.32123300433158875,-0.32466089725494385,-0.19423750042915344,-0.21530035138130188,-0.22589664161205292,0.018384015187621117,0.13103710114955902,0.01798621006309986,0.1286136955022812
189,1880,1889,10,10,2394,2394,0,0.0,2394,0,0.0,0,11.776859299992793,8.242051000037463,2.949493699998129,1.6462284998997347,24.44005649999599,66.10170819682943,quality,not_promoted,0.0019258928338163777,5.88801441201787e-05,0.4340387959229319,-0.002385054427002998,0.0007672103161703011,0.00390625,1.0006823390722275,0.19439444975241235,0.02631578947368421,0.5747232437133789,1.5063543319702148,0.25327610969543457,0.0014725885121151805,0.008230278268456459,1.504881739616394,0.25524988770484924,0.9989440441131592,2.5e-05,-0.3018335700035095,-0.32058408856391907,-0.21356002986431122,-0.214417964220047,-0.21400560438632965,0.31535953283309937,-0.32122185826301575,-0.32484740018844604,-0.19414009153842926,-0.21530884504318237,-0.22611892223358154,0.018396694213151932,0.13107648491859436,0.01798621006309986,0.12866981327533722
190,1890,1899,10,10,2664,2664,0,0.0,2664,0,0.0,0,13.296313799990457,9.372725299996091,2.80822700005956,1.955175399838481,28.156128999995417,64.26641761148291,quality,not_promoted,-0.0009616919948409001,7.484896481660794e-05,0.3989602341538384,-0.004913869923690245,0.0014048499170236201,0.018154761909196775,0.9983249725330443,0.1896250889237438,0.03571428571428571,0.6790088415145874,1.546508550643921,0.25409385561943054,0.0016074089799076319,0.009158074855804443,1.5449011325836182,0.25465261936187744,0.9987009763717651,2.5e-05,-0.30165788531303406,-0.32071372866630554,-0.21366626024246216,-0.21450211107730865,-0.2141110599040985,0.3154364228248596,-0.3213488459587097,-0.32507166266441345,-0.19411404430866241,-0.21538801491260529,-0.22635573148727417,0.01841519959270954,0.1311284601688385,0.01798621006309986,0.12876391410827637
191,1900,1909,10,10,2788,2788,0,0.0,2788,0,0.0,0,13.28613170000608,9.972464899808983,3.3000178999936907,1.9840223994251573,31.48323330000858,62.27472737214582,quality,not_promoted,-0.0016622150486165826,8.613200035059973e-05,0.41709081252867525,-0.005790057245493782,0.0004530525089979743,0.003689236113462936,0.999569830569354,0.21602932427247817,0.045454545454545456,0.7664856910705566,1.5242245197296143,0.23207002878189087,0.0017617037519812584,0.009460520930588245,1.5224627256393433,0.23173131048679352,0.9983381628990173,2.5e-05,-0.30176129937171936,-0.3207385241985321,-0.2136654257774353,-0.21452109515666962,-0.21412953734397888,0.3155187964439392,-0.32148006558418274,-0.3253626823425293,-0.19407667219638824,-0.21551692485809326,-0.226582333445549,0.018428198993206024,0.13114827871322632,0.01798621006309986,0.1288515031337738
192,1910,1919,10,10,2346,2346,0,0.0,2346,0,0.0,0,10.850683199998457,8.059759599971585,2.032824499969138,1.6915286000876222,24.773068900001817,65.8549383965644,quality,not_promoted,0.0005724649826014364,7.634561734448653e-05,0.4721138372614577,-0.004110500932280981,0.0014327202539739978,0.0210344273395635,0.9996040560103752,0.22877355619660905,0.08108108108108109,0.6911943554878235,1.5017036199569702,0.25680235028266907,0.001231911825016141,0.00925719365477562,1.5004717111587524,0.25549203157424927,0.9987005591392517,2.5e-05,-0.3016868829727173,-0.3207000494003296,-0.21370625495910645,-0.2144942283630371,-0.21409928798675537,0.3153858184814453,-0.32174214720726013,-0.3255806565284729,-0.1939772218465805,-0.2156987190246582,-0.22681479156017303,0.018432430922985077,0.13116489350795746,0.01798621006309986,0.1289147436618805
193,1920,1929,10,10,2897,2897,0,0.0,2897,0,0.0,0,14.862045100002433,10.64544709995971,3.33211640000809,2.2284610999486176,30.900348900002427,63.30525452841677,quality,not_promoted,0.0036089269586069427,6.851033685961738e-05,0.5029244079538013,-0.001386061642298718,0.0003223291218012531,0.0,0.9995370785827222,0.23891315042324687,0.09782608695652174,0.9049286842346191,1.5379328727722168,0.2481197714805603,0.0006691218004561961,0.00869794376194477,1.5372636318206787,0.24771389365196228,0.9987711310386658,2.5e-05,-0.3017141819000244,-0.3208062946796417,-0.21377678215503693,-0.21456706523895264,-0.2141590267419815,0.3154527544975281,-0.3219413161277771,-0.32587701082229614,-0.19397304952144623,-0.2158554047346115,-0.227011039853096,0.018429074436426163,0.13118556141853333,0.01798621006309986,0.12899623811244965
194,1930,1939,10,10,2802,2802,0,0.0,2802,0,0.0,0,13.444971499993699,9.989908399948035,2.073591200009105,2.104917100048624,29.83049530000426,64.7480017477277,quality,not_promoted,0.0009465808768502691,5.813024259540808e-05,0.43934483521363954,-0.003417802090883594,0.00030639887418973643,0.001065340909090909,0.9995693781159141,0.24642876387489113,0.09090909090909091,0.8322939276695251,1.5794403553009033,0.25715190172195435,0.0013678496470674872,0.008103680796921253,1.578072428703308,0.25905799865722656,0.9990069270133972,2.5e-05,-0.30173584818840027,-0.32092562317848206,-0.2139197587966919,-0.21465134620666504,-0.2142334282398224,0.3155759274959564,-0.32210204005241394,-0.3259337246417999,-0.19398830831050873,-0.2159874588251114,-0.22710245847702026,0.018438387662172318,0.13124452531337738,0.01798621006309986,0.12902840971946716
195,1940,1949,10,10,2558,2558,0,0.0,2558,0,0.0,0,12.335270499999751,8.974610599965672,2.1618792999797734,2.2111152006691555,26.860461800009944,65.26220713063108,quality,not_promoted,0.00040327284950762986,6.101910798861354e-05,0.5100603427737951,-0.0046668206137837846,0.0008578192762342951,0.009375,0.9996401481330395,0.28396355202421547,0.1375,1.129764437675476,1.559992790222168,0.258738249540329,0.0005217145662754774,0.00795745849609375,1.5594711303710938,0.25901350378990173,0.9990541338920593,2.5e-05,-0.3016529977321625,-0.3211123049259186,-0.21404463052749634,-0.21478202939033508,-0.21435421705245972,0.3156033754348755,-0.3221907317638397,-0.32606613636016846,-0.19402338564395905,-0.2160581350326538,-0.22720512747764587,0.018452409654855728,0.13135093450546265,0.01798621006309986,0.12908603250980377
196,1950,1959,10,10,2411,2411,0,0.0,2411,0,0.0,0,11.480374399994616,8.712886099878233,1.901546299995971,1.9477604001149302,26.822363600003882,62.94589175322387,quality,not_promoted,2.5901612580606813e-05,5.0800376381008196e-05,0.5579601675271988,-0.005528299707772308,0.0010672203448896318,0.007401315789473684,0.9999520347306603,0.24214023214421773,0.02631578947368421,0.9195210337638855,1.5551074743270874,0.2527601718902588,0.001291359425522387,0.007583570200949907,1.5538161993026733,0.25218650698661804,0.9990997910499573,2.5e-05,-0.3016708195209503,-0.3212522566318512,-0.21416296064853668,-0.2148820161819458,-0.21445366740226746,0.3156999349594116,-0.32226234674453735,-0.3261737525463104,-0.19393785297870636,-0.21613956987857819,-0.22730740904808044,0.018459249287843704,0.1314128339290619,0.01798621006309986,0.12914326786994934
197,1960,1969,10,10,2988,2988,0,0.0,2988,0,0.0,0,18.699992399997427,10.839799700115691,7.612308199997642,2.4421211000008043,33.162769499991555,57.613591920962364,quality,not_promoted,-0.0005127512552636735,5.278589235379688e-05,0.4313819487678244,-0.0048001779149227,0.0003616994646940742,0.0005742263128148749,0.9998882184637353,0.23119368721195993,0.07446808510638298,0.8843367099761963,1.5040574073791504,0.25386667251586914,0.0009894907707348466,0.007561416365206242,1.503067970275879,0.2541431784629822,0.9991128444671631,2.5e-05,-0.30167117714881897,-0.3213673532009125,-0.21436059474945068,-0.2149648666381836,-0.21452577412128448,0.3157518208026886,-0.32249563932418823,-0.32630419731140137,-0.19384653866291046,-0.2163098156452179,-0.22752080857753754,0.018470579758286476,0.13152705132961273,0.01798621006309986,0.129255473613739
198,1970,1979,10,10,2698,2698,0,0.0,2698,0,0.0,0,13.905477499996778,10.237128399618086,1.6321077000175137,2.105283899596543,29.37480739998864,62.33785212446485,quality,not_promoted,-0.004392289220853601,6.161859257486486e-05,0.5058011407422465,-0.009419490263775684,0.0004671527354349924,0.0001816860465116279,0.9995534142782522,0.250289129959636,0.08139534883720931,0.7515410780906677,1.498561143875122,0.2666444480419159,0.0008657858124934137,0.00814197026193142,1.4976953268051147,0.26715287566185,0.9990676045417786,2.5e-05,-0.3017500638961792,-0.3215729296207428,-0.21448276937007904,-0.2151118814945221,-0.214666485786438,0.3160152733325958,-0.32271063327789307,-0.32647550106048584,-0.1939074993133545,-0.2164492905139923,-0.22765080630779266,0.018468553200364113,0.13159650564193726,0.01798621006309986,0.12937840819358826
199,1980,1989,10,10,2311,2311,0,0.0,2311,0,0.0,0,10.596997100001317,8.085113399880356,1.6344300000200747,1.8554870003572432,23.7713703999907,67.24206495989479,quality,not_promoted,0.00715788416061047,6.101665717692781e-05,0.4707900829411842,0.0024804926943033934,0.0008352922151381201,0.0071790540540540545,0.9986482786165701,0.20134419474650073,0.02702702702702703,0.6690573692321777,1.5286048650741577,0.26411038637161255,-0.00015763167175464332,0.008301335386931896,1.5287625789642334,0.2645401060581207,0.9990120530128479,2.5e-05,-0.3018370568752289,-0.3216366171836853,-0.21456418931484222,-0.21515654027462006,-0.21470123529434204,0.31609922647476196,-0.32293862104415894,-0.32668349146842957,-0.1938244104385376,-0.21658232808113098,-0.22786198556423187,0.018468376249074936,0.13162779808044434,0.01798621006309986,0.1295037418603897
200,1990,1999,10,10,2703,2703,0,0.0,2703,0,0.0,0,13.060957399997278,9.780464899929939,2.1346850999980234,2.239117800068925,31.12176919999183,61.1777544756748,quality,not_promoted,0.00013273301382744036,6.0560518376892e-05,0.5220656419216201,-0.005057642799477244,0.000874355931405579,0.005995639534883721,0.9997376044129216,0.2709709039434444,0.10465116279069768,0.6947855949401855,1.591815710067749,0.23854295909404755,0.00026330180116929114,0.008163678459823132,1.5915522575378418,0.23812393844127655,0.9988287687301636,2.5e-05,-0.3018815815448761,-0.32167306542396545,-0.21454375982284546,-0.21519070863723755,-0.21468603610992432,0.31613412499427795,-0.32315826416015625,-0.32703888416290283,-0.1938610076904297,-0.21676315367221832,-0.22811362147331238,0.018462831154465675,0.13161292672157288,0.01798621006309986,0.12963494658470154
